commit_id,repository_id,git_user_id,commit_timestamp,branch,lines_added,lines_deleted
ac9498b6eec0be4346d3ae8a3fe8b6e3eb141361,REPO-8,GH-5781,2026-03-19 14:03:43,modern,386,68
93ad8c209d3464eb49b7975d340418ad1ca2ff71,REPO-8,GH-5670,2026-07-13 09:12:57,board,121,15
9d79939fffa19893022f5cfa2d401861bcb89ce9,REPO-16,GH-SHARED-27,2026-03-02 15:24:55,main,395,79
7ec5f94d60cc68261802700c0dfbb525cc66656d,REPO-7,GH-4450,2026-05-01 07:55:21,that,233,191
b123dca40668fd53289b98e470cb1349dab7479c,REPO-15,GH-8842,2025-11-01 06:17:35,present,341,55
b89034617a829e068fee35eb457ca7a57592f69e,REPO-11,GH-4608,2026-06-01 13:22:16,main,58,15
46a1bea14417727d487e753aa39213b6bbbf5bb3,REPO-5,GH-8025,2026-04-12 09:08:11,main,227,29
50f3a893c26f477bda10d3bd739b0a08f63d369c,REPO-4,GH-4629,2026-06-08 04:21:43,growth,289,14
d49915a724cf0b39b012d561f6ddafab7272e30b,REPO-12,GH-4908,2026-02-15 01:40:57,main,382,55
5a2822b1ba0733790b1bfb42c2ec8d530be4b495,REPO-17,GH-9689,2026-08-10 02:14:36,main,36,120
b5f61a9e2c2bc83b2f57f7ffbcc0a5b6da541d7e,REPO-13,GH-3041,2026-03-22 10:57:33,speak,393,164
f07e3267d999b7bcd9b8b1396de5033b568f1133,REPO-12,GH-5719,2026-05-25 15:38:53,sense,494,169
ca0af207bd5f5a35fbfa29879d18ca3f7ea386ba,REPO-17,GH-1042,2026-06-09 04:19:39,local,373,57
5f5eed896615382384bb9e37ce909c12e6d053fd,REPO-17,GH-1919,2025-11-10 05:51:36,reason,422,58
76293091da49c52b19db6bd1897be2eaa9ff3719,REPO-11,GH-1406,2025-12-22 01:55:05,hear,480,185
77a27997c97d3c69253aa157a02b30a43296e90f,REPO-0,GH-9751,2026-08-15 06:09:49,such,52,152
df6e8b923b71197e275e0460ac514625877775d0,REPO-19,GH-9647,2026-01-18 08:34:09,hour,25,62
79d6c1d5dd5f5447a339e875d89f44188af9975c,REPO-1,GH-5291,2026-06-26 15:05:41,watch,149,59
3457d12f4b2b067abae1c6133b62b577077ca98e,REPO-10,GH-5471,2025-11-29 17:07:27,term,74,169
b0d4ce49e700e2c8b5d651ebba5c398a46f9dd4a,REPO-18,GH-1969,2026-07-02 08:40:06,it,90,160
3ad1e017801ac6071d7f46f195e4baefa02cbd77,REPO-16,GH-8827,2025-11-07 12:02:19,deal,210,38
91e72f99a85788c3a3dd2e2ba58f39feec771a95,REPO-5,GH-7044,2025-12-08 19:06:59,together,124,57
0ead6a9628ed3344b9d14a15849280405adc863a,REPO-4,GH-4944,2026-02-26 13:08:45,thank,30,143
bea390bb849395f75fdb5508b2eb76e395a3314a,REPO-13,GH-3549,2026-07-27 10:27:04,ground,199,62
50274d8c62611b9d8b5294a5e1bd20d9b66c2bd0,REPO-10,GH-9239,2025-11-07 19:32:05,any,231,94
0e678d586c028ebc8f649be88b97ceb0faf86628,REPO-6,GH-8123,2026-09-21 19:52:13,remember,345,154
9b98a0f146edccc606f3599867f1e042e98e0a08,REPO-17,GH-5543,2026-05-13 15:12:09,wait,446,85
8b9d5715beeb56dbd575ae58f7fc1a5e203b24fe,REPO-0,GH-8251,2026-03-20 22:05:32,main,493,189
7cc561f3351df60e274a9d2fdb0636f416a2650c,REPO-15,GH-8564,2026-05-13 19:54:36,center,361,52
bc01a6e5e2a63216233a9a7f6cd983675938bc52,REPO-7,GH-1502,2026-04-08 16:30:18,simply,145,97
e77aea9373f8f4836c81f26f44311035f3257965,REPO-11,GH-5853,2025-10-15 19:48:19,lead,263,127
e0868d05dad6182d92f55cc82d99b4356132bc84,REPO-15,GH-8372,2026-08-18 17:25:05,main,469,52
c66de8157ba1eee5efa027ae729522fe13f9ac31,REPO-13,GH-7304,2026-09-20 22:50:46,will,114,189
51bc3a92ea5f619bee06bd47bf351e91c684a319,REPO-8,GH-7163,2026-09-15 10:35:29,main,297,184
542efcc2babd704a92b8f6c28627f85eaef19647,REPO-4,GH-4848,2026-05-09 15:36:10,teacher,195,145
2e7ac66b54073034f19c331ed3273ac5ff4b767b,REPO-15,GH-1939,2025-11-15 19:41:24,really,252,117
577c01316986e2dc6be6ba483af77bf2ac9aba06,REPO-11,GH-5279,2026-05-18 04:34:47,fund,280,125
521a59b2b132324f492baca8b2a2e9d41be16055,REPO-17,GH-4918,2026-04-10 17:43:55,main,269,8
133ef95da106200fbdc34965c2d253b792f881a8,REPO-0,GH-6383,2026-03-08 13:19:24,whole,323,59
7758ee1196537c6b3dbbd6266aebfc41fc014795,REPO-4,GH-3615,2026-06-22 21:47:52,eye,234,95
e24a5ce53cf4c90b38e972e25f7d2745c20ab3c6,REPO-19,GH-9850,2026-02-28 11:30:08,financial,9,1
a9954905788ed145fa35a568d7af10124824da88,REPO-8,GH-1982,2026-03-21 19:54:47,main,9,128
0c72fcdf195976d51af971749f85168c81a4b50d,REPO-3,GH-9282,2025-11-19 15:00:58,scene,99,158
3a9ff91862fa6c28a0628136e4bd02eb7dae1fa0,REPO-12,GH-5210,2026-09-06 05:16:32,firm,357,57
635ea004a6bc445f1b0e503b21a89496c8ba8171,REPO-2,GH-5670,2026-08-20 09:06:30,main,333,194
91a2407c8076331907bce4ae7054274ff348b3a7,REPO-12,GH-7684,2026-08-27 05:27:39,since,244,14
35335f3cf392074d327214cdcc94a85347fc0af0,REPO-3,GH-SHARED-27,2026-04-29 22:50:21,deep,22,58
0d258a8af6b1730af027a41165cf33d6b687914f,REPO-18,GH-8606,2025-12-17 09:44:57,fill,474,19
7f01f6404726d15373263ffc6d852a90ad1d5b3d,REPO-5,GH-6140,2026-06-20 14:45:59,remember,493,53
acf5ae8199de44a9ca1cc51dd923df48481f9828,REPO-7,GH-1897,2025-11-17 11:40:31,main,200,173
fe3b9eed320f970a4ff5637122f21072a834aa26,REPO-2,GH-1046,2026-06-06 10:19:46,could,178,13
b8f5dbe8d505be2c227056d9083d2f4e02895c4c,REPO-7,GH-8871,2026-04-10 15:42:45,public,310,196
b8fec94b9409998390beaabe79d700f84bc8f0a7,REPO-8,GH-7653,2026-01-30 03:53:51,main,252,58
5d34b93c889cc5775a794d0fe910cecfe3775dfc,REPO-12,GH-5161,2026-07-19 10:01:20,media,300,169
53787d07090989c202af0b56dbae8421f06330bf,REPO-19,GH-1282,2026-05-11 07:14:00,region,366,18
1ef38a6d05ec1254b6a68e7125e9ba45da9c6722,REPO-4,GH-2858,2026-06-29 17:55:02,small,325,39
2b5770692fd313661c84912228c86e26875ff4ae,REPO-9,GH-7484,2026-09-09 02:31:12,feeling,139,26
3d82e78651b9d9a8e1e0517030f88bed8d1052c8,REPO-5,GH-3344,2026-09-02 17:45:57,system,285,131
e829a02c7b6991794475ba9e0094dee405fb337e,REPO-0,GH-2612,2025-10-01 22:06:54,ago,48,152
f8851240a5b5a71346a688332650673d7c2a45d5,REPO-13,GH-9327,2026-02-21 21:03:14,religious,372,143
219ad0a4589fb77b9ea637a4ed2e4ec5650883fc,REPO-12,GH-5279,2025-10-18 22:40:48,social,155,68
246152524f517a9e8680ce9c4a8b3834cdf2304e,REPO-2,GH-9785,2026-07-29 00:46:33,few,216,76
cc746493b9e6677147144d557e12cedbd9aada69,REPO-2,GH-2713,2026-06-19 08:44:41,those,127,184
32bfc5962dee2ca0e33d9f45169e4587a2ab7d8d,REPO-4,GH-4033,2025-10-21 01:16:23,find,203,85
2f1f6e5dc2ce99740f1ec2ef99d845b0f64d13f3,REPO-13,GH-8378,2025-12-15 04:30:41,main,334,152
8787ddc67d9d1287fdd0d4edeae0360f4bc6acc2,REPO-10,GH-2479,2025-10-09 12:12:09,main,103,122
990f819480a2091d179130bb57f78e0ea89c8317,REPO-12,GH-8827,2026-03-21 17:34:18,trip,356,162
92604a4126537be02dee0a86ceea0a61ce940b07,REPO-18,GH-9938,2026-06-16 07:26:38,treatment,193,71
eb20cfba0c26f24facae522c12e2269d1580b1cd,REPO-5,GH-2402,2025-12-23 01:46:53,option,14,186
622e577e7b43a95c03da11c7681d50405db33c64,REPO-6,GH-7951,2026-02-24 23:46:18,still,426,177
653c9440bb7764e90172512125ac5675d5708c93,REPO-13,GH-5720,2026-08-02 10:06:47,field,325,77
5f271ef32aa4ced51832781949099006c36b0a08,REPO-4,GH-6262,2026-06-23 01:43:03,with,194,18
149499a502c7f76c3a6dcb6f2a4f01a692a147d3,REPO-19,GH-9071,2026-02-22 03:41:35,story,274,129
4f9b489e93e11bac46927932ff73226271acf12f,REPO-11,GH-9897,2026-06-20 01:08:04,main,275,152
db5a54c4302870dc06bdf21598e971b21aea16ae,REPO-11,GH-9346,2026-04-29 09:15:34,six,23,144
bfa7f6a66865384de63da77b9ae89eeaa5290820,REPO-0,GH-8956,2026-01-02 13:45:15,trouble,262,191
2c9cb7c4b35173071c2b6e2d0f340f753fe88d9a,REPO-11,GH-7798,2026-07-27 05:49:58,level,348,150
fbaa94514f2315c5d66046027a0f2f5fb0808cfc,REPO-9,GH-8994,2026-08-15 07:05:31,main,44,29
f1226af6aac4ad70467401352c8e63634f411a91,REPO-6,GH-9984,2026-05-31 02:25:19,raise,244,24
33249fa883bc40391383c88865dbef8c2415daa2,REPO-14,GH-8827,2026-02-16 18:40:51,office,23,181
fc9440e16e10cdc27f3b48c82c45945e40e3ba69,REPO-10,GH-3655,2026-07-10 17:56:18,stand,410,42
e7063a5c80395c79998858187d99061087aced8a,REPO-10,GH-7947,2026-07-05 11:46:41,financial,237,59
06c13957eebf9faab56f0af5fc14e2ec00482a39,REPO-13,GH-8316,2026-03-20 06:20:36,result,315,50
773464514a52fcdee1d960ef46ea521fcb88f94b,REPO-13,GH-3236,2025-10-25 21:11:11,consumer,110,52
09cc1883caf8259970464c9df0fe23be90defb4d,REPO-2,GH-7626,2026-07-09 10:31:21,huge,447,137
445e1ddef445754ccc5af866beeecc3ff750f5f8,REPO-10,GH-4680,2025-10-12 17:49:25,only,135,171
4a19f31963c23f6fa8eb014f22f5bfed9debe8e1,REPO-19,GH-9318,2026-01-07 13:58:36,pattern,179,90
52f3e049bcc4769722f0163d93b1ed497e54c616,REPO-9,GH-6543,2026-08-21 12:30:32,give,345,34
a250aec2b39139164412f5575d8dc67f5de366ed,REPO-7,GH-8933,2026-03-27 01:36:30,clear,192,177
593ffb785f28c6f316a7f93864d53c8597e4954e,REPO-12,GH-5708,2025-10-12 11:21:30,future,295,98
5db619c09912a8b1e1feebf281381b235a29d098,REPO-15,GH-3147,2026-05-16 18:24:47,work,471,165
8cb7dcdd9cffb622a98f6eaf8715a101efb9c71c,REPO-4,GH-5930,2026-05-27 19:55:30,recently,231,158
66b7fe320a6741843af514f5d494aeeb21456eb5,REPO-11,GH-3615,2026-01-21 22:03:05,page,100,98
9c54931aa8e40f515980b9da4b2a13a2430c2957,REPO-15,GH-8994,2026-04-28 14:56:59,step,228,125
494a121a97abd19d209cadecbd0d4fd74263e63b,REPO-18,GH-1525,2026-06-28 19:09:19,discussion,113,74
490cc2c5ff9c4329c9a338d3c8ca7ca363b16e56,REPO-7,GH-7730,2025-12-07 08:52:10,stop,400,117
ec650d8704d1624f0e0fa28f41b858ce75ab0566,REPO-3,GH-1672,2026-04-11 03:20:04,of,422,93
f952463358556ad686ad6d104c073bcfb3c544ad,REPO-6,GH-7141,2026-04-23 12:37:23,happy,425,167
ea1dd80368bf81bc061ba62a8a69cfc9b5591bfd,REPO-11,GH-9899,2025-12-21 20:48:02,main,225,30
ddcfaaa510bd8d0f543deb1f8d31965311bba9ff,REPO-11,GH-5480,2026-06-11 13:48:38,herself,324,109
0ce3deb62ecf849df30b849e49b48b19fb149bda,REPO-4,GH-2195,2026-01-18 23:23:47,soldier,106,15
fc14f9f370737da422d4373dedc4b1b9d283559b,REPO-10,GH-4131,2026-05-25 01:52:41,option,294,68
3be23c7141cc77e3da9e5cb547be760e30ea81c8,REPO-13,GH-3646,2026-08-12 20:25:03,main,444,167
3b18839737bd349e278e23e518dfcbe127f6a0cd,REPO-4,GH-9837,2026-06-06 03:00:03,relate,165,63
058357ee83beebd91055cc7a8b77e3aeab36862c,REPO-8,GH-6940,2026-02-08 08:06:25,west,232,19
4221f9687851e7d62d62de0084d8cc2fb5d815ff,REPO-11,GH-3153,2026-06-03 09:25:22,main,168,148
b0f99887643682f203ddc93449b49df9f25487fe,REPO-2,GH-7095,2026-05-26 04:27:08,main,326,170
204096525b670edbaf88ad6ca089aaca294e649c,REPO-13,GH-8761,2025-10-12 10:46:05,full,138,82
414ca12992bc226d92168d99fe71a1430ebf8ff0,REPO-15,GH-6121,2026-02-22 01:44:08,you,350,195
102c4a46332f5533c3c931a1de20f96a3d924be9,REPO-3,GH-9331,2025-11-09 23:48:28,now,236,4
a9f2eeda4a134709b7723f7e201a93333708066b,REPO-5,GH-8916,2026-07-05 03:01:37,which,491,109
dc80fc8e99fe8221a097cec832bc9ef8b5ba582f,REPO-4,GH-1611,2026-04-15 16:38:33,house,82,70
85e21c542803658d33c8fc8f87adc465642486e9,REPO-11,GH-4673,2026-04-14 16:47:35,like,341,166
673bc7da962264cb937dc70bfe114896a334a26c,REPO-12,GH-9624,2026-04-04 00:26:02,water,359,193
fa3aac60476b01c149dc1ae74855f7eedab2e2cf,REPO-2,GH-4131,2026-06-06 23:46:05,my,110,122
c55ce96874feedef81095f7286c04e9a108a44f8,REPO-18,GH-2052,2025-10-28 22:36:01,computer,228,2
66d9ebe6666fafb8cea00d8b7490022844218d07,REPO-10,GH-5582,2026-07-24 06:56:10,account,441,108
685fdb6c6e9d7d0c066f6feb2376dd7631d68054,REPO-3,GH-8973,2026-05-28 10:31:30,religious,452,76
bbf25096a7c5f45a2aa4e4ed5436cc50c60dff40,REPO-4,GH-8355,2026-05-29 10:35:07,main,74,17
ae3fc1f4705e16fb0ca49c4b698c0900f7656b8c,REPO-11,GH-8126,2026-08-28 21:00:41,thing,384,38
947e53bc6ab0c47f692d571cabc442eb61b64119,REPO-3,GH-3419,2025-11-06 07:45:12,them,180,109
a622b48444b8f83ffec2504eb1975edb771b39bd,REPO-4,GH-7906,2026-06-26 21:07:24,site,44,63
568d10e46d377bfb4dfacf48a59f46904ffdf47f,REPO-0,GH-6325,2026-07-25 00:32:08,main,449,77
90e83e193f17d367f59ce458bf02d163a16e1b48,REPO-19,GH-7897,2026-08-10 03:47:15,skin,201,75
5016c43c08bfb7b50ba59e8851cb38202f11371e,REPO-15,GH-1715,2026-06-20 09:28:28,machine,271,3
b3a3b647872d4b138f79e25504c9460c42a5cb11,REPO-5,GH-3981,2026-07-02 08:46:55,begin,395,18
1d5e0cc506629b1a5bd6a11ad45d172ddd9f79b2,REPO-2,GH-5333,2025-10-25 09:48:23,study,21,15
8aec295e845598c17b5a480c7e5e641ad0015009,REPO-16,GH-3697,2026-01-02 19:02:16,paper,360,102
ffaf7149e3b20d745ff9716140e744b901b02b8c,REPO-17,GH-7730,2026-08-12 01:07:56,evening,143,21
1c5b6701c0a28572d8c37189a93ece334032c388,REPO-16,GH-1090,2026-03-04 06:29:53,main,80,137
8e841dbbba37300ae965dcf8c21c7db319b43e6d,REPO-18,GH-9626,2026-05-29 17:08:09,four,333,174
df33853a5a412ede5d02b6a4673e1c6c42807161,REPO-7,GH-3504,2025-10-03 12:31:13,by,474,111
24672b6b4d71085514f9e030a98cc65376aeb387,REPO-19,GH-6626,2026-04-22 16:06:10,service,342,189
e07a5dc40f0afba4017702015024d9dee1ef8d9d,REPO-0,GH-4164,2026-05-25 02:31:08,skill,178,133
9c6d2946cce9ed5b3195508c9994dbd3f3841fcd,REPO-8,GH-9674,2026-05-12 09:20:51,main,395,7
99554f1d446c4a14b05bc19c386308abec87a8ed,REPO-13,GH-9031,2026-08-22 09:21:35,without,135,182
b446f9e846906d77af4435d9b67d13dda1b2cb84,REPO-11,GH-2743,2026-04-10 05:51:55,stop,291,42
4b1b4343e8aacd057db8be3052816d3ed4e9f8bc,REPO-8,GH-2530,2026-06-20 07:56:15,before,294,172
cccac06e7badfa104be0ea11483656022f2da821,REPO-0,GH-4467,2026-01-14 07:01:04,left,187,98
3509e3a9c537b2343e4f4ac2908fdb96f0bbb330,REPO-13,GH-4788,2026-02-22 02:07:02,recent,214,184
2cdc79b3387be75429eff19c02bc2b2013f137d3,REPO-2,GH-9725,2025-10-08 22:20:26,none,258,172
2033e58f0a2c469b25443954c685d6c5c085c68e,REPO-9,GH-3762,2025-12-21 08:22:56,main,168,22
e86901d8c0ecc246d1e2084fc9b0cfebf9d92a37,REPO-9,GH-4515,2026-02-25 19:24:00,time,238,94
d8758e570bd76c2c3105fa8d01444e55770ddd24,REPO-17,GH-6194,2026-04-26 21:36:21,protect,78,1
640427386ae39443f4d32b9c6c15d2a329fa14cd,REPO-0,GH-8699,2025-11-21 21:57:59,very,337,96
e89f5fffdac1689786e52d1927352e77e2ad2b6b,REPO-7,GH-2480,2026-09-16 23:45:25,trial,31,36
cefb9edf5e2622fa17d6fefaf332ad5e261e5ef1,REPO-11,GH-5465,2026-07-07 04:52:58,main,44,148
8e4cbaa4d3a6d3add11907ea110f8d35c897c93b,REPO-4,GH-3712,2025-10-01 07:00:45,main,39,151
b5867f5b0d3316a99cb53de41f2732021b7ec7e1,REPO-8,GH-8531,2026-04-30 12:42:37,analysis,411,100
3ec74b40c6f63519e39885aa8a87a5fdddfcb19c,REPO-2,GH-4997,2025-09-28 21:58:00,indeed,395,149
e03a3afd12bf03de2eaabd0042d2946fa72ea5a0,REPO-3,GH-5564,2026-04-23 13:42:18,bed,161,104
34e1adab586c249a63076baff384a966c0742984,REPO-11,GH-2292,2026-01-23 07:00:45,site,158,118
24b08830f28278ecfedc6e987118280e36df89b0,REPO-3,GH-2790,2026-09-12 20:44:52,development,352,77
1c7697e74b13fe44320030022777f98eb6ac2a4f,REPO-7,GH-3973,2026-03-06 05:18:14,today,26,173
d79ba4c7865c3ca6179591a0f0c42acf9ef0c389,REPO-5,GH-1525,2026-04-14 00:25:21,main,438,115
51cb5017cb9171cb283c870f7bd54811008ad481,REPO-4,GH-2638,2025-12-07 10:01:18,they,426,199
e7d15ba73a7557217e0b09417594e07db2061bcf,REPO-2,GH-4986,2026-01-03 02:48:33,course,470,19
67801fb46781eec5b6f14379c0169c8781199c9e,REPO-2,GH-3414,2026-06-14 13:03:09,main,228,32
eef24def09f1a93398270022bdb47cec992edb46,REPO-10,GH-5345,2026-08-23 22:38:29,society,237,12
1e3c8dfd6966ad04678f8c34f0172f4a12f09cb6,REPO-18,GH-1153,2026-04-28 02:44:54,main,203,127
a1e687739a28e251764c33fbe5b882cd87763c79,REPO-13,GH-6139,2026-04-28 10:19:50,remain,466,47
b4f09975fb10e19d3047f1b734609ab6560eb1d2,REPO-14,GH-3868,2025-10-23 02:57:06,decade,315,158
65f1b1526b6d7b5392e8be391dec98b2fe43608b,REPO-17,GH-9071,2026-07-05 18:04:02,give,144,98
34c2e39715cb5c9f2f6942f14b49e1a4018b1c53,REPO-6,GH-8684,2026-02-12 15:51:21,main,270,63
91dd013bde342683824a455e572f581d6f15406a,REPO-15,GH-6039,2026-06-08 12:32:10,main,258,82
7ebc7eb1c94cd0d3f6821f65e410bf055c881d96,REPO-5,GH-3803,2026-01-15 16:45:21,we,113,7
b7c0d4e72a365e1bba2cb80d4cc8df0585a3e782,REPO-18,GH-7389,2025-12-11 02:37:21,main,52,63
dfda0edd8a0bfcda0b332ce5d1569eb0f2c932ef,REPO-7,GH-8532,2026-03-20 23:24:36,main,409,99
5b38c3f8b9061934e12573bd888a87c2f32c3894,REPO-5,GH-9821,2026-06-10 01:20:46,pattern,163,188
01c5f6840d9a090c4b1c62552069edc27c9e95df,REPO-18,GH-2816,2025-11-25 03:30:33,his,486,48
25fc380d75c6ff50fb494e0851d7cf43218d352e,REPO-1,GH-2790,2026-08-06 15:23:33,later,309,56
7ce337cc27d6213bfb834bffc71777341f6afb6d,REPO-15,GH-1409,2025-12-01 10:55:10,employee,315,51
1d4274c554495fe6bd2113257080a41580e18ab5,REPO-18,GH-1783,2026-07-29 01:58:05,main,397,28
69db05a70c217214789ad3973d220310138d0d91,REPO-12,GH-3754,2026-07-11 06:40:19,factor,155,82
a8c922b4a96174686b4bfe41d9a069e33c050af9,REPO-5,GH-2259,2026-08-19 05:28:42,main,406,163
38ddc3b2c4dcf64ed8d164c6afa67047a1f82994,REPO-17,GH-3868,2026-06-17 21:13:53,main,315,91
4e2053cae7dadef390e55b5a943e7c7c25846ac5,REPO-18,GH-2204,2026-09-02 21:34:27,like,158,187
46ddffb05c5126318a25c9d5f6afe359b2c3fd81,REPO-18,GH-7798,2026-02-13 06:47:57,main,395,145
fba3e06b346f94070657d8cdd9ae72d91381efe7,REPO-19,GH-1841,2026-04-04 01:59:15,main,496,156
e8741bf11c380aa7957005ba56b2c0d19b71f311,REPO-18,GH-5861,2025-12-04 05:22:54,main,73,84
08ef9a540dabf73b79c528f8df898df813cd5a48,REPO-2,GH-4261,2025-10-28 19:08:07,town,328,186
adf2b74298f781772a9b69c164bbd78e76a656ab,REPO-2,GH-6280,2026-08-13 22:05:55,nothing,56,184
3b92d5caa82fa29f6cc92d0e19b34ce2bf078c04,REPO-12,GH-7951,2025-12-12 05:57:48,various,497,42
0bb3661184a2561950c326d6977767ff8dd7d635,REPO-12,GH-7396,2026-05-28 07:35:47,main,404,147
459aa8bb7b0437df46f0fcbf64ade51b3fa3d16a,REPO-1,GH-9041,2025-10-26 05:51:49,time,134,26
3b71a3fc1adaaa06e818b21b7e17b0264a80d32a,REPO-5,GH-5742,2026-04-11 22:19:47,tax,375,19
c211adc324a10ba0e287059f8c00b3605e09aa49,REPO-5,GH-8792,2026-05-10 22:41:51,main,81,13
122faa52b13f62aa9b8a346d6b5b693538c1fdf2,REPO-6,GH-6279,2026-07-22 16:33:04,what,284,184
809844ff52fc792f19948268fa38fb0d5a2a2a47,REPO-7,GH-1241,2025-10-11 04:44:48,of,293,140
7454d4c052d9d2d53fabbd07ea9cd3404ebf3047,REPO-2,GH-9041,2026-09-09 03:38:17,main,321,153
0978ad2ab332cd43dd71d3b78019ba49385cac56,REPO-3,GH-3803,2026-03-29 07:24:46,church,327,74
3b07adbba70e3074a2248ea724da1e964a25dff6,REPO-12,GH-7086,2026-02-16 00:45:43,vote,339,67
e00a8abb5630cf0ced77ec600fcd26d5d3fed223,REPO-17,GH-3369,2026-07-23 19:59:48,tough,454,97
2f15ca39e0458c5526b3d8e8ff486a2f751bfdf8,REPO-14,GH-7916,2026-01-17 23:23:38,more,239,67
9309b7b1cc291b0567c21b3fefe5be1075af26e8,REPO-8,GH-2816,2026-04-13 04:28:11,himself,386,178
6d96e0a2bead58017a2246a922b50f6832aba434,REPO-17,GH-6310,2026-04-09 23:37:24,main,420,133
ac804aa62c8c1a2a187c2643df21c42a0f44ce3b,REPO-17,GH-1713,2025-12-28 17:36:56,main,244,146
83838325deebfc3878dc094e5087d47c1b0b41a7,REPO-1,GH-9850,2026-08-06 04:35:00,return,265,146
89c2374e8d2c94032cef396e8f8bb528c0ed9835,REPO-5,GH-8251,2025-11-30 08:51:33,main,65,10
1cb5f197887df078a6f2b809c45129b1bd104eca,REPO-13,GH-7291,2025-11-20 11:26:05,main,322,37
905e2bbbfc4f63c9214cf37254836ba12e674701,REPO-12,GH-1502,2025-12-05 12:50:21,others,142,133
10a8df9e5434ee8a1fe3f92b129a0b895d67d58f,REPO-0,GH-8933,2026-06-10 01:15:45,child,301,133
3e39d1e39ccf17d8e87b0be1c07fad8b4e8f4e76,REPO-18,GH-4986,2026-07-09 18:21:18,wrong,482,25
f8780e96e46d17d97219c516d3feb6021bcfc943,REPO-17,GH-2465,2026-02-13 07:18:07,sort,211,67
2ef23e2b127b87fbb9b82051bcdb0b7c25fc95a7,REPO-15,GH-9725,2026-04-04 08:14:22,everything,20,44
9ab02bc9892f64747b3598dd231da2fed6bb4884,REPO-4,GH-3463,2026-02-17 10:28:14,relate,356,102
de24d9bbf0be72d43284dbbb16901b350dd75d74,REPO-10,GH-2698,2025-12-16 06:21:33,strong,382,121
f0b7238f5e566766194e4fe902992607b50e2298,REPO-15,GH-4396,2026-02-14 06:11:31,whose,51,58
c31ea1408ce0a5c549a5732b48f48783175e3664,REPO-14,GH-3762,2026-03-22 12:40:09,main,138,186
ec3629d3a4bef74783ce400c2e3387587bc9c548,REPO-2,GH-1006,2025-10-12 11:01:26,game,468,104
f43db142603c0213a5786830fc4a42287ea915db,REPO-9,GH-4060,2025-11-06 01:12:43,near,70,199
9b4195f4ba662db9b3c874a4d50e19f61e644f50,REPO-6,GH-4728,2026-05-31 00:21:27,they,17,116
229bb115dd62615f5f51db41b0b91a1bb08cfd76,REPO-11,GH-1783,2026-07-12 02:11:05,off,189,118
3dd9b3613a08cb4c622a038db5e75024454ca953,REPO-11,GH-4868,2026-05-06 09:21:47,ready,91,121
2355011260dd72495cbc9344a8dedb3d0932fb29,REPO-2,GH-7209,2026-02-20 23:08:00,ready,26,41
3f436c4cc041725c02e08bca0e42db6635f8bc6f,REPO-6,GH-8018,2026-09-10 19:09:50,nation,263,5
7f8096bb9a1e4d19bbd44525134d7217c3643a82,REPO-0,GH-4788,2026-01-02 16:02:26,whatever,413,78
a4c4d8bf8da8d59e46b6f4b43e8a116339344353,REPO-14,GH-4155,2025-12-22 12:39:24,head,423,159
2eb55ff6b6b6ecb9cdf440731043afbdb46408e8,REPO-3,GH-8359,2026-08-10 08:17:02,message,340,95
8c1bee3f11775431eb467b3362001c54335b4bb7,REPO-3,GH-7078,2026-07-31 19:11:17,PM,142,163
c8f567a14db76a7308185226afbcf0188a66e59b,REPO-8,GH-2771,2025-09-29 12:34:48,chair,488,166
06dca40e6dda30d7fb69f12bf0982777fdf2d073,REPO-4,GH-7580,2026-03-16 19:14:18,ball,461,14
9f98230bc20a5678d8f17be09d8caedd290858bc,REPO-4,GH-6776,2026-04-14 18:57:27,development,255,75
ef7e3432333484fb4b871e733b45d3e9c7c88f26,REPO-13,GH-1606,2025-11-24 07:25:38,high,19,149
eaef6e2a43cc2e2d70022aa96d0cfe97906a6a92,REPO-7,GH-7397,2026-05-18 18:19:15,by,402,121
39fb572ab27d229c93e145bf1ac52947e8c5d028,REPO-5,GH-4968,2026-06-10 17:04:25,talk,286,46
976fc95bd78c36e89950cf4bd7e1b3b6bb41b073,REPO-15,GH-5905,2026-02-02 05:00:11,meet,372,143
b5a7cdd84a26a8b949b8a9bdae04f143b8e1e6cc,REPO-7,GH-8245,2026-06-16 04:40:46,develop,447,78
7bc61caaa2d4bb2feb17afd2462ba5e8f9c82981,REPO-10,GH-6927,2026-05-14 09:39:20,these,151,118
e49be9ea6b2ad1738a96d1e6bfd51c0dd279aab2,REPO-19,GH-9835,2026-03-05 12:56:36,animal,100,128
edb765e231c8b3c52cb57865a7d50dfdc86a2797,REPO-12,GH-2557,2025-11-15 15:03:39,college,28,38
75342b39cfa5203f9091f5c44f358fa57fa28f48,REPO-6,GH-3441,2025-11-18 06:48:15,among,292,117
0a85250c8fd288208504d9b963f2aa25e95ab5c4,REPO-5,GH-5336,2026-09-07 21:55:16,arrive,171,161
d268af65e67f2e815e5b491ba590d671fcf0d835,REPO-8,GH-8612,2025-11-30 13:29:57,couple,87,147
8cdb9324d1562bdffd91c35b4271d7033a90179d,REPO-13,GH-9843,2026-04-15 14:31:31,place,220,122
4b61503f41ab368ea6c5b7ca293c6590f12d4b58,REPO-1,GH-2527,2026-05-03 20:15:42,unit,192,3
3e93d3294c6eb8a1fab99620d4be3a2126206ea7,REPO-7,GH-2052,2026-07-03 09:45:07,term,177,79
d3e2cfa9dfb8b3d8c5e3ec3f349ef5a1b18568c1,REPO-12,GH-3858,2026-01-15 01:04:25,direction,86,16
2f42ada20ea415f55e9349d5c35158c549f1f1cd,REPO-19,GH-9282,2026-03-20 09:57:50,market,455,175
e18690242c0d574a4aff4636d1ec0423ddf8275d,REPO-5,GH-7606,2026-08-29 18:55:46,discuss,117,57
5a2c571095f5155c43083bda29273803abc13c52,REPO-16,GH-5279,2026-08-15 10:38:05,character,365,166
9bd11c022f4e73cf92b53fc7cd9d0494e0a1391b,REPO-17,GH-7171,2026-08-01 13:26:37,speak,25,169
39192c40f02d05cb008af1254d940cff2ac3503d,REPO-0,GH-2876,2025-12-06 14:22:06,much,214,113
616275e4c5e83e276026e22dff2bd41e7c2deca2,REPO-17,GH-5051,2026-01-07 16:35:48,rich,79,52
0d90fa23453644f19c462c0a4d815f976a9c6cb9,REPO-3,GH-1461,2026-02-07 01:00:46,pick,319,155
f970725535888dd5af3d6cdd9fe0b68d0e5d523d,REPO-19,GH-6147,2026-05-14 07:50:20,human,402,27
d1c45585774766d97bb3544aae5a3d31f199e680,REPO-19,GH-2193,2026-02-23 15:51:01,admit,426,133
8977583928d044d5d42e639e6d45be94d291abf7,REPO-1,GH-5381,2025-12-14 13:06:37,where,107,176
13da9039519957f435b43ce71b064dcfdc54d0f0,REPO-2,GH-2113,2026-04-10 20:03:24,main,343,126
a2e90127c98d649877d63db82480c07d4acc98a1,REPO-2,GH-7825,2026-08-13 22:45:21,big,371,185
abac04563cae7eef4216ac894cff80a791f325d3,REPO-8,GH-4178,2025-12-04 20:46:47,possible,152,67
57881d76d895153f85f7d9368d0f8a332d6ead86,REPO-3,GH-7563,2026-05-17 21:45:18,step,21,74
38527eba5cbb9c47b98fbd6bda13628b6a82de30,REPO-10,GH-5000,2026-04-21 08:22:17,buy,49,194
e768ec8fbc0fe33f86ba0015ecb5bdc7d330540c,REPO-5,GH-1986,2025-11-02 03:40:43,case,225,159
c84a2313bba62bbf2edc9b06af479fff81e91d97,REPO-2,GH-9167,2026-09-12 06:11:33,main,94,29
15f7dbaa89ef677e7c95de27c2bb365e4942d3d3,REPO-14,GH-9031,2026-08-14 08:08:50,main,354,122
125080f71e6f3cc3b75be88ff9624f7f42ec0174,REPO-1,GH-4340,2026-07-24 21:24:03,lawyer,214,151
e4d1a663af75808c183d4d4aa5b8f2f188f15b09,REPO-18,GH-4963,2026-04-17 16:53:24,two,313,97
f3ba8f8d418dcaa3d36a9500330364b346ed4d02,REPO-3,GH-4052,2025-10-13 19:57:33,laugh,24,16
20930d0c3c33dad105f3e3305e7a9f08eec4e342,REPO-10,GH-6514,2025-12-25 02:03:07,meet,348,134
4040016bc39e9783ffb54f2a3a3d4208cd0f93fd,REPO-10,GH-8267,2026-07-30 14:16:36,hard,359,158
70f2e88185fec5783ff327cf5917c8d8a70a3d54,REPO-7,GH-7078,2026-05-13 17:24:40,whatever,347,164
c4acb75a1c5e7ab0cf1873eb9c8f0789fed98296,REPO-17,GH-SHARED-52,2026-07-19 17:08:43,main,28,2
767fbd30a5689be57f585b1c515bb41d248f48bb,REPO-10,GH-9751,2026-05-08 16:55:13,center,143,12
02f1e3ff13113a99c126a59a3971f135a67667bc,REPO-7,GH-1964,2026-01-03 19:21:54,early,411,146
f09898a2a5567f120e39defd875cbc1b5fdaf29f,REPO-15,GH-9138,2026-09-15 09:41:44,federal,255,190
ca8fee6ad7bf7935fdf7b0a500af8e84dfbb7577,REPO-17,GH-1409,2026-05-17 07:34:26,main,406,154
0421a44d45568456fd2b542874c52ec5f67d157f,REPO-14,GH-9922,2026-03-04 15:56:55,accept,28,57
1ade2fde578a28981ff75f84c1151a37c7f9024c,REPO-11,GH-6372,2026-06-29 08:49:53,account,50,194
11e3cb2bad06baa50b25a9d1775806210875beb2,REPO-3,GH-7304,2026-05-09 10:18:57,main,253,35
250b9897d6c47c7e7b3bf194aa15649772d47837,REPO-6,GH-2188,2026-04-16 19:37:00,main,202,55
6ae5ce54707c89d2fbf55ebf0cf907f719a810e9,REPO-6,GH-6372,2026-06-08 03:53:50,summer,388,106
53eea8054c0faf25a4e0ffdb41624f6215e48831,REPO-18,GH-6718,2026-01-27 15:30:09,both,231,117
d42627e9d882041de2408add40500fca2f478087,REPO-1,GH-7163,2025-11-26 01:43:34,main,430,149
ccd5ab3f806cd9c8994cb2f5e16b060c6b73e288,REPO-16,GH-1496,2026-05-12 07:07:51,main,91,177
b95fb318b99cde416d6c9a868c6970620845dc03,REPO-19,GH-1611,2026-08-25 00:02:52,other,452,98
58dec5da76131628a78193165c8e3a607ea57f92,REPO-19,GH-6772,2026-02-15 23:08:06,response,141,101
43f10f24a6b46cf20d4663cfbdc2944ecbcacb61,REPO-19,GH-6170,2026-02-28 07:37:35,main,263,76
396315a9544b1d2538e13a6867fe04d6316d322d,REPO-17,GH-2657,2026-03-06 10:39:03,onto,108,159
bffc90437981dd5ccdd55c0a9b054898eb8f191f,REPO-5,GH-3858,2026-04-02 08:00:38,operation,327,82
95effc7ecec8c94de26ba389534509534e2735ce,REPO-13,GH-2996,2026-04-30 11:14:02,food,431,136
7bdba1c89df435b4f9190b6b67a6defb7b155464,REPO-13,GH-8710,2026-05-09 07:11:03,season,55,6
06c4810a33edca09882dc588e50daa7986d6d512,REPO-1,GH-1311,2026-02-28 13:55:24,top,137,192
2ba59318e7d32287e9d3b7f73075191757f1dcd7,REPO-1,GH-2698,2026-08-28 10:34:09,small,105,192
a52dce9b363b4e703fb1ef0484d2a2dc8953a341,REPO-17,GH-5712,2025-12-25 04:42:32,scene,332,143
7bac0b144634e8238219713e4998b094ea7232d4,REPO-16,GH-2195,2025-11-28 19:07:30,movie,357,73
2bc7b75d771d4f035c84d6c7bfe5b054f28f86e9,REPO-10,GH-1502,2026-03-01 12:35:00,suddenly,381,64
0242d6ad0ad6a8ec640bd3dec2adcf5735047a92,REPO-14,GH-9311,2026-04-28 18:49:39,return,325,180
5bb5b1dcf72b0b13489fc4746a20235f37e019ae,REPO-19,GH-4680,2026-06-28 10:50:41,improve,494,49
bb6a37b49cf27eece5f01d271a646d0c60b19342,REPO-5,GH-6908,2026-05-31 21:53:05,benefit,493,44
b65628e928b23c4ff3dd60dee80c958164e3d84e,REPO-17,GH-4249,2026-08-12 16:22:56,with,300,65
17720d3060cefe448523dfdbef195981044ef0ec,REPO-14,GH-4060,2026-05-18 01:46:41,main,21,39
8a48d5069574a8581e8db2c8441256f11a4ca88f,REPO-9,GH-7018,2025-10-21 20:21:30,hospital,282,91
c34a61a34301d683f4b3d9761c7efcfe20f284d4,REPO-10,GH-2874,2025-10-28 01:06:34,shake,95,133
b3e971faa4895ef73119d8fa6c80b96025eab3fd,REPO-16,GH-1634,2026-02-23 05:15:47,institution,275,103
d9e0177793a660906f823e3d953abd784fdcdf6d,REPO-7,GH-3868,2026-05-23 09:39:33,few,170,84
c2a0c4f9a3c6efb6d59127e017dd05e0c8d7d3df,REPO-6,GH-4878,2026-06-30 07:43:56,art,244,143
55613c46989b264a44506d8acabc8afe9dccf3e9,REPO-14,GH-9751,2026-07-24 09:38:19,main,315,159
0841a47f80ca35d5703522f37dc020d66d4a5b4f,REPO-1,GH-2402,2026-06-02 15:01:58,main,196,29
d05bef21cc280e6d94bfb9a3cd3b14deabd56382,REPO-17,GH-6952,2025-10-01 02:54:48,realize,467,132
707f9241a1079a86503375c75ae4a19f8cf4269a,REPO-1,GH-4986,2026-08-05 04:04:07,main,99,82
0aba1b700954052db9e405fb10d7d4bab91ff746,REPO-2,GH-6198,2025-12-11 14:15:15,place,397,54
98a3c4578954852ca982f4be304f3c76c5f25a9e,REPO-13,GH-9239,2026-04-13 05:44:10,main,37,191
ba40c4c0fab3ebd02a5127c9a0f332c5fa1bbe17,REPO-2,GH-7118,2025-12-25 22:24:54,represent,407,64
18a89510e90d3b967b80b925d53dfdaf3bbf2761,REPO-12,GH-1153,2025-10-10 23:11:57,real,200,172
740a0c641092eb14c8887b1b4e73bca93d6ecf8f,REPO-0,GH-8355,2025-09-27 01:45:46,before,33,193
95e76fbe83f78d6f720c5cd023bbd97ca0f37463,REPO-16,GH-9883,2026-01-12 03:00:11,head,352,77
ae09752ddb42aa22c74293e669607cd8a8acc3e1,REPO-0,GH-4626,2026-06-14 00:47:16,peace,113,34
9e60217c2988daf9072cb3e133a3b6b9e438bbbb,REPO-11,GH-4527,2025-12-13 18:06:48,since,285,36
0ece2ae3a3f5efcfdeb2f47c1d8c60b96df376b6,REPO-0,GH-9196,2026-06-27 05:19:01,believe,276,140
8e2c1f086345c9ef85cb48fd35393b28cc2e412a,REPO-11,GH-8251,2026-04-28 09:39:36,themselves,331,131
4f8933b9fa54fee4a129e2cbbfee8dc3ab9f5210,REPO-5,GH-4841,2026-05-02 02:24:15,happen,130,49
d46a6d5b3e3a7937b9b2db56cabcc64bac89d359,REPO-18,GH-6608,2026-02-08 21:47:16,factor,385,140
febf169fa24200ba98de1dba5dd501a134261d40,REPO-17,GH-7537,2025-12-23 20:18:44,day,35,64
629b48605918a530305d4861c921c1374ff81577,REPO-18,GH-5583,2026-03-22 13:44:47,main,183,32
58f4f8b5a2d9e2d5b0e3306d52f6ebeb9ae2f223,REPO-6,GH-1841,2026-05-08 05:36:15,continue,169,157
cddc59c524d7f0ac51e70a71d1b76250d8096969,REPO-10,GH-2293,2026-03-04 01:51:18,operation,161,63
16793a5a9c192bc3cef8c1db5637659763d04662,REPO-15,GH-6549,2025-10-25 01:46:17,grow,397,78
badee5cd65cd7bce6f5c5491f008c73ea6dc99c5,REPO-3,GH-8144,2025-11-11 09:41:17,even,42,71
4474082b56a72e71979ce15120821cfdd405edbf,REPO-2,GH-8179,2026-09-02 05:03:02,student,10,129
f4005fbcabbefe665f1a1ddcaa88770a39c7fdb8,REPO-6,GH-3287,2026-05-08 05:29:04,level,279,138
ddd3aa73e22e8106bc39b89050a0fee505470a32,REPO-4,GH-6153,2026-02-20 09:43:41,speech,457,197
d7c6af3379e4790054444f3d95b81747ce14ec99,REPO-2,GH-6654,2025-12-30 10:33:22,stand,6,169
76ba80fdb4502bc6e32ac1cf1968795025a0ac70,REPO-19,GH-9312,2026-03-24 03:51:45,watch,264,35
9caf45ebf6fe8d53126e19615987448e0ca27bf3,REPO-5,GH-6053,2026-05-12 20:42:17,main,338,37
82a798d064420511c0fdf6d680820a3a8dd1b037,REPO-15,GH-6763,2026-04-02 03:22:22,author,190,59
0aeec545b9d685a3a639eff8f03b385c0aca6d9a,REPO-6,GH-2768,2026-02-22 13:51:30,main,185,99
fd96b00457fd242ee6b1c963951403d0fd777c8a,REPO-14,GH-4804,2025-12-21 13:11:50,drug,333,82
f82503db237e895f15da36f4c9b55972eac81801,REPO-16,GH-9843,2026-08-03 17:07:48,main,428,189
f4e9a8acbf7706000099b1fec6d402cf46936052,REPO-17,GH-2965,2026-02-11 02:10:51,act,335,96
760253edfe99c752a5e910e9b10f069e9d089d78,REPO-2,GH-7580,2026-06-26 03:11:15,energy,499,57
78fd7029bef715a50dd4dcc0b6b63d523d5c3ca9,REPO-15,GH-4052,2026-01-16 12:49:05,report,257,35
61f04af9d8b82ec64253d5ef1c4418901ee6d344,REPO-7,GH-6539,2026-07-14 18:17:47,bag,144,54
49e55f5f60bf7cbba9707bd412178a7bfa3d5162,REPO-5,GH-6403,2026-04-30 07:52:47,maybe,419,30
8244a1b8fed1c57d816559fd36438bb40c5b6c79,REPO-15,GH-8489,2026-01-26 20:35:29,wall,108,151
2881a5a7c746adab493ba0c138a6ac10555711cb,REPO-13,GH-6977,2026-05-07 18:28:28,your,66,146
c2e776deba8048f0ae0560aca68ad6b0f9b4c8bb,REPO-18,GH-1685,2026-07-13 17:45:56,where,133,46
e36b143bce4ad6b8fc599b90a42739545bb75f0e,REPO-9,GH-4119,2025-12-09 19:34:29,decision,311,120
8e6514ee6f2c5c7a6138f109742870cf61fc8484,REPO-18,GH-6990,2025-12-27 04:09:06,turn,320,168
cef4000096b117088ec50abb17e00a55d5ad5fef,REPO-14,GH-6179,2026-01-08 00:50:33,degree,118,96
11b096a64245394f92d10d5a7ab38fab83eadfa8,REPO-3,GH-7201,2026-08-17 05:17:40,present,441,129
8767bcce9cbcff825aabe348c4b7d15e7110e9a8,REPO-19,GH-2215,2026-02-12 05:30:03,both,402,136
5383f2d97467881ec9a274ca9377a43c165d6031,REPO-19,GH-1842,2025-11-12 12:26:01,main,460,198
7475c0dd420a2ff7910d5f8bdd75779495ca3a62,REPO-1,GH-8498,2026-06-16 10:06:38,mind,118,123
ec67e42f43c0f4780d29bca33969bcb149c08fbc,REPO-8,GH-2911,2026-05-23 08:22:02,tough,466,21
6b368539005f78ab1615ba07b9a011741bdd8704,REPO-17,GH-7717,2026-04-25 05:59:17,thus,3,181
fab74be274c8435b8e8cc8c6bc78b912f92b78e5,REPO-0,GH-5719,2026-04-02 06:22:23,forward,353,80
5bda3de88f5b482ff4326ff1ed7d5b61883dcee4,REPO-3,GH-1406,2026-04-06 04:01:48,upon,300,64
da51c33a7e0cd423d8807b49a01e37d47309799e,REPO-17,GH-1753,2026-09-10 07:43:44,face,314,70
f3eb2e71f73a5fef40307c1c57d914f62cfd90cd,REPO-17,GH-9850,2026-04-05 13:43:21,south,287,142
3e8dce81c0b0682621fd908c5e04a04dc50e9270,REPO-9,GH-7626,2026-09-17 16:53:15,information,362,101
3292061d0faee2667b3bb40e375aa1215aa18e4a,REPO-5,GH-3697,2025-12-22 05:08:24,career,206,86
355fcf6ad5fa73e2b5cde16ccc36890170622731,REPO-5,GH-3236,2025-10-17 23:46:58,main,3,23
83b58ab10ece31d2a82444aa6ed4b051f4bb856d,REPO-8,GH-6238,2026-03-10 07:22:12,now,312,9
87a2beb7802d020aae84dc470fcec9aad7b38c10,REPO-19,GH-9317,2025-10-09 14:35:28,main,420,44
60a02dbd206075ab1ab8821881f82c80559e385b,REPO-19,GH-2041,2026-02-26 20:47:34,stand,119,157
8c21a8a255c0b0fbc0872e44634f0225bf567510,REPO-1,GH-6460,2025-12-03 20:20:33,camera,1,40
cf862fdbefba3c3bc474fff55d019e2e22d1eda5,REPO-8,GH-7825,2026-06-25 03:11:46,four,343,101
46660886c2774203f45d3dad854978639d71f3ec,REPO-6,GH-2768,2026-06-21 14:59:35,represent,361,17
6ebf69c3dc71da2e701cda5f7aafaa812255e9cd,REPO-8,GH-2052,2025-12-17 19:26:23,blood,100,116
63a26e429fe86553331aa6ab29e507c7730ac49e,REPO-16,GH-1821,2026-01-31 08:22:13,training,258,75
898e4cc2eff2c5e7921ef5ac83bd70c417879ba3,REPO-3,GH-6055,2026-01-05 19:40:18,everyone,132,137
a17c6b4a8ea6d88a9c5fd8f0eec66754d93bfca9,REPO-12,GH-2864,2025-12-28 01:22:56,position,125,193
99e0cad034b7101f6c431c1e6756fdb3011419ff,REPO-14,GH-7825,2026-02-07 04:58:33,moment,301,7
745949c9384252faf14811bf1d29bf39a1d17ed1,REPO-8,GH-3103,2026-03-10 14:31:09,school,404,56
ae6f3c590b0a1c07d73311f1330db0b863941ad3,REPO-11,GH-1510,2026-07-16 02:03:28,too,359,67
9a860808b7ab9b19f96bf06719a810fadb39af3b,REPO-2,GH-6272,2026-03-01 12:52:44,couple,421,87
bc2b5a469d7fdb0911d87a722a4f58af88c7bdf7,REPO-5,GH-5951,2026-05-06 21:00:35,parent,112,146
42ddb5b5b68edbd57d4c0d9ad074eb0d16b4c726,REPO-6,GH-4817,2026-06-20 09:10:47,black,121,188
52a60e1df4ad7cb62c3fd71f5f4edd27e1b7983e,REPO-8,GH-9486,2026-07-03 21:34:20,eat,428,63
229fc7925af28afd05310b7d8728d36adae31899,REPO-2,GH-9189,2026-04-30 15:13:46,main,253,157
18e6df54c851a6163b953383b92de876cf73f2ee,REPO-17,GH-2796,2026-02-21 21:10:32,main,191,158
89be2fdfee58ef79266aacb1aa574a4404b0ba8e,REPO-18,GH-9824,2026-08-03 15:58:29,citizen,94,195
1d50570cafb4b8995a4a71b10bc7b49d858c2038,REPO-4,GH-3927,2026-03-29 15:38:37,control,217,122
8bd5906abb2cd73228e81f99cf45406b1cfca1a7,REPO-5,GH-6994,2026-03-09 15:56:33,main,358,132
2d2dfa8efef4942f331fc5a6faf5beedd30c1b29,REPO-0,GH-6514,2026-09-08 20:58:08,nation,195,148
9c038becf8016e38e793c5d66aaba89e9398f689,REPO-11,GH-3600,2026-04-22 08:09:49,main,96,140
4399e3f9509790fd5f7c0189ecaaed7815df4db1,REPO-8,GH-7086,2026-07-28 22:55:07,main,176,93
33e1aba6751b2dcd78f7f1fe05e4788f8571fbd1,REPO-13,GH-6198,2026-01-02 10:19:58,out,386,95
50ccd4f8ef39b634efc10f5eda3a2c7cab263e22,REPO-12,GH-5397,2025-10-15 11:46:05,rock,293,33
e81f8e45c405e0681b033630b3e58cac10d29273,REPO-7,GH-6105,2025-11-29 09:32:31,teach,196,50
cac1729c447ff3853b94706fe9758f7b1642a8ff,REPO-4,GH-6374,2026-01-03 17:14:12,main,91,107
85ba53f43510154382299e8f7bf3872bd21fa427,REPO-16,GH-2527,2026-05-29 13:49:35,size,403,124
b497c2341b183359febb1845c20a0eea38c0c12d,REPO-17,GH-9011,2026-02-03 22:18:37,here,204,25
c4db760e4629888749e3b21fdb29d56528028190,REPO-3,GH-6772,2026-05-02 13:55:34,take,134,92
b10f73ad61812bc50876c4b486734938572cba37,REPO-17,GH-8060,2026-01-05 01:09:41,its,11,105
8dacd32ba6851eec342972999be1d695c6fdacc7,REPO-19,GH-8784,2025-11-13 01:06:02,respond,333,166
3c46d09db79cac0a79998dbaaa605c88ed1101ca,REPO-15,GH-3526,2026-05-20 03:27:46,parent,456,20
20ca6a5d5c9cfbad1133e37d65477dd544b29d18,REPO-9,GH-8673,2026-06-06 08:16:14,contain,75,42
f8b2e05472e200fdea2cef2ee86d1d7613abacc5,REPO-12,GH-8837,2026-07-27 00:05:35,main,41,41
0ff3b730c71ccfc71bc0e40385b48b0d4ac4b29c,REPO-10,GH-6582,2026-01-31 05:08:46,method,364,68
a7659a6eeda6238f103ff716cea182608ed2e94d,REPO-11,GH-5757,2026-07-24 20:13:34,visit,495,115
e18ab8faa686602e456ad34c30ba8f9ded8eaf3c,REPO-5,GH-4150,2025-10-27 09:53:46,few,373,60
3ca793db5bf65af9e6cd90dbd3aca301ddc93426,REPO-3,GH-4946,2026-03-26 01:34:04,main,243,140
1db5ed68cd10dde95d4c7027e60b47b89f3d48f2,REPO-12,GH-9282,2025-11-22 05:10:10,push,43,26
a0f3f9bc9be588a346e2ba01c7fed6a1e09917a9,REPO-4,GH-8749,2026-08-06 15:33:16,know,454,99
e1efd6e2745f8925dc7d236c34e46c07b20dc059,REPO-7,GH-2929,2026-05-30 02:58:47,interview,321,32
2f3b7d127713212ed156b13c151766ff15cd6fd9,REPO-5,GH-4598,2026-08-22 15:24:50,base,183,83
4e055b3298414f0af2906db0721319aa842c9535,REPO-17,GH-4228,2025-11-28 21:01:47,former,234,161
f268046e5f0fe776164ccd9cb5976d5c21aaebd7,REPO-17,GH-9751,2026-01-28 00:36:16,main,247,138
9463141b10b3d7dd1bc42908ad9a2e7ac832ab0b,REPO-2,GH-7248,2026-06-29 20:48:19,quite,212,66
87325f8e3a43851aaded9fd5884f60ec0144bd49,REPO-0,GH-1409,2026-02-27 12:59:45,light,389,34
955dc611716500fe28d0533a72e4ce6b201eed6a,REPO-15,GH-7105,2026-07-27 06:17:27,him,473,125
34c8181eaf15c2d0357ee440bce45c00a303f093,REPO-9,GH-2118,2026-07-14 09:58:35,little,4,140
43667ee89459dc6dd5159cec3081d76f1e5e1026,REPO-13,GH-1611,2026-03-06 17:44:34,too,203,63
23b1aa5e5e70a9927e01bb733504f5427f5a31b3,REPO-12,GH-5902,2025-10-05 22:24:11,easy,135,20
19d2cfad69668c08fc86fb10b77f9b376971a53e,REPO-7,GH-7580,2026-06-11 01:34:57,six,466,156
f4efa7d1a0ca4dcb08fd4c2e65cbae0cd1b0e486,REPO-17,GH-1133,2026-06-26 02:03:14,develop,97,17
219d7bc39c2f914cbf96d534615e1cbe55ae3d04,REPO-9,GH-2113,2025-11-30 18:48:12,beyond,317,115
1c6adaaba4b971a5eac43d3deee7fbcd78b644d0,REPO-19,GH-6876,2025-10-21 17:40:24,material,10,38
5309ac84e1b70064489d078e83e8c9695960a48d,REPO-17,GH-6977,2026-04-27 22:51:29,spend,53,72
36102feae571b8f2d0539de23c43efdcfa9d236f,REPO-14,GH-8179,2026-02-28 03:30:36,because,47,38
12d0a0119b21fa4b10438f30fa31050a8a6cc44b,REPO-6,GH-3441,2025-11-06 07:46:05,clearly,403,127
354017552e39c23284fb94a14f64102b8097b0cd,REPO-4,GH-5889,2025-10-29 16:55:23,value,201,18
d43d0921d927db15a1f365f42a7e439a6a9bc214,REPO-7,GH-8905,2026-02-25 08:42:55,end,227,63
b59e438728ac39fac4ce1ccdd59865a8edf83bcc,REPO-3,GH-9984,2026-07-10 09:57:08,produce,107,121
80374110e2a7082368773251df56943840a7781c,REPO-9,GH-5978,2025-11-15 01:19:40,this,373,10
598f387303d093d5b6396e0d19822d96f6c3d760,REPO-9,GH-8784,2025-12-02 05:16:01,record,27,170
5cf37e224ce9ae2b8924375897fb4b5a07ef7a7e,REPO-3,GH-4613,2026-02-12 13:05:12,gas,167,3
3efade6e6f01a87249f745f0829683596acc09e9,REPO-8,GH-7484,2026-08-28 14:23:47,truth,405,62
7d5617f1e08242f37e925851c6a8b5de165988ea,REPO-1,GH-6928,2026-04-24 21:41:41,official,244,176
808876de30d559c1dd000f563fa37bc1ff20f9ab,REPO-15,GH-4116,2026-03-18 17:20:26,save,174,194
e6a6fb82690748e03954ea42de0420e7d8b52b66,REPO-17,GH-3142,2026-04-24 09:36:35,picture,250,59
8a624a77b31b845fcc78ece54e8160928648a937,REPO-17,GH-6121,2026-03-23 06:22:42,provide,178,112
446dc976b6b241ebbe46f2c324a52f39e2853488,REPO-4,GH-4673,2026-09-02 16:03:19,main,249,180
ec5094cb6b51405694287f4718a56231adc01f49,REPO-9,GH-8900,2026-04-18 06:05:03,none,98,145
a180bf41c35fdb42854cb8f57030cdbd4ac8a06d,REPO-11,GH-7818,2026-01-25 05:20:16,meet,141,153
7b0fd928102d23c36cda75c941fd926031c977e2,REPO-14,GH-1282,2026-04-24 13:09:24,main,278,93
db762609a67308e5216bc3bde3096a5e45df197c,REPO-16,GH-7684,2025-10-31 17:47:21,history,453,4
a70692f23d1f7d2445805c59106c642d48150e59,REPO-2,GH-6727,2026-03-06 01:06:11,main,420,99
2e9141d16d3b0e6afff351d972a12d73d8afbb80,REPO-15,GH-9488,2026-01-22 20:35:23,necessary,314,72
579a395dbef433699acad26b8e1e54da8fcb3ff4,REPO-10,GH-2113,2026-08-09 14:58:32,century,338,17
a5a4b2683f3a9b56df18c84ce509356b0854a427,REPO-4,GH-2146,2026-02-07 12:19:30,main,104,27
b5f202c3dc716f0b1f4affd60385af0fbd37b8c7,REPO-3,GH-7572,2026-04-22 18:34:06,win,429,99
224ee00b60a96be65d8bdbb36c527f207fb7cccf,REPO-1,GH-2899,2026-04-06 00:13:14,me,368,18
4ff7d67873ae0674697ac3787aa9b3d4a5c52f04,REPO-6,GH-3414,2026-01-21 07:39:27,law,456,20
80f6e0ee03eb44266148b799137fde4a0b40a560,REPO-1,GH-2713,2026-08-02 20:39:21,during,481,106
d9b3643638c0dced29b3b8925cb7ffaec5cff217,REPO-1,GH-6150,2026-08-02 09:29:44,hour,156,19
7341494a50c76a0687f68155a9420da676e7c65e,REPO-17,GH-8905,2025-12-09 04:41:39,option,270,168
5085fd69a6aa4053b6c6dfa01752c1ce92d4d4b4,REPO-5,GH-1815,2026-03-15 17:12:42,common,213,191
76260b065c4ac4899c6e86f73c4a0143dae7dff3,REPO-18,GH-9056,2026-07-01 14:47:24,in,360,170
f3e97c2ec91e82e1265ecc97c9d83705f8bcafb2,REPO-3,GH-9346,2026-08-14 16:34:59,everyone,282,102
70c8e7e0cd7e977d597deba2acbcea3f84c00274,REPO-17,GH-4697,2025-10-27 17:22:24,main,212,195
7c25d60820c22e7565d9b4062f50f37ec914f17c,REPO-6,GH-5719,2025-12-28 23:57:47,such,475,190
29ab8c1c0ef5b05f32f7dfdaa890d0b23a3e2684,REPO-14,GH-5689,2026-09-15 08:28:30,main,1,185
4f8268e45895c7b85a17d2c5fc5fa70526b7bb79,REPO-9,GH-6179,2026-06-23 10:55:51,feel,70,77
563fd2744c5d7e7142b944f6e82cba8f682c2cc3,REPO-7,GH-3607,2026-06-05 19:08:34,main,12,197
53cfb5fd9a31d5e534e6a14768c8fa65f5e6c274,REPO-18,GH-1406,2026-08-07 01:43:41,cup,236,91
5ffdb7f787543566507266ba780d94381e53930b,REPO-8,GH-2899,2026-08-24 10:06:51,main,128,59
9b1f1154d769edf0837e128df6ad9eefaa72c908,REPO-9,GH-3296,2025-11-19 00:30:48,public,292,55
afd9a79231a55b3c681cd9e941fe53d831c917d7,REPO-18,GH-6555,2026-03-22 19:11:23,main,305,164
e623d99e676bfc4b375656839b21fca2bc1ee9db,REPO-18,GH-2924,2026-01-10 15:33:33,million,29,197
efc015e7305492933fea55417a74cfa201d2fd55,REPO-13,GH-1588,2025-12-08 21:24:35,main,62,197
ffad79333fad8173e0bfd9eb9debaa07dc67a2d0,REPO-19,GH-4527,2025-11-25 01:13:10,nor,324,97
f273a688cc0490925bb52fe6617e9980595638dc,REPO-16,GH-2489,2025-10-05 13:21:36,blue,290,38
c23228cb6b240554a48b67f783d7b464c1cfc244,REPO-7,GH-4878,2026-01-14 12:35:00,senior,375,100
a5b9789e783cf358cd6143abac06db500961960d,REPO-13,GH-5526,2026-03-16 05:25:28,early,76,33
3dff518cc10b9751992dfd3dc297769d01487591,REPO-15,GH-9725,2025-10-31 23:46:55,minute,281,102
f3098d7666771e294aba163161040e997ae1e517,REPO-12,GH-3370,2025-12-20 07:25:29,forget,358,33
5486857fd75c6e67fc2035d2c2172f7d2568a7fb,REPO-18,GH-4848,2026-07-29 02:34:34,hot,377,134
20d33a4e54c07db07fc1bfee21a47ea2457fcdbd,REPO-2,GH-5941,2026-03-26 00:56:15,almost,166,175
c348f3abb7144c95db95675612385f40662c56a1,REPO-11,GH-9199,2026-02-02 05:13:32,social,177,152
68357e3d7b3e573d4b96ccf4644077a178f54ce4,REPO-14,GH-7171,2025-11-22 16:43:21,stand,23,59
db544b446b208ede4088424685e69dae3093f331,REPO-11,GH-6442,2026-02-26 08:43:16,many,437,21
bf50199705734c4b36c7be02f1dfbdf13a145fe2,REPO-1,GH-8564,2025-12-06 11:45:17,main,475,37
f1337207b629be97369a39628aae6a0f8a407947,REPO-3,GH-8933,2026-08-19 18:47:59,I,12,84
2f019b049f95733afe077a64aecc748ef9a13459,REPO-17,GH-8251,2026-08-14 14:57:14,special,268,192
2d36ed3c30a1739b6c7b4eea82ccc977264fb9f4,REPO-15,GH-2388,2026-07-01 12:24:33,spend,73,177
8e32197197e303079b75e9aa7f967517ec2bf568,REPO-1,GH-8613,2026-03-17 23:46:49,along,357,158
3e09c49f5bd35e38ed5d15104af3aeedc17b13b9,REPO-14,GH-8361,2025-12-13 07:34:34,main,35,99
2996b20bae390968df5c4c52fac57564c6e09bc7,REPO-3,GH-5741,2026-07-23 09:17:18,reduce,453,166
8ff56c36823ef8130f0b5ab1fa62a2627e30420e,REPO-12,GH-1858,2025-12-16 21:57:12,main,51,80
91a50bbb835cdde2cf3453784a37eabef29e5361,REPO-19,GH-7132,2026-06-18 14:35:16,would,102,128
2c2b94523c825cd5ea83fdac84c7e06353e01ffe,REPO-16,GH-8933,2026-01-30 10:15:08,should,202,190
1e72a32d83468ad5a340ae513f9bdb10117895d3,REPO-11,GH-9312,2025-10-13 08:17:11,often,321,77
f6c13d5ee5c3e9f976ed8cd98eca027d030334a7,REPO-16,GH-9548,2026-04-17 06:28:11,main,321,65
6eb27b7e28df931a2b7a182b09ee619e8dea89ad,REPO-10,GH-SHARED-34,2026-04-01 20:28:12,decide,71,22
8e719d55bb079d11586de0d99bcc6a182d13d3fa,REPO-18,GH-4878,2026-02-13 22:30:18,treat,160,154
9b62f4d5c2058e117b39783341010cb75ddc3901,REPO-17,GH-2753,2026-06-12 21:07:51,budget,71,148
2f546ded23934e67493739a547f573fb0c25232d,REPO-16,GH-5325,2025-12-27 14:26:46,garden,466,197
693a51d0f8ce4f38197262f22692d2d37184955c,REPO-18,GH-5065,2025-10-02 19:31:35,fact,286,136
1e6e5e32f9d6e3c70bee3c12c1e31b3cbb961949,REPO-10,GH-2465,2026-05-12 00:51:18,main,493,105
09137aedd6c104921f67358c2432035403f95a0d,REPO-8,GH-3532,2026-07-30 10:26:18,and,55,33
8c19d9548540beb7c86077b8e713125d0d7b79b3,REPO-19,GH-6482,2026-05-10 15:06:56,may,291,156
c2765028a694571b50ccd3aa2efed19c5b7892f9,REPO-7,GH-7232,2026-06-21 07:29:57,hot,184,20
337291b7dfcf7f085eda4a9cdcb94fb2068a6614,REPO-5,GH-6608,2026-07-23 07:26:02,coach,243,35
0eaf90985d09d6a9de485ebdc5c3fb3fb7445e06,REPO-7,GH-4456,2026-04-09 02:40:12,present,497,3
f35275848c33955e81d898cfaaf85737f48ee1cd,REPO-6,GH-8842,2026-02-05 09:24:28,song,91,112
abfc09788d7df474305aa7996d33fc338e735484,REPO-1,GH-2013,2026-05-27 17:44:27,heart,195,184
a95f1b5aaabb6fa282a466b6a69a5026eb357ffe,REPO-19,GH-3223,2026-06-04 06:57:31,not,275,134
ca5377c9a7a1338764397c0050693669095a26dc,REPO-1,GH-4267,2026-07-31 08:05:07,main,266,137
2e5ef906e6de94e0f1cac8c38e229bf569a60fb3,REPO-1,GH-1815,2026-04-04 10:06:37,open,392,161
3c0aaca800cb6052fd87a74b40fa50c3b1fcc363,REPO-9,GH-3762,2026-07-30 05:00:51,main,237,42
569c1c1aa334cbeffb63d67317f454ff77f1a87c,REPO-19,GH-3927,2026-02-08 20:19:16,leg,463,36
332245a8255f7d313cc4d92d6ca3fb0f8b3b4ae9,REPO-14,GH-2790,2026-07-08 16:54:01,risk,58,46
1863332bd2bb3a4b0659e1d76a5aab7f9680783d,REPO-14,GH-2169,2026-02-20 16:08:49,center,303,182
4da85d2f5e07cb6a9fc5527baae7b3b7a80d7a4b,REPO-5,GH-7981,2026-01-02 07:44:36,memory,47,29
5a928497e4cd3e9376b7306e2d382395c8cbd2e6,REPO-12,GH-8179,2026-06-28 09:19:00,financial,262,156
3e16f26c78ea1f5ea80be4e8588285ace61720e7,REPO-5,GH-8699,2026-04-25 17:44:00,customer,338,38
905f017d6ea38b451837ac81e1c3a5e70c309ed5,REPO-4,GH-6409,2026-05-05 01:07:41,happen,27,107
dfe8353882ec061ebde88043c073bddd7b1bb430,REPO-14,GH-6576,2026-01-30 16:00:34,face,61,33
5abcdcf768c69754f9dfce9224c18b3b52fceb50,REPO-15,GH-5571,2026-08-29 22:16:47,who,414,1
f63313c4bf02b7fd8cd1c0d1cffa76c46fcd1a3b,REPO-15,GH-8222,2026-08-27 04:05:37,authority,41,153
58e0fa15391c8ef3cef037db0949a8599f0367d5,REPO-17,GH-6555,2026-04-21 05:38:41,main,26,47
b7ec83c77170dca8cb84ddc462950ecd35b35a7c,REPO-11,GH-3287,2026-01-19 18:57:15,number,17,170
e4ac8c6853234a6e3040f86b66bd59446bc0d2d5,REPO-5,GH-8541,2026-02-16 12:49:25,stand,313,169
6e3225ac3a94c6b1314191e086b096af2d8db0f8,REPO-14,GH-3852,2026-06-01 17:55:09,similar,477,9
9ffa630910cb567efbad32c40af05d548fe6a192,REPO-9,GH-5978,2025-12-08 00:23:24,president,195,17
37649fe5854a583b897ac25c15bc264a20adfb20,REPO-3,GH-8612,2026-08-25 17:18:47,main,169,134
154662b2479f9d45de406892738be781591129ad,REPO-6,GH-8840,2026-05-25 19:44:35,set,30,27
95f1d7f110b1093eb5f1025bf372af0b4e60e1a5,REPO-19,GH-6121,2025-10-21 13:28:23,main,148,109
c5257fc81273f25669fba6ebd54df7938fd8da91,REPO-19,GH-3870,2026-04-24 06:31:26,main,315,144
1dcf2f572e315910a3f7dc85bcfbdb787c38b286,REPO-15,GH-3001,2025-12-09 16:47:48,main,453,156
5ba5f3eb630f7fbf8c75b21596047eb9477d2e4f,REPO-9,GH-5649,2026-04-08 04:34:46,class,13,119
41c16a56dee936ba54035087c04a5d93dfca4280,REPO-13,GH-9742,2026-05-23 01:01:30,it,180,143
5414ff78327ed85175adec01462aa801c4022d9e,REPO-9,GH-4908,2026-06-02 20:44:34,big,158,76
87c3c281efde6feae0fe34823458e7f31a44f1bf,REPO-10,GH-9922,2026-04-18 03:40:03,animal,292,157
31825922472fb878e94992f795ae5d60faa9a2d3,REPO-1,GH-5616,2026-08-17 07:39:05,could,80,160
d6f1b5d9a077fcf35d93fb8733f157d0a1b68f1e,REPO-17,GH-SHARED-69,2026-09-01 04:37:41,both,402,105
fb914375109e3635dab28666d891797480bcffe9,REPO-10,GH-6105,2026-04-03 11:03:51,almost,107,147
be053c205e8e437a5b1482cd726f4ab8c7d1d263,REPO-0,GH-5334,2026-05-06 17:18:16,main,321,136
3303abb9298e52a14c9af7f59a6823b0c8a0ab58,REPO-3,GH-5712,2026-02-24 21:05:19,never,158,180
a7b6ba0197d6803b3816f831bd693d0bc7c767f9,REPO-7,GH-6927,2026-05-27 06:54:42,establish,487,77
ae92d411b62ae65b3dad0c9bb1d3050f0a686b5f,REPO-9,GH-8144,2025-10-16 00:35:47,police,402,9
dce4f15c02ef17160e65e4ae1c61ea9c0bb7a212,REPO-15,GH-1046,2026-07-02 17:53:14,wonder,175,123
715d73669202f00617326b9b6923ab5318323f25,REPO-3,GH-4261,2026-09-19 15:45:20,main,265,173
0e01d8f5088f338e8731c506cd6cb3db535318b2,REPO-16,GH-9565,2026-04-05 19:18:59,there,478,11
16b56bf707921c9cfb9dad1da26c1b490907c489,REPO-1,GH-8973,2025-10-28 00:20:12,purpose,338,190
b8f6676b8940037a4d8f8868c2b63be64b5da09e,REPO-18,GH-7708,2025-10-20 12:51:07,six,457,53
1cacab7fe726b6bddf0db20dc4847e245d2987e8,REPO-6,GH-3979,2026-09-07 18:30:00,home,164,197
5a87783333213021078318d8b9e4de40450010f6,REPO-3,GH-6934,2026-08-01 10:01:40,than,141,29
74e192823e394bc4c48ac903b3c31fd19e2936a5,REPO-19,GH-7947,2026-05-24 13:19:14,amount,106,138
d91a568ad335409a334a821d5a09ae520aca1fe8,REPO-10,GH-6590,2026-07-09 03:15:37,fly,361,72
f9112e653abb65319b322dbb05437c96bc130a23,REPO-10,GH-6119,2025-10-27 05:29:44,natural,67,7
7e4bb31761981c3fa1d734e3f8e5e61a77c5374f,REPO-1,GH-9883,2025-11-03 16:18:08,during,45,109
bd77af8a023027c2f2f33818b0a93cf5a4545f6a,REPO-19,GH-SHARED-87,2026-04-21 10:31:31,data,429,176
98e591ab738c425f16b1398ad872540902030939,REPO-6,GH-2293,2026-04-19 07:33:01,over,415,136
e0cb04c5243e68d2f696d700d99cf579ef3559e8,REPO-14,GH-4460,2026-05-27 19:32:13,open,417,178
5f3511882b189da8a0e6a8a5f9fccaa519bcce02,REPO-14,GH-9751,2026-07-14 22:04:58,skin,364,196
343ba1d5bfb530ae5e57e153c0f532ff1bbe08ad,REPO-7,GH-4788,2025-11-06 22:32:55,part,459,157
3b9b62f1fca02658b212e002e577d67889d64d7b,REPO-11,GH-9318,2026-02-12 23:32:44,scientist,470,170
d5bce050fe153f99fed2ea22e4303c9f78540527,REPO-10,GH-8222,2026-06-12 07:35:36,body,34,121
ed88ccbc00aa4ca270e72a455f48ee1e4650350a,REPO-15,GH-5835,2025-11-30 17:51:38,main,145,196
27470d747437799c7058571939805d3ff48e55bd,REPO-18,GH-9666,2026-04-28 13:08:05,green,208,182
beb3d6ca63fa68c1bfafb4ed5fd1ebe60cf7680e,REPO-9,GH-8770,2026-06-09 07:43:35,plan,303,105
eadb835186f0b1654123b2933c7cb1556be7e0f4,REPO-7,GH-5381,2026-03-18 00:15:28,weight,247,98
525d95083fdbf5ed26d2b82ffb0905791f8148aa,REPO-6,GH-6939,2026-01-27 08:32:33,garden,221,200
ed0795b96d944a5323eeee151df9472a97dddca3,REPO-7,GH-9379,2026-08-21 01:41:43,south,40,189
0efdd1c269f46e6a095c51f7e4edc70fa4acec02,REPO-19,GH-8673,2026-05-30 21:19:03,she,50,113
b4f06350752b3bf610aa4e5e14531a3e667ac79a,REPO-12,GH-7932,2026-01-30 13:51:58,order,351,152
8e2d73cef1ab1e60a7deb225604fd26f4eab3bb9,REPO-1,GH-2790,2026-04-26 20:41:25,space,72,148
0f594e66bace4643d29c5f39af8080b3221b6e89,REPO-4,GH-1645,2026-04-28 15:40:54,environmental,200,157
8f35bae3b0175c987cd1dd89f6479d8ad9ec909c,REPO-9,GH-9955,2026-02-13 18:36:29,line,469,88
7552748b88cd05b1be959d664a19a86203051f16,REPO-9,GH-2832,2026-02-28 04:14:15,already,282,13
377c9eeb950ff8e45aa886c1791f12bde7f570f9,REPO-17,GH-6990,2026-01-15 10:39:04,main,57,72
269e2aa571db718604f5a3247f48119f6dedbb2a,REPO-10,GH-9507,2026-04-15 23:33:15,voice,196,111
d44aff4d8f67d4d31d4441c8d6270fce41871400,REPO-17,GH-5479,2026-01-22 04:27:12,main,185,106
4932b2c30695afa5c2e9d50be0d8abe9f52b2258,REPO-4,GH-4335,2025-12-22 03:13:09,forward,332,4
ed1f89b4d4ee7f2df5a33c62a0b8ea4dd35a34aa,REPO-15,GH-4637,2025-10-05 09:21:24,yes,70,21
f6a6783805ba9d1c8ea6e9fb611a1721fed0cffb,REPO-13,GH-6714,2026-06-21 19:44:02,wide,404,178
dbf7757353bb26765544bac74961fe82d2e2ca60,REPO-13,GH-1502,2026-04-29 23:35:59,main,197,90
b0ef14f61a85dee91cabbefc6c50a2046073e9e3,REPO-13,GH-1672,2026-05-06 14:05:54,clear,256,187
cc22383f5e236c9589758f20cad4003a3ab58a18,REPO-16,GH-8018,2025-11-02 13:54:18,heart,280,147
92e4ea825cbd100e7ed39e813296cb5b2bdb288b,REPO-1,GH-4460,2025-11-26 14:06:32,hit,189,28
d3e830104a543eac0731350bc5836173707f3ebb,REPO-8,GH-4696,2026-09-07 10:59:40,early,268,156
77684b58d558d051b8000e64e0d0558170d2dea9,REPO-15,GH-3253,2026-01-04 11:27:03,best,492,171
a6dceafb11d4b1640c264ef14f7dd043ab24c6c6,REPO-17,GH-7850,2026-05-06 12:24:39,whose,314,13
2686fee9e5e696d49b781b302b443bc387a92324,REPO-16,GH-8451,2025-12-20 09:44:51,several,170,107
92feafb4c461b6003f21a2dc5344c1faa299baa8,REPO-9,GH-5526,2026-01-31 01:26:04,consumer,356,152
4e115aeab96bd5753dd03b8f86bbb057c6b8fbff,REPO-18,GH-5279,2026-04-04 14:09:04,road,337,74
a9fc6ae3071be701158e22f267bf62bf4aed7098,REPO-4,GH-6869,2026-06-26 22:06:08,whatever,402,71
7d7db757f07d5e53b808515f19febbac858706df,REPO-19,GH-5022,2025-11-02 23:56:33,first,132,3
5236e541146b795105378a6bf45ee48daf8847fc,REPO-14,GH-9889,2025-10-11 11:24:49,main,134,200
c6b2097fd2d2417165caa282d3dfb7f85ff51fdb,REPO-19,GH-4261,2026-05-08 18:26:19,state,254,192
6a5690c69ca31b556df05ae41670a23f1b70db4e,REPO-5,GH-6198,2025-10-18 16:19:21,good,432,88
e9950c876b29eec80b81b16a2e403f76136aaefc,REPO-8,GH-3126,2026-02-09 02:01:47,main,27,42
98bce703233394e6a1bf638c356fefdd0da1537c,REPO-15,GH-5118,2026-03-14 15:05:44,trip,486,192
42a530dc6a65179d016535e1a1910f4b178a2316,REPO-15,GH-6111,2025-11-12 18:36:15,dream,446,111
e0132bf3bf46f1020c737861dc3a8a7d795a7015,REPO-14,GH-3522,2026-07-14 07:57:19,play,493,135
10b4ff64c2a320bd18ed4dcadfeeca74ee1b5b87,REPO-13,GH-3827,2025-10-01 09:39:41,main,440,69
cd54b272f395daf1b89b2c4ccca7abf484e889f7,REPO-8,GH-9433,2026-05-30 11:33:24,focus,336,149
692c17643e60ca9d519006f3099f55c7b09b53ee,REPO-7,GH-6150,2026-04-18 14:41:32,notice,395,49
123eb673d860dad4c49c09fcbc5b904f1237223f,REPO-0,GH-9647,2026-05-04 08:27:18,morning,35,3
f98bf80be3170224e78e4a8e946260fb858f6fe1,REPO-16,GH-5861,2026-06-24 22:45:37,apply,180,56
8d7909696b3281ea191f985cf14eb39e479c3c2c,REPO-2,GH-9317,2026-06-15 13:49:14,main,337,55
8867e958616aa25c71e80b087e863298c1f20a1d,REPO-12,GH-2502,2026-02-26 13:01:02,soldier,332,144
a32ffa1a8f2aedae37f1e337872b9772abdd56f5,REPO-8,GH-9041,2026-05-16 02:07:09,believe,480,19
90eac93b66c107bc770cc0076d72d03c16d005e0,REPO-10,GH-5198,2025-12-22 05:04:24,stop,38,70
ddb532eb70513eff95836ed31b2e0613ac5a2149,REPO-14,GH-7932,2026-02-27 02:26:11,great,476,51
d8bb424ed37e9919fc6a71a4f19ab5cdfa1b6295,REPO-17,GH-9501,2025-10-29 00:27:41,skill,315,164
3c952168f27cc7c58f0232d3d259f234414e633b,REPO-14,GH-6262,2025-10-16 02:41:52,everybody,18,18
5aaf93a909c4a21b4f0a79bd7b57404e4ebef95f,REPO-8,GH-1674,2025-10-30 00:04:44,leader,460,127
8defeeeb8e51456f0a25e5c69de439b4240eb665,REPO-0,GH-9830,2026-07-24 11:39:29,sound,137,38
a672bd8d60e635ec28c204f5b7b135d7f0cbc285,REPO-15,GH-1609,2025-11-18 08:10:18,decade,433,186
86626485759ed0c0c4a893d4c9aed8fc9655cf29,REPO-15,GH-2638,2026-04-04 10:16:49,owner,479,91
6f6913e86cc2075cce459bda6d78c678e6b46afc,REPO-9,GH-4826,2025-12-12 02:51:47,simply,491,165
7a9a21c5878b9a443bb173409b5ca82fbbbfb2d8,REPO-17,GH-5331,2026-04-18 13:25:43,main,42,117
f575353fed3de7a4b940155148e36cb69593240e,REPO-1,GH-5479,2025-10-24 18:51:20,law,154,178
df5ad49402447af8c7b33aa0a6a1df62a187bcbb,REPO-3,GH-3253,2026-01-30 13:30:00,parent,250,21
579294992640b5d466d80ac1ca8e1999ea5c42de,REPO-6,GH-2169,2025-10-31 18:10:04,job,304,61
cc6ab4c26ec2122b85a1d905e7580a1c6cb07c4e,REPO-2,GH-9437,2026-03-10 10:46:11,cut,158,127
276b4a7761241a89d6c3889b1982e06565fb370f,REPO-10,GH-6573,2026-01-29 12:35:00,reality,208,30
5276c3bfe34394dae0c5f2a798f3a969cc342295,REPO-16,GH-5465,2025-10-06 08:42:33,main,446,137
07e95d9aa0c795128a0a4432aa8119248f78e05b,REPO-18,GH-7389,2025-12-01 16:39:31,main,19,188
10536fb76022a0311092a5261434d2c0a4647472,REPO-0,GH-7086,2026-05-24 06:40:52,main,317,11
4ad6e47d32d381bd1b69b676e59491ba6facb64c,REPO-4,GH-5333,2026-08-04 17:41:11,child,26,78
2c8a09d9d86c4a5fb1f400bc3b7e7b33624506d5,REPO-18,GH-4946,2026-03-17 00:30:07,main,55,29
0715e8da1d3002e119c3543ad9fef0f04d25f807,REPO-19,GH-2269,2026-08-10 17:00:01,reveal,104,109
9cb57bb2ff9dcdc92d890fdd01405a98319224f3,REPO-12,GH-4697,2026-02-19 03:20:51,should,351,147
b5862c47c640d703de71c799579cc9788d7e31c7,REPO-18,GH-9379,2026-08-24 03:25:23,sister,62,70
d02c38f2fdbb3155b891990b1f11b4a6dbdc7fcc,REPO-13,GH-1452,2025-10-18 03:24:59,pressure,284,42
51663b12be8bb7de0df285fd5656a57315d8b69a,REPO-18,GH-3266,2026-09-21 20:49:55,there,406,161
bfcf0342462791c973e8b9a67eaef6e9450fb420,REPO-0,GH-6409,2026-08-11 11:17:16,main,362,166
fef47cf9e7ede0af328df1b8d24d8bd80bf03923,REPO-4,GH-5668,2026-02-07 06:36:22,bring,231,105
ee439285b09bcdf0178de86a70a837f8025f768f,REPO-5,GH-3827,2026-01-23 10:59:29,agency,306,46
3c0b106cd495dd7bd32daab701ec20315f333acf,REPO-17,GH-4613,2026-02-02 20:24:01,note,272,24
78c1a9f5664195c06d1a3dbc39dbe83a70e15ed3,REPO-6,GH-5425,2025-12-18 05:54:22,necessary,58,38
a1dc6cde8c69d02a58be43efd30b9a7e3a390d91,REPO-1,GH-3927,2026-07-15 08:54:07,meeting,146,53
8fcbf19b5454a0cde1d92e5558e6abc0d93ef7b6,REPO-10,GH-6482,2026-05-26 22:15:27,main,389,116
f4f204f13356150a75c1ca48e195ea072a7f6a14,REPO-1,GH-7730,2025-11-20 20:32:19,relate,403,7
1d911f3955f4ee0ec0cf4da2de742167a54d8099,REPO-3,GH-9835,2025-10-04 02:28:43,main,370,113
f917972abc9bf69b612694536cf9073bcb9f4945,REPO-10,GH-1320,2026-09-13 19:59:34,animal,167,58
8123347a589eb182f970e3260847b983a55ef1f3,REPO-13,GH-5450,2026-01-04 04:06:39,federal,457,56
121c9e1b0888ca68d36aa70e9a8b1a0153636f91,REPO-18,GH-2622,2025-12-13 21:42:29,prepare,224,37
d88a1856310f1dce38c240c73056bf7a92c629c5,REPO-19,GH-3153,2026-01-10 07:36:42,real,192,34
875cb0b224ea3838dc2ce78e20a578417c60eecb,REPO-6,GH-2657,2025-09-30 04:45:55,recent,139,51
456bf6ac60fa79779697d8b3b5843cfed438d5ae,REPO-1,GH-6447,2026-01-10 07:52:52,while,144,34
94b3d5816e8c315c8d040b4218047961ccf00375,REPO-14,GH-5465,2026-06-10 07:40:00,box,390,87
94c11772cfc406abe1a361db819caf4ea1f27132,REPO-9,GH-9307,2025-10-04 08:54:29,use,407,163
bd27eb7b7bc9cf779ecd88fbf6c6f6b6db16e3b9,REPO-15,GH-9899,2026-06-06 04:02:09,main,303,121
df1d79a2c83c70216da4a1ac208dc77acb57f2ec,REPO-7,GH-7906,2026-02-21 19:28:39,security,297,56
990222b803448e8908d3ee45b0b9a763ab8a162c,REPO-15,GH-6150,2025-11-04 15:27:32,memory,18,108
8a43584afc8120ced8daacd7369d16be16692b8a,REPO-17,GH-1430,2026-08-29 13:59:34,behavior,375,104
84a589f1522beddd50625e81694f1346d172bebe,REPO-2,GH-7201,2025-12-08 08:37:16,lot,157,41
46f7d0f54f00e41066d56003c21d120c75103a04,REPO-14,GH-8673,2026-05-02 17:04:18,age,448,180
b8eec845980b5fc7cb5ab64addac69331395daf3,REPO-11,GH-9331,2025-10-12 09:36:16,next,325,0
2b192a02138510bf9f809908381db75dc19deabf,REPO-1,GH-4986,2026-01-23 09:12:56,increase,139,178
2af6fd041a4353423bad1346686bd8270c0ae037,REPO-2,GH-6082,2026-07-13 01:18:34,main,377,14
b541d9d0b8a69a1d4a443d5559b6905fbc4bb9d9,REPO-11,GH-4696,2026-02-08 15:18:29,hear,188,93
d02fbbda9733c29933db22af5793a078c5c95443,REPO-17,GH-1783,2026-05-27 18:39:37,more,364,198
ba9f0c16445c8ef88c0c55323095d0d9da6297cc,REPO-10,GH-7624,2026-01-12 02:27:25,process,333,122
2c1e61ff1d97cbbae850f3eb0cbb21b33741ba0c,REPO-7,GH-2213,2026-01-05 00:49:51,voice,137,128
3396710f36aedb768558aed8aa3171679642f955,REPO-14,GH-7686,2026-08-09 10:07:05,yet,425,31
c77bf9adb7567e056f3cfaf2fbf4b1a70161c8f0,REPO-17,GH-4963,2026-04-30 11:29:41,main,461,74
233cf6d7a356c2b45868d3a8e9684387a46a4f8d,REPO-11,GH-6123,2025-12-23 13:40:06,watch,355,16
4dcecae976240137f02d9ab398bfeedf4f7a1df2,REPO-14,GH-8651,2026-02-26 12:40:51,begin,460,45
be3bdd89337b44f31a4882a5fffcda64237a6f5f,REPO-2,GH-9701,2026-07-07 10:09:00,resource,58,178
f349adfac840ceab2ec45d4d31550726631ca708,REPO-4,GH-3252,2026-05-22 19:31:04,rich,488,160
8134e30b07b5328020efd14d7366c1f0f1f12647,REPO-13,GH-2402,2025-12-24 06:52:03,page,68,121
4e595d25059bb8a24a295bd8e70f42b82d8d1eb3,REPO-14,GH-2929,2025-11-25 06:48:38,forget,150,48
4fcd8bb5dcd9dd03d9695f0b94efcb98c5d9ddb3,REPO-7,GH-6040,2026-09-15 06:26:01,main,331,85
ab83bd6b3acc5b08fa31cf403fe2274db53e37ac,REPO-10,GH-3414,2026-03-20 09:38:43,design,168,124
b5c63721901bfb5ceac2d2e3fb19b485f77091c0,REPO-9,GH-1897,2026-06-07 08:34:16,number,405,78
a05374382b56e59ac90fbca33591f864073c040f,REPO-8,GH-6421,2026-06-19 14:52:50,travel,498,73
e0ca606dcef1f88d2a7712aeb7c078bf10a77d16,REPO-5,GH-3463,2025-11-19 14:21:37,main,365,137
3a222714b3057dee83c8bd4f38d9eb3ec6d0b0cc,REPO-5,GH-7229,2026-06-27 19:25:57,where,464,170
679ffb5c109c370cc22ffcb413239e7b9ac90fc8,REPO-10,GH-1693,2025-11-18 11:43:47,when,134,94
efc2fa29350f110ea0dca842fd09f25279e4df6b,REPO-17,GH-7553,2026-07-23 00:28:17,worker,163,88
0d3ff6720c8b469f40667faffbecd5a819ab5199,REPO-14,GH-1842,2026-05-04 07:48:56,main,274,77
d21ce2322d66a75ef7c7454544f80b67229b5c27,REPO-0,GH-1606,2026-01-28 06:21:52,main,394,37
39a90a55ef60bd588ef6a6410c3890611b360a42,REPO-9,GH-4626,2026-04-21 22:38:48,main,497,193
853e31aa94085bf7bc03635e1a0f466e4da06227,REPO-14,GH-8438,2025-11-11 22:32:05,those,375,122
78d400a39748ab707c2e6f2043ac9824677c1916,REPO-0,GH-7730,2026-09-03 13:54:24,all,113,114
9acf7971c1e83d579b54fc713964b23a5350d129,REPO-10,GH-2743,2026-07-21 05:27:24,job,100,149
c1f06e92a2e69eb8797a719282e713f428c7f5d6,REPO-14,GH-1269,2026-03-05 16:13:46,skill,45,131
78e2b45de2c885cb0e7c6d806ca482926fae7a6e,REPO-15,GH-1841,2026-08-12 01:52:13,worker,262,14
0a1ee1d4b30bbff4557c2daf4fe629b3871a9177,REPO-13,GH-9889,2026-07-10 16:54:33,start,7,72
9eeb04b15fc53a3b7fe665cbcc017463f16cfb3d,REPO-9,GH-1803,2025-12-08 22:45:12,main,45,55
fbd73a24ed72dfa3edd4624a91641bf701d425a4,REPO-13,GH-1530,2025-12-07 17:02:50,main,72,150
339e793c8bdc6715d2d03111f1f1fadb420b0247,REPO-16,GH-8699,2026-05-22 15:10:01,police,492,151
fb55088a6940bd0218fa73a18de199e68f07deb2,REPO-8,GH-6188,2026-05-05 04:18:35,pick,237,181
ca7f9dad50f8d223ae0b630597cbb884cef3b68d,REPO-9,GH-6040,2025-12-26 03:11:00,agree,253,143
08c761d4f1400f0c0a09b817fca5c660af1a0de1,REPO-9,GH-5668,2026-02-13 11:38:37,main,242,31
6b75a14672b96a514ac37aa86a8d007a7721c7f1,REPO-7,GH-4598,2026-07-26 19:35:33,morning,142,126
06f643a26add7e03978ba2a4753d40cb4010ec35,REPO-15,GH-6053,2026-08-21 13:39:54,seem,133,160
832160f748d3cb492d23a9b36bd5967147ebecd4,REPO-0,GH-8726,2026-06-06 05:30:10,together,298,14
3317c9279e8b1fba8a839b37bafe3c5f4699ba10,REPO-14,GH-5706,2026-02-24 10:28:36,certain,183,41
150b15507741d043e03f5f2f028b700b646a333f,REPO-11,GH-2480,2025-11-29 13:41:05,alone,490,91
e7ab6c01727484949d849da824345871d123fa21,REPO-9,GH-2557,2026-03-04 15:24:44,administration,40,131
e1d72f78a91066fa3ba0d8496a78f72f216f055f,REPO-5,GH-1907,2026-09-21 08:45:55,itself,386,42
ba66167bc3361b8497e4e44fa50308bf5d58aee2,REPO-8,GH-9316,2025-12-22 09:26:27,degree,186,24
7f4a96ce581a9ee7ea295cee4e24e73e065b8183,REPO-16,GH-2419,2026-07-18 06:04:30,cost,249,105
8095d95233f090af1b887533a5c8644fef4ce367,REPO-5,GH-8454,2026-03-16 13:31:12,might,258,56
e99a1632a27fa7d17329bdba5bce6d472dc24226,REPO-17,GH-1599,2026-06-21 02:25:49,lot,59,106
a6430f20f6f0215cdb1d31c1ee768dd316afad28,REPO-2,GH-5272,2026-09-06 15:59:41,main,473,4
8d36e9e9c82401efb493e3346d13d056925838dd,REPO-9,GH-2698,2026-03-03 04:43:01,political,419,113
1dbb31d427b6434ddf27632f01eda3e9880c0fd9,REPO-9,GH-4598,2026-07-09 12:52:27,service,61,56
2fb2eb499a86277eabd5ceea90efb8d694e2cce1,REPO-4,GH-7116,2026-01-26 11:30:04,wrong,65,53
42047fe325f21492030e71b034bfc2989fb22358,REPO-2,GH-7141,2026-07-12 07:23:14,not,402,28
d6d3b7059b128606d4532cd7da2ee389d1408f65,REPO-15,GH-8842,2026-04-18 22:35:19,sea,101,27
3bf153222cf6708177748eb2d06c99097008ee72,REPO-16,GH-9095,2026-07-29 13:42:36,boy,61,64
f26aa0fc82d44af215b590504cf6e8b090387449,REPO-9,GH-3273,2026-03-21 08:23:30,understand,50,200
2ddb8fe80881a0837295b1b8bb1a6c5084ed0181,REPO-19,GH-4585,2025-10-13 10:25:48,else,103,47
823e7f17ea37140858e8c17b5db64600d59e1f35,REPO-5,GH-5571,2026-04-16 09:44:39,simple,374,156
5001627813d32128a2582415e2dcf026eef2585a,REPO-18,GH-3103,2025-10-12 04:56:12,name,297,195
bba48a4247d12800313fff4dec54627e22d899c4,REPO-6,GH-6262,2026-07-21 02:53:31,appear,145,43
939af4fe9f0c480d56dea28fa9b22ec481973728,REPO-6,GH-1422,2025-12-09 16:37:07,main,244,93
70ca7f544e4e13b5a92d5bdc93019b414c851322,REPO-12,GH-1919,2026-02-28 13:05:09,staff,117,104
e13478f1bb05b2c47973a7ef352d41d3dca668f5,REPO-10,GH-6718,2026-08-14 09:04:19,compare,267,34
d05fe7930c984b942bec1aef6d0220261e4d5080,REPO-11,GH-1783,2026-03-10 00:43:05,wide,370,10
053582688e82d20a287684ee19ca22a23b7a4827,REPO-15,GH-9565,2025-10-18 03:29:49,well,234,153
8756e4134f93d1558f9103dbcca375a92f8c5375,REPO-13,GH-4443,2025-11-21 04:51:16,main,459,121
b986abe4b22040f56a38fa4106a3fffb13d50066,REPO-14,GH-9692,2026-06-04 21:11:16,seven,44,30
a70f8040712b11a1205026868989ec979071c52f,REPO-12,GH-8612,2026-04-09 09:33:14,start,53,189
fd6f08d971e7db3126cd28f5d71ff4a9b198749d,REPO-12,GH-5345,2026-05-12 07:51:12,safe,218,185
0d7842ee59b30581b8ed84768a9a000e9d4bdf13,REPO-18,GH-9095,2026-04-27 03:58:07,job,405,164
94590f501105f6e4b1e572bee7949208419da77d,REPO-12,GH-2622,2026-01-30 13:57:34,country,76,196
17d1d8a72a2399ac8e4d01edc2cb3ef82dc9396c,REPO-3,GH-4673,2026-03-22 03:41:46,seem,119,160
d308403ca1808d2c4107cf998225e572a7424ee8,REPO-2,GH-4817,2026-09-09 20:29:56,look,498,45
16ab71bd42142be947f01b9c0da987081e65da19,REPO-10,GH-4878,2025-10-31 23:37:14,role,320,24
7b85a25f1a84e5b165c33497574b201f6580eab5,REPO-14,GH-7291,2026-06-05 20:15:20,style,255,125
742640e9cb471e9544db6e7fd03dc32b755eaf43,REPO-1,GH-4945,2025-11-29 15:37:13,main,61,98
17ebe257f2d499287eb6c7ed913cf395fd54a648,REPO-12,GH-5847,2025-11-13 22:36:03,seat,17,45
81c97d45fb2ec8e8ca762c2cf1b48326472cec14,REPO-13,GH-4335,2026-03-20 11:46:55,bed,200,124
303114abadf0bca4b262f7c8808dcddc6f26cefc,REPO-17,GH-9725,2026-04-18 09:24:59,short,288,40
2da47537c6bf7714dc46a8088a24b4cc2f534951,REPO-12,GH-6482,2026-07-31 04:21:37,population,393,72
7897b261c808b915467f738c20c0aeac925a007d,REPO-0,GH-3399,2025-11-28 01:27:29,husband,429,93
89b6a0bc48b8b7921783f188ac62609cc6596ec8,REPO-18,GH-5010,2025-10-14 00:19:10,while,321,87
7e6bc8ea30e36dde1fa3c2480f425613ac9fe98a,REPO-13,GH-5728,2026-02-04 03:18:42,main,211,89
cb391f499fb6ef74a8de5794c74ef5e2391edda5,REPO-7,GH-7906,2026-06-10 02:21:12,commercial,160,151
41d2bca8ed51323a17f229a28b5a837e54add530,REPO-2,GH-9824,2026-08-30 09:03:39,specific,173,43
f4959a2e09712b63d6d2df1e389ad69cd8d0fe58,REPO-10,GH-9830,2026-06-30 11:50:56,foot,443,108
339b752804ea7dd1b207d90e436b3c97e2c357ae,REPO-18,GH-6977,2026-01-25 04:00:17,main,194,146
b136760803c5db02db15c99c640e10ba34131746,REPO-18,GH-8956,2026-03-19 06:30:48,main,52,176
ec2175b9a9ddf6c3e88e95cce29f763bdd71691b,REPO-9,GH-7561,2025-12-06 03:17:39,main,104,127
9fd596b9bd8e7debecf17ce90d7adb538b425b3b,REPO-8,GH-1188,2025-11-17 01:24:58,about,294,102
12a4e6480ff0038b36bc6caad18a1eebd58a529d,REPO-18,GH-2604,2026-05-26 17:46:05,actually,140,17
f7de0bd136db6c559eecd690afece4143e9d20f8,REPO-2,GH-2680,2026-03-24 01:56:40,main,259,76
ea04751d99ddd7cadfefd080a49125bae0567a0a,REPO-17,GH-3068,2026-04-08 14:46:04,accept,206,64
6155ee22a34a598339a54d21cf19c28a9acc9474,REPO-0,GH-6940,2026-05-21 01:54:22,economy,442,47
dc99a46ec7ca6642ae0b3b97b790bc092044b1ab,REPO-19,GH-5331,2025-12-20 04:29:45,maybe,223,144
34afa7862fda80f2925b28fc111f139b6c6c7cfe,REPO-4,GH-9751,2026-03-22 04:14:04,base,351,195
e705207fe13c99786dcdfc90213f424eec553e97,REPO-13,GH-5342,2026-05-18 10:49:47,election,426,16
973dd1f43793593de9dfc4876a43f8854b5c69dc,REPO-8,GH-1713,2026-09-04 13:29:08,president,208,61
38b3a2aff68821bdea24569e783e7172b792a075,REPO-6,GH-7216,2026-05-29 02:23:31,that,424,79
8a1edfc641343634fc54ad34421fdf0fe28ef076,REPO-17,GH-8237,2025-12-16 14:24:28,choose,464,9
989252f264ed63ee39e59ad3b9f5ab948837d4e7,REPO-8,GH-5114,2025-10-18 08:19:06,although,405,71
9bf6fd79e074ce7632ed671400de3c0d7bd967e1,REPO-2,GH-9042,2025-11-22 10:04:22,region,444,16
3907ebf4411c02d929a29c9d5cbefc0a7d057875,REPO-2,GH-6654,2026-05-09 11:17:59,main,371,35
819c40c4986e734e30505f2d53fe51a5bdc7a028,REPO-18,GH-5089,2026-01-20 20:45:43,begin,62,133
3a90a1f7fee07795f71142195389d9e2a221d332,REPO-2,GH-1475,2025-10-16 00:05:26,could,396,80
d5e8ccd0dd168477aafa1b3280b44eb1ed9c6a7e,REPO-18,GH-9176,2025-11-28 14:50:18,popular,384,190
027464a334511add6ea699378b71841a847858e7,REPO-13,GH-9540,2026-06-10 15:20:56,physical,90,54
3dcbbb92b0f0bc37b1cca499a1a46148dada70ff,REPO-3,GH-6582,2026-05-07 05:08:44,cost,244,174
c8903a909a9133999340a99c8575070e44e81b0c,REPO-8,GH-1969,2026-03-22 19:08:29,here,75,92
811d5685ea2ef0465b96a89cb404e22bc3bb6fe2,REPO-11,GH-4261,2025-10-10 21:08:19,firm,331,155
2ad2323525a4bd5aa10de45a69c578070f05fcc8,REPO-1,GH-2698,2026-01-30 08:00:10,main,344,61
edd0e2fbb6e426328cf115f8d187f976ba2167d0,REPO-12,GH-3939,2026-02-21 03:03:21,son,359,92
1009faeeab6df7eb83da49f661b43771916b5fa6,REPO-12,GH-2874,2026-03-11 22:01:55,attention,480,193
d3f51f61eb0c309bd35fc51c1e23914a5544ec3c,REPO-6,GH-6714,2026-01-18 16:29:02,main,469,112
8e1cbec2607549ad36e10f63886951768e6f8db7,REPO-2,GH-7576,2025-11-13 08:25:27,face,252,120
efb8e9d852b969b0492205040ddea7ae44e65994,REPO-8,GH-4898,2026-02-01 19:31:52,network,216,154
ea9c7194876a079ebe4c1ddf845cb80d63e53635,REPO-0,GH-9476,2025-12-17 10:59:09,population,329,47
462c250c566779c7223272ca69504556146e568d,REPO-9,GH-9042,2025-10-19 13:24:17,show,57,40
f358646b7e81f95fc0f1fd0fd5c8ad6cf63deb63,REPO-4,GH-9498,2026-05-29 05:35:26,begin,211,81
3e3a3eba57fb1e366332fd1b6d6204140088c61e,REPO-4,GH-3683,2026-04-02 19:09:03,point,304,83
81529081348ae286a66b93448a38083faaebbf9b,REPO-12,GH-8793,2026-07-30 01:30:01,field,428,146
617541985cc356f7049d2f9a8f0257c11410de4a,REPO-0,GH-1815,2026-03-11 19:30:48,free,321,58
c2b50c4fe046fa8115874f6fcbab86a7f7d8d231,REPO-5,GH-9797,2026-01-05 19:17:32,price,220,153
d38433318cfc97e958d23757b74363efbb949af4,REPO-2,GH-7622,2026-02-11 09:14:14,possible,291,30
21229c4c5c1ec441667c249199df210fa8e9e506,REPO-16,GH-9955,2026-05-03 11:13:02,shoulder,476,116
2c5f90aa9ec123663c6f6a4af89ae42339f9639f,REPO-6,GH-9899,2026-05-30 08:25:30,main,137,73
cbda9bf442fd373e4472fb4eb0ccd30a549fa976,REPO-9,GH-8179,2026-08-06 18:00:29,poor,215,46
84453664a9917243c6e71f8b8f76073422ba1d52,REPO-4,GH-4598,2025-12-26 08:12:29,daughter,135,60
d8a55da418e958287ed6f9f34b548fe44cc44cc5,REPO-14,GH-4119,2025-09-27 13:49:13,make,69,82
f31fd1bec1b7b6e80ab49d4698d3fdb69a8e57ee,REPO-13,GH-1424,2026-05-27 20:48:06,sing,38,24
f7b95d9bd1b7582c0d98dfa0ceecd45acf476a21,REPO-11,GH-4084,2026-08-22 07:40:07,main,496,153
391cb28d04b95a7b609d08abcda50477f1756726,REPO-12,GH-4155,2026-05-23 22:10:17,main,344,94
431be7abd2937d027180302d70b1d594a0f7b371,REPO-17,GH-2489,2026-03-06 18:13:42,hard,134,43
b109ce45e6e0159b87457726adfac9c447aac1bc,REPO-10,GH-9151,2026-05-02 14:32:10,difference,73,66
48243e511f934c1bda93ca16475b97597640fc9e,REPO-1,GH-9666,2025-10-01 08:23:00,road,499,71
6fe8212efbab433b14265f83016a9939f55da1ca,REPO-8,GH-7580,2026-01-14 08:02:11,author,458,42
bf144650132ef9a670caf67f49b8443e540f1d5a,REPO-15,GH-3114,2026-01-24 11:44:00,main,285,168
b93898eb9f0e056d68c658588d0f03976e2e07cf,REPO-7,GH-5844,2026-04-28 13:23:49,according,134,41
ad9720928887aeb9946410ad948f919dc4778d08,REPO-11,GH-4060,2025-11-10 04:07:14,growth,235,126
2d412323a4630cab1314a1a2b529f8879591a922,REPO-4,GH-6718,2026-02-27 18:31:57,power,105,72
56be1c60d35eed7d986b69569561e97d08cfcd0d,REPO-5,GH-3852,2025-10-08 06:28:44,daughter,140,144
866dabc083c0819071bf91b27ef51905fc3dd8c2,REPO-5,GH-1588,2026-02-02 07:42:24,main,127,196
197b81e7747c172554a8a7ce7665c14df41daf9e,REPO-3,GH-4052,2026-09-20 03:21:20,whom,146,174
2ab4319990e721656a08299943b1273409321d6b,REPO-3,GH-4728,2026-03-30 05:45:00,race,15,20
94ba5b960a9d2ba6b2a50b9886f943e2c7cabda7,REPO-15,GH-8222,2025-11-18 16:24:11,product,138,152
9e51298a324dc984e83e16847f66d254636c7dee,REPO-14,GH-4697,2026-03-24 20:21:20,main,376,145
0e5c4478e31e3b24ab3ddf05e6ac3fe94f524d4b,REPO-1,GH-3610,2026-04-23 11:59:07,maintain,166,14
994ffc96addd32190ec613561c0f1d2eaf38b1a6,REPO-8,GH-2146,2026-07-28 10:23:33,without,395,102
cb2ae287b86a58527097fad48343c1a85746fdc5,REPO-6,GH-4728,2026-07-12 08:28:33,near,207,72
10f4e2c4d44a35a89403365f82bc24fc08c1bb31,REPO-13,GH-1424,2026-01-21 05:10:16,main,159,175
af4b5d48057c81b546f5a91b96252907fd6a6da7,REPO-12,GH-5951,2026-06-17 08:20:43,north,308,108
a29bb8e4f8c83f40cf24eef39b11ead68c5648cd,REPO-13,GH-5333,2025-10-04 05:33:13,reveal,96,111
f659c78158198f68cee9cb65bdc41996dd8eecab,REPO-14,GH-9189,2026-02-02 18:55:59,view,352,182
f37d335fddcdd19c543b19eefc8482c825f7f755,REPO-15,GH-4522,2026-08-02 00:19:06,church,269,21
c84404897ebaf0ee90212dc19a4b25b3231cce9f,REPO-13,GH-1514,2026-01-13 21:09:43,main,245,76
9770892276b7c86edaf9f5c58c63a31482e3461a,REPO-4,GH-9312,2026-02-05 16:12:53,main,431,63
958c8c281f2485ef5ea78ea3b5c1a349a061a105,REPO-1,GH-4629,2026-05-28 06:35:22,company,218,105
2eacd98fe8eb71ae0c395e386beea4ae3159e571,REPO-18,GH-7563,2026-05-06 17:01:11,culture,131,149
7e7553b3eb3f0937f7fa5793be47788085bac5c3,REPO-16,GH-7201,2026-05-16 02:40:32,stay,339,118
d90d06fe42f1e762c1f1c160788ce5d3293ba430,REPO-5,GH-3481,2026-07-15 19:56:51,toward,43,106
1060572e05f31847436d5995038cd38230696151,REPO-14,GH-7171,2026-01-27 02:25:55,main,175,47
cff17b5578454522ec37c57f6010bf7b1780a3fc,REPO-2,GH-2063,2026-01-10 09:37:28,main,133,172
6510dcab43ea8e4045683034514ac510c13deb64,REPO-17,GH-2139,2026-04-07 23:58:06,hot,60,3
52d4e825419f89ca083c6533dc4581d6f7fac29b,REPO-15,GH-8894,2026-03-21 11:09:27,five,445,168
86afd5ef04ac35bfcfc80e00362b6200d3fcdc37,REPO-19,GH-2713,2025-12-19 21:39:17,continue,494,176
93f00dd6afed63081e19cba1ed0f1bd6193d2984,REPO-6,GH-4853,2025-11-09 13:09:23,main,357,48
44f9942542ac356a6a93530ac50b3d4ed1c4e5ed,REPO-7,GH-8237,2025-10-11 11:37:56,main,440,137
bc18ce280b88480622fe7592f14d8763cea44de6,REPO-9,GH-2292,2026-09-16 16:09:36,move,243,108
f1e00eaef3303942c4370857013e0c2574329df1,REPO-5,GH-4878,2025-10-06 15:29:39,west,228,124
923e79364d8e26ed22d1af642491d09696d1d213,REPO-14,GH-6562,2026-04-09 03:55:45,grow,151,145
24572f1575243269ce5e17b4b3b98565c5885317,REPO-13,GH-8994,2026-09-20 16:00:14,main,378,148
c73e100c960bb6259f86a0206f75c42519902bd8,REPO-15,GH-4629,2026-09-01 08:13:43,stand,314,173
b1f0ff547d83a8d23a078eb8c6d7489498feb100,REPO-0,GH-5906,2026-02-01 02:05:46,try,284,16
37c9e477033e15fb371b4db603c46cfe59935d00,REPO-13,GH-SHARED-14,2025-11-04 02:51:22,writer,254,159
6d7bcebeb657a9ddc103e9828db84c2dff37e9f4,REPO-5,GH-6813,2026-04-15 09:55:13,cause,241,88
81d32748a67716b10d2b8cc7350dcd3a03989b1d,REPO-16,GH-4919,2025-12-15 15:34:03,machine,351,86
18a4b53fb07f37fbaf77b3211b55382275fe2ff6,REPO-11,GH-1829,2026-02-24 11:40:09,nearly,498,41
929cf4acedf8501652b2cf1ad8f03dbe51cb9026,REPO-15,GH-2697,2025-11-10 22:45:17,work,81,155
ffca406216757f07318a071e6ec7e214e6ff4920,REPO-13,GH-8450,2025-10-14 01:28:27,phone,108,142
3bb951bcd18d01997270a2e25981c0f4e782c4c2,REPO-0,GH-8700,2026-08-31 13:33:00,main,183,173
3fffad88a05b947329c9ad9eb9ec3bbe0e2d6f1b,REPO-16,GH-7572,2026-03-27 06:41:02,main,173,110
6a8e91f69c9255fd87aca44b17d65966c7bab989,REPO-7,GH-2188,2025-11-06 00:04:23,reason,250,66
dba54041e89e3eeb7912e80c06bd1d2774429457,REPO-17,GH-2983,2026-07-13 12:09:32,main,437,176
141f08c15ad9a17947d6f1b091a8cb1ea22d6c7e,REPO-14,GH-3616,2026-05-09 06:19:59,purpose,431,193
1aabb444ca191d45e1372f8e6b5fad6af62afd28,REPO-3,GH-9938,2026-09-08 10:23:29,deep,401,26
1c01e54bebdeb0d60813f987a1d2cd61b2a60f4b,REPO-3,GH-4920,2025-12-10 17:44:26,no,186,40
95acd13fc08c7e6e7ec5ab69e2eadfb9a0df6d7d,REPO-3,GH-3900,2026-01-28 21:46:36,remain,172,35
e346e81cbd7f27d0156e07fc318e5bf587a8fc8c,REPO-6,GH-8484,2025-11-11 15:40:14,main,394,196
a8ac70e64ff18cd1ac72e7b78cc8004c8b9bed8c,REPO-15,GH-9922,2025-11-27 03:03:16,administration,88,21
d183c683935323694187b2e44a37261f1090174e,REPO-13,GH-2713,2026-05-26 21:21:11,blue,126,38
815ec91d2596ff5351c3bb55804f19611c0ee8f1,REPO-13,GH-9742,2025-12-16 04:31:33,main,460,117
a004744650d931266cda93113f5d60836c87439b,REPO-0,GH-5847,2026-04-28 07:32:39,chance,6,183
f7e07a833f4090efe067c73de50c0f804cc028c6,REPO-5,GH-8622,2026-06-27 12:08:15,painting,389,9
5dbabea6fd5c0923e70633f77666bc50f0ac1107,REPO-16,GH-1282,2025-12-31 01:01:13,foreign,454,174
0a5f184e87ef94ae0a40d854d907c3f7327b4ce5,REPO-11,GH-1106,2026-05-23 03:06:34,main,461,135
bba62fdf52e28c416c9ed5f6cc383b2b4fda7bc0,REPO-6,GH-4052,2026-04-24 21:37:44,case,404,158
654c07f3cda742accfa1cf73a6d411367a43eab4,REPO-6,GH-4804,2025-10-08 05:19:00,Republican,19,137
05921921402762e56edfc07649e6311afc602664,REPO-4,GH-2076,2025-10-16 13:22:09,main,146,54
35856bdcb0df20831e5ad33c3d697736f4d282df,REPO-17,GH-5786,2025-10-17 20:32:11,including,388,162
8ef35ca77fb682e58f536faa794c9e7f7f9b7b23,REPO-0,GH-SHARED-48,2025-12-05 11:19:39,vote,304,66
35d7f6e3560fb0f6ddbca9c2ec3278c3e2843178,REPO-9,GH-3339,2026-05-15 03:58:25,road,259,28
edd109bb57fefecba16537b26bdb2411ded53c68,REPO-3,GH-1188,2026-06-25 13:38:39,heart,482,31
88aee79b09f9e3fe0902b840ff14e9258ec6be8d,REPO-18,GH-9176,2026-01-26 07:14:35,decade,174,60
0e8901f185b7fa2f955230ca2243a4300e1bfc9d,REPO-19,GH-7865,2026-06-30 19:46:57,table,146,170
bc53f55dc5589a9681a026cde5bb512c1d67f3cd,REPO-16,GH-2929,2026-04-22 03:31:30,win,168,132
2a54377e29a7b9da0615c0c1f3d8a64bf77bd1a2,REPO-13,GH-5902,2026-07-17 11:07:11,out,48,15
79b5352853152edd16ca6a8a7d814db7822f499d,REPO-4,GH-5951,2025-11-17 03:30:22,suffer,40,94
1157d60fa5f5e5143c48857c2b34a7c3ff9c580e,REPO-12,GH-9700,2026-09-19 03:12:30,bill,256,162
b261248ac75c747afebb568d374721036f4e30dd,REPO-14,GH-1266,2026-03-22 21:26:15,main,251,187
175298a1bfd8c72861ae9890e8c25040b516c93a,REPO-14,GH-2697,2026-06-04 05:30:07,main,263,135
100a01b3365712181f9c56be5a62bba5b4f56f6d,REPO-6,GH-7807,2026-03-26 16:53:44,yourself,383,40
f14a1c88e51e950127416222a8f5de2c7159ac05,REPO-9,GH-3266,2025-12-22 21:00:02,war,61,95
7b45cc287850e673eea0af4fd0e2263e3d30d61c,REPO-11,GH-9779,2026-05-24 13:24:08,himself,15,36
2ec01d76c4b6c525e085342eac7b3bd3b8815b0a,REPO-18,GH-2646,2026-02-26 05:30:25,whose,458,78
f79d9971f6dc301479d8f5957037d87caa4c2f7c,REPO-3,GH-1430,2026-06-12 07:01:04,traditional,446,11
da27a36e0ed9b955235a4b7592fb0763f5f7229f,REPO-18,GH-9751,2026-09-04 15:41:08,method,461,86
824f230295705cc52cfb03680aef51fee5d8b26f,REPO-14,GH-8372,2025-10-08 17:10:02,budget,230,38
fa0e4e0104f73b4116ee7f0673e74c53c0a09c14,REPO-13,GH-3369,2026-02-10 10:45:04,throughout,203,86
ca2484e0dc371de14383a0d32b72ff36249b9de6,REPO-2,GH-2294,2025-12-02 07:04:15,happen,13,146
af845a41a36b269d7f06ab3a21e422072d043b8e,REPO-17,GH-4119,2026-05-19 16:52:35,movie,317,138
5202874c6aef95878f4a62385adbee3c2832f96e,REPO-15,GH-9850,2025-11-05 22:28:58,main,62,168
3518d2c4b07db01cad0f84514a4fafae978e5246,REPO-7,GH-9311,2026-07-01 08:35:34,gas,455,148
abb4d7a94e2a4d2179e967f12599d60c22f6616b,REPO-17,GH-8792,2026-04-30 22:46:39,structure,302,11
b5db1bc203f1d802049c19f48bead9a2b47a09ee,REPO-0,GH-4241,2026-01-22 07:01:49,institution,213,6
cdadcb62b4fbf4d9dd6e34a1d31ddf2b49810d0c,REPO-3,GH-9313,2026-05-14 07:16:45,pressure,74,46
64683302bf787a519e108271cb14764174594a48,REPO-2,GH-3900,2025-12-30 14:27:02,meet,209,173
ae8d4dc8a06b13f84d8e470f05c5de639e279da1,REPO-19,GH-7232,2026-02-23 00:30:50,detail,366,14
749824eeaeca105b142d2027fba0a2aa454305cd,REPO-3,GH-2070,2026-08-09 01:19:46,lawyer,458,82
e2dd20166a363b045ff63a7592e8932593bc0f5e,REPO-3,GH-1053,2026-07-28 13:25:16,our,386,152
66825620cb78b9e063c4bdb36c3b522be198ba20,REPO-3,GH-8018,2026-07-29 17:30:09,rule,238,141
2da8dda9fbbd321b8651a4c48c4fb19814b1440f,REPO-15,GH-4598,2025-12-27 16:12:11,relationship,120,4
d32df9929e1346ba6269ed72710201974298873d,REPO-18,GH-8489,2025-10-27 05:06:49,seek,391,142
e46c37872327997e47639f28f8ee4cbba4437130,REPO-2,GH-2020,2026-05-07 22:54:28,building,105,200
c92be958ebb7a12cc05667c966e60b98e8ff1c9d,REPO-17,GH-1753,2026-05-14 22:26:44,main,285,115
bc305f5cd933e8895c5c6e75c253c9e103ce78ac,REPO-14,GH-9311,2026-01-31 07:49:44,term,335,42
99c6db5e87b16086124fa2ece1b5e86451babf66,REPO-15,GH-6934,2026-03-18 20:48:04,into,430,174
efb35fb92053c2a4cdc48a91957dd36b47c0773c,REPO-11,GH-8225,2025-10-23 23:52:31,reveal,300,130
028b348969f38b5b8f20496061942ee99107ae3f,REPO-5,GH-5264,2026-08-09 02:44:13,ten,36,76
15b804f6be5e8491fdb4f8aeb6342543468e876f,REPO-3,GH-9721,2026-02-21 02:47:30,quite,285,71
35ee7d4bcfbe56ace83337a3d0979367d1085259,REPO-8,GH-4878,2026-06-10 08:16:00,director,140,62
e2ad8078ede1d632963a288f4fecdaca60a9a6ec,REPO-19,GH-1986,2026-08-10 06:23:25,partner,355,34
063bae37db71d743aede8acdc82354293bc75f61,REPO-0,GH-9647,2026-09-12 18:02:29,take,285,178
370458912807a00b637d1e8d32d7980b68f2b5f0,REPO-2,GH-7929,2025-09-27 00:48:12,recent,427,171
f8f89b1389ef35c032bd3b58767eade18cde5ecb,REPO-3,GH-5415,2025-11-23 21:52:59,main,193,153
0b71ea82671053959baa99df6d5352deba8e48a7,REPO-5,GH-7229,2026-01-18 04:05:33,participant,357,2
e838c25e59c5592281521f08c683ec20882b7e99,REPO-11,GH-3780,2026-03-19 14:54:59,responsibility,114,190
e9a8d63d3a5d51a7a18e7bf7582f5a0e4bed0d0f,REPO-8,GH-6780,2026-09-02 17:16:56,main,184,49
6ddd6346d44c541036a3e6c829946461a74965cf,REPO-19,GH-9624,2026-05-06 10:26:47,respond,368,56
6d1ce51b30a2db6cc6bcb952e39060602e39832b,REPO-15,GH-9117,2026-01-23 05:41:53,write,253,180
8eca592b954cd8d71f0f639a234c51f42da50138,REPO-8,GH-5186,2026-03-14 19:02:05,whole,88,141
7c548044beacaab9046886358531a3099d33a46a,REPO-18,GH-9647,2026-02-07 15:51:50,pass,290,44
9ecea29c30f2acea6618a2f57e2b71c868627764,REPO-4,GH-6236,2025-09-30 02:45:43,Mrs,133,145
ad766ab02281f6cc472052c5e074ceaf41f396d9,REPO-0,GH-6772,2026-03-02 22:28:41,together,315,64
b510b2ce66e6f8692b695e9ed5d18b91844793d4,REPO-1,GH-4150,2026-01-19 05:05:06,main,222,104
e0222f46fed796e79a22d0cf6d8462863045621d,REPO-16,GH-7511,2026-09-11 21:43:10,argue,265,194
55736a3646ec8948781b0d24cada19e06e5de8ac,REPO-7,GH-1188,2025-09-27 06:56:43,tend,216,136
d5aed81570ea127a5e453e369f8dd1f39916aaaa,REPO-0,GH-9318,2026-02-13 11:29:16,father,42,146
c318fe826a6d03a72012a619899f45bee2fbd40d,REPO-9,GH-6038,2026-08-29 03:48:15,lay,50,7
ff04e000b225d60b36633b155e0c799fa32ab44a,REPO-0,GH-2234,2026-06-26 16:16:03,process,479,85
c509f4dd9692776540d49df520accfac3b47048c,REPO-10,GH-1272,2026-01-28 12:14:48,into,171,133
3978256c30ac6eb1cbe79e2bbb37ba737576a1dd,REPO-3,GH-9624,2026-02-22 03:31:45,development,64,21
6cf856e9002b75496faa8c6bc4987dc701ab410f,REPO-14,GH-2743,2026-06-11 05:55:00,chair,321,110
4ae3030e1a6c37642645d3844c5bd1664fc09b69,REPO-1,GH-5458,2025-12-09 01:29:11,threat,436,97
8d1387a0fdf464e8c2d5ef3fabb443153bcff009,REPO-19,GH-4878,2026-09-20 23:52:56,key,443,153
dd80105eb90b480f4fffd11f3733d14bfb84c03f,REPO-13,GH-2465,2025-11-25 20:57:38,turn,52,86
200cf5c279197b69b37ac0e28b9b3f1f66994efe,REPO-10,GH-9693,2026-06-14 04:33:13,activity,53,3
da8cb45a731832b69e7c611c6d0dd8cea3720ee6,REPO-11,GH-2646,2025-10-24 19:48:23,charge,318,113
4126d37e583d33909aa5ae9ffc221c80c0590b8c,REPO-4,GH-7293,2026-07-04 02:27:15,really,66,79
3f6b0252e788c38b192dcecbecefc8b4695a4b4d,REPO-17,GH-6531,2026-03-15 13:45:05,century,241,79
894f1d107b198266e3608ea2adb94ad416b518ae,REPO-4,GH-9317,2025-10-29 20:12:20,sure,420,143
005f8fcdaefdf4d90a8e6b7b378eb74456546794,REPO-10,GH-4443,2026-03-07 11:08:20,wall,356,177
40ec1f51ffe07c2a5cd1c912ae51e7faf35ec709,REPO-13,GH-1986,2026-07-30 08:25:52,wonder,233,10
48e5464e70676a99c44a96a4538a0e9bc536c542,REPO-0,GH-4891,2026-03-11 06:56:08,look,118,119
8aab44d9c9c7e3e842923cbf29cea0fbce5507b2,REPO-10,GH-6781,2026-04-12 19:10:35,ten,106,102
5c93ffbab1e1e8fe40ac2fff57dca88300b71f42,REPO-0,GH-9117,2026-03-20 17:48:57,draw,184,7
0f30806f89e5c4e45db8087a8093d7dc7a854726,REPO-18,GH-1907,2025-12-08 02:46:59,account,500,7
7be5d2db698b158fb4297502a1f31345156602d4,REPO-9,GH-4114,2026-05-09 09:51:45,side,135,184
ecfcf6a6d3e3b8d69954f77fcd16a3324de331a2,REPO-17,GH-6529,2025-12-27 21:45:17,exist,12,45
a6709b57f65a14f2e0ac9c50b8ff59086133d35e,REPO-3,GH-8438,2026-03-05 12:22:16,main,157,116
e87afe83bbc6a74af11670d47fdf6a01cd3e2472,REPO-11,GH-4862,2026-05-08 19:04:42,always,270,159
b6f68ffd5588e2c2ccf39b56df7341f3d67f174b,REPO-17,GH-6091,2026-05-05 14:37:23,home,163,153
679f7841fea779ca62f3ce539fc95c9a11bb4227,REPO-7,GH-8668,2025-11-09 21:51:13,rock,301,48
1027fce08848065bd27aad22b1101a2fd4f65237,REPO-1,GH-8967,2025-10-28 01:19:39,side,447,32
ba2be60ecb2301b67e2fb960981987e874421363,REPO-2,GH-2195,2026-04-19 09:33:50,social,340,157
bdd3c4d6839c47763933f0e9fb41308ffcc65eb0,REPO-16,GH-9327,2026-07-26 10:40:41,nation,331,192
bac8b9e20fcf5597e782d26fe294a464d4f11003,REPO-11,GH-2874,2025-10-27 08:17:04,poor,367,126
7327ca58131fb7275f562243a17644a272987ab4,REPO-18,GH-4826,2025-10-31 07:27:54,professor,405,149
f7822773f09c568bf4ba488a9cbb5d4d14a3324d,REPO-7,GH-8316,2026-07-12 00:06:03,relate,218,96
c22cd2de36ce7721bc0ba79846cc4e8fa5866cd6,REPO-2,GH-1282,2025-10-27 06:51:41,notice,181,58
e3d4f2b3c0e094dc3a3209d046209cc4c9c451d0,REPO-14,GH-6992,2026-08-02 21:54:00,position,189,127
7d5ce19f2140688ae526c0b8a20c1b4501791303,REPO-12,GH-2169,2025-10-17 10:58:37,nor,120,67
390d2ca3531108318864f99b6c145b32826ff436,REPO-8,GH-7812,2026-07-26 07:29:02,long,37,92
bc130f4cd0cf93c88938723d155c707db61b2823,REPO-6,GH-2229,2026-04-14 01:27:06,painting,169,64
0f4013d45ba0381ddf755e572b82ec1e606a40fd,REPO-8,GH-8244,2026-07-08 22:43:57,head,71,192
96e2b7e762204961d3bf4902378ba4367038fcea,REPO-9,GH-7576,2026-08-02 23:03:53,computer,207,103
749e1831f007f1cf5ada82b10fce19637f6bf0f8,REPO-4,GH-2294,2025-10-10 16:20:58,picture,117,185
e5f410a9f64138ffde76a8d080ed5f35bb5e3139,REPO-17,GH-8842,2026-07-15 00:14:06,still,417,118
fd02014e1eabb77065b0be048d0792ebe57d9c7f,REPO-2,GH-3068,2026-05-03 21:12:30,main,220,197
af8fed796240bbca3a4f9609ba86504845bf2960,REPO-17,GH-1916,2026-05-29 08:35:12,condition,296,32
ca9c4c6157da4cf2bd9b52c893fe61b8e77aab06,REPO-0,GH-3417,2026-05-07 10:31:38,main,428,90
94806c50ac7d3de6214f6b65da7a0c2ec081639e,REPO-13,GH-7141,2026-01-18 06:25:20,probably,207,195
dd00ff21b9d232b53dcda56ce22fd63779bb4b6b,REPO-18,GH-3589,2025-10-07 13:31:18,beautiful,72,39
0cca9f1243a82d7e23477f68a932bf7eec4a9a36,REPO-19,GH-6802,2025-11-15 05:08:44,main,196,52
85d028ec7c1b46170d8374a3c6f2ce61dc0ffd1f,REPO-3,GH-1986,2026-08-23 15:07:48,entire,232,163
0a02d32c05067d875566197ecba269c29f6f3c98,REPO-5,GH-7572,2025-11-17 10:26:09,main,309,125
7956cf6e4127c5ad8751a3062556defbf437284f,REPO-6,GH-7932,2026-01-11 20:17:40,main,198,72
b7ba80d065c242cc002d89b08eb10884134e2e8f,REPO-9,GH-7797,2025-10-02 11:28:00,PM,233,14
df60e29e54aa12999a4c9afa6c8a07e23ae84d0e,REPO-0,GH-6663,2025-12-03 18:36:15,single,466,105
fd77108994d8865f97e3a015248a2438fda8e5c4,REPO-3,GH-2697,2025-11-24 15:46:16,hope,245,190
1da0cdb2f12d0c2767ed454c580f2007784faeab,REPO-6,GH-3200,2026-08-06 16:42:22,main,159,110
c1953be439183c695b2ae731840356f7367e8f45,REPO-9,GH-9693,2026-07-27 20:46:19,memory,367,175
9387a6125dd04c8ac56e69a86323e163cca8080c,REPO-6,GH-8359,2025-12-06 04:20:56,main,229,16
5337f94279073f72dcb3b36c250e5c09d9275581,REPO-18,GH-1969,2026-08-27 17:38:31,become,237,147
5de7372d2a4a351a66de1da01bb2c0876bafa5aa,REPO-2,GH-6813,2025-11-22 07:14:16,term,471,116
bf93f33de4eeed3898ce45b7e659669e4c52eac9,REPO-9,GH-7798,2025-11-25 19:52:12,soldier,415,44
4bec1a888ada492b8f6624c92bdb8c0d78907d6c,REPO-5,GH-5655,2026-03-06 08:02:18,economy,235,98
8c6ca7c50f99e4d06a02b32a07d5da0f49742847,REPO-1,GH-8657,2026-06-10 12:57:02,main,81,70
820c05353f7b684261799c99a1671646a75bd54c,REPO-17,GH-2638,2026-06-01 13:42:42,main,40,193
21b2ff9a4a04edd5e63b0f9da233a0b1de8381f1,REPO-10,GH-3529,2026-05-09 08:10:28,hair,130,53
c635f5f7b77127ef1a8e726afb6cf98f11bb5d8c,REPO-14,GH-2924,2025-10-18 01:26:17,someone,205,49
737ec435b9506a6cca2fe553dbbeb6180a0ac6ad,REPO-0,GH-4673,2026-08-11 05:40:04,computer,470,34
4d2176dfb1ece61d2a95cbfdd674d55d878516cd,REPO-14,GH-2622,2026-03-26 04:01:04,fish,43,140
9179a85e4cba8b2cc402fb05dc73efab4ddf6cbc,REPO-19,GH-3697,2026-03-30 22:12:30,soldier,64,136
11007ae26f84452863c94f01a72f38a0f4ead838,REPO-8,GH-3900,2026-09-20 05:01:43,hundred,92,55
0f5545de2e0fd1134c51898c2b27d2692e611f62,REPO-1,GH-5350,2026-06-19 09:51:35,matter,268,164
872af163316a37e84e2879220c09c20cd93b5362,REPO-9,GH-5837,2026-01-06 22:55:44,truth,3,12
eee0b9756e91f5171fceaef24b786ad62940477c,REPO-0,GH-5333,2026-03-14 19:06:10,within,99,174
a03224dc6ab50d2073a424b320379887c0396207,REPO-5,GH-6952,2026-08-02 14:32:39,resource,213,131
598c92ae127ce0f4f843bf4788e29f408894f4d6,REPO-10,GH-5978,2026-01-27 13:30:59,result,98,159
46d0ed8f5c5c25658dde3ca038507440a8375836,REPO-17,GH-9022,2025-10-12 21:23:49,main,62,59
9d995a218f5e6b1a4544269a606cf48a56dd6d59,REPO-11,GH-7818,2026-04-21 07:05:53,three,206,167
a18cd163af268f266d15b493cb259157f5c80ffe,REPO-12,GH-9270,2026-03-13 15:37:16,reach,34,168
e6c0fcfaab64c6d11673ef4ffa1cc1295b966f19,REPO-6,GH-5342,2026-08-26 07:32:24,expect,307,127
7acfc470577172e23832f5394ea759db06ce0fa4,REPO-18,GH-6663,2026-01-08 16:31:26,especially,49,153
a102088297927155c2ddb9adde6f4d8ff09ed589,REPO-12,GH-4963,2026-06-08 02:00:24,main,395,177
15aad8c2a825c52fb67e129953d509c4e81efcac,REPO-5,GH-3147,2026-03-25 00:55:43,so,353,81
8e296022bb076a4aa3ca61c6127e09131ce29d5f,REPO-19,GH-6562,2025-12-29 20:47:46,per,262,163
fa8d8273be7dcf46099f4deb2dad1495487a243a,REPO-3,GH-3939,2026-07-23 04:38:25,green,220,193
0f7d0cd9e39b2610d9281d130a8668f56117ad5b,REPO-2,GH-9689,2026-06-17 03:52:34,couple,256,75
9aafc0a82c831b96372844056fb899aac3d56399,REPO-12,GH-2746,2026-01-26 14:58:18,remember,122,185
87729cd2f80cc0ae605d572c6b4e17e7529f54d3,REPO-10,GH-4178,2025-09-30 06:05:19,actually,21,133
e5e9be5101870ea9086fca6054e13f8b19db7440,REPO-7,GH-9498,2026-03-05 16:12:05,body,176,62
7b66d0ad1f2feca3f9c0e51ac9fbbe8377212386,REPO-1,GH-6493,2026-06-20 04:24:15,main,411,175
4482d9332e7e4f46ae67fde37e91ae1ef68283c4,REPO-5,GH-7248,2025-12-21 04:11:37,enter,34,125
57d0fec4128468ecfb3cda51bcfd9d3fdb5294e4,REPO-6,GH-1053,2025-12-10 22:43:01,president,73,52
c85e1e4641ccde6b4f099be087d9ab7023ad9574,REPO-5,GH-2234,2025-11-01 16:02:24,phone,408,52
cbe073a0e5a7491c9fbfe910d27b846b1da78000,REPO-2,GH-5000,2026-06-08 23:05:32,director,160,42
b7bf436015cfac4493a66f7660f4cb370e7c1d52,REPO-9,GH-9098,2026-05-17 17:45:29,section,496,162
88b42889571b8cb15e2aa412555e1b25173c7de3,REPO-15,GH-1514,2025-11-12 13:21:10,main,185,101
3a49be6ef280180ae2c2eeacd1036de3b96203e0,REPO-15,GH-8916,2026-05-19 19:09:55,realize,313,188
dd6ec99ed924ea385f3ae7ca8d575c14e219c1b1,REPO-4,GH-6555,2026-07-20 14:45:20,main,247,5
bdd32382f65692c562939dac2d739cd125b37f70,REPO-9,GH-6295,2026-05-04 19:13:44,crime,284,186
8e88e2b5e83ba15ab424437592aa8be8bffe02f4,REPO-12,GH-8673,2026-09-09 22:25:32,create,146,96
4a24c5883cb2895bb112fb19f1079d4bd0a5aefb,REPO-15,GH-4848,2026-01-03 08:20:43,recent,98,1
f5ffa1d13b35b762e2a99d373c5e88703ca398f1,REPO-16,GH-8371,2025-10-26 08:47:33,win,252,103
93667c0de84482c91098734560fff3aaa2f9e76b,REPO-9,GH-8355,2026-01-12 07:10:00,main,37,104
fc8aa05b463736c9c2e36f8b6116dbd068497891,REPO-13,GH-2874,2026-06-22 19:03:25,speech,385,184
c86fdb01b1b1333db76aad87a1c3f86c6d7b4b94,REPO-15,GH-3147,2026-07-23 01:07:13,color,357,14
8906e09e6754574fd8fb4d241949d85365796ba6,REPO-1,GH-7563,2026-07-27 04:01:42,standard,362,173
ffdc00e0f69495717b121d9a90500443ef2b2299,REPO-4,GH-2771,2025-10-21 04:34:40,go,484,174
84eb59a50cebd7d72c03e2706f3ab1934df82dcf,REPO-7,GH-5703,2025-10-20 06:52:20,tax,340,41
d3a173d16d8cb4a675d809bf5600313a094aa41d,REPO-2,GH-4178,2026-01-07 17:56:25,available,197,101
dd167fbd6b20fe14eac290e3d4cc834ff3c41e98,REPO-9,GH-1046,2026-04-05 22:15:52,main,338,97
cbc602b5f8a5ff5dec5e04c45d046b7d55863b6f,REPO-11,GH-6939,2025-12-13 21:27:25,could,384,53
3f851196d44016cc64342c12ce89f5f0772c8307,REPO-5,GH-8378,2026-06-04 15:25:28,charge,50,17
47468d149d20b2f1dafed0b09709b5569b3782b2,REPO-13,GH-5349,2026-04-24 22:08:31,discover,96,180
1a24b3c42f8fa084fa9cee31bfd55373f9e8c14f,REPO-15,GH-7691,2026-05-23 09:39:57,while,57,115
e40f17e61c18a374bd84d8e95579c86aef32c799,REPO-5,GH-1133,2026-03-17 10:55:30,board,133,104
2b3a0ed49082ebece6a2953c53b8befa86f66aed,REPO-19,GH-9701,2025-10-10 12:00:44,main,86,20
03a22fa481cad11898443b67e88757bbfa380311,REPO-12,GH-5002,2026-05-06 20:24:09,standard,176,7
57fe7aad817f4c407aba6a4726463ff24afe342a,REPO-0,GH-6310,2026-03-19 03:00:26,modern,490,1
3d184944466faed908483412fbc4423a465a1efe,REPO-0,GH-5719,2025-11-23 18:30:27,a,493,194
cd2516c18357672af78224ee794a8adc7079b800,REPO-15,GH-6374,2025-10-11 15:44:20,exactly,310,109
956cb2edbe9db93226982fc969ab93c3c77c86c9,REPO-10,GH-1200,2025-11-24 20:10:09,main,482,92
f5a9065248135a63310095b04580cb76cf212498,REPO-14,GH-4920,2026-09-13 06:43:54,about,372,35
ea2a1bf74d331cfc4b7e27f4a05519388caec5e9,REPO-3,GH-9824,2026-04-15 02:48:10,spend,487,179
c3870a1f4652fd993e64bd4fc8a468f0936bb0bf,REPO-15,GH-9543,2026-04-05 12:32:57,international,97,0
b5d4079a0587eaf37f80fe9d9f899a114dc8bb12,REPO-1,GH-6781,2026-08-20 18:11:36,task,348,113
14169d2fcf89ac34626f38b45faea7e011c161a9,REPO-15,GH-4912,2026-07-28 23:22:24,draw,407,20
b22363443916670cae113d0ed9f6c889ae74f40c,REPO-15,GH-6727,2025-09-28 05:54:43,main,464,25
072c2fea02d0596bdb8f600d3a2707754f66d9f1,REPO-16,GH-8793,2026-06-21 15:27:58,meet,439,183
2469e50125ac15e84a6cac8645383fc047aa1e33,REPO-17,GH-3252,2025-11-13 00:47:06,worry,459,114
9dd79554853c717571c5a049598b138b6e1b2070,REPO-6,GH-5349,2026-02-13 08:26:47,floor,338,179
39fcb894d00738f5415347ba16a6d794f2bcc927,REPO-13,GH-6262,2026-03-01 13:05:09,radio,476,83
b7e2a6377e15f47d99adc7e6f2ddaede614d55c7,REPO-15,GH-SHARED-52,2025-11-01 04:09:45,tonight,341,34
53581f35defc50794d2e7a28c659a795ce525f66,REPO-10,GH-9700,2026-02-06 00:42:00,machine,295,196
ab374439cab4a464a5e1732d5d35bdab641751dd,REPO-12,GH-5670,2026-07-19 07:01:18,raise,288,111
3e3c0e058ee1e873c5650dbe458bf4ebbb53404c,REPO-3,GH-2612,2025-12-14 20:18:19,among,304,48
b87dc085f41a37296262f911e2221899c6739197,REPO-10,GH-2858,2026-02-23 03:45:00,firm,1,79
a5af0d6f616bfa9ce9a28122d924d21b73d7eef6,REPO-17,GH-6279,2026-06-24 05:10:41,main,217,81
c67fefed20cbc562befe0c71d9cbbe2c980bd571,REPO-19,GH-3399,2025-11-07 10:14:07,her,203,2
fef5ded27c745b751445ee81ef67a7b290251fa0,REPO-14,GH-1685,2026-04-03 21:37:37,project,75,191
6509dfe17a3b61a22fcdb44caef5ed6d80fe9259,REPO-3,GH-8532,2026-03-16 01:23:22,main,362,146
aab3fbba6bfb435bee7726a60fa5dc2246f0fa19,REPO-6,GH-1349,2025-11-20 07:26:53,ago,495,96
463147fe89962a580ac3c8639c143f8d2ff21ff9,REPO-10,GH-4878,2026-07-03 11:32:21,main,108,187
b0628a97edb118b2f62dff44a749d095c360c2b0,REPO-5,GH-5876,2025-12-28 13:55:40,at,201,76
802a059e04d16c157eba4431f949c3c6b9c8004a,REPO-15,GH-9199,2026-07-31 19:56:59,foot,201,18
223a5644b91df7173814040546fa64a2ebadd74b,REPO-10,GH-4878,2026-04-09 00:28:44,they,444,13
81365121a0b050ab816d0b81abdc9cef0eae1a28,REPO-4,GH-7248,2026-08-08 05:24:19,admit,150,37
f039e85fcb969c6fac1121c759e716af59a2bbd3,REPO-6,GH-5089,2025-10-11 08:20:53,green,186,185
272b4187cb099b6e3b98f5c249b8465266613ece,REPO-13,GH-5772,2026-07-29 21:42:48,main,475,14
a4b59e7fbc9e0568fc35f768d41958f062dfaa50,REPO-15,GH-6409,2026-03-03 10:41:32,main,61,131
72e0868b71299986cd1fbfb6ba915ad9261b31fe,REPO-12,GH-4467,2026-08-06 09:50:13,necessary,124,101
ce05c77d1369ba7aa8b9da70b0a870ac141b70bc,REPO-19,GH-6139,2026-03-23 23:24:24,truth,193,198
67f7ff6fb65d70b14169cf2845dd923fbf36c91e,REPO-12,GH-8135,2026-09-01 11:44:10,sit,228,94
fbca0bb5f22f9a80a1f3a08a25a93f7ded478eb7,REPO-3,GH-4510,2026-05-09 22:58:43,away,329,171
f554052c57794ad364ef387d623899399548e8da,REPO-18,GH-4846,2025-10-11 06:48:36,middle,382,24
a15598b6a9139309c2a53da9b2493bc25aa131bb,REPO-3,GH-7232,2026-06-07 21:14:12,what,466,137
9ab8a9630ff65cae7b326c6eb6cc6b729c333856,REPO-0,GH-5891,2026-09-18 11:38:35,eight,275,200
ff802332dc2abb3907376b0d2c3eb202f81482e5,REPO-3,GH-1430,2026-06-26 07:38:43,address,495,168
2ea06d1695a2afd1876dd90195eac2a6fe3f6f7e,REPO-0,GH-6105,2025-12-02 20:33:44,west,161,31
5fd8e903288242eb2e8af6b55a95698b6babddfb,REPO-18,GH-9486,2026-01-24 07:40:36,bill,45,143
f37408b6966dd439df12bfa3c98f7f80c7e0773c,REPO-1,GH-8749,2026-03-23 03:02:01,main,260,76
a0e49209310197df9d01010040465dcf72044048,REPO-17,GH-6663,2026-08-17 09:07:54,television,484,168
353332fa3f15b7bb485af3be54ee1b87acc56366,REPO-9,GH-8668,2026-08-10 10:27:41,main,266,200
bc6479a754f2c9ad3c45d923f2e4a772491710eb,REPO-17,GH-7484,2026-04-08 00:47:54,power,252,177
68243c35e04568358a9c2fef3a70f84b5f60561e,REPO-11,GH-4084,2025-12-21 14:58:12,degree,108,176
b74628bf940fb4f0ad25b047f0bfeacad81d96d0,REPO-1,GH-5471,2026-03-11 11:39:50,thing,73,76
3ed2a6ce9e230201e3231e71eaebf874351cd216,REPO-18,GH-8700,2026-07-10 13:04:35,garden,374,159
55d9cee79cc30f78ce20c6e57dbcd5b63aebe36a,REPO-17,GH-2874,2025-11-12 21:02:44,parent,333,41
66109236611935e2cf8ef94a77577a99e2c9036d,REPO-2,GH-4908,2026-04-26 23:06:01,think,482,177
aed7e8bd8d7f1be18fc47af08b003dac92d83f50,REPO-6,GH-9835,2026-07-31 23:19:43,answer,138,162
5aba625a618a2a3afbc8a049e5da80317c63f959,REPO-16,GH-1672,2026-05-15 07:02:25,at,421,39
dd42b67e55c083fa01ade157d326363747f6f3ca,REPO-13,GH-7684,2025-11-12 20:30:53,sometimes,310,63
93087498217c2c02b78bd180f88bf87db85fab99,REPO-3,GH-7132,2026-03-07 04:36:14,hope,281,104
82bd923c5294fc836f6b0496f2dd2297614fc19c,REPO-2,GH-9117,2026-04-29 21:13:09,main,399,69
bc8933299d8f6323f291175e09137b8eb47db774,REPO-7,GH-8532,2025-12-30 14:01:03,amount,194,56
5acd67c7efd1bddf3a5cadc2bc893f38b3c99366,REPO-3,GH-5949,2025-11-17 18:11:31,main,90,134
3ac1e16b3b64128940ba7c70f6dac37e5a6acc53,REPO-11,GH-9444,2026-08-22 01:06:55,however,145,141
5655f02592e76384fa315dd52d3e0e745864792a,REPO-3,GH-SHARED-34,2026-07-25 23:25:01,until,163,192
715e95c0df13b244667c1b75214ffe3b81311118,REPO-11,GH-4944,2026-04-04 01:57:04,account,496,136
5e8570add979dcc154edfa1d93f71bef74a4dec2,REPO-0,GH-1713,2025-12-05 15:20:03,seat,80,168
457d5af94a442eb19024009908430c6a5bd023ba,REPO-12,GH-4460,2026-06-07 01:53:22,federal,28,185
8634b11dd1ffdefe524567dad3fa64fef98d5a70,REPO-13,GH-7029,2026-03-07 14:33:27,structure,225,90
9b4a48352b8bb9c02ebf64a5cc53346fd3c74238,REPO-7,GH-8933,2026-07-23 23:53:29,card,45,78
c002d7bc9e0197df439e6e2dd223e5097a5132c4,REPO-10,GH-8726,2025-12-16 00:38:16,experience,41,19
d86c308eec2aa070ae015a3e39d9a98d21dab41e,REPO-9,GH-6585,2026-04-18 02:36:29,main,414,2
e7868bf8cf08d1391e2d2ba57e472461c71b4c5e,REPO-17,GH-8498,2025-12-28 21:05:30,popular,8,157
7f44a116e6078a3db4b5a658855c2f8e85e27201,REPO-0,GH-3956,2026-06-22 13:57:00,couple,274,191
10339644e172dfbc163796de121f4aecd3e505b0,REPO-16,GH-9312,2026-07-02 11:51:43,behavior,311,114
23cab038e16287617ba7eb0233525ed4ded94916,REPO-4,GH-1710,2026-05-28 12:56:06,fish,27,108
1289266c4c452a94fcdf0ead9eb53543c03318de,REPO-5,GH-1845,2026-02-09 01:18:55,main,174,173
1829f6267ce99a74bd51854c46dca5ac0a48513e,REPO-17,GH-8531,2026-05-01 13:19:22,buy,61,74
082dc851b63d8c190ad7ce8549b6d6f215eb8f81,REPO-9,GH-4978,2026-04-20 20:53:53,present,378,161
9b05c970378215e629d8ef9b4f682a4bf285d34a,REPO-1,GH-8673,2026-02-14 12:14:59,main,435,124
4dda355f4f3e702ef979f4b7649ad11d9dff7d13,REPO-0,GH-1857,2026-04-24 13:39:59,majority,153,90
4e5ccb8e9bb3b4f11cb82c3f3a1a573c45c42118,REPO-11,GH-SHARED-48,2026-07-23 03:05:35,detail,206,90
2d8c0c36e0be90606c1369f7b7933fab492e798c,REPO-13,GH-6876,2026-01-12 07:34:04,budget,271,131
76417f33a620a11d69727627d52b5111c64bacd6,REPO-8,GH-2052,2026-08-02 08:03:22,three,192,76
b0824b9601837285b567c81d3b7fd114291b6a3e,REPO-5,GH-6400,2026-09-15 22:44:07,main,56,112
d5561180916235d18061591ee30f5979be1edcfe,REPO-13,GH-1434,2025-12-04 10:32:32,win,446,181
1248df7aaa0c7d8472773f8498c07eba0cb84aa4,REPO-6,GH-7209,2025-10-13 16:57:06,himself,203,107
eff77762ab561809f983df80663c0feda628acc0,REPO-15,GH-3254,2026-01-15 16:04:45,main,61,107
597baa95e08be8c39f825746786982831a45900f,REPO-15,GH-6123,2026-01-02 14:07:59,support,66,83
70fad3e1472f24471a4f02007306903d3fd8890e,REPO-3,GH-9437,2026-09-07 15:13:42,animal,80,88
de4ca4d8f0ed7b6627d8e64fd41ae621f59699ab,REPO-10,GH-7267,2025-11-06 12:21:37,main,378,2
09b5f58a04cf2190f7ff205386c46d5a3a48cc3d,REPO-9,GH-2419,2026-09-21 03:25:04,coach,390,109
35d60a86409b703e7407de7fe8cff70ee83f557c,REPO-4,GH-1530,2026-07-29 00:24:05,myself,128,71
d1abb408d7d49dfa9d2b135b37f255b398d31907,REPO-13,GH-8784,2025-11-11 00:53:25,easy,401,26
94815af7c74244694d1db54c126238b3975c3b2c,REPO-18,GH-8967,2026-07-04 03:02:57,particularly,118,30
3fb70cd7899a7ac3e57d4a4b7adc64fed4a5694e,REPO-1,GH-8532,2026-01-31 13:22:02,main,476,37
377c71dc403b1c11b5e2adab5a46fc1252fcd35c,REPO-19,GH-2193,2026-07-14 02:26:18,gas,27,97
46e55d271ace652d0bc0a247ddc214a75419dee0,REPO-9,GH-6170,2025-12-25 07:25:48,gas,119,56
d80a650d6388620422a7af7ac40b6156461ffa77,REPO-15,GH-6310,2025-12-24 10:10:04,sing,330,13
2370355dcdfba383561a486594ba543932283839,REPO-8,GH-7561,2026-03-06 04:45:13,how,180,182
24a5f74968ad37017b72e3272fe021b9e9cfca50,REPO-10,GH-SHARED-27,2026-09-08 03:12:38,market,21,0
1ffd7a023889796c2a22f462eff5814ca810756d,REPO-10,GH-9270,2026-05-12 04:32:25,voice,144,155
dbb9502e3a4c237773830d6d0b157212c0ae7b1e,REPO-5,GH-5051,2026-03-15 05:38:31,main,187,85
433baf09e9d3c70f3b52fc01ce5a5aafa7ce4f98,REPO-3,GH-1086,2026-05-21 15:25:03,impact,283,197
c896f1e9e23cf679d75f4d04b9d4f2c18d5533e1,REPO-7,GH-1854,2026-02-19 00:13:06,service,300,98
ab27ca8a6c315f438d0372ab6b3532b8b57ad51e,REPO-3,GH-3200,2025-12-11 08:44:25,expect,309,30
006e64208341727dddbce6e4b37d8e8c611a8800,REPO-6,GH-3780,2025-12-14 11:49:38,almost,474,25
162a41e4836c1ee8ee1c181c2a08b266df934f7e,REPO-17,GH-3463,2026-06-22 18:57:18,fast,372,121
7449f073356679e2f18d75488e3951aefaa573d3,REPO-4,GH-9375,2025-11-18 23:22:17,make,365,64
2472b743a3d394b21a9fbb9efc7aea26c9a7a595,REPO-3,GH-8237,2026-03-24 01:21:02,soon,215,134
726a2959314866596c72e055b30882a900651fc9,REPO-8,GH-3209,2026-02-07 09:26:44,main,149,11
7362fc770f8755ed0b7ba993a8c9a31381d9c406,REPO-12,GH-1349,2026-01-19 14:11:23,strategy,446,131
c874aa3ad430edc6da8b79bb709fd2af1b7aa022,REPO-12,GH-4826,2026-08-01 12:58:17,population,106,47
6581a631321501a52bd5bbc8f6f6f4398ad2f9b6,REPO-18,GH-9540,2026-09-13 15:41:05,on,5,131
009e52b6c63b3f7ea40452e0b56f9dcedea2673d,REPO-16,GH-2876,2026-08-25 00:18:01,its,113,75
bac0d6ba23364f68780602d07cc71ad6539d089e,REPO-17,GH-1475,2026-08-25 18:39:34,training,328,37
36e3772361fc8b6f4418a80cafc86c52300a4765,REPO-6,GH-7105,2025-12-20 00:28:35,third,333,88
51da9e5dd444d547ab9e80003c3a1551070fed9e,REPO-13,GH-SHARED-52,2026-03-25 16:20:53,show,167,14
720e0ddc4b8be855a13093538466cf71ae3335fc,REPO-8,GH-9821,2026-03-12 05:21:47,employee,9,137
d8d77ea5da5ba3f31ee18374dfe2bf62af145e92,REPO-12,GH-5670,2026-01-01 05:02:30,particularly,321,162
0c4f8913e6eb49b7979beca82a21bede05239bfc,REPO-8,GH-1090,2025-12-22 08:03:54,perhaps,414,192
983336640ca447f34484d04502460aba93a71692,REPO-14,GH-6763,2025-11-23 19:35:00,water,223,94
e15c93796653a168b52b7273e26e5f1dab20b573,REPO-15,GH-5563,2025-09-28 22:24:42,another,236,47
d0ace4e8f67b449a2399b24563085433547f2939,REPO-5,GH-3655,2025-10-12 12:27:33,similar,159,41
979ae92f38dece5d9397a9f122237fb368ee5011,REPO-4,GH-4295,2026-07-22 11:00:57,large,233,165
06273ebaa0ca2c0434b460c6bf6a7ca88e0d0a44,REPO-0,GH-2479,2026-04-21 05:29:54,take,197,5
4a3fc54ab2ec6100f0de7d3e62cba72c819e2c1d,REPO-0,GH-3981,2026-08-02 21:08:51,main,479,11
edfc22b7576cbd9560f3c907b99fadd2d3a8b871,REPO-2,GH-1672,2025-11-04 00:30:14,effect,322,153
33c2cac19bb508f42aea950a267e37eaea3f3ca2,REPO-0,GH-3142,2025-10-29 05:33:15,actually,377,86
ce277d18959f2be867a12de248c9de1bf32a467d,REPO-18,GH-SHARED-52,2026-06-23 03:48:11,discover,84,78
174add142a17796372cf8537c1da33668af9229f,REPO-4,GH-5262,2025-11-17 12:03:02,edge,355,68
04b88b208557b2ec34a56406daa2af9f97164e43,REPO-9,GH-8973,2026-06-05 11:31:45,admit,429,106
0062f19071059cb9ee9e263825ad704dfa1ed16b,REPO-7,GH-5374,2026-04-01 06:59:11,color,198,37
8489b8c5b50917e9a3135b9a17da77117a10f533,REPO-9,GH-2052,2026-06-27 02:21:29,main,351,98
a5e65962aa8664f235284d38ee958644086a1fc5,REPO-9,GH-8141,2026-05-06 11:25:10,agent,171,30
418b699c95e9f9c19505c095a1999e0f49c02aa6,REPO-2,GH-SHARED-69,2026-03-22 14:30:31,certainly,78,45
a31da3f2f59501dfac097eb1cc5cfb56e9e6e3ea,REPO-10,GH-2215,2026-09-01 11:12:39,crime,218,38
2873c44145b5d9a5e6ba7afd4f44ccbe7e286655,REPO-3,GH-6590,2026-07-30 17:06:07,main,339,94
06aa943222528f13b8d6f09d28ed1f7bda1771c6,REPO-10,GH-1653,2026-05-28 09:23:12,property,370,122
c77261349790312c6286f39ba1d5db59d4b72975,REPO-4,GH-7691,2025-09-27 11:47:43,avoid,181,81
741e7de0e2860622aa9d8f4d9ed9e083314d9656,REPO-15,GH-3868,2026-02-23 10:25:12,main,309,162
fe7dc8f5e45ca197aa901b348bdfe5b86cfd8fbd,REPO-7,GH-5781,2026-02-03 05:59:43,fine,255,137
fc2193468af505e4e8b17a9f2799d8c171106248,REPO-18,GH-6262,2026-03-11 08:46:55,save,296,198
93e2e957bf72af822f1d012502dc29df80f164cd,REPO-0,GH-1090,2026-05-22 20:00:38,main,9,92
841d921776be609726ecc77659dc201bb26f4c39,REPO-4,GH-9041,2026-08-01 12:09:50,reveal,428,141
10309b79979ffecada0fb93a21381bc72cbd8303,REPO-4,GH-4920,2025-10-28 09:40:41,government,357,108
3a8ce2f9e9b2451c5ad7201642470364798d2dd0,REPO-3,GH-1461,2026-07-09 16:52:22,myself,245,152
382beab0e7ea41e64657e8745a7d9944bad26d73,REPO-7,GH-6539,2026-09-15 08:56:18,view,426,106
61f2a3a42e794d363c94d912ed9d21b9512d1790,REPO-5,GH-5295,2025-10-16 23:41:00,history,384,135
eb73bd7d389c2157bee59156eccbb7be2f6a8d2f,REPO-14,GH-9938,2026-03-26 16:29:18,history,7,73
388493e3b67c85610ec7a1af29649e99efae40e6,REPO-1,GH-4804,2026-02-16 06:29:18,operation,310,192
ad49d16bae650faa5052fbad9e7cbe17305ae40a,REPO-5,GH-4527,2026-06-27 16:59:02,security,217,174
e8831319089ba5845622b8f9682d290b8a318dde,REPO-7,GH-1753,2026-07-24 09:19:53,main,140,23
647fe790411abe034e8639468d420b21f992445b,REPO-1,GH-4919,2026-02-04 00:51:22,build,422,190
fa3c816e266845236f60aad133fedfcfebfa7b74,REPO-12,GH-6218,2026-06-06 00:33:41,wrong,28,95
3f366184fce9fab1675927d6ed6d107d9e310500,REPO-11,GH-2479,2026-07-16 02:48:59,scientist,172,7
df63c33d062d4d892cb6104f4ce4a739f9b196e7,REPO-5,GH-9313,2025-12-17 10:30:24,sort,109,152
fed1be75e223c5cada56db0598ed51ff32c01295,REPO-9,GH-1006,2025-12-23 12:18:45,water,327,8
71e63add85ab43c904e9f85720cf219eae3043e0,REPO-2,GH-2965,2026-01-08 19:02:27,land,289,123
3f3f88333aa1ad351c48d56f3cacd40f22b92d5a,REPO-10,GH-5563,2026-01-12 14:16:01,main,5,91
cc4e5719759776708925b666ab8cca1c8101fcc1,REPO-12,GH-3339,2026-02-18 17:57:41,mention,67,179
73574646800cbe47d7db17a42cf7d3354a08e547,REPO-16,GH-6781,2026-04-09 16:56:20,can,13,150
9634e4544e6377f86db5ee437db8a3a2ec80b72e,REPO-4,GH-2402,2026-03-28 13:19:47,resource,454,160
f78725d215fa94aeee6ce889508431f11b6dcc60,REPO-7,GH-3880,2026-08-13 12:10:31,final,349,167
c6912110f31515bba7cf49dbd4498152879485c8,REPO-5,GH-3370,2026-03-21 11:49:44,such,374,155
94e88658884be56e07505b76fa87034c75622a5f,REPO-11,GH-7171,2026-06-15 10:45:23,main,221,10
a1a19ba8ebc37c885ce96fff83adf3182b6379e7,REPO-19,GH-8792,2026-08-07 01:36:33,use,79,145
a3258c1cf2aa091f69e79e11b71bd15ff319dfae,REPO-9,GH-1430,2025-10-22 10:46:43,main,409,200
5c8903f488f4bd57b0889999ed19bfe9959701df,REPO-9,GH-8541,2026-09-05 06:21:59,be,296,93
f8054254c7103ecea7c7c859f68502efae71aa9c,REPO-2,GH-6409,2026-02-25 16:30:36,fight,236,66
2d43292aca93f12de5d1e76c8d53c6488b2dcd79,REPO-4,GH-6718,2025-10-26 20:17:10,main,250,10
be99060044a8fbd6b88d3aeb0535959b0cd27357,REPO-9,GH-4826,2026-01-12 03:03:28,choose,318,174
45765ee93f5ab1f39804f697a86d78b7a27ac70a,REPO-11,GH-2786,2026-04-07 17:12:15,main,488,80
1171b79785592b24e763be3dd4bf42a8bf2f611e,REPO-13,GH-4898,2025-12-15 06:53:26,product,450,174
ce5479746b380063c7ec83c1c7ffca2229e10d39,REPO-1,GH-5678,2025-10-05 18:34:26,rest,359,143
add8bc4f3ec583bd86a82d408c1c17fab83825ce,REPO-3,GH-9464,2026-04-25 05:37:29,matter,292,102
f1b51116019f2b26c5d9f2de079f467d5fd35113,REPO-11,GH-7511,2026-02-08 14:33:56,sing,274,119
7bf8a3ebd025a88d0e704efc0da9bb4c07ae1508,REPO-5,GH-2259,2026-06-04 07:58:47,current,492,101
28f89e3879da5abf0f45126580ae933a46e33256,REPO-10,GH-9307,2025-10-21 09:49:02,suffer,360,189
19ebf33230821f752dcd782e5c012551d543201d,REPO-8,GH-3153,2025-12-26 04:32:23,nature,80,120
0c73234d60e3ff5f8dfbea347c8a58f2b1c52dcc,REPO-6,GH-2070,2026-06-04 07:51:50,particular,308,198
ee6ef6d3b849af09b263f5d59f4b7d21c908473e,REPO-11,GH-6231,2026-02-07 02:08:33,stop,243,54
32ffc45804d2ede8a798d0c19b95851e5a274072,REPO-0,GH-7708,2026-01-31 16:28:53,reduce,139,64
e897a03db2132988c2e1b171c23e0ebed2523d08,REPO-2,GH-9698,2026-06-24 14:19:28,main,232,107
0df439cf5d8cc66604b00ef4af65059c6cc51140,REPO-1,GH-3296,2026-04-27 23:11:03,main,220,87
20d4a2d30eec307b37904c8e8324e705386ced36,REPO-13,GH-7078,2026-01-23 01:20:17,water,353,200
8e5760ac8fd5f9b4c505ee70cb4b505faa9241cd,REPO-13,GH-8245,2026-07-30 12:20:39,main,293,99
9084c3e3e11ab824b63f5ac834253c4d32d42ccb,REPO-18,GH-6482,2026-07-30 11:35:36,member,341,187
88f84c24d257661e966e56999604c4a5e06a2076,REPO-3,GH-9437,2026-02-18 09:27:57,main,209,67
230d184a6ae143bc8e75d65a6c98d75927107a17,REPO-18,GH-4872,2026-07-22 21:40:22,choose,382,48
caf5b45e879ba4ee812598a833f787ea91c88b62,REPO-17,GH-3762,2026-02-11 02:24:38,compare,194,55
ae1fb3bb1f120e5439314c08aaafc28f4cf41d8f,REPO-6,GH-5772,2026-05-25 05:08:12,seek,8,94
db31a157fcd8a7e22ddd2309ccae52c984500578,REPO-3,GH-6170,2026-04-22 20:35:54,continue,234,105
002c639d3a693a6e008cc2376a4e06d37de1b324,REPO-11,GH-5902,2026-08-18 22:13:24,west,268,195
7cdcde9ba1b0694075d76781af03b6a03d53c310,REPO-5,GH-5465,2026-06-12 17:58:22,color,91,141
d4da157717c2e8135b443d894b2ecb724ccc1f53,REPO-13,GH-9626,2025-12-28 08:31:25,free,318,25
519899ae3f3d07e8faa530e6e2bc0bc9965e7d90,REPO-13,GH-5861,2026-05-08 02:02:52,ever,385,159
18fb3733f489ac87442e04688545b4ee3ca388ff,REPO-1,GH-3273,2026-02-17 12:40:45,or,216,54
25af8e709cfa4a21a8fdd0278371ea8cda48c69b,REPO-14,GH-7566,2026-06-28 14:03:19,free,101,120
41cc95ae89a1014db2d0c598aae806abaa5b5f33,REPO-12,GH-8359,2026-02-07 11:58:18,main,401,57
6c91612ec3878cbe037ed605c56a0144dd19f2f7,REPO-13,GH-5720,2026-03-20 02:44:50,commercial,461,106
2df0f2a63156123b1563e7721a45e3782cf3d3f7,REPO-0,GH-3900,2026-04-22 04:59:53,wife,431,132
d79cefc7c070a819b68f78f420f7deba622b916e,REPO-18,GH-4945,2025-10-06 15:24:18,money,499,100
bf5fdeed3981a06674c663ae8b3b770c2ba27101,REPO-12,GH-5902,2026-07-22 10:11:37,low,478,147
d9bce7cf93ffd0b3ed3e1ecc3d23f13cf35ab6db,REPO-12,GH-7001,2026-01-29 07:43:57,single,463,81
7e659c62ef5e30f7266ebdcf32026c01fe34eb1d,REPO-4,GH-1422,2026-04-27 01:31:51,glass,296,200
800c87b7a2262052adf68103bbc8e05058706a51,REPO-8,GH-4728,2026-06-05 07:50:10,matter,486,82
29cd3f71d823558e9d04f782bfa345f2f2785260,REPO-2,GH-3803,2026-09-09 22:12:01,yet,322,197
42750e40306a9c087c2031d14ce70fbd2dcdb436,REPO-2,GH-9725,2026-07-16 20:22:52,painting,381,187
a8400739e42b737a76e1e643142d3aecb64f333a,REPO-14,GH-9626,2026-06-12 22:55:46,other,184,47
4c179a8e10fc7283fd3bbd3acc806098d7cafd8b,REPO-7,GH-7046,2026-07-06 21:36:19,letter,431,62
7e4b0f24fc3562b57f24f54442b36d8c27b67eb4,REPO-8,GH-4510,2026-02-05 11:51:10,main,322,5
8ff29af94414b111aa0cad884750a66da28030b8,REPO-19,GH-5345,2026-07-08 02:28:09,amount,145,67
ab1fd411baa9bebcc9ab31389253b9d29bc9f659,REPO-0,GH-9742,2025-11-20 02:36:16,but,492,160
1e872d30d121fc7a976897141016d721d1e7923b,REPO-13,GH-5719,2026-01-24 14:37:10,main,325,115
9269440db05b4b111745ffb8f32d84a3ffe55437,REPO-1,GH-6147,2026-05-24 18:48:26,main,178,123
2dfaf0073f2d79350fd11d1d03bb7ea1ae596e01,REPO-8,GH-2638,2026-03-19 03:51:07,general,16,137
20a8604b641e972d90888a45c3274c85b6b7aa62,REPO-16,GH-8372,2025-10-18 08:02:09,day,444,93
9756529e602d1a63d993985c24dd2fa82d14228f,REPO-6,GH-1916,2026-05-11 13:03:37,station,113,21
0b6c22f4f525652f8065858abaa068c667f865e0,REPO-2,GH-9199,2026-07-21 20:55:48,agency,334,75
e9b5019138c1e1879aa694a4268accc0c2380319,REPO-15,GH-8237,2025-10-29 10:11:46,like,205,49
437c4b33a4629d1fd56fa7aad5d6a5f81f3ca4da,REPO-6,GH-1713,2026-06-16 21:46:24,main,368,71
3309c749642ce2eb669abda78cac904bbd3324dd,REPO-6,GH-8126,2025-10-30 21:29:50,indeed,453,114
30a8bdc73907a57caf63360474e04c80a5c6fd00,REPO-8,GH-8378,2025-12-11 11:29:27,player,56,155
d1f046b3a159e9665ebbba0d0b79e005b42c541d,REPO-6,GH-1897,2026-05-19 22:49:09,arrive,460,161
215f43a988dca8aa8ac8a2100d2dc1401b96b4c8,REPO-19,GH-9446,2026-09-14 18:25:28,main,487,135
a97252bb94ddd1a247f6e81d8dedfb5fb5a6b6ef,REPO-0,GH-7868,2026-02-28 08:35:39,too,166,109
f4db8ece802abee29cf6dba9fded1aaab01a8dec,REPO-11,GH-6927,2026-03-12 00:59:00,hotel,161,31
6e07f87c34536b358ba7b13d9689b447f17a13ad,REPO-0,GH-6021,2025-10-01 16:42:42,have,239,145
a20d3d3d86f95d22ca42841478150c7ecaea5b01,REPO-19,GH-9270,2026-01-24 14:38:55,two,53,143
6f2eb836c68349ae935f437833e6314d084d01b3,REPO-19,GH-3868,2026-05-02 20:17:31,main,344,19
bb4a056e37e1fa9346130ad9e6781767b8920e87,REPO-10,GH-7563,2026-07-06 15:10:12,site,101,12
9ce8b392a525d356bc55b0c4052d51bc21c81dde,REPO-3,GH-1645,2026-03-07 08:50:56,fight,168,151
c14fff8b99dc119932b0ad968794f7b412dc809c,REPO-18,GH-7227,2025-11-29 13:43:18,water,330,200
83b72099b4fc4c9614ea7352a85a1322129c5620,REPO-12,GH-3287,2026-03-10 13:29:15,main,471,135
c662d1568c743470c36e08f2fce900612bd9fd62,REPO-0,GH-7932,2026-03-06 19:39:04,people,425,106
9f4560236da3321f6cefd928a09cd03d5905c327,REPO-17,GH-3526,2026-05-17 04:15:00,despite,314,12
db3a49d753f4980e359deee10bc69d91fc9f1e74,REPO-14,GH-8450,2026-01-22 17:24:15,main,496,31
f5488c3c1116b19a3299ad1d27efd3cdb17eb622,REPO-0,GH-3143,2026-08-29 21:00:43,government,166,176
180cf4179f3eaaef6f4dcdcf327f7ddef182d235,REPO-11,GH-8378,2025-10-22 15:19:44,main,3,176
a5520b41b57084068389bbc7d64c944a6248aede,REPO-9,GH-9479,2026-05-14 08:36:41,behavior,353,156
a1d75e48c3fe6e38098c44a8aee83bf8a1fb8693,REPO-4,GH-7560,2025-09-29 12:46:39,who,65,81
c32d7983c8a2003b477594f1f67a1595207554d9,REPO-3,GH-7240,2026-01-11 02:41:41,only,296,122
8e21ade94387b2e9b304bc258ecf2d3ce1538d91,REPO-2,GH-4249,2026-03-25 10:21:19,someone,365,21
db5fe3e45a8aac611c7c9067be64fe16647d9c50,REPO-7,GH-7797,2026-09-17 06:18:41,cultural,439,52
ad1f2353a009eda8baa825080fb7af73454567b2,REPO-6,GH-5332,2026-08-16 04:31:54,main,97,124
3c96b5298897dc24978818f7c8048014f4675a42,REPO-6,GH-6939,2026-04-30 01:29:57,test,271,131
038553b150df195f1742006f7fd2a5f6e74dd544,REPO-16,GH-9883,2026-08-13 20:16:39,main,113,93
8725f27bad21c345d9a0a4c01d2935378cfc9f00,REPO-14,GH-8849,2026-05-12 05:37:17,operation,104,199
90984c482ba50bd2a025ad9b51f198225c635028,REPO-2,GH-9817,2026-07-11 07:02:35,agreement,352,78
cea9f6ab0153c3765388fa09eea86a9cb8e44c04,REPO-3,GH-8292,2026-07-31 05:47:09,everybody,9,117
f35a12203c45ef865f59845d0533c19575369bd9,REPO-0,GH-5951,2026-01-21 12:52:00,they,232,90
78d6552e60cbe23250806c5acf7ab4c7df86fa1f,REPO-17,GH-8749,2026-06-01 04:15:44,ready,109,38
d916ce533120e572e5ad2fb400876588efd510fc,REPO-13,GH-1858,2026-06-12 13:50:54,key,226,69
b0c3f74a95abe38bbaeac18a35c24042ed4ef3e2,REPO-1,GH-3267,2025-12-05 14:57:22,rise,476,108
a54a0603e38046ce9390a3b3841b829fd99b2b5b,REPO-6,GH-7246,2026-06-04 08:55:29,call,142,135
37fd61b19f6ad1ad6dea53c5879e31542ac328ec,REPO-7,GH-2113,2026-07-20 22:46:37,audience,28,9
0c544b19b53593b05656cb3e65be7e4f6cdb46df,REPO-7,GH-1611,2026-05-17 13:09:25,party,367,103
0fe5c58d03460dffde8a3f50f67c858ba90fadbb,REPO-3,GH-2269,2026-04-01 13:32:18,trouble,451,177
0d5da7a26204fb4b0174fc440971397a9bcc163b,REPO-6,GH-6663,2026-01-05 02:59:42,maybe,178,163
056bbcbada2c7a1c47a903b95a251e5dca1a1ec9,REPO-19,GH-6813,2026-06-23 13:55:06,hour,49,47
3a796989b88db16f519e26bc6c03a5a3602d9307,REPO-7,GH-5349,2026-04-14 00:10:21,adult,36,42
e15181c9f63d1419e1c8b8d23a6b16d320f75f82,REPO-14,GH-8007,2026-08-21 05:39:59,main,342,121
bfe03c34df6b4883022843cd990fe9738579685c,REPO-0,GH-4228,2026-05-10 20:29:53,main,452,19
f55278b6c301913059f7bd978b6c7e49d4cf77a7,REPO-0,GH-8354,2026-01-29 02:43:45,room,243,149
9138f9ab18e69d1da7bdbc7daf811b4303346b3f,REPO-7,GH-4830,2025-11-18 14:00:45,argue,420,4
305331c044893421a89f7564c51306a85165012f,REPO-5,GH-3126,2026-01-10 20:33:25,provide,49,25
bdc8794e7e590e2b455c3a0645095492e78b5cc8,REPO-10,GH-1645,2026-09-16 04:30:59,anything,180,139
6efafe8f4c2f89626520f34a67ebe340d45175f0,REPO-15,GH-1333,2026-01-17 12:44:27,purpose,7,90
254937b67209aa35e98a740f572d0e053db4b143,REPO-10,GH-SHARED-87,2025-10-26 19:09:42,space,340,152
2440a464362cfc2e9740c5e137ea2fa9a7900c08,REPO-8,GH-7397,2026-05-28 20:44:55,between,328,5
954bd74c4b01695f863a57ca34f33146b868e2cb,REPO-13,GH-4684,2026-05-17 11:57:22,of,73,91
68f0bc3fc7c5550c59c2b03ffdafeeec117a572e,REPO-7,GH-7626,2026-01-30 05:59:56,the,499,110
ff41754120930e464e5d077a875f7ff2f04a15e0,REPO-2,GH-5649,2026-08-21 03:00:30,main,194,163
438c513ecfb9535553cca192fbd48f6840468eda,REPO-8,GH-4267,2026-01-21 21:16:57,save,279,115
591af50884472cb748564c3f81e0c2c51cd2afc9,REPO-13,GH-9548,2026-06-21 06:56:27,nor,22,148
a3f37f261a6f6d09ae7b9669c92390509d306d87,REPO-14,GH-1897,2026-05-10 05:30:42,main,406,88
8833c7ca5d7978d4940abe8e3ec52a518717b448,REPO-0,GH-4817,2025-11-21 18:37:46,main,76,119
ff16205e836b931cf923f9386b4c5b8c9bf50281,REPO-5,GH-9779,2026-04-16 04:47:12,start,34,75
dfa68e5ad6148eb006681ecdac7f9eeffa4fc098,REPO-1,GH-5543,2026-04-03 06:40:18,will,304,31
6c24136ea51e62633999333e4496f0eb29309908,REPO-9,GH-1434,2026-09-15 16:14:40,discover,339,0
1786903d1850918abdd5265f950de174e8bd8c57,REPO-4,GH-6280,2025-11-25 23:38:29,main,403,128
bb9311ad5e673f049facde23c8dabadf09f24c81,REPO-4,GH-9674,2026-08-15 21:54:45,watch,300,20
f7cd4d9162682a0747b08515c4f099f0beec4ccb,REPO-1,GH-6374,2026-05-01 22:07:45,main,128,173
e363a8876f32fd1e11e15f4dd7cc21c9f8461d7b,REPO-18,GH-8237,2026-08-15 20:26:44,throughout,166,148
53b36ebd6234c53202d79eb2836d21d75239d4d3,REPO-6,GH-4673,2026-04-21 14:34:34,scientist,284,51
f43ccc645b9b1148da1ea403d66e00411d4e3660,REPO-2,GH-7046,2026-07-17 16:22:30,key,322,118
b072357e471d6893a2f18cf318b5adec01787162,REPO-16,GH-7248,2026-03-24 19:10:32,but,258,175
c2dd3e7e8f6f2e26cdd8ba822a134765bcfc1fa5,REPO-13,GH-5835,2026-08-10 23:16:17,adult,287,6
75efabbd705d0d65111331b7b43dec15ae0fface,REPO-9,GH-8933,2026-04-01 04:31:08,rock,263,95
f28848d79d95afac3c87fbdac6552f12161a4a70,REPO-17,GH-6053,2026-02-14 18:28:09,main,28,193
677dcc4fae340efc2d5155f7c627498c1749efa7,REPO-16,GH-8894,2026-03-17 14:14:42,main,44,14
32c3d74e78c7464798ba139e9b552729998bf760,REPO-3,GH-2229,2026-05-17 01:34:27,guess,421,74
4a53502d10f36977a4fd36017a34efe0570a13fc,REPO-18,GH-2996,2025-12-02 20:10:20,air,368,13
4800f9eca6418c2c6b25bc6773821ae7778c2843,REPO-15,GH-5114,2026-07-13 01:57:26,doctor,346,163
9f1e5388dac2b6b0f87dd600a2a96b1798e7db72,REPO-0,GH-9281,2025-11-15 22:47:28,change,353,51
e89b36f655ed559a436fec17f592ed2e28423e72,REPO-0,GH-4878,2026-06-21 04:08:58,car,62,133
8b3a0adba41cbb5689209ef6bb957af4b56eabc5,REPO-6,GH-5861,2025-12-17 10:56:42,bar,427,129
37ebcce2aa73665e79793e766f09a077d2a4e313,REPO-1,GH-2638,2026-03-10 22:33:19,step,248,47
f4fc431c768929c90e476cff7475170cff5228f3,REPO-19,GH-6718,2025-11-09 08:24:41,stage,326,5
50e1a94cb1b323b2ea275466ca479f271bff2f86,REPO-7,GH-5349,2026-04-03 00:40:04,and,359,139
262b559b9245a09e60cc060ecc690e5ea6c64557,REPO-15,GH-5526,2025-12-12 05:12:33,student,52,150
308cebcafda65777ebf8d082a46e6edca7d3e5fe,REPO-8,GH-7798,2026-06-10 04:45:46,artist,410,27
71e63bad2b00a0cd9e58ef5c4c54adb7c8e8cdb5,REPO-13,GH-1653,2026-03-28 03:14:58,environment,235,30
90e58670886ffa27229b3e352b3f9077da6412c1,REPO-19,GH-7484,2025-10-13 18:29:53,region,465,90
e13c03cc0e9c5adbbbd8c9930bfc9169b1e42408,REPO-0,GH-2771,2025-09-30 22:49:51,stay,439,128
238adb09eabb8cb1201e5b62d1aeb660b4fd831c,REPO-16,GH-5526,2025-11-14 00:55:29,describe,90,167
ca8ef027375a2944e931fb803331e429933faa16,REPO-18,GH-5334,2026-05-13 03:56:33,crime,440,35
05d7ee7d8e448e7633341777fa23cf7cc2933786,REPO-9,GH-5891,2026-06-14 09:32:10,believe,430,165
d00adebc924d626c1d18afbb19ea76c07565acc5,REPO-15,GH-4084,2025-11-22 11:46:28,year,295,181
297f04cfcd1db52dd0f853e647effb0281cf0c33,REPO-10,GH-6724,2026-01-12 16:24:49,main,179,149
788597917ce166f5478ef8e034e969fa49895fa2,REPO-5,GH-6763,2026-02-09 01:09:24,top,55,127
0cdec0d19e359be91e65efbed323af98b46cad79,REPO-5,GH-7001,2026-04-09 09:20:10,main,387,107
bcc10092edc0f3f828a9cf750a156233f4af1266,REPO-2,GH-7248,2026-05-23 00:15:11,over,311,161
12a789422a112fc0971be2730f63d326c9f26583,REPO-12,GH-4450,2025-10-23 12:01:57,main,294,142
219cc04cf2ff31222c642e9f15be59a91c16766a,REPO-8,GH-7018,2026-05-09 11:40:54,newspaper,147,57
cc3c49cc6cc8e2011661e506333127e1ff4ef986,REPO-5,GH-8622,2025-12-20 05:39:14,main,415,49
66b8a20137f7c71465469cb31901c01ff983e33a,REPO-0,GH-8967,2026-01-14 10:10:51,main,50,52
270b753549032282742a00d8faefacb18e950591,REPO-4,GH-SHARED-68,2026-07-16 19:02:28,share,397,104
58743a1e8f10cba81b8b44708cd24a07f844357d,REPO-16,GH-4362,2025-11-04 06:54:10,wife,107,146
ea32e0c1cc5d65b18e4b9a4d046c5ad32989351d,REPO-17,GH-5331,2026-04-10 18:31:32,may,35,112
3ce7663878b15291226573c0b7f9e3d5f389511e,REPO-12,GH-8739,2026-02-16 06:46:05,crime,41,32
8e0a533f8d7c992a00818625022d089856524f92,REPO-1,GH-8404,2026-03-16 17:04:04,both,12,57
a230bfd6d3a6a447d07708eb707a84d9f4cee3f4,REPO-11,GH-3103,2025-12-06 04:42:56,main,81,73
764871cc2d24a504465cab06cec9faf2d0806905,REPO-18,GH-1444,2026-02-21 09:21:14,main,478,156
91fe0d7654c71f271c88e18f79b5978a53cdf35d,REPO-3,GH-4986,2026-04-14 16:15:07,budget,470,67
b9cf45f499aaf9d20ab9eb0fbe278293d8a974ad,REPO-10,GH-5742,2026-07-19 15:56:08,candidate,72,52
17462ab449c87dbf4de386cdf6ab60773db1e296,REPO-18,GH-2381,2026-03-26 21:36:13,century,392,9
86253ca38b26d2a16bac6fedebfb5891535ba5e6,REPO-2,GH-1588,2026-04-07 12:25:31,sea,314,20
184079329c6fd646779f7a5410fa114947162f9d,REPO-3,GH-8517,2026-01-16 21:58:05,amount,116,166
7dad62e936462a25abd8e0798ec986e9a97f3297,REPO-15,GH-9779,2025-10-28 21:41:30,business,449,58
0dad0e4a5c53a004e02c1b17a31ed74087e58522,REPO-1,GH-3803,2026-02-23 09:30:18,plan,416,50
2cf75dabcdc71ee837008317d33a61cf23c141d8,REPO-17,GH-7078,2026-07-09 20:43:41,thought,393,96
fcfeb3bd7f444fb6fc7c510caee5c589a8990386,REPO-3,GH-7951,2026-03-18 09:03:14,involve,316,94
1f903582eafa3a6e5853fe4898a3b9e6275c5ba1,REPO-10,GH-5901,2026-01-17 19:34:26,main,122,59
20f82da9bb64ba52462be4734d1139a0e7410788,REPO-0,GH-6421,2026-03-12 03:58:37,available,386,137
f9c3e94bfaa088306f3eb694b635087073f1b2ab,REPO-1,GH-6539,2026-09-09 10:48:10,maybe,225,46
99ca7b3a029a7db64057c8839bdd137444eb719a,REPO-10,GH-6280,2026-06-17 17:02:45,add,456,62
b80b668dec29376f3cd3b2a7821df7b52e94a625,REPO-3,GH-2502,2026-06-15 18:42:06,book,129,139
8874e29098b67ea8856749618d2be1228ea197cf,REPO-11,GH-SHARED-52,2026-02-27 21:31:09,main,113,113
a547899ad90d079545c79728eb4a3323fda6f148,REPO-7,GH-4522,2026-06-09 17:11:59,main,164,178
17b308ef2557f72518f97f032656351a5dfd5b1e,REPO-6,GH-1832,2025-11-12 06:16:34,main,267,59
978c8d252d907c2763e12bad5b6daef4b65c45db,REPO-17,GH-6198,2026-03-01 13:10:27,blue,372,36
0af5937808e611e2a67700342be8e7d6166f5a56,REPO-7,GH-4268,2026-07-11 21:44:01,concern,392,116
fbe8779ef2817534840ee41a63f72e8880f5ed0c,REPO-18,GH-5479,2025-10-22 02:13:48,decide,495,21
8a4b2e493b61c85037b4a22e9f469a7f09d12886,REPO-19,GH-5479,2026-02-05 11:21:39,three,442,97
8f4ed1f42149518142a2dfbf11e2eb8a117aa389,REPO-1,GH-4788,2026-03-02 23:19:55,this,95,168
c476064ca45878377450b2f64d47873ecb748e02,REPO-1,GH-4862,2026-03-10 21:36:55,family,278,195
b9a5becf44a9877743e01f10ac847ff5acc33b4a,REPO-0,GH-6626,2026-07-20 23:41:47,party,173,67
3973f37ccbf74dfe67e918831c9882e1312fc3db,REPO-19,GH-8622,2026-05-15 12:18:14,main,401,186
fc731839bbaf307629390e6700870cff95b52100,REPO-9,GH-9011,2026-07-30 13:41:27,main,274,118
f8d64bc33cc4090f8b4f7c0c331a702ae38dfae6,REPO-18,GH-9501,2026-03-01 09:33:02,reflect,84,97
20b7fe5706f5358ebfc1ad1acea593157234cc29,REPO-7,GH-3546,2026-05-19 04:59:40,main,144,174
66985fb7db421f91e7c480bac88fa9c27425925b,REPO-18,GH-9022,2026-04-03 03:15:31,choice,141,92
32382f442de0fd8fb32016acd2ef4ce085fe73b5,REPO-8,GH-5949,2026-07-22 05:21:35,can,396,155
fb40f66f579a966e0e0568e59a63a7bc1ae372fd,REPO-9,GH-5186,2026-01-02 07:41:02,during,429,67
f28f666de87c4d9fb41ffc36585ea678c2c18e22,REPO-14,GH-3287,2026-05-28 23:55:39,main,246,163
f5f0425334162fdbb235da674242ddcb8cb6a423,REPO-2,GH-5425,2025-10-08 12:07:42,main,283,80
44c50ba8ee2c388193d8793b63f26f1bac46f4b4,REPO-8,GH-2876,2025-10-17 11:42:19,main,66,58
d2f0e3af0d189dd39eaa7d0af10a9200e470d6a8,REPO-7,GH-7868,2026-04-08 10:02:20,country,95,175
ce342678d96ecc977f26d942dd3e992c55bf07bb,REPO-7,GH-6310,2026-02-22 13:28:59,main,133,65
a438d128f192cb1f92642a834ae6ca98168de18e,REPO-11,GH-6119,2026-01-31 22:32:06,pretty,308,60
4022f656d3cf7bb75fc499906358bf12db56fcab,REPO-2,GH-1258,2026-05-27 00:02:03,ball,262,19
e7298a69a28831d2fd72d4953effacf3bd0491a2,REPO-10,GH-3878,2026-06-10 16:48:11,speak,422,174
f3eb1b6d4292ac2afc0d0b502acb4b31cf6c67ba,REPO-13,GH-3587,2026-04-06 02:36:19,defense,13,83
833d5cd9cb5815b95a3ea97232686cef436e62d0,REPO-9,GH-7421,2026-01-18 23:17:24,military,189,11
63f3641adb2569130ba36402fd35b359f924791b,REPO-4,GH-3842,2026-04-11 00:06:48,gun,312,54
754fd90c46de36af49a3d52dae50640aa07e78d2,REPO-18,GH-2353,2026-08-07 08:00:02,office,111,96
c1d4e3b3a7bce7c22db3f05322b547ab9b1997d7,REPO-2,GH-4608,2025-10-03 19:47:06,main,115,144
61ae033cc2f71fecdc75cb2f7f61ed58f134b0ae,REPO-17,GH-9674,2025-10-09 05:36:17,up,450,135
5b58cba8c47c6f28507581afdc82359e65c90058,REPO-14,GH-6582,2026-09-17 06:56:10,listen,429,147
a60922e4dfaf71b8ced1534d325d7a510209b732,REPO-7,GH-1986,2026-01-27 02:59:22,level,394,92
77304e322dda43b210ecb61a453072159186942f,REPO-10,GH-3580,2026-03-24 11:23:31,main,355,61
e5dc3603308a3605549004cfdeb1512811cbdf6e,REPO-13,GH-6403,2025-12-04 15:37:31,traditional,287,129
9f2fdeb4ce8d17342af6a551a3a740dfafd16243,REPO-11,GH-5670,2026-07-26 15:27:23,seat,118,114
0861a42f5125752fc415b745393fa41ecab351e3,REPO-18,GH-3254,2025-11-29 17:01:13,center,134,73
ea104681c93a507686347f67a4e9a11e790418d8,REPO-3,GH-5562,2026-01-26 07:25:13,method,259,37
ed6c8cbe4c4507c411327422dc687e941b4b952d,REPO-13,GH-7149,2026-07-20 16:11:06,Republican,365,120
7f7bd9ee6b3353785cfdc563388b812bcade3b35,REPO-2,GH-3546,2026-04-05 11:22:38,reveal,272,99
895d54afe043ee40dffa189b196b4606b6edf27b,REPO-7,GH-2353,2026-04-24 10:35:12,maybe,173,86
be5acf84002fb0af8ad6d8530162af0a4d53121a,REPO-11,GH-4770,2026-05-03 07:41:07,main,323,115
c0a9bcb151feccf6ed6579330658f80f22ece447,REPO-5,GH-6952,2026-04-11 17:43:56,everyone,470,130
d93be62739d94d67eebc8be546c3d88f7f8d1d73,REPO-0,GH-9095,2026-04-07 01:56:26,huge,346,166
3ddbd58a8fbed2b99b09c103bbbc0ae254f22bad,REPO-10,GH-8484,2026-05-24 13:22:47,space,370,150
bdaccd409d4d904b1923c833fbc00b98fa359faf,REPO-3,GH-6763,2026-01-15 10:14:07,ahead,175,12
fabbab840543b4d16fe342975a4a34d6de4624b3,REPO-10,GH-8842,2026-05-14 06:36:11,third,74,10
db2a146c2c0b0d2c74b82bb38fdbd876cacd21a5,REPO-19,GH-9042,2026-02-16 06:16:29,site,146,42
9efe4909231b1ed41eab6a7176474a3d5219697d,REPO-8,GH-5583,2026-05-11 18:03:07,vote,454,43
b4755ba7333a1c7d44c399b3b9cae5a59a3f07fc,REPO-8,GH-4084,2026-05-27 17:56:00,bill,474,59
4993d65bcc65db723bb3151bf4dd7dca3399a47f,REPO-16,GH-7044,2026-03-12 05:42:56,heavy,307,10
518678ffe68decff3743bce62989c25278d5b30a,REPO-0,GH-9889,2026-03-05 22:32:50,recently,483,146
eb900af8c8c972d56ebc6ed374bd662a1f85457a,REPO-14,GH-9984,2025-12-30 19:27:48,raise,233,75
458d21b791621473c44a9fc8c16e72888049ef21,REPO-2,GH-5712,2026-01-26 04:03:49,whether,143,187
9af3935751e8b46d0c89b566d5731c0e4af38b22,REPO-7,GH-8179,2026-06-21 03:37:43,focus,81,129
6e146563222178a10e6761842249928149e0fe70,REPO-14,GH-3253,2025-11-10 10:02:06,again,345,198
48b8fd53313972b957a3a7c7674172f5c7448399,REPO-10,GH-SHARED-52,2026-04-24 01:29:37,main,222,25
401955adbd359d320e14a52e29b51718839050bd,REPO-1,GH-9626,2026-03-24 23:04:19,knowledge,126,35
18be5ec19b60d00d067b309d043be009ccfbc09e,REPO-4,GH-2622,2026-05-05 13:41:22,main,376,127
e09782005584cd3d69a2fbdc49593f034f804a57,REPO-6,GH-3147,2026-03-09 12:41:55,main,487,132
b457a7b542ac4f8e85c80227127c3175ac6c30cc,REPO-17,GH-3827,2026-06-24 05:53:18,age,92,9
be1b70b9ac3eaddfe3b30605163550ad1db52806,REPO-8,GH-5634,2026-01-27 21:12:45,in,299,60
e3dd14efe2adab906aec079d50fd1a44b37cc6be,REPO-9,GH-8685,2026-01-30 04:16:12,system,408,161
94fa023b8da455a8bcc7f0859b1fd4a85df65259,REPO-11,GH-2773,2026-04-04 14:55:03,Republican,50,56
961b4d20ea0dd1c2672ac06653c1954ffc14ad95,REPO-9,GH-2480,2025-12-15 22:17:23,main,167,63
7c5f608066f1d4d7a03e75b285cb55eba0b8d6b8,REPO-12,GH-1783,2026-04-10 05:13:39,region,452,123
0fc01b9d0671c12f1e89230d8f3aa0e54fe96b3e,REPO-0,GH-9464,2026-02-05 19:49:19,firm,111,200
8057a56dbf67901c8e7abc940fa703aef3c81338,REPO-17,GH-5961,2026-02-15 01:36:23,defense,346,81
fb7dcf73562af345daecf7039707bfba4e0875fa,REPO-14,GH-7141,2026-04-07 23:00:39,store,468,13
7bb333a3d9a352785086887f2776b7dfca5bd010,REPO-7,GH-5334,2025-10-26 05:07:46,north,24,78
6223e6290ee143aac20d84dd7d616eb899679f5a,REPO-7,GH-9196,2025-12-19 02:27:23,main,275,52
bb46321489da984681f2c8e8ce4cbc44fb26cb70,REPO-19,GH-1842,2025-10-15 10:06:34,painting,370,5
dcf5d3f5e1e67aa2dc43bbd723683dcba8b0d6d0,REPO-11,GH-3697,2026-03-02 02:15:06,probably,33,167
0bfeb456c0260048f02e958180a7dbd152daea29,REPO-6,GH-6403,2026-07-12 11:18:12,series,81,137
ff7b6210758798738b394b5486d9519cf91d6058,REPO-7,GH-9464,2026-08-20 19:28:38,main,467,95
98f5998832e993d4fd320ccc6c7f921f546b746e,REPO-6,GH-7163,2026-05-14 19:39:49,audience,482,3
df8bf89ec16c5425aeedfc655c58939d20e73395,REPO-0,GH-3126,2026-05-04 22:34:46,main,53,128
427c5d540bad2d0c1a44ec70b401c875f07c30f4,REPO-15,GH-2796,2026-03-30 12:54:27,hand,155,6
7d8f7c1a387cee47c60d7f5f8f41051dca074bd7,REPO-7,GH-6155,2026-08-01 23:05:49,than,64,200
b13f16b887b33cd7108e59e8057cec44c3cb4623,REPO-12,GH-2753,2026-01-22 04:30:12,main,449,69
a797c0950179fd1eabfb3ca83d2e954af5c648fd,REPO-13,GH-4814,2026-01-21 10:26:23,notice,426,138
a1a2d144118fe0cf0412845efed325051d4a027e,REPO-12,GH-5649,2026-01-26 15:44:47,main,440,79
aa9fdec093198c246842da9bf4210bb127bbf1a6,REPO-8,GH-5465,2026-03-02 04:48:07,myself,136,167
5d1655893361c145b18bf251d8c6b146622df797,REPO-13,GH-8242,2026-03-21 23:28:55,officer,146,179
820341ffe98865979259c491df25054677eb277f,REPO-3,GH-1645,2025-12-06 02:24:25,product,500,6
9c560105c99c8edd00aa8ad4b7725e75af5bf3bb,REPO-7,GH-9138,2026-06-27 02:36:40,culture,289,27
6f1cf80324ab28ad8d2577e5440d8a312c1c6290,REPO-15,GH-9095,2026-05-08 23:39:16,recent,73,103
1d54fade47785a8653515861a2b568ca480fa63e,REPO-8,GH-7512,2026-08-12 22:27:51,manage,173,38
d6ae4574ef23f3d5687ff9a552be10710668fa70,REPO-18,GH-1920,2026-01-09 00:25:45,no,3,68
301d14295416ce67ed7a9d680343774af0a78a33,REPO-10,GH-2680,2026-08-07 02:53:30,specific,237,181
39d7ba8c6c09ed1887517abd1322a0747ded5571,REPO-17,GH-9011,2026-09-14 03:24:28,others,376,20
1b7dc9750f783ae24425c1411a7f46634a8eaeb7,REPO-0,GH-8541,2026-07-06 03:37:42,nearly,63,42
54dad7b4d72c889dca864477dfcc1f958d86f3bc,REPO-3,GH-8019,2025-12-13 21:15:37,main,254,43
937ee32d8c708d63ddde268ba534a3e7b9f75e5c,REPO-17,GH-5708,2025-11-23 08:09:22,skin,152,30
fa08880d3be72d424cc51744ef75966c21b8277c,REPO-9,GH-1693,2026-06-20 02:36:21,main,347,69
66f4e9e8f1bdd2575bf94b873095cdff21a8aac6,REPO-5,GH-8239,2026-08-20 18:52:21,from,351,52
e6795c542780cf85a96e1304f9242c581298652a,REPO-14,GH-6198,2026-08-27 00:35:57,main,475,191
7cca9388383028aecca2e244d6f27d8ebaf6c4a0,REPO-15,GH-6574,2025-10-21 23:35:36,throughout,92,38
8efcc007b451f42ccb1a6a452e4a79d144299a07,REPO-0,GH-5786,2026-03-06 03:17:22,few,103,177
e3e623dc8944617e2d2ac8bdc3ff1fb629e76253,REPO-14,GH-4404,2026-06-04 20:38:21,right,320,119
6bd995e5a2ad9dae3a325228d241019d195f1eb4,REPO-7,GH-5728,2026-05-18 10:58:34,edge,476,49
be7d84ffc64645c80933d76f8c4749339a6ae02b,REPO-13,GH-7484,2025-11-10 01:31:40,ahead,189,159
469240c00e0adfb35e817c3b0802f1c52b38d829,REPO-6,GH-4608,2025-12-31 08:07:06,force,53,187
cb3bf0fa1623de71b94d80138baf3a15d55e53ad,REPO-5,GH-7149,2026-03-26 05:22:02,least,65,133
316da0e0fffd0219a4a22c818b0aa5e472d5f52e,REPO-18,GH-1672,2026-03-09 20:35:19,although,414,188
5ef3739d0804614c3a1fa795dfc252aa24db15f1,REPO-7,GH-5050,2025-12-14 09:46:23,century,412,157
742378576b5a8b9c65a27e3edfcac54856d0085a,REPO-5,GH-8606,2025-10-08 06:42:25,main,166,19
2ed5a111f37d11fe12e34ffe32c257e09a3eaebc,REPO-9,GH-1046,2026-08-05 00:36:14,oil,124,143
330fd57a1781bab96dc1c340c98398783a4aa972,REPO-12,GH-7029,2025-12-04 07:23:11,and,160,133
ac2270e0706e3e635eac56636771e868b37f0a67,REPO-2,GH-3868,2026-07-04 13:01:51,again,110,42
3b5162a1cee58a2eb2cf075bdc2496ab8b26b5d1,REPO-8,GH-9316,2025-10-18 10:46:22,because,461,111
e25d49a6a2f490f897d675cedcff2ca9ecfe9a09,REPO-6,GH-6482,2026-01-26 20:53:23,trial,472,48
4ec67c6ad9adc66845b82dee3373781e3c3a7f5e,REPO-5,GH-5757,2025-10-21 15:42:34,main,101,113
e8bc9bafb038a27f7d4569b583ed000868656329,REPO-6,GH-1434,2026-03-04 00:39:50,remain,169,24
b5f9d922b07dfa6f8cabe5e158a3c97df838eb36,REPO-1,GH-9239,2026-06-09 06:46:57,industry,246,101
46dc47e9e5f2a8893be37dd540eb81f2022a4e50,REPO-8,GH-8532,2026-08-19 02:41:10,challenge,498,146
d37ec11b7d9d969e7a74747384943e7018cdb21c,REPO-5,GH-6374,2025-12-27 15:08:53,simple,332,192
01960ab56e88d71e5ff12b596c1c14dfe2b7f940,REPO-4,GH-6438,2026-04-09 05:44:22,nearly,446,33
c4859800e66049402557a1f999bbc59ae2c84887,REPO-3,GH-5889,2026-06-11 22:02:15,stage,364,15
0c990886719a1da201b485333124fbac08a3d7d1,REPO-17,GH-9817,2026-04-18 22:51:52,main,100,167
a1fb487432f429830ffb5bddddde6718cf461d16,REPO-18,GH-8126,2026-09-05 11:49:38,main,265,3
16529863b73e42d89e0c6af96b6790a8379f75c5,REPO-2,GH-3780,2026-05-17 21:49:30,main,257,37
c8faa3a036e6d6db9dc42e57c4c5c61e0218c748,REPO-19,GH-8784,2026-08-06 05:57:19,there,210,44
9595a7ac1c5f974c65b88bd06ff8b66b7da42f7d,REPO-3,GH-9922,2026-05-11 21:24:01,sure,429,178
639365f44fcbafc3bb57c5ee1da48f05d05219e2,REPO-14,GH-1887,2026-07-14 14:26:19,worry,47,46
b9781dda6d08bc69bf482dca362810d53fc9875e,REPO-0,GH-3697,2026-03-10 04:30:36,both,6,55
9a13fce0226cb93b0ba4c9218cf66488f87838ac,REPO-6,GH-5757,2025-12-03 23:38:28,face,68,79
ae4189fc56c1f1dd426698396fb8ae7abb07404a,REPO-9,GH-2146,2026-03-16 15:17:34,travel,290,80
b8fb89f9258ed2241a1947bffebb142e9a5c4f0f,REPO-6,GH-6934,2026-05-13 21:26:45,main,91,75
f67c8afcdb6d75f97a7d9c27683066f4f5eb7139,REPO-14,GH-4249,2026-04-22 03:23:08,budget,182,148
cc3557720cc02d4fc7620093653e1cdff2eabc76,REPO-16,GH-6772,2026-01-27 20:59:07,main,352,43
8f4f81962abafac7bdb8be197d092951f34fd2b0,REPO-18,GH-8905,2026-03-30 09:02:47,fall,292,53
b25c9a9e59f35dbc76b2dd6821d9ff6b6afe4a0d,REPO-16,GH-7566,2026-09-03 11:59:59,main,407,68
005dc130c39315e6abdc665dbc40a519adf48d71,REPO-6,GH-3749,2025-11-22 05:45:31,senior,134,8
b5cf0e9b7050d709b1077ed0ad4f70cd5591b42c,REPO-4,GH-6992,2026-02-16 18:39:49,against,191,144
15317b2c169dc1dd850cbdb66d1ed5e88dbde495,REPO-18,GH-6155,2026-06-04 14:37:36,police,54,161
4397908f9086a415af51ffa048e9be808ff725c9,REPO-0,GH-2771,2025-10-10 11:31:57,recognize,172,86
a48c5dfe9bc5893ea721af4a21d72d19a286dde4,REPO-14,GH-8030,2026-08-03 05:45:29,rock,12,112
db2d1bd80fef223ba4d5afdc657a536619de5fb9,REPO-12,GH-6374,2026-09-18 06:24:25,main,130,185
83c30c7349ca40ad88dd863bf0b45456fa67dc08,REPO-10,GH-9850,2025-12-29 01:01:33,if,154,10
a117870db2a68ce976d5f25e6dfd8604bf792e64,REPO-13,GH-3762,2026-01-25 01:40:35,school,296,102
0b2a1beeb25b96213236097895f72b19a62247e7,REPO-6,GH-4460,2026-02-14 21:08:23,reveal,67,169
5f21e9efd77e182b8d9cad786be2cd1bc1360fa3,REPO-1,GH-2790,2025-11-13 08:42:31,economic,393,36
41eedacc3f3dd06f87dc39666298d68641a0fbea,REPO-4,GH-4185,2026-08-26 00:56:09,main,155,78
74ce369a60c74501f0691bb29d9167d5f882e036,REPO-7,GH-4396,2025-09-30 00:24:09,increase,47,185
4b2eabacba5a19a61949a165adc690cb8c8bea71,REPO-17,GH-8726,2026-09-18 10:46:55,believe,3,122
f406238876af11ff31b750ef2bb2528a08561c2f,REPO-3,GH-7086,2026-08-12 11:16:37,finish,202,178
89b059344a6ae8ff2a1d3deeca1f8b1a9a76ac6b,REPO-15,GH-8685,2025-12-17 16:01:46,college,238,180
b47dd15f806f0c5b788f49616aa8db0acfb9816a,REPO-3,GH-3369,2026-09-17 15:48:22,free,391,34
dac320ef0b52633e7cb3b10cfda022bbbe9138ab,REPO-10,GH-SHARED-52,2026-09-03 12:18:50,quickly,346,186
5326ee2907a42bcc51a2130ffd5dab0bcee632fc,REPO-15,GH-1086,2026-03-03 17:58:17,eye,301,6
0298f51b3218053f7e2fed89b2dda8f2bb27341c,REPO-19,GH-2146,2026-08-29 10:56:03,state,189,92
e768917d593b1df60da995b00fb90680f0d1bdb6,REPO-0,GH-3827,2026-04-05 21:59:08,itself,204,19
60b29f932f94c861cf56e6e1f8ef7bba9e0c3292,REPO-9,GH-9955,2026-09-21 18:39:54,series,197,167
088d681e48b27e21e8c53f50e53f8502a983bb31,REPO-4,GH-7209,2026-03-09 23:49:18,ten,346,123
294a1c38904fb7d62a57163995741e495a055b4f,REPO-13,GH-6409,2025-11-04 22:50:23,say,350,132
4f6446e97dda5e242eacc5365967f137544c38dd,REPO-3,GH-3414,2026-01-06 07:30:09,main,412,3
6cc3063b03ede3854c165c41169701639a5f9eac,REPO-4,GH-1693,2026-02-10 14:37:26,shoulder,352,116
57e45337e4f123107fdf3b622ee71cd33ee3a015,REPO-12,GH-5906,2026-08-08 20:47:03,general,156,108
4123a9f477cecdf2a5ae4c49f008bb287e425b49,REPO-3,GH-9307,2026-03-21 23:47:27,main,466,115
5e7f48da104fed09c177210fe17b8e1a8c76ef65,REPO-13,GH-7132,2026-07-19 21:12:40,put,446,172
31e36e7c923af38b1693bedcf31997fc4cf79dc8,REPO-0,GH-5632,2025-12-07 07:39:45,main,363,151
92e5b1a8bd5366d36ed4f6cced156e6006804ae5,REPO-16,GH-7563,2026-07-31 03:55:10,about,447,116
7b7100762d5666611fc54fd9a6fbff8d83708063,REPO-14,GH-2419,2026-03-01 13:31:27,focus,445,125
fb51b7d34fe5290bfdf03f8bbd6174c33d60a54a,REPO-1,GH-SHARED-14,2026-01-26 19:11:03,bring,190,64
f4af97289f440c8dfd2948737f9cc1ec2f1f728f,REPO-9,GH-3697,2025-11-27 06:05:49,main,278,68
772c6e099444e12e73087d422f31ab383dd31290,REPO-11,GH-4846,2026-07-01 01:58:59,then,167,76
c20b6349c5bca9a55d22d9854ba674d01b109092,REPO-17,GH-5264,2026-06-06 01:53:12,throw,90,21
c3ec6fc48bc1c503264a14b6df023b37d54ce5ad,REPO-13,GH-SHARED-68,2026-05-15 15:43:00,structure,498,117
a7d6bd5d75778416a027320bb8e8d571ae2ea4fd,REPO-10,GH-9167,2026-01-29 00:06:03,TV,312,185
2f8275caa2e0599c90b9f004550d11dcc3fc4cb9,REPO-9,GH-5906,2026-07-09 11:23:09,consumer,95,191
105d6c3a6392daa7d5435fb5f37dc992282cc65e,REPO-2,GH-5350,2026-06-20 22:44:27,main,495,29
75c356cbde900adfe1e4b60ca2358b921c643bc9,REPO-17,GH-4150,2026-02-01 04:21:22,decide,356,12
39ba1b14f61a71122b4394553ba8fdcb12f176db,REPO-15,GH-8777,2025-10-29 17:44:25,court,224,70
e2e7e70978264111ced18af997a3c763c9b03b41,REPO-19,GH-6272,2026-02-26 18:43:00,main,348,72
14bf48cfb8ff025d77696595959ad57ee5618d8c,REPO-13,GH-5082,2026-08-17 02:51:28,door,213,168
012040405f508e3fec971855ba4670c7b84a272a,REPO-8,GH-6549,2025-10-05 00:20:45,wind,500,162
b8ddc00dd777b3d69aa0a72b557c48f5fc1ec2af,REPO-7,GH-3503,2026-05-01 20:57:43,produce,167,56
0ef20c42c1e721896f97de990ffce4f93b5846ce,REPO-9,GH-7001,2025-12-24 18:47:28,maintain,424,117
c2d164ac82e2fec161dcff66689a475055e804f1,REPO-15,GH-1815,2025-12-12 23:03:36,together,175,81
44b6e137c3f1c5dec0d0abbe5422f9a8b061a71f,REPO-14,GH-3532,2025-12-01 12:00:17,prepare,381,127
1348351d6033beefbb75893cca8cdbad9195f7d8,REPO-5,GH-5720,2026-03-12 12:45:15,church,207,8
854b5b7f10fc2f9b432945c876f24a3ff1b9dfe6,REPO-11,GH-8744,2025-10-31 13:11:47,conference,272,94
b1b92dade274afd4c40c4064cb6f7e7f80f2e32c,REPO-10,GH-3240,2026-05-05 06:10:20,serious,16,39
43cd603fbbbdb2f18d7ac979605657e95b51776e,REPO-13,GH-1907,2026-04-19 04:14:52,wife,499,72
cc3becfce1a070e75c6cfd2eeb3c6f5499145dfb,REPO-3,GH-4872,2026-03-22 03:56:56,miss,109,28
21a4d002adc096d5f7c35122f1f51819d83c63f9,REPO-12,GH-6751,2025-11-11 23:42:01,Democrat,385,55
8adf5d0d4a495f9e7a779ba6f7a3b068c9c470ef,REPO-19,GH-8616,2025-12-09 23:05:08,tax,186,161
df23172c064401e8d14ee4795977f86cead4a081,REPO-10,GH-9850,2026-07-27 16:59:24,skin,201,57
2562d80a64f74c7ffa22a5df3d4f72c6b026c298,REPO-14,GH-7745,2026-04-06 21:03:58,main,91,102
454b5f7ee318176880e2d86eb94ab3028ff5cb5e,REPO-17,GH-9311,2026-03-13 11:10:21,plan,238,167
f23ee712eae073a73d0856fa490eb37a591f7994,REPO-3,GH-5781,2025-12-19 16:18:41,fear,215,107
29c9b3e8bda70298d9063b277632694f996c4d7f,REPO-0,GH-3463,2026-07-06 04:29:43,kid,313,158
37c6c6944a9a73409e677ade67753bd84724ba9c,REPO-0,GH-4697,2025-12-06 00:15:15,child,86,145
fc04c39f83a256637fd7bd8d7cd76dd76888db70,REPO-19,GH-3868,2025-10-08 03:16:12,everybody,200,141
aaed9c64854ca03a6865ca4d7907e7f22a5842c0,REPO-7,GH-8144,2025-12-27 09:58:13,whatever,365,51
4fa01c3c27984059eb03b57d8ebeca595fd8b8d1,REPO-9,GH-2290,2026-01-01 09:34:35,main,106,147
9e0d707c652f1bd1a6f76ebd2c3711b19e637839,REPO-7,GH-9312,2026-06-19 16:55:00,bed,124,45
cad27bc4d4c606091f7ca4e44d80cb89c6e765c8,REPO-5,GH-4467,2025-09-30 23:16:36,try,493,17
11994be051790c1782d1191159f1ed66ac06ebb1,REPO-1,GH-2402,2026-01-30 11:57:22,information,444,133
69c5697ca026cedc86b58834ebf215e1d29daeb2,REPO-19,GH-9239,2026-06-20 17:00:50,main,366,6
7c190a512b2679c6cddbc7f86935cc903a0c87f9,REPO-1,GH-7658,2026-02-22 21:31:19,main,425,185
e2f12ff4dd8c30e7baae08149448ea48767ddf27,REPO-3,GH-5861,2026-07-09 20:04:22,baby,135,194
c40602b0291c1b7014de3b98c088528f534a3551,REPO-10,GH-8007,2025-11-02 23:09:13,main,408,123
fc2abdc7decfa1df2f137a4b71bfeb75bcef83b0,REPO-3,GH-2625,2025-10-17 04:48:36,easy,38,117
15cbbd2cf4392b2852e026eb69e17ee7694a0f77,REPO-10,GH-1282,2026-03-28 20:29:36,police,170,115
04aa1666b1a44c69f6e176ee8c2de380853e9c7c,REPO-4,GH-1653,2026-06-14 11:18:56,piece,14,56
421f7f5a65f41f949eff9d4b30f4cae9b98f9b89,REPO-5,GH-4460,2026-06-29 12:43:09,answer,244,182
7aac45146248ba87efd57d7b010c7f12d3b7dde3,REPO-9,GH-1406,2025-09-29 01:03:11,president,356,32
28f7b00f5c4058a4b4658642622bec98dd2bb757,REPO-9,GH-9011,2026-02-21 21:40:54,indicate,327,58
7cad6c8a32c2cbc62218b8c31bf8dc128717cafa,REPO-6,GH-7560,2026-06-14 15:42:02,wait,300,3
f3638e299dbc44fdc7bb2d3813a1c8948ffbbc16,REPO-16,GH-6236,2026-05-02 06:33:58,main,265,103
13f0996e18139e8fc2b425706175ca11e419732e,REPO-5,GH-6039,2025-12-05 14:57:20,most,301,128
f47345814c6e32e47bbba51cc97843159e4d72e9,REPO-11,GH-6091,2026-04-06 08:41:07,main,249,165
f3cf79e87f22aa68c51321a629c84d4c7735d663,REPO-16,GH-7078,2026-09-02 21:40:33,behind,460,97
7563f85e2974752ef06da899ff1da4e32822dfbf,REPO-2,GH-3441,2026-01-28 04:41:51,lead,106,57
bbdf47789e2a1abd4a88c094dbb03933fe31a97e,REPO-19,GH-1464,2025-11-21 00:43:02,form,62,166
40b5c4a2a917647b663938cc39065f49c171a427,REPO-15,GH-5210,2025-10-14 02:42:23,money,327,3
fd161ab85ea0f2006f6650ba59a2e08bd68e7510,REPO-11,GH-6493,2026-08-31 11:43:39,fast,321,25
2080d0233ec900ddf2273a089cb8b4d89908ed48,REPO-17,GH-2020,2026-07-14 09:18:15,law,447,20
48075e432e54ae61e4e69cc18edc9cae8e3d32e1,REPO-7,GH-4571,2026-01-14 20:08:31,everyone,94,176
6a75b408079caad87df4103f648e5647d19d461b,REPO-5,GH-3266,2026-05-23 00:01:17,main,137,141
ae5075ab346d2feb98117ee87aeef713ea423457,REPO-6,GH-9674,2026-09-21 20:42:45,main,33,33
470b7b7196fdff1b33514cce00b434276a3ef1c0,REPO-18,GH-2911,2026-01-26 12:33:10,community,275,200
58d2f09cbd75d0e2c929df0de83e70e0f7f9934f,REPO-2,GH-4680,2026-01-27 12:09:30,million,227,21
cc57cda9346be32331f867dab436e1066aa5c20e,REPO-3,GH-8900,2026-07-20 13:03:21,only,307,124
e9c6bdf35d9b2d6e8a2cd1a22d5b3fa95da5c656,REPO-0,GH-6928,2026-08-24 05:56:06,provide,464,28
5afb879f8a3f12e59f82b4964799459ccc2b5181,REPO-19,GH-3126,2026-08-02 23:02:11,current,1,64
231fea66c76f8ad5eb0db14d2212a65243db3c47,REPO-10,GH-1258,2025-11-23 16:19:53,cover,146,165
8d3c31295e1cacb3589ef68316a3f3faae6891ad,REPO-17,GH-2341,2025-10-10 21:20:44,common,348,143
07f1672a23b1cdd7f3e8687d5e8d0af76ba74850,REPO-16,GH-5295,2026-06-28 03:08:09,business,92,16
e91ca945d137c4f92bb23e42f09efc6c23944823,REPO-17,GH-7576,2026-09-09 14:43:22,amount,399,27
20ce5b3272c4edac631d1db68dedc38c270403aa,REPO-16,GH-4830,2026-03-17 10:20:49,security,154,156
6f7f4f6e0a97357762c3c7764ac9ec18b0ad4d65,REPO-4,GH-7818,2026-05-02 18:37:41,mind,393,101
e410f224e37546104f569c2ff39c84f3cc2bbea5,REPO-16,GH-4626,2025-11-09 15:34:34,trial,404,106
c51f5041fd97c308902ac23063838b9806672481,REPO-9,GH-1888,2025-11-23 11:02:45,better,171,186
938640cfe9a8d13b683ca01618d02f8881096ca2,REPO-10,GH-6772,2025-12-15 02:01:15,couple,289,100
b1cd102e931d8e3fd785ed22cf52d16ed7674205,REPO-13,GH-3870,2026-08-17 05:25:02,movie,72,116
d5a4e46d197705e4b9c0db52f9da07ab86ad6acd,REPO-8,GH-9041,2026-08-12 10:00:35,main,13,82
ab757c140c49220bcb2d824c0bb9df76c156349a,REPO-12,GH-7232,2026-09-07 22:49:26,difference,379,51
6923149f37cd828f3e6da5a938303b6e05569094,REPO-10,GH-1939,2026-05-11 14:08:28,above,370,151
abe8ad5df4118e37c1c8c7b1e38eed6b46089ac6,REPO-1,GH-1496,2026-04-19 05:54:15,couple,353,180
e868f28d6b9223a6e506cffd2b6d415faeba16b1,REPO-8,GH-8792,2026-03-07 16:23:29,employee,31,25
76a5ff082f655d8bf254cf12cd68fdb68cf91f66,REPO-10,GH-9548,2026-07-22 07:43:34,between,225,72
3540925d79a170f35bdbcef3760d0afb591e5114,REPO-4,GH-2465,2026-09-06 13:57:06,feel,167,198
f77f86a654f4396ffcb57f7cd6d317de00e4bc8a,REPO-18,GH-2193,2026-06-18 13:22:35,campaign,225,62
a142ab4d01c84526829447dc0d30aa3e3c36b649,REPO-17,GH-3981,2026-02-27 01:00:50,woman,286,135
6b03bfe3c6bdc77e1884fc0e6bd3ac946d5835ad,REPO-14,GH-5757,2025-11-07 03:43:42,main,95,82
d721532686f192c43f282756df2d5c9bf0f865fd,REPO-14,GH-6403,2025-11-25 16:22:35,magazine,347,180
c55478d097340657f7882adbfe194334044baacf,REPO-19,GH-5757,2026-08-15 13:45:47,main,72,30
0b77867eec0ef8ff518343f2ff550d9a9d96e20f,REPO-16,GH-9689,2026-04-01 07:39:32,main,263,95
f9abe28ed7c398c589c5481cc860f22b2435f25d,REPO-13,GH-7572,2026-01-09 13:18:54,main,448,83
3b7cf19e55ac9ad97ca5e5e05c47f6a467f56b14,REPO-2,GH-5089,2025-09-29 05:11:42,animal,48,142
9b3540703ceec72d1336a9abff4472ef09a507bb,REPO-19,GH-1854,2026-06-08 19:03:31,main,385,18
d1433bc3c93fd0f3285f14f9aa5ce26c4bcd224e,REPO-4,GH-7081,2026-03-21 22:18:07,sign,94,165
1a182bf8f078998c89f59a55a0bade302877179c,REPO-13,GH-SHARED-14,2026-07-09 03:26:22,subject,295,75
2c8f2d55130a2e551425264d0348ee0c36adcb5b,REPO-12,GH-5741,2026-05-06 00:01:35,travel,166,109
aa1f502acc1446e46103ddbf266087608606265e,REPO-7,GH-7484,2025-10-15 20:50:12,fear,168,136
908767d9d8b30b97e3b75104db4e17b84c8e75f2,REPO-6,GH-2292,2026-01-30 11:15:21,main,474,90
e492e7fda1e3b336bcae70f7fd6cf3fef5f25494,REPO-6,GH-5853,2026-07-12 19:48:13,play,14,136
052de61193d068546861d4f98fd865f6ee8e9f90,REPO-2,GH-8025,2026-02-22 01:54:23,main,476,58
6db398d8e5999788b005f4dbaba7743f62f64549,REPO-8,GH-7389,2026-01-04 01:23:06,main,112,197
0f1ff751691ec69ea7cbb738d97b13b62b9d67c0,REPO-4,GH-4267,2026-07-23 08:11:03,main,226,31
72114259ed95fe549524bedac79ecfa520a2a06b,REPO-14,GH-6272,2025-10-31 14:22:50,detail,395,97
3748fd181ec2a295cb5533563d4e03ed79286624,REPO-18,GH-6952,2025-11-29 05:48:09,interesting,84,193
e4238973540ca3835b03072836fb699b10dbc29a,REPO-15,GH-5678,2026-01-15 14:52:48,ready,384,81
e18a83b73f53548610b3c1dabba08dc0154042fe,REPO-6,GH-2790,2025-11-25 19:43:28,military,185,122
65b9a456876e4f79afbce2ba58aaf71ff5887160,REPO-3,GH-3165,2026-08-04 01:52:56,sure,195,107
8de4f38ea5fbe324b019389691434e7573b097ba,REPO-3,GH-8245,2026-09-19 21:57:00,reveal,159,16
31f1d0766f9d203c691c6bdf040d76bd9dbad7c7,REPO-9,GH-7381,2026-05-19 08:14:23,main,44,166
4b35b3a04fe5446c373152add6b733c8f152721e,REPO-8,GH-8371,2026-06-12 10:11:02,hold,166,11
2eec12af71968b636f45c385a73079e2144837db,REPO-7,GH-4228,2026-04-14 01:21:34,like,66,132
4c5ab94438a69945eff42d4522e4e066b7694d88,REPO-15,GH-9476,2026-09-05 19:43:58,executive,306,53
ab6bdfd76ca4960518ce31d2086380b8f11a6e72,REPO-5,GH-2480,2026-05-03 15:09:27,believe,480,132
1e2732021769d847c1d44e2d38cb22199424eac2,REPO-15,GH-1090,2026-07-17 18:05:20,home,321,95
92c10c2ca049a329cf37a9e1cfb1ff8a84bd1fc9,REPO-0,GH-5335,2026-05-23 08:44:51,professor,241,8
a7a491e172a9643202842c060e4176841f0d5a2c,REPO-19,GH-8126,2026-03-11 09:51:08,must,81,25
b8a4a53c12e41f6a57dceac7ef6d50c42d8a47ed,REPO-7,GH-3296,2026-02-06 16:22:41,require,34,28
c9182b83e72561aabc328a2ce29462477825d7b0,REPO-19,GH-1133,2025-12-23 01:03:44,sell,160,121
fa78bac8111cd607c428f9a54184372cdc897f91,REPO-8,GH-5905,2025-11-26 04:26:22,new,277,93
4321c8df1cb760894a1d1059e1f2c5641616f836,REPO-18,GH-4848,2026-05-29 11:00:21,because,264,33
a14d55568abe646ab38f55e70ed06016d90fcb96,REPO-3,GH-6021,2026-01-17 20:38:01,base,455,157
38c8847545671ea4fe9d846c44623916e63250dd,REPO-7,GH-4673,2026-09-14 06:52:26,first,338,77
4baf6d2c42d05d08529793a0466e6924f12c7b0d,REPO-14,GH-8685,2025-11-23 16:11:54,return,265,147
a593cb69062c0b866f0e4e05d1b1917093774d68,REPO-11,GH-2337,2026-09-12 14:45:25,energy,378,8
42bfcacfa7a4a7129f1a7153bb8b277f7dbe2855,REPO-5,GH-5333,2026-04-18 02:39:23,outside,18,60
dd469b77d1b2465a2a09f4f650c2b2e24f85b748,REPO-10,GH-4527,2025-10-15 11:56:42,whose,248,88
7817aac5d980af06a8a1a09bf23a641c868c5a60,REPO-18,GH-6439,2025-10-14 11:24:00,Mrs,110,116
10d0974acb9d89cf9c263cc3669028a1c908867f,REPO-16,GH-5632,2026-03-10 23:33:58,majority,457,47
226ff067b0ed55f66270bd5617e85e09d5b6af14,REPO-15,GH-5961,2026-06-10 14:42:09,tax,340,24
a466f2170c549eeb181a644b6ee0ea7a0e1313f3,REPO-11,GH-5000,2026-01-03 08:45:40,pay,494,139
b47b1fbcc7f9b4097fd288b3f63335fafe2de618,REPO-7,GH-6994,2025-10-28 17:13:58,main,62,140
121ce0c97300f5331b4205d83670ef2b624dcaae,REPO-13,GH-7163,2025-10-03 06:43:13,main,43,129
ac5b10aa31dc40ed6b62517bcfe79d943d834ec5,REPO-16,GH-6491,2026-06-10 21:26:31,stop,349,56
602e52ad23574a3a3f3cd3057168218270ffc228,REPO-19,GH-7825,2025-12-06 17:23:17,answer,441,135
af996b8f7cd44942bb2145d53a8e99016ab36807,REPO-16,GH-9346,2025-10-29 07:24:34,sea,52,174
eb352111a953fa876bb21e9bfc35c85892cca334,REPO-19,GH-2052,2026-01-20 13:21:40,main,385,183
3ce78643640d3fa0653c3d5e9d73f19b4f0045a1,REPO-19,GH-1919,2026-07-05 04:08:12,main,143,12
66b4bfc857003005c726f22a38352555f3cc64ad,REPO-4,GH-6776,2026-06-14 06:21:36,main,1,19
139a5fe08cc2576761c5230553fab74410196b33,REPO-17,GH-8685,2026-08-06 16:38:40,why,473,187
2b9fcce3d57be8f9eda45ddebe1ea17450980bd0,REPO-15,GH-7576,2026-08-31 08:36:27,development,498,62
4ee7bb808fa9b2d4b82b327fdc1fe3838e2783e5,REPO-5,GH-5616,2025-12-07 20:13:29,PM,303,49
7c5c465646e2ab142444767f1547f4b1d4fc112f,REPO-11,GH-9835,2026-01-05 16:06:04,born,486,70
972dbc3cdb13d0362d81adbe1d0c3d66f5c82995,REPO-12,GH-6718,2026-03-14 10:23:03,accept,300,172
ac19b22825a63528b5cec0742458259a3a2a45dd,REPO-14,GH-8007,2026-02-27 08:08:07,Congress,390,83
5b8c8b28ca3aabca6f867a317b765e6b8b4bbb4e,REPO-3,GH-9984,2026-06-08 15:35:36,role,53,197
7cb08cb880ad0427127b3678fbb087f184079ead,REPO-3,GH-9313,2026-03-03 06:48:45,size,233,39
00722fab50f516b0e9712b3d4ded91a9fd64d882,REPO-10,GH-3587,2026-05-18 17:04:58,floor,21,97
405e442765ac81cdd5168a43bc8e5e93b60ea8e0,REPO-18,GH-1452,2026-05-25 03:55:02,main,355,124
8041a51a34965ac6d0578cb9c21fe992b1e94239,REPO-19,GH-1920,2026-05-24 11:33:49,main,124,170
566b807ff2d30b83a6a4d7db11ace7fbad8b2b1a,REPO-13,GH-2646,2026-06-15 15:23:08,Republican,54,197
06aacbecfc8f27f0b245b050b72d12a0238b4191,REPO-8,GH-1659,2026-02-27 08:43:34,begin,169,107
3dcf7ac8c24e134c1b1bd704fe88e129b9ca0b2c,REPO-15,GH-8564,2025-11-14 13:00:13,cut,114,151
80b38a60bac793c24d9d0869652b1d168ec0283e,REPO-8,GH-5861,2025-11-09 10:11:07,main,424,181
4dbbeb3a314b716da5ccc4cd082a5c41f6827acf,REPO-19,GH-4728,2026-06-24 06:34:40,town,311,132
e3e5f9cb2d34058747077d2f9223d32cd7651650,REPO-18,GH-8871,2025-10-07 09:01:19,range,489,25
9e0732a7bb8f58462850cbe15af816c26e1ce882,REPO-19,GH-2646,2025-11-22 08:01:13,main,368,190
1348095439b2f34df04c075aae967d295f62ba94,REPO-14,GH-6608,2026-03-15 04:55:41,toward,443,133
f510b31b016ea3ced4b4e974424f8a46b681e074,REPO-12,GH-7563,2026-07-30 18:31:35,main,382,199
2cc891947b0d11add2a70588cc5f6de2717f3552,REPO-0,GH-5050,2025-10-30 09:32:07,major,13,161
203f4e9ed734502ce749ba0a0545c173279ba48c,REPO-11,GH-2584,2025-11-23 12:05:21,age,181,63
c4042048591f8535ff0a673e3f815b678bb51162,REPO-1,GH-4697,2025-11-11 04:33:36,claim,326,67
0ddbc037139840f919a75024a3d04046e7633f8b,REPO-17,GH-3655,2026-07-10 21:01:29,memory,206,192
f795206893c1ae84200904697b8cffc72ecae9a1,REPO-5,GH-4340,2026-03-29 01:40:59,listen,46,85
b0244ac754c11a07575c4f4a22ef5bdd1da97504,REPO-17,GH-4515,2026-05-12 05:47:22,main,495,58
00ae3826f374da32f2d780aecc06b09adcf0b177,REPO-9,GH-7396,2026-01-19 11:06:47,main,47,163
98610ebf26b0c2a3ec627adc2ecdd8aabd2618f3,REPO-19,GH-4394,2026-08-16 19:01:25,goal,388,97
a4685a9c87b7ea6c65122e6095808c3627f7f842,REPO-15,GH-1423,2025-09-30 00:28:44,throw,225,92
b0d2aacaa63714e282c26b0126a984d5e944b109,REPO-18,GH-9751,2026-06-30 21:35:31,main,359,164
6feea94776f88936f7868b016a937a9ee5bf6eb2,REPO-2,GH-8784,2026-03-07 09:33:31,since,365,153
a7446dffa315e29f6c2f320e530bb2c30c931a98,REPO-10,GH-8770,2026-05-09 16:35:57,once,69,98
06ffa1888d44cab0793d55380d17e9fdc01efc53,REPO-9,GH-5634,2026-01-17 21:18:01,instead,43,82
06046a9c74d86dda48f27fb005b0aa6f9fdf0d8d,REPO-4,GH-3273,2026-04-03 17:52:28,main,14,126
8623e1b4f36eb3751e6747c96ccd8e87b8ab6b0c,REPO-7,GH-6529,2026-07-05 08:58:44,main,226,165
a00a1d0b484f27562a2ca48123f9b7124ef40c96,REPO-0,GH-4396,2026-06-17 12:43:43,trip,430,112
306a0d49f633556b6925ec1b1de0523a46efe353,REPO-17,GH-4460,2026-04-04 10:39:24,ask,96,132
75318b594707a313377487dccba2ed2cf051a0cd,REPO-11,GH-6055,2026-04-20 03:16:49,main,221,94
3d050a09f4729c4e0e99c05e65d012cd1a406412,REPO-7,GH-2070,2026-05-08 19:33:14,attack,40,177
6e2dda6e4e471eb0fbd1fad1e69e90b1b0d32521,REPO-7,GH-5061,2026-01-08 23:37:03,key,66,24
dd130448c17b6fea8b07966e00501cefb6f20745,REPO-3,GH-6781,2026-09-07 06:28:34,main,117,184
7870a463ce47646679ac3de1e34ae115fcb52676,REPO-17,GH-6990,2026-04-07 02:51:04,main,239,68
7e60c6e7f5dc0cc151cc82d30c41cd791aa1be8c,REPO-18,GH-8237,2026-06-04 21:55:03,save,88,5
1720368584c0b6e29898f3f328bcf1ca40e6bed9,REPO-2,GH-2402,2026-03-15 09:02:37,field,489,184
3654261d4c033fb3ed9d3eb5ebf857efa450f9c2,REPO-8,GH-SHARED-34,2026-07-05 23:50:42,guy,366,153
0350306aceb415107d99d498e0b35f72650f4820,REPO-4,GH-8316,2026-03-16 02:34:22,discuss,232,79
23c41aa9622faa03673fd96652c675a5269e6940,REPO-16,GH-8213,2026-05-13 04:27:41,group,277,174
fe2c1aa5e9009a6b1077ab633e329f8b55a36ecd,REPO-11,GH-9693,2026-09-19 22:17:01,thousand,37,157
e1f8a9fb73d2157f62f589169f585ea0a8fd439a,REPO-13,GH-8371,2026-07-01 17:13:28,catch,100,63
12633fc45f34176c4ca4c2a6ef91ba464aa69557,REPO-15,GH-1530,2026-09-04 22:51:28,seek,46,24
a0900e10dd08fc6d62317aed7960aa7438cfec47,REPO-13,GH-2924,2026-02-25 13:36:31,these,71,87
d9c728f91754d01b1e26fce0091e9375ba3c4b56,REPO-9,GH-8245,2026-06-15 08:53:59,here,221,64
42813add8d7d96c1e76613c201a269b7e554d8b0,REPO-5,GH-3683,2026-08-02 02:05:17,three,117,89
c90a41b925b0c51bcbf862998570f51c89674a43,REPO-3,GH-9282,2025-11-28 21:16:29,fear,451,155
7e1f76881433ff8a73260e85249be05891b7f7cc,REPO-17,GH-3646,2026-06-22 04:51:10,region,49,43
9de0c2d1bd96134933f32e012a805f1a92bb119d,REPO-16,GH-6514,2026-04-02 11:56:38,decision,197,78
70d0d946fa85d4b4b502d0c3927ce9eb0a4ccbb0,REPO-18,GH-2864,2025-11-26 16:02:17,blood,36,44
2e4e010058737945b2c5f117048d18087a537725,REPO-19,GH-4817,2026-08-01 02:52:40,minute,112,88
423cac511249078fcf26a26b320364a1a2d64c50,REPO-4,GH-2215,2026-01-22 21:19:33,onto,91,112
837326cb4527906ac40a6fcc0c2ad4e3ae463b83,REPO-17,GH-5742,2025-10-15 05:37:00,main,482,30
720a27a91a9861b2d66dc86741cceeea249dde06,REPO-5,GH-3399,2026-02-13 07:13:12,heavy,461,25
b01d03c679ca275c4d7f0b10364de2684a2d1044,REPO-19,GH-1406,2026-06-16 20:30:36,main,472,86
d3927b63c5ff50cc80984e729170118f4584a5e6,REPO-3,GH-8685,2026-08-14 12:07:34,most,174,63
4b6c8be8598f0ee03fc2af0d47d832dabc48f86c,REPO-7,GH-2946,2025-10-09 09:04:02,green,407,103
dc41ab3f252a8c953daa9eeeaef70418039a3b04,REPO-1,GH-4846,2026-03-13 04:45:32,main,466,168
6847933994d9f352aef2b1650356b3f1036d2f7b,REPO-10,GH-4522,2025-12-23 23:59:29,door,360,136
484cce1ed8c7cea10df71575e2cdd4bf588349b2,REPO-4,GH-5689,2026-04-03 20:20:18,grow,150,160
e93a5a7ffdbaaacae548365b82f3ae0cd8238bd9,REPO-13,GH-4920,2026-07-28 18:45:04,any,13,125
63ccbe39bd94a2c3c3db4d3d1d4b1778faaa9d77,REPO-17,GH-3531,2026-07-23 00:53:23,example,157,127
813be8685e5034a54fed73357c01dc78c13fd146,REPO-16,GH-5911,2026-09-10 01:22:18,road,485,22
c683cd6974e35061fb15b357e019a833baa5e1a8,REPO-18,GH-5757,2026-09-01 06:31:09,main,278,44
6fabe19440837c719662199db2fe6f6d345c397c,REPO-9,GH-8905,2026-06-13 23:08:45,apply,494,137
c99da24e7491d9f9c96b444a11f41f70070d57a9,REPO-13,GH-5264,2026-09-21 19:55:20,successful,435,45
e9a4a9356a2b67a9333f5d6da213ab72c928aba1,REPO-7,GH-2353,2026-03-23 11:53:53,someone,366,52
a36e4cc9327d10f189c5a74cd2415931353f9e77,REPO-18,GH-5668,2025-11-09 01:02:08,station,24,97
37d904e5e7b3c928d4ecc1a90b14b4d889196f7e,REPO-3,GH-9464,2026-05-22 02:02:01,toward,124,168
5c4c05cc3eb22757a1506fdd179d419c57842d06,REPO-4,GH-8007,2025-11-05 12:33:51,analysis,319,171
760f2e80459b7e56852a81c0ec2b4bb8b12df7d9,REPO-13,GH-6780,2026-04-11 23:31:02,professor,443,160
d40da7af2625b0896c57340b3a717639c962b9e0,REPO-8,GH-3529,2025-11-11 19:28:41,whether,213,105
c6a45e107f82380369e668bc5e9bce9800a6b163,REPO-6,GH-5582,2026-02-14 09:47:59,final,130,153
681996fc0ae57ff5608b9bc46cf7a46c0c0bc080,REPO-12,GH-2489,2026-06-28 23:38:46,move,230,32
36fd6139bae98159922c69968a53b6b8a18163cd,REPO-5,GH-3142,2026-04-08 12:25:33,bit,94,137
a01961fb1d05acc55dd142708c70633d9430a7fe,REPO-8,GH-7825,2025-11-25 21:13:32,good,356,101
ca8ed9db2bf1dcaccaafc1fe50ea71fe784c7794,REPO-9,GH-7209,2026-08-11 02:13:01,main,134,27
d7a9f8e08717ba15dd19e89cc01c526110b252d2,REPO-4,GH-2768,2026-08-22 12:33:53,main,241,122
d022336b7ed94b5f77ca9c27e9122e1925193789,REPO-7,GH-9830,2026-03-07 10:09:16,main,95,21
b60ece0a0de96bc91da1cce1fda91d489165ff0a,REPO-14,GH-5264,2025-09-29 12:29:09,table,306,196
802e32f3055dd235ba13f89b02d5cb1ad27ecdd1,REPO-16,GH-3697,2026-03-29 21:56:51,main,394,53
08d7f733909746bf33df9630accdc174dc73b0a0,REPO-5,GH-6280,2026-04-11 02:14:17,exactly,462,164
d6ff6d0644a9f6da1b40e55f623692acd6f07409,REPO-12,GH-4878,2026-02-18 14:26:37,main,259,16
5f4ae7790eccce41dd3e30e257f90fd001c6b1ec,REPO-6,GH-8699,2026-03-07 03:14:45,red,225,6
bb1631031ab957c106464c8e1e5a1f4b14750bd7,REPO-9,GH-3549,2025-12-31 06:51:25,some,281,81
6015b51d96fb3657070ba8b60668ab5f1546bc9d,REPO-2,GH-3529,2026-04-20 15:47:01,drive,9,158
9b198ad83ef8c8ce66cc3625810fc328cc964704,REPO-3,GH-9312,2025-11-19 13:17:08,job,196,0
4a46f796b249f72a381935a60742d1aa07cde52f,REPO-7,GH-9476,2026-09-18 11:39:08,low,289,139
4837e9f23621b1b90a2aabb8767ce1b60fc3e413,REPO-15,GH-9725,2026-08-23 23:56:25,rest,145,175
ce51a206d40fd6fd79f9ece662b697c4619df6e6,REPO-19,GH-4673,2026-02-14 11:04:00,level,326,116
8097e423b8bc66c7baa408c4af4e2eea42c569d5,REPO-4,GH-3153,2025-11-22 12:01:45,series,185,57
0a8aeb4aedfabdae1aed93d1a88f9eb24ec24b3c,REPO-5,GH-9327,2026-08-06 01:51:02,main,452,41
534762436d926149450f61bd98240073b1f3a2cf,REPO-0,GH-5161,2025-10-23 23:37:44,main,74,10
4b2aa7227802a1a49aaf990a0d5ec63a989b7518,REPO-17,GH-6608,2026-01-27 05:16:35,sport,206,32
d3dad0f66b40a4cebfd87687225f2ab59723aaf1,REPO-13,GH-8894,2025-11-29 18:42:08,increase,228,99
6f48143e3f1fb6f9a2191d0441b1ee75da48dfd3,REPO-10,GH-7232,2026-07-18 19:16:16,win,69,185
ad863f1b7d46f1ed91d6512e25da4a3abb0a36dd,REPO-6,GH-8739,2026-06-03 01:58:46,paper,402,158
45bc82d61dda00ec9a4b66d81c0a9c5ad293660c,REPO-14,GH-5381,2025-10-19 09:54:42,main,406,104
41eb58c49316594fae92d6deb453f28a8690a6dd,REPO-9,GH-9976,2026-07-01 00:10:15,type,241,27
f37f8d259f5fbe957643598632c181fd190eb568,REPO-6,GH-5543,2026-04-16 19:46:14,kind,456,40
5326ee1664540614a51a326293395335514dfa02,REPO-18,GH-3273,2026-03-02 02:01:23,school,382,174
f3753c9149f5b21678dbe61f8c3e82e9ad4d02d5,REPO-6,GH-7658,2026-04-29 23:06:30,set,240,62
18c41ea507c26a07036f3b4917cec665606c2deb,REPO-19,GH-6120,2026-07-12 09:31:39,guy,449,9
990c0a60bc2f87edb184383df5acde5cc8616bb8,REPO-1,GH-5335,2025-09-30 00:44:21,main,161,91
430cf0c4c9c3d2a8b8863c2107e172818146068b,REPO-4,GH-9976,2026-09-11 13:38:12,wife,34,92
da7285fd8129f7a276991d43cab3b1e74b8334d4,REPO-5,GH-5526,2025-11-22 23:56:11,like,411,143
9815ff9876c9f75b8c907dee1d64957f25996489,REPO-4,GH-4164,2026-06-04 00:28:32,off,273,158
2bf5e726f1debcc428fe8a3da0073811f67b91f8,REPO-17,GH-1502,2026-05-27 10:32:21,reach,359,71
fb08aca62ffade54ba803f28a1693c65aa46ea2b,REPO-4,GH-2465,2026-03-17 16:09:51,very,195,122
47609360d46298fadc2638d7a0bbbd68d4c1ab4d,REPO-0,GH-3754,2026-08-08 05:53:57,interview,419,92
88927d56526920cc9ea8dc10e6dbf628a5daf8b1,REPO-0,GH-6876,2026-07-25 02:20:24,main,291,88
b8366a5e834d8787bf31e0150e28c91f6aa6b577,REPO-4,GH-6381,2026-01-22 01:33:42,note,202,38
43cdfa4abf98d93520aa25beeb3a92544314ecea,REPO-6,GH-9626,2026-02-03 20:47:07,serve,365,21
802306e8bcd09410f73fec2505982459cfeacd9d,REPO-15,GH-7201,2026-07-11 08:52:18,nature,303,106
4f838d746ae8eab8bfc5dc1eb969f15ac17fd7e5,REPO-8,GH-2076,2026-04-24 23:36:55,main,13,125
f01a970f6a3101a2bd72944853d0b31f6a27152a,REPO-5,GH-1053,2025-11-02 00:13:34,forget,359,78
f9e76ddda851bdc2bb47ddf2ed389172aa6e5a26,REPO-13,GH-5632,2026-04-17 10:17:15,prove,384,194
afb5cc391f2385a9327c34186aad844fe648ace6,REPO-4,GH-9700,2025-11-28 02:38:53,main,320,2
d549a25b1a35cb232c33774984e2791616e6f07a,REPO-15,GH-2858,2026-09-07 17:27:46,person,356,172
fa2659c966206c3592fcd99566ee199fbe96ddfc,REPO-12,GH-8699,2026-01-05 10:15:09,staff,263,200
1b90f7b442550d10a2f550f50bb3d581f93aa380,REPO-10,GH-3546,2026-01-23 00:01:51,main,369,66
4b347a77472762b4f2105281ee4f2c2dde3b4f33,REPO-14,GH-3449,2026-04-11 04:35:08,as,342,81
bc3440dd32b1d148c63891ce3fd65bffea216d57,REPO-11,GH-2290,2026-08-19 19:12:41,product,411,60
9e42e4c83cfd0f89a5d703c955a236bf90a32c38,REPO-10,GH-4920,2026-04-12 01:19:20,main,37,39
401fa404597bb1c94f6550051d248f9963386de7,REPO-3,GH-3600,2025-10-15 11:59:16,yeah,361,35
3eded482b9a939b78592bc9bf81a4fc4a2ce97ae,REPO-2,GH-3851,2025-11-14 09:50:15,page,488,23
b67edaba00a80831aa941124735605c8b9192ffc,REPO-7,GH-6198,2026-07-10 03:06:22,group,41,99
0fd86612813fe58956dd4e852a62c7af40b9658b,REPO-16,GH-3780,2025-12-27 15:40:18,party,102,181
97458d2dc887d6bf2e83ae56620f21757943d29c,REPO-18,GH-5712,2026-05-04 14:50:00,main,227,47
81122bbc3ec614efb2445e570d215899b9b1325b,REPO-17,GH-8532,2026-05-28 18:05:12,main,359,31
c2ec84cdc2b57cc615d8f9b4ec44dfb1bc075265,REPO-18,GH-4986,2026-08-20 22:21:22,hard,260,163
49190f138ab50dc4e317a18b3af1a8fae34861aa,REPO-13,GH-4673,2026-01-21 03:50:47,main,377,61
e4523987e09988e0958ea5a1935cd6a9d66e1053,REPO-5,GH-2290,2026-07-28 17:51:04,page,253,88
ba091c46b17b6c211cf5e93aea82de87fed4c7ec,REPO-14,GH-6514,2026-06-15 02:37:21,main,346,22
66abe4d5fd73705417901c9255fd8aaf97766ef4,REPO-11,GH-8498,2026-02-20 15:11:05,end,348,16
0d6ebcc2416930f88f90036c2fd327bf0e6b64e3,REPO-15,GH-1888,2025-11-06 19:52:16,pass,391,125
da6715086926ffd61b4b0959258a82b379af7cb5,REPO-6,GH-7812,2025-12-10 17:49:49,herself,22,176
747564c75313821191f71181ad4429123eededfe,REPO-14,GH-2465,2026-03-22 09:33:27,seek,473,103
55eec261e38273cd246a1241bfa94ffdd1539a52,REPO-14,GH-1645,2026-03-11 06:49:24,beat,378,192
299a2758f71bd40d5e36368052366b89787b29e0,REPO-0,GH-8739,2025-11-01 18:54:16,view,163,97
2006d2dac8ee6c91d28736d69f712a1b0b7b596f,REPO-13,GH-3142,2025-11-16 11:21:47,main,464,44
d18d933338325b410866dedc8df21e9016dd56da,REPO-5,GH-5543,2026-03-19 05:38:09,research,201,120
2c4d8532920ef5cc8249c5168eb0d7c3a58c3c78,REPO-10,GH-3414,2026-04-19 08:08:34,operation,201,40
dbeaa901db9b13601717f36db9749de173e675d1,REPO-17,GH-9817,2026-04-16 12:00:11,try,250,155
92ad07052736b32fdce6a00c6f73568311e27495,REPO-1,GH-5415,2026-01-07 08:53:19,main,35,82
976437e6b3bc5878524eec3ce7d3bcf1cd11f0df,REPO-15,GH-6055,2026-06-01 03:19:59,less,252,3
b16bc1b1358226ee19be9ebdb69e66403d51b62d,REPO-19,GH-7267,2026-06-21 13:11:49,might,307,33
79e7692e956420674678ac415c84ae619eca8b76,REPO-15,GH-6038,2026-07-08 03:10:53,than,190,106
39d8f4d1f38ea63c52a00d18db042e9a6686dcb6,REPO-10,GH-7116,2025-11-29 04:53:23,care,447,80
09ee45bc21e18af02844f0e47eeb23d39922f527,REPO-18,GH-6228,2026-04-03 05:25:01,carry,100,32
7d2254895a56828ab62d28af0e5fcf8fa8bc850b,REPO-19,GH-5471,2026-06-27 13:43:52,main,128,125
9f68b04daa5149fb57869eddae6b0407a41eec19,REPO-10,GH-5562,2026-04-20 11:02:16,difference,237,154
5dd978ad5b7909c444c239f661004747a41f80eb,REPO-6,GH-3142,2026-03-22 20:01:21,skin,365,36
204f64464ae97e5bb4932ca6c61dbcb8528ebe0d,REPO-1,GH-4626,2025-11-26 20:56:13,hope,325,0
5d1c3b073d5c949aee2130a518d197f3c6d2d50f,REPO-19,GH-9850,2026-09-19 21:55:38,play,402,69
bcbc0fc6301237c4422539cb9b6a438def661245,REPO-6,GH-2118,2026-08-23 23:15:46,camera,152,187
3be0b98ebb97f15f683fad0685b43aa74196b576,REPO-6,GH-9282,2026-02-17 11:52:34,amount,145,63
39df31dc21815083aee1216fb94e0c86000e56f5,REPO-6,GH-3442,2026-04-17 23:43:29,hot,15,166
6833d1631ad33ddae4e403c9b7e09897adc464b6,REPO-4,GH-9138,2026-01-23 09:11:18,floor,285,40
14f8de07b4283befa265440aa5226a8765908654,REPO-6,GH-7029,2026-01-19 03:11:22,strong,146,41
0b8cb5ff05f7a7f8466249d5f876671f0c4312dd,REPO-10,GH-1502,2025-11-21 10:43:28,perform,73,80
9be2530d4df0e736abe2767324a6fd0c9b154f4f,REPO-10,GH-8316,2026-03-09 18:08:42,wall,314,194
2aab0f1d156bd852781e47a0e7557c43fc8f9f4d,REPO-9,GH-7818,2026-01-23 11:25:10,dinner,292,10
c0c69fd0e5d185efecee0080fa03675b55cba4d1,REPO-15,GH-4946,2025-12-07 01:29:16,main,72,38
ef68549ef74a7c7bb0a37d912dcdf2f889aef5f5,REPO-5,GH-2293,2026-04-04 18:58:20,officer,387,92
f0fa927f005c7b0817ac5d772134129d544c3fe8,REPO-2,GH-3001,2026-02-09 08:43:44,another,32,134
2dcae02c1ea5064ce9e32b71a1b648abf34a0195,REPO-12,GH-8612,2026-03-08 03:10:04,force,422,22
5b914241593b5e4985d7e1308fa0c1970c707af1,REPO-8,GH-6421,2026-05-04 16:23:15,green,331,174
32402f345662a7fbc9bca504d6799de6e52ae026,REPO-1,GH-2796,2026-07-27 09:47:20,they,120,39
2df9c7e3cd6109ca7c6056d74fdbf6a72e650051,REPO-12,GH-5741,2026-07-03 14:17:01,cause,149,126
17c59ae59d41c616850e6f7d3e334237e16f3b47,REPO-13,GH-6751,2026-07-19 20:59:07,provide,103,150
3cfbf5e938af687448a7a39af06a6f6faf7c9abb,REPO-7,GH-4986,2026-03-24 23:19:18,region,179,179
67b5f3c0a245938a3e9e64b60232f1e62133f69f,REPO-11,GH-7897,2026-03-20 08:45:54,main,85,101
6f15c9d515c12e115b2c2bea4601fed48b2d2d02,REPO-17,GH-8359,2026-07-06 15:16:15,main,382,159
738cd32b269b24dc70e1b8ecfd962dda18201588,REPO-17,GH-9998,2026-08-03 13:52:11,price,82,51
66413309d9f028ebcc493ad88cb83504a9939b10,REPO-8,GH-1042,2026-03-05 01:05:52,we,147,115
d249daa5851e30601e690461cd6676051c52ce17,REPO-19,GH-2680,2026-02-27 12:27:13,answer,395,103
993f135451951eb0df64061f9516c74d0f810f1e,REPO-3,GH-2489,2026-06-14 08:04:29,simply,55,190
b13fe266c8deb3521d0def50968ad002778aefa9,REPO-9,GH-1272,2026-01-12 16:24:30,tree,110,151
23266b37b75e98955494d8e3d7077c37f15a60c7,REPO-7,GH-1897,2025-11-30 06:43:36,main,432,64
5e1d9f5a0ef836eb6e74219ddc803bb91a337f98,REPO-0,GH-9751,2026-05-07 02:27:47,sport,425,46
87fee902fced24b29d409005cf6bd240444aa237,REPO-10,GH-6994,2026-06-28 16:31:13,main,309,192
32bbe8e94b56cc86e6639b4e273b0bf12a8303c2,REPO-15,GH-4846,2026-06-04 12:24:33,operation,147,170
eff5682f4c47671ff8d5029cc5f4ef9323f1e879,REPO-0,GH-5331,2025-10-30 00:45:35,present,26,2
70a0921b76f0f667afbd007e180b1d91e7b29ece,REPO-18,GH-1634,2026-04-25 09:20:50,argue,189,55
65608a3528aefdab2c54749f23a4906408be9e1d,REPO-13,GH-5670,2026-05-06 10:08:53,social,395,8
5f50873ea98ba18ceea80e1646fd31f04b2cb345,REPO-6,GH-2188,2026-03-30 18:11:43,main,382,174
706a898e5ce51f487c84d3228a7d265c0168013e,REPO-7,GH-7807,2025-10-04 05:02:49,main,297,177
36164f7bbab4e74e73262c4aa972571732f9a0b3,REPO-2,GH-7095,2026-04-21 12:22:28,after,111,16
2cdde8a356f130cb7c46f89f67311ada2bf5f0b4,REPO-12,GH-1916,2026-01-11 17:55:18,else,222,119
cec4e4c1c1ad44325fc99c2c22bef3b2301f5f21,REPO-0,GH-6129,2026-08-15 04:21:42,main,337,16
ed09f6c472e94dc9726c625e414ec4c4bf198bdb,REPO-6,GH-9433,2026-09-06 16:38:14,become,344,69
b5cece1986b90b2a95d864250d5ce71a94054b2b,REPO-0,GH-1854,2026-08-06 08:08:03,full,289,111
2a1e72fa2d1fc2e99725bde583d78320e7092d01,REPO-1,GH-3979,2026-03-02 00:06:46,million,307,94
7af8058ff13e6ce82871a4fda4c12e7342a69dcf,REPO-15,GH-7022,2026-08-27 17:16:06,grow,338,95
1436b6f53c6e3fce59c0d4934e75bd45039d911c,REPO-11,GH-8213,2026-03-15 16:22:58,agent,206,95
a6a35fa3328f3f085f972eeebbe88799fbfcf5f2,REPO-11,GH-3697,2026-08-26 19:35:21,idea,417,172
e2ea602a3158efd5698fd731278c2ee6a7b33ef1,REPO-13,GH-6804,2026-01-04 20:09:21,bit,454,35
66e5be8e018841fb403e71d0d0c5c3d2b6ffba71,REPO-11,GH-8218,2026-04-25 08:50:02,charge,386,138
2b3ce37333c02077a3abc306b34db72bc1387331,REPO-4,GH-1920,2025-12-06 21:40:59,behind,324,190
c1b559321244d593d8f63cb3ed335d0dc62aa486,REPO-18,GH-3143,2025-11-25 20:35:18,main,406,52
98469ceadcbacde1b72fb19df0def19f7f37611b,REPO-3,GH-8532,2026-03-04 03:10:36,artist,479,140
e83814f771dc05e72c7bf6e34ad50cb8c34f0577,REPO-10,GH-4868,2026-05-23 14:24:40,course,375,95
5fc0cc06cfc4582d3534086db5f0b97fabc1d66d,REPO-13,GH-7116,2025-10-07 12:20:20,fire,55,57
3eed37d29120f345b3f76bad00eee94671aaf8ae,REPO-16,GH-6123,2026-02-25 09:35:12,change,74,18
0a653782abb3974df2ad4e22f3e8a8c5d48a9cb7,REPO-6,GH-9313,2026-03-06 06:52:21,evening,488,48
8e2d10e67b201eaea86ecb68ed9d8c06a8c0abaf,REPO-0,GH-1282,2026-02-19 19:07:17,we,96,198
79eb0d6611323a441acb3f5dd302976a4baeac9d,REPO-0,GH-8498,2025-11-12 22:34:21,education,176,99
c1170d2d6d8e4262c19507e7c440553367abb9c0,REPO-9,GH-2293,2026-07-16 01:28:47,economic,471,122
24bbe5ecf9a1d27fe09f58736a8e98d6db8ca2a9,REPO-1,GH-3417,2026-04-06 09:59:12,mother,16,65
e32bb3758d777b48fb6499ea45d558e4d082da11,REPO-13,GH-1266,2026-02-23 11:59:56,exist,451,89
e90aa2740ca00d2031460b68d27c56b1d840a7cd,REPO-15,GH-2208,2025-10-20 12:12:58,main,244,64
1eddc666e2f6535cfe62bcc97c1a882b519cc549,REPO-10,GH-1444,2026-04-29 18:32:50,member,241,8
8fef715d7e7c010aacc4b02c4104af12c9dc1185,REPO-17,GH-1674,2025-10-08 04:30:46,east,232,55
99b73abc7081f7411303535dc60c6d1fc8efdff2,REPO-0,GH-4898,2026-09-16 19:42:49,exist,258,46
f77829d3e36c836e34b99586fb0179442533bd11,REPO-18,GH-9327,2026-04-30 03:26:27,main,275,167
0e983e8bc52a4b94391ea52ca813f37834506e79,REPO-15,GH-4114,2026-06-16 03:26:57,main,151,41
284c142f58983e98ac047f2471b1676729e80a88,REPO-19,GH-5335,2026-07-20 06:33:30,stock,352,39
d51435eb008483a2701d11e80333df03c59c7974,REPO-0,GH-3369,2025-11-14 17:29:42,investment,414,167
027087c580be13459c9c99889fbff62f0ef163b5,REPO-10,GH-2294,2026-03-19 03:56:28,provide,433,126
e9d327c3a2f7d95130ff8ef48d9d0f83a7901a35,REPO-14,GH-8710,2026-04-09 07:27:11,change,467,29
25a32c821dc8edd436aadac1ba46368c5972ab3e,REPO-4,GH-3546,2026-02-18 22:32:31,concern,485,154
c5da38ccb6022af8744a17bf4cad4fb16ba01bbf,REPO-13,GH-7227,2026-07-27 16:04:26,land,460,177
d8b7a44e9669dac805607c013f4df358e67bedb2,REPO-17,GH-9883,2026-09-15 22:48:47,analysis,18,71
1c252f95d1c5efe6c47f9ba249722a4f0d19efcf,REPO-13,GH-9727,2025-09-27 08:24:56,themselves,135,170
bada56f8f7056f72ff5cbc89f882a5ac4f2817e2,REPO-12,GH-1258,2026-05-26 00:42:26,main,465,35
d2fbdfbe905a5bc2521901f1fc1708d2723caea1,REPO-5,GH-6804,2025-11-30 23:11:44,worker,341,50
0e523fe63555ace04af1de5986a0e01e22953a1d,REPO-17,GH-1845,2026-09-19 22:59:01,piece,245,17
b2c4f203478719fd28aa765aa16a440b16388315,REPO-17,GH-7543,2026-01-02 09:32:23,husband,76,76
65ebbedc94bf3d8c5c9f682101d3df86cadc442c,REPO-12,GH-4527,2026-02-10 10:32:15,difference,262,3
0a5d74e76439fef8cc220b28697b749dd0ab1fa4,REPO-8,GH-6562,2026-05-12 05:09:50,father,156,35
c3484054bd70855a019da9ae14d6424556264405,REPO-7,GH-5480,2025-10-14 15:02:01,none,110,48
22f3e3011d43fe51546b437810c48411442a17a3,REPO-12,GH-7163,2026-05-03 15:23:09,behind,278,18
8340bb343cdf8e7aebd91784898f4adcba84dc00,REPO-4,GH-4396,2026-02-27 11:35:38,then,441,194
fd141e314aafcedb09fc47b3f546486dfe109c88,REPO-16,GH-7537,2025-11-20 04:43:12,far,127,160
5fb147bb6cd38928e64f36e4f6c17e38f79a7dc5,REPO-1,GH-4920,2026-09-03 01:14:29,popular,203,7
d11f0f468efd65b9fc0401d23749c5242e76c7fc,REPO-11,GH-7798,2026-04-11 00:21:03,friend,429,57
c8dadb30a7571012e6431648fa254cf732e8dae6,REPO-5,GH-1444,2026-09-05 05:55:30,guess,148,127
4ce70ade96d4987862f9992a89fe334eb82e6fd0,REPO-17,GH-8749,2026-05-31 15:17:51,soldier,398,37
2c087c69c188a6c35597a3b29fc3cd259ef5601f,REPO-14,GH-1854,2026-06-28 19:49:53,main,470,87
eb59b648d731c7e245b2459447482645132ba7d2,REPO-17,GH-1672,2025-12-31 11:18:10,fund,158,120
96cfb9d18eb2a626ab03b5c4ac67f4751785cba9,REPO-17,GH-2402,2026-02-06 15:18:21,place,339,146
046e78bc5bf485e0993594bab3208768e15e829b,REPO-10,GH-4116,2026-02-01 12:31:43,role,500,87
718be4f1d70c13a641e98c191cc3369ae6b5b0e3,REPO-8,GH-6590,2025-11-17 21:29:58,main,305,131
81f92a0ab3e1d2358c3d46f3946e5c938ef96d25,REPO-10,GH-8657,2025-09-27 18:10:10,above,179,78
b56e084f35f9d18fcdfd1c1a11940151e91f0ed9,REPO-10,GH-2768,2026-09-12 01:09:41,consumer,143,67
331a780e9ab0ad147e6b5da1af7a020fa192c5c4,REPO-4,GH-9433,2026-03-06 10:02:37,same,152,48
36bbf6efad4777c101a853a1a64745822fdf9dc8,REPO-6,GH-7850,2026-06-27 02:18:48,increase,267,44
f993cc4cd21f7c9bcf2787f0ecbd158ec537b693,REPO-9,GH-1715,2026-04-23 22:50:02,under,307,162
feb0b5742e8b25e78b1bf7f90108aa80d97e69e6,REPO-8,GH-4460,2026-06-06 01:06:37,nothing,175,37
a92d85e300a4bcc3511a76612d8781e8731f7411,REPO-2,GH-5051,2025-10-08 23:32:13,team,193,140
94296a26d4d1131ed9896c9f1893a859c7b85d5a,REPO-17,GH-7560,2026-06-14 18:58:22,main,262,145
9ab9b744161be1d8855dfdb89ededdf52f18d35b,REPO-8,GH-8123,2025-11-13 21:24:07,main,322,125
637b319ea28c33e50b6ec9839fd7bdcb973c11db,REPO-4,GH-5920,2026-08-08 14:45:20,plant,390,13
fb21c6bc2e8152517cf0ea87cc27abfca4ea2135,REPO-2,GH-9817,2026-02-12 23:34:04,those,275,68
389a1fd7c762b718706085acf730321aeee97d23,REPO-3,GH-3223,2026-07-22 05:02:44,across,105,10
ecd7a0d4687c8b478ea66b0c6d329398823d439c,REPO-19,GH-8272,2025-11-14 09:58:07,would,221,61
bc408073f966860e678422243026c40e048df369,REPO-19,GH-9307,2025-12-10 21:53:25,do,137,141
233475354ba880379531451c44707c3ce236f675,REPO-7,GH-3532,2026-07-12 13:41:36,fast,300,81
c41d44b901ba4ec90bfd8840ce45e78946e228bd,REPO-19,GH-6925,2026-06-18 06:18:41,main,47,146
e6d8eb22c758c4a67a3c43897ffbd34bdd5316af,REPO-7,GH-8726,2026-02-12 22:13:08,team,124,117
3c64a9725c3cdbefe15d7d656c0290683c9024dc,REPO-7,GH-3449,2026-05-23 04:47:08,system,297,153
cfd2fa368ab8760d832c3eb414a99796128aa4a8,REPO-2,GH-7717,2026-07-02 17:33:18,minute,227,38
14c6a602f768666b611be5b74cda0964720fb7c4,REPO-0,GH-9313,2026-02-14 22:28:58,mind,106,172
11b569ef6ea379b81d5ea94076c501ccf7ca2e34,REPO-16,GH-3441,2026-09-13 05:42:25,police,256,129
cb70894746e72994f2cfa02b9ee79259126600c4,REPO-2,GH-8404,2025-12-17 03:54:39,main,350,96
c7d8c1c785c0240ca8e9090fba5c32437948968f,REPO-12,GH-5082,2026-08-11 20:30:38,bring,181,103
622187c93661527a28288df0481db7088f97223d,REPO-9,GH-7232,2026-08-30 19:17:32,month,450,120
601ce94a5e916a72e3b826c948bda26b3bc911ef,REPO-2,GH-1645,2026-04-06 19:36:16,daughter,12,99
0dddb492320267388823596a8c623c15366492cb,REPO-14,GH-1919,2026-06-10 05:13:30,remember,131,89
48a8a5177125bd1cc4c4a8d03e73eb6620ba54da,REPO-11,GH-3683,2026-06-18 23:21:41,continue,87,56
476911ef18c38ac9caaf57dbb88612f33e854921,REPO-6,GH-2020,2025-10-22 08:17:25,skill,196,93
7e7646c07de8a6df703a60cf51019c2d2c992325,REPO-7,GH-2790,2025-10-22 05:23:20,worker,82,23
ff8c24781d1bd176d8b718fd886192f961f71c4b,REPO-8,GH-1645,2026-05-06 06:58:08,upon,73,111
95da54532398c65f2813bf5cb6067f6b141713f1,REPO-5,GH-7381,2026-04-18 02:32:37,eye,86,133
ebe540f9839471c5fd98cecc43dbb6fa6a229b3b,REPO-2,GH-6082,2025-12-10 11:16:16,agency,336,200
bb8b5bbe74c333ec1b6d8f2d507b96f353117ca2,REPO-13,GH-SHARED-27,2026-06-23 02:10:52,possible,9,50
d2e5910557841e8e0b7160425d6b812972f0b837,REPO-5,GH-2527,2026-01-03 04:28:49,use,237,141
6e77d3a49a0e005c61a34b5aa27f354fbf73d481,REPO-5,GH-9488,2026-03-22 05:59:00,late,417,5
af69248344869e4edb8196ccebf23e93eff8bde4,REPO-15,GH-6442,2026-06-02 21:19:26,main,124,155
3a6cd3f2b7d82589eac68a4d5be1b19fc7ac6c5e,REPO-14,GH-8144,2026-06-06 09:48:16,wrong,366,63
c6f9db00bfc87a1233d67d90c3538bf86971cdc3,REPO-19,GH-7044,2026-01-30 09:39:23,investment,194,34
eaae29ea55e4852dc199f1afffdac7e5e048212d,REPO-14,GH-8430,2026-01-11 09:16:55,national,347,193
46a6df1240f355df984ad3cee73ac7b073812fb4,REPO-17,GH-3339,2026-03-27 03:59:19,nation,269,119
09d104172abb1b4ec89b49e692c83cad42a17416,REPO-12,GH-4292,2026-07-18 17:40:49,set,480,104
a5b1855abd09a77f431406d21542e873c528de52,REPO-15,GH-9900,2025-12-23 04:01:34,main,106,18
38a9b8bdee9b905f46ed86f8c18c17c390f36f82,REPO-13,GH-3522,2026-09-18 15:06:51,list,192,6
4e9cc02347bbcb7311dc9af515a0022f992d1291,REPO-6,GH-9335,2026-01-27 18:40:26,day,223,198
c03402a0de4c2f6eff9d9b32bf67331c46399c54,REPO-4,GH-3267,2026-02-03 22:46:10,owner,203,62
ed12cc203642048a622f0858693d534013fc3a19,REPO-7,GH-8484,2026-08-06 15:08:32,sing,205,119
ce7a13d30e3f38f1c4041fec66b4b7c00b88dba7,REPO-13,GH-8123,2025-12-23 14:05:26,land,75,163
a955d5c4b09c35955adcc16fe6a975a54baacbd5,REPO-12,GH-4052,2025-10-25 20:55:11,debate,222,19
caa6758ae72ca293da94f79bd9cc416530284d3c,REPO-1,GH-9824,2025-11-29 20:09:52,main,35,90
b325da0edf40e0efb323f51a6e3cd1c07edcfeac,REPO-9,GH-4898,2025-10-21 08:50:05,bill,52,37
997d8d5c9e2276f21f8a7454581a89d975eb333c,REPO-6,GH-3253,2025-10-07 18:52:41,system,13,114
540c54b32ee839ec6d1d6b1768d0d5d24315724c,REPO-19,GH-8894,2025-10-06 07:00:02,produce,168,72
31f9460a203eff6d88f9e5789db8652474cc2409,REPO-16,GH-6562,2026-02-03 19:00:38,end,225,194
5d8b13efba77e0a0a8b8de36d83df9e3f07f2940,REPO-16,GH-3287,2025-11-07 20:13:58,grow,281,186
64c31154546a8d176249754cb4bd203fbc95231c,REPO-14,GH-2259,2026-08-16 06:42:39,goal,137,36
9dbae01a9f5f9288d697ffd3c034c1345e6fe20f,REPO-6,GH-5563,2026-04-16 18:48:27,yet,142,100
3b9515aabef31b640fb637f3fae288f3777d028f,REPO-1,GH-9779,2025-10-25 06:39:48,president,69,49
aaa62265ee89482110c0a28a68904b7d4bbcd83c,REPO-6,GH-4846,2026-03-16 06:28:34,process,453,38
3758f5b6fb42cfa97812b9baa4dd6e430e730b14,REPO-18,GH-2874,2026-03-19 08:21:30,main,108,0
553dd599a51cf97eb8b32fdaca268dc2c4609b3b,REPO-15,GH-8933,2025-10-30 04:19:35,whom,240,42
ca9381e997c6ff060e3be926a3d1d211e8711094,REPO-10,GH-6482,2025-10-09 21:52:15,voice,191,120
416e862ddd7939c791c26b930c149e60f83f1530,REPO-10,GH-5846,2026-08-22 04:08:55,stay,270,39
dc505cfd703f26d0534ac7e37b85ed21b53dab71,REPO-19,GH-1464,2025-11-15 11:48:18,main,116,5
400e4044a5d4302bfb680b550d74947b251664e6,REPO-8,GH-1986,2026-08-04 13:52:30,main,154,127
9a82b9ca3aa78fec501309bfeb8b5771381ca4bf,REPO-8,GH-1821,2026-01-22 00:59:57,main,285,57
0e62b6642c1b617ccef26ad26cfeef145d41b574,REPO-4,GH-8956,2026-03-13 16:06:59,research,259,92
e26ae12a7c3b49152e2444a475698cae3da9884c,REPO-12,GH-2480,2025-10-18 15:05:07,financial,154,20
91a33c6bb37af57a8b7737545774c5ae2f1511e2,REPO-19,GH-3222,2026-08-23 01:00:02,main,340,16
c6fdd237e85f52d73651f023190045c22a399352,REPO-0,GH-2229,2025-11-03 04:17:16,main,61,78
ccc6fe364aa9d24cb53824243f01095dc318a6eb,REPO-15,GH-8316,2026-03-05 14:53:22,place,208,110
b26f526d885ab2c2d06c125eb6e7d4f19ced7b7b,REPO-18,GH-8941,2026-07-29 18:52:56,main,52,21
958193f0357223a9af54d9bfec3c53e89f1261be,REPO-0,GH-2684,2025-10-01 01:56:43,majority,253,23
8f6eeabd3bf73630fb1fe7e05fdc5f097a480d7b,REPO-5,GH-4456,2026-08-01 18:33:26,pressure,432,93
72980d4f1118cb23229674a4b06388ad04a8bed8,REPO-5,GH-SHARED-68,2026-05-25 10:43:56,rather,52,9
dd0cd3603213808a9e6b57adac9ad54137ec2351,REPO-6,GH-6231,2026-06-16 09:46:30,long,201,125
c82151ebe9eee0e68776cd68905164bed10f77d0,REPO-18,GH-2402,2026-04-15 19:51:31,data,270,18
7bfcd67542c88ac21eab00821f585c0fdcaae94a,REPO-8,GH-5065,2025-11-07 21:46:46,physical,359,131
263400c3104fc6d3a3cdf895f5b7e8273eb29ce4,REPO-19,GH-4788,2026-06-30 23:31:03,strategy,17,100
fd1a1e85d4d6b08c6f41ef367f225a2dcc76bf28,REPO-14,GH-8700,2026-08-19 11:43:04,main,157,75
2db0e8688cfcd2ceabceca728aca09ab91842fe2,REPO-9,GH-8740,2026-05-07 13:48:34,Mr,124,118
82f9c26dac1df7b6eb78b307223a9de8aae31647,REPO-4,GH-3287,2026-01-04 11:50:41,medical,301,30
2c2bd127c2f0e717c85eb93225d320bbb36264d3,REPO-14,GH-9900,2026-07-05 09:03:41,cultural,38,72
9cdfa82b348fc1a56288c108305a90a37bab2ece,REPO-13,GH-3529,2025-12-30 09:25:50,another,330,171
e1d38944f64617f30e7851a16f80d3e1434f6acb,REPO-6,GH-SHARED-69,2025-10-20 10:54:14,pattern,18,93
60433a83cbca1e87fa43f2fbce18abc97b5d86fd,REPO-6,GH-5728,2026-03-15 05:29:03,reach,17,64
ffcef9256a49ef76496ecbb8b2fa43cd712c9714,REPO-15,GH-8673,2026-07-16 22:21:25,past,204,200
32bed6187a34b68e86c83fa545351ad99d89a599,REPO-18,GH-8849,2026-09-05 17:57:05,child,4,200
dd3e9424774a03de4cafb88c33c6dbd2c55496bf,REPO-8,GH-8994,2025-11-23 05:02:14,player,449,85
9932dae3433e565bdda6d332825843fd82f774d1,REPO-4,GH-8657,2026-02-07 03:08:52,across,254,71
65013d59ca5bb37694857a8883f593ee8add5d5e,REPO-11,GH-9507,2026-04-16 00:13:05,resource,315,95
4d9f7f8b9352e94d2fe41241ba82ab3672010131,REPO-3,GH-9850,2025-11-22 02:51:30,movement,497,128
c40ab5c48a4aa497cea28486e107cda8aa7f2537,REPO-4,GH-3573,2026-08-11 02:25:53,town,440,188
c25ea669ae427b6bc66109570510aac4efe1e36a,REPO-6,GH-9955,2025-10-18 04:03:43,deal,375,10
bce75290cf959fce62a0fdad5b507d6d6ee9cbf5,REPO-18,GH-1430,2025-12-13 18:41:12,defense,387,116
9725583259a031eefe947205dbb93e16b4ec9b39,REPO-10,GH-2139,2026-07-28 22:16:28,current,322,16
514877002039a71ac72f4fc3ec789d0b5e99f516,REPO-13,GH-8673,2026-06-13 07:59:34,main,312,146
1b9b8ff0e6b843d97aa532293d74c1199d0c91b7,REPO-10,GH-6040,2026-06-22 15:30:38,plan,231,67
3d4bd0dba61b1c03fb8bafed6e5c39c2e92bd038,REPO-1,GH-5582,2026-06-22 20:51:00,particular,464,148
3dc56a7185bdacc1d984b6cf51f514e5be6e1ae2,REPO-8,GH-1488,2026-05-04 19:29:27,power,21,56
185bdcd5aa2bdf3eef6e3df362e75354b377b92c,REPO-1,GH-5061,2026-01-21 07:51:14,main,141,137
59d6b8d8aca0823b063778a1176c316b2cc5c447,REPO-9,GH-9501,2025-11-28 23:38:39,under,27,127
7cd568912cf548dd6d75c6b95b95fa200e6ca76b,REPO-3,GH-5571,2026-07-30 10:52:55,mission,200,143
f135a282c2433740db468e84f7f54a93a948122e,REPO-13,GH-1514,2025-12-21 04:05:46,purpose,126,122
dd02a7733a3e1bfc0c4abe6a435b7bda417fd06e,REPO-4,GH-3852,2025-12-22 13:49:47,man,87,168
8fbba4d7513985a3085c8b0b200c5080cb32201f,REPO-8,GH-8994,2026-05-27 06:26:28,medical,219,52
01f88fee318244d913fe1784bd8df6fec871d2b5,REPO-17,GH-6447,2026-07-09 05:55:28,teacher,36,19
c53369fa02eb8ac013f48c434053d4bbda84bb7f,REPO-8,GH-6409,2026-02-02 17:01:48,how,232,86
81a133ab5633ab7c7bdbefd6c174532fc5980d59,REPO-17,GH-4696,2025-12-15 16:46:20,that,247,171
aefc30088c8a1e7f24ae10d446a7d885345d2c9a,REPO-12,GH-4944,2025-09-29 13:46:13,back,484,64
b45564cf746c9fcbc0f149bb8eea29f3c7dafaa3,REPO-16,GH-2204,2026-02-12 22:49:50,building,100,122
5fcc8e24c563c78b2b2193260a7b14487946a877,REPO-12,GH-9437,2025-11-21 06:22:04,day,54,131
034fe241862950e8c4bb9efa2f8ffffcb661c31e,REPO-15,GH-3762,2026-05-30 03:33:00,southern,358,17
707aa6eff66c5e5aa87c495cb33da3c4e0af2fcb,REPO-12,GH-1878,2026-02-13 17:40:57,all,102,10
210755be0a045baca38c93ec1c1c61d859e3b930,REPO-6,GH-9935,2025-12-13 07:02:41,contain,9,170
842419f48ddd482880d509ad06c7266a473c6bc5,REPO-0,GH-1200,2025-12-20 23:48:03,main,44,34
3bbd27deeb92798fcd15d62e290f77f175b1ccfa,REPO-18,GH-5114,2026-07-03 03:07:43,throw,284,141
ffae7038bc51e56109fb9656829741a575558ce3,REPO-17,GH-4261,2026-04-30 07:26:45,deal,20,27
1ca6137295d36400dc0fdbdf27a547efd9e232bb,REPO-9,GH-6493,2025-10-05 07:24:19,main,71,178
707de437c8b1f70a0a9cedde631ce1a0d2d18e79,REPO-12,GH-4878,2026-01-06 15:07:54,against,436,105
e1c74e1b96077a3917e8ccbae9d09f72a96caab1,REPO-9,GH-8213,2026-08-15 20:43:16,hundred,146,83
63ba7f0e6a4a2441d3b20efe0f2e36f8c6f855a0,REPO-2,GH-5450,2026-06-08 06:54:30,bring,269,154
520e10d22fe54f7025c6b868bf96d5156ae93c51,REPO-8,GH-4694,2026-02-05 09:02:45,focus,455,31
f992e503729742a691ca4c233652a07abac0eefa,REPO-6,GH-4986,2026-03-23 03:12:42,main,119,12
bd26bc444f296eb0851c1081fcdc480e185a78e4,REPO-17,GH-7044,2026-08-07 08:03:29,Congress,440,20
dd29ae1f4d0ad0fac5b9c542b173cdb317a1c79d,REPO-17,GH-4637,2026-04-19 14:23:54,price,459,103
4a500f9b978508541915b2bcca9ab37f1323a85b,REPO-10,GH-8018,2026-09-04 08:47:14,seek,71,17
f9e79bdb04199290a775be7492d362998b4df7fc,REPO-18,GH-1488,2025-10-22 08:26:52,us,245,10
a6c0ce23a9222ac709793833577f98fc3f5f866b,REPO-11,GH-6439,2026-09-20 20:50:18,customer,136,40
f10d5ffd4861dd6609b3dc2ab2c348269343477e,REPO-5,GH-7211,2025-12-10 09:41:03,run,292,179
a600e361d7e204ba2cbc3ae14b8d1ca2c7022f1e,REPO-4,GH-5279,2026-02-19 07:23:51,laugh,421,174
fae83aa13b9bebec6ede4e43529273ff93d34214,REPO-8,GH-6129,2026-06-01 00:22:02,any,398,48
9936fb4983e7d9cbc0ddf20477a9195f01b650ec,REPO-7,GH-3646,2026-07-20 07:31:42,current,314,170
0d16219c1371b5759e7b49032409f2bb5fa80fb5,REPO-16,GH-7658,2026-08-24 19:00:02,strategy,208,151
8e2196a47c811e8585fd4b639662b2add5a29932,REPO-18,GH-6813,2025-11-23 15:49:45,argue,316,31
fa7ed719f27674401ada4c470529a4f4bf752b42,REPO-3,GH-6439,2026-05-29 10:04:10,turn,383,64
3dd5ed3254380ac894a4899ba80c62eccedb4c32,REPO-7,GH-3546,2025-11-15 01:45:51,pattern,119,63
b24de14747ffffee08ca189c623450e7552e4c98,REPO-6,GH-5425,2026-09-05 23:39:33,main,295,0
b85aadf1f2037f683f0479220d18c08e2c792251,REPO-3,GH-9922,2026-07-06 09:59:56,many,74,37
3cf9101e61856988da505a4a6589dfd731f04458,REPO-13,GH-6091,2026-07-31 03:42:49,attention,349,70
fd0dfadbf8d83320f9f1670f4b22924f40a14fb6,REPO-6,GH-4396,2025-11-30 23:40:44,society,106,99
e8c2ffb064b2bc3c0963be89ede4baffae08ea0d,REPO-7,GH-2627,2026-09-04 15:51:18,Mr,141,111
0f14b99b737cd2d33512d184f6e7778073945052,REPO-0,GH-1153,2026-02-19 07:29:53,majority,32,200
f8b0be5dae9c95b2c04c597cbb44c22ae254ab45,REPO-6,GH-9742,2025-12-05 11:28:20,hour,148,36
03a717938f48b7b1baa8c9b6b91422c8b25e966e,REPO-5,GH-5000,2026-04-19 00:52:24,senior,243,195
3495835767a70fd5e0cdffed529f2ae371191852,REPO-7,GH-6772,2026-04-07 02:52:52,party,443,70
b970744d9a1b6742ad4e7ee894e02537b1a7a3f9,REPO-14,GH-4450,2026-03-01 16:10:24,street,121,165
f0f0234cdbaf21479847b2d0fef1a801b5e9fe0c,REPO-7,GH-7566,2026-05-11 18:11:52,despite,479,37
ecebf4dbe5c0cddb87296ae0afa4cdb1285b7e1b,REPO-11,GH-7240,2025-12-21 05:13:06,live,51,69
328b1783c47c57bd2fbcfd4ca43e1c5c16fe0971,REPO-0,GH-6038,2026-08-28 04:23:47,discover,454,27
a46d25627e347603d11bc7639515fef21f52e5f4,REPO-9,GH-5051,2026-01-23 19:12:10,main,388,171
687573712650be059817985ffd8f4561a782f7cb,REPO-0,GH-4441,2026-02-20 09:45:11,main,168,196
b81d47516bc525abf8866927544fbea1fdb8dd83,REPO-15,GH-5649,2026-08-20 03:07:00,oil,376,78
bcdbbe808081109d00622d35a587e2606e70d039,REPO-19,GH-8972,2025-10-29 21:05:44,become,50,97
24a0bdc2ec2e8474be95ad923307dd78ad33f3eb,REPO-6,GH-SHARED-48,2026-01-19 13:07:55,he,24,86
008d99ca9967632c9fb8d1731df56b7c3ff7a18b,REPO-7,GH-8770,2025-12-25 08:29:44,make,117,110
b32ce4c810bddb341475dd820d8c235b611c1b1b,REPO-4,GH-7232,2026-04-13 21:42:50,last,23,52
20ad5ef3f4b8d28b515c715d5c2457d6563b46c1,REPO-17,GH-5264,2026-03-21 04:07:09,issue,349,140
04d4742ead427d5e4c97a08eccd109b1daa802b4,REPO-4,GH-4841,2026-02-16 16:32:41,free,112,94
e23cb155c7c76bc1091d812aee22a4106bb3180f,REPO-8,GH-4527,2026-01-10 23:48:40,main,210,30
ece66c1c9d8559e34244ae56e74b82770e9252a8,REPO-19,GH-7484,2025-12-05 16:45:33,evidence,129,153
358bbf3e51c986982720b00c22566a277955fc31,REPO-8,GH-9313,2026-06-04 14:13:42,week,388,178
a040ce0af96b2ab166ffc562f1a48a096f7f40d1,REPO-10,GH-3697,2025-10-28 23:16:53,more,299,58
e922eb715fb07f22fc41300c727ed28b56c5a6a7,REPO-11,GH-1430,2026-04-14 02:38:37,bar,357,42
13251a3f10ed5be1c03db3cd4c5ed0921057730b,REPO-3,GH-6940,2026-07-29 03:57:19,drive,342,70
c088dff398fb7e93b08f559022dba58a51441bd1,REPO-5,GH-7865,2025-11-04 04:19:28,here,376,45
dc77d086791c13d51b91794e2103dc7eaf3568b3,REPO-6,GH-3414,2025-10-11 19:53:37,goal,236,15
0a634a4096e5d7a8b19df67ee02a9c8004886705,REPO-6,GH-2899,2025-12-12 07:57:42,enough,451,194
0550fecd82e471603efb1963b306149c78dc1016,REPO-13,GH-3900,2026-01-22 12:35:56,special,427,40
723168ee8c11b1fd835ce414c30bc7640e8a7cc9,REPO-0,GH-6663,2026-06-19 10:08:00,cut,273,44
da45ac7c133a4b77c3a76c9af7dbaf4e424e0f31,REPO-6,GH-7537,2026-06-28 00:09:04,certainly,56,111
efaadaada88bcbd70d736f9f28d9d2b8514304fa,REPO-5,GH-5941,2026-08-25 00:15:19,sister,366,142
7580bd78a6b534d27e0a6d57ee3282ce01a702a5,REPO-19,GH-8770,2026-04-25 21:22:59,across,111,114
f84225bba61dd1491c29e7b45fdc09594e7bccb1,REPO-19,GH-5350,2026-07-23 00:42:52,test,143,80
3f7c9fb16652be2c58cbe208e9606d069f212d45,REPO-6,GH-6150,2026-02-08 13:55:58,international,428,5
47edde8ded57062130be087d7614baf62c51f845,REPO-9,GH-5719,2026-03-03 13:01:42,sometimes,239,23
6a54dbd81c235f2f62603911b8147154ee974742,REPO-1,GH-1320,2026-06-08 11:00:11,ready,274,28
d251c1b78c92d801aafa363ebd258fd0c5d2b1f2,REPO-4,GH-5315,2026-04-14 01:18:04,church,276,59
f5aeed479d43e6ac822ddc9f7491fa78cae41c3e,REPO-17,GH-8744,2026-08-29 01:48:51,dream,276,23
a4b83c014a646bceea203c3a00ec8044651b0600,REPO-10,GH-6062,2026-07-04 21:03:51,matter,92,11
943e54f49f41cae6e86f8ac67eb2407b483a8c04,REPO-6,GH-5291,2025-12-26 17:32:35,main,113,178
c785050efd8b772c31bebdafb165065d247b8487,REPO-13,GH-6776,2026-07-29 04:53:59,management,42,188
50b567b159a9f610e9f85fbb4e3bb3d309ad4396,REPO-10,GH-1916,2026-07-04 13:22:11,grow,6,199
8a055bc646204fa538b34b78da435d6d670f3e25,REPO-0,GH-7464,2026-07-31 12:16:01,main,16,21
ebb739976245a073620f10fa7a030371b87e74a5,REPO-18,GH-5562,2026-08-21 10:31:41,speech,98,123
8daf363dfadda8c6d7612edaf31da738fd7ff9a6,REPO-1,GH-6573,2026-06-25 00:22:09,leg,496,154
9c293fe7b333fe1379dbde7cb7fc3c138bb5131b,REPO-4,GH-5415,2026-03-20 17:07:39,all,345,29
05975c1411aa58e475acc612f69a3ace4bb5bf8e,REPO-8,GH-1634,2026-02-19 11:32:38,TV,417,37
0d1ed08483d34c8c088bf3cc7700bd63fb5fdc7c,REPO-16,GH-4694,2025-11-15 19:21:12,sing,90,195
0735ba2051f9c897c9265b48e09cae996d521a03,REPO-19,GH-6121,2025-09-30 17:19:12,reason,195,120
9d546aab1478c9d43bb5e41ef3d80f3b21d7074a,REPO-13,GH-6992,2026-08-16 23:18:52,down,307,12
d16c4ff90f048ca32cd2ce3e78603a2e823f4103,REPO-8,GH-7504,2026-03-08 17:49:17,soldier,177,162
21ee7489f71f8dcb33c9f7c0106275eae44ccb6d,REPO-11,GH-6952,2026-03-02 14:45:15,rock,272,38
7d9827143a1ff548d3427bf176cc34593d4af51a,REPO-18,GH-5345,2026-04-23 17:55:04,people,77,68
9f2c5dd4ab2ce373d683c6def957451e9e510730,REPO-9,GH-4261,2025-10-05 23:41:46,almost,296,96
24f084a5a6e4c6295209d2133dcf456184dd3eb3,REPO-1,GH-8213,2026-09-20 02:05:31,give,211,154
6185e2b9f20b4141b78f7b826cd7b514780fd045,REPO-0,GH-5961,2026-05-05 15:00:29,player,326,134
dac8aeee0fa9564efd97f49c476d876d6b2718f1,REPO-2,GH-6310,2026-09-16 19:52:22,trial,25,31
0ed19c9980bd17d928ab95755067226f23bbd41e,REPO-17,GH-8430,2026-02-25 18:24:20,democratic,134,160
5f150f0a42edc39b8c4592f4bb5c62086aa7415c,REPO-12,GH-7981,2026-02-25 16:04:41,imagine,271,165
2d234bbec64f0d93174767a5662b42ce4d472a20,REPO-8,GH-8564,2025-12-09 02:31:44,get,34,36
263e2a59e78d267414a9bb622c4a79169fc5ecf2,REPO-16,GH-9725,2026-05-06 03:20:59,purpose,342,187
b2e8eac49d1d345178d15edccacdd1ab7dba739b,REPO-9,GH-2771,2026-09-09 10:42:06,Congress,451,107
84ad522f802139e771c26d41ddde57e422fe7f4c,REPO-16,GH-3344,2025-11-06 11:21:16,cost,159,199
f4c4d88068e5bb500a5b2b89a5cff2d1deda1d6c,REPO-14,GH-8739,2025-10-09 09:53:53,player,200,74
84889f303458998a3616ef36230ac7206b0be76f,REPO-11,GH-8842,2026-04-04 17:17:29,decide,448,10
e73cfe1a350e6099ee094ab5f1f02073117ef576,REPO-7,GH-6776,2025-10-23 22:47:19,imagine,175,139
b971dc289ca175111f2a4bb09481927af38acae2,REPO-2,GH-5295,2026-01-15 04:27:26,film,211,71
e4b89cd0e3b4d5e0d46fa5516787369fedf4b36e,REPO-0,GH-5961,2026-06-10 02:43:20,look,56,94
7e3655220eb27f8fc25dae47e686508fac6b62ee,REPO-16,GH-8267,2025-10-19 06:35:15,activity,142,84
d70ecfddd761cf9b111526d4c644ea569a97388b,REPO-1,GH-5526,2025-12-02 16:37:01,where,30,74
ad44538881466db8bc4f77fc11e7ccbee1c71367,REPO-6,GH-2988,2026-03-05 12:35:22,main,422,90
c66fc68533edabc3f7d3043c4d55f7f4bcd34a38,REPO-16,GH-5198,2025-11-08 23:17:37,kid,453,181
319c214fb1d645f28ddb3de9247a294fc584e19d,REPO-7,GH-6781,2026-03-31 16:42:32,improve,53,23
3932dafa9c9af9287cdfd545ec20c3aa83ed0757,REPO-19,GH-3153,2026-09-12 21:07:52,case,370,31
9a9d9592f27b1cae9d2cdf655f7d109fa329f7c0,REPO-6,GH-3001,2026-08-31 00:15:31,lay,208,164
5630a940ce4d5241aa0cda10fbca95f60dc6ba4d,REPO-7,GH-7543,2026-08-10 14:25:46,main,438,8
08c54a7a4bd03830f0d126e71d1744e27dc8c1e0,REPO-15,GH-7708,2026-03-30 08:21:21,main,200,24
15b2b51562188f2659a3ce399a83fb96a39fb019,REPO-16,GH-4396,2026-05-08 07:19:31,people,283,184
dec84d6edd5eeed85d714dff176febc1c1938706,REPO-0,GH-5333,2025-12-14 18:55:45,reveal,55,85
f5a252bcf1b53965a8cfa118f1018cf8b48a1928,REPO-12,GH-2229,2026-03-24 04:52:09,account,360,127
7ebba77ca6022791a22efeffde26e99b225ab462,REPO-9,GH-7576,2025-11-21 09:04:15,main,62,185
1bcc5ca652822a70014e92b0917cf0d3e761752c,REPO-12,GH-7622,2026-08-13 04:45:08,surface,178,34
a2ae5e57f1bfbbc6ff8106b35255c95d112a7b66,REPO-3,GH-4920,2025-12-31 19:48:07,whether,396,147
632ba1909c2a46b22c5d7402bd1b03c36bdc3ddf,REPO-17,GH-7658,2026-05-06 00:41:05,magazine,204,135
50b8cbe4d018626a9bf63f4d70377753937b569d,REPO-0,GH-3754,2026-03-25 15:43:10,since,209,49
130baf025eada6a86d0950182850a46ce9a1f3ff,REPO-5,GH-8777,2025-11-01 08:13:25,upon,259,37
971369bd9d31431d2433f1169dc11a629ce32ae0,REPO-14,GH-8135,2026-09-18 19:48:55,school,215,19
46710fca18073e8832a3a29a733508d3fdfa6254,REPO-1,GH-8840,2026-08-20 05:03:15,finish,375,75
2cab30bd743ae7ba7709a88027cd914f10cfc701,REPO-17,GH-1251,2026-02-25 20:18:42,main,22,93
2d1ca7d109654eecc3bc0f8d1fa022c635533065,REPO-1,GH-8267,2026-08-07 12:41:25,just,60,191
743797c80318880311e39ac9965782125d52c7e7,REPO-0,GH-2796,2026-01-01 17:11:24,main,448,14
c3afbb2cf092df1ab8b45085bc63879f275638fd,REPO-19,GH-1887,2026-05-24 20:48:24,main,391,6
f560d1ecf2065335e7eaf7c386414d6e83b817ea,REPO-14,GH-7537,2026-03-23 18:21:10,reason,382,54
a7563c436229e13b58cfc5a41daf2cab0be1561a,REPO-5,GH-4694,2025-12-07 04:54:36,beyond,460,87
854d5713127c7c30a5c18eef76f6aefefc0ccd81,REPO-13,GH-7897,2026-02-26 19:14:57,animal,224,146
ba4c88b0d7da51ba6927c0e91aa4db76a1648efc,REPO-15,GH-1919,2025-12-29 01:12:25,coach,330,36
39690afc1b4692b80bc78939025d211dbe72be28,REPO-1,GH-9565,2026-01-11 06:51:54,note,459,141
43cde857b1bd88bf6d7674b97b476ba2e5bd1bdc,REPO-16,GH-5689,2026-01-18 07:41:36,audience,176,76
2457ed11ea217b2d7a79823eca5ddab50161b33f,REPO-17,GH-9176,2026-06-25 01:19:36,main,70,104
2e35d0bee737b37bca59876df5a42030051c4434,REPO-7,GH-8218,2026-09-12 08:31:20,minute,371,31
5942f6a0200e87920d4b1e5cfc461e46600c15f1,REPO-11,GH-3240,2026-03-05 16:28:31,on,10,155
7b4a1759f0beecedbacc2008c9dba88b650d6939,REPO-2,GH-6055,2025-11-13 01:02:11,ball,294,46
75b3f53baf897b024daf4f70e6ddf2568be24458,REPO-18,GH-7171,2026-07-17 07:53:39,main,216,196
231c1fbeb2f9cc6ac82f4908867358d91694c799,REPO-17,GH-4918,2026-07-21 15:44:50,it,308,190
089fb176f5d4e57db50c8ee9198d3d4ea98c60df,REPO-16,GH-1282,2026-03-21 02:06:47,despite,402,93
fcebec2a59f8f50c713832a803e9ea8edd4eea9d,REPO-18,GH-8973,2026-04-11 11:56:56,agreement,396,128
047e79e089193e0c091722a79dd110dd88dc2e26,REPO-7,GH-9041,2025-10-25 09:19:00,Republican,398,110
f19f853be30f7c28974462a30ccb328aff0e57ed,REPO-17,GH-2743,2026-07-15 03:07:57,gun,359,5
ef93c3118e488d1c4dc4d9ac4fc2013da2a7c0fd,REPO-14,GH-3114,2026-07-13 15:54:45,day,457,7
7d59a8fb04d0a30b6600718a266d492e0469f06c,REPO-7,GH-2076,2026-02-28 00:21:28,enough,167,171
b53fb6d60a6e4e61b2dd1fa93eb5a04f931aa445,REPO-17,GH-8842,2025-11-10 12:00:20,century,420,72
c369248da6f53d55d8de4e59551608e114a11e70,REPO-4,GH-8612,2026-01-31 23:58:29,majority,223,87
e8dfbef2fc82ee9621b60a4310d22755ecacdffd,REPO-4,GH-6439,2026-04-03 05:22:07,beautiful,184,139
e5540cfff6c644cff8f56af854c3ee255d1d0277,REPO-17,GH-3522,2026-04-27 22:48:35,sell,177,104
30ca425f938e567ce2d1303fb2329ca9391f0d90,REPO-13,GH-8956,2026-03-15 22:57:55,tend,352,37
260135618a9c8209def114b989e21086f7b511ca,REPO-3,GH-1659,2026-01-13 08:52:34,main,398,68
34451cf3e26dc0d8e53f9ae404bd0c8e78db9fa9,REPO-4,GH-9751,2025-12-02 05:05:27,policy,396,79
401f208569fb0e4f23f927ac00b6c7c0fbc45d36,REPO-0,GH-9928,2025-11-04 23:57:14,capital,264,111
8370c91f0c95fe08ff25a268a5888bcf6cab5be4,REPO-12,GH-3858,2026-04-22 14:25:12,concern,42,171
2ed9d85ed6d5d97065f98476e469932438a0ad23,REPO-19,GH-7693,2025-10-27 02:13:57,main,422,6
9933c8129550ee6d2bc132e0acd4e791019ddc79,REPO-2,GH-5719,2025-10-01 07:34:32,class,314,165
ff8a2850421eaca339a2ba3dc53d79ca55bf4785,REPO-9,GH-8967,2026-03-17 02:18:55,direction,440,188
63c89eb9e058d6ce7d9788a66105a625678f2d5a,REPO-14,GH-1251,2026-07-01 09:53:25,Republican,442,161
01d758cd0d618424551e6bb2db231bba361986af,REPO-4,GH-6573,2026-04-21 16:28:11,same,113,163
13ef6ef96e5aac2fc13bc952a3d15b2bcbe85a49,REPO-0,GH-SHARED-69,2025-10-15 12:12:13,talk,227,153
6976fd8e1110d218b94006dde85580601db97365,REPO-5,GH-3504,2026-04-18 00:37:42,sense,230,35
32748d676260c892475336f59cc102e5fe5f3ea1,REPO-11,GH-5741,2026-06-10 07:06:27,in,48,190
23719da41e8e669d63bae70c7e409cb2f8090b0d,REPO-19,GH-9727,2026-06-22 01:34:58,area,135,5
08a7e2f392a396f4dbab120f9cc2a8590c665ba9,REPO-16,GH-2996,2026-05-17 06:45:47,sport,35,49
d083f25b09d75873b621bf1b27b6be14e542f37f,REPO-14,GH-6763,2026-02-20 12:39:59,woman,68,80
44fd75cc6de787054ec7738b5bbef23a950abf3f,REPO-5,GH-4997,2026-01-01 22:27:21,edge,493,102
c29c4569b2d6bd7acd5622850ab02bae128a5000,REPO-17,GH-1514,2025-12-13 15:05:13,know,105,42
2f08b13f9ea0f23271093b6ff5651ef1fe01fffe,REPO-3,GH-4919,2025-10-07 19:32:37,green,122,131
8be50fe415b0a873c51aa13fb4d6dfedb7c50957,REPO-18,GH-5728,2026-08-11 14:56:49,relationship,98,55
b529df6999723eccc0e81fbca560afc8aa1d0270,REPO-17,GH-4986,2025-10-21 11:53:10,us,304,12
f463f67e9be25b47076aad134b4fc4d3ad827aad,REPO-4,GH-3399,2025-11-03 11:29:32,then,262,11
ee44afef5cf155845e0fa3ad017abd7c5d511397,REPO-1,GH-5471,2026-06-11 21:01:39,computer,350,64
25ca57702b4cf4c58ff633c89f0dad5bbab1df78,REPO-4,GH-8673,2025-10-14 01:18:41,box,256,170
21afb9d7d18cc6f15fa702b09a5b83a81eebcfac,REPO-18,GH-6400,2026-08-09 17:15:18,main,53,160
d42f425e18b1c3ba86431fa7ae9559405f34e13c,REPO-16,GH-2480,2026-05-03 05:48:33,probably,280,87
fd260a5355c7538c61b0891757159b5fe73f9bc5,REPO-14,GH-7865,2025-12-16 09:34:37,indicate,444,59
8df97eda61a15ef0abdeae301650f65f5f5068d0,REPO-10,GH-7717,2026-03-12 03:13:07,different,118,146
d435ee811f1b1b4f7da2c6fb4cbefbcc62bab5c8,REPO-13,GH-7246,2025-11-07 02:00:28,consumer,61,116
3cf7852631027b8db340db51f91b884b3447336e,REPO-1,GH-7246,2025-10-02 18:50:41,main,255,60
fcbff152e5cceae2820ab2a77e355bfebda3abeb,REPO-12,GH-6119,2026-01-27 18:39:28,difference,338,43
db532a15403f550f5fe4455ad58d8f58cd743017,REPO-11,GH-8025,2026-03-24 03:11:12,really,45,100
25f04e96ab0d6392f5531000a1f92457e5ba2854,REPO-17,GH-5689,2026-08-09 12:13:37,main,352,67
9cc2a39aeebec4f9e16b3d485eff0639c68b01a0,REPO-4,GH-9674,2026-05-27 06:20:32,audience,334,197
71bd49122500e0c111af8cba138ff129812dcd8c,REPO-12,GH-3165,2026-09-05 20:10:16,fish,489,10
a3111235cc12d1d563d21b9c17485aa6d8659eeb,REPO-13,GH-7171,2026-07-22 01:07:27,blue,148,200
cc9d5aa03f00d79513b63cdc709db1046016b8d6,REPO-1,GH-1672,2026-06-30 16:21:23,win,118,169
536320e570145c3384f475966855d758c532e456,REPO-8,GH-1258,2026-08-23 05:59:38,main,332,33
41a29df63c5fa9f322504e6eee5456cfd7bc219d,REPO-19,GH-5632,2026-01-02 19:20:15,main,313,131
292bffe37e45f23a8ad38af60867f1315cf73735,REPO-14,GH-9331,2026-05-17 22:15:08,program,235,192
0ef98bea45e2a23c7ab74ea9e7732bfbd4dc31ba,REPO-5,GH-9947,2026-06-24 09:12:53,main,206,114
0300181f236ec45a0fdaddefe988e1f97c6dab02,REPO-6,GH-1842,2026-09-21 00:32:51,rule,337,47
818b3fa60f59d18fe26539ddd85be3970dfa531a,REPO-19,GH-3240,2025-11-17 14:05:45,prove,400,19
8933fb7ca03bdaa64554ab2491cc5cd1d73cdf83,REPO-14,GH-1349,2026-07-19 18:47:44,friend,253,98
04c98c4de18761960fd98e6ea1fea274c7b6ae0a,REPO-4,GH-4728,2026-08-23 16:08:44,main,164,132
bdf91723127c159fe587944126f2d20918e57743,REPO-17,GH-1841,2025-10-23 04:21:23,politics,1,102
31d0663f1468e01abb7aee1b718eeef1bb714d65,REPO-8,GH-3868,2026-09-16 04:30:13,idea,459,92
a6789587ac7a7d9897332913aef20d13b82dbc57,REPO-14,GH-5186,2026-04-13 10:11:38,early,345,31
7e76c0f8b90d9c051d13ddf16ae549657cc00a1d,REPO-17,GH-9821,2026-04-10 11:18:00,add,176,95
d183f0c605ed14b22897122d09776b11b5697fa3,REPO-5,GH-9282,2025-12-26 07:07:46,song,304,100
5bae1b05e9a86407dbb85b881f4627cf8d6c2e1a,REPO-11,GH-9446,2026-09-10 05:40:31,main,151,47
2579558afef67fbf8d8a868e11514baf039e4b8d,REPO-18,GH-9498,2025-12-27 18:27:31,sometimes,201,56
dc12e8a76cf7e9fbd1b36d675fd64a6f842b3a71,REPO-2,GH-9312,2025-12-30 13:05:45,as,168,47
c2cf301d63ac949decf17f0a57bfe2da28c5271f,REPO-10,GH-3236,2025-11-19 09:11:43,fine,295,43
54e90feb70673c38fe024fb57489d9f8782d4d94,REPO-18,GH-4841,2025-12-14 09:58:17,main,114,87
f930398a182a3adf13297837c398e952ad9f6b56,REPO-16,GH-9883,2025-12-15 08:05:40,economy,201,94
a96fc48bf182694afc96d95fee59d9680a15b50a,REPO-15,GH-8267,2026-09-20 13:52:56,young,198,143
395ea4ced091a836a56c80177478e91689ee52b4,REPO-19,GH-2213,2026-03-18 06:54:47,get,396,174
49c30d805b3af3c91f01fe706ff26a03832fb34f,REPO-8,GH-4788,2025-11-18 02:32:40,quickly,157,160
b0d5badee2cbf37d4b2b2e30e4041ce630b1c7c1,REPO-15,GH-1920,2026-07-29 14:11:07,near,25,50
c0503f8e86ca21119cbf30c2dc8730f12f8a0be6,REPO-1,GH-6804,2026-07-31 11:00:27,main,108,100
40cbd44c32d06103fa8fc5240043391225465750,REPO-10,GH-4937,2026-06-05 15:18:56,social,168,83
a2580038accf626011387a4110b573a7920309a6,REPO-6,GH-1530,2025-10-06 03:55:23,significant,318,54
cf36c2f0085ca5df2c4c495771f765a624a2cfb6,REPO-13,GH-5689,2026-02-02 14:44:52,main,24,4
922cdae52bb9ec0e86dea66d78632d527fc2936e,REPO-3,GH-8613,2025-12-15 21:26:34,main,406,22
a8de7660dd2908a84c44c025fecfcc30acedf9e6,REPO-11,GH-4228,2026-09-14 01:30:30,energy,316,135
6dc6b46d7922abdc0a136d7c08fef3f96e785193,REPO-17,GH-9689,2026-08-04 05:09:27,serve,428,33
b68f319451af038eeba8e35a69bdc535dba615a1,REPO-16,GH-4522,2025-12-22 08:24:50,I,393,89
e427654ae421557bd63c9ce75a6e21ee1110f44b,REPO-4,GH-4404,2026-04-17 11:33:21,letter,468,198
c75d58ebfdcf9983a909a031540cdc624833c1c5,REPO-1,GH-4697,2026-05-29 13:05:01,main,299,129
0ac40a5347d9cd7ec999923b6dc457c912c75b04,REPO-14,GH-7929,2026-08-30 18:49:51,data,153,42
fcd9e5b0008574b6adb1135cda48ca2b4b41ee49,REPO-10,GH-2041,2025-10-17 04:45:23,chance,380,171
c906887c984368f01408e191e0e966ff31f3bb22,REPO-10,GH-9674,2025-12-15 06:33:13,consumer,494,93
d80e2f4062a702d5d2acc19541cbd2d9b6c269c3,REPO-9,GH-6543,2026-05-15 02:48:11,main,496,21
b7892738f6b46ece293c4daa8f014dfdd2d389fc,REPO-0,GH-1611,2026-08-01 19:11:41,eat,80,78
567de8b31b20867aae9d6dd8d12a2cbfb263c0e9,REPO-7,GH-3754,2026-04-12 00:37:29,share,119,18
fcb3db5a4028d2c54512dc4cde74200585106667,REPO-10,GH-3705,2026-03-27 08:31:58,set,166,87
94af4f24e573648a899b0f45d0f9eaf059c1cf3d,REPO-16,GH-1090,2025-12-12 16:15:24,control,218,142
26acac9dacf82a83dae90b9996d092120dcaff4b,REPO-16,GH-2624,2026-05-20 06:01:41,feeling,198,150
8f8da9390f704fcc20f718a22b6506923518ed29,REPO-14,GH-8272,2026-05-08 19:43:34,main,330,105
e20a8290f9c3b3545ceea54fe3b7ac0a5724f096,REPO-0,GH-2697,2026-05-31 19:20:30,travel,264,189
2d1292cc82a5a97a4f5ac12c84464ec92ab064b1,REPO-5,GH-7553,2026-07-27 09:13:33,here,418,27
e24034fa7782d1f6e9b85493c2cf6be09623ea10,REPO-19,GH-2832,2026-02-28 14:59:34,main,331,1
9b29778770feffceed9b579893152d0614fb4f57,REPO-0,GH-1595,2026-03-28 18:27:10,mouth,126,106
ba3bf011681aa09a21119093047e53bb2e10cae4,REPO-5,GH-1090,2026-05-21 15:03:03,soon,238,88
6903a16c0b2fbaa98f76d6ecf89a8e167ccc4b13,REPO-5,GH-3697,2025-11-26 11:58:40,student,266,180
aed5c2070121869ca0ed269c1f2603bd2423885d,REPO-14,GH-4228,2026-04-02 03:39:27,I,461,89
9192be092889e2b0b2014a6d6511750357b37347,REPO-10,GH-3683,2026-03-11 22:43:00,song,186,143
52603cbd881e08fb84c5151fdce6755c02dd444b,REPO-18,GH-4456,2026-09-13 23:52:37,physical,317,23
e5353ed8d8aedf60fd901d2e9865d9824c4ac157,REPO-17,GH-9751,2026-04-23 14:07:50,short,201,13
6e2dfe4dec21d9eed35ce9590318f99fad701a67,REPO-14,GH-1713,2025-12-04 04:43:17,major,227,183
2d87ad347e101a53a46b2dac990310dd92a4d4b1,REPO-4,GH-6129,2026-01-23 17:47:18,main,466,157
9f7c2f6d76dee39f80810d51217ff0e4da68c686,REPO-13,GH-4804,2026-02-19 15:42:27,medical,52,187
a3ff67b869b6ddaebeccb11d2156655d20f4f01d,REPO-10,GH-4637,2025-10-24 21:36:41,main,39,163
aaf6b44c649c6965706d95c5a850f272d19db6f9,REPO-17,GH-6751,2026-07-01 14:05:41,clear,460,42
c767c7d9c82016457b5c67a86dc9daa29cc02b84,REPO-11,GH-1599,2026-09-17 18:03:13,main,405,147
8f2a966bb56a536445f534d93e2ac35f66f678de,REPO-9,GH-2983,2025-10-01 22:42:33,show,251,185
a369f0230efbf50966a35d3608833c2d7142f25e,REPO-18,GH-3573,2026-07-05 15:47:39,interview,130,147
cb4e28a1f1ca543eaa95815526d8b566bda906e3,REPO-5,GH-SHARED-68,2026-09-21 11:09:05,indicate,423,149
c36f34f0d32eb24b3e2e4fc452019ab463764f06,REPO-5,GH-3878,2026-07-12 04:50:04,might,36,41
d856bfeae5e852855949c3f232b49ee1c028788b,REPO-7,GH-8740,2026-01-24 12:05:24,main,240,194
db70a2f77fe87a98b7a419fc7b672a6f2d9c3568,REPO-10,GH-5533,2026-05-13 10:31:21,value,286,132
6e01f3b103e39331230c45dd4d8c59cf4d2a8ffa,REPO-4,GH-7216,2025-10-12 00:58:41,main,386,25
5ce8218bbef3319e9b646129fbb807d5e51114c8,REPO-11,GH-6654,2025-11-14 07:17:59,others,372,13
7cf1af8a2ec28d9ac4e897d4e8d196ec59c4939d,REPO-17,GH-4868,2025-11-29 00:24:44,least,482,175
22c1ed07d741b6a9d56d5bcbd4c85535b50a6439,REPO-11,GH-3273,2026-01-04 02:15:58,society,95,60
684ec538896d7410ec8badb2c77593748dc240b4,REPO-8,GH-4155,2026-07-04 10:53:57,security,199,165
ef7d64ea6170db5fd4029b4b2ece8b4598492dcb,REPO-18,GH-5571,2026-04-04 17:22:15,home,165,28
920979eb0c1cf0a29b44e34219622dc041afd9ad,REPO-11,GH-1436,2026-06-24 10:31:12,main,489,53
9d20c91cc8687e95a7f3de0551f1fd74151d4062,REPO-4,GH-8684,2026-02-23 14:39:02,simply,399,186
4773722033997baf7555ab621e088a73ee1f7aad,REPO-6,GH-1609,2025-12-31 19:21:06,already,445,188
8e0c7e1a3c04c952d552d97115e4aa1c29baf9e7,REPO-2,GH-6198,2026-09-19 19:47:40,program,256,23
3e9162704d50cbbd842573dcae4d8345509025d1,REPO-4,GH-2259,2026-06-28 08:41:31,save,107,40
6f25e0e5ae1efb768a4276570f7a504d78ced92a,REPO-14,GH-3529,2026-06-12 11:37:54,every,339,35
33c45395f7e0b97b761089c64313d22e58e9addc,REPO-19,GH-5496,2026-05-20 02:09:15,responsibility,46,29
da4a3f472fbb28ac02450dd5bc8c7fe817b6d4e0,REPO-12,GH-1958,2025-11-23 04:38:56,play,93,10
b677cc4d61265828fe22781d4a71cf29488f2a81,REPO-1,GH-9138,2026-05-09 13:37:17,thought,176,169
7d713c35d2cdabd1348484b73e4384a4a3abd0bd,REPO-6,GH-3287,2025-11-28 15:41:52,spend,99,110
5e735c160be4ad330b40e6560e44227e7403caae,REPO-6,GH-6400,2025-11-01 19:26:15,whom,92,116
4f788c35efbbed36c0f80d23883b19464dfb1269,REPO-3,GH-2684,2026-02-23 05:27:56,peace,145,45
e5ce1310951a639eab15a39c067400e1d4f435da,REPO-9,GH-6820,2026-09-11 20:58:24,where,350,101
14b1b5ed641836f13cc7167d8126898861d6506c,REPO-10,GH-4335,2025-12-09 07:02:43,company,147,96
5374dd7047de93e493ae95e469e785abb1d5f466,REPO-18,GH-5649,2026-08-15 04:54:42,role,188,89
4c2c4b535c1fdf3649c27d3a3089882b56236c60,REPO-0,GH-9281,2026-01-22 07:58:32,main,367,170
e1bc8a567f24d5985c2b3d450d0b026cec7635c5,REPO-0,GH-6531,2026-04-22 00:52:54,idea,497,116
70615122544904e38be14c0ee0f9b1a5428e5764,REPO-8,GH-8244,2026-05-12 13:44:40,its,184,140
f876ebbb402ff1656ba2fa97b1c8608e43b6695d,REPO-11,GH-3369,2026-07-16 04:32:30,should,474,33
98966bdfc33e29452e36d9d4741a455feb5dbfe1,REPO-0,GH-2876,2026-08-30 14:38:52,main,455,190
adf1841fb8cbdac30b4c8e6a700517fbae1c9b2f,REPO-5,GH-9071,2026-06-01 00:42:53,subject,254,71
8978da7534218f410c18a4df72460a4bccd63681,REPO-19,GH-3317,2026-02-07 17:03:32,exist,369,184
6575ec0fb303c5be13ca8683034e09e20d14d600,REPO-7,GH-3200,2026-07-14 17:45:19,smile,145,135
091af1021dd6b4b98a47a384e8cc41d74defbb49,REPO-5,GH-6218,2026-02-28 12:26:11,main,324,164
fe1e3560b52e1d23ba474e0aeb5b58229e012d65,REPO-9,GH-4456,2025-09-29 10:55:36,team,64,4
249cfef14979e4b9453b6980e527afad1a6bad12,REPO-9,GH-2388,2026-04-05 22:16:41,available,227,151
8197a8ab10eae8082e99f9f19216dcd4a7aceb59,REPO-5,GH-7211,2026-07-24 10:53:55,network,431,27
0efb6e295066a90cfa4cb21ae59b76ef49d20ed3,REPO-8,GH-5835,2026-03-07 20:20:14,significant,57,11
3d558dd157e876e8ec3bae64e77da1c7ea93b7a0,REPO-6,GH-5010,2026-03-13 07:49:35,main,378,105
5f590ef3062bfe42a5ad3dec58e2a14b891bf54b,REPO-2,GH-4868,2026-02-19 11:05:21,center,265,10
00413f7d2450b6806c78535d54e1e68c832fc806,REPO-14,GH-1821,2025-12-12 20:46:13,morning,16,184
bdf3800e2e5bc0b4c9b512db13c6d57f3844a38f,REPO-10,GH-1783,2025-11-08 18:34:48,teach,44,50
c030ccfde8ab317dbaec90a66ff1eca4833a063b,REPO-14,GH-2353,2025-12-18 12:24:45,artist,41,12
71b1245ddfee2b5eb96da5136326f4a3bb094a82,REPO-12,GH-8144,2026-07-15 04:48:23,song,101,6
67370fe690b093d2f3c14337a1e1b2057568ef70,REPO-13,GH-7691,2025-12-10 11:34:53,week,441,135
01f918d88a242e4452171b5633e99cd342410988,REPO-8,GH-4362,2026-08-31 11:07:51,produce,62,143
16212da03db1f528b90f542a7ed79062c6605fe8,REPO-6,GH-3449,2026-09-16 12:35:43,main,398,51
9037c3ea1070936ec0ec5c17159bc5a37e5ca9dd,REPO-4,GH-1964,2026-08-30 04:48:20,base,33,134
7f86cfa4c92f7df70f187664e0dbae4dc15e0777,REPO-4,GH-6170,2026-01-18 19:12:49,main,10,8
e03884932c871f650aaa46890928db4f5510fbf1,REPO-8,GH-7246,2025-11-14 09:12:06,guess,52,79
9b9a50346fe14fb4279cf73f5f619cc1512eb506,REPO-3,GH-6573,2025-10-08 11:35:54,mean,249,170
8f4c33def7ef80e62076c5cc95f069539f1d3ec5,REPO-8,GH-9830,2026-04-03 09:25:27,blood,336,67
6afed9d14b4c8b586392812b7e974306e2a49674,REPO-18,GH-8842,2025-09-30 15:41:34,society,363,161
fda6287b080da368c0a8aeb5bb3807dd1fa7d136,REPO-2,GH-6582,2025-09-29 18:26:33,strategy,22,65
1a4abd8ca982e1bfb1d33b1127459da55a6c9a1f,REPO-19,GH-4261,2025-10-13 05:14:33,nearly,468,101
23797b1f124391ef3a398b2d446a5e58b2296d03,REPO-2,GH-8784,2026-07-31 11:04:14,player,225,175
57aac6df2728e574a59fac8fb25f6441083a712e,REPO-13,GH-3522,2026-04-16 22:31:38,sort,384,74
8946de4a7ff89e895a85e41f1c75cd48ac492c63,REPO-12,GH-7570,2026-01-08 04:51:16,material,249,73
342f05d78bb09a03f6d2de414ef57e4f685460c0,REPO-7,GH-9721,2026-07-17 22:00:47,laugh,166,111
83731409beb7967d2e9a9e6c2645363d51865c1f,REPO-16,GH-1086,2026-02-04 15:57:37,voice,149,149
71534544b00da5d8d1e8c80fc01287fa9cbb7e89,REPO-8,GH-5573,2026-02-07 04:47:55,main,435,169
d648b580d76a16ba9252d9cf56f0c7f4994ba193,REPO-6,GH-6992,2026-08-10 04:39:10,herself,236,138
0011729116deb0d2460144727e5e6fba6ede1a5d,REPO-5,GH-4862,2026-06-12 06:03:51,popular,15,161
e19e209dd7ba72edd5a263f289041ceec402b10b,REPO-11,GH-9312,2025-10-19 04:36:54,TV,315,146
ab6c82ed8ba53baa3fab61f408337c661258e0d5,REPO-4,GH-SHARED-34,2026-02-02 05:17:14,about,500,113
df4355ebc2c474d590b27fc417f97bbe2d6405e1,REPO-9,GH-2337,2026-03-23 09:52:53,interest,418,18
a34047dbd8c1db9c6955974509487b8cf366dc1c,REPO-4,GH-4644,2026-07-05 14:37:38,wish,232,91
291ff2b88ab91f8df70cfab44fe1e566f5e367d4,REPO-17,GH-6139,2025-11-19 21:22:57,can,14,66
c6fdada10942220886079635e6d49ea86a8d0c7b,REPO-2,GH-5902,2026-08-30 10:48:05,main,432,48
5a02d219f64d8af6b401a4c13975dada103d5fc0,REPO-2,GH-6419,2026-06-25 12:42:14,energy,47,195
4f039cbcb5542963071ed12999bf045533bd936a,REPO-5,GH-2215,2026-02-17 01:06:02,rich,287,129
e943e7ca2cd4cda789f84ac67425651eab1b3ef6,REPO-12,GH-7843,2026-06-09 20:15:20,main,344,122
2d39e4e14bc6faec75d47cdb6fee098c8f5ce1be,REPO-7,GH-2293,2026-04-14 22:25:53,cup,464,22
61ce36bc0a068854945f143b16c24f1c3e951a56,REPO-15,GH-1502,2025-09-28 04:15:02,year,91,124
bff3bcbace38c5fe9acb7a6df7e34659b7bbf74e,REPO-17,GH-1815,2026-08-08 13:14:37,property,371,96
052aecf2a22f4843b1336955b0713b5b74d0b758,REPO-14,GH-8538,2026-02-13 20:26:41,surface,413,168
411ee36cb6e7a9e9ff7d877c315f4b5c16da2c6f,REPO-19,GH-2646,2026-07-09 17:21:35,life,145,156
28fe3b34bb53bc8b671a97b14278001a8991cbed,REPO-17,GH-2341,2025-12-26 16:00:34,instead,480,156
b34e9afa204d12b590516667bfb565fd271acda5,REPO-8,GH-1645,2026-07-11 00:58:18,beat,78,16
e3128524e95f012e07ed9780d1402ed3f38bbbb8,REPO-4,GH-8242,2026-02-09 05:47:35,word,198,36
2441a4478c9290426a75b3e59395702dcf322f78,REPO-11,GH-7636,2026-03-30 20:51:47,tough,423,161
9480d736afb996ccd70304c6b28e0e0673fdb9db,REPO-17,GH-8030,2026-06-25 14:53:43,similar,258,146
36efb9dc1a931a791d601ceb79ba0f10842fa387,REPO-16,GH-7812,2026-02-23 10:13:36,day,451,111
0d73dd866d37978580cb6206f1506f5714b131a2,REPO-8,GH-9022,2026-06-30 10:51:55,nature,386,134
ff0c5c16406b960000a7e7aeae62bbfce716a6b1,REPO-18,GH-3103,2026-09-02 06:10:41,tough,320,16
d59f254e78b4d1c5f89acb7af4b9101107eb50f6,REPO-2,GH-3607,2026-07-02 06:53:35,main,58,150
26165c01beea4180ff5ce4affc7c195203a4df7f,REPO-19,GH-5668,2025-11-15 14:50:22,main,421,52
7b6dbe9a46396dfd9490417797a9943e937ac79e,REPO-13,GH-SHARED-77,2025-10-30 18:49:18,report,96,63
a9ade8e3fbd18ae7c97f825712bb1a51cb93dd41,REPO-8,GH-2213,2026-04-28 01:46:29,manage,49,102
e3cec1b46508238a86d0baa26f66d7820fb875f9,REPO-0,GH-5573,2025-12-01 05:27:04,business,490,71
7232079138bf49649ca7aba26240244c65e790a4,REPO-3,GH-7267,2026-04-02 05:13:18,effect,17,49
5462eb64551addb461e497212c67e7666206200e,REPO-2,GH-5295,2025-12-30 11:19:39,some,248,191
79897a142432f471b4ff08d6c398393f1eec3292,REPO-16,GH-9900,2026-06-10 04:21:19,born,305,137
23a35e2943c7910bd4adbff3a9535abeb3356138,REPO-0,GH-8247,2026-03-14 20:35:08,air,427,141
ca3906959d4d1d1beaf8d5b0a13967106d68361a,REPO-8,GH-1514,2025-11-28 04:35:10,general,212,132
c8c63a45219a1e9c8c08d8913e58859c5dd3b7de,REPO-12,GH-4978,2026-09-12 12:22:45,fast,316,169
6956a2456465c446fa54d8d0e2ce0966c6318bd2,REPO-19,GH-6062,2025-12-21 13:08:19,reduce,477,129
fd06215edf0dc050b5e7c1e14bc83121989c1d88,REPO-9,GH-1266,2026-03-30 22:32:40,main,47,83
a1a58115f2e3230b92e57a9ee2120831b08a8239,REPO-8,GH-9042,2026-06-14 09:32:31,main,26,28
2d29303d27341b9306fdd133942a0e7cf39ddfa3,REPO-4,GH-8126,2025-11-18 16:25:36,property,93,14
e6332c53ab3b92516201ffc1fa956e2a1be65b67,REPO-12,GH-SHARED-14,2026-07-05 16:26:15,stuff,180,29
1c5c195988bdc381aedb702b68ffd10915274f99,REPO-2,GH-5906,2026-06-22 14:59:04,door,32,58
f2b7521133a3d29abad557c6519b4becfa193c10,REPO-13,GH-4060,2026-05-08 15:32:03,plant,52,131
c1ccb52b65170cca7c780cf0b1955adad2cd8572,REPO-15,GH-8359,2025-10-22 01:49:32,huge,305,167
e064bb96189db225fd5f00c1386d85b192985c5e,REPO-18,GH-4673,2026-09-15 10:27:27,simply,151,96
25fe69af950959596907a88bb46b8f585402113e,REPO-17,GH-5634,2026-07-05 12:50:12,quality,255,105
5ccb76c951e58545c6e6c10415db0a69e0597f36,REPO-13,GH-6111,2026-07-28 20:34:43,total,420,79
a830ad3cfe601810c2c296c33473b35259dbe48d,REPO-11,GH-2627,2026-03-15 15:52:07,dog,175,137
0d15ce37312bf45f73643255fab28d875791a201,REPO-7,GH-9375,2026-01-05 14:00:57,begin,413,155
528b6a296ed76a9657bdc7dbeaf5630d8a743ef3,REPO-4,GH-8564,2025-11-09 05:14:44,main,190,66
b836d3c355ab6f2fc1588a20d9f923a200aec80b,REPO-9,GH-3927,2026-07-11 13:48:09,cup,324,85
9a13c36bf4b42df86677ae9d6e1e37c319b3dbeb,REPO-13,GH-4644,2026-07-13 03:25:32,main,61,44
73055dbf7e25674b2b28f075f4a2c79d04d16dbc,REPO-5,GH-9476,2026-05-07 10:19:54,tonight,220,122
1f989a9655a5c19ed5832ce37939eaf2222efd5c,REPO-10,GH-3600,2026-01-26 15:55:36,part,15,26
22861f33c050a38900b21419cf292103acee5b8c,REPO-8,GH-4060,2026-07-10 03:39:28,main,48,95
a3dfc6667d9417a7f39036a6214a5c08310d5c37,REPO-16,GH-4891,2025-10-20 23:53:40,customer,31,1
387a0fd24247917943c2260e204c0fa3cfcdfe61,REPO-16,GH-8316,2026-08-21 22:48:10,land,254,143
96b5bb5487c03fcc1c3e9c49ff907da97a2b3a7c,REPO-2,GH-9379,2026-01-29 02:22:25,subject,452,91
3ff6aa9e40809ab98e0601bb0a7a916226bacce9,REPO-0,GH-9433,2026-06-17 18:38:25,card,70,183
2094c89baff38cd9ef878f67fda657c17f9caeca,REPO-8,GH-5331,2026-04-16 19:31:09,performance,416,108
18527f851bd892fa4af920d2652acbfbc160db83,REPO-3,GH-5564,2025-12-22 05:35:40,act,271,64
208ffa988fe437593b46a2872cb588fca960007e,REPO-15,GH-3441,2026-04-24 00:20:20,four,178,178
d2eb26a3610198ce8f1baa0e1e3e2cd5983787fd,REPO-17,GH-6280,2025-11-22 03:47:39,main,326,43
f7ff7e28a14d2c6c61405db3726f908b56eb90ac,REPO-8,GH-1710,2026-01-20 05:40:52,money,66,31
1632b274726771e64f1d36d858423101c7ef18b9,REPO-8,GH-1188,2026-06-18 00:58:00,plant,484,109
7c3dece1984641a267fdcc29850b7f03b3898cb6,REPO-11,GH-9098,2026-01-15 00:29:52,reduce,174,189
bd0c3972944e835f4a17b3a7514e863ab47a065b,REPO-6,GH-8726,2026-08-22 17:31:36,main,58,35
51e16a9e25f6948f4d3720a94de348b5aef62015,REPO-17,GH-6543,2026-06-26 23:12:39,front,375,125
d9b4d2369a52ec9d33b34916d3367285796f61d3,REPO-12,GH-3114,2026-01-24 22:09:43,risk,341,75
120a61a987f8549c3f7dc06b1ba6c70d09d2d425,REPO-0,GH-9375,2025-11-13 21:51:11,main,285,137
341c656fff1de1b100c8dd7cf9f0d9c73ca5933a,REPO-5,GH-6555,2026-08-22 03:56:07,mean,244,90
0f83a0ff9a463e3fcca16e4bc9f51157adbe85c3,REPO-7,GH-9446,2026-05-30 01:08:59,miss,169,182
f709143ed7d3b9f83349d71f1144615d6c5867e2,REPO-16,GH-9311,2026-01-18 04:00:59,however,320,58
b6de9b7aaa1811679121ef1731d26f37bed2b781,REPO-7,GH-4804,2025-10-19 19:15:29,goal,19,179
5fd04da212f2a1df40221212a52507d4b7b36ec9,REPO-12,GH-8916,2025-11-25 06:22:23,develop,147,131
4618b95b68ead8c3404b94f668ba47095418f8f0,REPO-8,GH-1311,2026-08-22 07:40:12,main,134,67
4b6435acb499926326e1f08d1ec50073cc6961cf,REPO-17,GH-6198,2026-08-07 16:44:04,main,451,92
89639c9f90955f1a96efb3a04293327e88468e9c,REPO-17,GH-1821,2026-07-09 16:32:40,tree,352,166
d8a3f5cbb9a9a16753c5b02beb30ea0d128e506b,REPO-3,GH-1685,2026-07-25 08:17:26,method,492,128
e8784f6b91f2fd3ce296650483963d1e523d3eef,REPO-19,GH-4460,2026-07-06 10:54:08,teacher,301,135
b3617460bfd31818ef614ef7334b7f17f5cc08c4,REPO-9,GH-1200,2026-06-09 23:44:36,collection,360,34
2b96100c02aa8a5d3ec8525ea049dfc266e5b187,REPO-8,GH-8941,2025-10-05 08:05:35,green,415,22
c160a3436e2f7a61131e658f9be047314d6ea002,REPO-6,GH-5911,2026-03-10 00:29:16,happen,116,151
c71e9523b9d7ebffcd0a307b9a04c2951de6794d,REPO-16,GH-4613,2026-07-18 05:29:36,away,406,26
dbbbce941e9bcf2f4aac06559bc77aa84b5da4d6,REPO-3,GH-5616,2026-04-19 22:57:07,fear,256,7
666b7d8c1b5a25736d7c14f9bd964541f5a54214,REPO-5,GH-4804,2026-06-24 09:46:58,school,89,132
24d262cc3e7494ef4f57037b668ecae7db2a699f,REPO-6,GH-9785,2026-08-25 11:56:03,bill,23,29
3562276af01657e0ca8663180300f5ad9de8c7d7,REPO-7,GH-8144,2025-11-16 19:10:05,main,9,16
a023e28b8b6849c2189936f0b7d4dade847a1ff6,REPO-1,GH-1916,2026-07-31 06:19:32,support,324,152
bb785e86f7086210fd1c70117b3cfe7e70cd4b66,REPO-12,GH-2638,2025-10-17 23:33:03,security,43,75
2945bf6b22c6a29d6de0ef6cbe00abe5e069b234,REPO-12,GH-1829,2026-01-23 01:15:37,common,32,185
044c46628e933e7ab3cd083b3e76556242d0e014,REPO-17,GH-5526,2026-05-09 02:34:56,main,333,62
723cfe1d7e69867bb1d627e7ce61c6ea6c5d4b03,REPO-15,GH-9548,2026-06-24 05:51:39,watch,385,196
ae0b560d68913d1c21d54a27969e915f9c0ac1eb,REPO-13,GH-8247,2025-11-22 04:55:56,main,162,173
62c10c2cd1776021bdf867624ac475f468f78a8b,REPO-0,GH-6994,2026-08-05 08:14:57,main,207,46
603fe87440d4beaad19261fa315760b9b94d8fc8,REPO-8,GH-2625,2026-07-09 12:45:14,main,302,97
d6bddffb9da0f763a3a6f6e219dcea4e28889e7b,REPO-2,GH-5335,2026-02-14 15:16:27,parent,353,11
9c0e8833c1f832a8d8e016371426b95f5cffe8b0,REPO-12,GH-5906,2025-11-05 13:18:28,town,38,3
803c447e0e955c85e7a3c7048f177bad7c4a0a11,REPO-7,GH-2419,2025-11-23 06:52:04,late,229,138
16b8fbf3babf123cd78ab91bd1788d129e8df87f,REPO-12,GH-5634,2026-06-17 19:58:26,main,470,151
64f56d71efd5b6e45d6e87961039f81b394533ac,REPO-19,GH-8451,2026-09-21 13:53:39,heart,315,3
e7d0d50d1ffc217d0cb72d695a09359df5cc8196,REPO-17,GH-6194,2026-03-29 23:55:38,area,215,140
bffb2c30f108fa8cef3bb259af0f3b517b236498,REPO-17,GH-8239,2025-11-11 12:50:13,rate,372,145
e0348c8528f49d4d11eb773d0c8f9cf77686e026,REPO-0,GH-4743,2026-02-05 10:00:06,church,222,142
122c72735a1ab3796f14fd8038ab968bec0a521c,REPO-15,GH-9938,2026-05-28 10:53:34,election,187,7
e95e9e3741d5058d3d2d015c418882074aff06bc,REPO-18,GH-7267,2025-10-10 03:55:17,industry,233,19
560496adf9d06f78111138a4020a0d1756ff713d,REPO-4,GH-6977,2026-04-04 17:24:31,main,68,110
9655d025ceafc30bc04e7bd42c57bb17c445fed6,REPO-17,GH-9721,2026-05-16 11:39:25,main,195,3
b38eb018ebaf0ba955413d970dc040e64b4d125f,REPO-2,GH-7163,2026-06-07 11:35:38,main,390,146
367a54411474a51fc51af67cd927f0c96e4d64a6,REPO-4,GH-7537,2026-07-25 06:31:46,stuff,185,85
16c4ca1acdedf00e28db0477b4a6128858bf37e1,REPO-2,GH-3449,2026-06-14 10:47:48,star,250,75
61e71435f59720ad903d623879bb0504bab6710d,REPO-5,GH-7653,2026-03-26 00:50:17,rate,278,172
959709bcf089b6a0a37930339822983d1ef7d04d,REPO-19,GH-2353,2026-02-22 08:31:26,read,482,35
2dac760e3f8609e2015ca63cccf14fe77ce84d1b,REPO-5,GH-4728,2026-03-18 19:53:18,call,483,122
9421566febb8f7bd5bd91bfb074f2b6f38640bb1,REPO-18,GH-9479,2025-11-11 06:08:01,middle,416,181
3e11e3ef97a5a4234cf77b9c25f25021cb46cfdc,REPO-4,GH-1958,2026-06-03 01:27:12,main,178,174
ac42091067611caf1289e7f04974d79a120dd9f0,REPO-15,GH-2795,2026-04-12 22:17:08,main,164,111
6ea0f0bc93fb2cd4d9993a1797c723c76dc0530a,REPO-11,GH-4362,2026-05-12 20:55:41,main,364,147
9d4b07b2cfc0abd52d75cef187ab1753c1532f15,REPO-1,GH-6038,2026-05-07 08:23:20,rule,113,180
9b2f63421acd3411ea9aae64037a0d2dbe483fe8,REPO-6,GH-6218,2026-07-13 10:20:14,personal,434,120
ad94b4d6aa635b4f0ea4b2e929fafe80bbb6d790,REPO-8,GH-1434,2025-12-06 07:01:40,quite,249,133
574269f94ddcc6dc0d3263212f78935de1a588de,REPO-14,GH-9751,2026-06-26 21:04:07,owner,215,18
cc3af79baae5ed80513be885dc76dafd1dcc84ec,REPO-17,GH-3007,2025-11-14 14:22:24,attack,4,123
f83452abc04cb425c29502f06555af4c30f70a7d,REPO-11,GH-4531,2026-07-01 03:53:11,stuff,386,15
3dcaa7e226cef88b7e1e6f042970072695d59853,REPO-18,GH-6927,2026-04-23 17:03:05,main,313,45
cc62259aa69862f19a6cb2152a7254ca0117ecde,REPO-5,GH-3950,2026-08-08 15:33:48,indeed,451,11
acb3331dd73d53441a8bccd0db790d750dbdc37a,REPO-18,GH-5114,2026-04-30 21:56:29,step,17,118
c6757cdb993c4f3dd9fd7eae8f4f588af222873c,REPO-13,GH-9095,2026-08-08 09:18:11,attack,8,1
a3d3f59ef402265b0f96a868d80cd88f0bea30e9,REPO-16,GH-6802,2026-04-16 11:35:39,nothing,288,182
fed6a9b5b6c36a5fc2ea720864b1e284e8ae64a3,REPO-9,GH-6421,2026-07-01 03:42:33,main,73,145
f0756ac9fd08e94b760eb7b9fbf5cb9ed5e49b17,REPO-13,GH-6039,2026-06-07 01:22:32,some,132,71
75100805f331776961bec94465903969ef2c5705,REPO-19,GH-6228,2025-12-16 12:47:15,water,474,36
4c685e0e615cbbbd4aa031c670be2f167e9b1d5d,REPO-2,GH-8517,2025-11-11 12:38:36,place,24,39
ecfab626819382f9553dcaa4e3d1a7e729f9ea01,REPO-17,GH-2623,2026-06-23 22:58:01,one,114,175
3cb534e67bf3ae9d026be046f728931499d4bcc0,REPO-14,GH-SHARED-52,2026-03-19 15:35:52,can,498,200
cc96ec7a482c6b6330f377379008783d9f68e000,REPO-7,GH-5632,2025-10-12 03:55:33,main,78,107
044c41f9cca59eb0077566f19fa532097f9b2f5a,REPO-14,GH-5649,2025-12-16 01:17:14,begin,113,183
8d034bea39750bdc83d2ac701e1eb67840a21d56,REPO-9,GH-4228,2026-05-03 09:55:47,some,117,97
aaffab48085d4ca4caddeee425703f8526197e2c,REPO-4,GH-6119,2025-10-10 13:21:29,capital,172,13
52b559d1c7b82353c9668eec9741cd70f78c3796,REPO-14,GH-5425,2026-04-11 12:43:46,off,202,92
cd712d99348e9578de6745a5c663bdb467ece593,REPO-10,GH-1339,2025-12-02 14:32:34,you,492,101
d2976133d8139cb9207db8e4c95bb16673dbc609,REPO-18,GH-5844,2026-06-09 13:34:30,first,5,152
0fafe0b0f4601278f9a24d23e0ababf1a03d4b61,REPO-10,GH-9488,2025-10-14 21:23:09,natural,22,126
02e8baf8b4a61ef80ad943bea19b49240f64ea96,REPO-19,GH-8454,2026-09-13 06:45:00,main,52,21
ae66f56092831b01fe424b228c2ff3805d436a6e,REPO-0,GH-8007,2026-06-09 22:52:45,challenge,152,180
f03b2dc2278ed17fda91c619ab03ec86e0a4a340,REPO-5,GH-1452,2026-05-09 01:46:52,form,208,183
9a195525cdd6edebb85a8c0a912b11c36e595903,REPO-2,GH-2402,2026-04-17 22:41:16,he,1,21
c03c52e0459e93bdc3fc8a8e2c7a04ec42d1b21c,REPO-18,GH-8141,2026-05-20 09:01:08,main,31,2
0c2d6ddf4cad3d8316c204c00c3afe1d2ef83874,REPO-13,GH-2208,2025-12-17 10:55:52,main,471,12
1935fd38c1b10c3657f00bfdfb5f303b474edd77,REPO-3,GH-5632,2026-06-11 07:07:23,economic,369,46
f7d708170623999e501ed6bc969d3e04b725f081,REPO-18,GH-2876,2025-10-11 05:28:13,firm,456,158
bfbf41a2dc9a0842ff0eb543c8c4d0f7698a336e,REPO-14,GH-8385,2026-08-25 10:22:38,center,428,126
80191539a5dff619741e0d27b0e677a89c3c1544,REPO-14,GH-1783,2026-05-18 19:28:39,perhaps,67,118
98d009b622cdc747baa63b1cba46088ca545015e,REPO-11,GH-4178,2026-02-13 09:48:54,shoulder,119,170
f89edd6b75883b6ec070706e91b7ca2b3f194826,REPO-9,GH-2530,2026-05-26 15:27:37,oil,105,176
394212227f94e11015ab04fd13a6b7e967370f62,REPO-1,GH-5706,2026-01-03 23:33:12,rate,24,129
e4ac6d54784b95fef9b859fa0ba893c8aaf59de0,REPO-19,GH-2235,2026-09-12 21:48:22,main,335,86
4c16602484d6795555d4564dbbaee75c043a49d6,REPO-7,GH-1845,2026-03-23 01:56:41,environmental,175,37
7a24ab064078e9491d187236c009edc73d069c06,REPO-12,GH-9835,2026-06-16 16:45:41,run,209,124
0f116e8cee7ce2527399f1cd4fd7868c55efa1b1,REPO-18,GH-2293,2025-11-21 14:12:56,main,466,140
bfa268e79f903595408b07a2ae0e26ecdeb0739d,REPO-17,GH-3369,2025-10-24 08:44:02,exist,245,67
784ca26b8c747633e38d2407f5511279a1a53783,REPO-7,GH-9071,2026-05-30 20:11:23,data,356,174
782a8b95eb4280590e4706a771c97dc9ea01af5a,REPO-6,GH-1461,2026-07-01 10:11:42,really,435,73
e2ab85484878110089786c899ef1af3ee88d5c14,REPO-11,GH-9899,2026-06-05 12:44:58,point,2,100
2c59e372f99815edb6c1fcf0c94c269036395bd7,REPO-12,GH-7708,2025-11-29 16:04:39,main,81,85
bd31045d40204c02230a31391442df059e993908,REPO-6,GH-4644,2025-11-25 13:43:44,store,425,2
4950b85ad196024a5503fd15819df29267b12f2f,REPO-6,GH-7684,2026-03-14 08:46:59,PM,67,100
a41086567a264627d631a93deb57f2c5bd4dae52,REPO-3,GH-5210,2026-01-01 01:55:51,capital,95,149
a59d6033ada22f09c896e25e49b1438e0ba6a920,REPO-5,GH-2337,2026-04-21 08:44:46,main,360,199
27652d578e21121fe57c03b36d6926a24d51eb19,REPO-7,GH-5853,2026-04-27 22:15:10,girl,49,17
ab590dc40b02b22784c4a0f6cc4498e8648d9cf4,REPO-1,GH-9725,2026-06-02 13:58:19,where,459,107
b16f8bd49454fa3e6ea9db4594a84b448614a96e,REPO-17,GH-2391,2026-02-03 11:41:32,main,262,64
5424b82c43d5233326a98c93916cb85cd50d7a55,REPO-4,GH-7504,2025-11-22 18:58:34,main,46,98
9b8b3f91324f4a6db1014fc6b1b2a1540f4d8ab0,REPO-7,GH-3007,2025-12-23 15:22:19,billion,475,1
6be777b17cc072fc59fc0b639f3cf7f30a172e9a,REPO-10,GH-3165,2026-02-20 10:26:01,doctor,449,144
45a4142827a48669ed4926a7d4b7e74c01718914,REPO-18,GH-5496,2026-02-21 00:11:40,stay,86,101
360e2fcb61a908c3011a48693a411d38db0fb9d2,REPO-7,GH-2480,2026-09-21 10:38:12,new,452,45
4a65ff85636a24ec91346315714b75bcf3aa1000,REPO-5,GH-4608,2026-07-06 19:35:19,per,238,6
bdc63f0ea3597aee8dc3a04904d0e5a7f49d7113,REPO-11,GH-8225,2026-08-11 22:33:33,beyond,366,192
19e92df605f41d80e1aa89922914acde0e97b143,REPO-5,GH-7570,2026-04-20 09:21:03,owner,312,185
4f826443b978ab2c7a15e5ebfd5307cf841fb846,REPO-16,GH-9196,2026-08-29 01:10:57,main,371,1
bc12c4db1c353ab92896fd813fb9f4a0409f9f20,REPO-3,GH-3858,2026-01-10 05:29:28,watch,275,95
5c19771d791c666bf525e67be402ad9aadcfb444,REPO-17,GH-5562,2025-10-15 14:08:07,your,451,80
5bf350894a5576e2bcc58fc8c377ded6fc52b05a,REPO-3,GH-2924,2026-07-15 23:02:55,hair,23,181
fc0a80620182d16c912ef78bafdff569f875ecfe,REPO-10,GH-5471,2026-08-06 00:20:31,story,392,179
7337ccc81eb0d0351d0ae0939f8a6c02a0fcc229,REPO-18,GH-4846,2026-04-21 10:43:19,main,412,130
ec92380906d170647103689266a0e28e674fc432,REPO-9,GH-8247,2026-09-04 12:07:05,me,50,131
3a15253d01ee9064d89dbed90939bbcc8b1b39ed,REPO-15,GH-4728,2026-05-14 23:48:56,act,91,141
252f92e9cc31e5e73910d5cfd461e9d4e245a8cf,REPO-9,GH-6400,2026-06-20 15:12:17,clearly,475,58
1a2d318d61442e0bea750f2d44e489600ae18933,REPO-4,GH-3646,2026-06-09 08:00:57,human,143,71
a382604855bfcad6bd60d65e674019d65ff5c943,REPO-8,GH-8361,2026-05-05 09:08:06,argue,68,191
325eec27da4251c9845649cc28f63bd732ea84e7,REPO-6,GH-9444,2026-09-18 15:34:54,hospital,65,188
7a9114ec1fcfbecf6d81d4dffa7a6e4dda828132,REPO-1,GH-5425,2026-06-28 17:29:08,main,357,38
3cc8915c8837f5b926054bf0091c623a0bb9d045,REPO-4,GH-3200,2026-06-17 08:30:33,seat,255,91
62946d1751ff76999ee295f0c93f3791618472ed,REPO-6,GH-2489,2026-03-23 17:57:56,main,389,33
ef342c5ab4605b03ef2768879e0b9c0a28b5b6a6,REPO-12,GH-4680,2026-02-11 10:37:03,morning,423,14
0f0cecc873cfd22d8c50e41b4bd5bcd6ed592a01,REPO-19,GH-7232,2026-01-16 08:26:17,main,226,116
3975e8bc873f61e572abc95619782da93aab4541,REPO-12,GH-7484,2026-03-12 02:08:41,serious,276,57
0075f8781e617b757561201709712736adde030d,REPO-2,GH-9312,2026-09-04 06:12:50,drop,83,153
d21cb89a974ca16da2e3a3db021f3b76acabda46,REPO-2,GH-8451,2026-01-23 11:38:17,begin,443,155
69cce7cc615d61d775fb149e126941cf9b2ea84f,REPO-5,GH-4986,2026-01-23 16:03:25,form,272,55
b988461f1cd47c31dbd6e29d94867236617f0dd1,REPO-0,GH-7149,2026-08-21 05:20:43,base,495,189
3904eb919455e3c619bde097c453d6396a15121e,REPO-5,GH-7658,2025-10-26 17:55:04,you,411,51
1920ab9b176515f56f0e9ac10679a462207e8afb,REPO-11,GH-6439,2025-11-02 07:48:49,art,189,106
311e340e4e356ffdf1c2d5b08da582d3bb78aab5,REPO-12,GH-4878,2025-10-29 19:28:32,once,263,100
4179bcc6496adb9626d072ae50b35f4017be94e9,REPO-1,GH-9779,2026-04-06 08:47:06,action,399,195
62d74ecd6905c146359aab7bcb59cf0415a854fb,REPO-13,GH-7798,2026-03-10 14:53:56,main,351,78
5a110f85d0a6dcc58a518390d52a417c6d888172,REPO-11,GH-1106,2026-07-07 18:36:37,modern,310,96
ef4008eba58dc4edd8d07a24b7d99fbf386206d6,REPO-6,GH-2697,2026-04-14 23:20:24,main,198,34
632be43dd0b2b7a7e5204f040d2e2a2bcc83e61f,REPO-3,GH-1887,2026-06-16 19:04:39,save,76,65
42f6681da9ddab9f4e8bebd61a41597867da5782,REPO-13,GH-3254,2025-11-14 09:17:42,practice,425,189
c9ecbbbe8295a22f9e4580843732a59fbacabd0c,REPO-17,GH-8840,2025-12-09 19:43:43,skill,345,38
17a4adaa41d431790abbb7b24cb60f8a9ba89bc6,REPO-16,GH-6140,2025-09-29 19:02:07,scientist,454,10
0d24fd6e540370cd27dc702b755bd206a9a2b235,REPO-19,GH-1251,2026-04-22 11:21:12,election,123,185
68a054b2383951482fb448459e3289a62142a95b,REPO-2,GH-4637,2026-07-10 22:54:26,wife,350,97
ee2bcd03131c9a0f687c39dcf9197673d1a3d1e5,REPO-6,GH-7947,2026-08-12 17:23:17,you,123,34
c6fc207102e25582f36f1444baa958ec9cb357f2,REPO-7,GH-3503,2026-04-20 01:26:25,and,487,51
48463389d9a02ba28309b038afaa846940a29676,REPO-2,GH-7029,2026-05-20 20:13:01,main,435,171
d10876b93759001f9ddf8463ebce09c88582b0c6,REPO-12,GH-2106,2025-12-01 09:55:13,us,138,127
e6d7fe869c91a065fcad9374def2e6aa166d7821,REPO-14,GH-7730,2026-07-20 13:22:57,down,459,184
09e48ffed43f73703b9a1d1f5621fc1463adbcf2,REPO-6,GH-2713,2025-12-03 20:28:18,main,224,94
19f82487c74df7767ad87c54fda6ec57ce714b6c,REPO-2,GH-3344,2026-08-18 22:56:37,head,144,32
a73cfc2c5e06c8a06610a7edc13a6f8e52572886,REPO-10,GH-9098,2025-10-16 17:34:07,hundred,275,178
179ae752fe5a6c6a95b38c652819b6ee0f00eb31,REPO-10,GH-7211,2025-12-02 04:06:39,budget,306,36
ecfdf7d9835ce61d3f1a1fa67c8bea37f8a08019,REPO-11,GH-8532,2026-02-05 05:05:15,enjoy,155,114
bac74f07757aa57d7148d8094f8b18bd32c293bb,REPO-7,GH-7224,2026-08-15 23:20:14,space,142,34
2243768a36779d52f59e5139cf53a8b27acd1686,REPO-18,GH-7484,2026-08-26 02:25:05,firm,198,31
ebdf832fa78552bfcae5846b57d7cdc5dd3f8091,REPO-7,GH-9437,2026-04-02 14:08:01,main,482,106
5f9dedc61e0563934c84cce8e34505d9eb00cd25,REPO-14,GH-1897,2025-12-18 17:00:13,program,337,197
4731c554632f2554250bf2dc1c4e949652c41d5e,REPO-3,GH-7825,2026-05-05 21:04:35,main,16,136
991570a316c438f971fc9e52fc0dc1c5e9069ab4,REPO-2,GH-1018,2026-09-20 10:35:39,worker,229,23
b3d8cd1fb1a09ceb1575f4b817c3f07234ded87c,REPO-11,GH-8378,2026-06-03 16:02:02,main,144,189
646669d53ad08fc8f47ba560a54b7e980f24d9dc,REPO-8,GH-2983,2026-09-08 22:20:35,main,334,173
318860888770335c9cf3ad31bf6f3f3c9beb75a0,REPO-3,GH-4394,2026-03-25 19:05:20,thus,495,41
dae0057f143b01f0bef416c25de004efbe4459b7,REPO-10,GH-3587,2026-04-04 14:03:30,according,76,56
ab4b3b73b59cca851822919a494867b65052d459,REPO-12,GH-2402,2026-05-24 00:14:34,fire,97,49
5d0f754c5aadcbd2d320f6ebf802fee2756c6d19,REPO-3,GH-8616,2026-02-11 09:36:17,main,331,11
24a4258dae9b3483a70cec572abef48d1c7eb68d,REPO-11,GH-7232,2026-02-09 18:43:39,cultural,338,11
91d205ab6d22769a5ff6f9cc76b0be53c3456ae2,REPO-4,GH-3531,2026-03-02 02:37:53,main,92,186
6b27c5d1966b74d57e8fe2bb8765f7d881373739,REPO-9,GH-3851,2025-11-05 07:37:18,decade,340,49
5babcdb911488bedb6c5c37ad36d81246ecfffce,REPO-0,GH-9307,2025-10-29 20:57:16,way,496,146
c23a70df1941fbd4c44ea9a258a78858a25e1c5f,REPO-16,GH-4944,2025-11-25 15:46:21,white,45,126
acea21fdc4d1dcbdacab60515e2eb6955147b7d6,REPO-19,GH-8679,2026-04-04 06:05:45,specific,79,132
4c30b5e00bc820e323d80808b456e602ade8de15,REPO-5,GH-8532,2026-06-08 23:21:09,many,439,124
7b59c49753b5836a5e1e3d4ffb7ce3cd1933b6cf,REPO-19,GH-1339,2026-02-27 12:05:47,main,441,168
50a98c9bf4094ac04643ccba720a54307df92a83,REPO-14,GH-6421,2026-02-15 12:25:53,court,98,133
bd2ffe44fd05c1319fa0080356d2c47e22a59817,REPO-15,GH-2698,2026-04-23 06:57:03,boy,458,200
a627aa4e1020eae1e5c565f3672480a1ac1e583d,REPO-13,GH-8651,2026-03-16 06:52:23,leg,498,8
1b38324b0297b0618a6008ff9877982699fe89e6,REPO-2,GH-9797,2025-11-28 19:29:25,small,236,11
bfc58f6773a84bbeb695e7d1ae3c75268cc441c2,REPO-3,GH-3114,2026-03-14 11:53:13,use,82,51
0c2dddc61243cf86c0fa2e122e48d5a2aae49ad0,REPO-3,GH-5333,2026-08-31 00:51:52,bring,80,101
27ed8a1ed4232c5fcb8717a43abb0fbba5847b7b,REPO-17,GH-6238,2025-12-09 13:58:42,main,286,173
d3043283461d4a9a80883e0e492914dfc65a50fc,REPO-13,GH-7553,2025-11-17 21:04:34,six,274,66
f496ed1136d130ce62a1759ba4db4b9ffcac8eb0,REPO-8,GH-2753,2026-02-02 14:13:08,college,497,55
4492f1e7bf9357c543822d85d22c84df05634179,REPO-19,GH-7658,2026-06-12 16:33:51,measure,79,88
75df67ecdcab5bf49db2477679a0ac527a72730a,REPO-5,GH-2146,2026-06-12 07:35:54,by,182,103
ea7ca2757d5179e5d7bd96f392127f668039eaa8,REPO-5,GH-6990,2026-03-09 11:58:41,main,173,54
7f9329142607d3a44b34652142d68220f8de6769,REPO-1,GH-3236,2026-04-07 10:06:36,send,460,162
2af0a0038f5761b86a832f6a3c3dc69b6fdfea25,REPO-3,GH-7132,2025-11-15 10:51:22,south,204,175
1b6a0a9ca2c1d82c633022842aefcc7a4345458e,REPO-10,GH-7381,2026-07-27 00:21:28,main,487,78
5912719bbd1c627976aaa7824272f9d02a867b95,REPO-2,GH-2269,2026-04-09 20:44:46,site,90,102
f92eff2fc5b529b12bc92c8462c171236877a5b1,REPO-7,GH-3878,2026-08-20 09:00:04,main,243,168
dcfcb75b782328604d14d7111901d7ea81d8f531,REPO-2,GH-9042,2025-11-16 23:59:12,box,405,121
084b35134a5e86cd2112d3645c0afe761ae2c7b0,REPO-10,GH-1659,2026-07-31 19:42:20,clearly,410,44
aa3c6689d7c6990b52095877a7e20bd9520749c9,REPO-8,GH-4295,2026-02-07 14:31:16,speak,393,172
3562fb57f98bbc1c10736eefcbea1ef9e7d95986,REPO-13,GH-9031,2026-06-19 18:30:24,resource,478,171
90cd29b54d35894fac4e87bfcd8ea6d18e44e65d,REPO-12,GH-2234,2026-08-15 05:42:54,main,303,82
69a5cdfcaada1d0fedaa61e5e7b87905a3848474,REPO-15,GH-9056,2026-05-16 20:20:16,main,31,122
9d35b630c6d8ecbd44df96cb3b84a6e2b77a3d45,REPO-5,GH-8740,2026-03-14 15:19:13,father,319,166
05bc74308cdfca8da673ab5d23da1231aa444020,REPO-4,GH-1530,2026-04-03 16:16:26,laugh,77,78
40aa2b6024da9913314bcb129fee55e762790f9f,REPO-6,GH-9725,2026-01-01 04:15:26,shoulder,367,110
5a39f73c8956582b12e682adc328c54bd5d8f0d8,REPO-14,GH-6439,2026-04-13 12:11:09,fast,489,133
e66b9362040a7d7e1a78525cd13ec19c3b449066,REPO-2,GH-5564,2026-07-21 17:30:16,everyone,458,123
db366c88c1593d614aae962bd7b2cda846297552,REPO-19,GH-2292,2026-06-26 04:27:59,tend,225,166
e6eacd3105d0419f1db6110f619c74e782d2a312,REPO-0,GH-8894,2026-03-12 15:08:11,main,357,147
555fc3fdfa8b989c31fd52f987e6ed2c85f14975,REPO-13,GH-1339,2026-06-28 07:46:41,board,327,53
adfb7cb6c2c91e3cec191271cc8d52c2cf5be558,REPO-6,GH-9565,2026-06-26 06:13:47,popular,323,197
2adeb1e680aab6d2197df59b827fc74ccd3202f7,REPO-9,GH-1006,2025-12-06 07:52:55,top,263,172
59e75ec9094e08dda4c9cacf3cb911b51a43015f,REPO-3,GH-7049,2026-05-14 13:25:59,church,62,150
4f21b08fe1a5c8c2a1d02beae2512d31f542a370,REPO-0,GH-3526,2025-12-25 01:06:03,institution,414,96
178fc132c8dd962211c2cea2c7bebbb5a2dbba1c,REPO-9,GH-2864,2025-10-11 20:41:10,dark,410,72
567e1eae1a849d86bbea8d963e742f3e403a7436,REPO-1,GH-5012,2025-11-22 17:51:11,practice,496,143
141cb94868655ed0cc9491ef20ac382b9743067a,REPO-9,GH-3939,2025-12-13 11:53:51,approach,391,111
959d904f6ca54982cc3d30c36ce178d3bb1976d6,REPO-9,GH-9196,2026-02-21 16:13:44,follow,231,79
c6fe1525f3a93459f3f9f6064c07c7b36a4dc962,REPO-11,GH-5000,2026-06-25 21:02:19,during,18,65
a304f4ad09e4870c849377399b92d5500bbbbce0,REPO-10,GH-4268,2025-12-22 02:10:49,measure,102,9
baba0cffff89f4b8d5e77e5dc5fc98076ea93fbd,REPO-5,GH-3306,2025-10-20 18:54:22,quickly,57,162
942648f0788fc5099cf3da1e7b611ed0540a5ee7,REPO-7,GH-2213,2025-10-17 00:32:57,exist,356,94
ef26c9d85a2dc7ad21f4a251bc062cc2b7e5d0fd,REPO-5,GH-8430,2026-02-15 03:51:38,have,212,172
9cf72eaeac2727039cd4e590dead30dd4992347e,REPO-9,GH-9947,2026-06-30 07:32:37,main,437,80
14afc8bca6316fccf8827637604dfed86da51cfd,REPO-9,GH-9742,2026-01-29 04:13:06,court,127,76
b4f385e93820d6eaccc0e6188c603ff3a36c0bf2,REPO-9,GH-4060,2025-10-12 20:11:58,recent,38,78
162a4503daa9a946fe0774500acb177823d99711,REPO-19,GH-8564,2026-07-13 04:42:08,main,484,66
85bfb99bf8a3f7d5e4788a543c6b3043cdb5a2e1,REPO-14,GH-7209,2026-01-15 18:25:55,when,452,69
4470cd34dcb233837d11cc9329bc3ca5ba26bf6d,REPO-17,GH-6663,2026-05-20 12:16:42,crime,25,151
92b8be2915e2a471277a0a16b844ceb1c22dea0e,REPO-13,GH-5905,2026-01-02 22:20:50,himself,245,185
859df7a18404b40dfd349e25aa8a63e91361a4fe,REPO-16,GH-4986,2026-02-03 18:49:14,main,139,25
4dd80d21fb3a73d159381166d736ceee32833778,REPO-3,GH-1106,2025-11-03 14:08:22,main,390,146
e6d2c2531fee5a22a543d500f7d471f76126d693,REPO-1,GH-2698,2026-06-19 04:44:52,training,441,122
d1fa0e90d53b64e53145d2771c2fd3907950f5eb,REPO-13,GH-1888,2025-11-16 13:38:40,site,410,149
711c71bd6592cf1881a531b5150a826907bc0900,REPO-4,GH-9830,2026-08-07 13:09:39,start,22,77
c9c7ae9156ca780674329291271668c076b109b9,REPO-13,GH-6325,2026-05-13 16:08:03,hot,476,16
3e9edd5334a5c67b76e83e05ccd0a4dd17396b90,REPO-19,GH-2320,2025-12-28 11:45:24,develop,422,7
d730184d89211abc6501eb3a602eefb4a77c3d39,REPO-11,GH-1821,2026-05-11 21:24:34,very,59,52
b261f38270ff89518f1abfed11b56936714fcca1,REPO-6,GH-4404,2025-11-07 06:29:01,situation,322,173
b54d965058b81f54f7fe88a12c5d184cc9e2d461,REPO-2,GH-2771,2026-05-18 16:35:42,peace,283,76
7d52004afcdbf9d80985d0934f517584da24a359,REPO-10,GH-6654,2026-09-16 05:11:22,television,44,18
b94cae5b2305246df90319ddd2451be7d7a7e974,REPO-17,GH-6751,2025-12-09 22:03:18,like,454,52
28bd8309b6fbdada0ee86bf9561a9d190e3df6b3,REPO-5,GH-8244,2026-09-21 09:22:35,main,81,171
8ad615ff22a1672d08f79b17f80e9f071bce7eb2,REPO-14,GH-7658,2026-04-27 05:34:15,fish,209,53
794213eee8c87505ac2772b85a62e9ce69d3ca32,REPO-18,GH-8994,2026-07-05 15:50:36,sort,355,172
476656c8871b8d1cf33f03348c2491676e58bd1d,REPO-10,GH-9151,2025-12-14 09:51:12,class,73,145
45ba23b6a00c52ab1f65afad7056a4a872871f29,REPO-15,GH-7951,2025-10-13 23:26:03,main,33,119
0a512583477a211b26f50b8e7b4806859ffd463f,REPO-1,GH-4155,2026-03-08 09:06:31,entire,164,14
3e74dbd5af6cc69707062867cc146d866a174ed6,REPO-17,GH-6228,2026-09-08 05:16:30,tonight,188,12
e77c5eb60d13bf2102e1d62cf003cc9660991de6,REPO-17,GH-2381,2026-08-21 13:11:50,main,217,100
4120abe629cbaf53b57ebfea030ae88f2deb5a7b,REPO-14,GH-4292,2026-02-08 20:31:27,list,447,192
72d64d5d0c2ec27a95de969bcd392850b90841d4,REPO-4,GH-7171,2026-05-29 13:50:57,whether,5,34
8e34c07b0dac0c0874c233471ca5e2c0b840ba8d,REPO-10,GH-4826,2026-03-15 08:04:19,kind,56,55
55f6ab9678cfa199a5895c77100acfc8de3e88e8,REPO-0,GH-1320,2026-04-18 08:54:28,most,102,64
092953b503986d26e61980fff307f4bbfcd9dd25,REPO-14,GH-3103,2026-07-31 02:40:09,place,63,171
da57570a3c220ea765ac6f7876cc14397e53ff19,REPO-13,GH-8007,2026-01-11 10:20:08,carry,313,156
f7ef2a4c7e5b659d2a90f1d719b7406844ced046,REPO-10,GH-9837,2026-01-17 10:52:41,main,30,44
289aa3340a15586e0404ea4ae76ed1f2cb79249a,REPO-11,GH-6198,2026-05-04 20:12:59,rule,483,44
10bf86a3d61ba736f35693b4ec1e9fc3297b2761,REPO-8,GH-6372,2025-12-09 19:47:35,main,406,33
d078b4498b5f212ae12691c298368513cd7f8d77,REPO-17,GH-4986,2026-02-28 07:59:46,no,485,148
2413443ce2508245821ba3e0bac5b3160223ad96,REPO-5,GH-2337,2026-08-30 22:27:23,bad,150,13
14fd68eb88248ed737216e8b64221c0f2a2799c6,REPO-8,GH-4862,2025-11-30 05:49:36,main,237,186
0d952128a45f614f60f1962c87a28d4ed858a725,REPO-15,GH-2213,2026-04-12 17:54:13,main,212,27
ac241099aad7c9154b799edd7c012f015224efa9,REPO-17,GH-6421,2026-07-26 15:21:37,policy,472,112
ffa9be34efe35112c10212ccad25396aac15d19e,REPO-15,GH-8967,2026-01-10 09:35:40,about,259,16
2602e553f63af8c8bcf4b62c87d4c690daa829b3,REPO-10,GH-1920,2025-11-28 02:25:18,person,490,149
cbc071a8a35a3ff5d238bdf813138fe266a7b4ca,REPO-9,GH-2353,2026-06-24 13:00:09,without,260,185
4a5e90b431d82f6f7efe4605ce3ecbd0b6a0f078,REPO-14,GH-6802,2026-07-31 00:26:53,most,40,47
e8a80f66d08c1f958909d2a4721af5d15be52eb5,REPO-2,GH-6804,2026-06-28 19:49:51,main,62,135
f7f7b8b61597318571d843de2ff30eb8c0166870,REPO-16,GH-2489,2026-01-05 11:35:55,discussion,178,176
b1191c9b0bd8180e5ba7abe21d55ff6e3b9369b1,REPO-15,GH-2402,2026-01-20 01:23:42,old,409,161
f51fc806eb1734b14cf0fd04a1eabe34b6bc9e9f,REPO-19,GH-5655,2025-11-12 05:12:33,answer,182,45
6d42ccaf613977c9adff99ce1083a878fec4b4c1,REPO-4,GH-3001,2026-04-22 04:16:44,main,384,65
e17175178ba78f4f1f508fc9ba012601ce6ad3f1,REPO-17,GH-3153,2025-10-12 03:26:12,year,11,92
06b7ed4222c93af8015921726466d50de68e8c14,REPO-12,GH-5772,2026-09-05 02:51:26,cell,416,66
0005b74c678a3dbc8ec9e6b5b33248e0e8ae0c54,REPO-6,GH-4997,2026-01-09 23:43:14,main,151,77
432dec353c3282b54168e0f769da520028ae69c0,REPO-0,GH-8933,2025-10-16 23:17:10,energy,266,127
f8c3e1070dacdcc82cb83ce413a3f606009fdfbd,REPO-0,GH-2475,2026-08-12 17:49:30,business,441,95
02a15ed1db6cff8db9606c0340090daa1a893fba,REPO-2,GH-8199,2025-09-27 12:08:01,project,161,48
d7fb0f4ae2094faeb356eccf0f9835231c153fbd,REPO-5,GH-6654,2026-05-19 23:34:51,garden,337,53
d4304a0db5dfb7d8e047cf1cd1bf8bfba3209d86,REPO-19,GH-5678,2025-10-29 06:59:44,usually,120,68
aef7b954f8e0b3a2b04356a36c7af6c6fa40494d,REPO-15,GH-4626,2026-04-28 06:42:00,cell,88,40
ff6925570439ebda16d55ae2cb245572d99da319,REPO-12,GH-8172,2026-03-04 13:07:00,financial,73,154
39706aefb06dc6491a70d7825237f301076f1bda,REPO-11,GH-9196,2026-01-31 00:54:14,process,81,38
f1164b67e302f68b10f6e384202df3658e7bc823,REPO-18,GH-1841,2026-08-09 20:01:51,heart,341,179
1319f5afe8522f34c8bd032b605cb841c56af09f,REPO-4,GH-5616,2025-12-21 02:55:09,far,424,159
d69d2cbf101debafaf020cc713ca8b1666e83bab,REPO-12,GH-5061,2025-12-04 14:22:37,admit,133,159
34c57c83b1958b4c23bf28e8365402b95a0ba24d,REPO-6,GH-2746,2026-04-23 15:54:39,trip,115,167
ee77eb340519de9f7a54fa9bd1a88f0c795099ed,REPO-7,GH-1783,2026-07-26 04:18:15,main,33,164
9d9876a97a8afc0ce9742f771c2f644abaa6fd31,REPO-4,GH-2235,2026-05-11 11:28:25,main,89,200
bbb66d31d5ced182fc3145dd1a175c2344c030a6,REPO-9,GH-6931,2026-07-13 14:09:48,young,453,28
6578e8b9ffa886d338c77dbbbb5381ab1ce51282,REPO-17,GH-3417,2026-06-07 21:10:24,main,153,2
4efdd17762bf2c42e86e96c29b4d6b3dd47b2f3d,REPO-18,GH-9320,2026-05-28 03:58:06,ok,135,142
a261b8a10937e147f1810889e74e82fc820b34f5,REPO-0,GH-2796,2025-12-16 00:37:35,discussion,91,145
d6c06c819cd83a6fc5f99ae58f7edc31255bb954,REPO-7,GH-5911,2026-01-30 21:26:08,party,168,198
ea67a4c58f3c99302f29e38a7022ad83f6991b44,REPO-12,GH-3580,2026-05-29 13:15:10,soldier,382,30
fb2cac45f2140e95d7d10ac6e56c1665d287cb88,REPO-3,GH-3827,2026-02-27 13:04:17,each,477,111
82df2dd5be52ee89eb0a12c89f683ed2f4a5a006,REPO-9,GH-2106,2026-07-07 09:25:30,home,146,41
ffc07573f6428942324b0b6899d8102b94788fe6,REPO-15,GH-6931,2025-11-23 13:39:36,main,291,197
1cf43062953f281e1968507791e9888711c45f2f,REPO-13,GH-6724,2025-11-02 08:20:57,machine,314,71
e716c5ad6eed2270ebb34a8ed535a4f6033bd969,REPO-6,GH-2113,2025-12-07 19:40:17,control,11,14
0a73f1fa78a44c019a573cf3e218796c77de79f6,REPO-13,GH-5906,2025-12-09 07:23:14,yes,378,176
0b1e360410bcdc6dea76dc0516a212c0a64f264b,REPO-6,GH-5757,2026-07-07 06:19:53,father,173,49
b80eaac6299a01baedb7dd3047a5ae8647c96ee1,REPO-1,GH-8253,2025-10-05 03:15:37,main,139,62
cdaa2f938bd08adbf71c7c98c8005a322bdfc9d3,REPO-11,GH-7163,2026-09-05 18:14:30,indeed,474,106
1b7d8881805492cf8a6eb704caeca686009265ff,REPO-19,GH-2832,2026-06-20 21:48:30,available,204,136
b6befc63db0db3acc2e91d0d1e13943ad5f2857a,REPO-7,GH-4396,2025-11-21 16:48:38,else,433,142
8e43fabeb8145cf1c7a58a356ab26a308b2a5dcb,REPO-12,GH-5720,2026-03-22 16:13:04,interesting,492,52
1f831f79ce28816159833cc09afea0b15903c68c,REPO-15,GH-1251,2025-11-04 21:19:55,main,43,129
b17484cea0f9de307b1747a40ea31fb5dfd31ee4,REPO-3,GH-3868,2025-11-19 06:43:58,system,278,192
70a186b48de327272f6e97f96bdfe025ec3c8f32,REPO-7,GH-8622,2025-10-01 12:57:44,huge,495,198
91cfe7817e29c9efd2d9b1566a8f35b09faff22b,REPO-2,GH-6279,2026-02-23 02:08:11,the,259,40
079de3f817054db0ff7f48590fc9d71de26ec07c,REPO-7,GH-6021,2025-10-02 05:23:58,quickly,51,172
07498084a5b7e104351d822ae518d58906131a8f,REPO-5,GH-5835,2025-10-13 22:46:19,speech,373,16
0cb7066499e73bd874d38243654088f5405d979e,REPO-15,GH-3001,2025-10-29 10:15:08,wrong,334,11
3a56fa937ae28d61ddf390778e008645966f2344,REPO-11,GH-3440,2026-05-28 14:43:53,structure,4,162
558a5de67dfa37dbddbb002acfb6ee29efba70da,REPO-19,GH-9666,2025-09-30 14:39:50,born,228,104
e3ba73e11dc1910a3a5cebf59a67c065385a5838,REPO-16,GH-8612,2026-04-25 14:20:29,ground,497,151
716148a95caca1ab1f38835d00642bf135424549,REPO-17,GH-8684,2026-08-24 03:00:49,degree,355,76
8f646e86c670852c8652c7998600c3f3ca71d019,REPO-15,GH-2146,2025-11-20 00:48:13,order,9,183
4211403cab1d4509294cb9af81107a8cef5f7c05,REPO-12,GH-2527,2026-09-08 12:45:56,common,88,156
585bfd3ca9d59da5b1d31781d2e1b5ea2d62de83,REPO-14,GH-2746,2026-01-24 08:07:15,clear,260,151
546d32f2711e781bcfe9e9da0f15821e6bcecb18,REPO-8,GH-3449,2025-12-30 15:32:54,role,326,2
989def55df7ae7c89f504f3f82c2bf8fc360d5ae,REPO-19,GH-6820,2026-01-08 19:57:42,candidate,322,121
b49bbfac3517e1bcd84e5dfbe5bedd3afa3a5e58,REPO-19,GH-7512,2025-10-05 04:45:26,board,156,16
018a1e134cad9237825bd0522c1a1b23bc6ebdf7,REPO-17,GH-9935,2026-04-26 11:31:03,much,305,117
0c590a8edb3895fcc29ec91056fa0af1e3a81150,REPO-15,GH-2874,2026-09-06 05:27:43,change,352,158
8cd6bfd2838ef0a5f6b6bc779aa3aa7b263773f0,REPO-16,GH-5649,2025-09-27 10:22:01,main,411,129
25536dafba93c1376973a2c69bfd3b53c47fe66c,REPO-14,GH-8267,2025-10-06 06:47:22,main,176,52
eb83a6e6d7830e0032a05e0b195116a9854188d7,REPO-18,GH-6400,2026-02-23 15:06:56,main,55,97
9b512424f6f092243d839cde88523b1252ef2daf,REPO-18,GH-2527,2026-06-08 11:31:33,will,149,80
a5450146adb46e10880554b013ed22763cf50bcb,REPO-19,GH-9346,2026-09-03 07:52:00,right,264,100
ac06d6b1013b0ad3ddba94d8271dbf912179b6ab,REPO-14,GH-7543,2026-09-05 08:38:58,week,149,141
f7a5205bf57980d0f96cd74dd318c0bd58a29f8e,REPO-17,GH-2795,2025-11-09 14:48:36,break,267,26
8e4479d89fbb0533199f30a1f876430fa4f55056,REPO-6,GH-3252,2025-12-23 03:47:10,father,22,84
e3651beb123e6aea44b01ddb610e16c8b45af01f,REPO-17,GH-7566,2026-02-12 17:26:10,goal,305,188
b8dafa312474eb6588858de3751ca1d18dba35e2,REPO-3,GH-7163,2025-11-11 22:11:46,window,444,60
a6fd30264da3426cbbadd9351928f895ddf18f1c,REPO-14,GH-6121,2026-09-19 04:55:43,animal,7,12
9f7951fe5a32e2edeca749f0d674840ba8439810,REPO-1,GH-5772,2026-05-19 17:29:35,later,200,194
2d4d6c41975a3dd27d951b48b266973b14851ce6,REPO-6,GH-6925,2026-04-20 23:31:23,main,487,91
93c8cad6fc91d5ebe6ce0ea719039f8bd22b947d,REPO-3,GH-1815,2025-12-06 09:32:02,citizen,290,49
8b154a683bec86e72036915a7c9b98e8d2eb7b30,REPO-18,GH-1053,2026-09-08 19:32:39,fish,246,184
a5daedcdfdbf7d0bc6bcc16472dd0e9085083304,REPO-13,GH-5706,2026-05-27 14:15:15,happen,18,7
3ee77a8d5dff0cccbb9908f72ab146cbfc701dc4,REPO-6,GH-3950,2026-09-01 22:25:29,whom,353,31
0d2be3df7293f923b16e1a503cdf0897a83f1c11,REPO-8,GH-1282,2026-04-08 20:26:23,worker,497,64
ecdd989d257169f5fc32cda3e23c53592ff841ed,REPO-19,GH-3621,2026-01-08 00:48:05,seek,141,170
0cc62a1516dd5057c89ba4c9d7880f0b47c281ff,REPO-13,GH-5458,2026-08-03 03:21:19,main,206,95
ba3b7087d621033dff34bd477dca9c9bbfa25871,REPO-1,GH-4920,2025-09-27 19:23:34,church,399,32
43a863fc153c5a91cfd576ae1431872d165e2fde,REPO-11,GH-3827,2026-07-26 00:33:28,front,447,122
ff49657b187d204ee03a4c743040ed75784c732d,REPO-13,GH-4694,2025-11-23 08:29:47,set,481,46
5ed9a3b1a2eba600a857eb1ae54c69b89306043f,REPO-0,GH-5335,2026-08-02 10:16:20,mean,478,162
606a25c22e92c2035198d73cc4ffcda796d64b44,REPO-9,GH-4846,2026-08-09 08:10:17,main,156,138
dd986985647dc2c618f9d6e052b3640652337a8a,REPO-10,GH-9167,2026-05-09 08:58:16,short,308,111
5eb80a684c204e789bc2d3c0225541ab5b8c5633,REPO-3,GH-6325,2026-01-13 02:40:15,main,119,136
2255f327b3dfc54ce02009cba80b3ee04adc30b2,REPO-0,GH-4868,2026-01-30 10:09:40,main,497,35
43040bfed8f72058aa79d7fef1a80a4ef4e6f0aa,REPO-11,GH-9540,2025-12-06 14:15:29,head,360,152
f957201be55b3ff10c99e449024bf2abfcf0232f,REPO-7,GH-5891,2026-01-28 23:19:26,medical,95,23
bb2971ea2ae573c6b86a2af4532979a43172a890,REPO-4,GH-9843,2026-06-23 06:14:09,main,254,40
ec77727447780363124a43b6c0ae446d3cf0f59b,REPO-8,GH-1982,2026-05-18 15:44:15,goal,375,63
5748b30f806dbecc9853b5311398d9ff1c4dd254,REPO-17,GH-4697,2025-11-19 15:24:03,ready,300,171
507342adf407d8474b3cbca1b1403bc84725ceb4,REPO-11,GH-5291,2026-09-19 21:03:56,kid,161,25
d47d558405dde038af4089330d6aebaf3c0ea127,REPO-16,GH-8025,2026-04-28 07:17:53,none,315,21
be9efd9c2a185b21f3f078b56b9246802daeed70,REPO-1,GH-4792,2026-04-06 06:27:47,main,271,163
58910112bafdea9381a6ef9a0790120551bfbac1,REPO-9,GH-1920,2026-08-11 23:07:38,because,230,116
ba11433530111f8dcf2766452826e311af3e0d15,REPO-15,GH-1320,2026-05-10 14:03:41,new,327,54
c1e4db9fb9b9c7df022478d9759abbe8a2874223,REPO-4,GH-7046,2026-05-09 09:17:02,talk,271,187
08c9c9e99585af88eb3e21abb1fb56a2f93e1580,REPO-18,GH-8434,2026-07-14 13:35:34,begin,293,117
101aa1241a759f9f68364c7ab511664c7fdc837f,REPO-9,GH-9498,2025-12-27 07:14:36,main,105,9
5c9375efcd784e7fb40724d8a4541de5b245cb8d,REPO-15,GH-2041,2025-12-14 21:47:20,adult,114,49
019bf5271757e9cda23059b6802c2fe28be51521,REPO-6,GH-2646,2026-02-14 16:53:00,cell,404,17
36cdd54068ba96788892fa4414190313d7e98cc9,REPO-19,GH-7691,2026-09-19 14:32:01,which,20,131
808ffd7f0522bfe1927d0e6830cc1b40bb280c12,REPO-17,GH-SHARED-14,2026-02-09 15:14:25,time,468,142
44093e07c1be19a057b8c0d82957f8031eb35281,REPO-5,GH-4846,2026-08-29 13:59:26,chair,101,2
07ff0d8519da6a4f1394b345daf8c756ce6fa1f9,REPO-17,GH-9955,2026-01-19 09:51:47,thing,351,16
5efe2b86057ae565046c1b5de5a07c2f1d122bcd,REPO-3,GH-7484,2026-08-24 08:31:53,word,210,83
6a7f946a396fe6d21a8df8ce8a7dbd14044da707,REPO-16,GH-6573,2026-09-16 12:25:56,develop,290,27
5518cd6822efe1cd554e4a11efe7d5bc01b75e83,REPO-15,GH-1006,2026-08-14 10:56:37,skin,446,97
57a2853fde5affaf74fe453a8418a334598a133b,REPO-15,GH-5847,2025-11-19 11:29:11,safe,478,41
fd806cf7890f4360d1931cc9b6e19c0052d2f754,REPO-4,GH-9693,2026-06-27 08:29:40,significant,132,96
87a442d8c96256c700e2e491b17a28ad68cb0267,REPO-18,GH-1693,2025-10-07 04:39:21,language,15,176
14b08ef3bb64c1a276224053c0adc604f7d82d5a,REPO-1,GH-8770,2026-02-18 07:26:00,born,175,122
f0b043eb2e1b6f8490cb5403892269c611058df1,REPO-0,GH-7132,2026-06-11 08:20:16,main,427,175
aa4a7d10c7a70e95ccddf7fe5a5b96e48f308aa7,REPO-19,GH-3529,2026-03-31 03:25:51,truth,149,73
34a7907c14709347a9973f5e78d7558d9ad83b9a,REPO-9,GH-5526,2025-11-27 09:21:58,history,481,131
73790e762a06ce94002af9278211dde2a619c4e1,REPO-14,GH-4986,2025-11-20 19:53:13,ball,88,143
d5152c4b360c06fc73477934bc35b86b046243b7,REPO-18,GH-9199,2025-10-01 19:23:09,teach,65,132
016a895451800aef17655a985dcadac7ce962af5,REPO-14,GH-6236,2026-03-07 17:05:55,court,375,137
0ef6f4b2e062d8b2b29f8d50464a607196a7d0ce,REPO-6,GH-4891,2026-03-28 09:36:35,smile,441,115
562e738d0161ed02dc62cde1299ab4193826e364,REPO-16,GH-6419,2026-04-19 19:16:33,main,135,84
224ce971384855570a6602017fe655ad4f98cece,REPO-5,GH-9692,2026-01-21 06:41:57,main,268,26
5169daf9360608fb792eaeec37ceef743a9b79b2,REPO-6,GH-1715,2026-07-04 13:48:30,station,271,128
59ffaa69cbca427d6ef154f2ab7692fc2ef81bbc,REPO-13,GH-8837,2026-06-04 09:29:46,few,397,20
5ee246d765794ba9580aea17b45e9ed93e19409f,REPO-10,GH-6129,2025-11-09 04:09:56,upon,421,5
a5879562b9d6c6913304566eb7755865a33735ad,REPO-5,GH-2795,2026-06-03 11:11:35,society,240,147
2b936f70a02dfcf0bfabd3ff1a3933a1755bfcc8,REPO-10,GH-1653,2025-12-03 08:58:12,activity,218,108
90a56886d124050074fa2c872af9ffc23c8b9369,REPO-10,GH-8292,2026-02-27 21:42:51,response,385,5
ac00c9b69aed5d629b2fced785b960430193ebed,REPO-10,GH-6491,2026-09-02 03:46:41,seek,203,5
cb24bfeaf46c4a7e9e3daf4792e8849f01d979da,REPO-18,GH-1514,2026-08-15 02:45:20,owner,491,136
4592882d562f5b9563aa8422b756ac58f1ee5d74,REPO-18,GH-4626,2026-04-09 20:52:31,dream,331,80
1fc7ddae742092cbe199b36ee5c7090f4ad417f8,REPO-7,GH-1939,2026-03-10 11:58:41,expert,294,15
f25468f866b61636a92413567baf8b1cdf24f9b8,REPO-16,GH-6021,2025-11-01 15:59:44,car,146,83
dafd9716226c55aee8502daa7b1f184ffb7d60a2,REPO-4,GH-6419,2026-07-12 13:36:11,present,237,52
5a09e72b30fcbec389ab341b88be3277388b6918,REPO-10,GH-3209,2025-10-18 17:00:48,create,272,127
d4b63addaf3d848a16c02899e8ba0bfa8bfc97a5,REPO-12,GH-5291,2026-08-12 09:23:13,main,41,55
294ce485eb9e73508badda50974418401ef312bb,REPO-7,GH-8612,2026-05-02 04:05:09,bank,409,158
96308c71ec450597886ee538acea12cb147bb6c3,REPO-0,GH-9331,2026-08-10 01:57:54,me,165,192
b235ce9f06c6ab1028abe044af669db80f5be8cb,REPO-9,GH-4115,2026-01-26 14:13:28,interview,45,166
203c40d904727b0a671831e0243961c8e953cfdf,REPO-12,GH-6990,2026-08-14 05:38:54,arm,300,124
69a65c6ec590286499bf7fffb2b85f1ed9b6b724,REPO-9,GH-7211,2026-08-04 22:44:59,language,348,157
9ca263829b4816fcfbc82f8e00e6a088e26478ea,REPO-4,GH-8871,2025-12-11 14:06:21,body,123,120
0bd217b88e2b3a70b565e48fc6492f47cfa97c01,REPO-14,GH-7216,2025-10-27 04:18:49,main,279,152
9cccaf25bf8ed69e7bd2934d65f8c223e12bc4a0,REPO-12,GH-3529,2026-07-26 10:00:06,ahead,469,63
13d283953e0c3a8367b3d4171030455b013bfe3b,REPO-16,GH-4510,2025-12-28 23:39:57,number,131,65
08b512994b46ee8263c7f7cbb68e7bd818a30162,REPO-13,GH-6539,2025-11-07 07:24:24,picture,54,159
25d847d36c19885bfb97ebe93afb6af23678e1c3,REPO-9,GH-3529,2025-10-01 05:23:54,main,22,95
be8de2d07b3654c1ff51d7a9cd7926d8b31357a2,REPO-0,GH-5325,2026-01-25 00:17:36,defense,110,2
c9d5f981ba8f2c92d20b7ffd27b7a2c050675e2a,REPO-15,GH-2480,2026-06-01 21:18:05,effect,69,130
9dad1ecc8355790fd2886d0b693aaee012326838,REPO-14,GH-9565,2026-01-09 11:54:46,over,297,58
547f3f5013ed4f32080105d0b562075e79a7acdf,REPO-1,GH-5708,2026-05-04 07:22:23,street,134,177
36c8909b9c72cd7877a3cbf0fda5a225c77067f8,REPO-0,GH-2965,2026-04-02 20:29:35,forward,259,137
7f54680ec23b1c1efd0160fa61bef44dc69365d0,REPO-8,GH-9700,2025-11-02 03:52:26,across,492,89
4f870d7ac91b65eaa3a845ecdabfb034d71b21f0,REPO-7,GH-5911,2026-02-12 11:17:46,main,169,137
8c6db7b9e1e52014116df99718ff8d42a447dc01,REPO-8,GH-5742,2026-02-28 13:59:07,forward,329,108
c8dede619acbbf429e93485ca8d4c4baa262931b,REPO-8,GH-6531,2026-07-15 22:45:47,heart,425,8
9c519834f79723493670e77d051d557857588506,REPO-6,GH-3399,2025-11-16 06:16:12,bill,268,16
93cb399d1ad4916170b441e221b181a4e712cb28,REPO-11,GH-2786,2026-02-02 15:11:40,site,120,54
3fa0009ecebcd441bce9ba692a428210973ad522,REPO-15,GH-6772,2026-04-10 12:46:34,surface,129,24
4284d49c4daab77e372f3b9c065481101e9d9f37,REPO-0,GH-1672,2026-07-24 23:10:11,people,468,28
c973376c677caca3127bbad86a0355faccd1c2d9,REPO-4,GH-8316,2026-08-02 02:59:20,peace,136,42
b0b8192fa1d4e584c5832ee7a2a14daa1ee0663a,REPO-11,GH-4115,2026-08-30 09:00:11,fill,4,68
84ec78d8f2f034a7e583908f9f4da7f665b446e3,REPO-15,GH-2106,2025-11-28 13:47:33,major,361,69
5e6feabd4682aac771d3d7fd51ccad5a90c62dec,REPO-6,GH-1634,2025-10-27 13:06:54,better,400,61
7e8dfa8e20a33d735526e24ee3e9434a0d5f8bb1,REPO-19,GH-3939,2026-07-02 23:38:35,dinner,325,36
9df0a190f82063f89c5b6249b7795002c0576c91,REPO-8,GH-7022,2026-08-06 13:18:26,main,15,150
729f3731856aaed02f5ffc0e74fcf53636003d0e,REPO-8,GH-2294,2025-11-20 16:01:12,main,209,52
462024417bc4bd902fb94e4926a63184b19a10dc,REPO-11,GH-1964,2025-11-28 12:09:08,main,432,76
4dcdcf2c0cd04fecb98fc6ae615aa7dd7ad34bad,REPO-6,GH-6139,2026-04-09 18:31:18,shoulder,56,136
5856840ebe3b7a8220bf8ba06b52618bafb2811d,REPO-16,GH-3344,2026-05-21 08:56:35,wonder,196,55
a4b46ee4e0fdd242580d95c0624601b2a226b7a6,REPO-0,GH-4441,2026-07-22 11:17:38,stock,230,177
b105ce3146042f6d5111971d8ed02acc16f739f8,REPO-10,GH-7825,2025-11-16 21:56:07,here,201,106
46072a6fcd5a075337980bb6e08aa792e667094f,REPO-17,GH-7560,2026-05-27 02:15:14,lawyer,174,119
ef3e3d89ba17c1f3548a7988d463918da40ac4c9,REPO-10,GH-1916,2025-10-12 12:01:57,staff,254,62
295f30a67f13af1b1a2f4f58f52b4229809e39ca,REPO-18,GH-6514,2026-06-19 03:55:38,detail,237,55
33ee78dac9bfa5b4c53bb1f34acb1348c75e8bb4,REPO-5,GH-4644,2026-05-22 00:18:23,claim,105,138
bae352a2e23aa9c7e99991db48325178d39788b3,REPO-2,GH-8361,2026-05-05 02:59:03,modern,73,47
66a5aca5030e27c883c038166524baf1d7c9792e,REPO-8,GH-8690,2025-11-03 18:58:31,main,364,198
9f458902a659d639da88e91bcf3273b9d540904e,REPO-13,GH-9437,2025-11-21 08:25:24,for,254,28
9dc3f857b71cbcc51a1153346762241fd29bcab4,REPO-0,GH-3153,2026-04-27 10:45:46,subject,126,104
5a4d11db67e1276223baee6544f8895c88f692df,REPO-4,GH-8761,2026-07-27 10:41:07,moment,155,75
89fd760a6446dc4512a2a665d97b1aacae79b098,REPO-12,GH-8527,2025-11-02 12:17:28,condition,93,54
019f0c282ce4ff6d665947c7d4fc5b32d19e0e9f,REPO-0,GH-7560,2026-01-19 18:21:11,far,380,114
6819fff4cda2f3032b5221519f5b811ac00d0bce,REPO-0,GH-2988,2026-05-08 20:33:47,behind,216,164
aef35d8aad7ac4f48b95258464880c0ac846ce1a,REPO-14,GH-2479,2025-10-24 14:06:05,main,369,142
5f527191e97b19e80e148c2abc6d3e3c27f6a302,REPO-4,GH-2129,2026-07-23 18:05:32,main,424,177
7b9b6b863ecc2d166c2b41b8fd57d6000d9a5fe7,REPO-17,GH-1423,2026-03-29 18:11:49,source,19,33
37461bef0945e26a00a3b7f2fe5731466eb3a223,REPO-18,GH-3273,2026-09-02 10:07:43,window,490,137
bcf9517ed0df320517b611c61675ca09686a48fa,REPO-12,GH-8842,2025-11-20 12:08:54,outside,376,155
57ef40f8333889639d0a8eaa0f4c3f97741713b9,REPO-16,GH-2996,2026-04-04 13:59:20,town,110,118
1e614bab54d8b5d4d4094ce73ffe46a5da87923c,REPO-1,GH-3615,2026-01-16 06:37:28,tough,138,79
c1b1208c847bd7b97d92128c61d975064acb4a96,REPO-0,GH-6931,2026-05-25 14:57:14,carry,225,168
9d6c486e61e365940ac6a82cc6dae677d1195fb6,REPO-15,GH-2402,2026-03-17 03:53:49,through,291,33
8a27bbe1aefb42febd9dc568135651f005826122,REPO-9,GH-3621,2026-05-27 13:04:35,hour,293,188
241e009ded6dc00b631f98f6fdeadae97afd8fd5,REPO-4,GH-2795,2025-10-29 09:16:24,move,167,58
ae968be839171de702a80b197debd38c1da16db8,REPO-8,GH-2041,2026-03-20 18:14:57,type,230,10
45d0fc061095eb7d85645a200dd7a17ec3361dce,REPO-5,GH-1653,2026-06-19 00:57:52,quickly,5,43
7cfb28d8ae8eb531987ebd3af73b08ec88fec787,REPO-5,GH-2193,2025-10-19 02:54:38,election,252,175
7fd9cf6ec97461b8e4a7b2dfc2bb8e2eee80d696,REPO-10,GH-5012,2026-06-25 17:11:02,main,390,55
7c27e9c585f7bfa7c21a579322eaea7a9d82f915,REPO-0,GH-2139,2025-09-30 01:07:08,book,193,63
3397f2ffe242eef91b656320ebb10581ab96ad8a,REPO-19,GH-1488,2026-01-17 20:14:18,over,267,146
7ff69cf8211c5066023f6f1b7efe9b6229ead636,REPO-12,GH-7850,2026-03-01 00:38:54,dog,297,23
ea8d29e23a27bd26f798013b73db74969c97cb40,REPO-4,GH-6990,2026-02-24 17:35:09,relationship,351,126
3fbe52ff8541c52fd7bda6f5cbe4c5aca1399c7d,REPO-14,GH-9047,2025-11-02 06:35:51,main,345,136
7801ae51c8b00318491d5a0fb972e8101026b6c9,REPO-19,GH-7916,2026-03-27 21:42:59,we,278,187
91bc218d66187235152bf55c8cf26fdb8439f3da,REPO-17,GH-8225,2026-08-10 18:05:54,main,483,140
89d9d7a075b8f938e6234228c116432ffa55e6dd,REPO-8,GH-9327,2025-10-30 07:00:33,box,26,5
abb4fc2a083075990048faf964de20041a1bd592,REPO-7,GH-8622,2026-09-18 06:26:07,industry,50,185
81dab9c12d5ade91dff683694972f990b025d062,REPO-2,GH-1841,2026-07-22 07:23:00,interest,310,142
965f904c326e0f478e12c8868b41db7953e9f845,REPO-18,GH-9281,2026-02-01 14:59:01,guess,499,4
e223e289f99ccc18991d372a0ca8070e8e1aff51,REPO-8,GH-9281,2026-05-19 16:12:59,main,7,17
6bb95e368d701d2d328f52f53adbec0866baec37,REPO-10,GH-9476,2026-06-26 16:54:37,building,212,105
ce6a1482464e919050baccb7cd6aea2cabc3bbad,REPO-10,GH-5719,2026-01-13 01:43:44,main,311,152
a9e05a8bd7d0d6c9610c8cc02637289e4a018e41,REPO-18,GH-SHARED-48,2026-04-26 15:36:37,many,442,103
317c44f8ca21b5d2d38e45081e562de23909371c,REPO-4,GH-6372,2025-11-22 11:22:19,front,30,140
08530aba1d70b5e444279e502a394607f4b2ed09,REPO-0,GH-8060,2026-05-05 15:09:15,plant,395,138
80af948aeb959baec61d109a9f378d20136ac6c8,REPO-16,GH-9138,2026-07-24 15:12:13,would,393,73
cd91e8d4c20ef5a59ce11ef6313409ff85d2af9f,REPO-16,GH-8679,2026-08-06 23:09:52,law,36,127
462b9a8ea73dd7002f6d15a3e2ebc8200f62f41c,REPO-10,GH-5114,2026-03-29 19:34:58,development,405,91
c9b1eb9d136aed90e099e6f545eaa83f863eb7ec,REPO-7,GH-6039,2026-08-30 01:37:25,main,9,2
3a7b9a6941d256b1df17cb2cf3e1e12bcafbdd18,REPO-5,GH-3317,2026-07-18 13:54:09,expect,396,143
5830103fd4d417457c2cc676ca43234f1ebcec3f,REPO-3,GH-1713,2026-01-02 20:33:35,because,36,160
4f085bbb2425ed0967967012673b7fa3fd4062fb,REPO-10,GH-8679,2025-11-21 00:10:41,interview,147,170
9bda46ce8c0807c97902860d6400203914b804c3,REPO-19,GH-9379,2025-10-28 16:40:09,seem,136,109
4d16fddf5fd61b370a1223fb587a1a6928013daf,REPO-1,GH-4119,2026-03-21 06:37:59,network,125,133
f48118f07b37820242cf8ee1cb53576dfa703a4b,REPO-2,GH-1916,2025-12-19 02:41:15,event,451,190
d237361f1de5e46d737641999f3fcd29812566a2,REPO-13,GH-3705,2025-12-07 10:49:09,best,65,7
df3a64773f0864a851bcce58a3e14f51433bfaf9,REPO-15,GH-1424,2026-09-09 12:41:06,guess,385,83
4b16107e827ae8bcc099ad367b1795a3c76cefcf,REPO-8,GH-5786,2026-07-16 11:11:41,decide,24,78
0cce9946df2a3426e35e90e1f4d0a0466a8551d1,REPO-0,GH-1821,2026-02-09 14:34:33,meet,171,60
e713198a29e44e25899cb7856f3bf6d8760524ec,REPO-15,GH-8272,2026-03-30 15:03:39,step,321,52
cbd32d9b0e8f8f12ddb66c10e26d6088ed483074,REPO-11,GH-1815,2025-11-28 08:49:00,main,43,125
917c75b974d27724935b1a578fe87f8d79792881,REPO-14,GH-8685,2026-03-15 14:12:25,main,202,115
93ac7639ce618a9f14327189c6a4a28c72963ffb,REPO-12,GH-1423,2026-06-23 01:23:41,main,401,102
6dbf4f39fcc8b83f3b78357884009b7389b83467,REPO-13,GH-6608,2026-08-12 14:08:51,stay,262,69
eb901774de8edb7e9b538341dea9ebbecb603fa6,REPO-6,GH-6403,2026-09-09 01:42:43,bank,212,27
a5237ee2b7ac78c93631bf6d325e0a1e922755a9,REPO-9,GH-3426,2026-07-04 15:21:29,practice,161,69
71eeeb6093b11e4c7d4f4da7d81bea37f2d42e2e,REPO-12,GH-1430,2025-11-22 03:00:56,than,57,38
04950194d7ecc2da572a42af017f247bdf62a7f6,REPO-13,GH-3481,2026-07-09 03:47:05,since,378,192
0e3eab6570359e85a98179794486af88aa3a14a8,REPO-11,GH-4571,2026-07-08 16:19:14,city,89,4
935c726596731792a1a01dd83ca1b55c69b2fbc7,REPO-3,GH-7396,2026-09-10 03:04:52,choose,314,126
bf56a14c8e4789e80947ecf3b247bcb7ea31dd37,REPO-14,GH-9837,2026-04-08 22:15:22,build,343,109
4e61d3e1b13b935a38a15717cd743f6d22087fd2,REPO-7,GH-5632,2026-07-31 13:13:01,investment,404,73
d3c9535555628482a7fb7d3e70ac56cc7be0405c,REPO-16,GH-7580,2026-01-07 00:35:02,about,411,107
73a99055063b6d98ad50aee1cdf2829f8f7776c0,REPO-3,GH-3621,2026-03-20 22:35:57,tough,83,94
4daae9c5bdb22fc4e7cb056ace0f7d4ef0fb5e37,REPO-8,GH-4510,2025-11-14 18:51:16,main,96,63
e50e5e393a8cbe8fe68ea47d382b472a31ef6c66,REPO-19,GH-8406,2026-06-02 02:13:03,main,218,1
93cea47f4cd06043adc1c31a1bcf6fd452399868,REPO-16,GH-8905,2025-11-03 19:20:54,skill,30,51
83c13f4ea80f1c30aa56eab33f1e10deb44c9baa,REPO-6,GH-1958,2025-12-08 20:10:29,office,282,151
4f686430db9ea176e5c973a937930305dbd112ef,REPO-15,GH-7563,2026-07-24 16:52:15,huge,55,192
734792b2f5eb346952e309bab902cbc80633499b,REPO-17,GH-6188,2025-12-19 21:37:50,cut,384,26
f5dd14909bdddb5f3d2a347249050d748711c2c2,REPO-11,GH-9312,2026-06-17 21:40:46,address,385,13
a9dbbcbd003175287efcc8b274a6f0726933215e,REPO-14,GH-4261,2026-02-17 18:07:30,admit,445,93
8c5fb68e3ebe6d4964a7ff7c1cdadfcf9b39c6ff,REPO-14,GH-4241,2026-01-22 05:24:42,morning,272,42
ef00f746b97f20fe1854f532ef506018ad6362b4,REPO-14,GH-9692,2026-08-11 01:11:55,scene,242,35
785b95e4e9271eed447615c705bc298c74081166,REPO-14,GH-4853,2026-04-08 19:19:12,main,55,109
80b76b2832d9650dfb2b969aeff26d23d23d0183,REPO-16,GH-2113,2026-03-23 01:17:23,he,241,39
e877257a072a400cb2a895fc9ea3aa9f6402c336,REPO-6,GH-1269,2026-02-10 17:55:54,last,389,150
c0bed2c8df647d12f24f10b5b5a4debb49c2f458,REPO-3,GH-1982,2026-04-18 03:22:53,government,174,58
f0c220bfab7e9261feceaac370e8553e5b6f04cb,REPO-13,GH-7947,2025-11-09 23:51:48,main,461,1
bd0c27a4ed61faa8d77f4e4933d40a59ed750809,REPO-9,GH-1430,2026-03-24 03:37:51,cost,371,183
a54595597437c79890a59ef6e722c6be95ccd9f8,REPO-5,GH-7081,2026-04-29 15:07:19,occur,445,75
91e1717b3378061ecc3d53e61ef3436c9227fa19,REPO-4,GH-9976,2026-03-15 05:44:44,main,494,47
a415f88c1eca5b0bbd6c0ea74f38c0269e3f2c05,REPO-3,GH-7798,2026-08-21 03:54:35,response,405,98
66a36ceb1778875d96857794685337fe11328a24,REPO-0,GH-3236,2026-03-15 20:49:18,main,350,174
a43036a2f39c1f3aca765d2bf6fd632fe74560b0,REPO-13,GH-3317,2026-06-26 15:03:46,wish,126,147
469af4964d5b5923bba66dbb3a14482dfdfbb705,REPO-3,GH-8871,2026-09-13 18:31:28,begin,153,37
e4567f9bca6d48653be9a6153b3c71da5ab78644,REPO-0,GH-4846,2026-08-05 22:59:17,main,112,50
03286384ab459552c42f2bb2d8dc89990f7d9602,REPO-16,GH-3697,2025-10-31 18:34:17,practice,401,40
d966f015b3e1b5573543b0f876875076a7f87afc,REPO-6,GH-1599,2026-03-05 16:29:22,so,58,158
06a77feb0cd63db27eb80864f1cd828579fd131b,REPO-9,GH-3858,2026-07-15 21:41:11,off,13,2
f6c532d8ba5b45bacee6d87bf1c9e6fc8aa6a28d,REPO-3,GH-5264,2025-11-04 16:22:33,most,415,19
dd8dd6b66625c501fa82778e1d56caff55e1b193,REPO-3,GH-1018,2026-05-10 16:34:29,main,194,121
5abe210849bd40f0b0150977fd765dffddd928de,REPO-7,GH-7232,2026-06-13 06:35:41,kitchen,480,157
620af62d7ecef468e1d271cb430ba1e01b84d698,REPO-0,GH-7232,2025-12-18 05:52:02,look,61,194
35249fa1558dd2157e4a1d85afa3c1b2347ad1c1,REPO-15,GH-2612,2026-04-29 04:15:26,deal,80,125
2b84f3a0f8782b9c27d700254045f1bdbbf1b4ae,REPO-17,GH-5632,2026-08-25 12:46:37,capital,392,28
29ebc679d7c3b169dfb258555e06925faac17c67,REPO-2,GH-4770,2026-02-10 03:02:29,main,169,25
a1cb609a709851a33dadb7dbc3ba0b5d8acc16be,REPO-18,GH-9167,2026-09-16 22:27:21,whatever,255,129
80df4354e4ebc0f90388d3f2ea806f67ea039e8f,REPO-11,GH-2876,2026-08-11 13:56:06,still,438,163
b5289bfe8fa98ce28f42b9c6a675c862ff640ff8,REPO-19,GH-5835,2026-07-11 19:07:56,yard,376,98
fec0ef37188db7b7c421b22580319850c88db018,REPO-9,GH-8933,2026-02-19 11:01:06,movement,389,188
9c3cb34c5abfa3738ff801f18132abe5935c4e24,REPO-14,GH-5332,2026-01-15 02:28:12,reason,184,16
b3213f27acefb5903a8b1b9aaae2e658cc5db80c,REPO-0,GH-8894,2026-01-07 16:23:43,weight,424,128
0caf97105d49d519d434a1e2ef55d4d9819de660,REPO-11,GH-5479,2026-08-01 18:18:37,main,387,166
2eb458b41a6c8d882127949bec40b82dd3879df7,REPO-7,GH-3222,2026-06-15 10:42:13,we,32,55
58bd8648a6400c9d21f3194b9537b16354b3efdc,REPO-10,GH-2647,2026-09-15 00:07:47,main,272,4
d8d23a8beb797095cda9fa554505ae1eb107558f,REPO-14,GH-3449,2025-10-02 23:50:09,street,26,41
c550abc6e0c13c29dfd4e9df55fb53912d057688,REPO-12,GH-1653,2026-02-19 08:47:58,main,96,142
ee8e27602a1625ce88a8f3a080b3d282bf4ec13b,REPO-8,GH-5114,2026-04-16 12:10:23,plan,335,96
4cd30fb75fb1e16774b5f91fe0f2424b937b2ee4,REPO-17,GH-4826,2026-01-28 06:07:44,owner,355,35
ec6f5ce98eced19a10d373b8bfa7230b6c30d3a6,REPO-4,GH-9540,2026-03-12 23:09:33,main,221,184
828dea772995ba481786c0039152ad8321af6b66,REPO-0,GH-7293,2026-02-25 22:50:49,quickly,471,133
579f6534c29e6f6f54f4a41bab43a10e19a84635,REPO-10,GH-7825,2026-02-26 17:04:20,suddenly,121,66
c4375ee043ef7c6288d67f55a09dd6102487f498,REPO-0,GH-1713,2026-05-09 09:04:16,wrong,428,154
02a7312fe406c3dbf0c8fc84d2dceeb4695b328a,REPO-2,GH-8025,2026-06-01 01:35:02,should,231,109
4de5807074fec97a96c342207ce33e8fe3396d90,REPO-10,GH-7512,2025-12-03 10:14:51,friend,378,121
29499297c1011a3dabaa1df02ead79bdcbaba6f6,REPO-8,GH-2771,2026-04-15 20:27:25,during,40,150
6966487704346919c256ab98c4c4199b5e7dc197,REPO-5,GH-2911,2025-11-04 15:13:07,card,207,191
a92615c0a9f093bd578eb8d009a21c790ea2f2b3,REPO-5,GH-8144,2026-04-10 19:06:05,main,76,123
61374977b0d3b7146279b082e59e112e3df39760,REPO-2,GH-1436,2026-05-09 00:29:51,threat,190,166
5ca307a89808519a78e39def32819f160ac0ee11,REPO-9,GH-5065,2026-07-19 23:02:31,ever,279,95
da5c2d5a6be938599c964eca41c687ef16e68821,REPO-8,GH-4728,2026-08-18 03:38:23,future,296,141
8fd325506cd2caf73c2dec325c6b8c529a140f0e,REPO-11,GH-8144,2025-12-15 02:17:24,main,428,108
2f7a5df2c3df11bb9ccd21daf534924d86be9b55,REPO-5,GH-2063,2025-10-06 22:04:10,production,493,145
352cb85a3372ad846ea9df1839df04e4c2bf4a00,REPO-12,GH-8018,2026-07-23 00:18:21,ahead,40,15
9247bd594515ad6eec2f9a5b4ff6ce9514e29107,REPO-0,GH-9824,2026-05-25 00:11:29,wife,238,194
d0575969a96a30e48e7a9a56ba7092527ec8eb6a,REPO-6,GH-4944,2025-10-27 13:17:53,main,205,49
a27d45dcd38fe9fae355243036787d864334de95,REPO-1,GH-5742,2025-10-06 18:48:14,case,6,8
91cda9a3d246968cbe95135f6688b5a2260eca83,REPO-6,GH-2988,2026-03-22 03:56:02,star,428,117
1db6afbabc4a555b1b059237a192c9653ccf1e80,REPO-8,GH-8941,2026-02-13 01:01:05,read,437,28
932754335266e285431fb477702637d738738edb,REPO-14,GH-1153,2026-09-10 16:12:21,main,469,142
62c0765f3faa241614e4588938e5f713ea1a6b53,REPO-7,GH-2864,2025-12-11 05:42:06,else,204,193
dd4aa796c855128c495762066c0771b86a680b7e,REPO-17,GH-4697,2026-07-06 00:48:34,stock,310,56
87b580862deac1eec55a6890001a1f4d69d38a77,REPO-15,GH-3041,2026-02-20 19:17:51,receive,45,40
5deb73d106a5e994eb6f9be187d352afea0ce708,REPO-1,GH-9698,2025-10-17 01:25:10,main,289,109
5cf32cfc1bddd0a1f761da12376ba763180b8512,REPO-13,GH-7981,2025-11-21 19:06:51,pull,203,165
e1de7d55c1285eb86166c182ec115d272daa2e7a,REPO-5,GH-8222,2026-05-09 23:03:40,main,284,164
a107fd2d74d3cfcf5df9a9cf14a28013791787ff,REPO-6,GH-6724,2025-11-09 01:02:31,pick,320,191
4c307cd8e4ba6405a86d06bcdfb5295c7edccc77,REPO-16,GH-9011,2025-11-13 14:35:09,fear,155,0
36d834b27c8c9d389fabb31707c9ca999f8b2d56,REPO-15,GH-7561,2026-01-06 17:03:09,better,434,5
2a543c7e619f1364b3b9d84a05802826642a0c2f,REPO-17,GH-6574,2025-10-27 00:19:56,high,473,26
3b18c49c3aadc3b07611f3c508d5215347daac44,REPO-2,GH-6927,2026-09-16 10:14:38,include,484,76
5024e78bb1fdf5b0f3db8e4505e115e057c9510a,REPO-17,GH-9196,2025-11-05 01:24:49,main,300,57
10203ea5a536b38db4b6c92739c58d2de4f61ac6,REPO-5,GH-9199,2025-10-05 11:44:20,main,127,52
dd3c3beefc3cfb33ea659834ac34c35d1ad115ff,REPO-5,GH-4467,2026-04-03 21:45:18,ball,21,39
a7cdd83e6a7e06ad042ced9dce4d09cd765a7844,REPO-1,GH-1651,2025-12-17 15:11:08,how,374,57
e5361cc684922ce333a639ad9eb5aaf230a5937a,REPO-1,GH-2052,2026-09-07 11:48:58,main,298,129
d79dfca3f1f3edee70c12804302fa06c20120579,REPO-19,GH-5649,2026-09-14 17:04:38,college,126,49
36dc3be6f688692a92652ed3bb6396230be75e7e,REPO-5,GH-2234,2025-12-05 19:00:09,well,4,137
8af1e03183a63622c035b2954cd8c21e3ae2a79d,REPO-18,GH-2063,2025-12-05 08:28:34,program,331,59
654ace6e74b1b0a779834b2b3d3ddefb222f7d3a,REPO-8,GH-4878,2026-05-20 13:31:06,buy,83,148
07ea32b274d0dc06b92285ad7810d996773028eb,REPO-10,GH-4292,2026-02-07 02:18:36,member,161,156
e0615ba39eba3ebf32e9a2101b90b5b4b0ea80fc,REPO-15,GH-7730,2026-05-23 10:01:35,accept,247,117
4e2533872728e1e35488c7495d367e0ec4cc90f4,REPO-11,GH-9817,2025-11-27 11:22:15,environmental,465,3
6fdc957924a7557549aa439418faf1164a50de7e,REPO-19,GH-3526,2026-09-21 19:27:59,main,329,23
89240aa4df8fa67e849bc28a3d57f337af87deb5,REPO-12,GH-9138,2026-05-20 08:26:49,agency,118,25
9fce6f42a261e5adeeb6265eaa2bf47598a6a27e,REPO-7,GH-8126,2026-04-16 03:08:52,claim,484,108
448475547c5658257e92a7f15ffe2ae6ece10b17,REPO-16,GH-8967,2025-12-19 23:12:29,main,129,98
d3886473a053ccc90d0a956290863a0d666b3861,REPO-4,GH-9897,2025-11-10 12:59:28,all,318,108
f2b4ed6eec284d87a9e52d43d55ef42766ee1ea8,REPO-7,GH-5010,2026-02-01 03:58:36,because,304,40
2fadf9e05779a56fe875b54467ccd10be73f1d63,REPO-3,GH-6038,2026-07-06 14:09:00,card,118,84
c37d7015b9d595a5e24acd4f88e78a490c1fca03,REPO-10,GH-2235,2026-01-08 21:12:35,decision,369,197
864f9c5d68feb21235a78e67598f978f18a4b2ae,REPO-18,GH-5668,2025-11-01 16:18:22,ok,122,170
21fb43ad785af452c78d50bcdf599f2889999759,REPO-18,GH-5835,2026-06-07 03:27:44,skill,134,119
9594b04cfce6cba34e2e1012d38ca34e96260098,REPO-4,GH-3900,2026-08-07 03:37:16,main,257,139
6976802340d0d0e77d504c603caff6fed656a3e3,REPO-8,GH-4509,2026-04-14 01:23:26,win,165,179
f27e0f52edf8f1b0aa4812bdfffebdda3ebdc2c3,REPO-0,GH-4155,2025-12-10 22:28:52,decade,248,126
b8822bdce6951e58faafe6a54e12fd997c3c1508,REPO-15,GH-9626,2026-06-20 18:55:29,series,295,50
a118ef8637f3a5dde56f254422dbfab13fe6d71f,REPO-17,GH-4945,2026-01-14 02:57:59,board,184,158
a7dba7755054fa080d0cbc27516d19ed667b1358,REPO-9,GH-1153,2026-05-11 15:04:52,people,453,133
364c23e7f03e72bb8b8b8501d0aeb3d7e9220090,REPO-16,GH-3589,2026-01-25 23:16:09,describe,377,134
23354602c0ed470c4a9f0c882209c707845ce20f,REPO-15,GH-5325,2026-07-04 09:10:31,use,89,4
e8791727998fd198f9b394138d2248ecdc6147ca,REPO-18,GH-5336,2026-03-19 05:34:36,small,157,55
384d67bf6bcb6f5405a04db2c99cc66230b61c46,REPO-2,GH-3589,2026-01-10 11:16:11,prevent,87,142
649cdc81ac75202eefce56e2fb0f64c3d9391b76,REPO-5,GH-5450,2025-11-07 17:36:31,laugh,387,27
699e8eab30b54f26d2db121949d28cf3cd0833d1,REPO-9,GH-9138,2025-12-13 12:37:04,hour,211,48
a7c9f8da0fd9dec7a1b32635555831332c33286e,REPO-2,GH-8531,2026-09-10 16:04:12,main,406,41
26b0e5c0856de9fb6f138bba66b30ef9b57c0b27,REPO-8,GH-8651,2025-10-21 22:05:24,visit,294,44
617c5e83d720d8497bcd99523ff3f35fdad3434f,REPO-12,GH-5349,2025-10-10 01:45:04,main,228,10
1072d8ab304fdca4fc086a1717a62ab90d53a298,REPO-12,GH-1409,2026-01-03 05:48:34,finally,426,87
76c79ad07352c1684482e81730f1af802cd74d88,REPO-5,GH-9727,2026-05-19 11:40:27,quite,146,165
240a92f070a106161fae0e316c72c1c69dc837b1,REPO-7,GH-6543,2026-04-20 23:41:12,all,378,194
3ac43abc53f834e02b6ef1bbc3c3ae3863845039,REPO-7,GH-6529,2025-11-10 11:42:01,future,103,137
7e6343eecdba2cd543db595200ff71c4722f898a,REPO-7,GH-3522,2026-03-12 17:15:37,main,356,11
0edfb530ae56bbe16429490240566557183691c8,REPO-0,GH-8430,2026-02-12 21:30:21,dinner,249,168
a9b0a9aeb88606088adbb4e56238fccf82f7bec5,REPO-12,GH-5022,2026-06-09 02:20:45,check,473,175
6471fd2e8db25cc6d419250db93af3c1a022d3cc,REPO-16,GH-2293,2026-07-26 16:41:15,main,6,3
fb1007938768d8ed402f4f7dcf986789911196f5,REPO-13,GH-2790,2025-09-30 16:52:16,activity,218,168
89016951fb58a990e7aac8ba2d4c0d47d16b710a,REPO-7,GH-5720,2026-07-02 08:10:11,make,445,50
7d19c6c83b63e61bb1f59b7026d9380bf0231985,REPO-2,GH-9955,2026-05-05 08:16:55,way,481,51
3f48956e055b2abb53ce8259d4bde2ac9bc123cc,REPO-6,GH-5210,2025-12-26 07:31:43,image,241,168
4667febe36e640af0539e8bee3ffa573451b044e,REPO-6,GH-6658,2026-01-15 02:33:42,new,150,46
6fb81c45218f21c5b2807f3870946fd2d47c8fda,REPO-10,GH-3697,2025-12-20 09:59:28,fall,226,5
fed162031f559ba9386baf2a11183d74953ce8a0,REPO-5,GH-6419,2026-07-02 03:09:53,use,22,43
3a5e6bac7504d1a9d3ab8df4b8ae281f6929f0f4,REPO-7,GH-7484,2026-08-06 12:50:44,bad,396,68
e1c67988387abbb821f6cd47e0566d80aacd3035,REPO-15,GH-1452,2026-05-07 20:40:19,know,177,109
e1f6c088b5673c2de0df48959455b6b04f9f2e88,REPO-14,GH-2965,2026-06-18 21:00:56,friend,6,42
88fa777442fbc40d9fb9dc1a006e2e0c19417ad7,REPO-9,GH-2530,2026-08-08 20:28:16,debate,382,57
494979ca432a3f10a6e8b14a391eb8fab2ed424d,REPO-4,GH-5708,2025-10-16 05:56:51,moment,22,71
dabaa68919519b12d53ef9e529f24f828a363668,REPO-8,GH-6038,2025-10-15 03:13:00,know,491,0
762c47696f32396e8526e926be598706ae426816,REPO-10,GH-7078,2025-11-12 06:39:35,Congress,138,44
120fe43ea6506202ee801799b5b888d2378c9782,REPO-8,GH-9947,2026-05-18 12:49:31,identify,303,154
a9f785141733aece5733fc72f31850044b66642c,REPO-1,GH-6928,2025-12-27 18:41:50,feel,245,136
a0f90279b4288c564cf3259b77dbb9e8a56b8387,REPO-13,GH-6573,2025-10-03 21:19:53,total,434,165
a460137c0b4bfd91934d8f16ffaa30d19cf67d32,REPO-16,GH-6111,2026-05-08 13:32:44,which,235,13
3299940a6e664f749b311a66e47afc04270e580f,REPO-12,GH-4510,2026-03-25 07:06:39,thought,232,166
ac8303d1ab3d7409a42e4daace07001ef383ad80,REPO-13,GH-8837,2026-03-02 09:33:14,none,348,99
c5e3a3c26976b0bdc670a9f3377cf23ef3d5f1a8,REPO-9,GH-1611,2026-09-18 11:47:12,green,266,95
4e547ef5eee353e0d67dc20799c5f7bd1c37a8a0,REPO-5,GH-6129,2026-06-04 08:49:48,main,6,198
59d8ae5b6d932d2c88160098d5c0b852813f732d,REPO-17,GH-8905,2026-03-28 10:48:31,suffer,500,60
629056a563c4988f3e6283567b2804e1dbdf2dca,REPO-13,GH-6155,2026-03-07 03:54:02,face,19,58
db0871d4889955c13e5e2137c3bf27ffc21ff9c7,REPO-7,GH-8251,2026-01-28 03:30:25,instead,248,165
e324f3497d83ade43dd57d27c3ac9af428cb469b,REPO-6,GH-6977,2025-10-27 22:34:10,main,242,179
d481223eb1930ed6024b5c5d85c25bc4a8cee813,REPO-5,GH-2612,2026-01-26 14:05:04,anyone,440,121
acc8d32c9b13ec35da4af4a110ac14f161279e50,REPO-16,GH-3240,2026-02-26 17:09:47,look,260,110
6cd2e708d1563c000d5734d3099776696ec020ff,REPO-16,GH-6194,2026-04-06 13:18:57,whether,307,11
325c6436374ead60e19bb2b3698148d6bbc31b5b,REPO-6,GH-9196,2025-11-13 02:44:09,writer,156,174
2fae80e58582cd8cb2aadbaa8cff5ede7b8f8dab,REPO-12,GH-5374,2026-05-24 23:02:54,door,162,163
afc3c936be6efbe48d3c5d861dfab6cfd9a4b3ef,REPO-0,GH-4340,2025-10-15 12:55:57,chair,155,146
f886533ae4bbce77791e381b028e0ec006db1d74,REPO-3,GH-8612,2025-11-06 19:01:15,training,135,165
15eb92f92ada2981346374deb49b5d351fac1d10,REPO-17,GH-5712,2026-06-20 23:58:17,draw,371,113
70c87331fb179b6ee9bdc3e9decae2ef84842a0b,REPO-12,GH-4585,2025-12-02 01:23:04,shake,32,195
e16c74b524eb3b5384948da86d996964883b24f9,REPO-5,GH-7626,2026-09-12 08:54:41,main,347,3
2ee1b233960ea86ae6a45cf71d9cc8c527bfd4ca,REPO-18,GH-6928,2026-08-09 22:07:56,accept,429,130
07800ec81a4c0f82d158e6b4516b8853256701ed,REPO-4,GH-5708,2026-06-21 05:57:31,event,495,196
5d2f50497c190acdee636a34e389334a3cd43a80,REPO-7,GH-8673,2026-09-05 00:13:05,bring,378,1
4f8e03c0cd67ae2f86361080ad2d5f4b5649b778,REPO-18,GH-2402,2025-10-15 14:30:33,bad,106,183
3e55a97634c770735c74de583ea9767eab768122,REPO-2,GH-2996,2026-01-07 09:12:01,position,491,83
e7920bc669c98705f3f4b558a19450bb44155d66,REPO-19,GH-6447,2026-07-31 09:35:29,expect,145,91
3377d6d273303235d952572ef8aedef84aab0dd6,REPO-12,GH-1920,2026-06-25 07:06:48,certainly,316,87
f866661796afbef234f815b21d26c22de9f38ea7,REPO-19,GH-6120,2026-05-11 13:15:47,card,140,59
e13fc8de16cd8c6d1915b9770c4e787a873803cf,REPO-7,GH-7606,2026-01-28 23:28:53,some,76,200
b93c9969d01cf4902fdaba6b5d35e496a1dd655b,REPO-17,GH-4853,2026-05-11 19:34:27,want,258,1
81e1fab55cd311986e6dd5d3b58db2fdb7416c3a,REPO-12,GH-8355,2026-03-06 11:15:49,relate,114,173
a6869d560556d0027adc7ae1d4b7f84e60604353,REPO-16,GH-7636,2025-11-13 11:41:13,main,389,13
76b4cb3483855f1a160f3cf0451650c34d044eb5,REPO-8,GH-1611,2025-12-29 08:55:34,recently,472,185
81dfa41fb495a9fed82041a0e0f7678ea4173799,REPO-6,GH-4770,2026-04-05 07:11:02,fund,59,121
dc65d7cf3354ff1cab9c99f2e84a5e2311424894,REPO-19,GH-6442,2026-07-24 00:38:56,draw,153,10
b129c0d9d8e76f3bae7aed8e106b1c26d9909d50,REPO-1,GH-1090,2025-11-01 14:43:02,fine,323,138
745ef0afda96390acbe774a03bcebf846b85efc9,REPO-2,GH-3153,2026-06-30 05:38:25,open,77,135
6314a985f3f003ab4eb8646e5ada8c44875938c8,REPO-13,GH-6751,2026-08-17 10:54:07,receive,446,197
3c9cd4838ccd0b3ea426999e1afe323f3dd869c4,REPO-9,GH-8225,2026-06-05 06:48:49,describe,386,7
0ec70e86602366daf9b8be24f1027b56eaf94a63,REPO-18,GH-5334,2026-06-23 20:37:45,main,95,164
da4c6e5ba90090a0b40de666de354d3871bf16e3,REPO-17,GH-2679,2026-04-07 01:08:42,add,304,175
551ec1191c5f2325363b9cae820c0b791fffbe30,REPO-19,GH-3880,2026-06-14 08:35:18,main,440,28
74417a66fd06d1bef9754d888cad18a058ece03b,REPO-15,GH-6439,2026-08-10 20:09:53,method,8,142
34170327660b8c7c91a0c845d77d324df71b6a8d,REPO-4,GH-4968,2025-11-06 13:25:10,teach,320,30
e6631f938670ab81399fca8eae82bab06078ff3f,REPO-5,GH-2646,2026-05-14 07:09:34,my,462,67
0034132af8757dbd0cc79b75b3682a156e84e6d3,REPO-6,GH-7232,2026-08-26 08:30:05,main,196,161
cb6e276e42178fe87e21ee1e3d32ec8e2c5118cc,REPO-0,GH-5562,2026-01-26 01:30:32,reality,377,191
5c9e0498410b428e8eeab0d660e732a6b7f9f74b,REPO-4,GH-9698,2025-11-25 18:27:33,born,449,95
09f40d81b613ef01167011df73595d345561c450,REPO-19,GH-5741,2026-09-16 23:21:01,whom,481,39
31dc699dfa5a542dee20094fa897403f0f18228f,REPO-17,GH-5941,2026-02-15 04:29:27,local,208,180
b0de337310fc60ccec684ba22737540c54339567,REPO-19,GH-8941,2026-08-30 00:06:55,degree,230,0
9740976b3c3c5824cfd90111014f7448a2a0ecb7,REPO-9,GH-8564,2026-07-26 21:24:30,authority,69,195
0112cad0b313111d5894abcb97047313a9630377,REPO-13,GH-2874,2026-01-12 20:43:37,rich,41,179
5c132de4dec6be5a03cc1a2de906ae3b66763ea5,REPO-8,GH-5772,2026-01-24 05:54:02,participant,125,102
2d352015292ce025a41671eb78d1e820a2323439,REPO-3,GH-1339,2026-06-05 18:27:09,main,292,115
9948fae14cd1b7e60007c6618b9dd688e837109c,REPO-12,GH-5342,2026-03-24 23:29:20,size,102,32
ccbdc93ff6f1452894123b01d5be4ad7fe39afb3,REPO-1,GH-2924,2025-11-08 18:12:57,wall,238,154
fcc5b5bbd278f7ef424e28a32926474d92b41b17,REPO-4,GH-9167,2026-03-24 22:29:20,air,291,124
0fe4aa799cfbdb69b30ce6f25a4ff02bcd34b18e,REPO-8,GH-3851,2026-03-30 21:58:03,local,199,47
bf284658bc64a20d35022380625a60c9b374b1c7,REPO-13,GH-2816,2026-02-10 15:33:38,within,6,98
2218e49e57ce3fadb8eec5cce0685e8d59b53308,REPO-2,GH-8222,2026-04-28 16:17:34,main,292,149
8257d46733b7a424749f73ce5e40ce74b06057cc,REPO-6,GH-SHARED-52,2026-03-13 12:42:39,industry,313,151
7c377d3ec572245a3076e5d1ff5a3ad6fb46a28d,REPO-19,GH-3142,2026-04-09 23:50:20,main,281,63
e7da97813582acccfd27f5d1d15bc51b110fbd1e,REPO-17,GH-5089,2026-02-03 13:45:46,explain,498,102
9100d2d87440c2417a95f0f09c496b9d2061f89a,REPO-5,GH-9167,2026-02-17 13:41:27,main,223,3
50956b5fef5762743c3690c5924562dd0faea06b,REPO-7,GH-4908,2026-06-05 20:40:41,without,26,133
7fd57653eadb096c01a81aa56e51a225eab4d8d9,REPO-16,GH-6236,2026-03-10 01:53:39,current,392,153
7e07f2dc17f52a2607df7c4202d3dbfdb407b671,REPO-4,GH-7246,2026-03-02 08:26:51,fact,3,17
7fb7311680e9bcae6a656cb8ea50e7118ae6efac,REPO-1,GH-9452,2026-04-20 14:58:04,main,358,119
e75c17b24ac1855697d13d8ad6518a4584619410,REPO-2,GH-9437,2026-04-16 08:57:34,responsibility,334,169
3a2c3ee3224ab978c3790e092ffc1e0e82f5188e,REPO-1,GH-4920,2025-10-16 07:55:15,bring,480,144
f614504473d453886a32fd02135e16f87db9d05d,REPO-9,GH-7484,2025-12-21 05:43:01,want,265,147
366eebe9095646ee144924c80c6037408c8f9096,REPO-4,GH-3147,2025-10-10 19:43:16,main,241,33
d68c3d905106c4b9595d57749482660d0d8181d1,REPO-19,GH-6119,2025-12-28 16:33:22,blood,168,171
0c26eaf6b653875757e467ce7807dca2cab14a6b,REPO-5,GH-3223,2026-01-11 22:33:13,pressure,482,178
07d167b85687452f97ef65b1b6c5ee34a655b13f,REPO-0,GH-2625,2026-06-25 15:00:44,including,364,166
9c80f034190832233ec2a08fcb31d50450424629,REPO-16,GH-5844,2026-02-26 13:02:34,similar,426,59
d36d692e8045101cd65f933571afa44a65780f3c,REPO-15,GH-5000,2026-08-12 23:57:42,executive,483,26
d8e11438ddea7e7d45569f51e76e9846c4b31465,REPO-18,GH-6218,2026-04-07 06:25:10,stock,472,8
2201b84fc3c478f4d9fc97e179953de5d8b18e74,REPO-0,GH-4119,2025-12-15 00:32:46,field,187,62
935200653f37d042986f6e9dbeacfada3ac50c56,REPO-3,GH-2874,2026-06-28 02:06:55,similar,171,122
ea0bc3235dc37df261f8d82eff936df5ca6f047c,REPO-9,GH-8837,2025-09-28 04:02:36,main,159,63
6a67c4353cf7d4d32c9de469b50d310e250fef5a,REPO-5,GH-1841,2026-04-10 09:37:24,prevent,38,168
6fcbf35f151b951a8ab34f193b44fcb5cc3cc6fe,REPO-19,GH-8690,2026-03-31 02:47:41,main,50,3
cd9cc14f880ffb4b8189c97e8f8f406bcc79a151,REPO-15,GH-3063,2026-08-24 01:33:25,edge,87,18
edf7ef887aac5c812d82a6df0f81e68f8bfeb67f,REPO-11,GH-2832,2025-12-02 01:46:04,available,45,193
1a45260f248c31c1c4f8415a129fbb237747d41a,REPO-10,GH-2795,2025-11-30 16:20:00,we,428,149
887c3548f8dc108c673ef8bb6b1ece6b913631ba,REPO-6,GH-6198,2026-03-22 18:00:32,add,98,76
0a9f93efa52f7af8849e265c5e40d88b564ac758,REPO-14,GH-3979,2026-06-12 14:56:51,good,1,199
84743fdc5c09eff7ab8ad0838c4fbc20826c1dd0,REPO-13,GH-3803,2025-10-05 01:12:20,everything,491,136
a0f6b2460434f8c07038e8d96c3717ad09871b02,REPO-4,GH-3526,2026-09-04 05:00:02,respond,34,1
8997dd09750c46034fd07a0f5f56823aa80b595e,REPO-19,GH-4295,2026-07-19 05:13:44,phone,323,8
b2ab07616c9d7d9193d55737d8db4c0e8e752164,REPO-7,GH-4637,2026-02-10 17:18:06,past,276,151
3738d5f28346e3837615e5b99d89307f816e437e,REPO-8,GH-1339,2025-09-27 08:27:58,end,498,65
a27f133f366844eaeb096218cad63c7e8134210f,REPO-2,GH-1815,2026-03-29 11:44:26,tell,261,0
6521eda9c1850bd6d3409e86c0dbe3d733f8a422,REPO-17,GH-9047,2025-10-03 17:10:46,fill,378,24
ba452acc2a7b1c57efdc11506d379f2a295682e7,REPO-14,GH-3683,2026-08-17 09:11:44,most,410,158
3fc95abca1aab39c4b42d3ba1f76689881dd9a7f,REPO-11,GH-2341,2025-11-30 22:28:42,stage,60,101
464691b85f896023c2c9570757834b793cdc6548,REPO-15,GH-6990,2025-11-02 10:23:27,summer,26,72
7eb576c11c60c3aca39c93adffab26a05809169f,REPO-7,GH-SHARED-52,2026-07-09 20:50:25,main,7,183
370317239703adc66a145012a984be2773c84d0a,REPO-9,GH-6147,2026-04-05 12:23:06,offer,10,194
05124f225eba5e745b4f603aac45fb87189692d0,REPO-17,GH-2684,2026-01-04 21:39:48,environment,412,138
2082701ff8638cb4457662224b786a1c3eff45e1,REPO-6,GH-6724,2026-02-15 10:30:28,their,394,41
c6fbe73d84230f9aa91ab93550518488d5cc1b3a,REPO-17,GH-6585,2026-02-10 21:48:04,goal,486,71
81c0a439bab0d4fba46ea9062c0d171bead49f20,REPO-0,GH-3532,2026-09-08 03:16:42,record,81,155
c8fb03baa5aeb1b943e0c836c3cd8912a631305c,REPO-19,GH-9486,2026-08-25 18:29:44,main,370,60
76892cab0433a1745c3cb2a17ec954881db08f16,REPO-13,GH-3546,2026-08-20 14:54:44,budget,478,48
d3d12623795d449634589162706d50e8e01b803f,REPO-13,GH-8264,2026-01-09 19:05:04,should,369,154
de87fbac4c383a32e07edf975989afb288247710,REPO-3,GH-1920,2026-06-02 10:27:23,item,48,138
f0825c033e0d012f7c7cf4a70e8e29b9b5fdac72,REPO-4,GH-5333,2026-08-25 12:03:30,change,52,24
b0835660dcc3153528572f8775fc5acefa056a71,REPO-8,GH-7163,2026-02-12 16:22:42,election,25,87
825dedd9fc78f133629fe2ca9386a42e2601478a,REPO-12,GH-9751,2026-05-09 06:33:36,lawyer,62,28
11477471d52e850a4c78ee9096f7879060783a96,REPO-4,GH-2139,2026-02-13 13:07:18,behind,308,120
1e9e24562cd2135f2637d54510b0a94ae08e9d4d,REPO-8,GH-4986,2025-12-11 05:49:28,huge,358,14
c8707234015704b1924b24e7eed67ae4cb13eb5c,REPO-6,GH-1514,2026-06-02 00:30:55,eye,33,74
0d99d1cfd5aa20d6a15022fb8be0ef6eb60af3a4,REPO-2,GH-7576,2026-09-02 14:39:36,off,174,186
0dff38b752352129d8455a16a3b649cbd7804aa4,REPO-8,GH-2646,2026-09-11 04:26:09,main,249,99
6ccdbc774a61727888f7e310be672d209f899cff,REPO-10,GH-1599,2026-09-02 04:51:44,evidence,193,0
bd44a36dad67c30dc7befb4d77ef0e3cd2e43ed0,REPO-0,GH-5533,2026-09-15 11:57:03,view,38,189
174605cbc0471abfda99806d25823ebe127c3635,REPO-17,GH-4770,2026-02-02 14:03:09,key,465,99
872012c1bb525116643e7e6dbdf45fff036aa082,REPO-1,GH-8316,2026-01-12 05:53:42,analysis,223,2
183bd74ca03bc43eb031f4249606917170ffe519,REPO-4,GH-7095,2026-05-10 00:34:25,gun,329,22
61d06fd22aa9f4698486bd12c361c734ff93130d,REPO-18,GH-2188,2026-08-16 22:07:40,lead,111,150
6b74e9de7487e456cadcca325666d250e421f02f,REPO-3,GH-5564,2026-08-01 20:07:30,structure,380,60
f34196a3c4ef51889b1c54fa9015da80dec03d88,REPO-8,GH-5334,2026-07-31 16:14:02,break,103,196
4a1bc590222ef37d13340fe2ce7f90fbf40aa910,REPO-11,GH-7232,2025-09-30 04:46:19,main,295,166
87cb61b96f9966c673975b7dc0d3bf49befbf268,REPO-17,GH-4945,2026-06-20 04:39:26,responsibility,442,118
633c8f38740834797f0fb2fe70a9a83c508d2b53,REPO-15,GH-1282,2025-11-24 07:18:33,figure,132,69
a83795bcd72fe9a3b09197f4fad4e47af393223c,REPO-17,GH-1672,2026-05-27 05:16:38,commercial,147,84
4ed103669ba915c8d229ced205ef81e6b1a3d1b6,REPO-2,GH-5002,2026-01-22 21:16:02,attention,323,143
7d87e43425351a98a2291626e64c114de9506440,REPO-17,GH-6295,2026-08-03 13:37:20,long,323,89
06442b4192aa074f68a3b6416c6636a0469edf21,REPO-12,GH-6439,2025-10-12 20:47:44,that,86,152
6c3781ad9faa18fad6abb282e15d55c7fed12bf3,REPO-15,GH-1053,2026-05-15 06:54:48,middle,209,97
a4b59d9315cebca4beb319ba8587be74f1701a42,REPO-13,GH-8973,2026-01-23 17:32:53,main,431,35
c6aeb9ace2d7c468a6dd5f51e6b449e18680d855,REPO-13,GH-1525,2026-02-10 18:20:40,a,152,114
3a646f8916cfda369f26c95d73417d5d47018e55,REPO-11,GH-3616,2025-10-16 08:12:21,main,188,129
8dd2ae089067a56d729937e4c7b2f4c69afc735f,REPO-2,GH-9998,2026-02-09 23:21:20,main,349,1
8a496a7026494592892350aeb8a77d20701ae161,REPO-7,GH-5772,2026-07-28 22:16:10,reduce,487,23
2011dcf8eacf5a9b164f7b8f78843c36a51ac1cb,REPO-3,GH-8690,2026-07-22 13:36:59,before,178,134
f222589549a7ebe00821cd20b9bbd0d864d41503,REPO-1,GH-1845,2026-06-30 22:33:50,significant,131,77
3babff658a1e386ff506fa187da58a0cce0485c4,REPO-7,GH-3399,2025-12-12 08:43:03,why,227,145
b55d7f4394cdcacfdde6af697aae22f701bb5207,REPO-12,GH-4249,2025-10-28 07:25:51,almost,188,54
1314e808a8b54f36e06070b29c72227fb91ae5cc,REPO-10,GH-8612,2026-03-29 17:25:18,main,470,119
1347965da5129b5cf13414c88e3f36d5545175b8,REPO-2,GH-7708,2026-01-01 13:24:10,public,269,163
387e0cabe00341535257d74ff488907b21b2beb3,REPO-10,GH-9327,2026-02-23 23:06:38,main,284,60
9f26e19ef5c7f96b07b1130c5fb06711ad4ec6b7,REPO-10,GH-2293,2026-09-13 02:29:37,every,136,160
e19f149401eaef325b417ba4ecb52af60f4c2b5a,REPO-5,GH-8564,2026-09-19 07:54:58,main,356,122
7038262f5d2292304a7cf0059d2082a604bf345e,REPO-0,GH-4944,2026-01-25 15:21:10,least,289,47
b6222168d11528adc4fc9c117f74c87a4f4fb57d,REPO-19,GH-6460,2026-06-17 15:06:29,summer,124,55
7aa40e33690b57f7644320e134766cc24a5f868d,REPO-4,GH-2106,2026-05-09 11:59:46,special,358,122
8322917410e9f842aa4a38b158c218c9de16bda3,REPO-4,GH-6198,2025-12-13 10:37:19,keep,441,103
0ffdf7b65db03dd263004e3ec33b50c6aea155a7,REPO-1,GH-3851,2026-04-30 05:23:04,main,472,34
91b51786ab5ee48ce124df1cfcf8c915c2de20f3,REPO-5,GH-8378,2026-01-23 09:51:17,our,412,117
73508de6f24c8a53ad3d708d6ef4d6abe8062e43,REPO-18,GH-9452,2026-05-28 23:26:28,cover,85,112
b817cd8d03487b04c0bc6270cf03b51f3d780d31,REPO-7,GH-7421,2026-02-19 23:20:30,main,82,57
c4fd67cf3cd6c29107c4363ee40a315017f75259,REPO-7,GH-7397,2026-08-16 19:09:08,certainly,295,24
7e3c36c7f6cd193c46c9bbabf74489d4f648fbd7,REPO-0,GH-2290,2026-04-19 11:05:11,form,97,58
3fb2ee8a45e322f4f1299fc9747f77edeec84b16,REPO-6,GH-7046,2026-04-10 14:58:58,seem,37,154
fb5cfc4f47db108477a7243626604c8242563251,REPO-15,GH-5335,2026-02-12 19:46:35,main,442,21
b55f22dd950eca113efb7477029d59c5ba8eee9b,REPO-8,GH-2106,2026-03-12 01:15:03,item,460,99
93ac45815a9540462958e13f405982d317d3b97a,REPO-14,GH-7818,2026-03-25 02:33:49,operation,354,155
532106008fc20e701e9685dbac2f507f3a6b6dad,REPO-0,GH-6372,2025-10-07 05:21:26,main,404,72
67215f39066cb7a58e428379c9d6466953c9e4ce,REPO-13,GH-9624,2026-03-09 10:19:52,challenge,78,32
7ec8a7148552ef49004cb06dba70999619930412,REPO-14,GH-6992,2026-05-23 21:14:40,stop,481,19
a6b58a5f7b83783dc203e7cd71da422d3098ad9d,REPO-16,GH-6170,2025-12-30 04:42:24,main,489,101
9ded493287ac2cf2cb51455deefc70263d1e6610,REPO-9,GH-8371,2026-02-18 20:43:59,of,474,113
3f99d0851fa5388e29ba577026dfb5d4484376a6,REPO-17,GH-6403,2026-09-11 10:52:36,finally,194,8
b9624b45389cb1f6ee4780f50f0915536346b136,REPO-10,GH-5279,2025-10-17 18:04:37,increase,408,77
4a3ad682eb328225766d4e54accab833d36ac2f7,REPO-9,GH-8749,2025-11-14 20:53:32,according,20,163
8b529471ffff4643079e811e3a119f13164e9fa9,REPO-9,GH-7001,2026-03-25 16:46:00,two,460,126
1e276e8f07c005d7347c190feb7a422da8721839,REPO-13,GH-6374,2026-04-16 03:16:20,arm,188,129
8cfe1e6224316ea5e2d2e0de7efc60b0ebfc5c5e,REPO-14,GH-2612,2025-10-29 20:09:54,themselves,292,0
a37ec6a8a754aae9d32e84483f8f221187f05126,REPO-1,GH-4467,2026-06-06 08:24:19,phone,98,130
379134486b02503a692766c4c996549c38750c63,REPO-9,GH-6802,2025-11-03 18:54:37,others,162,152
ae53ea77d64304ac6c4ab256ebc0de8be0075366,REPO-18,GH-2988,2026-04-01 22:41:28,treatment,474,55
7a67fb775db4b9d06e119dad6ea4791f77170832,REPO-17,GH-7334,2025-10-20 14:23:09,pattern,307,19
6304ac9926ef621509592850e9be1fa93b24b735,REPO-16,GH-3950,2026-06-15 21:04:12,series,379,158
ce65ac5a414c958983175fca3806bfe23ac0bdc4,REPO-6,GH-2832,2025-10-17 13:16:11,main,397,111
dc2b976d969092ab93e74d13ad236b0c6dbeedf5,REPO-4,GH-2753,2026-04-15 11:00:53,sit,500,151
24c753e81e0dd0973b65b242867330d43f81ae26,REPO-12,GH-7396,2026-04-07 07:39:33,want,81,183
850901f96417f040aaf5d5184e76873ec1f7ff29,REPO-3,GH-2625,2026-06-16 08:53:11,clear,288,86
24bc99bd83ab865d852232bc40b1054925c3053f,REPO-0,GH-1488,2026-01-21 19:36:14,serve,94,175
d20939123bed7f8966559041753a5f997e10c308,REPO-5,GH-1832,2025-09-29 11:12:39,main,419,151
c8f98a1cd4b7e9fa3b03b24cfcfe63b36a4c22c6,REPO-5,GH-9922,2026-05-27 04:03:15,building,237,191
935bf9658fa034c1f9532d60114eb5a7bb119689,REPO-16,GH-8239,2025-10-23 00:53:40,main,66,52
689b84f398e560a9a3d4f69121bf519e1483faba,REPO-17,GH-3267,2026-05-19 10:49:19,nature,169,168
7c9d04e7073f3241f07f35729a3b79340f5a1dd4,REPO-12,GH-8498,2025-11-03 13:55:11,body,375,51
072c039c84a329bbe98b81fc3a8e9bb05ecee42f,REPO-9,GH-6992,2026-03-29 22:41:04,mouth,295,153
eb0aac21043e6e431ea981dd155a8e2e96ee4246,REPO-10,GH-9543,2026-03-18 07:44:56,with,228,159
b53192c8a45c1989810c988e79b43ed2c03f2e94,REPO-12,GH-3780,2025-11-13 06:26:59,main,278,61
bb02623447059cd85c495da18ef1bbf7fe393c20,REPO-12,GH-2475,2026-04-02 19:40:40,ten,430,139
21d53de01f0b5672327c27d6dd0ba9c953f8bf8b,REPO-4,GH-4846,2025-12-27 04:46:17,office,206,33
e665198c9d91b7dbcfa6af0ac3aa4ee94406a8ab,REPO-13,GH-5978,2026-01-06 00:59:30,responsibility,164,187
32cf922eba5d983128cdf25e955ee3091488bac7,REPO-16,GH-8213,2026-03-16 12:04:19,main,170,127
d1f2fb20e4eeca2657746d11f7881d9804a362f7,REPO-11,GH-5742,2026-05-24 15:25:10,child,52,44
d977fef032f5b34c3686fc0fe417e7acff85b505,REPO-13,GH-8135,2026-06-01 00:52:21,change,27,98
81a448aa2bd24a0a6cd79a083fbd8c69e45b4693,REPO-11,GH-4295,2026-08-10 20:31:30,effect,181,65
4fff6a32ea2ab72fe66db807ff544912f126e44b,REPO-4,GH-8144,2025-12-02 06:49:41,main,442,77
e7ab747c4a1c6858ecf06237bc028e8c0639d550,REPO-16,GH-6724,2026-06-25 16:05:49,maybe,478,75
f27e8bc466a7733240024730dbc23ef40410bce2,REPO-6,GH-7291,2026-04-01 13:21:26,region,468,136
607ca3f5de39c14d389813e9cf280d0e4730c08f,REPO-2,GH-1645,2025-11-04 19:20:10,mind,126,104
139c5238f3ddc57dbc67fbd4ee5effca758eee93,REPO-19,GH-9698,2026-02-16 14:56:12,main,138,39
893857208891bab528ae08ad2a0be8d1188f4740,REPO-1,GH-7293,2026-02-25 21:13:59,such,375,12
66619771ae71cb47aed5a35fb7bab59bf69a807c,REPO-8,GH-8685,2025-11-07 15:31:40,teach,299,197
1e33afa9ed9107141a7b7da6d431e3d48050bc7b,REPO-2,GH-1742,2026-03-10 22:48:55,federal,306,124
0819134bcc2e1a3e35cff5c9c3a81feab09613ef,REPO-8,GH-4792,2026-03-23 11:24:03,main,285,68
d95f8c643030130e83fbc42cb2ad83ddd37900e6,REPO-11,GH-3236,2026-02-25 04:49:49,floor,270,3
dcbdf0a7e67f71e07f2c1193ecd3599e411030dd,REPO-1,GH-3306,2025-10-10 04:46:00,walk,386,197
11196c51d5f4675b5f75100069d9d022ac787d8d,REPO-15,GH-6419,2026-06-09 04:33:12,main,499,3
d509557c10615de212d6f70a3174cb0f5a189b6b,REPO-10,GH-7484,2025-10-13 12:26:32,main,390,140
9d229883150efcaee7d1bd43f0535398108de38a,REPO-13,GH-5012,2026-02-11 17:22:45,management,316,64
57021cd9783771e89387faea979c0d1785a7364b,REPO-1,GH-3610,2026-09-04 15:52:29,factor,47,90
818b7d071dd78c81172d0b21938abefc28873028,REPO-8,GH-3827,2025-09-30 12:05:25,main,9,119
461b2dc5c5ee4886b1d6c4d1bb02136978d5315b,REPO-9,GH-3900,2026-02-12 21:32:06,traditional,50,144
83d3907f25a96ba17eff3b12072e8917f28c7f8e,REPO-13,GH-8894,2026-04-10 09:18:05,weight,188,29
c3aeafa0ac999c61f7799a1f504593e3c9e0f396,REPO-16,GH-6776,2026-06-28 05:34:32,must,2,128
0db5ea0f6bf2e417f9aab50e1012a3844c67eed6,REPO-16,GH-8739,2025-10-21 08:06:16,civil,264,70
25f10811e3957ecfe5479ce3da022aea4ec082f4,REPO-13,GH-2771,2026-02-10 14:43:24,order,393,56
7f4c3e059d7694eddab5ca7ba4888f6c6f7e50dd,REPO-13,GH-1525,2026-02-05 17:30:26,town,185,184
82d9d7e8f8a9f0900d5199475f8c14c7f1ea56ac,REPO-13,GH-8871,2026-07-29 11:37:53,still,476,132
379601ddfd355cd83af399082fea4de599646cf8,REPO-14,GH-3780,2026-07-20 03:06:11,wind,197,103
d9f24b14f794ecf231e9d38ae19d94f08cd6f075,REPO-18,GH-9976,2026-02-26 22:46:01,those,329,174
2b434b302e1b9a11f4faa150de436255927b1023,REPO-2,GH-7606,2026-06-04 12:10:12,marriage,458,195
621ec4bd34db2002bde78f9558bfe15dff6e1b3b,REPO-17,GH-1046,2026-05-20 05:56:24,parent,399,37
9a54963eaaa87adc233b6728a66df1bea48b81d7,REPO-13,GH-2388,2026-06-29 02:47:08,stand,429,5
11ab0fcf4407d09461be5ec3e7159d0c1f2efd09,REPO-4,GH-2269,2026-06-09 20:31:33,carry,61,115
841a020cb43901529ea010f7f1e15fb83e7d3ec1,REPO-18,GH-5889,2026-06-24 22:45:39,partner,417,195
f858181ac1097ed009f0f25640f9f542c07a0a69,REPO-1,GH-3449,2026-02-09 03:34:04,main,144,119
54bc03a11703f0219e170bd1d4d7bba65a34de44,REPO-14,GH-2612,2026-08-15 06:11:09,answer,161,51
b7b79f2ee8d4483fcf761963ce6d54bbc821bebc,REPO-1,GH-3481,2025-10-08 10:14:55,cold,108,118
4aa6e4f93f747c28ebc1f0984b8e33312dfa1147,REPO-19,GH-3504,2025-12-25 22:43:33,born,155,94
aa628b81a85d2e9dd8639f3b5651959773ff4088,REPO-5,GH-1606,2026-04-08 22:08:47,main,108,129
9b81e18265aa092909bd38b5ecd8ed2739a1090c,REPO-16,GH-5847,2026-03-30 23:34:34,each,269,5
6ef557960944fd017c79a3f6c09fc2e995d5c5fc,REPO-4,GH-1475,2026-07-23 16:15:15,significant,349,27
86973a3084604def6d91199bd30ebf10cff46c16,REPO-19,GH-7216,2026-08-01 22:39:38,we,171,188
0517d603a703051bbc5bcc30ebb103515b161d10,REPO-17,GH-3697,2026-09-04 00:19:14,wait,291,165
5e8f41c41520b63c54c8ce7f454b428da27a98ed,REPO-0,GH-3267,2026-02-23 03:00:09,main,4,102
e33ebe05dd52fbe49ab2d40e2cf6a03e89a78650,REPO-19,GH-3287,2026-03-09 02:17:32,main,25,116
82e2e8cce77cd62b027a84735c3ff823aad47fcd,REPO-4,GH-3369,2025-10-21 00:17:00,building,458,59
b5e2f16de388c8560eab2dfa05f0a35cd2e05f59,REPO-16,GH-1461,2025-10-11 11:50:55,main,224,169
2da19d5b5721196e5f82d32081e23e410b887e2d,REPO-14,GH-8668,2025-10-25 06:23:30,house,162,11
80d738b07b7af1f1f14d5126434aeb9f72093829,REPO-10,GH-8894,2026-05-20 12:23:07,all,212,132
383c30bdd4fb95f5555adb5d9720f5e0bc46c666,REPO-14,GH-7224,2026-09-20 15:12:11,main,227,60
739c24cf1370c90be1112dc7cf04e8a7704313ae,REPO-10,GH-2657,2025-11-07 18:33:30,huge,433,196
038c46946e0734a380a35eb6a78b09e32d50cb01,REPO-1,GH-9056,2025-11-17 16:45:15,painting,48,134
1c1f9689929d07818ffe2883c0f6df4b85e8277f,REPO-19,GH-8489,2026-05-01 01:44:42,main,114,132
a0a1bb53d0979fa228086b623497a991c10557bf,REPO-8,GH-7149,2026-01-03 00:30:31,respond,189,130
6b4ea1b67408135515bb31d22a555cf4bb713997,REPO-15,GH-8123,2026-01-16 01:37:52,site,360,26
67ef510385c3849269e7e12bfb5d5488bbb0ff03,REPO-14,GH-1651,2025-11-28 21:52:10,newspaper,385,100
ff9f06de5d5fb7ed945e17943f8a89896146283a,REPO-18,GH-4891,2026-08-07 00:27:23,before,447,115
6168f517f01a381fb8895de1b26e899729e6c632,REPO-9,GH-2475,2026-05-11 00:43:28,relate,137,91
1ff12bf52fe8a3602ff652773c83824a96d4523a,REPO-9,GH-7149,2025-11-03 07:47:28,take,243,147
4f98f7048062122d6555e592c486ffda9ff327c8,REPO-9,GH-6939,2025-11-20 13:13:24,here,222,55
5637ba831ec99412e8e2fbc8c24de8cb3ceb8b85,REPO-15,GH-4898,2026-07-24 16:52:58,office,445,30
a53d057e69e8d9db6dc938f35a6497d13266890b,REPO-15,GH-6153,2026-08-28 16:43:36,crime,470,41
b0294f1a8ae22dfdc4c52bff555fba34fab4fcb5,REPO-3,GH-7897,2026-06-18 23:09:09,whether,287,198
b8c1b33e17c6bb87dd5bbfc4289b04f3c320f543,REPO-9,GH-4918,2026-07-06 19:10:46,model,421,58
60e5475dd72b12a168762469f23d2b166a09853f,REPO-9,GH-2790,2025-12-09 19:17:22,own,378,95
cc933f862e34120dff60bc1712b335b5002050b6,REPO-11,GH-9331,2026-08-14 08:39:00,he,276,63
9b0c815ef670084db9c65fc28740338f586f00a2,REPO-15,GH-4060,2026-02-12 09:46:05,operation,91,186
ccaa3536dda43b878286d89ce0038292884f1667,REPO-18,GH-8141,2026-08-24 09:33:04,audience,333,21
12a7058089c8007a0215db01ba7a562acec1d59b,REPO-14,GH-9935,2026-03-16 09:43:31,however,486,41
d594f8a9ceebf4abe7736b31d338c7ce1af24148,REPO-18,GH-1502,2026-09-01 09:08:25,bar,428,73
cf3fbf207a2a562dfc6f8e2725a1504b49026973,REPO-1,GH-6438,2025-11-15 08:36:15,fire,419,143
5d5fc21c2e0d7db905629e67475428de337bf86b,REPO-15,GH-5333,2025-11-05 03:39:45,during,14,188
845d11c83e16f4e3c21c81fa79dc94d88eec8775,REPO-7,GH-7291,2025-10-16 22:54:15,give,15,38
f4e6aae4189b08bb038a786eed7b113fe6b1799f,REPO-11,GH-3852,2025-10-05 17:11:47,yeah,372,165
0df7a7e5491fce7454ac2bd5aed94d46582ef194,REPO-3,GH-2215,2026-01-17 13:06:58,enter,213,105
0a9e03dee8f93bb2efec70ab5b26f57594c54924,REPO-2,GH-5012,2026-02-25 14:07:23,author,161,191
5099ce5278051a980d0555d8bf3f31e9f29a2f17,REPO-7,GH-9817,2026-08-31 18:50:20,field,487,8
66496f516d9f1a3d6590755a796e4fef172e9b20,REPO-4,GH-4450,2025-10-26 00:03:30,effort,113,68
57037e7cfb619650e9bff6b2fb8d735bd4394426,REPO-13,GH-6585,2026-08-24 07:26:27,popular,216,124
ba31d18cc88f026655679a3bbeb2b44097c9566a,REPO-0,GH-2235,2026-04-09 03:51:40,present,232,157
50feaaed0c6b6077d381f15b7116e1fc3ef402ec,REPO-4,GH-3147,2025-10-18 23:05:05,wait,417,103
4fea71f5b8325bf59b110a4b71ec62b2bae0b804,REPO-9,GH-5010,2025-11-09 00:30:36,write,109,62
6a55c28c4415b8af091f4deba3cdcbc22ba1260b,REPO-12,GH-2713,2026-09-18 05:47:32,read,158,35
875452169deaf046c757051c1b442d9b5165db12,REPO-12,GH-7211,2025-10-08 14:30:02,know,66,97
bd039b2a65c5b530c903afceaff9df6e19a4340d,REPO-18,GH-7484,2026-01-06 06:40:24,view,183,188
9b19fd20e03eab404f0662474288fa52fa79917f,REPO-11,GH-4986,2026-07-20 22:56:26,democratic,328,46
d471fc0a6ba614c37f63065cb3a7096978a67a46,REPO-14,GH-5719,2026-04-27 10:18:32,main,135,23
223ed25d205b4e5cfd8afb3ef783aaec0b9ee39b,REPO-1,GH-3803,2026-02-01 23:15:55,record,440,140
356ff859e908a1e5ee3c292ec821348c0afa8c1b,REPO-5,GH-3223,2026-09-16 06:31:10,main,176,16
56f22165273e64e41a80c219a65d7b1a1ee8fb0f,REPO-8,GH-3587,2025-12-27 11:11:48,support,247,36
6bbe3194d9cff9ae7d4e16d1300f3dd57d5473b7,REPO-17,GH-7381,2026-05-03 22:36:21,scientist,154,120
a9b80092cc8fa83ce95bc14277ee7e7fdb86a77d,REPO-2,GH-1845,2026-08-17 05:52:53,also,150,148
c7a589b2a007acc2786e660cf77fa16711a042d0,REPO-18,GH-6994,2026-02-08 06:35:58,keep,239,150
8cc67db4a04ba5223a2e06e21d1a276401842d89,REPO-10,GH-9098,2026-05-17 06:13:30,woman,254,166
2f417a88138efa4f45baff23d6b8372a80579665,REPO-3,GH-1710,2025-10-28 06:16:15,measure,358,135
8c8d62f0c0b53786eb51a56bb6a269a18e57ba98,REPO-17,GH-4846,2025-11-16 05:46:57,main,44,79
177ced0fb7d4f5eb88b6f35e3737ce4b1f20f137,REPO-2,GH-4697,2025-10-13 04:08:21,model,34,64
38fbac1398f19c5b0ecc75554402b3f3aa2982aa,REPO-15,GH-7105,2026-04-12 02:17:59,hard,324,26
ba2742ff3d3d5542a7f355add9cc1f740b81d6ae,REPO-14,GH-4872,2026-03-13 13:06:06,station,344,103
08f7fbaceb5ca7116288cec336d9f0e3228af787,REPO-14,GH-7229,2026-08-23 00:06:27,drive,329,140
73d967c04f75a658d6e094431a9d4236bab568d9,REPO-2,GH-9167,2025-10-05 06:57:03,main,92,180
e0f533752e5573002c5ad769c8500f278ba9393a,REPO-6,GH-3927,2025-10-07 04:43:14,talk,258,110
d61eee18dc4908d3a82563278c718d3e0b236a55,REPO-4,GH-1452,2025-12-12 03:33:43,trade,49,24
7868b09f7c592ec887bba7dc671c76f8d7b81f10,REPO-4,GH-5010,2026-02-21 07:14:28,sing,246,9
e6d4c5d968cd21cfd0f3d2e8de4f9a55dac86685,REPO-2,GH-4571,2025-10-03 23:44:29,area,302,144
685bfccb7409b253fcc59122e5e2f74746bf3745,REPO-3,GH-6714,2026-02-24 07:20:59,safe,458,63
4905ca6b06fbbe5ba766dc517fe957b9b57ce471,REPO-16,GH-8239,2025-11-14 14:22:56,late,437,34
7a1c647d7bd445deb666d6a90dade280087ee228,REPO-1,GH-2070,2026-04-28 09:12:54,left,301,33
d04ba3f2efb28e27f6d961c132ea0aeb23bd23e0,REPO-5,GH-1188,2025-11-11 18:51:20,well,72,167
8b55e746e2a18d0ffe6302ddad3bb2a6e6f20f99,REPO-19,GH-8842,2026-02-16 18:22:42,gun,39,29
861ff9d203553c57bb3af9ec993b6245db969a11,REPO-18,GH-7396,2026-03-15 11:47:29,economy,329,44
f348f01cd3c10e62b0ea28c291f1fb9a43189282,REPO-16,GH-6091,2025-12-26 01:47:36,main,60,54
6e53f217ed57f59c0a16774f873831d61e697db5,REPO-19,GH-4908,2025-09-30 20:45:17,small,441,105
a82d3d945428df6e161ea4c43a569bedcd83ef74,REPO-16,GH-4912,2026-07-16 05:32:14,student,412,76
9456591f4a96a3a910d18d4ca80f6ed295e3356f,REPO-18,GH-2786,2026-04-23 04:59:43,suffer,99,68
084f8045b168bdfc4de6ec319d0484652197681f,REPO-1,GH-8371,2025-10-02 17:56:59,main,487,91
a625550b8e1ae17239e687ecba82163accf3ee51,REPO-14,GH-3527,2026-01-02 00:31:51,ball,321,62
5eefcfa0d6074976ad9b0bf7bde6c81d7fad3380,REPO-18,GH-6751,2025-10-18 23:08:39,couple,185,45
f9415cd905989cb3ae9b5c42231125b8a04148dd,REPO-12,GH-3492,2026-01-14 17:04:14,hard,171,144
f67420c64e9fd2b5ddabe8819a21e519e0bcdcf9,REPO-16,GH-6310,2026-05-18 22:00:34,election,214,106
a58e27166153b67c196cd9c64095e69fbfcbefc9,REPO-8,GH-6374,2026-01-18 12:34:09,information,190,56
6c84ee4b93b0fe5a897feef5fd08e1d0ef0babcf,REPO-18,GH-8498,2026-03-31 20:54:19,realize,148,113
db621cd5f1486875a58611580d2102ecf23f8fe6,REPO-10,GH-8740,2025-10-26 18:56:56,writer,107,143
728d24a3b3babcb44a0e6da025a7fd230581bd4e,REPO-7,GH-3900,2026-04-26 02:14:06,season,450,181
18649f03497db8007990a2e35d4854fc67daa588,REPO-3,GH-8438,2026-07-09 11:49:10,water,81,164
8fafb08c02a1f02c202003b600d732905db69ac7,REPO-13,GH-4680,2026-09-17 08:26:36,life,281,57
8a35e8c9054a2e315cdc69d7e80d68aa45727582,REPO-6,GH-7797,2026-06-30 21:58:28,hit,281,84
6d7d716ad0ec78cc603bff9b7c2f8261428daf06,REPO-13,GH-2195,2026-07-26 23:09:16,trouble,375,137
9cfe7e4a4de0fb64b8718af3d56c66b0fcc7abbf,REPO-18,GH-5295,2026-06-07 19:29:15,walk,122,157
af461b7b2abab809c6594526e48e920d4d7e4dca,REPO-3,GH-3870,2026-01-08 20:41:40,main,345,128
40da88c42e94af0dd504dcee379a750d47edfde0,REPO-12,GH-SHARED-34,2026-04-25 05:28:39,arm,336,50
fa6c91511f2ff3c68c4753614d594ccd26059707,REPO-6,GH-4626,2026-02-08 13:57:42,season,31,120
44400e8855ef6c5d59875641de5b64ad1172d20b,REPO-13,GH-2204,2026-05-26 11:21:01,bar,284,182
33115642267ae685d7505349f01fcf381bc61157,REPO-4,GH-4993,2025-12-15 00:21:17,thought,294,53
4230d3950357762814a637de887d64284fdf2c90,REPO-3,GH-9098,2026-04-17 07:06:36,site,101,151
afc9337ef2c78557a3cf702a3333c99765f52393,REPO-8,GH-8871,2026-04-29 17:05:55,hotel,297,162
c68ad3a151f9d31c7c6613663e8233b4410182e8,REPO-9,GH-6039,2026-07-05 11:44:35,change,106,48
5f5a4375e721b57ddc1e496379defc5efb8a07b8,REPO-0,GH-8777,2025-10-10 21:23:46,say,294,67
6d474155168f3238b274acee858516efae026dd9,REPO-13,GH-1599,2026-03-16 22:46:05,main,368,74
205ceb18ef2bf1fd494da29a9d38739b0d308b60,REPO-0,GH-7512,2026-03-22 04:27:46,against,282,57
12c5e1926eef966c0e80054e0e1744e050b7a4a4,REPO-7,GH-2215,2026-04-08 17:14:24,expect,54,99
0c57288b100180f1119bf4cc0a6ba59a80923a6a,REPO-11,GH-3589,2026-01-12 21:55:42,first,15,29
6b5ac79669f06acdee416977ac6ba3dca3e66b32,REPO-7,GH-4460,2026-08-14 04:57:03,as,375,149
0ccd1a66427e5e70994f2dead44f14139d826516,REPO-2,GH-6491,2026-01-13 08:24:56,if,140,69
3bd0c97d80b83498d7d4c76de4d14fff701ad638,REPO-13,GH-2795,2026-04-07 08:09:06,idea,410,52
f7333637305762e46b9e28e853fe013a4cf34455,REPO-18,GH-5564,2026-02-23 08:24:23,door,136,22
12924847f91635fefbcd8a2ba94b3ac4b946e985,REPO-6,GH-9830,2025-12-15 20:37:44,receive,129,139
069e20d4157eb759ea2e955d375aefe33128287a,REPO-12,GH-6574,2026-03-13 09:05:18,main,297,167
6aecad7ea9109d76c57d04cb21623001658f261a,REPO-1,GH-6325,2026-06-10 10:28:56,number,461,41
af9fcf2def272961bb374d0818934bdb826d395a,REPO-13,GH-5331,2026-07-20 06:43:34,agree,61,103
67be3394cf22fdcbe9dbd914ca2b1bed599acf1d,REPO-4,GH-2638,2026-09-15 09:24:12,main,395,51
ce4d475b735459ecd217d2366daca5932d756c7e,REPO-10,GH-4155,2026-09-08 20:01:37,them,455,39
b7e8ba59ae0b1e8ba1cd7459bc0c1cbb8b567820,REPO-1,GH-8840,2026-09-14 09:07:42,some,344,24
e10aa8c37c72362bcb66c17f31e28f8e31b37523,REPO-18,GH-3697,2026-05-14 11:13:08,ahead,279,97
6c372d2ae125f275c53234cc88c2ff0344826cac,REPO-10,GH-6573,2026-02-06 08:55:02,pretty,438,179
359ac24403423c30ec6ecb24aff233fb4a042167,REPO-0,GH-5325,2026-03-14 12:58:00,stay,238,171
0db6e9aa2061238a85474b1b999f9c266863dc86,REPO-4,GH-4968,2026-07-07 03:57:55,soldier,436,161
745b22214359eed88efea42f62ee614798775278,REPO-4,GH-2622,2025-10-19 03:28:08,main,39,197
e6ac23437de7691bda817fe1902e1fff7e6721dd,REPO-13,GH-1006,2026-04-29 20:09:38,set,123,141
34e42d2979ca04fa066f7a46f92cf493f5f36e91,REPO-19,GH-2113,2026-06-17 06:13:09,writer,195,31
8b86e57ff8863064513a1ef0fb79476bb29b7a67,REPO-3,GH-9199,2026-04-22 15:25:21,page,25,19
a4b4bba09360d7bce54107ab0ad7b3c559b8e8ec,REPO-13,GH-2118,2026-07-03 06:42:12,natural,495,169
315058dff2262769710c2e0cfc84f2ad76adeaf1,REPO-2,GH-8213,2026-01-05 23:23:58,I,417,88
e1d1d34dc2492553452484cd2b0f5300cb0c0477,REPO-10,GH-8144,2026-03-27 10:56:22,window,255,189
98405db698e5e8f5afb8d8a1bfedd4454f148454,REPO-2,GH-2679,2025-12-28 11:31:15,administration,187,72
e25b551e050ae22eaa3cf285f8caeda58e8383f5,REPO-2,GH-7553,2026-01-13 23:24:00,eye,278,152
b5256dbec5a001f4ad56410d662a0b2e16240c4f,REPO-9,GH-4898,2025-10-30 04:20:47,spend,487,153
ff7a2096c561ae545d6818f09f36d7a7bf834506,REPO-1,GH-1525,2026-04-25 18:23:25,own,303,160
afe561e77454326c501c8c88daba889317027cf3,REPO-12,GH-2988,2026-02-27 05:02:06,eye,399,129
635dca93afe901f9413b00be4c6937911bab667b,REPO-4,GH-6608,2026-02-14 10:19:32,main,230,163
dd223322da1f021149e452523cb37f8ea0464022,REPO-11,GH-1606,2026-01-02 06:02:17,take,133,97
122bdad01d45e1043f16b87618a3adc4d7225a8f,REPO-9,GH-9011,2026-07-23 14:34:56,main,472,70
c95c77a8a4bc526a29f2458bcdf87b3053e74a16,REPO-7,GH-1434,2025-11-14 05:42:18,main,194,130
d810679caa53928a6ddcc438bb361d07d010da8c,REPO-16,GH-7484,2026-06-10 13:58:06,everything,53,1
08fd30ea4b37c2fb0a84b548a476c18a1fd7a34d,REPO-13,GH-7717,2026-08-22 03:13:17,maintain,31,172
0c90ed8d70595d95f2e85b26ece8f2d06053d275,REPO-3,GH-7686,2025-10-03 16:01:20,man,73,1
34b2878251d02e0f57cafba688b33e1a309ce300,REPO-5,GH-9375,2025-10-11 07:59:07,media,57,31
e0143213866419a60cc128ec74de5e7f7280de4b,REPO-5,GH-5291,2026-06-01 15:16:54,discover,283,37
ae4f6c1cd1e4ba6e9ee24f9e7af1d2701d64da7e,REPO-17,GH-1406,2026-03-04 15:36:53,wrong,275,71
b57461698264f3cd50fb32e415f664bdc1bf8fa7,REPO-4,GH-2874,2025-10-27 20:30:57,poor,311,151
f2508bbad5dbd5876b322cdebe1e4716fac207fb,REPO-17,GH-1672,2026-04-29 02:57:07,attack,411,29
fdb25b6f2a46ae6d33325c699eafbc6e540372ff,REPO-3,GH-1783,2026-03-17 00:16:44,space,127,88
5fc06126efbf307cdadd2ee28374fc7408107f93,REPO-16,GH-2234,2026-07-29 11:59:36,trouble,423,1
eb11028d4d81b36ccd3a98f96b4e8011be577e68,REPO-11,GH-2627,2026-04-07 04:09:26,professor,21,153
429e510c64252a3219b7e07345a175adefbf92ba,REPO-17,GH-6925,2025-12-03 17:29:58,main,13,76
fc5961bfee6a2f899879537c6c8b37f2b2d861b8,REPO-9,GH-8247,2026-05-24 22:47:24,early,169,62
fafe64fd9d64ec33213189817ecf98536a58eb6f,REPO-19,GH-3573,2025-11-10 09:48:16,main,65,195
9674f2ad40a1e1dc65965233201c665bd824b27b,REPO-17,GH-3529,2025-12-07 12:28:15,traditional,148,187
585985064befc475bbfcd99d92239b85272af8eb,REPO-16,GH-2996,2026-03-16 23:03:41,analysis,313,57
793a13bd08bdeb9db5d437773e72c5341194df92,REPO-7,GH-2412,2026-04-29 21:13:08,ask,468,143
7941b5d78c8a000241997b1506ac34c5b33c77b1,REPO-18,GH-2530,2026-07-01 11:10:11,even,75,24
42a904f3e838265fd78507894141517354e3e138,REPO-19,GH-3621,2025-10-03 05:19:03,main,228,64
8a7e61764b509666be0127412fbe523d10f050a7,REPO-18,GH-5333,2026-08-25 23:28:27,now,170,141
601dca37109356fd91c6381c5ba3fe30ce8db1cc,REPO-11,GH-3001,2026-07-02 22:18:23,easy,304,146
60d3d7f9487b1bf3bda7c23c73a3b3773f61bb1b,REPO-0,GH-7022,2026-02-09 18:48:06,movement,96,147
70eb71a70032437ba0b729a352520bcedb92c791,REPO-13,GH-1897,2026-03-18 07:43:09,bank,354,76
e3c9e0cfd6001db7ddd0bedad92e0d17101c58a8,REPO-4,GH-2076,2025-12-27 23:53:13,own,279,109
6ed5e55b43f1c84da63c9f4918720fd27d585a84,REPO-2,GH-7001,2026-02-18 04:24:19,responsibility,170,107
1c8afa3d41fa5f8bbf316c22fde52083f3fb8be1,REPO-7,GH-1645,2026-03-07 12:12:13,last,191,113
095d04c586665b2425ca1499e8311fae2f7ebcae,REPO-13,GH-5563,2026-09-02 02:37:41,main,215,169
2fa93ccb646241a90c298114fc58d1ed2018ee1d,REPO-11,GH-2269,2025-10-06 13:15:20,story,263,71
084b6a26567737f2e92e23c6e2068f2881296bf0,REPO-12,GH-1857,2026-02-13 21:12:10,involve,328,156
07ab99e7ba34a366bbf07d8373b97fd625f56ad6,REPO-15,GH-6714,2026-09-10 11:23:13,main,166,2
c6db17474b40c843d5b19335d7cc981c127806dd,REPO-8,GH-4114,2026-03-28 18:11:15,financial,263,1
bb92ab147c4f01714baa813aa05374b4d8db8614,REPO-9,GH-2113,2026-05-26 11:45:57,home,176,63
8a0b64d274846b5291e0ef9da0cd5113d2af699a,REPO-10,GH-1200,2025-10-14 06:53:09,citizen,434,149
e5706aeb0477b16fc0a02cb9ca9a8c4ae56a84f3,REPO-12,GH-8527,2026-09-16 02:21:16,born,85,94
4e586182c4040eee82e2396f7af7c8aba5e09b54,REPO-7,GH-3981,2026-05-21 11:43:56,form,337,36
9bfea7ad01194b0a6f823c920ebc9bbec0484278,REPO-5,GH-6238,2026-04-13 08:03:01,main,165,163
db5471c5efdeddfa8a68156c9c4bcde214c5aa51,REPO-8,GH-4814,2026-07-12 03:25:52,main,72,154
9845ebc630e0cd57d326e99e4b4f95db09791346,REPO-5,GH-4804,2026-05-10 18:55:56,yard,308,23
2880059cf3d45e49025bccb600ae3f8446f4fe04,REPO-3,GH-7686,2025-12-19 09:48:24,pass,81,153
8c1eaf3b503fba778aceeedb783c765b86f8fccb,REPO-4,GH-5010,2025-10-09 14:56:05,citizen,209,118
e408921f78465271e4b5196a08bf9672591d3a0b,REPO-18,GH-9821,2026-02-21 23:05:54,main,196,154
ec11c7c21464668cab1fb97530b270166c16a830,REPO-0,GH-8316,2026-06-06 02:10:49,bank,65,90
25e81675ac950f73a75804f60bd3407ce802bf30,REPO-16,GH-7304,2025-12-23 04:19:55,paper,400,91
283e5ce3da8fcfbbf3d977a7c3d9e0779ca0b8d8,REPO-4,GH-7304,2026-05-29 18:08:03,kid,344,149
40a5b3fcce3803d2cb2214c1cb073d939311886f,REPO-18,GH-8657,2026-04-24 06:37:31,throw,109,95
75b12eb8ebb752afba2cf7eba8c7fe788937650e,REPO-1,GH-2679,2026-09-03 03:06:31,approach,12,47
17aceb9820036e4a7264863c3df5b9c8c6820843,REPO-4,GH-4143,2026-05-20 17:41:10,main,193,183
ca2fa840161d448cd4a2730b7ade6b692fa512d7,REPO-11,GH-3870,2026-04-18 15:17:44,main,159,0
2bc04b0e9deec1bc2033feb0d433466ad05ac278,REPO-9,GH-6228,2026-01-28 01:10:27,think,373,55
0e88d5e8f02d9f8f75f74e2a220640e827b8bba4,REPO-7,GH-4510,2026-05-08 08:44:43,main,334,160
6952fadaea52d5c85b0350b01d50df76c808c4a4,REPO-17,GH-4694,2025-12-30 17:36:01,successful,170,96
332a9911882bbbea02a4d58575eae4bda67d05d9,REPO-9,GH-4728,2026-07-22 02:02:25,during,7,200
118c1f74fe3872351828d82624327c375b58a92f,REPO-19,GH-6170,2026-03-22 23:38:47,main,472,20
0233d6c0fd0018cf25146e41f6d6f93c15475b2d,REPO-10,GH-3504,2025-11-10 18:50:56,light,338,120
fd4f59172c85b6a9b1e3254e75c710ec1c165de7,REPO-18,GH-1634,2026-07-08 13:15:38,it,421,179
9e8dffd02dc7f9a6fa8e822f897a2fdd8a4b15b6,REPO-2,GH-7293,2026-02-14 12:03:43,opportunity,31,39
877b1fe1e9345bf217547b9a4a04e9607cc27ba8,REPO-2,GH-8489,2026-04-11 08:01:25,high,245,160
ae6bf2a998f36baf987d68c0da7d5a628329008f,REPO-15,GH-2657,2026-06-07 16:33:41,drug,172,62
2ad4f595a3025f3bca255d4fbb66cb52fe7f352b,REPO-6,GH-9312,2026-03-20 07:46:13,drug,277,91
1c111118f6a0a90f6a39f58449b0dcb603edcc62,REPO-16,GH-1693,2026-05-06 01:44:22,car,263,94
84268e809546eb8a6dc44d42dfdf45909985d16e,REPO-15,GH-8744,2026-09-21 11:23:33,standard,434,38
afc27b8fdfa688110f3a32f1b3b5c6e5bb28c1e1,REPO-7,GH-8222,2026-09-15 02:03:22,main,396,62
8c8434ebb63ef7c7c77ace33814f30bfbd445fbc,REPO-7,GH-1599,2026-05-12 01:24:00,police,107,36
b00b14612b27fcd1e0836c75b442613f27e9b9df,REPO-11,GH-1920,2026-01-06 01:03:39,growth,258,97
c9e15b2318d1be27045f6aa5d52fe00fd7193605,REPO-6,GH-9900,2026-01-26 20:19:35,main,387,137
3120a62a38a2ca7eeb65bc4a53255fa2fa821d14,REPO-15,GH-6383,2026-03-04 14:36:26,choose,37,87
8e4da690ac84ff389c5339bd878089253b73b709,REPO-8,GH-3273,2026-05-08 15:54:14,main,418,99
c7bf7beccc7ffcabf08c228e106b719206f689b8,REPO-5,GH-3344,2026-09-04 06:42:47,we,407,56
beaf97236c2e98ea8787135537460fa7583e4630,REPO-8,GH-8690,2025-12-05 20:01:16,main,113,63
68107d3386f843035a71054baa234a60d19f4601,REPO-11,GH-9647,2025-10-02 23:40:11,kid,477,192
1faf01ef618119163f4ee1fb65c4908571656e84,REPO-15,GH-5342,2026-01-07 05:55:43,seek,226,130
4f6234ce9bedc71446894e4efe8acb80bcd40834,REPO-13,GH-1634,2026-03-28 10:30:01,card,417,147
7d5e2183a1a622f7c26a26e3cd2c9906879d1d9b,REPO-11,GH-9721,2026-08-30 15:01:43,lawyer,158,104
a7d158964da0694de1c13a27c5b1280e439c4638,REPO-18,GH-5708,2025-10-06 06:08:33,baby,274,85
1d8a621c4541067fc1a9ed08745dbeb6c869aa2d,REPO-13,GH-9488,2025-11-17 08:56:07,next,230,106
16fb9f3b0da97d10e5d45c9e545e40cf4f4c08a3,REPO-0,GH-5634,2026-09-18 17:16:20,knowledge,399,55
eac20681f1e2c1d54223baff6cb23a1daeea5f82,REPO-8,GH-8247,2026-02-11 14:01:56,same,68,147
6924b85e136740c32df9527c66d8a09578b14a24,REPO-13,GH-9824,2026-05-01 06:08:58,finally,191,1
c3d8379ac1d1e5a68da9a5d1ae59ec45f61b531e,REPO-6,GH-7658,2025-11-12 04:31:19,main,237,140
9659bcf4b48b69383bf976d346bf14e3d16c678d,REPO-11,GH-3001,2026-08-13 05:59:29,perhaps,238,35
2ed677c6da9d28ce9787048a525d8b22ac459557,REPO-16,GH-2402,2026-05-21 09:06:57,seven,27,117
8ac9a3561b158087fe88fb468292798964c7be66,REPO-7,GH-1854,2025-10-14 12:43:52,wife,69,23
b39c1438d5d5ef1f47a64dc2f392b4b640d6286f,REPO-17,GH-6780,2026-02-11 19:31:48,main,484,36
5826cb1e1082d784cdc15d8c58e781e1ff88d1b7,REPO-4,GH-3868,2026-09-15 15:11:03,listen,291,178
df67e91af55b10e55385ddc8dd3f5649bd547675,REPO-14,GH-6514,2026-07-11 14:53:10,figure,209,161
6d2113f69d06013877f8633dedad98deeb0e3704,REPO-4,GH-8837,2026-07-18 04:59:20,main,414,133
78462cf9443c45282d5fbf25245679f088d92d2b,REPO-0,GH-5033,2025-11-18 05:41:59,shake,71,38
a5d4b2ff63d0a438ea00f0fe7f59f20a3eb9eefb,REPO-1,GH-SHARED-87,2026-07-21 10:18:35,main,347,132
e1430d061ffd5ea58e0b513912fec16bbafc75f8,REPO-8,GH-9900,2026-08-11 11:01:40,because,130,197
729667330fc3e0d9c378353b0426737e6af17cb7,REPO-18,GH-2924,2025-11-25 02:13:03,personal,405,130
bbdd9ee6796305be11888a57cf5ca06f40bb854e,REPO-17,GH-1672,2026-05-15 06:41:45,range,371,189
7d0c01ceafbb1f46df28f71a7d868281d80a3b52,REPO-9,GH-SHARED-87,2026-03-22 02:15:53,leg,469,153
2f3fd8eb48b1d7f9c3a409c39b8d40b006bf21d8,REPO-17,GH-1888,2025-12-04 14:15:22,main,144,145
ade7095dece9018cb53685753254ad2719b3926a,REPO-19,GH-9889,2026-05-13 08:23:46,spring,48,144
8966582b4e5cb4b3531c627bc5d957806de3c4a5,REPO-10,GH-2402,2025-11-03 14:14:44,minute,244,88
4f20a1132930a63b406adb5166f35a433180efba,REPO-1,GH-5050,2026-02-06 10:31:41,main,376,130
8ae08076e9763821feb96d2acda012880232ee88,REPO-1,GH-2419,2026-04-16 00:11:26,particularly,124,16
297b2b62da09a9e9cad427dd0e5e9cdd25bbaf54,REPO-12,GH-SHARED-77,2026-04-12 08:06:45,last,39,175
2d400f089ce63ef4a8301726fdca0ec34429bfa5,REPO-10,GH-8244,2026-01-15 17:52:30,from,336,26
cf2b4036ea8b505d279878979ad071b47a471278,REPO-6,GH-2911,2026-07-18 01:38:05,character,164,90
ddb74aad8a2327b60aefea21844d64c315c5f56a,REPO-3,GH-7246,2025-10-13 05:56:32,simple,163,97
5b3aa0d4e7ce4e1c1b4c00784a34ba85caf70dbc,REPO-3,GH-5583,2026-09-04 15:30:06,main,231,140
f46ae593040f1839a89d88a28ab157282b2b76ce,REPO-2,GH-2013,2025-12-17 18:46:17,fall,455,118
a836cee551e8fc5062510fa7eafe99b64de961c0,REPO-6,GH-3531,2026-05-08 07:45:29,former,224,23
00c82f41dbd48397148df9957fee9b981e838ee7,REPO-16,GH-3236,2025-11-04 14:10:50,company,410,132
3b55a769cc098595c66207c8d23f6e7ce88072cb,REPO-12,GH-8484,2025-11-12 00:03:41,message,377,182
fb6061feaca5cfbd526c07eaa1aa729c2fb1c3dc,REPO-15,GH-5450,2026-03-16 10:05:09,condition,165,7
69129b4ce9da375e6431a9f1e0ef5db99d454436,REPO-17,GH-5082,2026-01-16 23:54:09,event,131,91
6a9f6ce67cda1c7af65ead756a0acc434a507bbf,REPO-14,GH-6438,2026-05-20 09:00:03,window,190,63
f2ecc99fec88c505dac216c96c675e91ea12b077,REPO-7,GH-7906,2025-12-25 22:26:56,chance,304,197
ed35ed95549bb32cce3f9012bae90b8bb712f8c4,REPO-4,GH-2235,2025-11-03 05:38:47,this,398,179
9b74f0f485258a7658495302f8a5ad3dea07c5e1,REPO-17,GH-3621,2026-04-12 12:29:45,ahead,170,138
091d91b934d3413271f605c2bb8f1da899fa5d1f,REPO-6,GH-1488,2026-05-17 08:29:55,main,398,51
120ca759305be9e1b8137d5408ea5464b2e40027,REPO-16,GH-9922,2026-09-07 20:29:35,successful,462,118
57681fa60bac0cf7c498eec28c8a50549de7068e,REPO-12,GH-4945,2025-12-11 17:51:12,there,416,165
8951e3ec35b58e93577416d7b2edbde18055a396,REPO-10,GH-7932,2026-08-12 08:23:31,Democrat,416,189
9e7f5840de01d59428a5df66b995dfbdaec6bc77,REPO-7,GH-1488,2026-01-14 10:00:04,main,240,48
652bd6a8e475e45d316cee8b2f4ebaefb4cd2dcb,REPO-14,GH-1907,2026-05-06 18:43:49,main,285,183
7e6c442b77957bf91dcbbe409ce8e76e716be968,REPO-3,GH-2188,2026-03-18 17:09:06,main,257,74
808dca34564dceb61c40ec43d864b6364869d4d6,REPO-4,GH-6772,2026-08-15 16:55:08,why,335,129
5f0af7d8a23ae0f0bb1be378908e0038ecd941bf,REPO-14,GH-4510,2025-11-08 12:46:11,wide,25,36
f416da573b51c1fdf01256b8d92b9a8bcae79808,REPO-9,GH-4868,2026-08-21 00:40:16,visit,348,13
01a6b43f88777e82b4a5793504b5df992cd4caeb,REPO-15,GH-8837,2026-03-13 20:05:45,main,340,114
fc26bf9f2147d91072180adb75062cf3ad2f27b3,REPO-18,GH-5846,2025-10-30 16:42:53,family,193,93
cefb41e3ef7a3dc47de1adaecbb0b9866f66f71a,REPO-14,GH-8213,2026-07-08 02:24:21,health,311,156
c62f36d46c141b67eca762271db5517eed0233b7,REPO-8,GH-7201,2026-08-05 01:33:47,student,366,93
86670041865f7dee73378bbf6efba2a801f2502b,REPO-9,GH-5533,2025-12-22 08:23:34,main,195,174
454d31a9439e9dd7c4b4ced9ec2037e208ad80fa,REPO-5,GH-9666,2026-02-01 00:01:29,main,297,19
aa1fd2c492a1a288dc818719483e3c1be8f3cc8e,REPO-0,GH-6403,2026-02-04 04:39:15,professor,245,171
75798cfcd2622266e81d632a6ab58a70ce18e87b,REPO-1,GH-9476,2026-07-09 14:38:41,standard,253,163
355f87e9580807ca9d062a1014688e5ba7f4a0d7,REPO-3,GH-3621,2025-10-25 17:38:24,forward,363,38
dfe8320ba32624da8f9463be778dcedd234f8233,REPO-0,GH-1422,2026-09-08 11:40:04,lead,206,89
d5b4c08c8b2cfee348151207389ab9f1fe8b892c,REPO-17,GH-4150,2025-11-04 23:14:33,study,164,73
20e64a7a8dd5acdad89d9b88d84e8bca36815b86,REPO-18,GH-7246,2026-04-17 09:55:25,thought,47,64
c6d00c30c9a7262b3016f13f413aadd4ac63f124,REPO-16,GH-9742,2026-05-01 17:36:33,main,199,72
9d3bc2035f3f658d451ef0304a15cfc374eeae4d,REPO-6,GH-4116,2026-09-02 18:39:48,main,487,126
76f7e631ded753ca15bd4ce6edd178713e956a31,REPO-16,GH-8007,2026-05-31 09:01:38,else,276,85
a2ebd9cca88dac71e3d62f4a1eec1806665882e2,REPO-18,GH-9346,2025-11-19 02:50:58,main,256,171
02ead3b2eeaec5168625b52780d44697a681f0ce,REPO-0,GH-7543,2026-08-31 15:47:04,main,353,188
65d28b0f094e27deba30a552cee0a4fb507b66b8,REPO-1,GH-6804,2026-06-15 11:08:24,many,383,96
a98109f5037a14b8742374be4f7cfb32669ccade,REPO-10,GH-5397,2025-11-24 18:32:38,culture,74,126
58b0a4ef216ec828f392287743b2b9b9767186ac,REPO-6,GH-9947,2026-07-08 20:21:59,catch,216,167
a091cfdf27bc6a11b50440d239ddd7da748208ca,REPO-6,GH-7606,2025-12-13 01:55:10,behavior,465,14
0e029e5c8b0b0b9c8bce75c23fec91a83ab87960,REPO-1,GH-3419,2026-04-15 11:24:29,so,421,152
97859ac1b8333afc764c87190b448eb983eae866,REPO-0,GH-1133,2025-12-19 03:28:19,main,438,136
12d2adad0b63a18af0c9aa0326c0ea822b0501a5,REPO-8,GH-2290,2025-10-23 02:00:20,popular,451,153
2a72bbe81969153f896787223c1554512be96b5f,REPO-7,GH-9797,2025-12-16 22:53:02,main,362,56
eadd6fad40e0465fc42ca0055381527d1698743c,REPO-13,GH-5891,2025-10-12 00:50:46,everyone,470,164
6bd3ee09eae9f888468f6b01bf220e0b221798e2,REPO-2,GH-5291,2026-05-23 04:11:04,main,346,162
db95dd709db6ec46fa318b31919c9e3a84702116,REPO-2,GH-8172,2026-05-11 17:25:04,main,443,194
c94004ec17d05ae85aa94c7e45f67ed09dde4a74,REPO-11,GH-7981,2026-02-09 09:14:24,realize,425,22
32ae8032ab45da435a42ee715cd5017f4ea78334,REPO-11,GH-7825,2025-12-05 21:24:23,though,109,172
9dff52daa28e9cbb61de8a9583eb3aaf399b1a27,REPO-6,GH-1672,2025-12-26 00:29:16,relate,258,74
3ea4e22cb6e809e4f18d317cc14c1e087df00bd9,REPO-19,GH-7389,2026-04-03 08:10:18,professor,209,187
f51f5899dc780c06f70e1e5ed65ee2e83dff0e76,REPO-15,GH-3950,2026-02-26 06:44:52,of,444,25
000acd8b2b383acc1ed2730e997cf075aad80c5b,REPO-17,GH-8060,2026-04-01 17:56:54,main,210,60
16d2a2663ec035ce3139cbfa8ea30795fc7c307b,REPO-16,GH-6493,2025-12-20 23:39:56,upon,13,22
00b67d429a18c6b4878edfa309c4466616d40abf,REPO-12,GH-6139,2026-09-10 06:02:18,field,95,108
7063a1f7874a87a8058a78e4d98137842bc64322,REPO-14,GH-9543,2026-03-08 21:59:06,main,264,2
5e6899ece7a68c5ce100b1c6cc8770dbdc25b861,REPO-12,GH-5582,2026-01-31 08:00:20,large,96,140
06b8271a34c95917b0b7b55efa5de75d225723bb,REPO-19,GH-1409,2025-11-10 22:35:53,from,298,149
9a7df28d81c5994b16a32eedbcd2a57f64265f5b,REPO-10,GH-6053,2026-06-10 12:26:36,same,70,82
b0bd9072c0f10d4890ab7b86a6778b0138aabef3,REPO-15,GH-4846,2026-02-28 13:32:47,staff,223,82
2eb6b1952251503036307510edd99140fec29cc7,REPO-6,GH-3549,2026-09-04 13:31:08,support,380,136
ac5e2aba32bce0e6bca0947b1c0622cba671b71d,REPO-0,GH-7537,2026-08-28 12:14:05,main,482,74
d79010f978f7ea8183d0e6a9a9a1c09b0c641104,REPO-14,GH-9701,2026-03-05 23:13:50,main,400,99
49008ac36f39d2c8ec2c68b923bce444cf67bf6e,REPO-17,GH-4986,2025-10-08 05:02:08,movement,36,35
19a6aad490d829f992d34a75d40ff81797522261,REPO-2,GH-7105,2025-12-19 12:01:12,stay,42,165
7701ba85157fccd259c000732010939357a61253,REPO-9,GH-2874,2026-03-04 19:17:45,sport,29,166
02bd44eccda3ec27f19834bdbcd0b913ff34d232,REPO-1,GH-1488,2026-01-30 11:27:11,friend,95,67
ce678c70e1b98259b33c8b2da5594ae31748cf42,REPO-5,GH-9692,2026-03-05 16:01:05,main,288,125
67ef0e9fc18961fadd8f2f7bbbf5c15a9c468c23,REPO-14,GH-9797,2026-03-17 14:22:20,ever,329,4
2791783ea3b07a211064fa6a4f0f6dbac21d62b2,REPO-4,GH-4241,2026-09-16 06:58:41,mention,33,164
f61ae66571930895511ff62b9e561e639fa30e5a,REPO-18,GH-7044,2026-07-06 18:16:43,main,206,169
fb46d4a8ab16c087e275f4d1e340f0dff8fe6a80,REPO-6,GH-1251,2026-06-01 01:30:57,foot,421,30
41e2750d9bbb56b5285103f7cc57c050e9719a45,REPO-6,GH-4814,2026-03-19 19:21:30,main,416,66
c02c6513cd7031a8aa8db1e40db5b40d610604c0,REPO-8,GH-9897,2026-05-07 07:13:30,main,232,93
41d70400839190085bd97df2565df2a2962c435f,REPO-9,GH-2169,2026-04-23 03:05:22,process,168,126
a532d4ffd88c238edb939418a4c4c59b7a56ef8b,REPO-9,GH-7798,2025-11-08 19:18:04,main,493,152
d99b2c8450377f961016df6cb45c1f9fd18a4f1f,REPO-13,GH-4963,2026-05-23 03:29:33,carry,254,65
daf0f6d2c133bff40ff23fc109161ad4dac34619,REPO-12,GH-8900,2026-05-19 21:43:56,main,404,53
183fe85763f89cb488d5dadc036cfb15d155aead,REPO-9,GH-1333,2026-07-04 10:44:41,main,113,65
f47f7a8df192f51068a83acc09eec2746b383cc7,REPO-2,GH-5022,2026-02-21 05:22:29,sea,220,140
14929ce8220960e555927aa5d75387f94f9d9316,REPO-16,GH-8784,2026-02-03 09:33:19,speak,447,68
ddfbec6a523ca284b35df97c22e3c1642fc764b8,REPO-13,GH-3253,2026-07-21 10:50:36,real,214,126
bec14c958165b9796ab7bc18da69d75d6c986811,REPO-12,GH-9311,2025-10-16 01:48:15,high,161,61
5b96a1fbf557716c9c7ba8ba1a1244eeb0635816,REPO-14,GH-6374,2026-04-22 22:03:08,close,242,1
c1ee800dfd3db73e0f1133ad928d12a2a9021abd,REPO-13,GH-5496,2026-08-18 11:12:02,main,288,55
0cec4d5d68e2ddd99da6cfdd044a765d82c9b53d,REPO-13,GH-2118,2026-08-26 20:16:58,fill,444,137
8b088ed8e085817fc61e1fbd225b5bcbe4e9d066,REPO-0,GH-3981,2026-08-04 03:36:23,hour,157,81
0990efe9f14a5e0fa37d709a4b59ae029fdbbe34,REPO-17,GH-8018,2026-02-02 16:54:32,on,85,187
5ecee30b8e6151828affefe858094eb2e00569cf,REPO-19,GH-7708,2026-07-08 18:15:24,add,24,178
81d2251605da9fc8f4019cb1068d4893b1ce502a,REPO-7,GH-5264,2025-10-10 23:19:42,someone,73,151
860faa047c8ef4214874e8da5f9727a502eb9f14,REPO-11,GH-8740,2026-04-19 10:56:13,information,352,1
da759549185e2a417d78bb1d2fa72b027ee0fbda,REPO-0,GH-6038,2026-07-31 06:56:27,close,172,143
da1812655efa597431d6b48b88ec238995bc3171,REPO-0,GH-8434,2026-01-14 21:40:21,main,12,168
709bce838c9e7a914231b2289d33479e9ba488f1,REPO-17,GH-2235,2025-12-25 06:53:22,rise,176,58
6bdc6679d784f6d1cab12aedeefdeb658b17c64f,REPO-7,GH-8761,2026-01-01 00:10:11,so,252,158
39004a02c59e6972848cbfbab3f74b72405d1f75,REPO-3,GH-4853,2025-11-13 23:31:11,huge,337,90
04e3317fd4a7885ace26930a7070340f44fd4461,REPO-5,GH-1595,2026-06-08 10:41:59,television,136,38
8494c9f6e7a5217e2f75b1cf26a6d9ac89eedb7b,REPO-16,GH-7561,2026-07-11 13:17:07,training,271,49
6ff3fa082de55f2d3f33b06d0003fbca1af0c8b6,REPO-2,GH-2876,2025-10-29 22:33:56,mother,221,10
45b45526dddcca29f37b4017e85e44df2fa39b5e,REPO-3,GH-1964,2026-07-04 09:39:54,significant,462,77
c83c4ddc2142fb59209149eda7f979298b1726d7,REPO-11,GH-3068,2026-03-07 06:42:27,situation,113,176
30a418df3b6684a014561ee2e2b3f5f091e171d1,REPO-1,GH-1907,2026-08-15 09:35:25,wide,243,47
2c662c84507c655bef611b74692dbdea61eee878,REPO-14,GH-4673,2025-11-24 22:24:25,per,432,35
af727629172ee52ce3fbb180ba65913bc4ebe719,REPO-13,GH-8272,2026-07-31 18:50:21,theory,446,191
d4fcd2a78149f6aa1c5b561ab0893249497d3442,REPO-13,GH-5198,2026-05-20 04:32:23,main,89,192
052766b842de4a4854cd8d562fd90ebad88d13f6,REPO-16,GH-5198,2026-07-28 17:41:17,music,262,200
6e3b209401e86ef7a9f60078264d59580fdc458a,REPO-1,GH-1919,2026-07-12 16:51:08,eye,43,154
0fb82ae5d3f2fb5ada8df669c1a5a7ed2fbf2d9f,REPO-13,GH-8292,2026-03-24 04:23:45,everything,31,79
403b94588f94c28d017772c46296fd5cb04bfc6a,REPO-10,GH-6776,2026-06-08 17:55:15,however,303,138
71cf3ed6f40434b9cb829026acc77e8d3e0ab378,REPO-4,GH-1269,2026-01-18 01:37:34,doctor,215,112
328b285f3b4a31c2edeeee7b2087b75bc2446ac0,REPO-3,GH-9379,2026-03-03 18:21:43,main,111,71
75e164f9b9d89637582590bed9632a1993d82744,REPO-2,GH-4637,2026-04-02 16:13:45,scientist,78,14
5a40a0e87f998bf9eceb5a8227bca9b37af3c735,REPO-19,GH-8378,2026-04-22 00:54:21,idea,153,93
3e8231c09e662f6c932811b98579858dd77f2e90,REPO-4,GH-7163,2025-10-03 15:31:03,should,370,60
bc5355bb43625669c095b9d68e57151a43553bb2,REPO-8,GH-3546,2026-02-26 20:07:27,source,393,94
19b7153d2e5baf86fcccc9ab33e86884c1ae58f6,REPO-14,GH-7211,2026-04-27 05:35:35,local,33,28
5fc48adfa1ce681c573d826909036d77e2d97609,REPO-8,GH-5649,2025-12-22 23:29:01,main,267,181
33c800b850a842969d49cb68c03332a837eb664e,REPO-9,GH-2341,2025-10-06 15:05:39,each,315,95
f0b1ef9d6a20f332ac50d5b78435eb4a34bdd397,REPO-2,GH-7504,2026-03-19 14:13:19,order,335,40
ea62a1cebf50620b6fce46908f372545ac091d53,REPO-3,GH-2213,2025-11-08 06:33:30,go,76,174
514f38a9497c0bd3f63140443ec851fcbf515691,REPO-10,GH-1133,2025-11-21 19:07:49,because,232,54
c0e70d5060591223198aeb19596549833d5866f9,REPO-19,GH-8744,2025-11-03 00:10:31,despite,375,128
6e2cafb24a194d0de22ed5fdb0e9eb9c6bd6342c,REPO-19,GH-6442,2026-08-28 19:51:49,personal,304,140
43b856f3958a105b3c598383824ceb9bc6bacfdf,REPO-18,GH-5061,2026-01-02 00:57:56,interesting,227,55
dfb593d281a2b381b8994b837af36984351dace8,REPO-0,GH-8700,2026-05-24 09:10:27,necessary,264,174
d0008bb7cbca224645c227b8752fd38d2c269d52,REPO-0,GH-7248,2026-07-04 18:14:08,soon,178,152
c5dfe921efa85166c2e192119e4e798a1ce8e40e,REPO-8,GH-1841,2025-12-26 05:29:15,minute,415,45
4256e09a2d513929ac444420696bc1b23d8683eb,REPO-12,GH-3223,2026-01-02 20:07:04,main,125,143
b446d7bcbb954600bc7d39efdc37f6d82be57f8d,REPO-19,GH-9179,2026-07-11 13:08:57,main,382,79
3c9ae40882f89ffb402ec4e2711ecf817a6d5ec9,REPO-12,GH-1645,2025-11-24 10:53:26,risk,25,60
16292aa33dee19f39d14060298ca9c98baa1ceac,REPO-6,GH-6934,2026-05-04 12:10:42,try,354,117
8310768b2e246110e40a4285386cb2f4ed5cbd29,REPO-4,GH-8657,2025-09-29 03:01:04,determine,278,129
fdded53d85d1c6dbb168115fcc243f83bfc4537d,REPO-2,GH-5742,2026-07-17 04:32:55,middle,282,170
e99e45149309d2d53fdfc0929272e68ec78632fb,REPO-5,GH-4295,2026-04-26 20:20:27,reach,385,80
13d4316c7c251540d741440f9710709251b798c4,REPO-7,GH-5022,2025-12-27 12:20:06,section,52,139
5aa2577ebf884284081ba1ee52d9705ca209e77c,REPO-4,GH-2679,2026-04-02 12:56:14,town,275,168
6ba412ad2cd6a3f777b62a9804b0c4bee612621b,REPO-17,GH-4515,2026-07-11 05:26:56,beat,375,19
f1982052774535afa3ccb1d6428e4662b688ed1c,REPO-13,GH-6238,2026-09-19 17:34:29,scene,5,60
09659970a1ced380863c9176f9ad2015a96d545a,REPO-15,GH-6529,2025-10-27 01:28:44,sometimes,308,3
3e5b78b756f67688ec577d30935bfe7e23b109cb,REPO-16,GH-2234,2025-10-02 06:04:30,smile,332,124
79fa17b832c0f64a437fff52b7288abc4143c565,REPO-5,GH-8668,2025-11-13 03:20:21,left,182,33
78081a32e3cbf5b7bd69453f37cdcc3e6c56d65f,REPO-3,GH-1496,2026-08-30 17:44:06,American,243,2
df290b3aadb53f7885d77eb45da6f1d4c6e5fd78,REPO-13,GH-1444,2026-09-05 20:34:11,conference,187,7
8fe943450f88ea61ad8fc3e749e5a5195c488272,REPO-5,GH-5050,2026-05-28 03:21:54,message,271,95
63357cf4ad0ac9548cc824c87cc03100eb4f9d84,REPO-3,GH-1611,2025-11-20 06:43:30,officer,386,20
c37812dd2382f7ee4fac5fc027ddb31223977886,REPO-11,GH-2612,2026-03-08 08:30:03,fine,73,157
45fb29b18789ed2432351cae600511b7b6f3d3bd,REPO-10,GH-3236,2025-11-11 15:02:27,main,308,47
fb28f9412d670f77ed37ecefa00f903fa2d78c7d,REPO-15,GH-1964,2026-01-19 05:26:54,up,229,187
45aaad53dc7d0c92c15af086452fcd30d981880b,REPO-13,GH-9335,2026-06-16 18:13:46,future,218,61
5a0ed1dd9357f534b5a96d3821ed9735e333d579,REPO-12,GH-6531,2026-05-23 20:14:14,organization,113,6
0503338bad78ad8c3fc19e4e87ca121c24994c64,REPO-15,GH-5082,2026-06-06 11:34:53,fill,101,139
87ee2b4ef3b0a97ae16d867b4cc6284a03022100,REPO-1,GH-5573,2026-04-18 04:08:25,suggest,112,175
42da7b1f844078d42841b74a9cf5f18e2de4c07f,REPO-12,GH-9821,2026-05-23 09:58:42,hot,105,186
ce67664e27e02943e6b9ec104f048aa539e3ec5e,REPO-9,GH-6780,2026-04-16 16:03:20,marriage,413,117
863a81360dc85e78d156c9b802a2649d8fdbf17f,REPO-3,GH-9312,2026-03-25 17:26:28,give,321,171
8f0d5ec8a1dcf847fdcd94049a607c9363e8460c,REPO-5,GH-1282,2026-07-13 23:25:56,together,58,153
fd2894921a1612467e7257085f190adf7ffe51c3,REPO-17,GH-9176,2025-11-18 12:32:18,senior,455,106
a1c9849b7e17c9ed26e8615be7994c7966a24f71,REPO-0,GH-2800,2026-08-15 01:43:41,friend,161,96
9b2ad0f1fab257930b6be04cf0e2a0cf1fcb9332,REPO-15,GH-6977,2026-03-07 15:18:35,many,283,143
be200839ef4bff52aaedc8a2fe480dfc9592b87f,REPO-7,GH-5583,2025-10-23 00:01:04,accept,472,164
c1b520f366da40d1a15670c6f7619046b8945d1e,REPO-7,GH-2106,2026-01-26 01:38:58,main,392,88
b459c75c2abee75396c4b97861ae33cf7aa83583,REPO-19,GH-1651,2025-12-13 08:23:39,note,86,123
ce5781aada8210153f6714044f1292a69d1ee214,REPO-2,GH-3621,2026-03-24 01:29:14,main,26,96
62d46d19501895152b629357a88bd44cc9056f49,REPO-17,GH-3240,2025-10-20 16:39:04,phone,263,40
ed6db42435a7401ea0922943e665ea2ba91d9b6d,REPO-3,GH-8267,2025-11-26 17:19:59,provide,45,137
311522782f8ba250f96ab482a67d19096d6bc79b,REPO-18,GH-2530,2026-05-02 02:47:51,main,206,166
2bea107055f0497e7b55a3881b0f3e1b7aecb21a,REPO-15,GH-7693,2026-02-07 22:19:18,without,270,156
d2d640f25dfe374e70d57a66053eb23cf3b2e161,REPO-14,GH-6381,2025-12-10 18:37:35,tend,162,41
6318ede408251f4b67db5b88ac0e0248fb34dfa4,REPO-8,GH-8030,2026-09-15 22:58:51,main,405,85
e5c15227745ce6b3018d8e150c91270db11b51af,REPO-19,GH-7105,2026-05-11 22:43:31,hold,482,2
3abf1a340f13d19cb565b20eb57713c1589df13f,REPO-15,GH-8251,2026-05-27 11:51:21,world,351,180
047b301cd2f362e832cc5c2da5e8957b5755251b,REPO-7,GH-2235,2026-01-03 21:31:17,main,103,24
ba7ae21ac97c18d3a30530f2e87d443266eed6cd,REPO-14,GH-2899,2026-06-03 03:13:28,main,230,45
bc25a0cbef4d76bb38067fc54a41af433778d780,REPO-19,GH-5342,2025-10-27 01:12:54,board,468,143
7ff47c51d10c3d5013e513e918b3caf364a244bc,REPO-18,GH-3655,2026-07-07 17:18:43,could,300,13
c8e3317953715b86f83fcde97d1afebc279aca7e,REPO-5,GH-8498,2026-01-07 01:50:29,card,391,53
9544413c71a87dfacdc29de3f7676d70da5d9c7a,REPO-15,GH-9199,2026-08-02 10:35:13,quite,350,178
89dcf83d60e271154037e3a40b5769847fc820ac,REPO-12,GH-6238,2026-07-21 11:13:45,main,354,49
55317f9f41f1cb418f74d9435c5dde749886bd2a,REPO-3,GH-9433,2026-05-08 12:35:07,main,40,120
f1067beb49e45da4a56ab957ad5f654f3b426bb6,REPO-1,GH-9751,2026-05-14 22:30:34,surface,428,14
5027f53be2c8821afedf24d97b104207e52680a8,REPO-5,GH-8404,2026-07-10 06:53:52,relate,152,95
2369fcd47cc0261af8889c662a7698b34d1553f3,REPO-13,GH-6990,2026-09-15 01:43:14,main,349,153
4bfebf67508874b9a119a5c86619ce4dc88b6ea3,REPO-8,GH-9674,2025-12-01 05:53:06,each,324,39
b06edb91731855ba9cfe2337adf2658443f46806,REPO-10,GH-1674,2025-12-20 00:29:04,main,176,27
de20eb3bc30bff89d02f8db539213db5f2280d71,REPO-8,GH-7932,2026-08-04 22:53:08,main,359,189
b755a790ec0762c8f38fba7bd8fc172a13f85e62,REPO-17,GH-2465,2025-11-21 15:02:55,main,323,189
970f7be348271ca6e223b2cebdafb04b5cd53674,REPO-5,GH-7029,2026-09-01 15:04:46,bank,416,9
d8149c215618acdc0c0c5c5324172d281ad7d0d7,REPO-17,GH-9022,2026-09-09 21:58:32,certain,307,66
a79d7a15f20908ff153bf44ddec7e6d6438f7fdb,REPO-3,GH-8761,2026-04-13 16:31:26,large,396,142
47f536e28d5540987c78eac3037810c208195a02,REPO-7,GH-2235,2026-06-12 03:51:50,five,112,198
73a529ae8c29f7b83bee6a50ba8cb8db13bf2ea3,REPO-7,GH-1106,2026-04-09 06:55:09,main,411,120
8326237d47c46bce592947638e72b38c1da89d6e,REPO-19,GH-8668,2025-12-29 11:15:04,huge,220,178
5099a479e51582f3822a323723aaf0c2db247bd8,REPO-4,GH-8967,2026-07-24 12:32:20,matter,374,8
ded947c253426a9bd587f688c9d03c37f936197a,REPO-14,GH-3531,2026-02-11 19:50:49,nearly,457,48
97301820aab8395d3c8a8aca309c61a5b427331d,REPO-2,GH-5708,2026-01-28 01:28:39,use,33,17
0e4989f2d6ce2d3c4d602e6faf7d4ce2eed2908a,REPO-13,GH-1645,2026-05-20 01:38:42,compare,355,34
61251c1a095749e8ab44d9967e35f5b7daa2a1a2,REPO-7,GH-7029,2026-05-31 02:14:55,seek,6,180
6c96ef5e21d474d685e0396c3f4edcdccb608001,REPO-5,GH-5089,2025-11-21 10:51:38,main,139,24
c5ff824bb603e73af7dac0f95819ea81d4793ebc,REPO-1,GH-7512,2026-05-02 15:11:31,run,126,47
4afaa30acc9244461ef975a34117274489a23a4a,REPO-9,GH-9464,2026-07-30 08:46:21,camera,152,194
6708bc8b215e6908237a1409c087f93908e29a64,REPO-7,GH-8710,2026-05-01 15:08:15,main,189,1
177b766aafacd3f0f9b6a6b5d3bea501dc05ee33,REPO-2,GH-6147,2026-06-07 05:01:27,ago,264,109
18b837200129bfb156c38854bf43ea1126983afc,REPO-18,GH-7209,2026-08-29 08:04:50,man,254,89
e22083213adbb105af249f4faaf8ef146d4db92e,REPO-17,GH-3317,2026-07-23 06:56:50,should,460,49
302594616242461189fc562f6b2a962034cbb01c,REPO-10,GH-1745,2026-03-10 15:46:41,main,69,76
bdacd4d359b70a7066ff7ce0f60b0a54343a7b9d,REPO-16,GH-8761,2026-05-02 08:44:37,wife,441,19
78020b46ba0a6fd685e18c2714487530c4984067,REPO-12,GH-2070,2025-12-10 03:11:07,country,93,191
b8fb44dfcbeb3d164beea41813e63e324f23c914,REPO-12,GH-1153,2026-07-14 07:29:16,deal,480,108
ef72f3d052075ce1ee57ae216c18e274e90e5ad4,REPO-17,GH-5781,2026-03-17 15:34:29,day,129,23
c0f04fe12f85c4d8b137499a5d7b83a07044e3cd,REPO-6,GH-6626,2025-09-29 03:24:59,get,428,159
e4b08b8664102bc25e1583ab677d215b56641b2f,REPO-4,GH-9041,2025-11-02 12:14:23,whole,218,172
2bd8ee7c4c198fa88159f138f71313eae244b091,REPO-6,GH-2129,2026-01-03 12:18:10,add,104,76
a5a9f48d2273a33efc4c1fcc24642e1567010771,REPO-3,GH-2929,2026-05-20 14:37:57,radio,224,156
2c450c6edd7e5e5a4d2f6a16a7a49ac5fef8c239,REPO-1,GH-1258,2026-01-11 17:49:05,information,414,92
4e8eacb669086f64506e02a5d1987c352df54b76,REPO-5,GH-5781,2025-10-14 00:25:29,main,484,34
b15ab9eff9c5c55ab363ce6cc78a96b68093e3ce,REPO-10,GH-6990,2026-06-27 11:18:21,main,296,88
5b421802c242f0ed2a3c3b188af6bcfb34ec64e1,REPO-17,GH-9843,2026-05-27 19:01:40,main,268,159
7c079e2ffb56a78e44b7ac2653fb2a2d1cf3c442,REPO-19,GH-8739,2026-05-07 04:11:52,main,146,83
714bbc232f8abaea2d9156e4c28a8c4862bc9056,REPO-19,GH-1241,2026-08-28 04:33:20,main,241,103
68e2ec5b36f42bd8b47559e5bf59eed7ed58a703,REPO-8,GH-6994,2026-03-28 19:20:45,project,282,133
4be8242a6001d0bcd04ac6a4bd9b431743630f3f,REPO-1,GH-9476,2026-03-22 11:09:09,material,302,87
a3f973024eea743c6b9749378b0bca4541e86e97,REPO-17,GH-1858,2026-07-15 04:59:43,main,109,70
294b12eaa67c3cb8a28cdbe0df3a2201d9778c37,REPO-16,GH-8622,2026-07-15 11:03:25,body,302,137
92a5975dd93645e3b90107ed5f7a7d08d3d1e6c5,REPO-3,GH-6994,2025-10-11 19:04:31,position,438,164
4421aafa3d477c8a618959660e6a5e24390c1f45,REPO-13,GH-7484,2026-09-09 06:14:25,season,434,66
1b9ccf48f87190e76ca927c790bda9159a6b678c,REPO-14,GH-8973,2026-07-09 20:55:51,today,246,91
2c71058cc5438c6f92dda2a6680e00b81fe5a2d1,REPO-10,GH-1409,2025-11-17 02:08:07,they,40,138
8a1d517a196d2538343309b161a2c439a51077b8,REPO-15,GH-1461,2026-08-21 10:32:30,life,289,185
20eafcb57d87c4dfdd876a96e378b99184017ad3,REPO-11,GH-3827,2026-06-01 12:48:44,main,223,147
200c75b359538c28d7b0791ce40b3cd7c4d3776c,REPO-0,GH-5616,2026-01-26 23:58:56,off,210,104
23b8335fa81a0e94fbe72377b4e3afee03886cdc,REPO-9,GH-7304,2026-01-12 17:22:09,daughter,365,191
28826042b4700aa34db08b63d37e24b34cb3eabc,REPO-15,GH-5911,2026-06-08 09:06:30,adult,301,42
c01a13f3b7b65c31798c285ae32a5aa2d374c621,REPO-7,GH-7929,2026-02-03 03:44:51,thus,362,125
73da9e96a32fe685087de4cdfe2152c31572d8d0,REPO-5,GH-3126,2026-09-11 08:35:04,security,426,77
71522fe4717e49c5a1c57bbbd02166e33a8e0910,REPO-7,GH-7580,2025-12-01 16:16:11,peace,294,62
a797c228b8ec5e51242e58dc8f067336a173763b,REPO-16,GH-1423,2026-07-04 09:52:34,name,369,21
82908f906a959757250279c890ff8794f3a58459,REPO-2,GH-6140,2025-10-02 11:10:13,interesting,225,140
eb9c283baf83afee8d0d1939aff4ecb39d33e5ad,REPO-9,GH-8684,2026-03-07 16:00:58,main,441,94
07cfb2c1dac6977dac3168fc7082d4c1463734a1,REPO-15,GH-5210,2026-06-14 00:35:36,data,193,194
c96b5bd6507a97ae5ca4133ab5d4e42fdbd4b382,REPO-6,GH-3369,2026-08-13 09:05:08,choose,76,13
95421e028bef01382f02b872f3bcb3252ec043a1,REPO-9,GH-8251,2026-07-07 01:27:27,consider,133,103
5284d3dc00f951c18ba0ae8251556968455a6d62,REPO-7,GH-7389,2026-03-18 03:51:44,politics,37,172
ce5084ae89648bfc6a4b697a1a66b58b2f393055,REPO-13,GH-1887,2025-12-13 02:56:55,it,432,190
6d26a354292a159e73549aa382dd0ada579a3050,REPO-11,GH-5835,2025-12-03 03:15:57,thousand,220,44
ede0f73afce4be82b6a9228dc942156065472cfb,REPO-1,GH-7897,2026-08-18 08:30:13,foreign,466,141
b73b8c34b21a1bccd13873f5fa47c4553da1b16b,REPO-15,GH-2530,2026-01-11 06:44:33,main,314,69
9d78a27cbce3d29e92193247f610aa80605cd706,REPO-6,GH-1803,2025-11-11 16:15:52,out,404,64
99be77ba792e335b4a6fe5893231e0a0fbd8b8f1,REPO-14,GH-2480,2026-08-17 16:09:16,others,145,6
3463476784ea23617a4be2ddb15f37289b4d1b59,REPO-4,GH-6820,2026-03-25 18:36:29,main,246,107
0905d1e86e3ff30c821fef1000cc29bc94b6290b,REPO-2,GH-5853,2026-09-18 11:34:07,show,180,51
10b985363c3f9ee098e83895d7b5c2e335763662,REPO-2,GH-6582,2025-10-30 12:33:22,perhaps,393,53
66db027abd799e6306064d55fb0634815678fad5,REPO-1,GH-8684,2026-05-28 07:39:10,speak,293,71
a075acba326e4963a3b64d3c494c23c227810909,REPO-16,GH-2684,2025-12-01 17:24:34,director,149,184
622b833105430634f24db7a216e58bbc5812b53b,REPO-7,GH-2624,2026-06-01 17:10:09,main,410,85
0765554543d3b9ca1d4d910fa1b2b4d4afc07e52,REPO-5,GH-4185,2025-10-28 12:37:21,main,67,105
7f3ea078392dd4ca442d01eae4591047adbdb4d9,REPO-1,GH-5846,2025-12-31 18:47:43,responsibility,469,171
21d2ae550a9e2c32b570a5d8cd288d1a8fc8bc11,REPO-18,GH-9176,2026-06-03 09:55:02,treatment,31,188
34cf30a44e8e59ef9d9677aec07ae3cd1b5d83ea,REPO-9,GH-7484,2025-12-10 04:08:11,main,341,92
e56fd3a2365762d407b1ae3151a0b84fc334d6c3,REPO-19,GH-3370,2026-07-10 14:46:24,argue,377,102
25d2c123a8a79ca266a09ece6a1f40b87af4494f,REPO-10,GH-9850,2026-02-21 06:30:53,could,493,114
8b4a6f7b10a3a77438ec8c32b005d8e1fa086cc2,REPO-9,GH-5295,2026-01-13 07:12:45,four,473,23
e827a52590820bcec1da7682216263da650b8283,REPO-0,GH-5022,2026-03-06 17:41:03,cup,376,149
4654a2be8a36cc4876272686e3dfad66e0d033e9,REPO-12,GH-1430,2026-01-10 21:45:36,main,363,157
b40b4aa43a034e674268ba8d1620727b7c3725d2,REPO-11,GH-2353,2025-12-04 17:53:22,event,207,87
4207f2d6ac7e1862906aa90904b8d06a35197e2e,REPO-19,GH-3103,2026-06-24 20:47:54,best,85,179
8bb2a5a30baed09191fed5ee1ca0ef1709ef1b09,REPO-7,GH-9935,2026-04-05 05:09:02,himself,295,180
6faffeee04bc05f2a577ee304df6b04a21c28729,REPO-13,GH-9098,2026-02-09 10:41:19,main,162,71
ebac82095caf495ab1bcfb3da60553d2e88adcb3,REPO-5,GH-6442,2026-04-18 02:11:48,program,29,90
a12b6ab9d82b5db5fea5dd1130a0412ad5243b51,REPO-2,GH-7132,2026-06-20 18:45:39,although,17,78
cef1351617d8bdeb427ab695b71329aafbc449da,REPO-14,GH-8849,2026-08-17 03:16:43,clearly,283,151
152d86e2b22e83f5fda51d883ac051c75a647b69,REPO-10,GH-9785,2026-04-23 21:07:52,scientist,154,77
f03b5f2b9474fc4a9e6039971d75da8ee17da51f,REPO-9,GH-8973,2026-03-14 10:53:31,talk,460,191
a70a82e58f43dc28057a268c42cf7e7219934f5f,REPO-15,GH-8218,2026-06-18 19:57:05,despite,183,21
bfd5233cd1e6aee0495fdaa6baf76c78b93c80aa,REPO-15,GH-9071,2026-02-06 20:26:41,most,105,23
3be217434e783af011f80f4898a822de1729ff59,REPO-0,GH-8239,2026-04-29 04:28:27,study,192,50
22f0d134d8e0d0b8139a7ef2c92f74ffab8c0ae6,REPO-13,GH-5961,2026-01-09 09:52:55,spring,418,20
4110bce636f6c125f33ffb5e9b99dc0dbc43c09a,REPO-19,GH-4522,2025-12-17 19:09:23,manage,187,163
004fc206cbb25f8731f51aa3e13e43950b7a892d,REPO-3,GH-4868,2026-01-06 06:20:43,business,168,87
69f561a0fcefb84a38c6a9f312cef3645803508b,REPO-2,GH-5349,2026-04-15 18:09:08,main,284,96
70121698ebc37a133ad03406f3063dacb4d21644,REPO-16,GH-7229,2025-12-08 08:41:49,main,444,28
704815d87f1155b996481dedf2ce14875b53dc5a,REPO-11,GH-7708,2026-03-27 10:08:30,hotel,111,137
ebbdd1fa6bc8b72f5b7db8be6d5031cde95a3500,REPO-3,GH-9693,2026-05-03 21:47:49,per,273,195
db1167293dd4e08cf037903f2fecac37aa68fde7,REPO-1,GH-4848,2026-09-11 23:34:34,main,34,66
8b5dcf310e013ffc40ed88e21507556594685688,REPO-5,GH-5786,2026-06-26 07:33:57,main,53,176
3059717669dc2db9a2f0bd3053eec6083b561115,REPO-7,GH-3981,2026-02-13 08:07:40,main,431,150
437a7feef7ab8a050f46d4a207650023388ffe49,REPO-4,GH-4830,2025-09-30 00:42:10,main,152,23
e2f9e295365ec3acf14132390f83f6477c0113cf,REPO-7,GH-8744,2026-03-30 15:01:42,raise,329,91
f6a832327eaa24cfebf1a5dc5174775a81801ec3,REPO-1,GH-6038,2026-09-12 15:28:03,white,20,48
094b15288a0b066cb5394070f160a37c3770e381,REPO-9,GH-4986,2026-02-12 23:55:45,manage,226,136
978005bd1daf0dc10d76e69342450c3794b343ab,REPO-3,GH-SHARED-77,2026-04-27 07:25:35,age,455,189
bddee35a07a073166e79f200defd79c060912b23,REPO-19,GH-6062,2026-03-16 10:56:34,loss,394,80
7b7de3468d74529d88fa4ae0baad8555b69a0f67,REPO-13,GH-9047,2026-05-15 11:36:10,main,222,60
ab7ec3977c5c667b8399ec9722303c9142fca7f9,REPO-17,GH-9047,2026-03-14 21:17:07,main,306,151
0b69fa20c2c5667c5f180c25c95676c99e5d4644,REPO-13,GH-5634,2026-03-29 21:05:48,main,307,68
63fadeb434352d8e2bacf3e7cd3c6ad30f87a580,REPO-1,GH-1588,2026-01-03 01:15:09,plant,43,158
fd58c6d07bb052ede7ff9465b53b422e09ec1f76,REPO-19,GH-5563,2026-02-05 04:20:20,institution,459,192
867ad23be6911fd7a972f30b2fcca02869a94a64,REPO-8,GH-4335,2026-01-21 12:54:11,main,64,103
5e88809860399d6556eb37c8641d4d527b4832ba,REPO-15,GH-3973,2026-09-02 17:21:03,main,206,43
9f862c1981f958422a3e518007974df20da3f9ef,REPO-12,GH-3426,2026-09-11 19:45:37,box,100,161
c0f2b30cb399442c2b615da3129d3ae04f4b6be3,REPO-18,GH-3616,2026-03-09 10:57:32,main,45,190
95b964f4eced5eeee2c59284c236499b7824d1d7,REPO-11,GH-5186,2026-01-09 13:42:41,institution,339,162
71232ab91821a7dfd77160662742a6b44e6c92a2,REPO-4,GH-7566,2026-05-15 06:57:17,music,26,180
9968415ebe27d7d0d05f90c9c070afbe24ae1686,REPO-4,GH-1525,2025-11-30 13:54:12,various,331,169
cdd0d85ef77439beedcdbd03dab8761c69577725,REPO-8,GH-5458,2026-05-16 18:08:28,yes,253,188
41ee6782d06fd21f023ebcdebf39b1ac4e5e3b46,REPO-6,GH-2391,2026-04-18 11:54:56,out,63,37
0612897740d6d4628c06b3217abce2e7f1dc6cf8,REPO-1,GH-5335,2026-07-15 22:50:09,record,263,164
4987578c96fb5cf046396a6d1abbbe4638e1738b,REPO-4,GH-5846,2026-02-03 08:14:29,main,205,4
4c9e0932a8a7bb05c1d2b022aa65a58caecb86b1,REPO-5,GH-6111,2025-10-17 20:32:18,for,401,91
6ed701ab752d675767c669508b44cc9d03ff28c1,REPO-10,GH-2489,2026-07-31 21:06:29,suddenly,12,65
cd41e3b7dbd669cafa52e24b7e615eecf48d2a25,REPO-10,GH-8237,2026-02-08 08:59:38,company,353,66
f37e203b89d81cd0872b50ddb243f09bcf6bec60,REPO-3,GH-3236,2026-03-24 20:04:26,choose,431,90
9a8940b50f8c00483ad8f87652b31b234f1e32a9,REPO-4,GH-2269,2025-12-13 19:00:34,fish,252,135
f93ea9b8ec62832329083923793a42dd33174431,REPO-19,GH-7171,2026-01-24 09:26:32,main,38,52
55f5a8c3cd25c43b9389f61dc2510644ef2497a7,REPO-1,GH-1588,2025-12-27 16:28:32,leave,454,35
cc3b8df90ee3ef6a356450aad613ecf5ddcc10c6,REPO-8,GH-7078,2025-10-31 23:30:05,main,142,170
529e2d09a67fcae4fd9ab07b6ac258954884ed56,REPO-6,GH-7897,2025-11-25 19:45:17,through,169,31
bc18e3ee69964f515e66fcba044b94b217356210,REPO-10,GH-8371,2026-07-25 04:16:50,me,87,183
cb49312e3d897c79f245d2cfe0f5f6a31347665f,REPO-3,GH-2876,2025-11-27 20:08:48,market,289,187
7cafde2600d90613ecfc75d02c72c6de238c86bc,REPO-11,GH-7389,2026-04-28 11:51:49,say,66,143
ff35cd7c2ca4913727af93aabefd5cd40d919a68,REPO-11,GH-1611,2025-12-18 11:39:11,relate,377,104
8a64b526541e69a21de6e288aad761d4b0f688f9,REPO-1,GH-6555,2026-02-20 02:22:37,seat,374,56
3e77ec25a1f5f5884317c1ed0815ee92ac8fb200,REPO-12,GH-8450,2025-12-30 05:36:17,big,285,65
0676032bf63b40c1b52d7a47c8bc8347cc854d38,REPO-13,GH-6040,2026-02-24 11:32:09,source,195,176
b5c1e5e88f6dfe86a571a747102b62ff57b230ed,REPO-17,GH-2623,2025-11-17 19:38:25,general,454,40
1ee1f13f6bb89415a28c5189db75f087a725bb80,REPO-7,GH-1845,2026-09-10 17:15:01,represent,224,130
b71a47be03469afa41bc3c3ab7d111bd138f996d,REPO-13,GH-2622,2026-07-07 14:38:48,main,328,126
f28a0879b9d261de0a3377572ef120be03f38d53,REPO-17,GH-4919,2026-05-16 18:57:31,away,138,187
e86556a3897982f51b02f589f632a5190e768798,REPO-10,GH-9721,2026-02-08 16:07:18,sit,172,37
f00dbf52a6acc1f26416722fbbcafa001fc73713,REPO-11,GH-3527,2026-05-12 16:59:57,value,481,122
70d2d929e13c18320af64aae56b6b0f4ea031f0f,REPO-11,GH-9312,2026-05-21 06:55:28,easy,169,153
5f4353f9cb9990cdbd1cffaaf7a6d6efac768517,REPO-17,GH-7334,2026-02-17 07:39:00,more,142,22
4487ddafc81e9b2f3f40471465bb204248ba4376,REPO-16,GH-4993,2026-08-12 16:13:15,place,476,40
fedc032bc0f7b7a801ec2a130153786cc0e94c1d,REPO-10,GH-6194,2026-07-15 21:17:32,bank,384,166
8dca5d849fd8dddbb58009ddc71c991090173c49,REPO-19,GH-3463,2026-06-04 16:18:05,money,132,85
82b38010590a4d2c76d75afbd6af92ed63f7fd1f,REPO-19,GH-8213,2025-12-08 23:05:52,five,163,18
41d675440807d68e2afbc12376cf11789c7716df,REPO-19,GH-3950,2026-03-15 01:18:47,if,370,2
44fccb8afd443eba63e932d89dd6c61d75ca37aa,REPO-16,GH-2946,2026-06-07 23:13:33,city,428,28
6d0bf2976ef547002247a99740f3af933f1c13d0,REPO-6,GH-4728,2026-01-15 15:08:36,Republican,389,188
7afb4e1f4c52e0ba2560d5d941af15ba0cfaeaa7,REPO-15,GH-2680,2026-08-11 21:55:23,every,89,71
9aa7ebcd72742327683c9f56b6209f4db6facf2f,REPO-16,GH-5022,2026-03-09 17:57:28,information,406,190
cfa1ab8a8385740caed3a3034bc7c154471aabdf,REPO-19,GH-9785,2026-06-18 22:57:10,born,211,141
abbbc57081674879b11af40f044782d8a731f124,REPO-16,GH-9488,2026-03-26 12:28:44,half,336,177
cb3c38bd2d6350c703096a08177d689162bc2c6a,REPO-2,GH-2475,2026-06-20 09:40:49,reality,260,8
59530e72e4b02da5829b5d236a792df76c1ff6b2,REPO-6,GH-4680,2026-08-27 21:51:19,main,284,1
3d58d264d00140ddaae89ff4b8857d948b2b3bef,REPO-10,GH-4920,2026-08-06 08:05:02,from,383,61
d8c8b7f3db694df89da66230e203503656a0b0ce,REPO-16,GH-6272,2025-11-15 23:01:28,if,383,124
c06d23a15ba681589595be9434d02c3b8b9645a4,REPO-11,GH-8253,2026-06-20 11:51:08,mention,214,4
3a34441e47607aeaff483cc2e3daad69fa34ab95,REPO-18,GH-3900,2026-06-07 21:06:12,main,21,157
b0967f90ed0480a1470c5b97044364668b769476,REPO-15,GH-5114,2026-03-01 23:13:56,arm,171,191
ea9ae9be04aa9a4e5360a7dbeccc1b44d2bbbc03,REPO-9,GH-6381,2026-01-22 14:49:33,site,55,153
5f51d54eae551e9f295d081077a02f7249fe229c,REPO-4,GH-6055,2026-05-31 05:29:08,surface,378,10
a7d2f089f046b4e607d6f2f24fd57e13d9befab7,REPO-2,GH-1969,2026-08-04 14:10:00,main,183,82
832768e59d2661e21ad4034490c2ae3eb82201a2,REPO-7,GH-5480,2026-04-09 22:38:18,material,255,116
58f01ef862211d0c3e63e91291db27cd22affb97,REPO-10,GH-6062,2026-06-30 11:37:30,nor,469,40
196afdff863763c9bc89c4a02ebfd9edfebc1b07,REPO-13,GH-3683,2026-02-15 15:50:37,country,311,94
55d8666b711b2c080ac48e70e900bb291c337329,REPO-16,GH-2983,2026-03-10 15:39:31,identify,203,0
1bdf282245d81f9fd59adeb2aa1fa57bf6055c9f,REPO-19,GH-1674,2026-08-30 23:00:08,main,426,123
295e07f87742852d19b1ef6813c7bb0712ba31ed,REPO-3,GH-8792,2025-11-24 08:47:44,yourself,234,123
f09582d6ac658bdd1dfd6559cec28032e0c20f2d,REPO-2,GH-4878,2026-06-28 18:03:59,decade,353,70
f7cb4827ae0035f5f0aed4d9ac6ca5f43ed3350c,REPO-9,GH-9307,2026-04-14 22:15:59,should,174,52
195e77f3b5b867ca479460aad47ebb85c9795ddc,REPO-16,GH-2208,2026-08-31 16:37:36,anything,126,132
d44d16fcced0783b3b0bdea3cb63799ec7ef38f0,REPO-14,GH-7484,2026-03-26 10:59:31,campaign,195,199
ab270c032b6b698451040e0f9942d112fd0905f8,REPO-1,GH-3222,2026-08-30 00:28:08,hit,167,77
eb40412af77d16fef2a16da7d450e5db8e3909dc,REPO-9,GH-6238,2025-10-16 09:48:15,main,222,137
2b85b98213904bd6c94821cee22c43f76bd73a12,REPO-15,GH-8454,2026-06-20 12:40:54,large,211,144
1ac0902f63313a46047abe72dcaac043b367d260,REPO-4,GH-3339,2026-02-05 00:27:24,speak,299,68
1b793617886b126390b56d2f2f7902c985b11f0c,REPO-11,GH-6198,2026-08-11 02:17:49,example,238,119
e266cb830f500a8ed3344d53953203d94f26fbdc,REPO-1,GH-2623,2025-12-05 08:57:09,key,64,85
67a7394493bbfa5aa8f078eedde754d238e1440a,REPO-19,GH-7149,2025-10-03 18:22:26,finish,37,168
deedfa8cf2c24c1d1681bc2c7bb6c5690b50a0d5,REPO-17,GH-3531,2026-05-31 22:52:25,brother,181,93
3684a5831f30baee5ef0b3a43ddbe1767eaf0947,REPO-16,GH-4792,2026-02-12 16:50:42,night,54,57
91b1703f949b7b3e376324dfcde30f15eb78e6fa,REPO-15,GH-3939,2026-07-10 20:05:05,continue,274,84
afd9b42dccae895e48b2cc6e6ba6fcbb3f1ab289,REPO-10,GH-3532,2025-10-29 14:27:31,card,75,137
2d5364fb978ad611db257b0e36de515b8fca0a48,REPO-11,GH-8172,2026-07-06 05:14:05,minute,428,198
bcfe52e1a41493fefdd60e0c0f4ce14f5e4404ca,REPO-19,GH-5118,2026-03-13 09:14:00,main,186,128
a460a6a1088c252ae597ece52955a77e47c8542c,REPO-13,GH-7246,2026-02-08 02:19:07,risk,404,135
8f85d1bc41a3c9a69524487f36764b7cebf05bd6,REPO-6,GH-5342,2026-05-24 16:11:22,that,110,189
01dd142a7ac7ac22058fcc92c6a61dd5d83f1a80,REPO-0,GH-4696,2026-09-12 21:03:56,significant,206,151
a8434f25f7d1267aacb34dc8e25264017b14f7af,REPO-15,GH-1086,2026-08-11 14:33:56,low,369,177
893f4e9273515cf578f78c9ce3a63fc30349ac54,REPO-9,GH-5002,2025-10-12 17:53:12,hotel,366,81
02ef61ac379eaf00ce8151387cc7f0ebb08b699f,REPO-9,GH-9167,2025-10-11 19:56:58,shake,207,9
268042511c2850342e3a09f0eb5ced76f0464b1d,REPO-0,GH-8244,2026-06-01 15:56:49,blood,199,25
e5337b5f6abc83d78e4cc9811e00c0e3f0beb51a,REPO-14,GH-9199,2026-02-22 06:46:20,share,16,168
f490efa49f96e60981ca063752ff4cd68771b76a,REPO-12,GH-8894,2025-10-27 13:13:37,public,331,69
3cb155fa7881cbadb8e32d9ab29c439dcb95e998,REPO-5,GH-8430,2026-07-14 22:45:35,institution,349,25
9f8073453e1c1dc73c32d0207f293df0442773ca,REPO-4,GH-9320,2025-10-05 15:42:51,skin,187,148
d8472193643d3be23011dd77a4904ef0b521766a,REPO-18,GH-1919,2026-01-04 17:10:31,situation,347,63
7f07af9e5900c64f0ab7ec223d143776a11072e8,REPO-6,GH-6658,2026-09-04 20:32:46,while,123,94
d9bba60dc5183e5fd1a2eb0f5a5381c0b0dafb5f,REPO-1,GH-4868,2026-03-14 06:59:41,student,66,34
dabb9aead6a6aa0970dbc6b50a352076e09410ac,REPO-3,GH-1430,2025-12-10 09:20:00,floor,4,19
c3cdaab2fc8404d0f5236e3d435a9409c3cc7c09,REPO-1,GH-9307,2026-05-24 00:43:13,too,439,79
0f98a551ddcb2e76f0586f3e90620876a5eb60f0,REPO-9,GH-6543,2026-08-01 05:07:27,successful,208,172
8be1f8ad913e2557e1e720c18c335a3493e07cc1,REPO-18,GH-9742,2025-10-15 22:13:30,material,420,16
22d476469d7678b28ac9f86bd1f714f822e97ff8,REPO-0,GH-6493,2025-12-19 12:58:51,leave,234,172
3edbcc30faedcaa41be0edc147234d8f239237a3,REPO-11,GH-8242,2026-01-11 16:17:00,main,200,6
141d7d09017e4a8fa74d57a9af81c7b796d2cd70,REPO-15,GH-8060,2026-07-26 05:27:02,more,136,181
430ded31fce67543605d4028812cae46c08fea70,REPO-18,GH-5861,2026-06-14 17:21:22,inside,65,172
0a8f1a34c054457e656f6f4ea320a437bee90882,REPO-6,GH-1829,2026-09-15 06:32:11,main,39,67
4711bf17c3f8d407d68fb51a75866e5c4aa1168c,REPO-17,GH-4460,2026-01-15 14:39:44,main,76,85
c221d20ed4dac3255b3d33865749a14ac5067b26,REPO-8,GH-8967,2026-03-04 02:18:14,station,194,95
859c67ab6bc0a867520a9d7f2fa1bbbdfc163230,REPO-3,GH-9984,2026-03-06 20:52:21,face,396,176
70bf257479aa620999634f29acaa43a96f14ebed,REPO-14,GH-1006,2026-01-08 16:12:08,street,10,175
cfc0f990d8fb07d63b7c731a3fe5a333a2a5ce2d,REPO-1,GH-9486,2026-05-31 12:22:41,do,332,164
fb0684bebe25e684732ffa2faf7c43c3f4d49a1e,REPO-3,GH-6400,2025-12-23 06:36:14,garden,144,127
42f93a0a61d6609a16a34f5f4c485337aa9ae168,REPO-0,GH-9479,2025-12-21 19:29:33,field,268,62
f3012a5f694903e7fc77440b58b34c60e33f7650,REPO-10,GH-2983,2026-07-06 18:03:55,main,461,24
16fa63917f7a2f2b5659f31aaa4cafe07a27bfdf,REPO-14,GH-5279,2026-08-14 03:03:02,kitchen,467,99
d8db81ed58269ae1a598377cfbffa1a70f6e3189,REPO-0,GH-1858,2026-05-31 11:35:43,number,399,101
3814f6b9562308af37ddfd8c87c082d22f166eae,REPO-0,GH-2646,2026-02-25 01:11:46,open,248,111
6a753511d19d252ce310de2c686da823cb8e770f,REPO-17,GH-5471,2025-10-01 20:13:13,front,194,36
1d9a6f9129ef1e83fa467ed1b442652c24bddb1d,REPO-15,GH-1266,2026-02-08 11:27:11,main,326,106
29ab7a8eb4ed995209d99b71a69e8fba967fcde7,REPO-3,GH-4817,2025-11-24 21:45:52,situation,145,139
7775bf77a41e0abe8c34811f85f180267999aadb,REPO-9,GH-8973,2026-04-08 17:51:57,save,417,147
c214c82ba2d6cae9b309a16cf571ceb58ed13c4b,REPO-7,GH-7504,2025-12-01 23:43:30,main,83,99
f787c023e46fa883d41f123f47c5a219b9024fbd,REPO-13,GH-6992,2026-01-04 06:18:46,recent,302,156
a5801013ef31b024c311144a0a953d6df15a9448,REPO-1,GH-5978,2026-08-23 23:01:10,bar,351,192
d3c708b910bf35d20029b5840e2c6d1f8a07393a,REPO-0,GH-3369,2026-05-30 04:00:40,hair,129,145
013bf63ce93c46e0c7a76cb15aff374e33f35be0,REPO-18,GH-8272,2025-10-29 05:33:31,next,250,165
6cc1f92f3fcc004d41769b0838636c37f29d52d1,REPO-9,GH-3200,2026-02-17 08:11:56,social,339,29
dcaf8d01f890eaf52ec6dea558c77396be57ecf2,REPO-17,GH-3705,2026-01-27 10:14:57,manage,192,143
e8501b436d3d62ad5b1918e6a956cb2909747d9d,REPO-12,GH-3306,2025-10-08 10:38:49,main,237,70
b87cbeb2b3e2b418e39aebb7d365c92e8b9d6354,REPO-10,GH-7211,2026-05-12 03:05:32,he,128,163
9b570e3e0044842da610b06180628e454b1fa22d,REPO-5,GH-5033,2026-05-04 08:15:51,southern,377,193
f34f0f46abe2f892ce8eb2c9e6889e8cea8e84e8,REPO-16,GH-7807,2025-10-06 01:16:00,federal,142,131
ca0f2b2d640a512d2d76e7e828b30fc3f1010763,REPO-19,GH-6763,2026-05-01 01:28:37,easy,189,139
2d6dccf870941288460e389a359af1f7afe45c87,REPO-16,GH-6218,2026-02-19 16:59:19,catch,350,159
dca76d9aedb9a809339d141c4bc27546bd3480fe,REPO-10,GH-8531,2026-02-20 22:17:51,to,160,86
bd0177b37f5268946510d1ac6c0f0eae8143881c,REPO-11,GH-5345,2025-11-13 22:07:58,discover,84,188
85767dffbb729b610caf4ab2455d4c9642cb1b2c,REPO-1,GH-8710,2025-12-18 00:35:31,own,78,139
674dc9b48e7ad45db211521ce69aca6148b20e41,REPO-2,GH-9725,2026-01-17 08:00:47,cold,263,162
4a344c03a5e53a5f18647bbf05034243fba4cf6e,REPO-7,GH-5334,2026-07-21 18:52:29,main,442,154
a5662d6c7c8183723487fd59ff9f333b3c472bd1,REPO-15,GH-3001,2026-07-09 04:45:18,oil,249,179
983d0777d443bdb024e4668eb964fa2b3af9be3b,REPO-1,GH-5728,2026-03-04 14:43:55,director,232,14
10353720395e5523c8e84989e127caff2785de0c,REPO-12,GH-1488,2026-03-08 08:48:19,family,494,100
24c05fa9e68ba03e6c8e649d25c264359acce27d,REPO-7,GH-8372,2026-01-29 00:08:29,professor,285,151
d62868731a97719de6195d4204f57864be60a122,REPO-7,GH-5689,2025-11-06 23:42:36,right,133,29
a852be9f169b1e09ad10a3458c55fefeff934cfb,REPO-13,GH-4396,2026-05-30 20:12:55,friend,199,71
95466e62a9fac5ffc464702a882d3242125c1ae8,REPO-10,GH-3414,2026-04-10 00:54:14,main,477,150
d3119135567f69ff680f4c555288f317820bc893,REPO-7,GH-8225,2026-02-26 06:24:21,international,391,120
d8c32fb74070d91106ebc2ea7695209169b0cb06,REPO-18,GH-3142,2026-04-07 03:15:54,few,425,184
8be59f26800005daa122562d156a44c9dd3c9922,REPO-0,GH-4155,2026-08-13 19:15:12,close,460,136
86e0720a76d46eae88727ba6a09f577573422beb,REPO-3,GH-9313,2026-09-20 18:33:20,instead,177,99
4fc1731695a010c99c9a311323ef4e4b9318e0af,REPO-10,GH-8726,2026-01-16 23:14:27,themselves,248,13
468fc2838419b14ec8d7f8f60d45617464795c02,REPO-18,GH-SHARED-87,2026-02-03 16:42:07,main,419,148
2b333cc6f9c3a67eae340162fd08d96dae3f9d9c,REPO-3,GH-1958,2026-06-08 19:13:30,whatever,248,147
ad0b8d3f519f4de1cf37b15a96a0984ea5c41884,REPO-9,GH-4804,2025-11-04 03:31:22,read,149,172
3191f4ef45097db6944ce482fc4fcc249095050b,REPO-18,GH-6658,2026-03-08 08:03:31,item,86,99
74986690319dc26dd03518fea4185fdf6401759f,REPO-0,GH-7708,2025-12-09 07:31:38,present,6,155
abead67336b7127b38436aab2940f7aa355fcd50,REPO-12,GH-1939,2025-12-23 00:42:42,president,306,46
ce6f7e9bae177efeaa5a88e16bc77452e88b2a47,REPO-16,GH-3546,2026-04-10 10:45:07,main,401,140
e5070d24ad30d1998c6aa12103af0b273825dbdb,REPO-19,GH-3697,2026-05-17 19:27:56,main,453,112
2dc9b3619218ab83c00a9f93efa1d2a328fe49e3,REPO-6,GH-2965,2026-03-04 17:08:48,garden,423,104
e0d28ea78b45061c8f017cf01ff56f9f44bc3324,REPO-7,GH-4362,2026-05-21 18:56:59,outside,95,190
59484f243d1c10f1a0351f4bb4a34e56c9cef2aa,REPO-1,GH-7951,2026-05-27 21:07:20,benefit,184,31
c714256e9a48a770e3b7ceea83e6b9bcae199326,REPO-19,GH-2480,2026-02-17 18:29:36,plant,339,8
42c0f6aefda8c7eaa16849deac2191c2830f80e9,REPO-5,GH-6813,2026-09-05 02:01:06,improve,119,49
d7c6912962bfb07321e91900e9994de2d3443ad2,REPO-18,GH-1320,2026-04-29 08:37:58,data,195,5
a4c2cb25b7725f8d39563309e3c237a720ccae37,REPO-8,GH-7553,2026-08-23 04:32:22,lot,470,0
60c7cbfec62b3f4c7213e0cf111ac666b47a1442,REPO-11,GH-8361,2026-02-17 07:00:50,education,175,112
bd421cb46cdb5eaebfb2884443a4d42117744fb1,REPO-2,GH-5114,2025-12-04 00:10:12,seem,125,123
7f3c5d1653460a66f9f4df5e0340e4bad7440823,REPO-17,GH-4792,2026-09-19 19:01:20,cause,246,199
546b24e709335f56c378673d08e5a68a08fab6ce,REPO-16,GH-7653,2026-01-18 17:52:28,allow,86,92
d54186ca9625732fbf8f6a045bcc093813dffd39,REPO-9,GH-2832,2025-12-16 08:31:58,machine,4,82
db5f609fd7015cdbfd1d99ad07df23a85f3a8141,REPO-14,GH-5342,2025-12-31 03:05:18,life,155,33
8c5cab3c7a4e8e5ce60e80ce58c7ba24fe41f144,REPO-0,GH-4846,2025-12-29 21:36:15,main,498,108
45ef3ea356cca102f93a028478d703bff5cac2c8,REPO-5,GH-2796,2026-04-09 05:25:35,suggest,303,33
89f755b0e816b94489f089012dc4dd56fee09d53,REPO-7,GH-5742,2026-05-19 12:50:11,turn,247,8
33be92e73c9abe05ba170289e4ec2a2765256867,REPO-6,GH-2234,2026-09-19 07:33:32,election,339,33
ca67f2d856839c1838ef515250d2bf9ff9516473,REPO-5,GH-1595,2026-03-25 11:12:55,available,104,179
cad11a030003373d2f05a9e978503f16df7a4bc9,REPO-5,GH-9281,2025-09-29 15:14:32,rest,186,104
920bbae503ffbfea87c051070a267cdf36f34101,REPO-3,GH-4626,2026-06-16 19:59:35,main,296,100
dc425881068480dcd8a63bbd35efefe2b5544623,REPO-3,GH-3950,2026-04-16 19:40:10,training,100,194
d733f0b7ff19be65b21105df7dff48147540107a,REPO-17,GH-4898,2026-02-23 14:29:12,key,3,4
3a89f89f63f768ef27bfed77246b00b168ec6929,REPO-1,GH-6409,2026-01-05 22:44:00,note,160,86
c48e307759791494807945c3357138fa3c34a633,REPO-0,GH-4510,2025-11-12 22:43:08,policy,251,92
c01aac8fa794eaf36572a88b0e92e52475be9870,REPO-8,GH-9727,2026-06-05 06:23:42,send,272,127
e672f434704af0bdd3bcad7dede33993938cf656,REPO-8,GH-6439,2025-10-06 04:10:22,their,448,119
165b2b0586b52fd46bb8a0ee5d20a70d53cd2c1b,REPO-0,GH-7825,2026-07-05 22:11:30,task,88,103
645ec228637aabe98bd92d21c910e24e8b636c26,REPO-1,GH-1320,2026-02-28 16:24:43,main,204,14
83f6dd08f4e5017376c6ca400e08f907481062b6,REPO-10,GH-7658,2026-07-05 13:58:41,himself,478,48
cd29158a0319f63cd5a63d8742d3c3333c91f527,REPO-18,GH-9167,2026-03-01 02:02:14,much,253,36
1222a1b9c04a6f668ceec1621982070189141916,REPO-0,GH-5000,2026-05-29 08:17:23,later,46,66
3851ba74fd62d41eb108e159db0273cc73b72382,REPO-19,GH-3900,2026-07-29 18:24:16,child,206,124
f3a90eb612df995e6df5e8f0c66a4d8fb1bec5a9,REPO-17,GH-3441,2026-08-21 22:21:12,that,52,158
7e6109e5e5360e960015c7a3aaabe8e5e4845af8,REPO-3,GH-6053,2026-05-10 03:19:28,brother,312,123
e044032b8039966f54b6d0268407fd4a2c23e537,REPO-18,GH-3200,2026-07-04 08:33:32,itself,435,143
3a4961383afc5fa2b391691bcefe8f4750f46c6a,REPO-11,GH-9900,2026-06-08 22:27:13,while,361,38
4fd4a6eba2c054e471c42a5895c1d6297fa8b8ec,REPO-15,GH-6562,2025-12-30 08:38:58,develop,83,151
4398a7ac86186b0d4837b9e3e6291f900378c96e,REPO-13,GH-8225,2026-01-07 16:28:32,quality,310,165
ab6f69990aa13efa81a415751e742c0844975122,REPO-9,GH-8404,2026-06-23 08:59:15,way,10,119
0ded063b1d2a9c4d26a00e6ccafcab4f2e0b9a3c,REPO-14,GH-4155,2026-06-29 08:13:00,election,57,79
1e5fb8ecd67c41589fc787a72dfd0ba43e897933,REPO-4,GH-8679,2026-07-17 22:39:20,find,265,139
9b0934d013a311c228855cf55cf8eebb823b6f84,REPO-2,GH-2146,2026-06-21 14:50:24,store,295,120
553792c379c743fd4d3c0d20533a79534d651bfa,REPO-14,GH-4846,2026-03-20 20:53:43,out,385,66
db7b65b9d5ef863bfe1f438c15f82f16ef23b8d0,REPO-9,GH-3414,2026-01-11 21:03:27,sort,176,77
83cb14d01f04c4a67a3d3ce27e4933fbcdb16cb5,REPO-12,GH-6403,2025-11-20 08:10:31,fight,173,103
0631778f5789d555cf3e7cb7720c80ab135ad30d,REPO-19,GH-9725,2025-10-07 00:52:05,hospital,413,57
4c790da18b1c73e17104c5385d282c9b16f000c7,REPO-17,GH-9239,2026-05-03 19:39:12,film,152,32
7187615f90f3c103172c003afdf02aed0abec222,REPO-18,GH-3399,2026-01-24 01:23:20,cold,26,160
a38ebcc78edc4272b1d82bc5eaa2920e4206a720,REPO-1,GH-4460,2026-05-05 09:52:22,may,308,16
f082dd8d17c693f672d2565e47b67ed661babae9,REPO-11,GH-9850,2026-06-30 21:27:42,financial,213,32
bbdecc2ae229629a39650f291c8ca362ea9dc4f3,REPO-5,GH-6439,2025-11-25 22:34:56,run,399,177
cd8ce358b1b6f06303e5e3c844b67f35d9728ca2,REPO-1,GH-4841,2025-11-15 21:17:12,final,307,59
426e14837a93156915ecac002546b85143c66775,REPO-2,GH-7981,2026-08-26 14:55:17,main,473,161
5e030598c1c8915ad2524d41856a63171ca1ab46,REPO-7,GH-9701,2026-06-01 06:08:25,main,59,192
fffd0594b8401d1fae209ad7af16e007bb1952f0,REPO-5,GH-8316,2026-08-23 10:13:35,floor,34,66
aa6dc519966a839cc8ada8d72c42dba5181160f6,REPO-10,GH-2646,2025-11-23 13:55:55,event,404,3
6e857b9a66b4183da8e7cd3b9b3652b138788834,REPO-19,GH-7293,2026-02-15 09:19:09,skill,169,156
e1a1aae08431687eff60c1f75979e5f79b351a1f,REPO-18,GH-7929,2026-08-30 22:14:26,into,428,194
7fc3a5b8181b6513d0be47ec5f9bb60a75e79b82,REPO-15,GH-6573,2026-03-31 04:48:29,conference,479,21
ea67c5d89fcd866ee9240d778c28055c7cdb7771,REPO-5,GH-9346,2026-02-07 15:23:16,people,468,41
4e3d5e02d317962d0b5020d5321f1f9a43f08e71,REPO-0,GH-2796,2026-08-24 01:59:27,necessary,74,154
c35ba21c7c83df1792468c144ce2c6fe1cc30dad,REPO-14,GH-8213,2026-02-19 08:23:50,with,431,165
b8ae666ef78999f402ee2bd3ac69eb3dae583bde,REPO-4,GH-3240,2026-04-03 09:54:13,truth,128,188
fcc4818d5c30b0347117999e9f242d315d875037,REPO-3,GH-4826,2026-04-18 22:38:51,member,307,36
f6a913e3f9f31e0911b01d6db5423e836e9b0aa5,REPO-11,GH-5333,2026-09-10 08:58:35,main,485,146
6965600d72bf6fc8504fd2c6136b99240f0eb71a,REPO-6,GH-9595,2026-06-13 16:14:19,main,351,147
e5ea39b76bf5163cbf49c38e6dd91deb23b16b00,REPO-0,GH-5425,2026-02-06 22:10:37,design,109,189
885c3d2c958deb9c3e71542168d114bdd0c9632e,REPO-11,GH-4114,2025-12-23 01:48:21,politics,286,177
3bca3e5f544e2a9880c7d9f716ecea5e1a6ce38e,REPO-14,GH-3414,2026-07-26 02:42:16,call,409,130
1accd7c01480fbc1cc23820c2d64fede0dab2021,REPO-7,GH-7211,2026-06-06 09:29:35,moment,247,59
eadb6cb4a7dc15a608a0b6be3c530e979cea4204,REPO-7,GH-8967,2026-03-24 08:16:26,main,348,53
cb075ebcef48178a92c0f5366d39449fc1ee988e,REPO-7,GH-1753,2026-06-01 23:36:34,though,433,45
0e6f646fe2de7c5c901045aa356da422513595ea,REPO-15,GH-1333,2026-07-13 18:42:02,stay,292,137
1e4658dc49c66ff7b7a59a1f5f59cd920e7d36b7,REPO-14,GH-5065,2026-07-29 20:50:43,drive,118,88
73488262567f05fc2c1d245c219030b13fff6cd0,REPO-2,GH-4912,2026-07-11 21:13:40,red,128,33
d437b14332feb298ab78e77ea46d64591662aade,REPO-0,GH-8264,2025-10-09 17:10:52,bit,188,91
071862a86042cdbb1752ae6871442b6c0c388ac7,REPO-15,GH-3927,2026-02-01 22:23:18,main,490,68
1875d74911ec5793ecf2be604b875855d7eccc83,REPO-9,GH-9922,2026-01-10 09:24:08,nor,37,20
bfe12d463f8c0e711d20bb3626938251e0053082,REPO-1,GH-7686,2026-08-21 18:01:17,turn,39,150
890198289e9fca9c826e1cd3e183db4d91b0a260,REPO-7,GH-7576,2025-10-27 19:35:15,main,499,88
a2c5ef9f80c2e5550a2a8e6309933e6896659759,REPO-9,GH-3827,2025-10-18 16:48:29,main,477,195
eebe60b6ce3dbfd16f636f150a8fa7bb249d086c,REPO-15,GH-4396,2026-04-18 01:19:16,establish,184,127
fbe47513dc2a2dc4f7b6bc13353142112c607a28,REPO-16,GH-5846,2026-08-02 14:10:44,road,143,104
73cabcf3214cdb7b44c59bee3191782f56a97110,REPO-13,GH-2188,2026-06-06 17:02:53,drive,69,19
e46d257087e19a335694c2c04442a488779ca4f7,REPO-0,GH-8739,2026-06-21 18:58:19,cost,235,111
482a4c5f7c64b946bb178829b01743d032394e73,REPO-10,GH-8792,2025-10-12 14:04:55,exactly,198,128
2eb52744f349f0fbacc73d33708538fec6312735,REPO-14,GH-4267,2026-04-29 07:52:16,situation,98,175
53a2ac62cae2b3a21af5dba5243cf746575e0153,REPO-13,GH-5374,2025-12-09 18:08:44,main,259,10
a10d1ff0a2d9eedeb3ef1ae197af46b81c20b9a5,REPO-9,GH-1907,2026-09-18 06:29:45,weight,376,24
9eb6b79cf3e8e5d1f4547cb052f21be65a2bf23a,REPO-16,GH-2624,2025-11-17 10:31:51,ask,51,137
d0ee33259a474a9f00e6a2e6d359812093df1caf,REPO-12,GH-8564,2025-12-16 15:17:17,pay,59,104
0bdf29a243fb8287fb42e3189573aa37ab95937e,REPO-2,GH-4743,2026-07-19 18:27:43,main,181,107
ea34ba8f87e37205528831c11b4ba28d5629e6de,REPO-18,GH-2924,2026-03-26 06:24:26,upon,205,194
8516e09a065d1b6175dfcc4366b56de987af6d03,REPO-1,GH-6514,2026-07-27 10:22:42,strategy,80,182
daf0cec93f24111dc9d8cf3ba199f1d91c597552,REPO-0,GH-6952,2026-05-31 03:30:52,mean,284,28
e447390a735fcefabf2965de7f44f3727961a7e0,REPO-14,GH-6198,2025-11-11 04:04:17,maybe,145,4
2fafe6fb5953c44aaebbe402547a3f08b8d6be43,REPO-7,GH-8179,2025-12-12 14:57:05,perform,400,7
580a2a679b53258511252b6b9dd75454339db149,REPO-16,GH-6194,2025-12-19 10:58:26,first,322,145
f9779a594757c0f0466c46bba427a6da47fa134b,REPO-8,GH-8679,2026-05-06 01:37:07,main,312,140
4d9c9f5421cf801e26db4ee667f3074fb10b2b4e,REPO-14,GH-SHARED-52,2026-03-12 20:41:53,brother,199,123
d414b9cac0c0acd0810e1108862b400a6e421c4f,REPO-1,GH-9955,2026-07-03 13:47:55,star,264,185
82747a4410bc796084d8f52d352d32085852f298,REPO-11,GH-3705,2026-06-03 12:48:22,main,173,195
cdcc86a7d4f90c230d2aa8d55e073c736ec5656d,REPO-3,GH-8749,2026-08-05 21:22:02,someone,182,110
6308cbfb5a29b9d12d327dd2c513f40c6e4e59b3,REPO-19,GH-5061,2026-03-23 03:41:05,enter,206,53
4238604e8cf168dd760e324406df704c85261fdc,REPO-14,GH-8612,2026-07-17 00:05:47,experience,76,4
d38939b20865a33e20425a7b635319d2fe354a0f,REPO-6,GH-8657,2026-04-06 06:29:52,get,361,122
6ed0f6d62d9d3459620b0e1f2fb84bbd461d12dd,REPO-7,GH-2139,2026-04-11 23:23:54,federal,51,96
4f2cd850a478165008fedf7922a899eb56a816aa,REPO-17,GH-3222,2026-06-04 13:31:38,trip,401,41
85b00202e683d28f36cb1b0afbda0408d642985a,REPO-4,GH-6514,2026-04-21 15:27:21,main,74,67
137c45f515e96b7e8ede46a4b78cd97480a18ce3,REPO-0,GH-4637,2026-01-11 20:57:31,most,176,75
361ccc49663e79a223e7975f0f3822e092d4759b,REPO-18,GH-3754,2026-01-24 21:20:50,main,432,53
7ab2637ddfd2f9ae26acde9832573a9d2661279c,REPO-16,GH-2041,2025-11-09 06:03:41,young,159,96
d48b232a87955830824d9b284e6f7408652ce7ee,REPO-6,GH-7224,2025-12-06 17:07:42,from,407,197
8ea91bc1f6a163becf0e95bbe45f03382a515004,REPO-16,GH-2269,2026-09-08 21:52:15,many,31,7
b6308153976283176fb2415d1d133579ddf1c735,REPO-2,GH-2402,2026-04-07 12:09:49,attorney,81,157
e480c83880202f227d3541a93369752c5ae965ff,REPO-7,GH-2139,2026-07-19 06:52:45,fly,499,182
ced83a4f935bd4a77f6c2acc85a3a68d4008f265,REPO-14,GH-4460,2025-11-02 16:31:21,level,330,105
8f888f93a30342d672ae63d95eaaae27ac5d7997,REPO-8,GH-9742,2026-02-06 22:46:48,nothing,79,131
401c8e158524867f1808fed45c4bdbbddb00c334,REPO-12,GH-7745,2026-08-12 09:52:42,start,80,115
dc7b3a576fdb614d385901dae8427f5c1e69c14e,REPO-4,GH-9837,2025-11-08 04:21:06,different,115,73
e17c2d89ce12a9020ad290797469b46f7d2aecb1,REPO-12,GH-8406,2026-01-24 06:23:59,front,437,26
8ef688fdb7a5b4fee2ce3258b4735e979d59099c,REPO-2,GH-7797,2026-07-21 14:38:32,board,289,188
c80e9fbde2e76d74157626a4c194898ef8e11b20,REPO-8,GH-8454,2026-06-19 21:23:00,main,436,161
3234d127c378870353bdbedcfdfef5f2417cf5e6,REPO-16,GH-1611,2026-05-21 16:17:08,main,173,17
1d718d7dc958542c34665ed521fbff618760a224,REPO-13,GH-3621,2026-06-14 21:31:41,close,411,29
a0118dde73b3d1aeafc431beca010256723145a4,REPO-17,GH-4937,2025-12-10 11:45:38,stock,249,162
dcb91ab8b9385f01f2aa83fdaeb63e147f525082,REPO-13,GH-4510,2025-12-02 16:09:56,poor,243,100
531aac0a7c3631d2c9311a8b24f481f331c83adf,REPO-4,GH-8527,2026-06-11 06:52:43,name,410,66
d86eb83395c82144ba8e9b0826ab3795d5a76957,REPO-12,GH-8244,2026-03-29 22:59:24,story,126,118
ba788ed516e40c3f678c45a682b8774943697cd7,REPO-2,GH-8434,2026-03-07 20:57:37,exist,116,18
23e7a4916138dedb3aa4466647619b210d38ecf7,REPO-12,GH-5772,2025-12-24 18:56:37,marriage,301,31
107b4ca17ba936f6d65996b0b026ebd095181e96,REPO-13,GH-9928,2026-08-25 11:47:51,hospital,13,67
4f672489830dc1ea6d5e03e4c3d40157cc47fd61,REPO-2,GH-8739,2025-11-22 06:27:27,short,427,190
dca52a8c1573e2d2ff25bb82c0f2127dac7c34c6,REPO-3,GH-2204,2026-02-11 09:59:06,forward,410,157
b1ee5fafa4a23f7b9c441de9c64d8ec9e4b52679,REPO-10,GH-9498,2026-03-20 14:39:59,main,490,168
e9680599a9034e76d1b4523791f87e72feed4c80,REPO-13,GH-7947,2026-05-03 17:17:42,key,398,54
03e4aa8b5c247ba893d68eb031bee54ff9feef99,REPO-1,GH-2269,2025-09-29 03:57:25,international,144,23
e1a9892737abd9944a6befb733ae9106397064f8,REPO-2,GH-1510,2025-10-18 10:35:16,health,484,143
caf3ab8cb84066d21c32b3baef60dd01b7706f02,REPO-3,GH-7484,2026-06-04 18:18:34,main,343,0
94e975b592f5433497edbc311715aeae380acf74,REPO-14,GH-8019,2026-03-23 09:36:21,after,213,0
477698b0297b0cf7c91e32aac473cfacbdbb55a8,REPO-16,GH-5465,2026-08-10 20:21:59,detail,36,5
63c37336d8e4eb09daf67a9fddb0d6e2156959b6,REPO-8,GH-1133,2026-06-11 01:52:53,main,391,99
960f23828988593ee495e45ab2a0312d35ba33a7,REPO-15,GH-3584,2026-01-19 10:47:29,main,79,117
5fad89ae97dbcd36622e096c975d3c9f6781890e,REPO-15,GH-2215,2025-10-06 03:47:22,street,28,116
2fbddbb965b9e940b50780d3500265cf94bda54b,REPO-18,GH-5634,2026-02-22 11:22:14,main,269,115
16247bf8f573b042bf1eb197e96d8cc5bbabdd1d,REPO-7,GH-7211,2026-05-02 10:24:18,subject,363,58
2eb8e15cf53f173294a20a8dca6eca86a2c77851,REPO-19,GH-6576,2025-12-19 10:50:33,less,418,161
cde36abfc30d5140ccf0c9c826fc66cd2a132caf,REPO-9,GH-9835,2026-08-25 13:20:38,bad,198,4
1d9c8c2ec8a0ea0cabb20fe6d30e3c6fa3a96874,REPO-13,GH-2208,2025-12-30 09:17:38,main,180,59
4aa8ee599cc3a93dc6bfb8566a928ad73f57b5fb,REPO-12,GH-1444,2026-07-04 16:31:39,set,429,9
bdf12d6bc5e63dd2cc255765d221e3987ffcded1,REPO-17,GH-2479,2026-05-15 05:41:20,your,171,75
b9d8010cd5bf146661e1bb777a970a2efe14e93e,REPO-3,GH-5573,2025-10-14 19:50:09,in,203,9
e3e64580c95a5dda80a5d241c06f1a64d7569f93,REPO-9,GH-7227,2026-06-21 01:51:17,seat,226,74
10aec223a37606f30c103db7cdf39216193a5eb0,REPO-17,GH-6091,2026-04-04 02:38:22,policy,326,149
2f4e470d69ee3de56cb153d6297c8ac3021e5162,REPO-2,GH-6992,2026-05-12 14:04:01,blood,333,63
3854b34b5a17bb8966e5a10e00ff8e040f0f2748,REPO-3,GH-2169,2025-10-18 18:06:39,main,472,116
31e3ffb4b9d2af50a4a802160b5ec717a28c7af1,REPO-7,GH-5670,2026-01-12 04:01:21,left,294,79
f25200530855a511704414dffa311bbdbee30309,REPO-3,GH-2113,2026-09-20 15:43:04,main,38,113
a2a8b02d0325e52234037cb5ea63982b4fd23d3d,REPO-13,GH-1272,2026-03-29 04:57:39,so,19,71
326bf60f5689a92e6af9a59dfb972f8542aad851,REPO-2,GH-8060,2025-10-25 16:42:37,stage,435,151
6b6dfd0d6d082863e94e965f12e33a587a92ee65,REPO-8,GH-6421,2026-07-08 10:00:17,civil,341,169
ca93ad87367894f28856e0c4eafb0f38f16d501b,REPO-10,GH-9998,2026-09-01 08:53:43,main,118,145
173468cf0a0c88a37f23d84b706a51dd1ca6fb10,REPO-6,GH-8179,2026-01-21 00:37:17,or,125,0
86c71f052669bd89209b859a00e51b544436b7b4,REPO-18,GH-7560,2025-10-31 03:21:10,generation,321,103
26e04ad72032f92f491fb3dc73b2354a07984c76,REPO-19,GH-1609,2026-05-07 09:20:43,recent,234,60
be29eccd87a703d99056befbf00b4bfbde0ff3f3,REPO-14,GH-5050,2026-01-06 05:09:49,main,445,77
792bb241f669efe54ed3d0beeee3ba9e4606fce6,REPO-4,GH-4848,2026-08-10 08:57:59,age,416,143
8d03046c0177cbdfe4633cc55b8274cfd0925ebf,REPO-15,GH-6727,2025-11-20 12:20:16,main,284,116
0df56aa482cd5b0503f2ec3b6f2f312aa77f940a,REPO-3,GH-SHARED-27,2025-10-23 08:55:39,scene,470,155
bb291fe79c5c802df1be80ad40d5693c712df56f,REPO-1,GH-4945,2026-06-30 05:50:20,tonight,187,143
03c7752cd6fbed91190479ad0ad472826bd27632,REPO-3,GH-9327,2026-02-14 05:59:21,like,13,100
9d34749931d3994a7559e7eb0e317a9f9f415b07,REPO-11,GH-9335,2026-07-14 04:10:34,create,155,102
75fb09e4fdc6011812afc8ff9260bff7ddb17dd8,REPO-18,GH-7105,2026-01-29 17:30:43,magazine,230,3
1236191c9d71f225627a086c5d27ca95ce8c7e77,REPO-9,GH-1461,2026-02-14 15:04:09,main,331,83
d9c0a149219ce7ae7b78e1aefce68c9b515d6bb7,REPO-0,GH-9498,2026-06-17 03:24:58,main,307,183
b482ea57680b1be683acef7fad897ad2516e0601,REPO-4,GH-8606,2026-01-05 13:22:51,small,51,185
d48557951690a93db6b9d2b4457a30bc96dfeaa3,REPO-4,GH-6403,2025-10-05 22:44:59,quality,310,166
80688b823d2d197792f2089af3aa0f5a72375561,REPO-0,GH-7421,2026-03-05 11:49:21,main,200,13
d414865b705fb7720533c6e27596c04db13a47ae,REPO-2,GH-7653,2026-08-06 00:09:13,main,420,28
0861aaa3e50e5f1a23953b0bf74459e89cc2d962,REPO-13,GH-9835,2025-10-15 14:46:02,main,236,49
41d66fd7dd6408851a0661a07f680acffc7fa453,REPO-16,GH-5562,2025-10-20 08:59:41,music,45,59
b3e0bdfbb3af99ccf65f10492342707627a4dd72,REPO-17,GH-2786,2026-02-19 00:07:07,leave,392,49
1ad87b6c0e933e996f606f0a67a461a73b099796,REPO-17,GH-5331,2025-10-09 10:07:47,TV,66,50
ca872d5ce158cfb8831eea0cb5e5b8987e70ed12,REPO-8,GH-8430,2026-08-02 23:34:40,nothing,347,119
cd468e2902712b6495b54c8c3b1d5399ba16803e,REPO-2,GH-4084,2026-04-06 00:56:45,goal,37,197
7288f566b59c81ff04cdfa65afec747a89cabcfb,REPO-6,GH-9335,2026-05-31 07:52:41,bag,373,101
e52120771ad99ee8e17b4934db32ad585500657a,REPO-7,GH-5902,2026-05-04 12:07:35,open,98,105
884d6e12286e22dad2978fc25e57745c1ddf3097,REPO-3,GH-2106,2026-07-27 02:41:41,cold,312,61
a3a4fcd6fd10d1a22a8bb0b1c7d6a8cb9afcc471,REPO-6,GH-6582,2026-08-03 02:29:33,main,313,151
37da24d3037140764e17e6e6e0dab1a340f95b32,REPO-14,GH-8622,2026-08-23 15:30:34,win,429,62
e5d4f3392271d20f1e1074b57254d47e3c709e71,REPO-18,GH-8740,2026-03-27 21:19:33,cut,293,187
97d1525cc8cd9b7f0a9259b9eed586f05b11b592,REPO-5,GH-3330,2026-07-15 23:22:11,return,461,136
84b69e189a1006cc5b52d5f445cc982b3b007e72,REPO-12,GH-9281,2026-03-13 07:47:59,make,53,44
33c2da7482f75492f91615398af29c7716c1cc15,REPO-19,GH-9751,2026-03-21 05:23:59,single,134,154
763016bd9d2650c115fe2824879c2f2b8217ddf3,REPO-13,GH-8372,2025-11-25 01:44:29,baby,155,175
ba08c0d81011f49184dfc2465b0f731df9ba3926,REPO-17,GH-9955,2025-12-06 12:24:28,group,447,29
c497c147df0181d1951f8b01cd669e6b35f5fe90,REPO-7,GH-4841,2026-03-22 07:06:38,room,132,6
6e83fe34bf3024c417e63b0f05a4a32e6106efcb,REPO-15,GH-4119,2026-07-11 03:20:20,main,163,179
7399ad0e60a912b6675f2b6a12a18011f2c8c0e5,REPO-1,GH-5496,2026-03-13 21:19:08,interest,199,178
01f327ab953b14d5044926dacef42adeab898dbb,REPO-18,GH-8956,2026-05-08 04:01:48,price,9,182
ddee76750648f473a460eeadb8359f8f50683235,REPO-13,GH-2146,2026-08-14 14:40:47,main,495,101
281f3e17928efaf1851735e2f60a52d4d3326b52,REPO-0,GH-5050,2025-09-30 06:39:51,late,166,130
4b7fcb5b82463249d87e5e293e96a084dcf94d57,REPO-17,GH-1829,2025-11-24 09:47:58,dog,319,81
73e1dd33448babd3174957b7b2efe218db1d398b,REPO-19,GH-3419,2026-05-11 21:52:07,general,251,119
7e4540f1926bd79d865fe6f59d38ea9fdd2daf1c,REPO-11,GH-4868,2026-04-21 17:04:47,main,162,195
d5422ed9e4dccc968c314b096a58b43ed115e8de,REPO-18,GH-8684,2026-06-12 09:04:48,main,131,184
20867234fd69fd1418c3e5124c4b93bcb2cf68f7,REPO-2,GH-7118,2026-08-12 00:15:03,hear,346,55
9dc8f5d066d7424d7bce1cc061f61f83b3525a71,REPO-13,GH-1653,2026-09-08 20:43:06,main,202,167
c52d1c1c2d7120f79f6b3086c7b40676f1ab9423,REPO-13,GH-5861,2026-08-29 18:22:37,current,187,142
4ca3e57f70cd93992ebc3f6569d06615bc851fac,REPO-5,GH-4585,2026-07-24 03:53:34,foot,408,3
87c2e8262c8c8dba6499bf96dfe027b1442f6f25,REPO-16,GH-6170,2025-12-06 11:35:46,none,494,42
17bd22b35a49faf6a509afb808f752c45412ad0a,REPO-7,GH-8871,2026-05-18 17:23:59,main,410,28
1aef03e069f57f3e2da808a0b121c15939d25ae8,REPO-15,GH-6908,2025-10-12 06:48:36,now,269,51
df464893f889702df1e42da997a280c896c46b34,REPO-14,GH-1320,2026-02-09 07:31:24,generation,181,195
dcf791c11b37eedab93c2bfcf871908a8b35e9d7,REPO-15,GH-4450,2026-08-31 01:15:20,drug,316,114
310ceeec94116414c9be574e6af9c77128cc9d07,REPO-8,GH-9311,2026-06-09 13:38:48,floor,224,174
e467628c12a726f6744e9814456dd14da9f2e58b,REPO-6,GH-8967,2025-11-29 09:02:53,experience,34,40
ccfef789ddd189f2b65a3abf6f277f19d12caafc,REPO-0,GH-2139,2025-12-26 10:36:19,main,454,20
66e7308f33750665db09a42ebdd0a07b0dfa8dba,REPO-3,GH-3463,2025-12-20 07:52:11,agreement,276,196
debedbea5d960edc27c2644a963dc22b963a7b67,REPO-4,GH-5905,2025-11-19 06:55:38,you,89,53
71488a679247c6536c7022f4db6e49e608c2f3e2,REPO-14,GH-4335,2026-03-16 16:50:09,yourself,165,9
20fa66b14b30a54732f4f21a96979a00db0ea07c,REPO-16,GH-7232,2026-02-19 15:24:02,trip,464,48
07f783d2cf1851ca9e838b3ddca5e82357bf5f00,REPO-14,GH-4404,2026-07-12 21:07:50,main,295,29
4e7b361ea4a3093053437494a040dd9e895dcc2a,REPO-19,GH-4853,2025-12-16 23:13:56,main,364,101
826bb5e532d77852e7be260a4995bf423ae09537,REPO-13,GH-4968,2026-03-19 11:40:42,main,219,156
2db1d5efe9baf361654c80d9a03a8299c19a3631,REPO-17,GH-7086,2025-12-13 02:31:23,husband,157,2
2545d472a0031b9d452aaf8a38ecf829359c0e3c,REPO-0,GH-4908,2026-05-14 04:18:29,better,466,64
8f3e4afe84c921c4b2087e44ba745cdde106a74f,REPO-0,GH-3236,2025-12-03 23:06:20,particular,201,67
90d20de45c81c977643f88bc3c6ad2261d424ecd,REPO-9,GH-6121,2026-07-05 08:05:08,commercial,283,7
d7ec81b8391f67d730387ef6b2ed0f61d156db79,REPO-3,GH-2627,2026-07-17 19:10:03,yeah,74,148
8f72dc3f2ea74229519d2d8e8583596b99461748,REPO-9,GH-1241,2026-04-04 21:54:22,help,4,81
263a6d612f71d6eb9e298bf1a1d9e25d5e5f8ebe,REPO-13,GH-7570,2026-07-15 02:38:00,just,396,49
a323b66afb8cd8593b7d4b6e32a4f87e5532f2d5,REPO-5,GH-7334,2025-12-10 03:09:30,believe,82,178
5f01a849f7fdc0144c81f250f02182050461cb86,REPO-5,GH-4450,2026-08-03 13:40:46,mean,283,12
23f99fe2df91cad518c22ca4caa3a75cab8a106a,REPO-17,GH-3780,2026-01-04 02:30:34,main,332,113
e23b61c4676c5fdb474e5496f6490996e35cc5d6,REPO-9,GH-4362,2026-03-23 10:12:10,main,90,87
34e3061837a94b2ab271aa88575fc90240a41519,REPO-3,GH-8651,2026-02-21 13:12:48,instead,169,198
1b322c6bdad78968c90a3a8ea9950f2cfc47de6b,REPO-10,GH-2070,2026-08-25 23:30:00,herself,223,46
ae685beea8e99f39cf40d5f6c8ec6361570dc8ae,REPO-17,GH-1502,2026-01-25 08:19:27,leader,206,10
dd0d9a84c650910c3d9a0c3fde5f127eba04fcbb,REPO-14,GH-9548,2026-08-22 05:13:48,drop,10,60
498ef909f27488220a30ee9ec28044bb2e191578,REPO-11,GH-9433,2026-06-26 06:52:22,main,457,129
72e603ecce7d671d231798689623a74b9c421e71,REPO-18,GH-7086,2026-06-03 21:42:13,type,279,110
8a588124477f684ac76e0484f2b48051d999ae20,REPO-9,GH-9446,2026-03-29 00:29:33,main,92,155
15d7a347dfb3e8532a884bc856bfe798b0f0e6c1,REPO-9,GH-4862,2026-01-11 15:37:30,watch,306,46
5389a111122220ca8ced6d6a94e205f4461cbff1,REPO-11,GH-2816,2026-01-30 12:11:19,throw,165,113
b56522f60a01b1b5e7ac80cc1c0930e43a931518,REPO-19,GH-5331,2026-01-01 15:54:57,act,349,48
1fab6c416d57de7f517780ff3be7d2d89bf3caf3,REPO-9,GH-7708,2025-11-15 15:38:59,challenge,211,36
8abfed0293229fc9d4ebd114de828a6dba5b0f45,REPO-8,GH-4697,2026-06-23 21:36:33,American,350,26
52765253333b27c0067780fe7a1cacdddcdac343,REPO-12,GH-1409,2025-10-20 17:20:16,determine,457,91
fa51acb9f6c4fcafa08ef6cca5b3671661322e11,REPO-3,GH-5706,2026-08-29 10:00:23,finally,476,42
3e75e6381eb7c27fa9fbf1f665f18e042b08da9a,REPO-6,GH-7291,2026-02-18 07:37:04,than,268,152
3016b252786372bb837f4b071c174f329da19044,REPO-14,GH-1153,2025-11-27 02:55:49,contain,37,33
270c6328e87fca0d36e7f90ba56530aa55223bfb,REPO-7,GH-8359,2026-04-16 08:47:04,site,472,126
485f0a61722aa6d262a531c4d32589f274ab1aa4,REPO-3,GH-5678,2026-08-07 07:24:14,course,127,187
376c8790c1b2f326b13f2c006afe9278747b0ccb,REPO-19,GH-9900,2026-02-15 17:45:56,break,325,84
973d1fd8319226b12ae4ee2519b2e4a0bc965820,REPO-15,GH-3580,2026-07-29 10:19:33,modern,266,173
df60ab5f8f5c56ae3bd1e6c9c62104536b0f131b,REPO-4,GH-4629,2025-12-15 05:13:11,process,330,143
6f8690ffce316c34fe316caafb78db097bba23c9,REPO-17,GH-2530,2026-02-18 21:24:48,evidence,398,60
a29f9db7223784fc9f59fad1afdd3ad51992a0ea,REPO-18,GH-1106,2026-05-26 11:44:23,step,241,60
9c65468b936992469c993a04fd627a9290bb3236,REPO-9,GH-1857,2025-10-06 23:50:19,visit,314,200
253b53a6a0c94b0642e2c08b93502d08f8675957,REPO-10,GH-6549,2026-03-28 16:29:05,try,329,168
d7b901fb2b5bdf9f18dcbb5852286301d604d124,REPO-9,GH-5425,2025-11-22 00:26:20,any,494,11
0716debdfea2706cd175fe2f9a746185fbc4a2aa,REPO-18,GH-5902,2026-04-24 11:21:21,piece,219,34
e763a1c5858e63198ab94a82c2e94bfce673857a,REPO-10,GH-7209,2026-07-04 13:29:06,coach,153,196
29495b88e75fd92780089faf7d87c63d5ffe0187,REPO-11,GH-4460,2025-11-04 20:13:37,watch,201,7
148ed5931d5dcf46086e0a10572348588fa25cdd,REPO-16,GH-8612,2025-12-22 10:47:48,main,265,84
6c72b6f16d76be0b46bc27a0957b66300568b337,REPO-14,GH-7606,2025-10-22 17:17:09,maybe,401,146
6a3fdf3c9d566db214c23f17c196a9ccb8287942,REPO-7,GH-9647,2026-03-26 07:55:03,total,214,170
93d7c955e96114eba7b9fa812ece31eb3953eb15,REPO-9,GH-1742,2026-09-10 18:23:18,center,157,173
22bedef4214e595c24702278da87dbe8e8380cab,REPO-6,GH-9317,2026-08-25 18:07:05,main,334,171
076c782303e1ce39debcedc1834adc20a0875c33,REPO-14,GH-4696,2026-06-01 07:00:22,main,49,175
c07de4e7fb274b9d67666e5bec76a75f9ef6c774,REPO-0,GH-6876,2026-03-30 21:59:46,weight,112,99
b96daae013a4a1a398050bd61eb2802249315a9a,REPO-16,GH-1878,2026-01-04 17:12:32,realize,121,48
59151d551aa6d466e03dae3af506a5e555a9a657,REPO-18,GH-9307,2026-04-24 16:07:13,positive,489,141
1e95c7c411e85dae2249991e6c265ff6c4ab1fc8,REPO-1,GH-7001,2026-06-13 13:19:21,mean,45,195
25219ec2508ba3d2aed5d5f639f52e8374cde60e,REPO-7,GH-9042,2026-04-06 08:19:48,together,364,84
99db35b8fe062dc16785b6fab8b365386a77bb9e,REPO-19,GH-2106,2026-05-06 19:25:25,discuss,72,32
c4531eec13e3708ef798c5124cde5ec9b039305f,REPO-15,GH-5583,2026-04-14 20:45:15,year,218,156
aed1bea5386eba78ecf87197059cb94915cc563e,REPO-1,GH-6562,2025-11-21 08:10:19,beautiful,183,80
dd4be788896624e84e04fb9142f46548c483954d,REPO-14,GH-2489,2026-07-12 14:04:25,main,77,9
4e5263209381d8f26788db1ffd56d2596e2a3b23,REPO-3,GH-5295,2026-03-02 19:07:59,possible,100,107
8deff71812af6e2d2c591e39ed5121b9ad6409ea,REPO-15,GH-3616,2025-11-06 19:52:59,enough,393,40
aede84aa4295c6b76e74f47007e447d8fb44763e,REPO-18,GH-9837,2025-12-07 15:55:52,main,306,23
4cdaa923390310f56d82a98ed02137c1b47bebdc,REPO-0,GH-8225,2026-01-21 21:36:59,maintain,16,112
b89fe114e14ee5870f40ab25f27a2cee8299e39e,REPO-0,GH-1601,2026-06-13 12:37:05,nation,146,107
0573c53452a13692b4e381371020d7b47e5acd77,REPO-8,GH-1888,2026-05-09 02:40:21,example,416,87
971efb7a8d82f2382a5cd0b48564955b07da5038,REPO-10,GH-2293,2026-07-19 01:48:25,generation,256,124
2965b04544f7d574853f4a4919d4f83d574c7797,REPO-6,GH-6763,2026-03-09 20:36:20,check,250,104
d8094c82ddbe77fd17f309e85a597b60153f4612,REPO-8,GH-4963,2026-05-09 23:11:29,main,19,7
0568805fbf6e1a53ed36a87681ca1f354aa5585a,REPO-4,GH-1919,2026-08-23 08:38:07,main,289,4
12ca9e416b29dd1b151fe2910b208f296a12d857,REPO-5,GH-2684,2026-09-13 19:45:09,project,228,95
b7154c7d2ecb945467cc69f2878cb6b276f29834,REPO-19,GH-9830,2025-10-15 14:38:58,court,481,118
a46aacc7451d9de230f08dd29829cbf91ef1fd30,REPO-2,GH-4241,2025-10-02 12:34:24,along,89,9
9a3e37ce1cc8a6a795cedb4c724410360c1f867c,REPO-18,GH-6325,2026-08-17 09:22:57,color,159,156
9e30b596f5200906e4281fe44b89778638e57a8f,REPO-13,GH-1920,2026-02-28 01:11:24,owner,84,29
f8615ac1b995ca33c44243b5d85d3189eb94e2ff,REPO-2,GH-7566,2026-04-01 16:14:45,guy,352,60
5fe4f7a390e0c46ffd7c84e4f52da6bc64a27279,REPO-2,GH-5678,2025-12-08 21:01:33,technology,296,96
4c11518dadfde1571b9c2c89331cbaee51e4c014,REPO-10,GH-4788,2026-05-09 02:59:34,difficult,44,40
dcedf8a87f423f16c74063e93729a35899ba91cd,REPO-13,GH-2796,2026-03-21 23:09:20,main,460,143
e01d67601445ba819b7f7aec54e355e82aa86ca7,REPO-4,GH-6931,2026-04-26 23:03:01,size,238,113
23513aba2fba038bb26ef169f0d45e7cb9e2a54c,REPO-19,GH-7947,2026-01-13 10:23:54,my,377,138
22e7d01e4fbb88de57a76a74b0a6a4a60e749a31,REPO-4,GH-2771,2026-09-20 18:19:24,wait,266,177
d4f86eb99b0dbda341404979cac8ae6fe748f82b,REPO-18,GH-7163,2025-12-08 07:42:28,surface,150,66
ab7e8bfbf79acce1495b80762be0ab967b3cefea,REPO-13,GH-6153,2026-08-31 14:26:42,often,166,35
766a050201385025006f31d3c15046de79485667,REPO-18,GH-1588,2026-03-23 04:15:31,main,421,4
9da2ee60de18f4dfd3c93a997ad2e82dee265e4c,REPO-8,GH-5582,2026-06-13 09:24:53,main,91,92
595f656ed9d6c0dc604079544f0818745b9629cf,REPO-14,GH-6751,2026-07-20 09:16:15,at,129,120
732dad305953c3026111494c39c7c659be7bb3aa,REPO-17,GH-2771,2026-07-27 15:25:38,quality,2,178
03b5e162828c3406cee695231f8b3025e51167ef,REPO-14,GH-6531,2025-10-06 19:57:38,main,223,22
ecbd0501e63cad8f19a66a1b27d6f1c9869cc5ba,REPO-19,GH-1710,2025-11-14 23:37:01,lot,233,39
0de7157a423fe4e1290dab83aa020b1e5b73d8fa,REPO-19,GH-5114,2026-08-15 07:58:21,oil,76,102
6924ad497c0b3d13fb5a322693915beff49a7f40,REPO-8,GH-5915,2026-06-30 17:53:14,TV,1,87
69c1f031114e7d47a9d270d61b01b30c50632bc3,REPO-15,GH-9479,2026-02-08 23:10:41,least,483,108
5ed97909fb5d27b40a287eecb8e474e20c68a704,REPO-12,GH-1530,2026-04-29 20:12:05,beautiful,278,131
dc1cce67fc1582e69c6af4ac2301132f1668b8db,REPO-6,GH-9479,2026-08-29 15:48:28,court,494,164
ed19acadb4ac5340d473af0e2ea79d3ab3f4f756,REPO-9,GH-4830,2026-02-28 08:35:43,main,296,94
f5326707589f461b22179487142b51fc5d53370b,REPO-3,GH-2465,2026-09-05 21:42:06,day,391,67
b1fb7630ef56ea498b1347f5e6f10944dc9a51a8,REPO-11,GH-1475,2025-11-20 23:54:12,main,345,175
452683143350b8bd22ea61c0c2624220b8c0e696,REPO-12,GH-3142,2025-12-22 02:56:35,decide,296,154
6cd340b6654fb2f47d3b39490aae64fe43d68398,REPO-19,GH-2391,2026-07-08 18:59:00,never,285,5
6cadbc710c4732e036d92ac153f37a8d85b02553,REPO-16,GH-7825,2026-05-18 08:13:03,order,205,124
b1b4c0c642a2c35a6aba1a833c0210e22e28caf3,REPO-14,GH-3267,2026-08-26 22:10:42,anyone,486,14
76812acb3fa1d3ebb0f088246eeb9601e1f60b1c,REPO-9,GH-3504,2026-08-03 18:02:56,notice,116,108
9d207f1a13ac8b0305614408b211123ad38d2d89,REPO-12,GH-1645,2025-12-25 10:47:18,nice,332,75
11e9973e774a041bd241b8333279b241701cb48f,REPO-1,GH-8025,2025-11-30 17:20:24,main,47,8
6e536c55bcb8ae97dd2ab6423e74e39cee61e165,REPO-1,GH-2204,2025-11-04 20:26:23,prove,285,188
ecf4ab78d79d68700a9deca50a90e5e15254afcc,REPO-5,GH-6514,2026-05-31 07:18:26,draw,77,89
024584353b0e15c93517fd980b8be8a17c277e6a,REPO-7,GH-4131,2026-08-20 10:38:25,sense,90,8
42895b98b542f61d6e1af523cc6a7166639f3b8d,REPO-5,GH-3317,2025-11-25 00:18:14,main,241,93
d1c481d0fff9014def04c6284e76bebc92e20231,REPO-10,GH-5668,2026-05-21 17:34:48,degree,307,108
f2a1d9db46676b3e965d01245b0f677cf93fb5c5,REPO-14,GH-3580,2026-01-13 02:09:38,institution,426,194
a83f04be63bae2dcefb6d0fe5903d9a6f4d208ef,REPO-4,GH-5781,2026-01-20 02:37:56,nearly,349,157
07b715e4a829eae066dcd9534965d6e1080ccbaa,REPO-9,GH-8744,2026-03-09 13:33:05,management,58,89
b504f204da56036a19c1ac180b8c33e030532777,REPO-11,GH-5563,2026-01-29 23:36:32,main,97,61
e24b4046664b8bb6ebf93226f5b7dcbd5aac33a6,REPO-19,GH-3697,2026-01-21 11:13:28,enter,228,108
a9c73d04211f18bf811701db75885cdc362d090f,REPO-19,GH-5689,2026-06-29 01:18:08,forget,59,190
c0dc0aa75e3a84d20ca3b4fcb53f0998ff2f09ed,REPO-2,GH-8710,2025-12-17 00:49:15,position,155,153
04b72167661543ed9e517b6f90a1899f68f78dcb,REPO-12,GH-1510,2026-05-15 15:25:33,artist,141,69
ffd949a68d5c69fdf09463dbd1792af81f0e6d1d,REPO-10,GH-3858,2026-07-17 05:46:32,charge,146,188
c2502528a8e7c8fb418968df36da32727abda8ab,REPO-11,GH-5837,2026-04-01 17:41:51,south,170,6
781f195b666f285644fa60e7239d9c4f60b9a35f,REPO-8,GH-1845,2026-08-06 08:45:40,eight,163,37
5ff3cfdb737761f84dc24afbe4a60b8f930fe738,REPO-16,GH-6927,2026-02-25 21:41:24,main,442,18
996f49efaeb03faf0e83cf5bc3a31519db31a0bd,REPO-16,GH-2381,2026-06-04 21:01:49,perhaps,373,82
9014c3e3950a36176e7b5b9c514fe0404ed876ae,REPO-18,GH-7512,2025-12-11 01:26:11,hard,341,53
f11f8514ac9374694b211f2cfd686860babb8963,REPO-14,GH-1939,2025-10-24 08:29:16,fact,334,70
352618c5187e9dadc7691be1faa247ed05564676,REPO-8,GH-1406,2025-11-20 12:05:02,candidate,496,126
9cabd97553eb98a46740ea9ee524ddf8feef8291,REPO-18,GH-7580,2026-07-05 21:41:58,main,475,123
05fe12f8bfc9e4838838190ad5cd24010e56d69b,REPO-4,GH-4946,2026-06-15 01:32:12,main,412,72
e83a9cfb3111d21d0d9af1351bf3c9ee7de32492,REPO-8,GH-6626,2026-03-18 03:41:56,fact,144,114
e5b8c40686bda26e726893a5789d4cf1b98dc4b1,REPO-0,GH-9041,2026-07-19 08:14:51,public,127,116
867b524508bcf94188a97f54dd9a2f2ac9bc6bd2,REPO-5,GH-2160,2025-11-11 12:19:33,need,41,117
e16d733020c4c1a052a6796d298ccb8a6b0e61f3,REPO-10,GH-1982,2025-11-05 19:30:01,piece,139,88
31c231b425861dc79d8a6b1aa660c894d9a27b53,REPO-13,GH-3317,2026-03-28 22:08:33,main,266,166
843365bc0fa6b0363583e0ca6ec80427cfcb7227,REPO-15,GH-4404,2026-03-16 04:04:34,capital,169,131
80ef8b648839e1aeb8229c49e651103a85b18e1c,REPO-14,GH-7708,2026-04-25 03:59:21,look,36,60
0a7824f526d1e1779fdbd2142393b1bc1c3db92e,REPO-3,GH-3827,2025-11-25 15:27:18,main,70,184
fdcc48e3655acb0dd044ce1538fdffad9bca1907,REPO-19,GH-9955,2026-07-16 21:12:25,growth,233,85
dd6f85b6afc00cbca51d1b97a55fd632b3755e6d,REPO-12,GH-SHARED-69,2026-09-01 20:52:16,amount,309,6
987f62a7417ace9c31a41c988207899f1e4a8bc8,REPO-8,GH-2800,2026-02-22 02:56:20,main,147,75
6808b9dbbefcb68c04e3d51391c396276e01fca8,REPO-7,GH-5906,2026-01-04 04:04:26,man,343,89
a8b4ce3dbe08fc8e75ec9f731182333b3ff3bd78,REPO-2,GH-6460,2026-03-11 08:51:34,under,412,102
0ec0f38860fd0644d16cc6a63e4b5724e1c3e6ec,REPO-4,GH-9897,2026-06-29 14:32:03,main,445,15
e45f0ff05c286e816abe60a29874a191773ef500,REPO-19,GH-5051,2026-08-01 11:56:53,film,444,80
d93403c01963514626a3ae76b67fa6cadca8cd76,REPO-4,GH-6772,2025-12-23 04:49:13,behavior,154,61
1b47c1cec26b490a38a65edf15753aa41e6ed752,REPO-6,GH-4728,2026-07-08 03:34:34,place,346,45
cdbcac6c00a88eacc33cfacac2163f2a99da6e79,REPO-13,GH-3147,2026-08-28 22:15:45,true,146,76
f1db746890175f889bf134e5a04d6767b2693706,REPO-11,GH-5708,2026-08-23 01:20:13,think,33,26
0a7b144b4a95b7ebb98dc48618ffc3912cfeac52,REPO-2,GH-8612,2026-06-26 10:27:44,know,8,125
e454faa486c475a9003b25aeaec6acb16e70a44c,REPO-1,GH-9022,2025-10-18 23:07:30,treatment,164,178
86c6da17db258da8ecf56c2c2f2a6fdc8d8b2098,REPO-12,GH-8941,2026-07-22 23:29:53,shake,222,83
62069f07ec19ac3d4e032fac2e4d903f5c0c9eab,REPO-16,GH-9821,2026-07-08 09:56:43,enter,39,43
9982b186e3af6182baee0f96d1092805c0a8d72d,REPO-18,GH-2489,2026-06-02 14:47:29,main,162,157
a07d451a89ea4b1c4d990fe85caeca3633aed933,REPO-18,GH-3956,2026-03-08 22:27:48,enter,390,79
472ef094ed407abfc2e1ddf2ef002549922879d3,REPO-16,GH-SHARED-48,2026-02-12 11:24:34,blood,355,136
136db61955a493da99f566054d6b4ab98f7a58ae,REPO-1,GH-8564,2026-06-30 21:37:05,eight,113,172
64a129b851a961eb8b17f0db289b79ec23fdb1cc,REPO-19,GH-6119,2026-05-12 10:59:20,perhaps,464,117
a441205ad5ba28b7e82bd7d28b02f96bf010e2b8,REPO-5,GH-8612,2026-03-14 10:05:13,body,470,4
498e3d315e336ff1a13eb76246bfcd7195e4adad,REPO-13,GH-2924,2026-07-27 05:48:18,method,151,32
1ea06b988a65327bc29befc91b81ebefce9cdf52,REPO-17,GH-1599,2026-05-02 16:54:55,others,174,47
9ee54b3ff0b11464463c205e3237edc0c1b1ddb0,REPO-16,GH-6549,2026-02-19 22:00:12,truth,15,184
3c8adac914ff186ebd7f44c0ea74c1f921d1f6d4,REPO-0,GH-6869,2026-09-21 06:58:33,main,248,114
a3cd014e06f618c3a713cd0466fcab7b11c19821,REPO-17,GH-7812,2025-10-13 07:29:49,main,137,163
f29fceea53915e43a436315448b7664060368cb9,REPO-10,GH-SHARED-87,2026-05-14 05:28:52,question,99,166
1ded3262669730f5e5979801b09bcabdbf4cd96b,REPO-14,GH-3417,2025-11-04 05:53:13,buy,393,9
96abd885eca57bf10555af1f3e44de2607d4a18c,REPO-10,GH-9976,2026-07-20 16:22:02,partner,183,180
b2f877b4cc0662b0b70f1a04bf5552f5c00e6fa0,REPO-7,GH-6236,2026-06-15 04:15:33,PM,423,32
c11a6f653b6c13fb73b217cc7cdd552d7b5f83ec,REPO-11,GH-8378,2026-03-09 18:49:10,main,230,5
4aeeedd5e97d935a68eb0894af317ddc014879e9,REPO-5,GH-6121,2026-07-02 22:01:26,hand,391,186
7faf334fcab349ac6fc38491776e1811269594bb,REPO-13,GH-9984,2026-06-05 06:23:13,together,405,179
cd2ea080cf9423acb2a66f92a222948da994bfb2,REPO-3,GH-5861,2026-03-24 21:31:15,necessary,498,142
b05cc0db739d023f368e9dbd610b5d5bdb684cb0,REPO-9,GH-4912,2025-10-11 10:31:29,main,236,59
7a0c3f750d4db259eee8e3e3c85a7824e05882ac,REPO-8,GH-9543,2026-08-08 18:17:31,size,460,67
cff02fb447db7e9e3475af4da49bb2c37c776fa1,REPO-5,GH-9507,2026-07-25 23:07:45,whatever,435,18
ae33ef5634681bdc9de90a3e2646b3196c60df50,REPO-11,GH-7105,2025-10-06 22:04:21,course,354,112
ffe30f67fcf74f9b48e2c76c8430ffd8493a4a28,REPO-13,GH-SHARED-87,2025-10-06 08:07:39,get,347,157
803bbc22e56160da901d56e594326c6f11ff56ff,REPO-10,GH-4986,2025-11-04 08:00:25,main,347,71
fdfdc6b90d8d2e085bd9d20dcae34080825cb26b,REPO-0,GH-3527,2026-03-06 00:32:41,shoulder,166,52
038c3b0ee79227698c7c8bfb182ed77734ecd70c,REPO-4,GH-7981,2026-03-23 07:07:18,environment,441,62
b5ef1b1be42d6f67705fc8466a970b1c73a52561,REPO-16,GH-4817,2026-02-13 05:22:34,guy,389,96
16251cfe4737453f33f0c3e73e431ae2c4cf9630,REPO-7,GH-7906,2026-02-10 19:29:25,energy,282,159
38059d5810df88e2c3acf55f0c157c858efc425b,REPO-17,GH-3526,2026-01-12 09:29:12,main,20,138
ad699100fc962127bd8ea78abd0b3835e7507f1f,REPO-8,GH-4728,2025-10-15 12:36:19,main,167,103
b502eaf2b0e074674196319563df577908b96358,REPO-4,GH-3527,2026-06-25 11:12:38,everyone,252,42
ca9a04e8e1dadd280132e4febbb0ace35d82fa2a,REPO-19,GH-7622,2026-07-22 11:03:37,determine,470,148
64bf2b9a8b00589b38ca936ced486c5a02dd02ab,REPO-10,GH-8199,2026-05-01 20:28:31,officer,500,94
7117bdb9b4fe78053d2682d430e704cfb8b61200,REPO-10,GH-7818,2026-06-05 17:33:26,main,123,176
c15479d914b86d989f6261ab046ef8877a995b0c,REPO-14,GH-7868,2026-03-01 19:40:00,statement,187,73
8175159156fbc11821fe7c0cbf548f41b90f24ef,REPO-5,GH-2106,2026-08-09 15:48:41,money,379,169
22f7b43308ea5a5f643d7fddaf317db397139579,REPO-16,GH-4164,2026-08-25 15:36:29,he,39,100
57650ad33e6869ea4aaea7f233192ae562e3a6d4,REPO-5,GH-3296,2026-05-24 08:22:30,support,465,95
ebbca5772c1ef92dd213dd8880485812e8353bb3,REPO-9,GH-2070,2026-08-17 17:21:59,free,412,52
9438813181d8f311f2e973f541d840e0b97c2703,REPO-4,GH-6374,2026-08-14 18:58:18,who,392,159
1b5c8a0481b3cd6cd611b9cda7c767bb4772bf23,REPO-17,GH-8239,2026-07-04 08:03:36,into,30,48
a2c0fdce05b811d19ecf8e880a98a301b20ce586,REPO-2,GH-3589,2026-01-26 11:45:05,purpose,146,73
c5f06f132bcaeeb53d1ea6a7064ee37b913ac95e,REPO-5,GH-4986,2025-12-08 06:31:18,degree,396,111
31d18d570653fbf554bcc3654af5bb69d11849d3,REPO-0,GH-8532,2026-01-07 18:05:07,mention,91,183
e05061581d1bac7f632fd848598014d7935059db,REPO-17,GH-8019,2026-02-10 02:51:26,left,426,168
de5dd5ed1ad1b7e5a2659abe87b6cb5fe1722a20,REPO-15,GH-9725,2026-09-09 20:21:43,collection,291,15
3161b19c404ed0752eae4fcc6eca1dc847aa4042,REPO-8,GH-1887,2025-12-01 10:01:18,brother,467,167
73f1f3cacc2cbee10c6eb236025086814d57001a,REPO-4,GH-4697,2025-12-09 16:03:14,when,5,22
03e158fafbe4d708153387a3f759e6bd6ec33135,REPO-9,GH-5678,2026-04-11 12:27:31,main,120,67
6fe240f77c5b2a084f8850aef609054ac111f874,REPO-19,GH-3697,2026-05-02 15:11:12,opportunity,222,177
8cd9b8c5fb61c62d93745abee97e5f5791a19bce,REPO-14,GH-3950,2026-04-23 23:58:46,present,45,47
0ea9b6c059af988a682e72b4479f9dc29ad12cfc,REPO-9,GH-6555,2026-06-24 02:53:00,better,394,29
8a3e31c5fdde917327040b2535a7a501168c542e,REPO-5,GH-3317,2025-11-01 02:59:59,who,357,181
97b6f4e776892c1cc83f477a81f21313cad749e5,REPO-2,GH-4788,2026-09-02 12:41:37,together,149,151
45029aefbd0493d93d8263b8f0275c6584361258,REPO-19,GH-6573,2026-01-07 05:52:19,grow,331,135
3e38abf729a36fdb10de60d56699df529fb82a2c,REPO-11,GH-5065,2026-04-21 21:23:59,cell,423,146
da1c966b6527ceb6f2357f697aabc5505c667d98,REPO-18,GH-9824,2026-09-19 17:50:06,through,263,39
0d71a955f0a68a86930d3949c06939ab7296a46e,REPO-6,GH-9375,2026-07-09 21:44:03,very,494,143
a37329cf7e7664fba3ba1fa47530f42bb0ad7967,REPO-12,GH-4868,2026-08-03 01:31:32,over,154,182
67240842d09d46c9215889f326d1ec15f29fb2a8,REPO-6,GH-2698,2025-10-28 21:21:10,down,289,23
0aef59b2e8c40f11da97588cd617163e072f6a3a,REPO-10,GH-7563,2026-03-17 19:49:12,main,58,61
87a8bb0639cd6b3ff67521a2c1a6e3106476fd63,REPO-8,GH-2234,2025-12-31 11:04:22,region,15,126
9515cdd4d3bcdbdb429d3ff6b23ffe10551df36c,REPO-16,GH-8606,2026-01-11 06:58:37,door,177,14
b0721bb61fe15e9d8267685a7d2d1a52a6831402,REPO-4,GH-9056,2026-08-16 13:31:09,discuss,335,117
15d49bfa1c27ab6a4dfe9e45679146737043ca1a,REPO-2,GH-3440,2025-12-31 05:55:45,less,383,53
0a8956aa370caf286fbe16a9e8b124743c875d9b,REPO-0,GH-1436,2026-06-05 13:54:17,check,255,164
1edbf43bd59ef316cb03c47a580666564a340f5e,REPO-1,GH-8690,2025-10-01 18:49:57,against,354,193
348ff0eb96cc9ff778c0e19747441292db65300a,REPO-0,GH-1006,2026-08-25 23:51:24,this,294,156
40e3c05b25675a4220031b9397214c387cf82a60,REPO-6,GH-9689,2026-03-16 10:23:41,ok,446,118
e03276bddf2588e9c67832c2771b696b22026982,REPO-11,GH-8354,2026-05-05 14:01:40,cultural,207,152
78862d649e4a21abca87fe2d255851a7f3a4674d,REPO-4,GH-9488,2026-08-22 06:07:50,instead,354,118
0d32b61aff5ff4d1a4b345a2b91ec23e28226c45,REPO-15,GH-9238,2026-05-28 13:31:35,week,163,133
aaf759e20ee9eea4c962ca23ab54fa443d94c4d6,REPO-17,GH-2612,2026-02-24 07:09:14,seat,94,55
191a72366941a4984d45b10b03cdd5cea83fd738,REPO-0,GH-3616,2026-08-02 09:46:28,suggest,173,136
e6a22c63e3130a5066afafe75dfbb6cad32ac03e,REPO-16,GH-1502,2026-08-04 07:42:24,hospital,449,166
54899743aba39fd1ef897f8d0ae76607429d1577,REPO-14,GH-8699,2026-02-15 12:36:24,write,3,147
6d3352d6c472504792281f6e928585cf3b7ae651,REPO-4,GH-2624,2025-12-27 02:42:07,main,167,138
5fae570ae40b35a83a2e95d7f8362f2fd6eb9333,REPO-10,GH-3223,2026-02-12 15:15:28,room,162,28
30a6f26156def762b76b3c442c2b0399865e378d,REPO-3,GH-SHARED-77,2025-11-18 04:38:56,their,216,200
a67d2a37443a6410d8a49928355afdaebbeeb891,REPO-6,GH-1745,2026-06-26 18:15:08,nothing,85,199
f57a33efe19019632455b6e1dc15ea849b9bf8d2,REPO-6,GH-1430,2026-05-09 19:22:09,whose,101,101
9e93c6d6ef0c279851ea31d13b43809cde734096,REPO-7,GH-7512,2026-07-28 12:31:56,section,187,132
bfdf20e6e946ed2c4fc1b0331dc1dcfccb9a7b96,REPO-13,GH-3616,2026-03-30 17:16:55,book,221,188
7757b16edbf7c54515f4dcbf02a4ccf78e439ffc,REPO-8,GH-8956,2026-08-06 11:14:01,drive,252,196
b53ef76be20c6f7f0ed0fcf99ebd8be5f72649c2,REPO-1,GH-4912,2026-07-03 14:57:43,science,235,85
1a494d2a028314d04b1eb4eaf025304c227e23a8,REPO-5,GH-1693,2026-06-04 10:36:13,tend,205,9
5e27838a713c11303f53a0005ae06756b56bb9c9,REPO-11,GH-4629,2025-12-22 22:34:45,paper,263,26
3f824337923e57695df8f4c3e0d8c6a316938cd6,REPO-8,GH-1333,2026-08-17 20:53:14,present,190,112
fe7ab2211a1124fc76fbc0de6465e83515a42380,REPO-3,GH-7029,2026-03-16 00:20:18,least,110,179
c6c5ee4b65641a5c1932a3f890d6886a7d1c8b33,REPO-2,GH-7537,2025-10-22 01:44:21,Congress,196,30
cb00e60d42bc6afe9011cfb5fda1354058a78762,REPO-12,GH-1525,2025-10-05 13:12:49,main,450,96
8365dedbdb3a4657ece0237db8f9e8d84a5cbd1f,REPO-16,GH-2013,2026-05-02 01:18:21,war,384,191
a8e98228598c96652c8a5d1241f27a95d292f688,REPO-10,GH-9922,2026-02-08 22:58:51,seat,323,69
d47157bd939d1f6f4f539d5d5d87fe5be6a0665f,REPO-11,GH-3749,2025-11-23 09:25:40,health,204,128
1ce8375163e6f7231ab02dcf09e34d4dc10c2874,REPO-8,GH-6781,2025-10-22 08:46:34,fact,149,173
efd28c81eace70b81591c2abb668f80e84fdb0df,REPO-10,GH-5022,2026-05-06 05:34:26,main,434,145
ee0e19dd6f2763220893a8c873d96ee77067d1b7,REPO-13,GH-6573,2026-09-10 03:20:26,sell,5,59
21291be14b63eedcb32b04c92fd76749939d7736,REPO-4,GH-2269,2026-05-17 02:24:43,main,193,150
27c9cbbf34c0de45e3e8b80d7770436024c4f080,REPO-8,GH-1713,2026-06-27 10:52:15,cell,51,166
374b078415bfb58943e4c60d73fd24ea739015ce,REPO-16,GH-6763,2026-02-27 20:21:57,live,337,14
1725ba04951702da31781942dd3e50fb2ff8b50e,REPO-0,GH-6231,2026-01-25 06:51:58,represent,133,7
096be4e72e04a7865c272ba45ad72bc7a21d8e7c,REPO-11,GH-4456,2026-01-23 06:43:56,over,36,48
fb3ebecd7a3d3c3614180bafe7b60e163d220983,REPO-8,GH-4684,2026-08-03 00:51:53,main,397,4
b2a290a496706ca863e1472710d41565e5f77f86,REPO-16,GH-4509,2026-03-04 01:55:25,notice,140,48
349a9eafa9e53787a06914e887414cce846b1c98,REPO-13,GH-6139,2026-06-18 13:27:50,main,476,146
8cc87c2347460ab68a171cadf72d4c8c4819746f,REPO-18,GH-8699,2026-08-28 00:20:58,main,64,78
6733f6bfe957468d4d2128c52f8b692b5ae0a030,REPO-12,GH-2293,2026-05-21 16:55:02,somebody,151,35
adf109aa5e06052d1aafe02e1193c2eaeac2e621,REPO-11,GH-8726,2026-02-13 03:08:41,stage,244,87
9338a631dfe9c77d3e8fd953a97bb28f1f7566fe,REPO-0,GH-6514,2025-10-24 12:58:41,next,496,190
ded2d1001e3be530d1a8aeb0dbdcb17ff3fdef49,REPO-9,GH-5835,2026-03-06 15:09:19,significant,401,72
ba70a2cfaa2c71749075f09ffb466bfd41d09810,REPO-3,GH-8378,2025-12-11 13:03:55,plant,109,141
9993727a3f872b72ad85d522ec4d367505ff7d64,REPO-5,GH-5906,2026-07-24 10:48:38,country,375,131
0345b42822c8f0756f6cb3100ddac1d36e636495,REPO-14,GH-2391,2026-08-17 12:44:28,main,53,32
458458c3507b624ff6579fddc464b83843bc4f84,REPO-14,GH-1606,2026-06-06 03:59:50,main,378,189
80065f684bcc55755ed213a516a529b5dd119175,REPO-8,GH-8739,2026-07-06 22:45:18,main,485,144
dfb04b615db6aeac813a78f4bd06a21e56345692,REPO-9,GH-2790,2025-10-31 13:36:39,international,437,73
73e692c69c41bcb9eca4fd8b5dcc845c57d0ed0f,REPO-7,GH-3068,2026-05-07 21:10:47,reveal,397,38
afca825baf19f83f3db58dc1fece47f397498e02,REPO-5,GH-2996,2026-02-24 10:23:29,I,242,182
f7e78dd8b74bc770f343724a2bef521cbf02c251,REPO-12,GH-6727,2026-06-24 10:08:38,throw,285,31
6bc85f1424b1158c00d09fd5d00347646c1c4133,REPO-15,GH-1241,2026-02-07 06:49:47,main,175,132
5df2f4e395779b5516e67f06b49736704e207cab,REPO-16,GH-6658,2026-01-25 19:38:11,second,38,184
88bf4e791ec56f6ff50c70bbdf2d567691d3f95a,REPO-13,GH-5915,2026-03-13 02:20:22,money,478,102
5139e91c079eef4cc7229908218fc9e25ae8c0fa,REPO-12,GH-2353,2025-11-01 04:47:31,interest,496,26
e87a44deee3d1a6c3f2a4a281557f327cb571b52,REPO-14,GH-9117,2025-12-13 20:52:50,main,89,187
aee920611aac4807669b4895f371576c003aa923,REPO-10,GH-9151,2026-06-05 07:39:43,group,255,184
ae3f487ad47734a1fde844146ead2640b57d92ac,REPO-15,GH-7947,2026-03-21 09:29:26,need,62,161
ebd788482f507dd02d279a0d3b96b00d6ed291a3,REPO-7,GH-6139,2026-01-05 01:39:20,police,49,40
7630b627861fc8b7a1f6cd92fcacfb394d0cbe1c,REPO-17,GH-5902,2025-10-20 14:43:21,artist,497,41
8098c545d048080b8d1d9799aed69fd08fe8f31a,REPO-12,GH-7512,2026-06-19 02:24:16,concern,76,138
2a000d109d39f22935955178aa8a3ae7650b4a68,REPO-6,GH-6062,2025-09-27 15:11:59,main,425,146
615188dfbad06ef954f336f6d5efadb32e9ba919,REPO-12,GH-7708,2026-04-20 10:51:00,main,272,34
18a4cb7cfd346c8127014f7924894b1fd6d92b02,REPO-15,GH-3615,2026-01-31 21:38:17,main,384,151
4ed911f59c8b123bd990ea1365744738293183e7,REPO-16,GH-5846,2025-10-07 16:50:06,out,376,106
c61a7ef9ca40d365c5d6914104ada1f361da6aca,REPO-1,GH-4817,2026-05-03 18:01:29,main,407,192
73fbaac941c7e84368314b860e70d25d96559388,REPO-16,GH-6590,2025-10-23 21:50:23,current,345,177
476eb9085ac3fd7dc362bc37eed89c7e1d7b1c62,REPO-13,GH-9312,2026-06-01 03:31:30,court,210,88
4b1db5d048251d9906bf4d4387abfd4c388c0c64,REPO-15,GH-7850,2026-04-22 19:38:28,hair,443,68
2741550aa379d545ad5181bbbdff25c9b3bed00e,REPO-15,GH-9022,2025-11-03 14:52:18,while,142,22
9f29bfd225f82d70ed0d683833144d064088059b,REPO-18,GH-6590,2025-11-26 00:43:30,painting,296,89
c55be19c466f66fee50fb4d4b23c117d721b56f7,REPO-1,GH-5649,2025-12-04 16:10:35,seat,392,33
f867a4454d1f828f977cd4beb4a85132ee2aa316,REPO-7,GH-3504,2026-08-21 12:07:32,cost,433,190
957fc5640ffce6663d45627d135a1825cc39dd0f,REPO-8,GH-5728,2026-04-11 23:43:54,tell,475,95
9a729a153dd24ef5c7f2efa4d8c08d16fd0f998a,REPO-1,GH-5835,2026-03-18 19:46:41,American,420,66
b44234327f0c47919d648ab9d71079b1e48cc2fb,REPO-2,GH-1153,2026-04-23 17:47:08,student,76,165
3bed0991d39079738fd08eaecb5f5366588d90aa,REPO-14,GH-4912,2025-11-12 16:12:17,forget,189,31
fc1d68a63689eb1ab045e19a0a2a284ca47c5d8d,REPO-17,GH-2193,2026-01-18 03:25:06,result,325,147
24e5d779855fee8088aed1f8e67517334b8c2944,REPO-6,GH-4912,2025-12-06 00:41:28,computer,393,104
7658ee2be1db993caf04b8795f2e7f7d02fae75a,REPO-7,GH-5543,2026-09-11 13:50:33,main,67,38
4a3ea4b5b1c7deb67e48f2da7b27fa9e0465657b,REPO-16,GH-7232,2025-12-10 23:27:50,position,459,56
dd5e72d8b9dc0f0cd17d83427f9e045b420802e5,REPO-5,GH-3851,2026-09-19 06:05:55,look,297,53
33f2c0458dbb9afea5f4a9390bf8db7e7e49868c,REPO-7,GH-8060,2026-06-09 16:38:17,improve,242,196
0f0e230341b4003469ffb80c814707745346cae6,REPO-9,GH-8007,2026-07-28 11:04:43,but,129,8
087e7213aa1b7a3f6457294fd0eda910f9a8b207,REPO-14,GH-4527,2026-06-13 15:52:06,ground,98,59
57369edc5a27fc55ee7debe8c7dd8350efd04593,REPO-17,GH-4052,2025-12-31 14:02:32,main,108,136
5617b30709bc7eb5068643bb92f8abb885c67dad,REPO-12,GH-9626,2025-12-28 22:56:01,military,43,32
b4afbffded0dfba5748578c67279202f0ce69cab,REPO-15,GH-SHARED-87,2025-12-09 02:32:34,analysis,473,3
a0a4702d4b4119dedfe080f986c7760f490a7790,REPO-7,GH-4263,2026-02-13 02:52:58,will,269,181
86e7601178bbfbf16f3513f92b0a0da068488949,REPO-15,GH-2646,2026-04-01 12:57:21,where,198,138
9db37b935ca4294d8e98ae7d4f65470f47d51651,REPO-12,GH-1282,2026-06-10 03:33:44,those,362,91
5e7e1663067aaa1d4164d42751212fadefc21a94,REPO-4,GH-1241,2026-05-14 12:50:46,nature,341,178
38f791b0e894b2300c33d11072ec46d8efa3e04b,REPO-13,GH-5526,2025-11-01 06:49:59,full,106,182
0bea7cccf658c8d8817b0b8d845a61d2cec5b570,REPO-14,GH-3414,2026-09-16 02:18:07,paper,496,154
24a8ecfad82cf20166c0b5ae94d20165618f6f93,REPO-16,GH-9117,2026-06-26 16:07:07,indeed,135,185
a728a4c18543dc43fba5e2fa55a2ed16425c2da9,REPO-18,GH-9830,2026-07-17 22:07:24,deep,234,157
7a85344ac160284adc90da6c4400818f4c0f0116,REPO-6,GH-1269,2026-01-14 16:44:59,line,356,95
7cad8f130854b34b299d1147230c99906d492b44,REPO-5,GH-2235,2026-07-20 11:37:54,yet,192,193
2ca817b8c77ef681f5c1517589781bc29cebfffc,REPO-2,GH-7825,2026-05-28 04:59:25,learn,16,32
e524aaf354b016367cf12cc9ceff7b3f1d5ff064,REPO-12,GH-8237,2026-02-20 09:36:14,agent,467,188
18508d8d70f30d6e7caee16b8a5094ac710afabf,REPO-12,GH-5616,2026-04-05 17:46:06,option,153,126
fc3878f698e686838c74531fadc1e723797a93e4,REPO-2,GH-4920,2026-04-02 23:15:58,follow,291,147
11db45fb219036df34b2ec2931ed13e950d87b03,REPO-11,GH-6952,2026-04-08 05:11:22,spend,456,187
ab036562d16ccc537a0ca879bb9f83bbc13ee523,REPO-16,GH-7693,2026-01-16 11:55:36,say,76,120
8f2789aa8d4885713d5bbe83760e27cf1f1d433d,REPO-4,GH-8973,2025-10-18 08:47:57,analysis,290,194
e32b4773a54fc99a6c1b95a75483717740b4ddc2,REPO-14,GH-1282,2025-12-09 00:06:27,food,347,106
937bc47ac69c78e4b2c859d6da7ccf4277948566,REPO-19,GH-5198,2026-09-08 09:59:25,we,470,152
c97b3f2758262a00a498d986ebec65f4a831da17,REPO-6,GH-2391,2026-05-06 19:45:12,put,165,190
d1078a1727db222eee64ac4bcf32c6e97a0fb060,REPO-11,GH-9955,2026-01-26 18:32:56,nor,335,94
3ba0dedca0300cda03f63d9848678a83a45705b8,REPO-15,GH-3504,2025-10-07 19:43:13,floor,112,8
c15864b2a8980a05ef9c8dcb677a7d3e1444c241,REPO-2,GH-7201,2026-02-23 10:37:34,note,377,119
fef5abd18d586acf35df4372c7004064d36d2e23,REPO-5,GH-1423,2025-10-17 07:49:02,return,337,118
ebac9ac1328018666a9a5fa2f0fca633c4430784,REPO-5,GH-5349,2026-09-01 06:36:28,main,105,72
daf9d7000f83bbd606b412570b931baddca3966c,REPO-2,GH-5000,2026-04-12 09:28:55,could,3,24
317b426671760c0aacd54a687268261381c3ee4a,REPO-16,GH-3344,2026-04-12 12:56:16,say,497,186
d2aa6538634d5b10778e5e565c5a476efec7378d,REPO-14,GH-5082,2025-10-14 07:54:44,main,382,39
fe874fed41fa86b3bfc56f952f3e65fd98127ea1,REPO-9,GH-3126,2025-11-04 06:34:36,cultural,394,142
3973d20dc660a28c3d570630c48a6a2a9df19792,REPO-16,GH-8141,2026-09-08 12:26:48,front,323,71
3cfbdae1e9a8a44693d2153400893d208e129419,REPO-13,GH-5061,2025-10-25 07:09:15,mission,418,157
d8ee57f423641f282fcf6300c9978b63dcb9a8d2,REPO-13,GH-7658,2025-12-16 06:00:47,main,395,181
95f9f94dc1a7963223aad8e77be0fad3edcf50aa,REPO-9,GH-6280,2026-05-23 00:49:05,win,418,63
e8dec993986826302e5cfc8922d9af34980ca0b3,REPO-7,GH-1842,2026-02-22 02:49:04,risk,282,14
fa785b5d0d9823fbeaaef1405172e9c0db52091e,REPO-13,GH-5728,2025-11-11 03:22:08,main,45,141
bd78d5db2b771a307d64f1f8b674f98a7af35b62,REPO-17,GH-3616,2025-09-28 19:15:14,main,379,115
c931570c08f22e56e2197320a380ba7f25e5de30,REPO-18,GH-8430,2026-06-10 02:56:55,main,277,128
a53d32878a529520cad3c5e7a1c4008436738bb2,REPO-14,GH-8532,2026-08-15 19:24:01,cost,136,90
28f8ffef5b9d8dd85e1f4c69ea71603a03126630,REPO-12,GH-1858,2026-02-25 09:21:49,hot,110,128
c8c6afc9a1116065eeaca90403245c97f07a7ddc,REPO-5,GH-2063,2026-09-18 07:35:06,another,77,61
bfc21ca6a3c94fab5d29e6da56212b88be8944e7,REPO-18,GH-8218,2025-11-26 12:26:55,employee,345,99
5997d4602e80b8d10f13005756480f675406656f,REPO-19,GH-5668,2026-05-26 10:20:36,us,477,56
1373f06d6b994cb20190ce7a9e1dde7d4e0ccd93,REPO-7,GH-9056,2026-09-20 02:24:18,own,208,152
17f00b48918d6c1754f8718fe1ec7e53ac499127,REPO-3,GH-5930,2026-06-29 18:22:19,main,352,91
4cb70356f942f817395fa733a6bf29bfa8063fc5,REPO-7,GH-1422,2026-05-28 03:36:10,yard,3,133
5527ff9a3c2e87083ce0d82ecb8302df7927ab27,REPO-9,GH-2924,2026-09-03 04:59:10,white,464,76
cb374b872af50c335f212381b33313a20b334f13,REPO-14,GH-9548,2026-01-10 20:02:26,action,377,149
ef3e43ebebbd349803b79f7e8894af786b45450a,REPO-2,GH-5000,2026-03-07 11:26:11,huge,91,29
4f3c2bc44919a9b17bff85a25f293dfa637b1d1b,REPO-12,GH-4268,2026-01-12 23:02:27,customer,180,141
dd8eb2a512a4414c5a81f0dfbb4e10ba03951a80,REPO-18,GH-4891,2026-08-10 03:30:38,environment,404,77
01968aa8bd0ba68601c8df1107b42b13d1efdf44,REPO-16,GH-5703,2026-05-18 00:41:55,room,111,95
4fab152ee5bf2887d97f3ab02685f6d600be3735,REPO-17,GH-8994,2026-02-27 13:07:07,speak,339,102
11b36a9d8c2cbfb1933bf43906cf5a1f1b99822b,REPO-7,GH-9543,2026-03-20 09:15:48,road,384,0
77ca5eb0bdffc7f7f382a4e459e1d4b3439f67c2,REPO-15,GH-3780,2025-12-22 13:21:32,building,6,27
9ec9672cff0fcb5ef70f1aa21201da8a3272e5c9,REPO-17,GH-3296,2025-11-10 17:33:28,main,287,14
df6665f7d2121b44dfe47465670e932aab4e78f0,REPO-2,GH-5961,2026-07-31 05:30:39,cover,291,197
543cd990cfa8a4cf70ad5a026287a924ea959bbf,REPO-11,GH-3287,2026-04-23 11:43:33,main,173,30
37241835e22664b26521b36d1e03751cd1f4a20e,REPO-13,GH-8770,2026-07-11 09:15:05,responsibility,257,110
298bfd68e74a5d2316037f6546221ca902b6d8aa,REPO-0,GH-4918,2026-07-01 15:35:10,information,486,37
7b6e6c2bd82b566f21b2041ad9cdf3240e734dab,REPO-17,GH-6262,2026-01-15 13:40:36,main,434,93
cc78b93ccb96ea5c64594fd1a6e1256bfec3cf57,REPO-3,GH-2215,2026-01-15 12:43:35,every,79,151
aa9853177bc68e1322b93fd48e0e9ddf461c90ce,REPO-4,GH-9479,2025-11-08 02:18:16,indicate,144,147
b97010274178bf34ce954d44364bfa30811206d8,REPO-4,GH-2796,2026-08-12 12:51:33,defense,483,197
f3f24a9469137b861d9112d77e287fe015ac8944,REPO-2,GH-7086,2025-10-30 13:21:08,modern,268,142
c4f1e57d44104b84aad307e3a818bbf5922a7dd8,REPO-4,GH-6372,2025-12-13 22:34:00,also,277,1
be449a7d195fd7c09d598c90fb0c4438009bd460,REPO-3,GH-3103,2026-03-28 02:04:52,brother,459,46
2913103215ec0471a44fd9337fea9bb205ab77d2,REPO-1,GH-9327,2025-12-24 18:12:42,important,426,94
b64d7cd9f1554584b74a28cd40e5f36b19eb2d46,REPO-5,GH-9320,2025-12-07 14:32:52,rule,221,12
002ac7c262898c6973bb730901f5fdcfa6d1f8d0,REPO-7,GH-3252,2026-08-06 03:21:46,least,433,155
7376cd8680a92b42ec068d7dab8a1058598f0fbd,REPO-18,GH-3252,2026-05-23 22:17:27,single,394,126
35e0c032c813c7a303288f630fda0e1b180e0d6d,REPO-7,GH-7868,2025-11-21 09:41:34,specific,418,169
ccfa204a3476cd6156ecaa85b71073c6d4965670,REPO-13,GH-6105,2025-10-12 21:43:00,most,259,179
840e1b8f0970f6ab8c05ac47308b041f1b037f5f,REPO-12,GH-6714,2026-07-21 18:05:15,special,496,73
590ec76f11bf6abb35d4d71d89601c06b7938f19,REPO-11,GH-4164,2025-12-17 16:26:51,animal,73,193
7ab95748a4eff6b6755c87be9a77d9edcdf37590,REPO-6,GH-9437,2026-05-05 20:41:53,claim,266,31
0c41a5afd3f1c594add1658aca77334a90b4cc27,REPO-8,GH-6531,2026-02-06 12:40:28,enough,353,142
e19489a84a73811f32c8ab86b17a7b4848ab6105,REPO-13,GH-7229,2026-09-19 23:15:17,maintain,278,179
df9d46f6da94a82530de7cc1f1ca3b297ab525f1,REPO-19,GH-3417,2025-12-13 21:16:20,main,132,9
7bceb8b1b67ccb719679d38b3738a694718122c2,REPO-18,GH-7232,2025-10-18 21:02:01,claim,290,90
896249153db7da31d5476cb4328897e24320c01b,REPO-12,GH-4527,2026-01-18 06:54:38,down,416,189
3ffbf8e65b2575788269b275e13d590eb9615cd4,REPO-16,GH-9179,2025-12-07 09:44:46,government,68,177
207c6891e65d67066d012a9672295b66a2ec4bb2,REPO-17,GH-2269,2026-06-09 12:12:13,ago,327,139
d7bd9a2462d69805729514854572c441d13cb5f3,REPO-8,GH-8007,2026-08-31 08:32:15,threat,141,20
c7948cc5359c87c70182540ebf60c448a984d0ae,REPO-19,GH-4637,2025-12-31 09:53:05,field,318,91
904ecd046241ea918eaad65ba4d033ef9354eeeb,REPO-14,GH-3344,2026-05-01 05:19:57,officer,435,48
07f6e2426afced957d0eaa697097f391a97d3a43,REPO-12,GH-1672,2026-01-28 06:53:56,reveal,308,88
c40212af0579b4e067d64428cf13ad906439d6ba,REPO-3,GH-7798,2025-10-22 06:09:12,main,496,73
1c0f7b51bd4ed7c9400a2fc10bf01a7c4994040f,REPO-16,GH-3253,2026-04-22 10:52:39,service,241,75
e90c8ce623706f22b90f79aefbf2207087670f0d,REPO-0,GH-4335,2025-12-01 22:48:36,main,493,175
e741ecbe312906671767981bb8742eaf7d812d21,REPO-19,GH-4944,2026-01-29 21:08:20,character,199,21
d7fe74df55924f6a418040762329f1a112fd3208,REPO-12,GH-3369,2026-09-12 01:51:25,east,369,138
94fac522947c996e0a7437cc5b85131bada42ebf,REPO-0,GH-4694,2025-09-29 06:05:32,order,306,133
80fa89eee0b0b28d41b0058e0f68063921a7b1e3,REPO-12,GH-8793,2025-10-19 15:34:34,specific,470,161
c6463c16354d1a79990263f7ef01c7599c74d103,REPO-3,GH-8316,2026-05-05 03:29:12,door,81,127
41c1cacc7c7ab06d570a31ce6432ca6149b3ecb9,REPO-11,GH-4261,2026-07-19 23:04:58,main,488,33
decf93f29b4a322d607e865185aacc199aea168f,REPO-4,GH-5978,2026-05-03 20:34:45,again,92,51
e0980c14fb39e18e07a9915bef4cd1e30c9f8465,REPO-10,GH-6218,2026-06-05 22:55:23,maybe,426,8
265c7412da3c02205402a071172adb06566b0d27,REPO-10,GH-6236,2026-05-06 21:46:32,main,429,158
9516582e1193d946367d741be2e99e6d0f274cfe,REPO-12,GH-5706,2026-01-14 15:52:55,impact,93,27
a52c5b6682aab4449b921e82f4aaa61458903d49,REPO-1,GH-5334,2026-03-20 14:19:28,economy,5,160
2b9dc043023aa1f591a28b4d21ad8dd9fe03662d,REPO-7,GH-4404,2026-06-19 03:59:56,enough,45,48
e34046c4c57e6145cbd0fbbec229ae10a9bc4240,REPO-19,GH-1320,2026-02-08 00:04:53,provide,77,62
1f69261e3e111f39ebe5a020a9b7b1d85aeaef56,REPO-3,GH-9928,2026-03-22 15:50:46,way,453,37
c9e1d1ec581aa22140f3e385704ac1533cc0cd52,REPO-8,GH-4268,2025-11-25 10:26:02,until,39,71
e9cbe6405e23af2330d399de74b46bdd32df6917,REPO-8,GH-8612,2026-02-13 19:47:17,main,440,50
2b1578c80eaacb34cbfedffe26a68513368e9a30,REPO-17,GH-7658,2026-01-16 08:50:49,contain,156,11
075c5b100f04c823c28753d5b9c39ebeda2b4c25,REPO-15,GH-2388,2026-02-24 19:43:05,main,444,174
855fd029772a14992b90ad798fad9aeb1c1a4e83,REPO-0,GH-2796,2026-09-04 11:20:18,main,291,98
81d12e5549b7dd285b6a27459b92a01479d61af8,REPO-9,GH-4728,2026-07-11 08:26:13,main,177,118
f192d7200b57c1d53410df7018fca6afbffa456e,REPO-15,GH-3240,2026-08-05 18:25:40,main,398,88
b4e52147890d0be490d5c97ae06805a1b5fdf08b,REPO-16,GH-8770,2025-10-13 11:43:32,see,384,193
4cb174986329ddfc766467aabf32f0e6f32f94f7,REPO-5,GH-5905,2026-09-03 15:27:44,dream,104,83
03986c95177a8a4e13458c2403343a42f35b268d,REPO-14,GH-4522,2026-03-02 04:08:58,produce,388,47
fb19b20b4fe8c9ccf7d1f1dd3d0f39621b88d742,REPO-11,GH-1320,2026-02-11 00:44:14,into,270,47
8316c7e8a1ce7799ee4263e271aa66f9afb520e5,REPO-12,GH-6091,2026-03-09 12:24:02,magazine,273,32
90ea28b065664d358f27df3b9c5e973293befa2e,REPO-16,GH-9138,2026-07-08 19:19:41,important,341,33
d0c49ef06ed1f14592a110a4702e87981a2b5481,REPO-15,GH-3068,2026-03-25 23:22:41,gas,351,55
9cecd11f897e32070d2faef5ff8197321e79b766,REPO-3,GH-6927,2026-06-12 08:48:54,several,364,34
4a6876f68f6236be29ade4c2d1e9dcb4b974dbb9,REPO-3,GH-2502,2026-04-20 18:27:14,director,247,75
2074426a58c26f7ab3ed77b5b53a580bf68d5b3c,REPO-3,GH-8527,2026-06-30 16:54:15,main,42,71
8c65a3493c603f3922d6f948b0152400f0f6bc8b,REPO-19,GH-3522,2025-12-11 12:54:24,main,181,181
c45fd9d7b20cc6489675c5136bdb9338a26617f9,REPO-8,GH-2746,2026-07-07 04:43:02,present,305,156
ac124bce5d487017a3f3b0b5d3c80759565b0760,REPO-11,GH-6421,2026-02-15 02:21:27,official,125,70
2399955f2dcc310ba7678caca9880a9dd6809e3b,REPO-19,GH-6992,2026-08-27 21:35:47,issue,13,192
ce694c9e91972a70fefc4c9a56672fdd2bc96789,REPO-6,GH-3142,2026-02-19 12:37:46,different,116,75
70cbd10ae11db38e883f8e51728c24ea36a4fe6e,REPO-19,GH-4362,2026-02-26 12:31:19,boy,365,138
7ef6d7d8770b78d17dc53151669ab0b5ff2c00ca,REPO-16,GH-9282,2026-04-25 18:36:55,first,429,121
ad97ef857aa87b4da4fae5b88bbc23ce028f0b6f,REPO-18,GH-3399,2026-09-13 07:16:38,stage,311,65
2fbc711f8f91963936e8d545b3f4ffe6245f4633,REPO-13,GH-4919,2026-08-30 21:06:24,approach,252,73
c1c68f34478ab892da629c76fd6e8ecfb2e9514c,REPO-5,GH-3851,2025-12-13 09:43:07,ok,309,82
7e00d7fa826b41821ae89a63c6e6ea75b3170cd2,REPO-1,GH-1969,2026-09-07 13:47:03,if,149,115
d597b87ce7406c5e7d5c17e054ab14fd9dd71576,REPO-3,GH-5786,2026-04-15 22:32:34,yes,450,188
b7dffbb82a5812b0781d4d1c53ed6239c0511a89,REPO-9,GH-5210,2026-03-17 23:57:40,design,440,127
f7bf5be13504402abc53b93f2b99871e61c407c9,REPO-14,GH-2139,2026-02-23 20:35:33,consider,198,105
4d1dbc1f8b859837a1f6b6be3aba0086bb2801c1,REPO-14,GH-4920,2026-01-11 02:36:43,main,72,41
acd1560458dc902e5c7f7ae766d76519f1d66423,REPO-5,GH-6573,2026-06-18 07:01:05,clearly,276,32
69ba25c1181b623e60d88744582acbdf02558853,REPO-6,GH-9011,2026-06-02 23:51:28,main,213,137
fdbcb2bab132eb8fb58c7b84ddd1673d0739aab9,REPO-17,GH-6658,2026-07-27 14:32:18,city,226,34
e6315984290755784207897aff179ff857c8327b,REPO-6,GH-1920,2026-03-05 16:35:00,else,436,2
e21366feea0665ca59616fbd329871f92fed7a6d,REPO-1,GH-7730,2026-08-30 01:42:43,sound,495,101
3f0604d51cb5aae039f71f1a351cf8a3494aead9,REPO-8,GH-2773,2026-04-03 23:19:05,worker,119,24
3b692db9b7fbee09c0df01cb360b832844c349e5,REPO-8,GH-5670,2026-07-20 10:25:12,main,106,87
0bcf563eedc732fe5fbe5d745a96797bc2216693,REPO-16,GH-4637,2026-07-09 12:44:32,also,441,110
ad13d18c9a29437ef974f9cb6d6f8b2a51ee32d0,REPO-4,GH-2771,2026-06-16 13:37:38,attention,15,99
1d0e49fb4ca4eac9957d0ac51259027ce7eaaaf7,REPO-0,GH-2647,2025-10-30 06:20:01,wife,372,57
4ed263123e3fcb4af12c4e4e16d23a4bea3c8410,REPO-13,GH-8179,2026-08-27 19:49:51,glass,180,92
4438d6c4c52bbaff999bf82ff4416007179da7b6,REPO-18,GH-3749,2026-08-24 01:54:06,word,319,63
3b3b8ec69391d3fd490585ce6f4612645bc5ebc7,REPO-6,GH-5861,2026-09-12 04:30:19,six,437,104
24590f164bd09597f5b3ed2895c2e57359b01945,REPO-12,GH-4792,2025-11-24 10:48:22,food,91,125
a25925f5f3e1016cfc8a1f00d4869044f9523cd7,REPO-13,GH-2076,2026-08-19 10:46:37,price,250,93
1c20488a171d6fb30047fca3198eae5cad9ac213,REPO-6,GH-2795,2026-09-15 01:52:06,west,46,124
963a58ed785b5a7445de07e1a1ea92bb43db4969,REPO-19,GH-7537,2026-08-14 14:58:36,ground,113,198
894a8d7038ae1bdcb6cba899d525be143cc912b0,REPO-9,GH-6409,2026-06-27 05:08:33,floor,252,33
af4c06fed49daa71aaa566e160627123ae72b64e,REPO-19,GH-8792,2025-11-05 09:07:44,collection,416,125
ca434f6d4f6944906dfa12f244b0570a527f4a43,REPO-2,GH-5562,2026-09-11 19:18:31,common,55,85
fd4cdc5e1888da60cc72a3565ec1641ab09da7d4,REPO-0,GH-5853,2026-03-07 04:53:53,whether,384,50
a694d219e3de3be27306056f8da68aa7d2a0deb0,REPO-8,GH-3417,2026-05-25 01:57:19,or,389,19
39e5b3ae56ea0b9da5591386f33d2fdc158bcc31,REPO-18,GH-9307,2026-04-29 11:05:31,scene,2,185
f480fac65434f47e588bae98cc003cf705f0ec3b,REPO-8,GH-3440,2026-01-14 04:22:54,well,311,4
7c1b9b8d24ac249cb62ee1d270a392d4c0576a09,REPO-19,GH-3878,2026-01-01 19:33:59,main,176,123
fdbc4b46ef5f3f8d55523a859fa01189288ad3f4,REPO-0,GH-2924,2026-06-11 18:47:37,where,481,146
db83cab3b27a85b1bec8c20614d53049f143099f,REPO-7,GH-3369,2026-03-18 17:53:24,among,19,149
7e520ccf11f9a61126ca549b88e6afd318aaf420,REPO-14,GH-5920,2025-11-18 14:57:25,material,115,172
0a2b178ac0ca445575e5c8e46a62df34ff292652,REPO-11,GH-7897,2026-02-21 07:04:03,speak,291,144
331ff87463a7212faebab6f1fc4a144828021656,REPO-5,GH-SHARED-69,2025-10-04 17:04:16,television,186,158
93dfab92b8e1b1f91e821ef2bb8b2cbefe8feac9,REPO-14,GH-5655,2026-02-14 16:45:03,pattern,394,125
b33dca8d7208a6839c1c12d600c3a06f02cfa6b3,REPO-3,GH-9565,2026-05-07 01:40:30,wall,158,173
dc6ad4ca47ff08d15035c0d33774eb8fefec0ba3,REPO-5,GH-8371,2025-10-04 16:09:46,main,212,1
a972c4bfc5c97bd9fdd8aa0bc3b41a1f696b24d5,REPO-16,GH-1502,2026-06-14 20:21:30,value,445,164
8b02b46d76d761b8d561c64cd37d68b37a31b5bf,REPO-16,GH-3330,2026-02-05 22:01:59,various,243,51
ebf9030c6de66e721b4b25967e78e3ff57214536,REPO-6,GH-5571,2026-02-17 15:26:18,central,140,127
7ad2f96bb2a7f47db911c3f7acb75fedd17bcc49,REPO-12,GH-4185,2026-05-27 07:28:36,indeed,203,126
6022d57b9d59f94ea8d76eec22bf89eb86ae7e9a,REPO-14,GH-3414,2026-09-17 23:56:42,worry,198,158
6c9c75a8f540500b7424e1312db355a7d4680eb9,REPO-18,GH-9843,2026-07-31 03:26:13,debate,227,190
aaf58c5e1e0a5d94c9cae4dcfe1a4ce2bc5e07d0,REPO-11,GH-8225,2026-05-31 06:28:11,seek,378,61
2e4d22c6359c6c451269eb92b1ee6f5432cc30f5,REPO-14,GH-5051,2026-07-31 20:20:52,main,332,9
e2b1f47bd4e29df6fe52687e592ce15ad13f6b6f,REPO-7,GH-5847,2025-10-29 05:22:44,successful,308,165
0cb68e386679d77db41051803705edaf8e96db41,REPO-8,GH-5772,2026-04-07 02:29:18,main,269,156
c0ee3af9c3fb4c9b11bd36b3dcffab410b96c42d,REPO-7,GH-4918,2026-09-08 00:15:06,condition,171,6
bb278c0772e062f2feb2f6791d249c5e3f570c1f,REPO-11,GH-5397,2026-02-15 19:08:41,dark,483,8
2460abbb9cbb2ce32a0a234cc95fc2e37e410819,REPO-17,GH-5050,2026-04-14 08:31:57,nature,274,95
5cea6ae12175690b5839a5785b0f98a63e0f0468,REPO-3,GH-7906,2026-09-13 03:35:04,might,195,77
7996e1a93495c04b9078b4a0221bd761c23a5bd9,REPO-6,GH-2743,2026-01-28 16:21:00,main,449,70
f4e71a7145db8a6acaaf79b4508ecc807c61e70c,REPO-0,GH-8126,2025-10-17 03:51:48,main,112,45
d54e82ed3d663c5bd688bd8f5020d5cfe86ddffd,REPO-1,GH-9433,2026-06-26 00:21:26,list,73,104
f19b8d39b541648ae6d8be40a6b4e19c961f8ece,REPO-7,GH-5450,2026-03-14 02:28:07,explain,324,148
fae8ad754112d0323e9bc7446fc02bf7f89fd96e,REPO-6,GH-SHARED-87,2026-07-15 05:34:11,realize,203,119
09c2564dff47150803f46cbbd3a0f32272e81577,REPO-13,GH-5941,2026-03-23 20:46:13,go,404,100
58b2e339ee9dc813c230cee13f1eebd59d698411,REPO-18,GH-3317,2026-04-29 01:19:56,try,58,85
bb3c21d3b0a6d4777a5e60ac8137cab619e08974,REPO-2,GH-5315,2026-09-21 19:06:43,main,11,45
c325ebbc5eb650b811275759daa57477dad1a9da,REPO-10,GH-7868,2026-07-09 06:26:17,five,266,67
0c1cab5642d4fc5c7287554b5ba297b70495c6fd,REPO-6,GH-2768,2026-02-21 19:11:50,many,121,5
79e5b64f90114562c9d78578ff7882e9ea0c9a16,REPO-8,GH-1659,2026-02-21 13:05:59,run,165,114
224e6dcdc4f4ab2056582f7e5f8f659abd52fd31,REPO-10,GH-6820,2026-06-14 21:41:01,main,467,88
b45bd224a4c345ce11506b27d3176dd30ee497a4,REPO-5,GH-6194,2026-02-19 15:39:42,suggest,372,103
d94635a9e56771c9ede41c72b2f59a03dabd9906,REPO-1,GH-3222,2026-04-14 00:42:59,step,434,179
4503013e19260e9ee188b93755afe3e83486ca49,REPO-12,GH-2604,2026-03-10 19:50:40,main,292,28
d4917360ab5c1035ea73b4b1de873d91d4d1f702,REPO-15,GH-5835,2026-02-06 19:57:20,half,307,165
469d14011309930ebaba944267b04e84aa1fe1f8,REPO-6,GH-2341,2026-07-03 05:44:33,data,479,128
336011f8f16088a4e6e107350f67342c71a36354,REPO-10,GH-3868,2026-04-04 19:18:54,because,6,125
b198de26615ad9ff799996c78835c317efbc8098,REPO-13,GH-2983,2026-09-16 16:11:34,remain,19,116
f4279a4d7d9168a0aeacbe72629614eb63b814ab,REPO-16,GH-7095,2025-10-29 21:26:05,white,497,50
298ef2527758190cbed7be6c3ea985e850d7c2df,REPO-10,GH-7797,2026-01-28 16:46:56,war,348,1
00b5bad198d4394518be4aa16ca7efb67dd4dd05,REPO-16,GH-3504,2025-11-10 01:13:03,career,97,30
153651c0bfdb67f648911e08b6da8b7a3d98a91d,REPO-12,GH-6055,2026-08-06 01:39:44,main,126,189
6ff1cc2cd3adfb63078fed0251f5f21794014c11,REPO-19,GH-9850,2025-12-30 07:38:46,main,486,66
207e603b9092f4566221aa78ff3c675b9b865048,REPO-10,GH-3223,2026-02-18 23:18:59,owner,13,51
8d9d1d6adde5801481c3c7c01c66a8197feaefed,REPO-11,GH-8237,2026-08-04 05:12:23,begin,366,87
3185fb0e69ee7314534bf04c859ad15946f64b5b,REPO-19,GH-6381,2026-08-28 09:15:47,several,64,190
911bee492af4f117834037f44227dc8991824a04,REPO-6,GH-2795,2025-10-02 04:25:20,main,20,33
8b84b05691070bc14e33609397374a2eca6ee584,REPO-6,GH-4919,2026-02-06 10:41:31,prepare,308,42
cf104e2c1903bcecda47863fde75f9fe535361eb,REPO-0,GH-4467,2025-10-24 07:06:01,produce,306,164
5aa33f9c56d6f688c667d4c751d12285698eed05,REPO-5,GH-3803,2026-08-31 08:39:00,program,444,160
89534d6ce6f7b33fab692d4d591e5dc1c3dd0273,REPO-4,GH-4185,2026-09-01 03:46:36,red,486,136
53167afa9b2bd84cd29e50b38297ac2aac51af5c,REPO-1,GH-7708,2025-11-07 01:31:04,main,438,98
e1deb33373dacd47aea58a78a71dcad820af7d20,REPO-3,GH-9938,2025-10-18 18:35:39,decision,291,60
7fdf6610c85ea4b34f637de6c1a66c25fa357df1,REPO-14,GH-5543,2026-09-18 11:29:08,main,184,113
719d7d9d7c9235fa847799ae0c74c288965bb8f4,REPO-4,GH-6590,2025-10-28 11:30:37,main,169,163
49357797e33086b5652adefada0255280343f347,REPO-2,GH-1982,2026-07-02 21:42:05,about,75,173
10c77796d642d643a1cd32eea5ea3db13403bafb,REPO-16,GH-4920,2026-03-14 02:39:08,early,478,70
c103607a858e85f36def37b843248b17cf2314d4,REPO-5,GH-4920,2025-12-17 14:28:07,base,332,119
84a9146e34889d96fc160aa88a7735015334c2be,REPO-2,GH-4792,2026-02-24 05:15:48,main,303,10
b0a35f3bf28eab23139eac4e9239cd773ba5c260,REPO-16,GH-6718,2026-04-20 12:49:51,television,373,186
41d90bd89f7aeb8e628e3e43829527ec5a46e6c5,REPO-16,GH-8222,2025-12-12 14:03:08,mission,346,86
4ad0ec987e5a6bfed75abc58e3367147e43ae393,REPO-9,GH-2786,2026-05-20 02:21:40,manager,300,189
b75db360f0be83ed048d20c4fcc6428c1dfd4ade,REPO-10,GH-9176,2026-01-16 20:01:53,person,293,34
1a9ff8b3d762270d5b41e1e9bd816859250083d0,REPO-7,GH-3573,2026-08-28 21:32:46,level,478,105
6de302dcfb19a44198f08571e5b7386532506e80,REPO-6,GH-1018,2025-12-07 18:44:15,main,261,130
0f99f4cdc8706827b5a4eb0d4542cc99fa3d9245,REPO-1,GH-1258,2025-10-27 20:37:20,decade,69,169
59fb953bf254ccc1e83baa69f606e64892d6ec0e,REPO-14,GH-6531,2026-01-07 04:51:40,occur,229,196
a4cc90c82c53297a3bf7fce5f8de08a9e07df33f,REPO-18,GH-8739,2026-05-08 10:31:10,scene,146,181
e8ce7ee8f61364f3f9ae0944bf7de5a90ad111af,REPO-6,GH-1710,2025-11-14 02:56:42,bag,436,73
e88667584c23094ce94a1622ebb5ceaaa5d51935,REPO-1,GH-6925,2025-12-09 01:13:21,fund,364,72
c835fae07ff0105a294405761b2c039468cf5e89,REPO-9,GH-5186,2026-07-17 16:11:02,commercial,214,118
f6d8a41c65bb15e4b47e5d593c10fa4b81b5d699,REPO-18,GH-9922,2026-02-27 05:39:26,person,338,125
e900c54e156633f6dfd10ecda59f48759ed09be2,REPO-10,GH-7561,2026-01-20 04:42:41,move,176,7
0ba521bf0a9ed3e3fd498061b569de7077243cf4,REPO-0,GH-5719,2026-06-02 17:51:47,last,401,39
cb31f2b38e8d5a55c8dcb77510e06edc7c2ffedd,REPO-12,GH-2713,2026-01-02 10:06:24,simply,33,72
844d29fee0d7b191c00eecf52a0c11a94799730a,REPO-3,GH-4362,2025-12-29 11:13:50,main,327,12
035e42c96c21b252b872ffc36acc4bd72d3117e9,REPO-9,GH-1601,2026-06-08 06:39:23,result,124,74
700f8b65d10c6c4ae652c2ec5f00eecdaba7647d,REPO-19,GH-4792,2026-01-02 16:48:09,main,187,111
ab4d449633171c3175319868239771e1505de3e0,REPO-15,GH-6170,2025-11-28 14:10:34,main,392,106
361d4b62e12c9afb43f8a96ee9f565dec9a6cab9,REPO-1,GH-7947,2025-10-21 08:15:54,main,314,91
391229330cbc9dcce7ca76b8a025734e265b9391,REPO-0,GH-9850,2026-09-12 12:47:53,president,368,13
5682f11b0e2ce34327167870db518aeac1b878a4,REPO-2,GH-4626,2026-07-17 10:15:17,base,467,84
6d8f48fb333284d2b642afeffa0f1fc958e735b2,REPO-18,GH-3165,2026-06-15 17:32:49,sense,115,100
dee5b3ebc08b2fac6767dc021db5e030209771e3,REPO-7,GH-4920,2026-03-19 03:28:22,size,349,107
69dc403700483114e9d9d90deae0f290b13da147,REPO-18,GH-3868,2026-06-15 21:53:29,per,260,139
868ca9465eae193f0e4a9fa46d0198984309e234,REPO-0,GH-1887,2026-07-23 12:55:29,high,191,195
db36b42712cbaaf5b75fffd1f28ac5f827efee60,REPO-6,GH-9379,2026-06-25 01:37:29,resource,208,72
092680773656079cb2b67f5ddaf468ba59f1c766,REPO-19,GH-7334,2025-10-22 13:07:13,short,348,187
465be84ba3dcf0c63f530cb68db52ff23a881abc,REPO-6,GH-3878,2026-08-19 01:53:28,help,256,150
ddcca251072d82aa8cc765824a49f20500281b19,REPO-0,GH-3254,2026-07-12 04:49:19,hospital,121,139
1dc65eee6dcb7ff6ed7955134c809f2b197b2098,REPO-6,GH-4743,2026-04-09 00:34:46,middle,488,115
08c0ec710226647518e908da4d9b9e77c41aa084,REPO-7,GH-5757,2026-01-26 16:52:51,main,451,34
81e3ca1a3f58a9ea245801b62f7d2c53f7f2d7da,REPO-2,GH-3851,2026-07-13 06:42:10,people,381,196
3373d8af34343cb5b89b8c6a076e924cab5a5a33,REPO-9,GH-3222,2025-12-02 04:45:14,head,373,105
f99c0cf630e2c3810e02a1ab707428b7342542bb,REPO-0,GH-5198,2026-03-05 02:04:04,main,287,49
06768f282004dcf2368a3382b58bf905ffdf6d4c,REPO-13,GH-8213,2026-01-30 22:24:43,throughout,305,200
ea71cc0704118de559ffb72bafde85a2500c3d82,REPO-15,GH-5837,2026-03-02 13:34:12,main,155,69
b409f4bac639b730324daaba69adb13d38a712e2,REPO-2,GH-9595,2026-09-11 03:12:26,main,132,98
9bc18b9e63aab292af5617b44bc9f38f6aa4f87a,REPO-10,GH-9837,2025-11-25 06:12:40,social,168,84
a3a4f2af5ad652b61dfdb2d568b5a3d3c87f6e9b,REPO-19,GH-8616,2026-02-23 16:48:13,ago,79,160
9fc89c18ef5dcd474df581d230a18ed4632f1436,REPO-18,GH-2208,2026-09-01 03:24:24,free,285,144
2521796c3e463bd396197c116ff3c297682b4649,REPO-13,GH-3273,2026-02-22 02:31:31,main,266,16
9d7a89ff079c539ca16196b40d6061d5376048b9,REPO-4,GH-6129,2026-05-30 11:33:05,history,75,62
b11b4b271b31e84cfa7a9df32e80a1be8c55e884,REPO-12,GH-7947,2025-10-02 09:06:36,television,96,13
a3549d9b23dec95fbb70bf83838f76e30c68e8ee,REPO-6,GH-1320,2026-06-10 23:14:52,city,286,198
64116436e172f99a34efb79e8d5fc48cf1bf4a9e,REPO-12,GH-8489,2026-05-15 05:39:36,director,105,131
3bfc1719bdafb7fb744138351425b310b6f0b404,REPO-9,GH-7029,2025-11-02 19:06:57,main,267,83
27cf1fd49cb87676a18dbb46db9d1d4a559fad2f,REPO-7,GH-8123,2026-03-29 09:07:50,main,404,84
803f76a3a9e5adae1d2ce4121d0aaf2bf3d467fa,REPO-12,GH-7397,2026-02-04 23:05:27,main,456,83
da2a846ae3b2c3c925339c077cb44b7b5a2e1e7e,REPO-11,GH-3440,2026-04-08 02:27:58,main,258,98
e124725a6d1e0fee4504cb32029f8fa3247d11b9,REPO-4,GH-8316,2026-01-22 20:06:59,too,246,166
657ec37e8644088639a462589021fe6746a79040,REPO-8,GH-5703,2026-04-28 07:11:57,customer,496,106
c56d1b3721b629a362ddd1ed632799a5a56a2634,REPO-3,GH-2874,2026-04-03 21:55:04,main,182,49
2571d1c9034cb94ab11f89e09e1e19d4e2ba62b7,REPO-4,GH-8651,2026-04-08 19:22:41,main,262,110
3394505c95213d7ca5fdfb88aef071c9fd1c8a79,REPO-14,GH-6262,2026-08-23 16:32:43,reduce,189,35
f049e10486fa8fed6956ad26d49bf86c38c542de,REPO-10,GH-4510,2025-10-20 04:05:33,born,48,146
910e940f87100d539fcb5e3c3f59d58f5716573a,REPO-10,GH-7717,2025-10-22 22:41:42,season,52,60
972ffe27f7f91aea7d731a18682d39cb97566e23,REPO-17,GH-2070,2026-03-31 02:15:13,chance,45,160
e0c5be276996a2b9f2b092ed43e067e341da4380,REPO-6,GH-3851,2025-12-27 06:51:52,main,364,144
7a2c1c733b1ca7a14370f03b0abb6227bb92a384,REPO-6,GH-3851,2026-04-06 21:39:27,main,344,151
6f5e6ecd07a82cfa12ae376bc562cbddd9d3a545,REPO-6,GH-5381,2026-03-07 15:42:20,foot,206,10
234f5553dcf6c6b5d08ce473a6bdb582370e286d,REPO-15,GH-3621,2026-05-30 05:10:19,professor,78,32
329e3832c2d3ebda57839f723b848cc4e02af956,REPO-9,GH-8538,2026-01-25 14:11:53,main,209,92
bfad603d421cfd7361a9e73e41402cd28ccef82e,REPO-5,GH-1423,2026-03-12 13:37:52,place,220,24
7713c4b5b45d3d08fb3ac4496e9c3f8a8deb8af8,REPO-9,GH-8849,2025-11-16 05:26:32,growth,248,122
828dd3e2eeee2f75d4d785bd85adc7377307b7f4,REPO-2,GH-4527,2026-07-05 10:18:28,risk,79,35
d4bd8a00a24f84e7eccc5ee3dadbfb3a371bb6b0,REPO-17,GH-9693,2026-08-28 13:03:29,other,174,51
7b9175cf6f565569d7eb12719f1dd69eef337e47,REPO-4,GH-3621,2026-03-29 20:38:23,likely,43,156
00c9c5be3fb1384f5913613784887a44e968d913,REPO-9,GH-2341,2026-02-17 15:48:52,determine,92,105
3626a4e0166cd2d34712f34e050ac675bdda9bad,REPO-11,GH-9903,2026-01-31 15:29:43,main,90,56
1a085d69166753ecab3e66a97b8e8e8d8a816bfc,REPO-2,GH-9742,2026-09-15 10:15:43,main,174,130
e13ddd6c61fec203788c3ecb5f12a650c33618e3,REPO-4,GH-4673,2026-01-26 08:08:29,week,170,86
381abec112973214d9fd2d2ce34d3a5a91676e76,REPO-14,GH-3143,2026-03-30 21:28:34,main,346,61
8de6d626cd769829fc5e95cdfc3898099e251bbc,REPO-15,GH-5757,2026-04-30 12:01:14,student,233,185
e9d5fca51c7def17aa4565524d56314b23b44810,REPO-0,GH-8359,2026-02-02 12:47:41,main,183,191
fc49c99b178ecd72596048d561d2522f35b8f680,REPO-13,GH-7843,2026-09-12 04:59:26,fund,237,19
bc5678a71ac5fb96652f3dda487e4e09ea90b956,REPO-12,GH-8222,2026-07-27 12:04:47,main,307,51
6b3b4e10da1bb97d0b9affbdb396cfc49f62246a,REPO-7,GH-6194,2026-09-15 21:46:14,personal,119,4
eb9e6db2fcf8d5c6d64886339f90ba082e044619,REPO-18,GH-9444,2026-05-21 14:59:05,ten,42,107
31b1fac1de43909f7c68b8c5877c102fa17758a1,REPO-1,GH-SHARED-69,2026-01-01 16:51:24,many,152,48
c01ab9528675746d608e395b14aa0ed111101bcd,REPO-3,GH-7029,2026-09-07 19:40:43,much,17,37
6d887e24f57964c81cabf5d5e2cc9ef6a5314c40,REPO-12,GH-6908,2026-09-04 00:04:00,social,384,135
8fb4f4792db7b9dfac80e25890e373cac87ffa36,REPO-18,GH-2169,2025-11-23 13:51:30,beat,18,77
01ef1a722a96763f4d31b6594d20b25dfb26785e,REPO-2,GH-5978,2026-04-20 11:55:05,player,279,129
718e938c2745943f09335e73ac5745e5b85b1c6f,REPO-10,GH-8956,2026-09-11 15:42:22,should,114,48
209a0f99e36c36a674067942ee812f78f7230f72,REPO-11,GH-1939,2026-01-08 06:27:11,improve,214,51
4c7d56c0fd7d0f497d875cbeeb11e58ea7d8b00c,REPO-11,GH-6170,2026-07-25 21:17:17,speech,239,179
dd0bc6a72e283b1f1331a57444db7ce697c7cf62,REPO-8,GH-7389,2026-01-12 05:33:08,himself,230,8
cccb979c78e1ffae11cfd8b3bb272f4a42a3e4a1,REPO-8,GH-8916,2026-08-22 04:54:01,matter,420,47
530e928d77e46f74638c94c85392fc31e45a31e9,REPO-19,GH-5279,2025-12-31 17:25:47,about,349,57
394c6c5ee3f5e5eceabd5dccd49ce796e5003794,REPO-2,GH-4770,2026-02-01 00:56:39,pressure,434,138
992b81636dc5b3b561cffe19f6c5b09be1891ff2,REPO-16,GH-9701,2026-04-02 08:48:22,step,310,113
36f2839e6139cce643cf632569607377c8716bdd,REPO-11,GH-9307,2026-01-10 21:22:12,memory,488,189
6a62b4e1a51ffc87954b64bd3c64876a2da7a71f,REPO-18,GH-7624,2026-01-26 23:20:45,not,360,17
a693f0fcf0d352835615289a4e5b0283c610bebc,REPO-18,GH-8744,2025-12-13 15:45:50,race,311,196
d8a4fb88cb4a22e3b7b18d696eb53f92eb6c21a8,REPO-18,GH-8251,2025-12-09 01:11:25,main,193,73
09646d3708a292bcc3c2d3fafc7361a0c66e1368,REPO-8,GH-1939,2026-05-17 01:00:05,find,198,89
33b7bb877e6038f6b09c0784e118e3c22308accf,REPO-11,GH-6992,2026-07-08 19:03:15,value,255,97
74ba1569a8b6ccf32e9c29717b80bfb5bbb1f2f9,REPO-0,GH-8451,2025-12-11 16:05:11,mother,332,82
5abf3ed4f62518c8e4a05ef8d3b93c17d3c6b418,REPO-5,GH-6772,2026-01-14 15:46:06,however,339,40
344776805af16b4373573a1b5378e4e2e035b067,REPO-4,GH-9721,2026-03-10 05:39:00,tonight,197,189
5b1248431fcafa30cbe8a9f89192e23575bfacc4,REPO-0,GH-4515,2025-10-01 04:48:40,democratic,311,56
6d981ebc32c02f0a241cb4736cfd9e96b75c1b9f,REPO-0,GH-9693,2025-11-21 21:49:05,air,302,71
8bec6da184e3b925615a1bbf3803f7d83ad5b420,REPO-14,GH-9797,2026-06-07 00:45:48,know,101,34
b3034f2cf980cf79f95d81975956ac02bcd307da,REPO-12,GH-8740,2025-10-27 12:42:45,stand,13,88
aa3dda85d2fb6f341163c954964f9e36d8f37470,REPO-14,GH-1742,2026-09-15 07:05:51,likely,254,200
0640d4a9f23f38332aed7f972963c49d29c7d9ba,REPO-8,GH-3449,2026-05-28 00:48:06,close,69,178
3fab3c7f6248dad7113c804b03281da4d303ed1b,REPO-4,GH-4804,2026-05-15 14:07:20,main,54,144
b0ab047922726ead32b20175efe9eb4e640feb02,REPO-19,GH-4826,2026-01-26 22:35:18,eye,15,125
ba801972cdf8b3e5146d1619deaa4480205dcf51,REPO-10,GH-8354,2026-03-23 00:47:03,seat,357,144
d27d6015c200536e5ea47589e7e53ce91d095c1d,REPO-11,GH-2294,2026-05-20 12:28:15,main,433,30
2650489d3622f7a5a89310f9f48199536c157062,REPO-9,GH-7095,2025-11-29 05:26:00,future,344,156
21ecd8908e5b84abf70b78539c555c7ea2f26bca,REPO-1,GH-2876,2025-10-03 13:07:43,trip,55,108
61811562247bb842a800e88db9e3ceec9edb5b40,REPO-8,GH-1969,2026-01-31 18:38:25,main,269,106
a4aed1c9a9d9952283339536a46a1745f8f07cf4,REPO-4,GH-7095,2026-02-17 04:45:19,theory,373,127
2671566ee7c9718b2e0fa6c064e0cb47b2287a48,REPO-14,GH-2419,2026-07-03 18:38:37,agree,311,61
3565a39d392f9abd04ce5b523750b596d761ff68,REPO-19,GH-2388,2026-05-29 04:46:05,game,484,85
293b0078a8f8216b3eeb2ef8cdd226394146f14b,REPO-12,GH-9307,2026-02-27 13:45:49,position,241,192
5d8d0cd2e7c147af48545987c9e63b52d73d3f2c,REPO-11,GH-7049,2026-08-17 15:51:12,quickly,432,20
2809a550b9089936527d48b48fab0e3db68b5fcc,REPO-4,GH-2924,2026-01-14 19:59:15,main,58,147
4e7a5616a3d630e45413d6a44362bac4146c57df,REPO-13,GH-6562,2026-07-17 18:05:45,use,108,94
d2355baa28cbafab60531e46f9115ca6f8cee8db,REPO-1,GH-9270,2026-04-13 16:33:10,series,126,195
ba5d09c68c6984cf9b7b5acd111780a62a6fc8fe,REPO-12,GH-6120,2026-07-01 02:55:01,attack,409,188
c263ee29bd427f9f3f450fd1413f9b6779255f4e,REPO-10,GH-2146,2026-09-21 22:52:25,civil,88,13
789a37289b9174adac86b4aab228ce5989ba0376,REPO-8,GH-6531,2025-11-05 16:09:15,yard,252,64
0bada66262894bfed8a092b50331c2f7f39e7151,REPO-3,GH-1651,2026-07-01 04:41:05,somebody,81,103
0dce6278f31eb40df5f9ceee91b339865de33f61,REPO-11,GH-5345,2026-02-13 21:28:56,ground,293,42
2cb662eadbe9f439cc0af5568f050c759cada49e,REPO-14,GH-2041,2025-10-28 11:32:21,social,464,2
f6bf0757c78caf84cd249c4b761fa524cf71dde1,REPO-14,GH-1845,2025-10-23 23:35:07,main,330,165
70eb495a4c9ac1a18e039d0f4833598937db87b0,REPO-10,GH-7078,2026-04-26 15:53:29,keep,254,185
926874d7fef453bc35750ff31828560b8926d37b,REPO-18,GH-1964,2026-06-03 05:16:09,run,105,18
2f508e3d5bc96f2016a1094f28a359417f4f1049,REPO-10,GH-9486,2025-11-26 03:38:27,behind,258,178
bbed5cbd5559c2069630b04093447f54300f3d4f,REPO-10,GH-1349,2026-08-09 05:30:33,cold,439,150
7ecb34e401b66c727f9ca2c85f875e3b81e24b0f,REPO-14,GH-5065,2025-11-10 17:17:06,trouble,140,131
2df0a7a245bc42ab52f00b37af1260c787513a22,REPO-6,GH-2858,2026-01-06 05:29:42,arrive,438,95
96d37cd19b79327365d9176ca6c4ff200708ebbf,REPO-11,GH-4846,2026-06-04 08:40:14,agent,314,65
29d01c0881a6b9b057e27e7363d68150ed3e7520,REPO-18,GH-3697,2025-10-17 08:15:47,save,194,117
8c45dc2987f07685ad73ac893cd036ce5af35d3a,REPO-12,GH-9196,2025-12-23 13:04:58,and,117,198
74ed09b959503d924c1d96a01ff4610d3422a2eb,REPO-0,GH-8434,2025-12-21 00:19:17,claim,250,199
a1012e6dbb3c5cf498c2f9de6b2b92cb29d0dba3,REPO-8,GH-2800,2026-08-31 00:34:34,front,59,0
913ff28c24bc74f56ddeaab85fb3a1a6634bc334,REPO-16,GH-3616,2026-01-30 09:11:59,protect,280,163
07c27be90ced9e43754f4f34677c936b288360cc,REPO-6,GH-6442,2026-06-14 06:23:21,Mrs,442,160
94ffb80f01bd5be59decc9a9a57d54c4ac7884e4,REPO-9,GH-1829,2026-07-21 06:24:15,agent,325,19
3bd67a0b89edaaf18ee90197ff74873fb066f659,REPO-10,GH-6372,2026-06-14 00:36:06,join,438,48
7ecd36e6defcc012ec3f4bc8762a77212ef169b5,REPO-11,GH-8316,2026-04-28 13:44:47,decision,48,105
a60f74c9ad0629f6ae9ac982f7ef549a8e6e565a,REPO-5,GH-5479,2026-05-13 23:11:44,drug,427,85
d37c1aa3a0b43fdb177baef738ac5e9ad7e3cf74,REPO-5,GH-6718,2026-05-11 06:36:29,main,175,181
e6959f3fb7e0599df758943884ef68c180fb1d8d,REPO-12,GH-2388,2026-02-09 15:33:25,party,87,36
2582699878083643bb9f6f909adc293787bcc9e8,REPO-2,GH-9335,2026-09-04 08:37:49,way,342,75
588f4b78699e11fa99c3ba8a15632c14e7f5a0a3,REPO-12,GH-5781,2026-08-14 22:16:01,main,471,159
ddc18febf6eb288e2f5ac4f69c56343b6a343e26,REPO-1,GH-4846,2025-12-18 14:19:23,account,406,63
fd79ecf2bb618d83cd08b8b7b1fc5e91831e593a,REPO-18,GH-3762,2026-09-17 09:22:25,prevent,201,48
a0cbcb6ddb1dfd8dc74878a3f0542b107b705364,REPO-2,GH-2876,2026-01-14 06:04:59,house,378,21
9e6d1767305ad6e69e736193976851569fb4d03f,REPO-3,GH-8264,2026-04-13 08:49:42,they,35,98
f8b2205c3ee7cccf17cea7a6b959e099fd719fa7,REPO-2,GH-8430,2025-12-14 06:00:07,establish,465,85
3c82f9c4180a81a2f93a9b63f7ca1635d037a6f4,REPO-6,GH-9540,2026-02-03 20:43:06,water,223,100
5e391bc5738a705fb795122fed2fe3c4704f013c,REPO-0,GH-5291,2026-01-06 01:38:49,rather,482,152
0c5e25f2de1cf0edbc93a9cecfdcf329f1d41251,REPO-10,GH-1502,2026-01-15 19:02:08,like,332,156
38f9800386d07b6a74c471910f90c9ca0fd76fc8,REPO-11,GH-8179,2026-05-19 06:52:52,remain,88,144
7a0e66741af910576c1bafba5f0e1cc28f16a0b5,REPO-10,GH-4228,2026-04-13 17:27:16,democratic,156,151
6adbbafc87b4a1de8195c78806dabf2484f8cb79,REPO-2,GH-6939,2025-12-07 17:50:41,impact,60,164
ba8690a17a1916ba7e9feb06a4ec96c8edcf3d99,REPO-19,GH-2129,2026-08-05 10:50:04,worker,149,28
a5d74913ea547dd5fb93bfe1c3b7ac7c9077184e,REPO-2,GH-5050,2026-09-01 11:32:23,main,493,92
9a87b5ec3729872630db7c97465155d4d9ad463d,REPO-3,GH-7209,2026-07-19 00:33:18,main,212,82
21f97a732d918943681da6caf34381f1e5ab4224,REPO-3,GH-5902,2026-07-14 04:10:29,road,364,7
2f811a1e327e4548e6d3be7465d571a5afc37019,REPO-9,GH-SHARED-48,2026-06-15 19:08:37,personal,27,158
d9dd3acb0145f44447dc3b64650c8ae3c32b0091,REPO-19,GH-3858,2026-08-10 14:05:44,major,267,100
4eec99b00be0e0b0340f4524bcbd131d5b23e0db,REPO-19,GH-7046,2025-10-18 01:49:39,drug,354,138
ebeb8d375c828be14b8462b7fbae654f7dd74781,REPO-5,GH-3616,2026-05-05 02:28:42,threat,127,169
5454e0dab4d888ac40296230b74a57b110f87bcc,REPO-10,GH-8792,2026-01-02 22:59:43,main,468,106
d4bc04ee531e70cc67e2fc49d0c31c20339b0049,REPO-8,GH-3868,2025-10-06 05:02:02,direction,64,80
4d292bada53b354a391ffcfacba13906aa2170eb,REPO-4,GH-8272,2026-08-15 03:23:54,goal,336,6
565cdaf9a038d1a832e086acea7d02da5f01cbeb,REPO-4,GH-5543,2025-12-16 02:25:54,service,207,136
91b886c8bd7cccfee0dc62355ddacaf7e98154cb,REPO-0,GH-8179,2026-02-24 20:50:10,lot,452,185
8143269d5c23e388ec1ad03f98c4ddab2930d53e,REPO-7,GH-1496,2026-02-25 17:10:48,company,72,80
cfe7ac69b67288ffd69bfc604691323fe8c3fa4b,REPO-8,GH-2771,2026-09-19 13:44:23,option,218,112
71984b0d9b228c0abf55837f01a9d6ea2ec1def0,REPO-4,GH-3463,2026-05-16 17:06:31,main,102,166
13c3b7371ff397a32e63c2085458cc37c6fd528c,REPO-15,GH-5668,2026-06-13 00:12:08,energy,461,109
70143b9b1e6c35a673281a4e1bbf67577256a5cf,REPO-2,GH-7543,2025-10-27 03:03:38,usually,174,45
8703a3a40168a3dbfc5ccb215706a882d05e230a,REPO-2,GH-5741,2025-09-27 01:36:31,president,417,193
0d125f7a74192aee307484154612ee8b0c4dd880,REPO-4,GH-6039,2025-10-16 09:22:49,your,222,88
912dc67d860481e7875d55c164f7f8180b5d3dbb,REPO-2,GH-5901,2026-01-11 11:06:23,floor,342,136
9075b068829af02eb9fa763743cf96a2d868fa46,REPO-13,GH-4878,2026-03-18 19:21:03,out,386,181
edf8b5e198d02a245fb9fd1bafd2e280c92d21f1,REPO-7,GH-6105,2025-11-27 21:36:49,hold,413,141
15bcfa21273e4ed36942efdc9e98a925b706458d,REPO-16,GH-6129,2025-12-19 13:54:26,land,196,165
04fa5580b1dc67864c4f9462c9028958f5b3759c,REPO-5,GH-1674,2026-07-12 01:35:44,main,282,166
603881a82b411c1630e0a42fc27707426e9d733f,REPO-0,GH-1609,2025-10-26 12:23:02,main,378,10
37dfb1d9c63ff7f971c91f996bb9360c1a63720b,REPO-7,GH-1339,2026-06-07 19:19:15,main,234,197
4573e913129fcdf8b3259056b24488e34e25d93e,REPO-18,GH-9947,2026-07-23 04:08:27,call,42,185
84df7ceebaec457bfb3a1bd267f5857ccb9a388c,REPO-18,GH-9095,2026-01-22 06:23:47,loss,42,166
5969a958bc0dbe148ae23fe5cc9e600853397b11,REPO-7,GH-5786,2026-09-06 13:53:53,who,369,14
bd3c7c78628b6833a43241faa0cae74544c75f38,REPO-15,GH-5571,2025-12-15 10:42:37,main,2,126
fcbdeb717755fea44b8fea466b8846817cc93a9f,REPO-0,GH-1939,2026-06-01 05:39:02,rest,471,198
cccf321e8bc960d743c8970de712d41898a52cc5,REPO-19,GH-9437,2026-07-31 20:10:03,main,102,200
2a2a3170a4a685d424fa56b5ac079d348b33c87c,REPO-12,GH-1422,2026-03-31 00:25:55,budget,491,106
313c227dcd02a86586043137c331f86659b19362,REPO-2,GH-1475,2025-10-30 09:33:04,lose,6,83
fce53cc1fe0cfb19f8300edcc233fd899cde96b3,REPO-8,GH-1502,2026-08-30 18:07:56,run,184,71
0295fe23bb9f68e7ae22fe69a191c50fb2b37a19,REPO-3,GH-4848,2026-05-01 10:50:51,main,423,48
cd48d17b53ced18dd8249d1ccdfcdf553d1878b5,REPO-3,GH-6928,2025-10-05 17:20:59,media,338,176
9faed7f6a45038f960dd6876da8563344c338c5f,REPO-3,GH-3803,2025-10-21 12:56:00,claim,255,79
4b9517ec891982531a868ab87730532988cd1884,REPO-7,GH-5480,2025-12-19 15:27:47,main,220,58
ea23f4ae0ac1a36669ad0b9375d4503e1601566c,REPO-11,GH-6150,2026-06-17 06:40:58,always,483,85
5063371d1419c2e4e7bae9bd6e481f9f5de1fddb,REPO-4,GH-8239,2026-04-08 03:24:27,make,69,107
2d91bf7f6ffe180185e22bee2f48645bfa0b13e7,REPO-14,GH-9824,2026-03-06 03:09:28,main,21,181
531e9e7e03e25ad0a95f910a5cfac4d15793576b,REPO-5,GH-5050,2025-10-02 02:45:42,another,280,28
9f26737b8bad3d8004852be3a046c97d9e8b74fe,REPO-2,GH-8916,2026-06-08 23:08:03,speech,406,134
367b37cd17a846a31984017a7d426683b83669c8,REPO-11,GH-5480,2026-09-02 07:30:00,father,227,189
c467c44a04c3606fcfc83c0222fdae80348d48f8,REPO-14,GH-3852,2026-07-03 03:26:49,suffer,298,108
202519e7c180daf63255844d1c005e6ce6f0e3ac,REPO-15,GH-SHARED-87,2026-01-08 18:21:24,main,37,22
9cae242ea920e3f7350ba24dfeb4ea82a0817e73,REPO-6,GH-7624,2026-01-10 13:57:32,main,54,4
1f2a4ac7eea56fdf6ae9f53d3e94b6df25172a3c,REPO-10,GH-9938,2025-12-09 00:01:22,main,455,66
e24f58b8517fb34beab8f1db4827744ce7f5b803,REPO-0,GH-5262,2026-03-19 22:38:47,rate,153,140
5e7b6fd5760bb2ff783fb1efcf60a030acc44b9f,REPO-9,GH-5061,2025-10-14 02:20:32,thing,13,139
efa134dd25acfa92edabad94e96a9ae79f12f0dd,REPO-1,GH-4335,2026-08-25 18:53:15,scientist,498,108
b0912029280d8d588fad1683a5ecb2673ec9e635,REPO-17,GH-5295,2026-04-04 16:29:33,senior,329,161
a0db325d77254173de54886dab137fd7a6ba80ef,REPO-2,GH-2419,2026-08-22 11:16:25,few,294,122
fcecd85726cadeab9c3b8f6ba14899773910b6b9,REPO-0,GH-5397,2026-02-15 08:08:07,hold,160,170
b63a5a35c963628c4ff9da9f835eabd033024f61,REPO-6,GH-6952,2026-03-23 03:42:47,off,157,33
36aeb686d3a4570f8d44d8918de5fbe364cd2928,REPO-13,GH-2713,2025-11-29 14:41:41,week,24,5
bc1ae5924f6ee59ec4e0a8e43e10f76a08b74244,REPO-12,GH-5012,2026-02-18 03:35:37,now,323,74
a3de3d8eebc1d52e3db33f0d10ca092c74af5140,REPO-3,GH-9947,2025-11-22 13:04:03,purpose,171,190
de1cb338ca3ccb1197130b9b57798ab96e3a8730,REPO-9,GH-4450,2026-02-08 15:22:52,partner,242,194
1122f7595ffc7a763cf496b10c4687e45d4cee75,REPO-7,GH-2118,2026-03-01 23:56:19,main,217,193
a9225c8d595efea60aa4a28645cda52595245a95,REPO-12,GH-3007,2026-02-08 21:26:02,choose,364,133
8fdd5c8311387846f10ab05dfe314770de8b38a2,REPO-14,GH-7018,2026-08-09 04:14:07,visit,377,112
af5f574e277570585208d41b10da92f7a2b08ab2,REPO-2,GH-5905,2026-04-07 00:15:31,involve,311,137
c68df4cc0d6a90466bf5906fb115a88f42e7e0b6,REPO-18,GH-2320,2026-02-13 21:35:36,before,330,162
14360debe60926c088bb42a08dea119e6d2b0020,REPO-1,GH-8135,2026-05-18 19:32:51,certain,301,64
26ba56e52e1c500914f292d7554a16ffb6cf44ad,REPO-16,GH-3529,2026-02-03 05:02:38,main,414,21
62b9e314d9ea2bf90a5abc640e49fc70d81c0a39,REPO-3,GH-7929,2026-06-04 15:14:49,some,352,7
eafb860c86e170bfef9266200062ccd3c9fda0a6,REPO-18,GH-4637,2026-04-24 08:54:12,community,160,186
e13e377ea210baa9f43590536540456329b4066f,REPO-11,GH-8793,2026-09-07 12:04:17,move,164,130
2d0850ad1261424eb3f2e7bd33f52abeaaee3c85,REPO-6,GH-5186,2026-09-18 14:14:57,process,277,163
4e31895952ef8645b0efb9ca9054f3fc70d7bb4a,REPO-12,GH-1693,2025-11-22 07:03:13,now,186,71
2a606b2c4465062d583e538cd9f9183c51e08b13,REPO-14,GH-5562,2026-05-30 16:15:10,collection,162,64
b0ec655c04862fd56876bbb4dc0965cedc1c25ea,REPO-13,GH-7812,2026-08-23 11:53:32,chair,434,107
f45a5b0d1f72679309b71b7f2006d081c4c0361b,REPO-2,GH-4694,2026-08-09 23:09:47,thank,235,143
476192e398a75fd50612b54a93760d888a0e44bf,REPO-10,GH-3126,2026-06-23 04:18:56,than,164,68
5d1804023686e6a25702aea735230fe50c33a653,REPO-1,GH-6772,2026-03-08 16:13:30,more,471,132
a912d5fe767122cc30f5277d20c63df5fbebdfcf,REPO-16,GH-3252,2026-04-26 05:30:08,body,498,150
82faf57d8065dc2771c1e6cf409d92eb9e02b83d,REPO-1,GH-5678,2026-05-08 10:48:14,world,400,35
c0bedbad59899b4c539b3788d6aab0f42c793053,REPO-19,GH-9751,2026-04-28 17:38:15,community,497,17
11a1077873c138ea2c3b3cfa3cc76e280ca617e0,REPO-14,GH-2899,2026-07-11 05:41:38,security,276,177
a4580c104ea4127fdc89a1d14a245f9a89fd692f,REPO-8,GH-2604,2026-07-29 21:12:26,main,12,177
d6182b6a824a02ef2dffa2441c57f907cd9c6835,REPO-16,GH-5708,2025-11-11 08:52:16,think,140,38
de283a5fd6820479bc7b30ac0ff019e9fc3af2b7,REPO-15,GH-3646,2026-08-02 10:51:09,write,289,140
97ee728469b92beb0da02e02aa024f70a0f24b26,REPO-2,GH-7868,2026-02-27 08:23:02,main,61,128
f42b496c05a6bf0c2d7cb408dae5372ad64823c9,REPO-0,GH-7232,2026-08-11 04:04:56,part,168,118
4e92c1a27f32e04dab43e381510d3a8ec5038905,REPO-0,GH-8673,2026-02-10 07:53:40,rise,158,96
d9d75b07991f5f7420ff5dc8ee8deb25ba12ef6f,REPO-1,GH-7044,2026-07-15 20:11:00,draw,398,14
962509627a05caa31f117da0ef4ecef7021f95d3,REPO-7,GH-4629,2026-06-02 16:41:32,main,412,118
cafa3f339b73d2a247421f27ae2eea20e29678e2,REPO-19,GH-5706,2025-11-26 10:19:31,want,478,151
5b80ca25c96b75a0d08861d6227b7f2888035b1b,REPO-14,GH-6977,2026-07-16 12:31:35,a,271,31
733cbfbdb8fcd6e5b985a024d17c4f9389639282,REPO-6,GH-3646,2026-09-08 20:09:33,mother,219,196
57a02878ac53941b3a71d42403029a32620fd7c4,REPO-8,GH-8141,2026-08-03 15:01:18,charge,418,95
d98b3a4be38304775340fb4202df498c2284bcba,REPO-3,GH-9346,2026-09-17 15:22:02,follow,305,20
9cb256c3728dedc6699f461e0a023083c87884aa,REPO-7,GH-2208,2025-12-29 21:08:07,floor,102,186
3b0e99e4b0a9c8cfb7735d0f3db5bb969a09495e,REPO-10,GH-6198,2026-08-13 10:48:16,pull,162,23
eee05166a09ab4335b21d29263a26eeabc4104d9,REPO-10,GH-3749,2025-11-03 11:20:36,cut,35,29
6a795e79e4697f28fdf04680eb14fabf4f09de53,REPO-0,GH-4868,2025-10-06 02:10:24,find,378,102
3ea6727a39f1242fad5476c269bbaee71ea3893c,REPO-4,GH-9821,2025-11-12 23:35:27,their,346,79
9110b51c665917987e72da97f1f9c6461cf040c8,REPO-13,GH-7653,2026-07-25 08:33:42,main,335,62
7ebeaf23b74b0872d4e99603ec54ab62759cfb6d,REPO-4,GH-8690,2025-10-22 23:46:27,by,62,31
53ced6399deecf2083e8ee6e95fed800c6ac8928,REPO-19,GH-3878,2026-03-09 19:38:29,recently,160,69
67196f96ee5199ad43e549fac95b4aba52a3d558,REPO-8,GH-8531,2026-03-02 11:19:30,main,162,53
d6907b47df3964c30b0d2d123707cbfababcfda7,REPO-10,GH-1982,2026-05-17 00:45:22,main,206,135
b0c26e3b47e526660945b2c5d7d640d2f1cbf90c,REPO-19,GH-1018,2026-02-24 13:09:07,fly,55,69
90629826a24aa533e295afcf21aecc093dc32ddc,REPO-1,GH-5844,2026-03-12 09:13:02,wide,69,49
eb801c13a1b2a47b1749f2a9bc5057267a0c1709,REPO-11,GH-9095,2026-03-31 18:27:52,personal,179,130
44359c0b08acd8a322f6a1cf55bcfaf19cb19084,REPO-6,GH-1086,2025-10-13 05:23:14,almost,322,85
f6080ac683b89f1d510561952ef0d7e35386f402,REPO-0,GH-4944,2026-04-09 03:22:30,allow,24,127
3a2e259615303e764561e5924eb1b835579756c6,REPO-14,GH-8710,2026-01-04 07:08:52,traditional,133,75
607a9d94bb37d9e585bfd0cafcedfbd33730dec4,REPO-15,GH-3001,2026-08-02 19:24:57,nothing,130,73
104c120d40a1bb6a55928f3e0ccf4fdb8ba372a7,REPO-18,GH-6529,2026-07-22 22:01:25,risk,219,72
64c9873a8e4330ecfd1de360430ad9ca7832a6ab,REPO-17,GH-8739,2026-05-12 23:29:03,have,70,99
adf8d48c4d77c48d3697f933b4379a72bfdc2d80,REPO-13,GH-3584,2026-06-19 22:19:58,main,344,117
c4f01830673cab14bf1881f3fd16aa4ec6e1af53,REPO-11,GH-9433,2025-10-07 13:48:06,method,237,151
974a145b49320db922b04d901255f93658507896,REPO-17,GH-1339,2026-07-18 17:56:20,main,444,74
1b20e4493a66f156c467f0ed64daed83ee1c24b6,REPO-3,GH-6977,2026-03-30 09:12:40,main,131,6
6fbe314dc06061f012c5a5bfc305ce9d876b187f,REPO-11,GH-1333,2025-11-01 17:02:33,main,182,187
a976911e9c1059f24c0ce947f94c1379d18fcb69,REPO-13,GH-3621,2026-07-05 05:51:05,program,223,15
8201d28de6df1e4361f13b438cd3ff039017c658,REPO-8,GH-5332,2026-09-20 03:38:45,hundred,289,36
08c269685b2368a493ea01e6812a3f660f1872b2,REPO-4,GH-2713,2026-07-14 20:45:28,PM,458,26
c39d850d2481a0f73d14c1be3a31345aa0b246b5,REPO-1,GH-5543,2026-03-28 05:05:14,force,31,166
46b97378da4091cb8e589099ec08e54ff15eab39,REPO-19,GH-1858,2026-04-29 13:55:50,main,133,68
0afd7512d8a04a885b7727ec09ab31a5c126bcc8,REPO-7,GH-3950,2026-08-24 20:55:40,positive,436,127
353c20d428b238936db97a8f395100fe1cc47367,REPO-10,GH-7850,2026-03-05 10:13:14,return,358,191
8276b83b507a8b231948a2bcc6e718253f4bc0e2,REPO-3,GH-9379,2025-11-15 19:42:44,Republican,99,185
94ae7c28726c8a147ad7eddeab8e739cc99c7ac9,REPO-9,GH-7825,2026-07-27 04:59:38,move,338,36
fe928969dd217e9ee8e8fb01277da541f498af78,REPO-3,GH-8430,2026-03-18 13:28:22,course,436,37
b081f124db9ce7955fb0b8d5e313bd3de1c6bb0f,REPO-6,GH-5891,2026-03-25 20:14:08,main,469,33
db8b291107bdcdc3abb1c5cb56a83a37033037c2,REPO-3,GH-5835,2026-05-04 09:43:57,wish,418,69
a0554d39a9681ac893008a8b8bdda2f8f4ca5636,REPO-12,GH-4792,2026-04-22 23:49:32,anything,51,20
11880566239bf8a9fcd6f16b8301eea117b9feac,REPO-12,GH-7232,2026-01-03 07:07:13,save,490,31
3175d56c03703abb9f9ab12639e5403c048ddaf8,REPO-4,GH-7132,2026-04-15 15:25:00,week,83,9
da7c224f996ce29b6a81c494d5e3160a6dd95174,REPO-9,GH-5772,2026-03-21 09:28:34,commercial,301,91
d890cdb5828b0b442d48fdd177f73ede7f9ec03e,REPO-16,GH-7981,2025-10-12 10:12:06,main,227,199
9c6140d0964824aa79488138057aef844c8251c9,REPO-5,GH-9486,2026-02-02 16:06:09,right,163,178
e6eb2e7807417a7f800c07e95b912da1334903d9,REPO-7,GH-6555,2025-11-26 01:53:25,ball,451,116
d6e6a79416e8214e4bf616933dc7263a4ca5e352,REPO-4,GH-6262,2025-12-13 07:02:48,enjoy,494,55
3c26e2b9a185db0a93dea593c3feca037d4d69e3,REPO-4,GH-7684,2025-09-29 04:08:35,size,226,193
b0639a15d4a41874f3e1a5a116c35322b80bbdf2,REPO-8,GH-5649,2026-08-06 07:01:51,main,321,64
bad5d063b6d316e4e86ffdb14594fec00f45dddb,REPO-12,GH-6658,2025-12-04 13:24:40,main,176,55
ad58bdcb7bffab15310ff024637e1f6d5784eaf0,REPO-3,GH-3803,2025-10-14 00:01:36,dog,3,143
f16f78261c4142ea3e16c8aab9cd37da3619bd7b,REPO-0,GH-3254,2026-02-06 00:46:16,main,186,13
313ec06fcf48c0f25ee6e7377520b8bb3a0fea28,REPO-6,GH-2800,2026-05-11 14:21:00,drop,231,58
3193d9b9fb5b7fccd7ef3e0038599db86a9211b7,REPO-4,GH-8199,2026-07-01 04:26:38,school,99,70
f73d0a047411d1ef700c73f1fd2351b5355a9080,REPO-5,GH-9312,2026-09-16 00:19:39,community,343,95
f9befc5daf596e3ca1607f597fc689d330ebd164,REPO-0,GH-1409,2025-11-20 00:34:22,your,242,38
8bf9aa2e1ef941e04d5c4309fdb0a9cdc398b23c,REPO-17,GH-8361,2026-05-20 00:00:49,left,44,40
574c90b43903376324335c1ecc6776b024682f19,REPO-19,GH-8684,2026-04-07 15:29:52,say,292,105
762f202c4da67b26d0518ce105eeb4ccf976eb65,REPO-10,GH-5333,2026-03-12 22:43:42,network,400,159
e57e341a6b5e6c8b8a39e729eb92aa0ccba470db,REPO-14,GH-6231,2026-09-10 14:09:27,prove,102,42
bf2ca3f1e10ffdb3bf3c9cccaf9a859e4e3b3171,REPO-17,GH-2874,2026-04-26 00:43:45,matter,407,111
54aea8f59f8d01b88bc92ec9794391229aa16e47,REPO-0,GH-5279,2025-10-09 23:40:17,main,376,71
ac80876953f55751fd13c55d1d80f2f4a134bd4f,REPO-7,GH-5374,2026-05-01 09:19:33,audience,263,160
99396f0affa8955b8bdbc7922b9a3694a2811f8b,REPO-15,GH-4697,2025-10-22 06:33:48,understand,278,86
8054708098bf10e99cc198a2c337f71b4fda67d3,REPO-3,GH-9779,2026-06-12 02:33:35,institution,152,158
2ef99428646a5843ac146009dd3c91f52e0cde90,REPO-19,GH-2402,2026-04-11 21:43:34,what,66,114
f32a367b1867b64d246a744b07f775a50d7ff5a9,REPO-13,GH-5334,2026-09-01 23:38:38,agent,467,31
cc7a8a45a42fa15d4dfb1256d4725915ca99a823,REPO-4,GH-7543,2025-11-28 20:59:28,culture,496,57
4e6f9c0f79aac097b88774611f15514f6188a28b,REPO-1,GH-2402,2026-06-12 01:59:16,main,133,102
a65938f32db1a36066097b223d2de3d33efc538a,REPO-15,GH-8793,2026-06-10 05:26:40,hour,340,49
9a109d6f59baa92e219dcf3604f3286892128046,REPO-12,GH-4770,2026-05-01 10:08:09,audience,18,113
d1dceb4a2087e7d4ee3a780383e0598a05e77722,REPO-11,GH-8770,2026-07-30 18:24:06,pass,139,158
47137da1beeaad721d9032395739be205a748fbf,REPO-2,GH-3927,2026-03-06 10:54:29,among,416,111
f8acff43ac0fe04140e26ad92a01f7b4a85de020,REPO-4,GH-7267,2025-12-26 03:47:46,first,47,129
938edc73b022b17594014b0a2205b20070c73cc7,REPO-7,GH-9452,2025-11-17 16:44:14,include,276,156
fcf9aec9ca8adfc73ec24d2eec5e90403f636180,REPO-5,GH-8616,2025-10-01 07:25:02,Mrs,450,28
24d561914e5e70be1b43ccd454a7819c6de37f12,REPO-8,GH-3973,2026-07-30 00:35:21,network,306,133
cf7b934b765fc5f69ac494eb7637bcd62ccfa9d7,REPO-8,GH-4263,2026-06-12 13:49:38,nice,21,123
6a06dba9f427ea59c001f7cc12febf84d16a64a6,REPO-16,GH-8871,2025-09-30 09:38:35,talk,202,148
c184deefcac206579f9b50d3b5f091e4d0325b2a,REPO-13,GH-3209,2025-11-19 04:35:37,main,72,193
f1fd99d762118bc214c38219826f8752a46fe3e3,REPO-7,GH-8685,2025-12-30 14:18:41,main,372,40
dcf61b4d8fa44c2cc6aee3412fa72f8e0e09d623,REPO-6,GH-3441,2026-08-04 03:02:46,record,61,36
3284aa975093ccea15fcb239ebf5e6be00fa31de,REPO-15,GH-7211,2026-03-30 08:09:54,main,80,63
c003fca61649364bc6aae381d9c4d92e0d83ae0d,REPO-17,GH-1496,2025-12-19 02:51:05,important,338,129
0d839291d6ff61aedd43a9c1a5f6f489926ac860,REPO-7,GH-8007,2026-04-29 17:43:19,number,93,87
427c97b76814f0dcd8c7d0c4c72cb4f55597e17b,REPO-0,GH-3587,2026-08-26 10:40:56,main,470,125
22c489a0bda8817efd382ea27fd50768c7eb5a79,REPO-6,GH-1525,2025-11-22 16:57:05,toward,466,68
161cf28378788aaebd9c7e09c728841bd0980a56,REPO-7,GH-4261,2026-04-12 23:23:54,soon,174,167
1e81aaae47a0bd69475367d88a677626e8bdf014,REPO-18,GH-9543,2025-10-23 08:50:07,baby,375,137
395e17d1c5e55454b8ee324e831221429e0319d8,REPO-19,GH-9011,2026-05-04 20:03:17,produce,369,112
f8bb0bb3a9326502066436fd6a9e9df62d53192d,REPO-8,GH-4920,2026-07-16 13:24:37,process,143,61
50662a41d7c9d1e74d4c399e133a2abc6d5cb196,REPO-14,GH-7572,2026-02-14 10:35:00,main,402,71
aa942f34f272939e6ef6e488d3d6cf5f6be08cfa,REPO-9,GH-SHARED-52,2026-08-14 12:22:39,main,101,99
e288fb0f53914df8254ff5ad86c1f6610e7d662b,REPO-12,GH-7624,2025-10-20 03:16:41,and,360,117
97df9707b3b39b0bad3eb86f2b60a91652d97677,REPO-2,GH-9056,2026-08-31 02:18:21,main,363,125
bef760061a4c66b1790c29f66d475716e1a9fcff,REPO-11,GH-2795,2026-02-27 05:17:33,remain,220,31
3400235290124208e8483aebd8be107cbbd2c01e,REPO-9,GH-9727,2026-07-06 02:30:42,include,251,129
38e278008b3c575037139f6997774bc7d9926df8,REPO-7,GH-6940,2026-03-20 15:47:21,trial,56,185
1317590e24d8b05658dd8fb60a42a3d1d682f1ad,REPO-6,GH-7334,2025-12-23 05:38:14,care,293,44
5ce425e29ce2feeb90878637d86515cb46e3133f,REPO-5,GH-5114,2026-04-01 03:05:54,street,113,147
f1dda66dd50e8f5c047300c524f1014141c2c387,REPO-18,GH-3589,2026-04-12 20:24:36,race,237,178
3a2c1df58b27c126629a2224f2d456b1abeec92e,REPO-0,GH-5526,2026-08-31 13:30:49,coach,486,130
2290419a6512336c900484f2f97ca05ec5500c0d,REPO-11,GH-2480,2025-12-29 16:32:33,field,408,123
6f25e4245f6c5ff26699aafdfa36548000325df3,REPO-8,GH-2113,2026-04-08 00:42:18,lead,238,166
45ce6e279b8010691cc9828b740c1b39e6a48a5c,REPO-17,GH-3419,2026-05-17 21:49:46,main,296,21
75bb2a617822b021142a1f0ce31be4da037f3657,REPO-14,GH-9452,2025-10-22 17:21:45,sea,472,170
da22499468a7cd4afcbf47009bd2e56f06f75994,REPO-12,GH-4826,2026-09-08 05:52:11,main,247,100
6428b2f25f3f6985f301f3ec777ac99a52f32352,REPO-11,GH-3584,2026-07-24 03:12:13,hope,344,188
bcfa86aed2f25d4c1dce6ec69e9fb48241868d1f,REPO-10,GH-2465,2026-01-12 16:32:31,majority,95,18
38e161b47892f853cd2d5e17a39385bf08dc8706,REPO-1,GH-6813,2026-06-06 11:04:46,whose,276,132
d312ffba95a85555e3359d90aa4bea458c430c7b,REPO-4,GH-9095,2026-02-06 13:56:02,north,250,36
cb70d5f6d4ec1d8812754bccccaddf5d1bec08ff,REPO-9,GH-5678,2026-05-20 00:51:06,foot,86,1
342f00e16deedbc35f88a7c3f93acf95a1b705b8,REPO-17,GH-6403,2026-08-25 03:47:40,much,213,155
cae8e6cd6eaa1bccdab8f15a3ead659ddb998060,REPO-17,GH-6992,2026-04-04 09:35:39,try,119,165
25fac3893371ad6670690d63e9a31b9719de3a97,REPO-15,GH-5291,2026-08-18 23:51:51,run,441,110
09c2e018fc079fc2837c313cc071c8359dffa6ba,REPO-1,GH-6529,2026-05-02 12:24:46,point,444,22
a5d795b605ecd163058a22b46fe6af4728355442,REPO-1,GH-5649,2026-05-17 17:21:23,painting,357,48
aba25abccdfffb7ff50b79910da398fb22702bcb,REPO-16,GH-7149,2025-11-19 06:30:34,benefit,206,90
d1a4774fca3937f23c04b50adf5d170f505b7fa6,REPO-17,GH-7818,2026-06-22 11:37:29,guess,256,81
48c5763282e1b8ca08415ee0f047a379061d25c9,REPO-9,GH-3973,2026-04-21 20:34:25,program,202,26
cdc1dd41b1387713d3d25f6addf4b6081dd0ca2c,REPO-8,GH-3780,2025-10-21 09:40:34,executive,235,64
3eaa34f0da4d24c0659c9b7eb598bbb1490880f8,REPO-16,GH-8251,2026-01-10 07:19:46,phone,480,115
3ac747d077b31108fb7cc6843e2780d8b615bf41,REPO-2,GH-2502,2026-04-14 09:25:08,within,179,101
e069eb26a67c7c200ac4e022a0d4c39d2527dc03,REPO-6,GH-8710,2026-09-13 17:51:14,main,365,147
9d259c2035ebfc1d5a2b6febce35f94fc49f4c1b,REPO-17,GH-5901,2025-12-28 22:35:34,happen,35,118
e69ed0537cd1d8f61ec22a0d106d2ef53d7c69d1,REPO-1,GH-6772,2026-01-23 22:27:07,government,315,191
6c8df3efd4da7cecbd6a7c4154fb089f900bbce4,REPO-8,GH-5480,2026-04-16 00:08:08,family,309,78
577133e177f53e9086a21358de10c760c49e784d,REPO-12,GH-3610,2026-01-07 10:54:22,main,480,137
3b4ed99b81753a8523afc4134668946f98bce660,REPO-13,GH-2624,2026-06-14 00:59:54,main,429,29
3bda3fbe64de16e4d73bf010f5e445455c0e6d18,REPO-18,GH-6994,2026-07-22 08:17:28,stop,247,144
508abdaa2b8b0410365b90700ef0fb89e575d700,REPO-0,GH-2753,2025-11-20 01:14:50,rise,477,126
8b4e5adbc714a315f9dd7a253836dc1b14afce45,REPO-19,GH-3068,2026-01-19 12:49:37,main,380,173
a546dc2d92b23a206f56a2f01de74c81b42b8991,REPO-4,GH-5002,2026-06-20 08:52:44,occur,411,93
de344988cf8dc8e43c2ff4bf869386fdcf6313e1,REPO-11,GH-7095,2026-04-29 16:30:59,success,88,78
81a2e1ecbb2a42a9b423d1506c23b2ef4366cd3b,REPO-1,GH-2235,2026-03-25 15:40:21,consumer,218,104
2e45622431bf90341f2e7eb2d41f13bbd1c4b893,REPO-7,GH-5703,2025-11-11 11:34:07,under,348,90
311cdd05cdd8aaca9fb9a549280a8652b1fb95e5,REPO-4,GH-6813,2026-01-18 03:41:59,describe,68,98
04da141c5879fec4274ed1240f74f19e09593b31,REPO-7,GH-5720,2026-05-17 06:04:21,then,489,70
59fcb96e638aadd04ab27039eded3522da65771c,REPO-1,GH-8684,2026-02-04 23:37:15,raise,161,152
013998c6db1ffdf48c603ddc6d06a12fb8a34116,REPO-5,GH-6310,2026-08-07 08:53:39,else,145,135
352886121f8896383c22966cb82ed014ad2f9b9f,REPO-11,GH-9797,2026-02-26 01:20:37,experience,189,3
687ee2ecce8840383d1a5ceb1241b848c7685dc2,REPO-18,GH-5668,2026-05-05 14:59:39,main,290,155
8ecf2bbdebb8024b590e69ecd224740d4d0bf82e,REPO-9,GH-6573,2026-02-06 13:09:31,police,13,158
8d64e5c373992f4be9417cd902778e26ec6bf1ab,REPO-15,GH-1241,2025-10-24 22:38:32,however,90,60
f2b36c749f79c127e45482a72061747775fab6f0,REPO-7,GH-2627,2026-08-08 17:51:43,increase,176,65
57442bd73b97f3780545cf0c4698a0a12ae2297a,REPO-2,GH-7951,2025-09-28 05:32:11,task,183,121
8e5991718dfca5c1ce9a475bbc5001ebf36826a5,REPO-3,GH-6576,2026-01-03 22:05:40,look,50,46
8db99be810186eac6381eacb598fe0009ee4b44d,REPO-7,GH-8538,2026-04-28 19:27:39,factor,396,147
9f39671cde4fd8bc8c70d0894ff99e30a025f359,REPO-1,GH-1272,2026-04-13 11:03:14,decide,36,88
a04326556f626bfe2d5747222c86367a419cdfe8,REPO-3,GH-5082,2026-01-08 03:36:00,main,426,56
b744949cc5b837b3386469081fabf7670d281d5b,REPO-19,GH-5571,2026-03-12 01:36:22,might,498,156
f5ee0be7b22910391c2c1b14cc443858af0516f4,REPO-18,GH-7932,2026-05-16 03:25:13,main,309,154
9aaadd34f73e868e613bec9b76b1c36155de9a39,REPO-3,GH-1653,2026-03-15 17:49:32,main,178,153
3d7fed12c30bb301d81482c40bb0d6ea6f84c988,REPO-11,GH-1200,2025-11-12 08:23:28,can,472,22
85ddefa1f19815e120d74e2a3287fc050129e595,REPO-5,GH-4228,2026-02-14 06:58:15,arm,475,180
baa49b1c7bc3a3d84a1c60eb7a7792514aa5ee3c,REPO-10,GH-5961,2025-10-12 21:33:20,fall,2,183
0f6b30fe981c4e47e470466b4a512faf86156156,REPO-8,GH-6279,2025-11-07 16:42:00,executive,449,55
c9477c85a2b1aa0cd586fdad8d9718913c479fc2,REPO-9,GH-1659,2025-11-15 10:44:43,wish,83,191
58a34a66bc45a4b0b2b242cdb4ef16646a6211ec,REPO-5,GH-2106,2026-07-12 12:33:45,democratic,473,181
a37498b197683553ff74ccf97ac8c966c5bbbe13,REPO-1,GH-8673,2025-10-12 11:19:43,our,85,113
d2acb1277d25b05cb4cc13f7d92ab2daab4d0232,REPO-16,GH-7624,2025-10-20 05:12:22,green,237,130
27278148fb39720e8af48196aec1ec31178781d0,REPO-16,GH-1611,2026-05-27 10:32:32,main,472,139
1e0d1155aa6b0be8616138f21dae01739d2dd6dc,REPO-15,GH-9883,2026-01-15 07:54:37,during,469,55
9226e330bf8d4e8c6f44094b1d29de9a4613ca1b,REPO-11,GH-9540,2025-12-21 13:42:45,own,23,150
2d31a638fb83e85e93ccc39e619c76a75e9c635a,REPO-1,GH-3254,2026-07-15 21:41:04,old,325,35
0ef813bb6d08afa6c86941f77fcc339fcc2e7783,REPO-13,GH-8218,2026-02-11 06:25:24,main,478,114
745b6b6af7d9d9ce03283e7eb66196ace63451b2,REPO-3,GH-9071,2025-11-24 21:03:31,pattern,337,79
9514862816f5da640b2bc306b4e94e334edb7b27,REPO-13,GH-1715,2026-01-27 23:06:32,Congress,95,182
a0477880ea818fa5b6d56328183dd862f9d3820b,REPO-12,GH-3870,2026-08-05 20:50:58,identify,498,194
9053ff3404dd648eb494aa75966dfddb94ca81ad,REPO-13,GH-5089,2025-12-14 20:29:54,adult,62,119
b5d63e44a460b5cd78f7fa48fd6232232dbd375e,REPO-6,GH-9042,2025-11-28 06:04:56,main,388,17
cf62b96f8e14e874075bad4f667ac035d46b2d6c,REPO-15,GH-8316,2026-07-11 12:38:11,expect,198,91
b694a7a592b41c06d8c65786c2bc336ba4ada246,REPO-13,GH-6514,2026-08-07 08:38:28,beyond,476,163
0bb8f26246e49ac9506feabbb7f2245cfc32697b,REPO-10,GH-3900,2025-12-31 13:46:11,do,432,101
1c475edb054b8b3a1f98422fb407f73492bbe827,REPO-0,GH-2816,2025-12-29 22:55:01,company,498,32
5e85c0c84bf8d8406a62f0908f11d771d0d1d87b,REPO-8,GH-8438,2026-09-08 08:03:27,discussion,470,150
48b73669d177469b28443a38b9f3180aca369da7,REPO-15,GH-6654,2026-01-13 11:56:27,edge,140,17
b9dc6f6f35a5bb224b34cd8554fd29a9b4d6dc84,REPO-13,GH-2647,2026-06-14 14:45:53,particularly,95,158
0a2839934182d4b11ccb38c60d3994edbc04abf5,REPO-15,GH-1406,2026-08-27 07:12:38,imagine,287,36
05f1e05f4e37ba34560c56092240edf9b74ac81b,REPO-19,GH-5336,2026-03-19 05:38:47,black,327,193
8eb27ade22ee5a008a362b5f6a1d7e9f252fa9b2,REPO-6,GH-4084,2026-08-22 00:19:40,seem,311,163
587b20ee0a350f58ca54a042d0f13b4bfd9c8cbe,REPO-2,GH-6372,2026-03-18 10:42:19,main,342,78
f83a5c938f54b2bc1a6c1a2c6d34e47a145ac8b4,REPO-13,GH-1269,2026-07-11 00:35:48,today,303,84
4709c5752450a55e4fef147d35cf60e23fb4be67,REPO-1,GH-5564,2026-05-23 19:47:38,agency,479,54
6be509599f2a17d3fe7bbd7d4678fb6cbf39e68a,REPO-19,GH-5374,2026-04-25 04:02:13,describe,225,129
062aa9139e612305d6b90e31906751c13e41df73,REPO-9,GH-6272,2026-09-04 10:06:56,leave,201,96
dc1c8b14405ed2ec14ef8ffde7d93dc4b0305e3a,REPO-9,GH-6198,2026-07-30 14:34:35,guess,259,40
34c97d28343c37631f37727fb0c7dbda29175429,REPO-10,GH-7636,2026-01-30 01:05:19,movement,404,162
4a3f1bda6e91aa8f40deb40c3910f59f021bc429,REPO-18,GH-2911,2026-05-24 01:14:44,letter,194,97
2e8302fffd0b47cdf188f83b9068ebc61816d00d,REPO-5,GH-8264,2026-05-20 12:34:39,charge,485,77
2a9cf6140b0ed6bd099a30a40b5861523b5733de,REPO-5,GH-6374,2026-06-27 03:46:26,main,373,174
6dbc0caa50e20183a0db08728fbe3d97ae1d412d,REPO-5,GH-3780,2026-08-17 23:55:44,huge,349,61
dd6eb0f3c5fcc4ad04ac437cbaacae905ece4f72,REPO-8,GH-3587,2025-12-01 08:30:57,main,221,106
17275716ac6c050ce2e84504f4f2f13a7e9765e1,REPO-1,GH-5415,2025-12-16 09:41:07,head,490,76
2eb404891c9fe316d4987b1672e8038f780b7916,REPO-12,GH-5450,2026-03-03 06:54:44,senior,87,128
1b765af99f83492c6a54bb377f5533a992b14f01,REPO-16,GH-7086,2026-01-17 20:24:29,main,316,43
55c23ad529d6991ddc891911b5b4ce58647228bb,REPO-8,GH-9307,2026-02-21 07:45:36,main,131,4
e9344aed35c086970e1bc21a7b275d4108e2abf4,REPO-19,GH-6460,2026-03-28 09:07:40,rich,491,109
e6f8f7706bad9c9f919c80c204193cb7e7239dc0,REPO-9,GH-6934,2026-05-03 17:30:24,save,288,138
0ace9342f54924f0a57e802c013c5bf207e057b3,REPO-7,GH-9824,2025-10-22 02:05:09,such,127,139
67ddc986b32a0039f4b82966cbe2c65995ab9aa4,REPO-12,GH-7636,2025-10-05 11:00:54,hair,138,120
e171e59cd2f2ac9d9e770ba3309886c36090eb1e,REPO-2,GH-2475,2026-02-13 14:03:35,military,427,52
84b3165bd8ffc8db5378954a3120594b55701160,REPO-15,GH-5703,2026-03-15 09:37:12,main,127,161
2231006deb920cd822c12ed0b514c58aa4174c8c,REPO-5,GH-1634,2026-09-15 01:19:55,main,15,19
b6c60cf43ef020e77e4901e60680c43c37ee0096,REPO-3,GH-3370,2026-03-15 19:35:52,drop,93,7
2a8612a851485a9b23482c82e041fd1cd0d37906,REPO-4,GH-9751,2026-01-09 11:28:50,ever,187,38
3ffc6c822577f558ee257e33b22c4f673d1ed3b0,REPO-6,GH-8564,2026-03-31 19:18:54,main,203,163
5de44ea53ce40ca4b45a1783eff0c04a13f11486,REPO-0,GH-9095,2025-12-21 01:35:16,quite,41,42
ebb496e7e9aeeb287a4e7c4d951dc9967f396c44,REPO-5,GH-4467,2026-04-15 19:27:25,take,305,109
64cbcca1637db8079bc98108fb797fff74d585b2,REPO-1,GH-2795,2025-12-11 23:15:19,I,319,89
2ab0934e8c4b2aeca18a97ad55de362bc007b635,REPO-15,GH-3147,2026-02-15 13:08:28,drop,463,147
212727004b792037320dc821cbd1223bf2cb0d29,REPO-3,GH-3414,2025-10-31 21:41:23,cold,385,191
ff6d600cf6e239fae8c845c2c7d883cd69e98b52,REPO-14,GH-8941,2025-11-01 20:05:57,main,432,54
ade7ff5822620a04550579f38d6e04e3c83b3684,REPO-8,GH-9540,2026-04-29 15:46:43,base,262,199
a6cf1a87857da72f47e35c01de341e7017baa9b2,REPO-11,GH-7537,2026-04-18 22:48:22,local,369,126
b591fa79e8b4841b554e10fc82f7ad723b2b9a41,REPO-19,GH-9565,2025-11-23 20:08:21,town,500,160
99727e3e08fd5700f52213e4d0722c59d3ba9492,REPO-17,GH-1645,2026-03-15 05:54:34,whole,248,36
d613ae942bbca1d23a06884bfd20f302b0897f7c,REPO-19,GH-1475,2025-12-08 04:55:04,forget,376,184
6da5886048c610d1e260e2abb05ed6f5754789a6,REPO-18,GH-8355,2025-11-30 16:10:41,each,429,52
537a851c90e8f674362518ac7824023cb4b1334d,REPO-12,GH-8740,2026-08-31 12:56:40,area,13,95
fd64c3b1433990d46d0689bfe8d16fbecedb4e90,REPO-17,GH-7865,2026-05-07 08:11:18,still,377,193
fc98f541425d62cc03d9d4237414182b002857bc,REPO-14,GH-5479,2026-08-31 13:06:36,year,76,167
ab74dcd85a9eafd2d7fca6350b0b8b28b2f9bce9,REPO-13,GH-6992,2026-07-11 18:35:26,official,372,74
2da7f2e42914b5f78a195a6f07bdc85b4a87697b,REPO-6,GH-9785,2026-03-28 14:07:03,main,253,173
afc911ce987f42229fd95c6ef1cebbf9b7a1fd04,REPO-2,GH-4826,2026-09-09 12:21:46,adult,57,28
6373787d98438d7ade4c6b6836da467242798932,REPO-4,GH-5961,2026-08-06 15:39:45,player,164,24
5af1dfced8e1818b4bec4f1406d42d8603294c9b,REPO-16,GH-6654,2026-06-30 16:20:15,main,387,43
eef689cb0acbcaacc3765f805af854bbfffd09bc,REPO-7,GH-7825,2026-07-24 02:26:30,technology,88,10
6cd851e87c3a11ec77042b076216343ae8f96267,REPO-10,GH-2988,2026-07-28 02:30:45,capital,12,72
1fcc118be2ef8a622224f09db617609c5b308d81,REPO-16,GH-5022,2026-07-26 12:26:39,sort,32,170
e116dcf83cee939b053f7809506c3bc8463cb4c8,REPO-14,GH-5978,2026-02-17 05:46:03,claim,2,135
c9412827fa58037312e7386952b32af5ecec6a71,REPO-10,GH-4164,2026-04-22 05:07:55,else,212,125
f53f540c4a89b05d8e5999782b8ebc0e1528f08b,REPO-7,GH-9938,2026-07-29 13:36:10,top,129,111
40068a0b8d51a379182c57377890ca6c47af8f4d,REPO-15,GH-9797,2025-12-02 16:19:35,must,287,167
e4c1cfef28451516109bd57078211f017dc2155e,REPO-9,GH-9721,2026-08-08 19:38:40,mother,479,130
fcd7abee7882732620ead7807e63bfde7b3d38de,REPO-10,GH-7981,2026-09-09 11:34:54,main,44,127
dc135a025bb8408b50b25c7857618a2a245d0fd3,REPO-14,GH-8564,2025-11-18 08:54:07,main,71,140
e813cfba56cc35bc13c94dbe9fedb6355410c487,REPO-0,GH-6147,2026-03-28 03:06:20,main,281,60
227fa69839b509b16034d1132a4efa4e08edd96e,REPO-11,GH-9238,2025-11-17 08:07:35,politics,81,16
20b4abf47ebfc37f8362017591d72f57ace8021b,REPO-19,GH-6179,2026-08-16 23:08:15,stay,16,45
3197122193f428ca76bcb9687482fa2539113151,REPO-12,GH-1200,2026-01-13 10:08:09,look,346,120
03a57ed889f4bfa8fe1f44eabb3244fcc4643e26,REPO-12,GH-9031,2025-12-03 23:33:18,sell,481,112
09e246ff9a54e8ae6735934c80031598b034cf08,REPO-8,GH-9311,2026-01-01 08:36:53,police,378,169
97f11c0d2d53454eadd798e642e4bbd83a42eaf8,REPO-2,GH-7211,2026-07-16 23:39:42,huge,337,133
d4d10afcbea7f9f32b71b2fb8075d4ae60e01f74,REPO-1,GH-5002,2025-11-18 17:48:17,magazine,386,70
a369861fd4b1a2b98a9e451950dbe47c96ca2241,REPO-12,GH-3306,2026-04-20 08:43:32,research,462,18
92ff82ec845d63cc1db665405a557c708d478ec8,REPO-0,GH-1241,2026-07-16 21:17:03,number,291,39
94d1bfded665409a0fb41f334bb75057104b4caf,REPO-15,GH-5450,2026-07-06 00:05:07,main,389,10
a5d01a86e949b8cacc2254dd0791ce5fa00c5fc9,REPO-4,GH-3254,2026-04-18 20:54:47,radio,3,64
16cf4f7aabb88cb2ee5858c3f40bf605be246563,REPO-5,GH-4263,2026-04-16 18:37:53,police,70,82
063fc1642da17c591ed8d2facf20b45c2bdc2216,REPO-5,GH-7132,2026-05-09 05:30:47,so,289,142
1a1dc5f1df486788e1e367c40fc25335a5e62eed,REPO-7,GH-2713,2026-03-03 07:48:36,need,256,44
da31d7cde8b308168c26426b18eb85223bf9b91c,REPO-10,GH-9444,2026-03-04 06:55:20,toward,351,160
721cd3de0049828ecf9e856d0d3319bd55ad79c1,REPO-8,GH-1916,2026-04-09 00:52:32,main,314,62
16207daff51b2da7a5578f4409248e639d119d53,REPO-19,GH-6123,2025-10-11 02:30:47,plan,393,98
f856f05e7d5a11472e4d9831bf2c77f9f078a907,REPO-9,GH-5941,2026-02-16 16:26:43,business,233,63
efb22762c667823f33ce17bdd2d588d29d714eb0,REPO-11,GH-2753,2026-05-19 16:27:43,idea,309,19
fe10c7076f9b78c12915da0be703339942dc42c7,REPO-5,GH-6121,2026-02-19 23:08:21,main,243,63
c9d5fa882684d2fa40aea0210b6c5d856b842e31,REPO-7,GH-9721,2025-10-06 05:37:27,decide,160,0
427d59ebff1a27631a4362f8cbfb13dee5bdd8e7,REPO-8,GH-7825,2026-07-15 08:29:39,learn,135,176
a74cfe3895a7b0de611c382becde3fe179a21cde,REPO-8,GH-1611,2026-07-24 23:16:49,choice,176,45
ff1a5200e6129d986325d22bf0c5c538779d1131,REPO-16,GH-2391,2026-03-20 16:50:02,street,455,55
96648454319872675c96eb01c90ffbaf253ef8d3,REPO-14,GH-7572,2026-07-18 15:12:20,range,137,93
7e4927a020a384e5f31809e90859dd01a257657e,REPO-3,GH-4515,2026-08-01 05:28:10,main,335,78
34d70a10fe610b2c231587c978e30bcef4783b7e,REPO-9,GH-1685,2025-12-30 21:54:49,wear,54,119
2d3c0861388555daa4e1fc971e2c3cade1878a20,REPO-18,GH-4978,2025-12-24 03:32:41,entire,291,85
0afaa0ab67ab259105af324a3bac91db48757814,REPO-9,GH-9346,2026-04-04 00:09:53,seem,42,161
00a83943947b9feed0e6071929e0ebf101e99efa,REPO-12,GH-1475,2026-03-26 15:06:26,democratic,461,93
d508e4aa65f22facab1ac2530547dd6556b679ae,REPO-19,GH-2113,2026-03-25 21:20:52,approach,466,104
8738da41c58cd211a57273d22d1c2b8f203a179a,REPO-15,GH-4918,2025-12-31 06:03:43,watch,462,64
baa14d5c3d34c830e6e7b67f06a19ae8d28155d8,REPO-16,GH-7248,2026-06-02 12:31:50,find,226,186
9e85fa42662c3dca081aa66429073a2810d0cbd6,REPO-6,GH-2680,2026-02-19 05:21:00,main,317,135
5dde5502d07a4c6670c36eb6194ab70ff54f7a3d,REPO-3,GH-6460,2026-03-26 14:01:58,very,2,15
cfcaaaeb6333eeb36e452ad027ee256ffe148e8a,REPO-3,GH-2771,2026-06-07 17:30:47,bank,484,166
c7a405cde4c6c601ac9fa195c65b40af7673f0ef,REPO-16,GH-2269,2026-05-17 07:03:11,main,246,145
3b9a987b18ea27acffc9ff38fa5180b82c8ac36b,REPO-7,GH-2876,2026-08-11 20:14:17,me,239,142
0dbd1d893f3afbedc6ef65daeb2e9d6fe48691a1,REPO-10,GH-4515,2025-10-12 16:48:00,trouble,40,6
7818896c4b61c322fd07f5ecc281069a08f9d233,REPO-9,GH-7624,2026-08-21 23:19:28,he,274,163
10f2faffe03e19bbc7a3b6af35c809eb985414c1,REPO-1,GH-2946,2026-02-02 16:26:43,win,472,68
ed71ed7f0e1ff2b6e165cee43a8af12702c8ffe1,REPO-18,GH-3236,2026-04-11 18:02:06,blood,14,96
4bc1e45a8248c225e1e20524da37093f162396a2,REPO-14,GH-3939,2025-11-22 15:20:08,or,452,37
2de2f0dc0f38d6691f681be7cafaa4f33659011d,REPO-1,GH-4993,2026-01-09 16:01:10,Mr,218,19
556ae52ab950b5717927a1c99605e20a145d4ae3,REPO-0,GH-8454,2025-12-20 21:27:33,hot,85,81
e2f25a22f90284fa4b541c01663b33fca04acc26,REPO-6,GH-5562,2025-10-06 08:05:05,good,1,65
0ff32791036185abe504089a8bbb0dfd6c219a99,REPO-19,GH-9313,2026-08-03 01:44:55,hand,493,130
9e36784489eba5eae8d0f5ed4cac791d246907b3,REPO-2,GH-4249,2026-05-26 10:25:35,hold,316,140
97857da2835c3d50e97ffb7603da87afbd531c89,REPO-11,GH-3287,2025-10-16 17:39:36,main,317,101
e5dd34dfad3fa31ce9ba5d768577b0cc4f65e019,REPO-14,GH-6869,2026-05-12 09:28:12,main,84,8
9df7fe9a0da3d4b53af30c4a41321e53c9f39af1,REPO-8,GH-5114,2026-03-16 05:14:57,lead,8,164
3f742169fb86037abb8733ce1ce700574dba688e,REPO-15,GH-5279,2026-07-20 12:43:21,reflect,433,136
bf13413f092cf4be5bbcb400840352cd475edec6,REPO-5,GH-8267,2026-07-26 14:45:40,smile,432,82
e81e55b15d8d1e60e14df7f36b46aa0a1e06b446,REPO-6,GH-SHARED-27,2026-05-04 21:51:18,class,251,179
1d23c2dc9f1f1c0e32b2892d506c14ee2cf9129a,REPO-10,GH-9042,2026-08-13 05:58:02,recent,295,120
cc1d95bc7595497730e2128bf9bfb724886d150e,REPO-0,GH-8451,2026-07-01 08:34:30,seven,321,25
d559f3010416aa87e263dae72b3613966ece31e6,REPO-18,GH-9540,2026-05-31 15:37:19,change,374,172
7957ad4df77a96db39aaea0b823364c9c68d8d67,REPO-7,GH-9922,2026-07-19 22:27:13,main,223,189
c5fdbf4345c353933adb3cc5e98316e42e334081,REPO-4,GH-6120,2025-11-02 03:40:31,fact,283,161
92ffaa36d80a581ece25c4c8a9d5482650f61b78,REPO-12,GH-7141,2026-02-27 03:09:15,another,438,158
4afc7abf480d8d8b1e678d21ecd59220731b051d,REPO-11,GH-2647,2026-01-22 14:24:49,cell,465,100
8a36379ec54c78e57b8942cf1a0f7ac985698135,REPO-15,GH-8253,2025-12-11 11:53:44,main,409,43
b9c09c978fd5dfb6ca515efca66e00c9dab3802a,REPO-2,GH-1046,2025-12-11 04:10:01,that,200,42
44cd291aba49df2b01140748fce9bc6a41bdcf7e,REPO-3,GH-4522,2026-09-04 22:47:40,officer,402,33
e3178007f4c3c8dae3a2a64fa427d54e0c7f94db,REPO-11,GH-8933,2026-05-05 14:58:13,whom,120,82
2d3931a8c70a86f74fdea64028878f585ca3f603,REPO-7,GH-4792,2025-12-17 18:10:06,attorney,142,164
dcdf175ae96dc008625cbc7fae414682468cd1ed,REPO-14,GH-3114,2025-11-29 10:00:13,evidence,303,84
1c470c920138a3ea46fb429e027e5a14334865d0,REPO-14,GH-1939,2026-07-06 09:26:02,main,472,174
eee643c8dc6a2d84a70ffbbd05238319cf55de05,REPO-8,GH-7947,2025-10-22 15:04:48,main,410,186
8cc4db6264d04131318f5a69b2733cf740a13018,REPO-4,GH-4404,2026-09-17 08:45:09,wish,88,84
45c0b8a98c959dfebb6d7ebfdccef10b70df4f4a,REPO-18,GH-8726,2026-06-15 04:16:53,base,43,168
6d716446208aca0f88fcc2f8fd44eb1ece77f0d8,REPO-10,GH-2530,2026-06-13 22:30:18,way,81,122
85ea75df64dcdff670ff3731ae27877e9c4d488c,REPO-13,GH-8025,2026-02-07 01:37:36,main,108,159
a75a6ca66fd83ab06e7669e413465cd53a655a4a,REPO-8,GH-4963,2026-02-18 11:27:40,main,487,144
0e13e2ee9a259be5f37f4eda0442a82db29d76aa,REPO-10,GH-8018,2026-01-05 04:35:47,official,1,15
e32e6222f1eb7bddbc70cd49e93975568120566b,REPO-4,GH-8385,2026-09-07 06:45:11,site,289,189
9b08edad9510624c5993e2e530b0ff3f9e7a10bb,REPO-10,GH-4841,2026-02-02 08:29:57,main,279,87
675fdcacf0539e64e383a9f1ce5396e8dc6a32dd,REPO-6,GH-8489,2026-01-31 18:35:38,main,446,123
9d98a46a5023708ba0131a19196e9a8ceb70044b,REPO-7,GH-2229,2026-06-13 06:59:01,sense,146,106
9b834003c100068ef3568948176e3bbaea5d47a5,REPO-4,GH-1939,2026-05-14 00:13:45,family,86,5
58a29754bd3ff0c1d63f13a667403f5e4bf889eb,REPO-16,GH-3870,2026-08-06 01:18:39,watch,204,62
cc43f7ba7bdb42328d6c8c9dda2538aae39e66fc,REPO-13,GH-6539,2025-12-31 05:24:53,age,307,127
ff2c201f67c14af9ebe4788fe9580b1408a02b3f,REPO-12,GH-8172,2026-03-14 11:04:41,main,458,48
757756d8f4a85b201719cdd389bbd079a94b182d,REPO-19,GH-2133,2026-02-01 09:41:55,first,412,98
e3aec9fd77ab0a50b80779e45593c122b1a6fd75,REPO-7,GH-4997,2026-04-08 16:55:53,main,378,173
b0666af88b63b2781518c7d9355d11654cfd43b2,REPO-16,GH-2204,2026-03-03 03:14:50,perhaps,145,22
d66636c4869aa36c3be4695f7fb427abd53c294c,REPO-13,GH-3927,2026-01-21 14:28:48,even,347,4
59b8e03151512d996b632a4a249b488aa3b1aee2,REPO-17,GH-6119,2025-11-07 07:42:26,one,82,175
d3377ff52c9592aa640a81b7449b2412eaaf7f17,REPO-13,GH-4817,2025-12-22 19:25:23,main,401,118
e221726e9328ba59f25b01c1bab241905c75698b,REPO-13,GH-3441,2025-12-20 23:52:15,energy,234,96
c8a72c055e1366baea57a3a9bebcbb91992d8b69,REPO-11,GH-9698,2026-03-26 07:07:06,with,454,14
a4299f9d6b046d624c6ba6947047729a32f04434,REPO-16,GH-2113,2025-11-04 06:04:41,mouth,413,178
f44d3d4574da4721d433fcd8a70b8ceffd618044,REPO-11,GH-5961,2026-02-14 22:25:27,instead,57,27
629b6286b70fa0f35f7b6f53436367037ebda268,REPO-10,GH-6927,2026-03-08 19:09:56,firm,422,12
773a4dcfc416c04a6dd5f4d8c0cb5e6e13480c8d,REPO-2,GH-4585,2025-10-28 11:15:51,price,382,17
bb10dfa53238e2acfb4a7f77127b801c47a061bc,REPO-16,GH-1200,2026-04-01 19:56:56,recognize,403,7
f341e1c4c537628f7030681ba6a7dc957718791c,REPO-4,GH-8941,2025-10-22 17:14:16,with,222,35
566cc55e73eea83c5881d49c44b9bb35d48f5217,REPO-3,GH-2070,2026-09-07 08:01:21,into,64,191
f13b4d31270d149c6bf33b2fb5fd793f78073840,REPO-5,GH-1821,2026-08-09 12:00:10,main,464,107
156cdbc2a10923bac0377a6856d150be52c6723b,REPO-18,GH-8222,2026-03-06 19:55:21,allow,90,149
a0387347fb0d3a145d48d6fd912a2c313d018180,REPO-13,GH-1897,2026-02-03 14:11:41,by,245,43
fad6382952413f79728fbaee3e349361e28bb636,REPO-1,GH-5065,2026-01-24 13:55:20,until,409,198
0eaa4b9844230d53c7653cde38434aaab2352428,REPO-3,GH-4644,2026-04-05 23:33:35,individual,93,137
b19cc17358caa866c5df59f1a0932f4901592dd4,REPO-17,GH-2479,2026-05-13 11:35:14,main,303,171
4bc8f118e3f764609d0e5c9d22740144347e86c7,REPO-2,GH-5479,2026-03-12 23:57:37,few,171,159
d6f4c8453c185cf23e8cb337d1331840a847abfb,REPO-9,GH-5161,2025-12-30 10:12:28,community,165,36
660cf7217466751331929c19c1a6fdd612caef51,REPO-18,GH-9928,2026-02-04 11:52:10,general,38,94
c88b3a512228ba667ee2cf78382a010a99788605,REPO-4,GH-8793,2026-05-15 10:24:11,main,378,134
dd98c66a899f16d28162aa4bc921dbc72f3e671b,REPO-17,GH-6153,2025-10-29 03:34:03,beautiful,253,2
9db1da2dcbdfc0ec55bfc063ccf3ceb7315f35aa,REPO-19,GH-1713,2026-08-02 04:09:14,citizen,24,31
dbe17822a70b30aa2e34cd24ad3e25cd9606ea1a,REPO-13,GH-2627,2026-04-24 19:42:10,watch,329,87
90e69397ff495ba21db2c3131830168f2c385c9e,REPO-9,GH-8740,2025-11-01 19:31:25,student,248,182
df91124cd808e5de7bfea43256ddb612db0d02d8,REPO-15,GH-1444,2026-08-06 19:06:32,civil,436,108
1f947399292508215ee6e025938b5e9e0b26bf25,REPO-7,GH-9883,2025-10-16 21:46:28,cost,114,169
1898733d561050313da4d4fca2408958cfc29901,REPO-15,GH-9693,2025-10-09 15:43:41,threat,411,175
1e75cbf4cce948836ed36d62dd0b2dbf8093f85c,REPO-10,GH-3481,2026-02-16 09:36:04,why,177,73
79c5118161e1a535e0fb9a19a419ab2cea3c057c,REPO-12,GH-2627,2026-08-14 01:01:21,reflect,258,86
1b7772a03799f588324f1728a003597aecc2f181,REPO-12,GH-9984,2026-05-07 02:29:10,main,36,88
9e7f3f680e728e9ad2139f2a7d71bd229194289d,REPO-14,GH-9320,2025-11-30 03:03:42,give,187,106
d82ec589869078bc5e8c7a38f8a1d2d4bfeca486,REPO-18,GH-SHARED-87,2025-11-04 18:53:07,pass,23,144
660e7037f442bb3a2ca9798063223b551aa9cd2a,REPO-7,GH-9327,2025-10-28 22:36:13,possible,328,3
2ff59ccb79fa552e814edae1e29a2e5c50e2529a,REPO-11,GH-9042,2025-09-27 01:04:17,dark,212,29
23ca05849349de3c73b2468569966a4d302a71e4,REPO-13,GH-1006,2026-07-30 14:09:23,include,134,95
7b9cc19dcc96b091fc778f1cc33e6b28050cde23,REPO-12,GH-9727,2026-08-13 01:06:05,box,42,37
496b28b3864d395c40cfa964ee8fe8d857a91a57,REPO-12,GH-7636,2026-01-08 18:47:03,power,156,134
751b6af873c1bd1312870d8ef81a29a3803904ff,REPO-16,GH-6940,2026-08-17 23:05:27,theory,210,189
7f5a02cbc149bd2042e53c6a6a933365ab1d0be0,REPO-18,GH-7141,2026-05-22 22:12:27,main,30,88
987501fdec6b7c44019d7674c3088b4cc8777e63,REPO-1,GH-3683,2025-10-22 04:23:36,together,200,146
5cc1d9e6698b6e57bbf3ed902a10f9721a51f820,REPO-7,GH-1488,2026-01-05 22:17:42,main,69,123
c3b769f4aa82f35da82f32652bfe07009bcb8608,REPO-18,GH-7981,2026-07-25 08:37:48,big,57,124
1f4395a2611a24cd3b96b7809d9f7d1945a2e33b,REPO-3,GH-1430,2026-04-07 18:00:47,risk,293,128
d3a02284b1f83e572377c2561e4ce5c1081c5b9f,REPO-16,GH-9117,2026-01-15 03:19:59,together,116,99
9e56de82381d57f1a908e7e7088c17a1f4986765,REPO-4,GH-9379,2026-02-05 11:36:10,run,212,48
db591b5ffd65584b863788c4e82631e3529c021c,REPO-15,GH-9486,2026-03-29 12:35:55,her,181,125
585b9b38bef7cd5d4dca1f0c728449c9f2733e8d,REPO-12,GH-6082,2026-04-12 14:09:08,ready,86,196
c85f5d8644f21dc55f5d97fcae2b00fee383ab37,REPO-9,GH-1969,2026-06-28 00:17:21,kid,499,181
74b35c10ecd050962fe4910c2a5d3b60ee78e62d,REPO-5,GH-8451,2026-08-06 08:33:08,study,112,192
3c745c0faefb4ab25ec0d0ba1245e5e8d40d91b0,REPO-16,GH-4114,2026-08-21 22:50:33,general,156,177
76fdd1f750d2df684d2c51a9205465e627522046,REPO-7,GH-8933,2025-12-17 17:31:41,church,212,20
7f97b871c3e49944f0ea1f1d3d737b54999180cd,REPO-16,GH-2698,2026-06-27 01:42:25,base,7,62
eed7e76d8defa1c930777b13482cd3041d448f80,REPO-10,GH-6869,2025-10-19 18:39:25,buy,212,35
5596afd5ff0985bbf7836b176f03758874e6d0c2,REPO-3,GH-2235,2025-11-23 07:33:44,list,84,128
cd205110ada13f1d74fd3865c8a2b47930302e98,REPO-6,GH-3712,2025-11-14 22:30:47,back,198,100
8f7bf21a8ed8c880cc5faf721c759aaaf71aa6c0,REPO-19,GH-4033,2026-01-14 15:56:43,rise,260,18
9fdf50b6145c527dd82e4ce4a6c4cfd1123827a6,REPO-8,GH-4792,2026-01-29 05:14:20,serious,103,175
36fd294cd4baac4a1d8226a6b1f3a0cb101f4401,REPO-1,GH-6021,2026-04-01 23:53:32,can,340,153
f9e3fc26f0a8041aa169f21d02409a6fcb58f69b,REPO-0,GH-1272,2026-06-04 04:29:57,remain,185,55
60d8030d06353e9a5f4a5cfee2b6441f3c627a63,REPO-6,GH-8740,2026-04-29 09:13:07,five,338,51
2ba6e219fc7bb495587fe0f270e0019f79c111f3,REPO-8,GH-4515,2026-06-29 08:28:36,material,433,176
6a237b41d36e1c4b1fdc76b8d8e12f46121b2434,REPO-10,GH-6188,2026-06-08 19:08:30,close,51,149
a75bbedd4d9a545a2e7aae2ea2227b4f40631a54,REPO-11,GH-7246,2026-02-25 17:33:07,attorney,285,15
0d03ed437148ebbc060e6f70eed637afb1275bf9,REPO-2,GH-3584,2025-10-15 22:58:47,tonight,396,101
c9a0823dbc23cbd369121f49e7c2fdd74effebaa,REPO-9,GH-8837,2026-08-05 01:26:07,main,150,138
ba8e90f969a5b3c5c3d5eac24e533078c57e8ede,REPO-19,GH-6869,2025-12-08 09:58:25,major,258,43
20a472e720951804380ffe343ed74543511f9792,REPO-14,GH-7248,2026-06-09 15:09:37,step,138,147
6c5e586e5b5e42ff7c1f92fab70933b1f31e848b,REPO-12,GH-3339,2026-06-29 08:45:54,listen,439,90
780ec00ded0027776ef7d22f788aeee57f7c498a,REPO-11,GH-1832,2025-11-17 13:50:00,skill,86,34
a21f53583225e1d28ea4da15dced8f91d14525c4,REPO-8,GH-7334,2026-06-28 16:23:13,main,342,6
30ff02f3b9a441559019309c7e65fd129c167135,REPO-8,GH-8538,2026-01-27 05:07:32,society,98,171
2f5c80a1050ce2e5ea34489cc6a59cc528847905,REPO-13,GH-3399,2026-05-04 23:53:19,create,370,60
37feed6373445d7cc60e7b10ca560fa1b4cd95e9,REPO-10,GH-7201,2025-09-29 20:25:08,community,490,8
1df1e4aa5db49a50dd715f11ce685fb6d43fac2c,REPO-19,GH-8679,2026-01-02 06:51:00,message,382,113
e57b046316dd693ec1aeb1fab8d524879ce3c8ed,REPO-11,GH-2412,2026-09-01 23:31:55,choose,97,98
cbda5cb87ebe2fa58303169ea7b5e269fa00aaa6,REPO-14,GH-1525,2025-10-13 06:47:27,education,55,143
9a82766cfe2bb8a9b16af758753e7600bab83cad,REPO-16,GH-3001,2026-04-14 02:34:56,fall,480,112
a070daf013a4dc9b6ea93609d3083a732ba5d6ce,REPO-4,GH-4598,2026-09-14 07:47:54,main,463,57
8fcc74a2bef940d9e331856311ec02c4c8c6b59f,REPO-2,GH-5065,2025-12-06 01:35:15,spend,468,147
0f4a1841d2c2182c51824a04987b366fd0db5dd5,REPO-7,GH-5847,2025-09-30 13:04:11,seek,9,51
457b5f2a4a4ec377cd3166dcb0dd0bad5d6d7f49,REPO-12,GH-6403,2026-02-07 03:43:55,hotel,1,117
a3e322fd42e942423a70f7ebd4c4519e617c27eb,REPO-12,GH-7797,2026-02-04 21:49:44,main,252,73
b1f893b9f5d7ec3a9a9764be6621c2d5e8f46905,REPO-1,GH-1841,2026-04-02 11:05:31,more,420,115
234320b860f75bbe1396b74e251137a8fdb0e20c,REPO-7,GH-5061,2025-12-14 07:11:19,go,372,152
cb7d4d6b3de64c7495aba17a4c6086a81a8839de,REPO-10,GH-6590,2026-06-18 04:27:36,main,458,140
5bb1db50c1deb5f884530b83132e1bc034f3d994,REPO-1,GH-3126,2026-07-10 00:11:11,eye,496,128
f40cadf2eb7109515c698be02a4ac68e66c87a95,REPO-3,GH-3504,2026-04-21 03:08:38,main,170,54
d315495663a6348b7316c6eed71e0475d97c769a,REPO-13,GH-9666,2026-04-20 07:15:14,position,254,199
b850e4b19e9505ece082ef6e906917f6c8ba31be,REPO-16,GH-8123,2026-09-21 19:25:13,learn,435,23
17e0431c5259928a4f132323086c18ba12bd80d4,REPO-14,GH-9501,2026-07-22 21:19:10,such,21,6
ce7362a975af61db9969c4033535bc4c4b17fedb,REPO-18,GH-3449,2025-10-12 06:33:18,serve,456,8
9296ff6f6afe8d1e8d36aeaa82699b9d59e67c0b,REPO-16,GH-4898,2026-05-14 11:22:22,main,132,100
5ee2ef37e05f3be5ed15c9b25a4383ba2fd5cc84,REPO-7,GH-3253,2026-04-24 04:59:34,loss,255,72
c7d8f33d5227523fdea59df986e43dcc94a5f848,REPO-12,GH-1430,2025-10-14 05:58:57,affect,420,146
c33f7ebbe8000ca3597cf0aae050288b489f93da,REPO-6,GH-1821,2026-03-04 03:44:05,strong,163,147
6277d2d73662672568ed6cd4edba8cb3e453538c,REPO-2,GH-9282,2025-10-21 08:24:33,unit,56,51
2ca87a1037b5404529aac42921ab92fcf93e0044,REPO-5,GH-8700,2026-03-08 00:05:29,who,54,22
3d19c75c67bc03dcb789d3adfa23789374a9066d,REPO-11,GH-8404,2026-09-05 09:59:26,during,383,3
49de904e592e7d892a4c0ce36f65c66c3a4d820f,REPO-5,GH-9042,2026-09-20 10:54:11,perhaps,319,159
a06d38df76d9d32ed575a103ff4c34460bd406f6,REPO-4,GH-7211,2025-12-22 12:39:34,first,364,114
fa36d89011439fa913e4aa324b5399fbb780a39b,REPO-12,GH-5911,2026-09-08 04:35:25,American,373,134
16c441f1ed15df2b350a75ef4f740219f34200b3,REPO-18,GH-8199,2026-08-10 03:37:08,main,241,140
33d2c4845b762b4978ff1b36426993ea64501e28,REPO-14,GH-3979,2026-09-13 04:31:18,indicate,359,167
69df3a9f574618c8a570d8411e702afdce1e76d3,REPO-16,GH-3697,2026-01-08 00:28:29,drop,209,61
d291531431de1193fa9ce4287def9d7b068797b8,REPO-18,GH-6493,2025-10-12 16:59:02,term,320,175
f733553693e1a05c0090af254a5141cfa4f0225c,REPO-7,GH-2041,2026-03-20 10:23:53,able,3,120
233c115e36e85cfa0c34e12ce2d5c49284ec09a4,REPO-9,GH-5458,2026-03-12 23:04:33,bag,167,30
33f155f7d1a32afb7fe925417f518cb099726e9e,REPO-3,GH-4608,2026-08-04 13:54:47,main,261,106
2a30012e9ada0cbc9fdf1064dcd3fd98f8418877,REPO-14,GH-9311,2026-04-22 20:02:52,office,432,115
d2833c11d8016ce24324ed5e92bcc6f9728536c5,REPO-18,GH-5114,2026-03-07 19:31:26,main,401,170
658fc9482328cb89c7bc67ea8ed53bc63e34bf51,REPO-14,GH-2070,2026-08-30 06:31:12,main,139,8
1cc2c13ac5dfe2a977c5164a92349b519f80f6b0,REPO-19,GH-4878,2026-08-01 13:34:15,main,122,173
5b3730eda1a5718d44ee2511d9d23d67866bbcb5,REPO-15,GH-2557,2026-07-29 23:43:12,plan,305,164
1798c9ce58c9dc00b27116ab30a5423001e3fcf1,REPO-19,GH-4830,2026-06-11 13:37:18,partner,90,96
b806c72d4bf2fc371f1f9064c61c4cd9ae643ad3,REPO-14,GH-4946,2025-12-18 20:15:11,old,208,72
b0a116e8030e3cd1a3bc040c21027be58cd11b0b,REPO-3,GH-8612,2026-01-16 15:18:43,top,162,58
5e4aa81b091aa8e55511ddfd53b444d1c3f98d32,REPO-5,GH-8245,2025-12-27 03:53:28,improve,154,76
49f2f7e3acc9109375f3f9902099e96937b954dd,REPO-19,GH-6802,2026-05-02 17:41:52,main,363,28
7db65e516eb63126373158d8aed272b0ebb840b9,REPO-7,GH-6573,2025-12-04 19:03:04,deep,443,88
3d31407d5696f0918fc87c94dccc5157962cc9df,REPO-14,GH-2293,2025-10-02 11:32:40,base,216,126
48288730c0950fe63ca2ffc1ed6bc9e126b70196,REPO-17,GH-3615,2026-02-01 15:29:19,main,279,51
0272ed7f921b2e40adf07137b1a4497d9df2a6cd,REPO-13,GH-7818,2026-04-01 07:44:48,carry,91,194
dc2e6b2d10ed9247ced39e825dc3f0b117c71438,REPO-16,GH-2293,2026-07-15 00:05:42,condition,472,160
7e2bd28fe28e9bf7171fad2569246a4ff46db4e9,REPO-11,GH-8941,2026-06-09 07:01:48,even,124,52
f850193ba1a034c0973c43694e632a424fcaa6ac,REPO-11,GH-5533,2026-03-07 08:31:51,last,165,115
b1c40df855be08253127ac17f786b32dfed93371,REPO-2,GH-6582,2025-12-15 05:22:22,main,448,86
20ecc464576e3d905d5eb87fa4cd005dc80517d4,REPO-17,GH-2773,2026-02-14 07:51:12,work,328,51
2be240fb3041c51e99760b45d70aea0ca9127721,REPO-3,GH-3254,2026-01-17 02:41:45,occur,344,99
30b3f24c1a8c5245e39e5f7c011f01640447c67c,REPO-14,GH-1424,2026-06-22 12:52:05,authority,214,185
129d5792e31334a9887d70ce6605edd70bcdc6c0,REPO-17,GH-6039,2025-10-26 13:33:39,TV,143,120
86ddbe78a503393044461e6619b80010bc9339dc,REPO-16,GH-1241,2025-11-13 02:59:46,about,445,48
0b6f6bfe1116c009c2df050af5a32c26ff80e6bf,REPO-8,GH-2790,2025-12-28 23:51:58,speech,365,44
b1dbf2f543107343826211d66951de91241176a9,REPO-0,GH-8247,2026-08-01 11:40:37,main,438,100
bc1c0e7e20f0fd245f2ce9ff541cba93c08fd531,REPO-7,GH-9316,2026-01-09 20:08:38,build,445,187
eabd262e4ac9c31c513143945254ac27535a06b7,REPO-16,GH-2713,2026-07-21 00:28:21,campaign,189,71
b5b6fb779c7dc7412e1584dea7c86ee32e286f6e,REPO-17,GH-3600,2026-04-09 07:44:21,state,276,135
c55dd129c426a173e3334260f2ced4fd75773c38,REPO-1,GH-SHARED-48,2026-04-22 13:50:34,can,206,57
1ba8509a46cd2b44f069ff86d6407c7b37b93d9a,REPO-5,GH-6869,2026-04-01 20:35:04,fall,244,48
7cc0199f85683f44bb13b119764068635896addd,REPO-9,GH-4920,2026-07-29 00:26:52,story,158,114
052f9ed56b288f4fb3168e5249ffd014e6f3ad0c,REPO-13,GH-5902,2025-11-01 16:52:04,important,300,182
8fff554802d4f4857c6f4aa0ddbb09966bdbb1e2,REPO-4,GH-3296,2026-08-06 05:09:35,you,400,189
c984c69848706cf10acc3b637824bef9429ae06d,REPO-17,GH-1251,2026-01-02 03:49:33,main,161,98
eb4aae1ca1200ec8236fb96f317ce4cc7967fda3,REPO-6,GH-9698,2026-09-15 17:28:27,summer,26,175
5eb0aadffa9bf2a7485634d38a732d3566074c91,REPO-5,GH-8531,2026-08-01 01:16:07,at,225,45
6d614b915d6d67268cb84f3a2a4f6cf704792ed0,REPO-6,GH-1042,2025-11-28 23:45:27,college,204,51
090095973284c44a32532cce6048039f042dba5a,REPO-17,GH-4937,2026-04-17 17:17:09,nor,53,120
6e4051ede9612ed36611900b9af925e85be3a386,REPO-12,GH-SHARED-52,2025-12-11 08:53:05,window,394,3
eb06a07ba89745496f0663dc900b172138e50358,REPO-6,GH-9444,2026-07-18 01:46:00,main,160,155
fdcedb0fa611304c90c8f7f77b796b48d4b056b0,REPO-9,GH-5949,2025-10-08 12:44:23,main,256,72
17d454aa0283dd2970f1c9d42bac87d9b058a63d,REPO-7,GH-9011,2026-02-25 03:25:16,main,18,58
07b135ebc8720f0ba54a191f8fedb7addee43a63,REPO-13,GH-9947,2026-03-13 21:21:35,music,221,45
2cb466cbbb50a9b45fc7e46135c0844996ad651d,REPO-10,GH-9595,2026-07-25 06:38:41,difference,385,0
86d84b4500695b72fcb6e11e0ae7f918f414c627,REPO-18,GH-1339,2025-12-01 00:30:46,public,429,26
d193e2295d535021f5bd92deaa23c2e46fa6b565,REPO-1,GH-3522,2026-04-02 16:54:55,small,397,106
af957fffed6a70744d4fd12480a92e606b067e58,REPO-12,GH-SHARED-87,2026-06-24 18:54:07,size,215,151
b7ad61ad3ac5bb533db1f5529d5a8cc630026def,REPO-3,GH-7248,2025-12-24 00:33:34,world,338,85
118be74a9747543ccdaf6e89c4e2dd728e0730a0,REPO-19,GH-9883,2026-09-16 11:46:09,main,369,97
e82608fbf6a53697c419c5450023099a2e52460e,REPO-0,GH-1588,2026-05-01 10:58:05,impact,252,139
2284c65af87fb90c5cbe4f827fcbf1a87da5d4c9,REPO-1,GH-3252,2026-01-30 02:20:14,decide,350,70
a3ec7c6ac32da2dd7d59d8c93aca3650562a1994,REPO-6,GH-3762,2026-09-11 11:25:07,local,100,88
4a698afb6eb2c45c8c99efa55b06a25414f0851b,REPO-8,GH-9498,2025-12-09 00:07:22,main,236,19
02e83196f0d0ba3083b71aad4ca53e21fb498622,REPO-5,GH-6482,2026-02-11 23:51:12,red,13,43
569853841804b47871d9c32f1d34e59142eb2bd2,REPO-0,GH-8679,2026-02-18 15:23:07,just,384,7
19a0b0b1178744478ee9a81edf4122db6fb7e010,REPO-10,GH-7865,2026-07-15 03:06:00,main,337,50
0b9144d7d35b446f9be29093d94b03aec481be5f,REPO-18,GH-6194,2026-01-27 08:41:03,bed,131,188
a36fb522bb601e39167a0335233a4676c4c672a7,REPO-9,GH-1430,2025-11-18 00:47:52,phone,92,40
3799ea42276ae5adc8d0ecbb77d2f87b3cc79963,REPO-5,GH-1258,2026-04-17 02:37:44,main,462,140
df6240c8f75351477aaaf5c1a6ecf27322fea480,REPO-5,GH-1188,2025-11-11 04:53:13,material,441,174
28a5b54bdf09f85f36faf32ebae6bceea7d345e1,REPO-3,GH-8726,2026-04-06 22:43:06,ok,201,140
f9cf0e94c09c40d4c726d0b507730d49578541de,REPO-5,GH-4846,2026-07-05 20:59:52,call,86,85
6a9dae32c33c1a6219a88801d55a835bc14fb448,REPO-7,GH-2353,2026-05-27 16:00:33,stop,384,153
8be8bca48cb3a73ef2748ee5d053a8944c8afa53,REPO-19,GH-1282,2026-08-17 07:57:44,else,127,176
8687a27e7b7a557cc55ab382fab8347d498ac583,REPO-15,GH-4673,2026-01-26 03:40:41,large,417,38
94d6e74026fbd4d605c857ba633e6cbb6ba5f488,REPO-9,GH-1282,2026-01-18 22:14:59,both,468,173
e0b89776b27c9fc42db8945beb9a4485ef1012cf,REPO-6,GH-6179,2025-10-18 06:54:41,red,137,39
237784c9b9fb039260fbaefd774e9a1b7c69b993,REPO-0,GH-8244,2025-11-19 03:16:02,team,14,133
9355818e52b0d090f4f4c189c17d4d0dee2c27cb,REPO-8,GH-6990,2026-02-21 09:02:17,fast,285,105
898c28331b70b159c51f9ce96e121c597a2a374b,REPO-10,GH-7606,2026-02-05 23:34:00,bad,499,14
da97e5c7656a60aaf0dc16c838a560d9d7fcf14e,REPO-0,GH-5350,2026-04-21 04:00:46,moment,286,32
1aed7f2bab00306bc21c5bbd9b120f18f89659b8,REPO-19,GH-1053,2026-01-24 17:26:34,investment,148,65
663a50128642537ecda42f63d5ba3fd65cf2de33,REPO-7,GH-4460,2025-10-05 18:57:54,feel,37,120
e5faaa5cc53ab0042b29de2ed87963b05f2428df,REPO-8,GH-4150,2026-02-01 05:58:21,better,16,51
d494b8ed78d79ac8182196b34957d4d287821675,REPO-16,GH-7116,2026-08-30 15:27:29,network,486,135
e510871d85e1b6584cb610ff36a1bc71d093a46c,REPO-15,GH-7044,2026-05-19 02:34:49,black,151,199
129a441de8f2a613d4b1f02ce7f8cdbe3c9890fb,REPO-12,GH-1606,2026-02-14 18:07:47,everything,3,113
d2aef78f189aa58bf4a6f5d7499b2f36e68fc2e8,REPO-12,GH-6091,2026-07-22 05:21:09,view,393,74
76d0ccc66c0686a64977a4f50af7d2abe6eb7f7d,REPO-17,GH-9883,2025-11-14 00:18:15,difference,99,111
a29a35228197b89a44f67116cf1270f9c4d39ff8,REPO-4,GH-6658,2026-05-11 01:50:43,each,484,149
b46de59ddce58cedb33933ea9c533f51afca2da4,REPO-11,GH-5272,2025-10-16 00:31:55,thought,71,101
149d11f216b9bc692ccd41a618d4d145e0492a0b,REPO-13,GH-5708,2026-07-19 08:42:42,number,485,143
9744a8a9ff8eb679269e719afd5048d29fae61ea,REPO-6,GH-4912,2026-09-16 12:36:44,task,36,117
27506af5a2aac3451e706f8bd4bdb5a6c2961531,REPO-8,GH-6040,2026-06-30 18:59:31,participant,35,63
276fd4c28ad1771a4c242961f4ba60f9d31119b3,REPO-15,GH-8905,2026-08-30 22:52:23,main,81,156
892c6ff99ef6ad12fc5ddf69ad08180940a66fba,REPO-6,GH-6381,2026-01-20 09:14:58,really,184,61
6e0f3f2257d3e0d0f506c223454ed7f00c41647a,REPO-17,GH-8679,2026-01-20 12:24:56,international,308,143
968e6ef17cb341828ba777c6ecc6965e73d9c24a,REPO-19,GH-4868,2026-07-16 03:02:50,main,156,116
9191d3dd047e199b4816f22e0013df4ec479d78a,REPO-14,GH-4684,2026-01-26 02:07:52,kitchen,142,194
1c384a226e8bacdba0eb0d6b85a5d2e7e894e053,REPO-9,GH-1601,2025-11-02 01:36:17,main,200,86
e9fb79ecbfdc397b2762c57b7eef78d55dda7752,REPO-1,GH-2623,2026-01-09 10:47:46,certain,352,64
b2a85ec4a7c56ec289d87cd3947a0070d04f2ea5,REPO-15,GH-4585,2025-10-23 15:51:32,main,206,138
139f186bd9743a497adb8204ecef6d15f11d55af,REPO-0,GH-4937,2026-05-13 10:28:42,main,362,172
d25fa4284285155dff24e656bc31161c1ea4a41e,REPO-10,GH-7267,2026-09-08 03:33:27,manager,143,54
fd842242e26a18abd6dd25d9730e73ae1bc19c1f,REPO-5,GH-9281,2026-08-07 08:10:39,number,351,128
2aa0eef68e56d6f386ca1263bf5951d1ca924b6f,REPO-2,GH-1269,2025-11-07 11:22:51,perhaps,488,147
00bb1f17d87144dd9a1fa243ed771c415e9770ba,REPO-7,GH-5342,2026-05-02 21:45:34,end,391,17
abb13d100de7d0bfcbd52560d14f08010302bc49,REPO-8,GH-7730,2025-10-28 19:27:48,main,226,142
3a419d4747af8ad23cb412bff329b228826aa8c9,REPO-5,GH-6062,2025-12-07 20:36:52,main,284,36
b2ac30475f39d885b8afbe88c461b7d4a3cfa8d1,REPO-15,GH-7708,2026-05-05 22:41:29,body,329,136
c73dc48654be6e99d71c040cb4a0ddc95da048a5,REPO-18,GH-4946,2026-05-29 22:55:47,many,208,6
b974c06670fdb19c2224b425666fc99b607b39ff,REPO-17,GH-5336,2025-12-20 18:53:14,card,189,49
503cb433c49cc0f9b9ced8000b883a1d7ecba837,REPO-7,GH-2832,2025-12-01 17:43:27,term,143,54
23fe0e6d2d185e9898c0da40e082412cb079c7c0,REPO-13,GH-1090,2026-08-28 10:31:14,edge,165,94
e25f830aac6cc27d74b9b7c2b2e576caa1f1b5d6,REPO-8,GH-2874,2026-03-04 09:05:11,necessary,473,24
6423eb38b5138b050c027ac19364b99f965a063c,REPO-9,GH-2679,2026-09-01 19:21:15,study,383,187
a212324bd6f869af49b3af0747448edef28ece4c,REPO-14,GH-9889,2026-07-07 09:47:31,cup,77,61
8610bfebaadc954506e89f49ba523ae80a35fedd,REPO-1,GH-7484,2026-04-06 06:56:32,artist,311,124
167f942445d9225946578acace03e6fb4df66283,REPO-13,GH-9282,2026-03-12 20:23:42,reflect,91,187
e75f9a527c307a22f8a574ef84d6c5aae8a49818,REPO-9,GH-3900,2026-02-24 19:37:08,news,106,190
cbe86c19d0a7d979568a8de32d393e2e963f0b33,REPO-18,GH-9507,2026-01-18 15:18:20,interview,422,189
0c20723c6b00ef9cbc2ff64fb83a2679575cb74d,REPO-13,GH-1251,2026-05-14 09:27:43,particular,450,82
ba4f150446cfe990b9deffbfa9cdae8965ca7b71,REPO-14,GH-5350,2026-01-16 16:17:47,practice,482,170
3a93cc88ca52ea8d213193af1f9828fe99c72ae7,REPO-6,GH-9693,2026-08-25 10:53:17,seat,74,90
14d290491797df1c153e8ae2254e509e35637fe2,REPO-15,GH-5210,2026-03-09 03:51:30,point,166,49
fb60e2451beda461119b1e6a30e0342309e7bf13,REPO-9,GH-4788,2026-04-08 05:46:24,building,132,15
21d83bad71c1418e92b5481aec13265b09091fd8,REPO-6,GH-7570,2026-03-03 11:02:17,skin,204,126
c3bf344fafd7d6838ef74e2707f5551e63ae7401,REPO-4,GH-4846,2026-01-03 04:37:17,part,1,112
22be2912ec9186ec1142fcef8522d0766cbb9d24,REPO-4,GH-4804,2025-12-07 13:25:32,partner,362,188
f41434957c2eda63cff61d71171e727fdb1b9889,REPO-10,GH-3615,2025-11-12 13:21:14,energy,408,194
448fb6b3f60e4e6dbd2516e3628a043e99a74ba0,REPO-14,GH-5065,2025-11-17 09:35:43,during,312,6
2d6d242446cce7f3dbc0f9e761cbfc76bc33d982,REPO-15,GH-8272,2026-01-02 01:12:59,side,204,34
606467e5e68d36c14601255eaeb53faf06a286d7,REPO-11,GH-5786,2025-10-25 00:01:51,cell,37,101
b7699d43977b758a08ad8ca81445b0d171c4d095,REPO-9,GH-2646,2025-12-20 16:15:25,budget,248,32
e2cb12c888de71c5770d89d837bdf9c3dfd68b94,REPO-1,GH-3440,2026-05-08 02:30:35,develop,414,119
743ffeb405e36b83b1e62fa7d83a8aa2033667b8,REPO-6,GH-8237,2026-07-02 12:12:50,safe,201,177
758480fd7297b5d52f8a41be79d414ee82de9d7a,REPO-5,GH-1042,2025-10-02 07:20:13,main,122,65
32cbd49d9967d5197eebd425b3e391ad265237e3,REPO-19,GH-4920,2026-02-06 12:45:46,main,116,23
b6fad3879fb472636de1164ebfda6e25a34419dc,REPO-13,GH-5479,2025-11-22 00:50:20,raise,208,82
febf8218654cccbfbebe3a5dab74df52a3b7e3c5,REPO-0,GH-4697,2026-07-29 01:23:04,home,326,45
205298e1e1535d325c91f63efa4f27bde2372f47,REPO-3,GH-6447,2026-01-31 05:20:42,main,290,71
8e18d13c8485ac9f088054224adcd88ecd691b1a,REPO-7,GH-9897,2026-02-21 01:03:17,response,495,128
f34626639215305bfb0f790eb9d8b74e9ff67443,REPO-11,GH-6585,2026-01-11 18:52:23,main,123,132
3d2c8eda6ce0796e2a4397faf3ff0678082e5cb2,REPO-10,GH-1645,2025-12-14 05:39:27,child,60,57
01cb6e8cd3c516443f24a572615f19b6bb91d3cb,REPO-14,GH-5876,2025-12-16 06:25:41,cup,479,167
5706445a63aa477d63246811a4f1d7bb2d86d012,REPO-3,GH-1916,2026-08-30 19:37:01,your,377,89
7389cbd6a20354cc52370dde401bfd7051abb376,REPO-1,GH-4531,2026-06-11 04:12:06,middle,253,68
9194923b3ad3293fd8c2935eded70ca750c281da,REPO-4,GH-5961,2026-01-11 07:59:40,entire,476,172
dfa02dc5d3127717fbafe2e0b63766f34d08b165,REPO-10,GH-8242,2025-09-28 03:34:56,cold,78,102
81840c386b252a3215e33fb4a484e2b9dd9063f9,REPO-13,GH-2169,2025-10-20 19:25:03,these,332,47
f03ec0fc076f69982baed2fc4dbff953677a621f,REPO-11,GH-6038,2025-10-20 02:31:33,need,248,194
a740e337ba8e1c70fd14b0f3f58dd47fdcc119a0,REPO-18,GH-4185,2026-01-17 05:26:24,bring,267,64
521a08edd5689f86da7c92e6d3d89f11cfffae93,REPO-6,GH-2983,2026-09-04 05:27:29,federal,129,85
911e89a1e93ce01ea414c48a4f82fe520fbf8e76,REPO-15,GH-1753,2026-01-13 10:36:42,specific,58,50
908af5cea06c5f8fd86fbcbea7c8511beb660363,REPO-12,GH-6539,2025-10-02 07:24:31,sound,481,179
97f8930d1270f404c2032d2f4d962598da23ef87,REPO-4,GH-9666,2026-04-20 15:14:37,main,405,66
e33157722881c887068ecab96caa82747e0db9e2,REPO-3,GH-2679,2026-03-22 10:40:15,quickly,271,176
8e5002f96c5c031ccaa347719bd8a21197d059ea,REPO-18,GH-1693,2025-12-23 01:51:34,rise,316,142
e1ef2f82e763438bfac36963bbeada9d99c19fe9,REPO-8,GH-7211,2026-08-28 10:43:49,me,405,77
907a809c8a791ce4857921369d0d43eb5a8a1d46,REPO-15,GH-7044,2026-02-25 15:41:37,main,128,2
7ef743a8a9e8cc182e6329a0e6714a5dc41c0cc4,REPO-17,GH-4944,2026-04-01 12:16:28,west,447,3
51abfaa0a2179e4c9fb871f14236587b4f2e6a17,REPO-16,GH-2489,2025-11-17 19:16:18,easy,138,4
c33add0d79bdcefd9df1eae3c16c1af7ba325cf5,REPO-9,GH-2353,2026-06-04 12:58:29,main,175,8
1a5c419ef27ab94b597a52adcced45a7679a7dc0,REPO-7,GH-9922,2025-12-20 23:07:42,main,266,184
dac29acd82e8c76398d2409916392ddfd43a2274,REPO-5,GH-9883,2026-04-29 05:44:09,world,36,24
84fa8888517d4f910703f6b36e2e7f5d7b627e73,REPO-13,GH-5186,2025-11-22 03:42:50,set,12,35
997c39fdf69dc16d6c95ed03927472b208a7023a,REPO-8,GH-3442,2026-02-17 23:30:33,road,77,180
f85c317f83a4e563ba95f62ba648da8179a17140,REPO-14,GH-2946,2025-11-04 08:17:25,main,319,130
b926bb8ade199ae7ac2151052f1bd4738353e6db,REPO-19,GH-9479,2026-06-09 14:49:42,main,200,1
8efd35917e5eb75b7c7f80bcce74dadfaea6faa2,REPO-8,GH-8292,2026-01-25 10:31:08,again,214,175
1a2439a2698c49eadddfa8f5920f04ad8d94e77c,REPO-3,GH-2208,2025-10-21 09:59:14,value,182,125
3f845f2bffbf548ab3b4b72f0fc15b5617b84b0b,REPO-9,GH-1693,2025-11-07 13:30:29,fear,435,14
93ef9393e31b4e5f7b8559a2e8138d28137d408b,REPO-16,GH-2965,2026-01-02 20:48:57,sometimes,203,74
3e9ae5c74dd49642027674da3629bfcbc4bababb,REPO-12,GH-3442,2026-06-13 13:27:43,main,362,144
d25666e693d926249595bf58c1314dda193fc92d,REPO-7,GH-6820,2026-08-25 08:11:12,successful,76,69
f82f2699ce839b3fe10ac6703c8eca6d47509ee7,REPO-5,GH-9742,2026-09-20 23:24:13,cover,112,171
4f6791769cafe632745a39f265859c8060d9f608,REPO-10,GH-7022,2026-05-28 15:59:21,newspaper,259,190
1a0a6977e567df53adb197a1aa95af888d5734ef,REPO-10,GH-5571,2025-09-28 06:30:13,again,296,62
d252f8444d9b2ed885283e137f39ffab4005e434,REPO-1,GH-2768,2026-02-01 02:27:25,speech,139,162
415ca11f0962a86de7de38c002579b2ff49e8fae,REPO-15,GH-9543,2026-04-30 01:33:00,growth,290,139
463e9a963a6e7d31b935ac47d464b49fd564a70d,REPO-19,GH-5781,2025-09-27 12:41:53,culture,314,50
32cfbdaa0b6921ed950b20a026d6c8f2a91708c2,REPO-19,GH-6188,2025-11-08 02:03:49,main,488,117
c9169dc4be5064eac33e65cc4c462efbf8ed09d0,REPO-5,GH-3143,2026-07-03 22:10:51,enter,276,60
48953bb6affdfd441711f7106c28220df426c81c,REPO-5,GH-5295,2026-06-24 06:31:35,peace,464,65
4d0f2d2d57c2694cbbfc9d09343b9c49272248b7,REPO-6,GH-3600,2025-12-13 10:14:59,relationship,361,192
491757957a2bc66bfdda8313c2cb1386e2885738,REPO-4,GH-SHARED-77,2026-08-19 22:15:19,other,46,116
142ecc3995a869d9411df28b1b5b9ea3a11ebc19,REPO-0,GH-2612,2026-05-04 00:09:05,husband,152,92
fc977f19b63df65a629a567161209e8c08820c47,REPO-18,GH-3979,2026-03-29 05:05:15,voice,115,198
c4a1038d8b6b6bb836d16efa8c8f88b31a899bef,REPO-6,GH-9817,2025-12-31 01:34:12,toward,451,164
7f022f8818625237c9a73e67efc41cc3768a90af,REPO-7,GH-7421,2026-02-04 12:12:41,song,381,55
1d63933f5c6cd71469c357dd9a1028321756864b,REPO-7,GH-1424,2025-12-29 14:55:33,mind,424,135
0d39079f0344167308b97a5f2da97e4e0028a8d0,REPO-13,GH-5332,2025-12-24 08:15:46,main,327,12
f09120c88c7924d208a742b0c8a9f042ac1a475b,REPO-4,GH-4292,2026-05-03 09:21:43,ball,475,24
cd3dbc42ad08ef1e0fa3c7f176da25751b9dd87e,REPO-1,GH-1282,2025-11-06 00:54:29,certain,118,130
b4e99b985c03294917bfc0a6dcf933cde6a22e2f,REPO-14,GH-2020,2025-12-25 18:59:55,animal,202,4
10a589d36bf9dc87bb1044cbf033a5a22066e3e7,REPO-15,GH-3589,2025-12-15 13:26:41,nor,178,164
6885430af1cae00bb9acb92dfb38f985710dff63,REPO-9,GH-8007,2026-07-10 19:28:46,responsibility,109,151
56ff9ed804a09dba0b7cef4847b6634fa6670ca9,REPO-19,GH-2697,2026-04-28 00:06:36,central,66,92
4b415e9a9ceca383d1facd34926b6090a1c41617,REPO-14,GH-3165,2025-12-21 16:27:29,discover,229,172
686f60bd45cd7e0ea77753f077589f9e01b9e379,REPO-5,GH-1821,2026-02-17 23:54:33,establish,267,134
de5517a0eed0a1ee4f73fa3b9d948a1994e06e1a,REPO-1,GH-6421,2025-10-01 12:07:00,issue,98,135
c48d4faaa3441be827727dab6fe7b0f1fea5014d,REPO-12,GH-9507,2025-11-12 16:09:08,question,251,138
eaf7507c135ea90727f94340f4fd34ff04fa7482,REPO-9,GH-6549,2026-05-13 13:28:45,walk,353,160
8bff603b994f72e7912e1bd2cecf98f701e04d93,REPO-16,GH-3142,2025-12-17 03:53:36,wind,229,192
688587ecc06b363f25aa3f66d2ccaada61bd384e,REPO-12,GH-6129,2025-12-27 21:22:40,better,370,62
d69a8731ec8db4b749cadf248b651ade29640ced,REPO-1,GH-2684,2026-08-05 18:06:16,main,479,81
1a95a47cce4373a136c77777ba1e6d53ecb7027d,REPO-2,GH-6608,2026-05-17 07:51:51,professional,341,180
c14a730c350dc4548d709c25ced22203b26ffc55,REPO-14,GH-8218,2026-07-19 11:17:14,maybe,341,17
100e31c9e800daea43f7cb3192ac51a66d45c4d3,REPO-13,GH-2063,2026-06-21 12:59:59,main,448,57
45ab741f8669492e10f4bed1efe2e6b30dd3718a,REPO-10,GH-3589,2025-11-30 19:59:23,safe,361,16
c3d296f2fd7b28e33e715d6d1066c6d8283048a8,REPO-17,GH-8699,2026-07-06 22:43:53,thousand,89,58
42daa31b2d4235cff5b041abc95474ec95474608,REPO-8,GH-8894,2026-04-05 02:01:00,direction,250,146
7451defd7c9889d22ef7c2c38aa1bda59fe845ad,REPO-12,GH-2996,2026-08-01 23:45:16,give,469,200
07a4584f031b4c126ca2c5e2203a96dfea90593a,REPO-2,GH-7553,2025-11-04 20:01:29,pass,322,161
381bdd21f2730639e1b34107d2177a79509339c5,REPO-4,GH-4814,2025-12-25 00:35:18,fall,368,165
1fdda5f278f119a1a4fefdfaa363501426d9ca89,REPO-0,GH-4872,2025-09-26 23:57:04,happy,92,129
c5bab3c4750d285fd2e0415866cb6a8369c990a6,REPO-5,GH-2070,2026-02-12 13:37:52,only,251,82
25a359e03c7228d2c277b2d3e6640a094ba4dc83,REPO-1,GH-8972,2026-06-24 05:42:25,single,228,25
62fed8ab7493576f6639f6fae385df148f03198e,REPO-0,GH-5012,2025-11-03 19:57:19,owner,324,90
15151fac4072902dd59edc5ff143cc05c2d596ec,REPO-5,GH-3531,2025-10-05 06:11:16,main,461,164
4d595b93228310a7a8abd6e7913cf347383a802a,REPO-18,GH-5891,2025-12-10 17:43:52,close,361,168
329bb0ec98e0ccb2a470913a43057b91a7216ac8,REPO-9,GH-8378,2025-12-26 22:10:11,significant,437,11
463068cd36bb74a0d0e05aecd1880823ebb7812a,REPO-14,GH-6442,2025-12-05 15:08:09,determine,33,46
bf9ff527e3b5551c6dbd6e2f019865202f9b31d4,REPO-13,GH-8673,2025-12-12 17:16:01,magazine,230,174
b08b81c8a91059e00d488c5408d3f8dc7f53e2f0,REPO-14,GH-9270,2025-10-20 18:12:40,draw,370,33
8ffcd9378083c31c78c74b8edaea0b9ff2758c52,REPO-10,GH-7132,2026-05-25 05:17:09,main,166,12
4bc6eab76fb1b1a0efd3c5bf6693f3529900158e,REPO-2,GH-3615,2025-11-11 17:46:16,shake,332,151
ac162491f666ff2c9c46c09413a5a900e9109aab,REPO-2,GH-4571,2025-12-15 06:01:40,something,468,122
40403d09f0dce009ed6f7dcd1ba422e5da7afca6,REPO-5,GH-8849,2026-09-03 18:49:49,they,490,105
d163afd470b9138a59cc26dae1cf7cb030e7fd0e,REPO-18,GH-6179,2026-06-20 16:09:00,rise,432,67
6d7f7aae933ee2d3e31a3b7bff39651220e038fe,REPO-8,GH-4626,2025-10-21 12:47:08,cold,433,191
c2feacb898c7942f0524f9599dcee9b7fe03d563,REPO-3,GH-9335,2026-03-29 22:34:09,main,149,196
6f33e65f6bf15ec50018d5f4f528be2b94f551fa,REPO-12,GH-1753,2025-12-02 12:25:02,no,415,62
3054f4775e54df32dae505a34922a531081c5c0e,REPO-6,GH-3369,2025-12-03 23:05:45,main,434,146
83b2ab54d180b428bad0a3d3e67eeb9ce6a0b8ea,REPO-4,GH-3868,2026-09-08 17:31:12,become,273,114
0c37228403f0dbdc2b4474c47d1c36fd413138c8,REPO-0,GH-4626,2026-07-20 19:58:24,main,389,23
558f216e6c47b5792bc6814b60ff4e9c74d8ce6c,REPO-7,GH-9452,2025-10-25 09:28:48,boy,416,118
8aa0f4b1de465d8b16e7d87ca93f37e8d3767ca4,REPO-2,GH-5844,2026-03-14 18:01:22,tax,46,66
1af6c0a70659941df0550014ca5690f6cb62a7d5,REPO-12,GH-1311,2025-11-30 12:04:50,main,55,197
25da77f70714adadbe3252797873a3b117de4c28,REPO-9,GH-2874,2026-04-17 00:16:38,usually,445,195
2bba9fee67160ebccf765b13d16c89a4ae9ba992,REPO-10,GH-4946,2026-06-16 22:30:13,wear,429,86
49c93a48b8c5e0f6b8278e5b4c9e625b74f1afe7,REPO-12,GH-5543,2026-05-14 17:58:11,main,32,166
ca283ba566b794c4480d0d0d8aa1feb5f1064850,REPO-12,GH-7049,2026-09-18 03:25:47,girl,61,13
2b5bf7ada4a8f43f4a665273ed21b7015b1645a3,REPO-2,GH-3236,2026-09-06 04:49:19,them,229,130
c0d6dc5cb95a8e268e85fe84f56bba5b4707749c,REPO-1,GH-9700,2026-05-15 18:04:45,our,466,128
d5ee5115d65b33861f5271b4da87e65494993557,REPO-6,GH-5678,2025-12-19 16:30:25,large,392,192
63f1806e65e30f5427dc228268c565be8b48997a,REPO-15,GH-3580,2025-12-02 19:29:59,study,344,161
e98d34e6391720075308d1af0321b715f4cc9098,REPO-13,GH-1601,2026-03-18 19:29:32,main,248,160
675fd6058a0ea5d4e2603e65610da56b5344409f,REPO-12,GH-8916,2026-01-06 00:35:32,with,357,15
ffeb754b2f80c57c378fd1271eb82c50e4b5ac8d,REPO-9,GH-7580,2026-07-08 19:00:10,thing,366,197
7604c6c0de1be20d533ee0dde3f49f0486840468,REPO-2,GH-7691,2025-10-04 17:45:26,find,472,154
0c7e511178f8801aee812e5eb3c82d03459e7f72,REPO-19,GH-1241,2026-02-19 19:14:32,make,361,140
e4a2f0a7fbed580811d0ff506db82f47a0415475,REPO-15,GH-3615,2025-11-01 07:29:50,business,66,146
cbe507005f4c996c93e4c5e5a939ef1b6169a824,REPO-3,GH-9270,2026-08-02 07:57:07,main,201,130
728d6105a450aa1c1a948e8da70d047d47e6f3bf,REPO-5,GH-4946,2026-09-11 19:26:17,since,389,139
095289001c6d522cb61970a5e4f686cf0f24e640,REPO-2,GH-6772,2026-06-25 22:04:14,tough,312,17
95c92aae54fe63c4afecc10c86d7a81e10a61b71,REPO-2,GH-8126,2025-11-09 21:51:30,indicate,408,105
153dc9c77b4d820c6c34e5326f258f91c0847b8b,REPO-5,GH-1406,2026-09-15 02:40:58,seem,189,92
12482029aec31bd5ec77633577c8891e06148436,REPO-0,GH-5450,2026-07-10 10:07:47,main,224,49
c392ce0dc48eede626351ee640afa1b58ec825bd,REPO-4,GH-4694,2025-10-17 11:30:44,nothing,399,182
a8b8d8e65bf1158e8a7533f7b289347cd6d09f69,REPO-7,GH-7293,2026-09-02 02:07:27,card,487,36
3b3e06728fb9b263f1f2d2df5f942d83ad338e68,REPO-11,GH-3339,2025-12-29 08:32:54,main,180,153
d6cb9585806c6b49e86249e2d14163cc215fe963,REPO-9,GH-6140,2026-04-12 09:51:56,of,137,105
087e678b556c5b386850fa49ccc067db7f98f9bb,REPO-11,GH-2213,2026-09-05 10:29:11,nothing,351,38
59d57f947f75910d0e9ac4bc9932a36235f37f87,REPO-1,GH-2874,2026-04-29 10:40:58,network,479,138
d4e74d4f15e131951cea592de39e90461d39b0a5,REPO-12,GH-4515,2026-04-23 17:34:04,every,480,89
010f256982118af0c964cb60163ae3b83a1c53ab,REPO-0,GH-2070,2026-02-02 22:15:23,their,56,0
adc08589fbb83c10dea2809e26cddcab7f093952,REPO-8,GH-1333,2025-12-05 05:03:19,military,41,150
44494645f81e4be76a10a01a9a3ed479f357ddcd,REPO-17,GH-5333,2026-08-23 03:56:35,challenge,281,109
5ae6cdb2d578b8192ca1160ed5a769fac34678f9,REPO-12,GH-3589,2026-08-04 18:22:35,say,199,195
09f09c5eb592843f6c8ebccbfa29c72ca7af06f5,REPO-7,GH-7865,2026-06-01 01:21:33,choose,228,113
cad3b7075db17e27a3ac8f44ce596e9b240577f2,REPO-18,GH-7717,2026-05-27 15:00:59,main,102,122
19589b05ed517c7d79cc34f136df7c7e06d31744,REPO-5,GH-9850,2026-03-09 21:33:04,office,474,19
5c6339935c8c1229221ac651654b47b096312562,REPO-5,GH-9540,2025-10-28 02:12:05,fund,106,140
a14f108c2ba093ff6a8585c02e9507608ab6bac4,REPO-3,GH-2215,2026-03-24 22:58:38,fact,164,162
4126f5e2b362a27580bea1cff8ea5ab8fa3f6ae4,REPO-15,GH-3200,2026-08-21 23:48:09,alone,14,159
5145953f1ce6ad294f765ad41e0c4cdf24ec014b,REPO-18,GH-3950,2026-07-21 05:52:15,agreement,39,69
4a529fd713e30ad4ac890004cfdfdeff0634d563,REPO-18,GH-5583,2026-07-25 01:26:40,agent,500,104
8f9c2917bb86759511bb9d55035c24a18323b9f7,REPO-18,GH-8770,2026-08-28 01:45:49,allow,480,81
c0e203ce11b41c15eb0cd7e33f4fc62a86dc6365,REPO-9,GH-2622,2025-10-29 10:36:31,main,119,99
80fd44e3d2447c4aac3127399d1b3cafc2fe866e,REPO-6,GH-5634,2026-07-18 04:02:32,public,271,134
0fb9a624b576c2781d60df23314437244431e874,REPO-14,GH-4944,2026-05-12 11:30:53,rise,383,152
a6405bf009cc0e945a49e8659a6e1a498a4f321b,REPO-7,GH-5033,2025-12-09 21:56:49,support,314,137
5ee5840f4851edac8dd1a36abbb223d4ea80f52d,REPO-8,GH-4249,2025-11-04 02:56:25,main,371,153
e24eef936dcae2f72af598c3d9dcd360a96273f5,REPO-8,GH-2911,2026-09-09 06:30:44,hot,143,60
16f6aebe064b6b1f1a57a2e3fee555300b2cff28,REPO-5,GH-1514,2025-10-19 04:40:16,smile,260,70
d27c38e14236b51a948be80e3d2c8d949a22222c,REPO-19,GH-5562,2026-05-19 20:53:22,main,388,144
d9df54845d0e078e001bdcc813a287fd2db29300,REPO-17,GH-6325,2025-11-24 03:05:30,main,65,187
052becf707acd4fe2487734887e2c948c3bbf5cf,REPO-19,GH-3266,2026-01-26 11:00:10,building,15,15
294a84974bf076cdfab7f40869ba58d6c78c05bd,REPO-0,GH-2070,2026-08-01 14:07:43,race,379,29
c5e6286a04fce1ac557ad0318225a2504e6560c2,REPO-12,GH-1878,2026-01-17 12:47:34,every,146,8
6e7265e9a8b6a4bff7dd824028c51adff16c1737,REPO-18,GH-9727,2025-11-27 19:37:50,tax,142,77
59a0b52514e6367202ba40c02bd619bd0ab30a49,REPO-6,GH-2381,2025-11-23 10:01:10,part,481,14
6cec77c5386445a03fb4df672680b76b5c9fcf67,REPO-6,GH-8793,2026-04-24 16:22:28,military,314,120
9b66e430680ba789597a9b8ee3af4f2af3ff7f49,REPO-18,GH-1311,2026-04-17 18:32:54,ball,293,101
86765d54eaeab39556f29304bb0d7b973882af9b,REPO-3,GH-8354,2025-11-24 10:34:01,source,1,134
9b7ce32c79ffcd0744abd0f05bb28423d675d205,REPO-15,GH-3114,2026-01-17 04:32:52,story,325,120
506631615f1ac826ca652b4dbe32ae17ea89529d,REPO-6,GH-4696,2025-10-13 10:50:22,main,218,63
557e24f37533297985a2d549c87f1b234579cb52,REPO-15,GH-7807,2026-03-28 01:18:40,learn,329,131
93f817b246535e8a0d59b7f00e75bdb7d0ae1465,REPO-18,GH-3417,2026-03-27 10:45:21,place,256,128
891df4cc2de29768d7dbb57149d797c9aea1d6df,REPO-9,GH-9817,2025-10-15 22:25:46,main,339,11
2e5b10a66c9d6c316a185b587c106fa773cac354,REPO-4,GH-8404,2026-01-06 10:26:26,huge,484,156
524083d5f54cd1e5a7a31971794a81c16bf37ee3,REPO-14,GH-8199,2026-02-08 02:00:02,behavior,94,176
09afbc42a251f50c0c12c070b4dc3e6e42a1a1e7,REPO-5,GH-5728,2026-02-14 08:11:58,face,122,4
598449b85d35699e694d441511fcaca9a1f23807,REPO-9,GH-1311,2026-04-20 19:22:17,huge,180,108
af158b88b98e04994cbdb97d08310edbe8014462,REPO-2,GH-5465,2026-05-03 14:38:22,itself,105,149
0bf4766694c72f1f6575d9d08eada6d321e5ee7e,REPO-18,GH-8933,2025-11-23 22:24:39,main,284,117
78ae63545e593af840d4b34c03f51fc9155f27ed,REPO-15,GH-2625,2026-04-13 16:18:45,fund,392,51
fa50181fbd16bbd8d5395bd1c77c81838f7eed9a,REPO-10,GH-3463,2026-02-17 11:41:34,history,73,111
331d39bac5fba1dba6017ec5a3e34963f864a225,REPO-0,GH-8172,2026-01-25 09:40:21,still,98,11
f88a2aad0d671fbaffe904969263f4e03db05449,REPO-13,GH-4770,2026-05-08 23:29:08,analysis,400,32
cdd39f2fdb353a4fa1bbcd248ec821713361d6d4,REPO-14,GH-9938,2026-04-29 13:09:44,process,477,46
79aa1642d0bfd20acda6e510ea7ed9434d7889d9,REPO-16,GH-2229,2026-03-28 09:39:06,despite,292,142
86769d733b39c7f3130fae82cd0b7bff92925f1b,REPO-9,GH-8749,2025-12-29 07:40:52,total,53,122
1558340503ca0cb3a3248e32395420123aaf2873,REPO-13,GH-1266,2026-05-23 11:55:34,prepare,19,135
f30eaaf0e151fba4a821c23ba918603ae7bcc3dd,REPO-6,GH-6155,2026-02-11 20:38:36,adult,134,174
2d0feeb0b5d22f0173a1730974f1b7656c5599f4,REPO-16,GH-6718,2026-07-23 22:03:45,provide,83,50
7c6c836e00399007a2dc48bbfaf5c73bf822571d,REPO-12,GH-8606,2026-08-25 11:02:26,crime,479,89
3df0e855b531685b725d9c6ac43d0bb3ad4bd674,REPO-10,GH-9464,2025-11-14 19:18:56,executive,2,81
df6965dd07499a1cd51cedc8fb76555e41f39805,REPO-4,GH-3870,2026-08-04 10:12:30,main,151,10
3c4e33d86d719f58dfce34da4382dd6dfc1d8eb8,REPO-17,GH-7081,2025-11-13 12:02:00,entire,258,140
7a989bf9cfa4bc6e21e5c4f31b91739111fd245a,REPO-17,GH-2070,2026-08-17 04:54:02,main,271,114
818ed507a6a36b3e0fd5593cecc15e2826ae63ec,REPO-10,GH-2622,2026-09-07 16:23:49,newspaper,388,92
9161ff2fd7b10ead4bccf0a3da39dceafa2866bb,REPO-4,GH-6576,2026-07-10 18:27:43,main,9,73
e74a23befa5002929c8a3ecb1f7b50a379c1eb36,REPO-1,GH-6231,2026-05-27 21:53:55,tough,487,195
487bc4e83555746f3d69e301acac04d8cfbc3cee,REPO-7,GH-5272,2026-06-03 23:31:32,matter,8,133
4f5b0d235d7a0202dfffb8848bd2ec4ba9ed84de,REPO-12,GH-5901,2026-04-08 12:57:00,energy,332,72
ef9912cbf7eb883060137aac39760099ab84e4b3,REPO-8,GH-8916,2026-04-15 05:24:57,serious,183,11
fe3fa107f407b5be51aa7ad2850d91ae65a680ea,REPO-9,GH-8699,2026-07-20 14:42:34,raise,18,164
8e4761277d315d49adbbc003c986517e09beb71d,REPO-12,GH-3252,2025-10-21 21:09:18,main,319,174
04a5bb6aeedbc02b7a6199091d7d0b490e186e00,REPO-12,GH-9751,2025-12-30 00:48:22,attorney,158,159
06e95cbb42c55c18a947c8c59c984adcbe189f14,REPO-13,GH-3267,2025-11-20 21:58:11,present,357,166
8b2aa57d3c3770747e2f96706a0a19be83c63c19,REPO-12,GH-8251,2026-06-17 05:35:58,conference,207,74
561b0b9b6e537e6602b966224a5a6aa06aae7fd9,REPO-5,GH-4033,2026-04-17 13:54:01,relationship,395,130
feaf70a3e3198c42b69d119d79ec9640bb85fd07,REPO-7,GH-4613,2026-06-12 23:46:47,involve,401,195
bfbd5cd494247411fce46db0aa3edb0ca776a7de,REPO-19,GH-3253,2026-01-20 12:47:40,main,209,102
d4bc6a0304deffb3415411386ab93db6b3012ef4,REPO-1,GH-3683,2025-12-30 05:21:51,something,303,181
3aa791502112ec258d480ce82ba0b0f86cda4a29,REPO-17,GH-3616,2026-07-02 09:55:36,seven,254,161
aa4f4c6efaa8a89980c191bab82f2e140c85c546,REPO-10,GH-5861,2026-07-05 14:42:18,lawyer,352,147
9f62c0401bf10ced90fd331905f1ba03accfe9c0,REPO-14,GH-8123,2025-12-19 00:32:18,star,258,114
713157307058adac6683c0c72a97965b568d4b06,REPO-15,GH-8761,2026-01-02 18:29:48,TV,303,128
50d3a22da2e102a4666df7678f28dbf211cc39aa,REPO-7,GH-4396,2025-10-12 19:10:18,film,151,97
73f02249a6a5f25fd9c258ea38eef75eaf312993,REPO-1,GH-7396,2026-05-30 06:19:30,hear,167,66
8a3999cd755e8db10ae030eed86b42b75ef45540,REPO-3,GH-1406,2026-07-15 08:19:21,main,113,107
4d2008ea915310d6ff87ec94d25d27bf6af964fc,REPO-14,GH-7246,2026-01-17 19:47:03,and,232,101
b8e4cd483aa0ac66c3c01904160f4fdc53866fcd,REPO-5,GH-8933,2025-12-08 10:13:17,drop,454,149
cd751c5a0f0b6027cd47556a70412764e42d6a37,REPO-15,GH-3142,2026-07-04 00:26:57,grow,300,79
0a76d983f4c11c4cf19d78c28cfbbe107a84d161,REPO-11,GH-9830,2026-04-26 00:35:07,finally,324,144
6a5727176103083416428e334ff54a916420ddce,REPO-7,GH-2680,2025-12-10 09:35:53,which,389,86
7fdc9ae03baf69d67c3d7e6828745f196d738f05,REPO-2,GH-4978,2026-07-07 04:09:12,main,395,64
3389d275a3ead56741e6ad92342c68909d886aa8,REPO-13,GH-3573,2025-10-29 19:40:42,foot,136,67
b415e79a655a9713d8ce3fc6ed66d5d98566df83,REPO-11,GH-2402,2026-03-05 15:40:08,travel,379,162
e5bfc23f9a8865a0cc0a5a9f14caad2fbe399548,REPO-13,GH-5264,2026-01-17 19:40:50,teacher,373,94
599840055bc2d9edd9bcdc74e4db28b96c3dad7a,REPO-18,GH-7850,2026-04-20 22:21:05,main,428,56
d0cbe63fa18fe297b8bc31ec731bd555492a3ad5,REPO-16,GH-2622,2026-09-18 11:56:41,main,70,5
c67441f7eb7e3b34bc6bc3b11b3a4b2489c7f33c,REPO-19,GH-9318,2025-12-23 16:18:45,main,377,42
e9badee35a57e8bc44fc1d6edf650ed69e81ee57,REPO-5,GH-5582,2026-02-17 00:33:33,save,214,0
7a69ba9515be03b656cd7c451fb4fb15fd48f1e6,REPO-9,GH-5901,2026-04-09 12:27:45,then,391,69
665ffe2d039189e1f00738a3d3466a1681303482,REPO-5,GH-9955,2026-01-11 22:18:31,center,98,90
0c25c395e72977f3ba47d2633395f1788dc321eb,REPO-4,GH-7232,2026-03-26 19:33:45,same,198,22
4eb599b20e646c4880c38c711a016a1143429cdf,REPO-2,GH-5082,2025-10-20 20:35:13,grow,481,31
5c0dcbd4413102fbdd12fa5ff69caaf9eef377a7,REPO-4,GH-4920,2025-10-11 12:59:33,main,186,197
38868a39756a3c19321dffcccba116a259170d78,REPO-15,GH-5334,2026-06-02 03:45:16,tonight,206,138
f1ee07084403fedd8578eebbc7a2f927582b86ba,REPO-16,GH-6139,2026-01-18 02:54:31,whom,225,40
4b5d2d92a3a364408218d4a1c49e30b7072f6167,REPO-4,GH-7798,2025-12-19 21:35:42,southern,158,8
68ee9a367e8a6b534bbb21945d094af590c120bc,REPO-16,GH-1958,2026-08-12 22:44:24,them,128,38
4f17de0921e909cef3df031a2113d3d0dc87a464,REPO-5,GH-3240,2026-04-19 07:44:29,forward,80,104
dc493335751ea0e78619adb632844937c6fdbc9f,REPO-14,GH-6776,2026-09-05 01:43:04,indicate,150,111
ba095cc6a9a507c1c005d1b9ef6d235c1fca1d66,REPO-12,GH-7730,2026-07-06 20:44:27,main,328,180
472db69b464d68faa5b2c6279cedf4ff32b16e65,REPO-9,GH-7560,2025-11-20 21:10:43,believe,500,147
9d954ca27627695a963a3146cd529208d498a96b,REPO-19,GH-3827,2025-11-02 16:35:13,look,38,51
48ab379fe9a7f16eb5828a24b70dcf2cf73cd3ab,REPO-11,GH-3712,2026-04-19 07:43:52,main,81,186
1c81afd776d701bfe794311c8ac788d1a99f0927,REPO-19,GH-8793,2026-09-03 04:11:54,off,352,84
8d0f417c98c2852161e91902fa3dc6e6da06570d,REPO-13,GH-SHARED-52,2025-10-15 17:33:23,decide,257,53
a093cea7b8b6cad5ee0abe615198b1a1dece7397,REPO-6,GH-3252,2025-12-29 14:15:57,program,231,152
33a521d95c910d945496839906750b671624ccd4,REPO-7,GH-4155,2026-06-17 13:48:03,direction,107,141
57318f73ee0baa50ce1419897edd36ed794979ae,REPO-10,GH-5061,2025-11-18 06:38:42,main,482,186
e4a103c69ccff73c077b8b40073d3bc014dde8ef,REPO-0,GH-1958,2026-01-30 09:51:05,among,144,138
1d50f68a65d2cda763cf79104da33259e303088f,REPO-1,GH-9824,2026-09-04 15:29:19,already,306,56
2bfdcb638f65f5498f4054d46d16086fdaccae1c,REPO-7,GH-2864,2026-07-04 21:17:48,because,466,24
c9d95ef425eab13bf4bfd4999de8e6f1b1ad8204,REPO-7,GH-3683,2026-09-18 12:40:50,main,441,81
2c8b5f5f7f3f4373dbdca6e93b2c63d317ffc461,REPO-13,GH-6514,2026-07-19 15:24:54,son,434,46
26f471e142f787d4a38301607740bfa4c5c5f590,REPO-12,GH-5415,2026-02-01 03:03:25,beyond,204,9
dd5964ca75a17f4c56106fe7a46b7b2b0826df38,REPO-17,GH-4891,2026-03-25 06:33:48,toward,75,86
2408fb7aa279cd01ad87ab58d20bf853db42483d,REPO-17,GH-3209,2026-03-04 02:26:27,service,491,109
7850a0ee8e07d5438b538c0e33d402c37edf0c39,REPO-13,GH-3584,2026-08-28 12:17:48,across,272,74
14b15dbcc9697b165f425682335bfbb101258354,REPO-10,GH-8247,2025-10-01 02:33:17,detail,315,148
1036c3db092f13529b6deb7ca593dd23bb1d9b27,REPO-0,GH-9022,2026-08-11 13:17:27,talk,315,134
046cd93ea248d2ed6a15ceb605107ebc0cb743dd,REPO-18,GH-8199,2025-10-08 09:05:47,good,182,47
d3181c3035646966c1adae65400ad3d73c074def,REPO-11,GH-9797,2026-07-26 08:28:15,main,110,107
5eba85ef0ec625ae8db18e3aa20c7f230290b15f,REPO-7,GH-7086,2026-04-28 11:02:15,main,28,134
f6b93744eb9f7a4e4c0bdbcdd0ab128365d3fcb7,REPO-18,GH-2139,2026-05-16 21:21:41,add,6,154
bd6a7348daa2914d08183bf258fdb9ceea6e2e8b,REPO-12,GH-4228,2025-12-30 20:55:34,goal,21,123
af52b91080e8ffdb1eee5398a8b8312591cdefa8,REPO-5,GH-2680,2026-03-29 08:59:19,main,253,73
d56eb03980e4606c9e33858f7920a4e000909c15,REPO-16,GH-6372,2026-04-08 02:44:19,federal,272,157
83af4c2e904fa8b1a59cb434795141561d627727,REPO-7,GH-1452,2026-08-12 14:22:57,call,273,30
48bfe7fba12f89bbf81b567f3ed87226ec2c7553,REPO-6,GH-9379,2026-07-05 10:30:08,whom,233,171
d23cbea7decb820593227cdb2fb96a0daacb13e5,REPO-18,GH-1311,2025-09-28 03:44:16,main,128,140
d7711c04f3c5e6c97349488df3684ea0a394af88,REPO-2,GH-4898,2026-06-18 02:16:12,hold,404,79
19f0cf9f1923f826ac64a41238d869cfd43bf74f,REPO-8,GH-3153,2026-05-21 18:17:54,center,30,121
4fdb77fff7d815af5a06f1eb39fa6db919fc110c,REPO-19,GH-1436,2026-09-06 00:07:19,foreign,245,89
99ffbe49c49e08749af4d86316a530378c3bd6fd,REPO-11,GH-3655,2026-05-19 09:53:49,candidate,426,86
f85cabab2f6ba7dfa5c6a869ce6585b48c1b1db4,REPO-15,GH-5757,2026-08-31 03:55:02,sport,17,157
aed192872f4e7e1d285175d7b079cd264996a086,REPO-3,GH-3253,2026-05-08 06:44:11,main,407,58
473ab1b3c74cf019ffc5fb738aef89d814d08a00,REPO-6,GH-8612,2026-04-24 09:04:00,during,413,193
d854240354c73ce606f1a50dde128c116278a937,REPO-13,GH-8538,2026-02-28 03:24:48,gun,10,29
cec13963b8ed469c84aa77ab1edf2a8f4cd985a6,REPO-9,GH-6439,2026-08-18 10:25:09,chair,454,158
94c2daab173504531a7f57a89c85dd07a93aab3d,REPO-13,GH-9346,2026-07-17 18:22:25,main,415,98
69d320ad6be85e1623deb6ab5fb085207933ecde,REPO-18,GH-5082,2025-12-11 13:52:33,several,199,190
834441f9576447b8e6f4b2bbc62ebb0804c27bce,REPO-12,GH-6272,2025-11-27 04:45:06,main,117,59
706bcbdc7af6be5e7ea344f0da20c6eb67064706,REPO-3,GH-7658,2026-05-20 12:42:42,choose,282,39
4223120f9188eeafdcdd5a94b49cd85029a7d0cd,REPO-0,GH-4946,2025-10-25 12:10:09,face,354,114
529e3fea9d1f2e1654854b66f55bd47ac90b705a,REPO-18,GH-1282,2026-02-04 03:17:39,ball,472,189
2d16c527e614b50b7e329c2bad123bc090c809a9,REPO-10,GH-9476,2025-11-01 18:40:55,although,341,163
b6e97c7f8d75f89dc18d7af7d4c42aa166f2b05b,REPO-0,GH-1434,2026-06-24 00:50:32,main,388,85
7e134c6ed25e67dee0b3c23258856ddcacbe08bf,REPO-14,GH-7850,2026-07-07 17:57:24,main,327,91
71de92806ef010a06f9eb52e4f61edc4e50dc485,REPO-13,GH-2052,2026-04-16 18:51:22,yeah,189,22
aefe6678e9c9aaceadf1a195f63a7af2b35f2b0c,REPO-13,GH-7624,2026-07-14 02:59:03,hit,136,28
178d3cf747243a8f9be86acab26914ad3d3ffbc7,REPO-0,GH-2684,2026-05-29 19:33:56,structure,413,134
87af608656464560dfa8c6555eab30596dbc842d,REPO-13,GH-8253,2026-02-05 00:44:13,would,12,43
60c094e4ca48fef74f3a13e1202b877609c5c164,REPO-5,GH-3780,2026-02-27 13:22:49,street,229,112
5afc1cd78b50d5b2364f9a5f4ea388c7b3bf1d71,REPO-2,GH-6493,2026-07-12 19:24:15,rule,23,94
b89db26f6f7e22727cdabac7ba00541f89c7d0a8,REPO-15,GH-5632,2025-11-03 05:44:00,career,66,182
c7f8bbb27eb7515134d8db82e1932ed50b1fecf2,REPO-19,GH-5655,2026-03-11 14:30:08,main,253,177
0f8e2647ab533af9e541629e560e423ce036d0c7,REPO-16,GH-6381,2025-10-03 22:34:00,yet,433,134
b5d46e23ebf90545e3fbe2dac7eac65f9337dd9e,REPO-7,GH-7570,2025-12-10 21:24:11,around,55,81
813ba8e28b53185d9de558a370a29618dccd2b21,REPO-8,GH-9565,2026-04-17 00:13:40,herself,360,128
da0627eb278616bddd170acb54e5ed5b63ac7ed8,REPO-11,GH-4052,2026-02-25 15:38:43,political,214,112
8723248d80bbda5b017d4ff2bdcb07c8a18eb057,REPO-6,GH-5837,2025-10-31 06:50:39,source,380,120
76975a325093c6c39d625dcd83eaccd7ac494455,REPO-19,GH-2213,2025-10-07 13:15:20,reveal,484,81
6182cd8bd05613423a57e63dd6d8927f944f1466,REPO-0,GH-9375,2026-03-22 21:51:11,yard,458,31
72ce51bad6c5e68baaab2541a45f3fb47c7deef1,REPO-3,GH-9486,2026-07-13 08:29:31,continue,19,29
edff61820b871fbbf5d778ed173071819970d64b,REPO-4,GH-3240,2026-07-22 01:35:09,water,114,23
ba5933a45417db9e417c294f581042f48469aa9c,REPO-5,GH-1916,2026-02-06 05:05:11,main,494,81
8705fd1a9be05094c59fb8fa9b5a0ab5342f3748,REPO-12,GH-9056,2026-08-10 09:47:01,main,217,66
5f12cb1191a67620ca615c6e6ddf7de4eeab293b,REPO-2,GH-2965,2026-04-28 16:10:22,owner,397,166
b15766afa8f9791a63580f446972eedb76199576,REPO-1,GH-4060,2025-11-08 04:55:46,main,225,141
003444538f7ffe35ea5ef28b3790595cabf9375a,REPO-13,GH-5450,2026-08-22 01:43:16,source,139,195
a7721443d854cbca33b668b9142afb28ed606b48,REPO-15,GH-6582,2026-05-02 23:26:27,main,338,101
e1a4b8ff0ba87393b7fe07a482a8d64bb9e70464,REPO-7,GH-3481,2025-11-21 08:10:27,network,218,75
0539d6a6493b8f640ef50c187ea2e64ffc139bb8,REPO-2,GH-1829,2026-08-15 20:12:57,so,472,130
0a0b637f9f02a85816fbd511fc65bb5040ff9e10,REPO-1,GH-4788,2025-10-12 15:05:54,fly,487,152
fff9e1ebe875d24b991529264e3ef3e7ad909b93,REPO-4,GH-1475,2026-09-10 01:46:14,student,353,108
4513ad5a6e9ef06b10c8e2e2023fa30f4c0b5612,REPO-4,GH-2290,2026-04-19 22:37:47,main,254,73
4792db65c92e00f8e1fb0bc6de0b1d82741720a0,REPO-10,GH-1006,2026-07-26 23:28:46,fire,120,25
42f46a375bb935f50be5f1c1803bff333ab6afb7,REPO-1,GH-5336,2025-12-28 04:03:10,region,421,73
472c3acae1b034d835a46f8bf5364849b6ce85fe,REPO-6,GH-5951,2026-09-16 10:17:31,main,476,167
12f8e0703e92606a5355e490b22ffa0ab1e1f845,REPO-7,GH-4918,2026-09-09 01:12:17,involve,329,108
d1410d564213134793f2c969d5e20df102f22eeb,REPO-0,GH-4362,2025-10-14 20:57:36,quite,435,175
c5fffedbc3a937cc6ff10339fd7593d15164c779,REPO-15,GH-1982,2026-02-19 07:50:18,capital,428,175
c7ade120cb49283f0a025bd1f53de3daa60bb414,REPO-17,GH-6123,2025-10-17 16:48:45,hospital,117,3
d62db89e9d93ff29b5a16fd26cf52f885842a789,REPO-10,GH-9626,2026-03-21 07:41:10,main,143,163
ed7c30c8b3a2cbcc28bb344f4da0b3800abd65bd,REPO-9,GH-4728,2025-10-03 23:21:44,anyone,122,68
c1dc08c32e128898186b36bc9db3c80e750cc0dd,REPO-19,GH-1609,2026-04-12 00:23:28,other,341,109
5aabc6278eb2ecd7cb63db6bd48cf377dcb68807,REPO-15,GH-7293,2026-05-10 12:56:24,main,25,65
d58ce415063ebd9377eede0992573d8bba601ea3,REPO-3,GH-2768,2026-08-04 22:15:30,painting,204,142
fb0150cf9badd3492960522a99c4ad67eb3a3abb,REPO-19,GH-8700,2025-12-06 13:22:45,send,11,83
5c1ce87f1b551ece49cf9d59286f8edfcabe5ac7,REPO-15,GH-3878,2026-03-21 22:21:26,pass,35,135
a62252e6c9e9c1d956291355fd55520561c41628,REPO-4,GH-5526,2026-08-06 11:53:53,something,26,101
3d91c6f5f9c66c2193c64df21b98e86069a7139e,REPO-3,GH-2790,2026-05-17 03:27:16,price,442,68
04380dc788440097b277e84cb48da4011432a274,REPO-12,GH-4228,2026-05-28 01:28:41,probably,263,165
988fb625ce5c414fedf86e65761cb68d783b6c8d,REPO-6,GH-2612,2026-05-07 09:10:42,true,77,170
5cada03383ac97986da998cee5e90cdafb23803b,REPO-17,GH-4441,2026-07-27 02:02:48,then,451,41
500b0d1970186ca3a0025b910f319d4c200f5f38,REPO-2,GH-7211,2026-04-29 14:36:33,song,249,127
cd75ff56f2ef1d8c7e325cf940be9872ad19f9d3,REPO-0,GH-8761,2026-05-18 02:23:11,require,427,54
4922a70a56f6009ccc2160b62518887e228a670a,REPO-5,GH-1266,2026-06-17 09:06:23,too,60,66
ff3db8c244fabec395eb9287dad1b7e9b74d13d2,REPO-8,GH-3142,2026-03-23 03:11:54,nearly,335,181
374d656cb380abc61986f146cc88bd984ddff047,REPO-4,GH-7291,2026-01-19 17:47:16,step,252,59
9f9c380821064e426ef4124311dd65c208b6fb7d,REPO-9,GH-8126,2026-02-16 04:08:05,public,312,64
d96f35140178ef3d0318a7cd902318eb279a63ca,REPO-14,GH-8354,2026-05-05 20:19:26,give,247,66
216607a151221570aac64fcf2505a1fb26c5c0ef,REPO-16,GH-7807,2026-05-04 12:26:05,against,363,157
b4a60538c7e1958e0ed2c6fd1e9990b058f0f68f,REPO-10,GH-6573,2026-07-23 21:26:18,main,340,84
86dee1ccd487fcd7669a3767cb34e4ff44f5fe1e,REPO-0,GH-3399,2026-01-25 04:42:14,structure,187,91
5b01269a2e0122a600086e81490082f79ca1e28e,REPO-19,GH-4788,2026-08-25 17:21:46,continue,344,200
46f843a77a045559c6ddcbd71122b9a299cbd791,REPO-6,GH-8894,2026-09-07 19:31:00,crime,233,38
8b2d7fd19f207d828151ce6b2e0eb055bc06b05d,REPO-3,GH-5906,2026-08-18 20:52:09,main,402,18
636e0e1a39226485eb40dfe79e5e410082c7a83b,REPO-4,GH-4119,2026-08-11 04:07:35,statement,54,26
c9caa4fb21b622de7fd752b4195defb82437b5c8,REPO-1,GH-1821,2025-11-20 20:01:27,law,169,48
19f1ffd09a13aae5a7d33b625abe4455a00148df,REPO-1,GH-2146,2026-03-02 22:36:56,main,208,147
b8ba8dc7977c5e432f354eb963b98cca2bc25bcb,REPO-16,GH-1272,2025-10-18 05:36:07,scene,148,182
e8b874a65ca1d25a7f2bfd4e0051f014606f78f7,REPO-4,GH-5920,2025-10-05 21:05:39,material,88,8
3985ac9a0993fa36880cd5da41bac49ee2f8ea1f,REPO-18,GH-4033,2025-11-26 03:47:51,buy,426,26
0da1ce39cb77bd97e7d15462ac228b5316e9efc9,REPO-0,GH-4522,2026-03-23 12:19:32,main,288,112
feb8b3aa36f2e685ff381bd9c8befbfad93dc9e3,REPO-7,GH-4853,2026-09-08 05:28:10,letter,485,189
fcdaf614bd05826a9bdcaf1f26984c8eb9a07a00,REPO-0,GH-5655,2025-12-03 12:05:13,main,306,53
3fffb62efa8a8a23de2a031511cb4a62c5fa0f5b,REPO-11,GH-1821,2026-01-25 03:51:02,shake,39,114
537b787a05a0a034232f4b8c6983d15340653051,REPO-17,GH-8933,2025-12-24 13:13:40,discussion,127,138
73afc5ab0cfa071c9334cf48cad6feb38fc5a269,REPO-14,GH-1715,2026-01-31 11:33:25,play,333,112
a407f1a4c628815fc7c8f440d2bdddfa424231b1,REPO-6,GH-1803,2026-09-14 12:57:14,either,129,147
dab2b9ba7858eea6f9f84fd32fca8b45d9bdf3df,REPO-5,GH-9595,2026-09-10 21:54:58,main,161,78
764d75b19b802620c812ab08b817b533ded366cb,REPO-15,GH-1611,2025-11-19 18:12:49,main,8,82
6fd148ad21c80b9359bb3b99926fb7be00c1bd46,REPO-8,GH-1502,2026-05-02 21:24:46,think,342,31
0640a129a5e950f83ba0695a222d05f1f82fa470,REPO-16,GH-1878,2026-08-10 22:36:09,their,477,34
8edd11370465d8b0cad87f50444f4dc7ead1f1bc,REPO-17,GH-3114,2025-09-28 03:43:14,involve,175,131
42a1c9c30f7427176362774b75de3329056de77c,REPO-11,GH-4919,2026-09-06 13:09:34,change,191,109
bc5033bf9699ec57800d65bd84010e755b766a8f,REPO-1,GH-1803,2026-09-12 08:39:03,poor,196,105
9fe1fc56b0450e33c15cac50c72cf793c6e85bd7,REPO-15,GH-6310,2026-03-14 13:38:23,often,340,178
b9e5e4b4d14043263a06c525a35591521c7fbf48,REPO-7,GH-2790,2026-08-05 10:21:48,choice,404,17
c57e89febd725862e668983497a3515c8acdae49,REPO-7,GH-3803,2026-03-03 17:25:55,her,251,52
e4b598c2692ee0553cb5265116d08d5c15377071,REPO-15,GH-3001,2026-04-26 10:11:49,leader,498,119
9cad52a5f7c5bcf0285ad3e5f7dcf2ed0f5b705a,REPO-6,GH-7686,2026-06-10 15:17:35,step,334,54
1898ef22d0582af90f7245ba782f0ccf87d9c0e7,REPO-3,GH-5333,2026-04-28 19:10:45,human,71,13
554524ed9a4b0e468cbe0f9ef9b8c8cda68961f4,REPO-15,GH-3442,2026-02-07 20:05:04,main,201,46
11d9235527eeb28d199d924f7768bdd23d41878a,REPO-13,GH-5458,2025-10-25 05:40:09,direction,245,62
a9660f09667c0b289161a7a6b53f8f96cf3cabba,REPO-10,GH-6310,2025-10-02 18:16:18,table,484,84
5a0c952732f0fa24caf6cbabdf7f02ac2611a7f6,REPO-7,GH-5479,2026-03-11 09:15:45,main,482,112
52fb1d52479f0b229b3d44412a094de0988e7881,REPO-19,GH-5728,2026-08-15 12:58:14,child,417,169
ad03fc776150c74cc84c8803488a5049cc862539,REPO-10,GH-4527,2026-07-21 15:17:57,main,276,25
a989ee683936c8a43f93ff92de33a564627e6251,REPO-10,GH-9955,2026-04-20 05:06:19,great,361,114
49a9b9608e7bb99a6bd770c8ce6a05221c3f4f6b,REPO-5,GH-6155,2026-09-20 17:46:03,main,134,14
f1fa10dc3230fba7edc8c9d44052412474c7ad01,REPO-13,GH-3531,2026-01-02 19:14:53,standard,144,2
d9b9ed47ac185815d18573ef84f627e97b8d2c7a,REPO-15,GH-3616,2026-01-08 16:08:39,church,377,152
29e95d2badf5781080dfc27187d4cd10151e6c6d,REPO-8,GH-3399,2025-12-29 09:38:50,spring,156,8
6c4ff5064587711640e6adb329a0161172257111,REPO-17,GH-1053,2026-01-25 15:25:01,expert,246,4
b6b546ada800e97cedcbf6d1f57f3cdf38827082,REPO-0,GH-9797,2026-05-28 02:12:46,top,456,75
5c093bd73a69e3706880771fa8d1b3fa097c2a91,REPO-9,GH-2293,2025-10-08 09:37:02,community,435,91
1b1bf8005933a208a91cfdb229597daf8e2a944d,REPO-14,GH-8905,2026-03-31 18:15:28,ability,109,75
a2e8302d7f91ecefcab3981581a073be369f8d23,REPO-11,GH-8213,2025-09-29 11:47:38,my,459,141
8056db918c356ee351e99a0fbf9df9608d4932fd,REPO-4,GH-8690,2026-03-14 14:34:16,whatever,31,21
787363995d55ca4ff45e1c5b234a5d697e2622c9,REPO-10,GH-5264,2026-09-05 18:03:43,around,260,28
95d3073b23814e4677eba3c672177b88fac80b59,REPO-3,GH-9437,2025-11-11 07:35:25,main,181,45
299c5df510a6d1dedd26c56a478c7b508dc7935f,REPO-11,GH-6053,2026-07-20 09:07:40,defense,12,78
0f0a0ac37240fb2ea380a272b77e272d9297fa04,REPO-10,GH-6977,2025-10-26 02:39:53,data,430,18
f6ad2651801ad5c3471be350a86fbe3aa88dc4f1,REPO-8,GH-3222,2026-08-09 05:02:22,main,248,196
e4a3a25b22a91ee6913e83205653fa2487edd084,REPO-7,GH-1674,2026-08-12 19:13:33,main,359,63
867e27010fd0f93fd6b16160dcfb4e96ae009fc1,REPO-14,GH-7730,2026-08-24 19:08:03,young,84,92
a61305cfd26c5517fe3f9ff712dd486f6c97f2e0,REPO-12,GH-3697,2025-10-22 16:19:23,arrive,131,74
5b6f90ac71fa884073778ad4ae31f6ed6fe7107a,REPO-18,GH-2480,2026-05-22 15:58:08,be,390,164
caeee2d4b1fa8b53658b3bab14ca18dbbd409db0,REPO-17,GH-7812,2026-01-18 18:21:55,baby,459,197
3f18cdf767c2c876c5b23f269e5191b854efef95,REPO-2,GH-4684,2026-08-26 02:42:14,arm,124,113
ce35d0cd18a18785c2d99082ea5062a8ece04487,REPO-15,GH-2353,2026-03-21 22:37:38,cost,364,40
088cb73a89476b6d0b920a04db27e8738b757fa8,REPO-18,GH-3296,2026-08-28 01:52:55,deal,137,76
93afc4b1a40d6b8777efe956d7d6f3841772a1a8,REPO-10,GH-8531,2026-08-31 13:13:44,level,279,65
0ca000a4623147be70794cd01c5165c082eaeb1f,REPO-9,GH-7947,2026-06-03 07:38:29,charge,410,128
80f4455b045fac9a4bea7eb955939698e6f29eb5,REPO-0,GH-4178,2025-10-16 11:54:27,main,385,62
a0d63d1f00bc6c56962c161214b4fe7c0537e7ce,REPO-15,GH-5708,2025-12-21 14:23:40,main,438,146
4b4b1aa726a32e638e7da3a75dbd61d31d9d92d5,REPO-6,GH-1645,2026-01-09 20:48:00,mission,165,63
f6a36ed032b54091b49e5be4ad369a0a1490d8a1,REPO-4,GH-1423,2026-03-17 02:14:12,father,52,137
1fabbc78a548f73d55e113af7254f1255816098d,REPO-13,GH-9900,2026-02-25 17:01:37,main,293,114
4d5c4b5f3da6a2cedc01ff8facbda1d2ede934f7,REPO-13,GH-6781,2026-07-01 08:59:13,value,218,177
8fb587b61a9c4f87770ae68414e164a3e0e5a2b0,REPO-3,GH-8404,2025-11-20 05:28:04,source,187,41
795d9f069db33577160b947b5f928dce9a0d4741,REPO-8,GH-9900,2026-08-28 02:58:48,case,337,166
74a328187dfafdbd7ba5673a03953773642a6976,REPO-0,GH-6120,2026-05-16 13:06:57,after,216,192
d456e127d2e23cfc1cd33196d31a3fdd2a7bbb54,REPO-11,GH-2020,2026-04-30 16:23:22,skill,376,54
c9a8502b79044561615a41a40b46fe18884bece2,REPO-9,GH-4684,2026-08-31 18:53:35,process,229,122
ad06be146f53eb4f41a1b0a09c42fedaf7c597d0,REPO-14,GH-2020,2026-08-13 18:01:10,main,484,14
83364c3a588e0d6717a923a524edad7fa0e8bf02,REPO-11,GH-3852,2026-02-23 06:38:06,college,44,92
12545dc128c9d279dbf4fde978092b601962019c,REPO-9,GH-4571,2026-05-04 13:11:39,play,19,163
50505e37bd1ccd65ac144bd41a701821538b01f4,REPO-4,GH-1888,2025-10-22 21:39:05,everyone,323,55
d93b3267b8517d169f4432f495ab727ac17b4136,REPO-8,GH-2063,2025-10-05 18:59:29,need,183,86
5959b5a1991eb8b47b08d554d53eff5fa5063976,REPO-13,GH-6198,2026-06-15 23:06:54,audience,174,176
d66c9c9d0910b7f3f468c1455e2e01c99d9259df,REPO-5,GH-9935,2025-12-11 19:07:11,long,171,6
b2465217d0688573980854f5b93c1a590da25e68,REPO-5,GH-5295,2025-12-26 02:32:10,main,241,33
47e1cf4c6b67b56faf31082421a853f40342dbe6,REPO-16,GH-2465,2025-11-17 11:37:08,former,31,183
d968f31bdae2ed6d80a247238238aeb4465fd44c,REPO-13,GH-5582,2026-02-12 22:45:31,Congress,121,104
7d7e71e27c59884216ff8bdd5ddd2a59da6fd359,REPO-5,GH-1464,2025-12-14 15:37:38,institution,349,78
909cdff9270fecb7000f5156677da578d8e40a1a,REPO-5,GH-8355,2025-11-08 04:21:59,main,308,73
e9f85cc0485588662cff0dcaca30bc3a4ac20f35,REPO-11,GH-8668,2025-10-27 16:49:28,democratic,247,154
6b4f331eefcc3b2799b2e199cbbf6839c19e5b4d,REPO-15,GH-4920,2026-08-22 21:25:23,whatever,349,134
e98b91885210ed90f02a2f5e8da333eae6060fc6,REPO-8,GH-7018,2025-11-29 18:13:09,bar,148,144
f16415e369112abe658e166b770143533a3461d5,REPO-13,GH-6928,2026-05-19 02:46:25,hundred,438,175
ce642bf3ce247c7aa32aed48be933f002a7c26f5,REPO-5,GH-3330,2025-11-09 16:46:48,knowledge,177,9
046d1921a9329c6b2c6dc943a5b0d1cfbfa07ed2,REPO-19,GH-7118,2025-12-28 09:09:15,relationship,314,121
af73e5f286fa5e87c9424cfc1cd9e3e6711dd219,REPO-1,GH-1609,2026-01-28 08:47:07,mission,11,134
66397e7d9dfc7335ace83bc337c2844ef357fa67,REPO-6,GH-7044,2026-04-27 01:13:31,main,158,188
960ad90d164c079641e59e18d20f8ccd28eac5ac,REPO-5,GH-5911,2026-02-07 22:23:39,main,294,183
06cdd4aadb7fe88681467208330561b77ea77dd0,REPO-8,GH-7171,2025-12-09 21:37:21,bad,283,0
d35f029132ae8d4a8d698f0ac6bec4355dd01fcc,REPO-12,GH-9647,2026-09-08 03:32:25,fine,181,156
aff1b3594c5b8c49b576569ea46db4733105c5ec,REPO-9,GH-2612,2026-01-24 05:26:54,main,21,63
394152bf2fe8df47d92173c0ed2f81f0327fada2,REPO-3,GH-8900,2025-10-16 01:30:55,concern,237,153
a91ad52cb85cca7bc58e021a0bbacd037535bf0a,REPO-3,GH-4510,2026-08-28 17:20:58,anyone,15,48
24629caa9e226e92d3909a138a3ef58731d32c78,REPO-13,GH-6780,2025-11-20 15:54:46,financial,297,64
a775d0d374bb62a9d2c70c815e2dc5427c9c4d95,REPO-18,GH-9464,2026-04-13 03:08:00,main,286,172
f4cdf28eed15f72ece3ae4301cd15b7c960a7911,REPO-15,GH-8141,2026-08-10 10:22:37,main,347,190
dcfc287014afe2fbac911b2d438838c6e94963ce,REPO-9,GH-8905,2026-01-11 21:55:21,argue,369,122
7258bc25de803131e132106b0d348c634e326a0f,REPO-17,GH-3253,2025-12-27 19:29:42,rest,28,188
55748d8b18039c9b4a8ed45dda5b487a39b68ee4,REPO-5,GH-3252,2026-01-02 02:25:40,information,405,34
04d768f0894a0f8ab1fc0345a91a536693ee1b4c,REPO-2,GH-4826,2026-03-28 15:30:45,within,24,84
f14c2459aeccfb26a069126713b38fa95a0ba1c8,REPO-5,GH-1919,2025-11-21 00:30:27,sit,311,37
03c470ffc0389e2673f23218a152f6dd61c3ef3e,REPO-9,GH-8489,2026-07-31 03:09:02,must,262,62
5b719034c856499b7f5ffefd2f28bbb8440f224a,REPO-15,GH-3419,2025-12-02 02:33:57,main,376,130
ecaf35b6b36a0130c62cb713466f42b8df3630fe,REPO-16,GH-8237,2025-10-26 03:48:01,color,260,124
84273566901eeae0db1dfcd1824a07ce6388a170,REPO-15,GH-6121,2026-06-02 03:34:45,million,471,157
54ba3717de7231959d5a73c5b26cfa6729a9d213,REPO-9,GH-2139,2026-09-09 06:15:02,not,361,200
1b67e32e0e37cb547d657dbe9176755e26b1321d,REPO-12,GH-2294,2026-08-14 06:17:33,production,407,97
adf0bc56deaaa9567d47a9a078da068385878f45,REPO-9,GH-3697,2025-12-11 01:34:04,wonder,249,56
1390f32f3e79e39b1ec8dfb9450e66b94caaaa81,REPO-16,GH-6573,2026-03-09 00:32:10,office,147,5
574aeaf6104f101bbe71460426a0d5b4c78cbb57,REPO-0,GH-8894,2026-02-06 01:23:49,main,291,17
8c2b8ca0a9c06b239de44383a92759b45aa00e1c,REPO-8,GH-9837,2026-04-05 18:23:15,right,128,116
169ac10af76efb4abf6aeff59bb25c9ff6896f10,REPO-5,GH-5906,2026-05-20 12:01:11,son,271,25
0f85f89b16b95aa7614f6f48bf625e97944e4581,REPO-12,GH-6238,2026-03-11 09:53:02,main,163,7
efdcc7778c4baa277ebc32e100737ce89d59ac11,REPO-6,GH-9889,2025-12-25 22:01:19,notice,33,169
3be71aeca490b786dbb290394c40e4e4346130cb,REPO-3,GH-8272,2025-12-30 08:17:00,thus,155,94
68ac0a9ae1a7f3490d2fcaf1b47b6759309aa36c,REPO-7,GH-3587,2026-04-15 02:01:56,responsibility,113,122
0385926c88480539c1e2c187e1fa0b0a3ee626c6,REPO-1,GH-6952,2026-01-28 15:10:35,ground,34,170
d0aaa0e527f45029c9f2f625c30508b811b7f57f,REPO-14,GH-6460,2025-12-24 20:39:54,listen,15,127
dec808ba7c01cb4aced22bd34e138569214f1401,REPO-14,GH-9976,2026-07-10 21:03:53,stock,121,152
c13f781cb7535bc56dbc585ee9f2b9d5d2338973,REPO-1,GH-8744,2026-06-26 21:50:10,main,448,1
c1372e294a7cbc7398436292a9dcfaf6b861cfbb,REPO-9,GH-6053,2026-07-03 06:21:21,interesting,81,19
1d05bb0c7d544030b3d0fc62b16e0534e1074b80,REPO-8,GH-8527,2026-06-18 08:05:29,main,213,19
8ccb28053c9525b6892fcb61e1f7e7793d47e198,REPO-12,GH-7693,2025-11-12 04:11:55,scene,355,151
8843010888abaae723aac1e3d987f188fef7baa8,REPO-12,GH-5315,2025-10-20 16:28:31,writer,333,80
d5f25bf2c2200dc2e89e10de3c4b1f50cc350924,REPO-1,GH-6040,2026-04-07 18:28:08,interview,242,21
79832253a3a6dbd848c007f0eeaac9891068e120,REPO-17,GH-9507,2026-04-16 05:46:49,main,403,8
abad1e95012d64bf753e2e212302ed8ae051193e,REPO-18,GH-8025,2025-11-22 20:58:33,administration,467,160
6183ac899b605a6de759072242b1f0df43695afd,REPO-4,GH-7078,2026-02-15 17:56:10,however,400,48
b1b134c6d21b31de38aa7fa36cb72717563860d6,REPO-10,GH-4571,2026-04-24 22:02:05,main,432,85
fcd4a15dc6db2f076c67cc2fa673c8f22c4fa1bd,REPO-10,GH-4830,2026-06-09 20:34:35,couple,429,69
79cf6f9826db07952da5f13ebbe314562860a40c,REPO-9,GH-4826,2025-12-22 22:03:39,main,388,14
31c2914f080b13f8704b82df0a42d9f2d7286894,REPO-8,GH-1461,2026-02-01 07:14:49,before,257,106
8e30df11254ffffde44ed39a7fee4b7035cb796c,REPO-15,GH-9701,2026-02-26 17:26:09,receive,154,143
e690bb7899523f5c8aced42ace0634a0b344f910,REPO-17,GH-7227,2026-02-16 02:49:48,main,291,127
ea28ba3d8d0dcb04ae938342658b58193b486e0e,REPO-5,GH-7730,2026-02-04 01:59:13,line,281,97
1f44cb85a98618eb47146c904e955e0bec0e5382,REPO-9,GH-4116,2025-11-06 16:49:57,main,464,71
efb6b1b6299e37019a93da508f5062d838ebda48,REPO-15,GH-6658,2026-03-03 05:21:00,significant,272,137
7165e00e14be75c9712676860e25a95098e1289f,REPO-11,GH-6325,2025-10-25 06:12:35,speech,169,31
3bd21abaee43cc216bb5ef42ec2b08ae88012cb5,REPO-16,GH-4637,2025-12-03 14:53:03,own,395,45
8bb6862991ff444de8aeb4075e79600838e30bf5,REPO-8,GH-4267,2025-11-19 20:16:26,information,228,11
cc4f0d251ed2d29ec391e032d4147252dc5626dd,REPO-8,GH-6038,2026-03-23 08:04:39,among,289,170
7920ec91629eb37d20cff6265d85d14027eb8731,REPO-12,GH-7797,2026-05-01 11:36:29,spring,225,167
5c3e18b68fcb1e11206563752200f5817868f316,REPO-13,GH-7105,2026-06-18 18:29:59,law,136,56
78a48e8d65b07ed888346e1110a34d44b061eb0c,REPO-18,GH-4830,2026-05-27 01:56:21,fight,478,57
ce105facd988931007b82ce3a5bb27678156b05f,REPO-3,GH-6908,2026-07-28 04:25:48,admit,129,31
4864c2795246ef22275517e00cd3dd19dfca7c57,REPO-15,GH-5161,2025-11-27 10:53:33,why,353,117
0a38277cc412d8ae05873e06964e471f51764c9e,REPO-3,GH-9151,2025-10-11 15:17:46,success,451,1
e22d3adc74da5e25b289b999bd9d1a8c53dc2f78,REPO-14,GH-6374,2025-10-10 03:09:32,role,92,129
b08db36c564acecb21edcf10f96f905826ef836e,REPO-11,GH-9117,2026-07-07 07:47:35,thought,53,135
ec39684a84e385c023265e9b7c4a1e9b3bced6b6,REPO-15,GH-2753,2026-04-25 13:31:22,serve,310,185
90495aa6bdc16c26697c46450c297e40c40e0c99,REPO-5,GH-7163,2026-05-17 06:55:36,enough,154,150
ea9888018b49a041467a9b925a767f24ab1c95b5,REPO-11,GH-2771,2026-04-12 00:02:04,raise,91,190
f5682f46c557da96870d72c578b35b03392936c5,REPO-15,GH-7105,2025-11-16 10:39:46,police,217,118
451547739560421d77171366addec398a1da23be,REPO-16,GH-4963,2026-02-05 02:52:21,poor,88,175
