pull_request_id,repository_id,author_id,reviewer_id,created_timestamp,merged_timestamp,status
PR-49576,REPO-8,GH-5781,GH-4986,2026-03-17 14:37:05,2026-03-19 13:37:05,MERGED
PR-71000,REPO-8,GH-5670,GH-2647,2026-07-12 21:46:19,2026-07-13 08:46:19,MERGED
PR-93717,REPO-16,GH-SHARED-27,GH-1282,2026-03-01 14:58:17,2026-03-02 14:58:17,MERGED
PR-58971,REPO-7,GH-4450,GH-8994,2026-04-29 10:28:43,2026-05-01 07:28:43,MERGED
PR-99173,REPO-15,GH-8842,GH-7044,2025-10-30 14:50:57,2025-11-01 05:50:57,MERGED
PR-76255,REPO-11,GH-4608,GH-4997,2026-05-30 23:55:38,2026-06-01 12:55:38,MERGED
PR-86434,REPO-5,GH-8025,GH-4868,2026-04-12 02:41:33,2026-04-12 08:41:33,MERGED
PR-98181,REPO-4,GH-4629,GH-6781,2026-06-07 07:55:05,2026-06-08 03:55:05,MERGED
PR-15936,REPO-12,GH-4908,GH-1753,2026-02-14 02:14:19,2026-02-15 01:14:19,MERGED
PR-94656,REPO-13,GH-3041,GH-2612,2026-03-21 10:30:55,2026-03-22 10:30:55,MERGED
PR-27431,REPO-12,GH-5719,GH-5670,2026-05-24 16:12:15,2026-05-25 15:12:15,MERGED
PR-12979,REPO-17,GH-1042,GH-9698,2026-06-07 21:53:01,2026-06-09 03:53:01,MERGED
PR-14222,REPO-11,GH-1406,GH-1133,2025-12-20 06:28:27,2025-12-22 01:28:27,MERGED
PR-62725,REPO-19,GH-9647,GH-8484,2026-01-17 17:07:31,2026-01-18 08:07:31,MERGED
PR-85511,REPO-1,GH-5291,GH-8827,2026-06-25 01:39:03,2026-06-26 14:39:03,MERGED
PR-64206,REPO-10,GH-5471,GH-8434,2025-11-28 22:40:49,2025-11-29 16:40:49,MERGED
PR-82856,REPO-18,GH-1969,GH-3063,2026-07-02 04:13:28,2026-07-02 08:13:28,MERGED
PR-19539,REPO-6,GH-8123,GH-1006,2026-09-20 05:25:35,2026-09-21 19:25:35,MERGED
PR-75444,REPO-4,GH-4848,GH-6751,2026-05-07 21:09:32,2026-05-09 15:09:32,MERGED
PR-19742,REPO-17,GH-4918,GH-2946,2026-04-08 22:17:17,2026-04-10 17:17:17,MERGED
PR-63914,REPO-19,GH-9850,GH-6514,2026-02-28 09:03:30,2026-02-28 11:03:30,MERGED
PR-98346,REPO-8,GH-1982,GH-4945,2026-03-21 07:28:09,2026-03-21 19:28:09,MERGED
PR-56457,REPO-3,GH-9282,GH-2983,2025-11-18 12:34:20,2025-11-19 14:34:20,MERGED
PR-32463,REPO-12,GH-7684,GH-4510,2026-08-25 21:01:01,2026-08-27 05:01:01,MERGED
PR-46749,REPO-18,GH-8606,GH-2773,2025-12-15 20:18:19,2025-12-17 09:18:19,MERGED
PR-62205,REPO-5,GH-6140,GH-6539,2026-06-19 18:19:21,2026-06-20 14:19:21,MERGED
PR-53480,REPO-7,GH-1897,GH-5479,2025-11-15 11:13:53,2025-11-17 11:13:53,MERGED
PR-88067,REPO-7,GH-8871,GH-6654,2026-04-09 18:16:07,2026-04-10 15:16:07,MERGED
PR-51507,REPO-4,GH-2858,GH-2713,2026-06-29 10:28:24,2026-06-29 17:28:24,MERGED
PR-52523,REPO-0,GH-2612,GH-3399,2025-09-30 20:40:16,2025-10-01 21:40:16,MERGED
PR-41816,REPO-13,GH-9327,GH-9725,2026-02-20 10:36:36,2026-02-21 20:36:36,MERGED
PR-87831,REPO-2,GH-2713,GH-6482,2026-06-18 19:18:03,2026-06-19 08:18:03,MERGED
PR-59792,REPO-4,GH-4033,GH-2475,2025-10-20 02:49:45,2025-10-21 00:49:45,MERGED
PR-61502,REPO-18,GH-9938,GH-1601,2026-06-15 23:00:00,2026-06-16 07:00:00,MERGED
PR-64827,REPO-19,GH-9071,GH-2773,2026-02-22 00:14:57,2026-02-22 03:14:57,MERGED
PR-21138,REPO-11,GH-9897,GH-9701,2026-06-19 08:41:26,2026-06-20 00:41:26,MERGED
PR-98797,REPO-11,GH-9346,GH-9239,2026-04-28 06:48:56,2026-04-29 08:48:56,MERGED
PR-86089,REPO-0,GH-8956,GH-7116,2026-01-01 00:18:37,2026-01-02 13:18:37,MERGED
PR-29758,REPO-11,GH-7798,GH-5728,2026-07-27 03:23:20,2026-07-27 05:23:20,MERGED
PR-28569,REPO-9,GH-8994,GH-9199,2026-08-14 10:38:53,2026-08-15 06:38:53,MERGED
PR-41970,REPO-10,GH-3655,GH-1510,2026-07-10 05:29:40,2026-07-10 17:29:40,MERGED
PR-92543,REPO-10,GH-7947,GH-4143,2026-07-04 23:20:03,2026-07-05 11:20:03,MERGED
PR-79168,REPO-10,GH-4680,GH-4891,2025-10-11 20:22:47,2025-10-12 17:22:47,MERGED
PR-90918,REPO-19,GH-9318,GH-6139,2026-01-05 17:31:58,2026-01-07 13:31:58,MERGED
PR-32706,REPO-15,GH-3147,GH-6105,2026-05-16 06:58:09,2026-05-16 17:58:09,MERGED
PR-76248,REPO-11,GH-3615,GH-9452,2026-01-20 13:36:27,2026-01-21 21:36:27,MERGED
PR-74921,REPO-7,GH-7730,GH-6062,2025-12-05 23:25:32,2025-12-07 08:25:32,MERGED
PR-15453,REPO-3,GH-1672,GH-6194,2026-04-09 03:53:26,2026-04-11 02:53:26,MERGED
PR-49021,REPO-6,GH-7141,GH-3252,2026-04-23 09:10:45,2026-04-23 12:10:45,MERGED
PR-41056,REPO-11,GH-9899,GH-8612,2025-12-19 20:21:24,2025-12-21 20:21:24,MERGED
PR-79767,REPO-4,GH-2195,GH-5022,2026-01-17 07:57:09,2026-01-18 22:57:09,MERGED
PR-77425,REPO-10,GH-4131,GH-5772,2026-05-24 18:26:03,2026-05-25 01:26:03,MERGED
PR-98635,REPO-4,GH-9837,GH-1042,2026-06-04 18:33:25,2026-06-06 02:33:25,MERGED
PR-22202,REPO-8,GH-6940,GH-7246,2026-02-06 22:39:47,2026-02-08 07:39:47,MERGED
PR-18300,REPO-2,GH-7095,GH-5061,2026-05-24 17:00:30,2026-05-26 04:00:30,MERGED
PR-54270,REPO-13,GH-8761,GH-1430,2025-10-10 21:19:27,2025-10-12 10:19:27,MERGED
PR-72613,REPO-10,GH-5582,GH-9835,2026-07-23 15:29:32,2026-07-24 06:29:32,MERGED
PR-11110,REPO-4,GH-8355,GH-2381,2026-05-27 16:08:29,2026-05-29 10:08:29,MERGED
PR-90750,REPO-11,GH-8126,GH-1713,2026-08-27 15:34:03,2026-08-28 20:34:03,MERGED
PR-88644,REPO-4,GH-7906,GH-6776,2026-06-25 05:40:46,2026-06-26 20:40:46,MERGED
PR-41370,REPO-19,GH-7897,GH-1349,2026-08-09 02:20:37,2026-08-10 03:20:37,MERGED
PR-51480,REPO-15,GH-1715,GH-3546,2026-06-19 08:01:50,2026-06-20 09:01:50,MERGED
PR-62163,REPO-2,GH-5333,GH-4898,2025-10-24 14:21:45,2025-10-25 09:21:45,MERGED
PR-50654,REPO-18,GH-9626,GH-4268,2026-05-28 12:41:31,2026-05-29 16:41:31,MERGED
PR-33022,REPO-19,GH-6626,GH-5915,2026-04-22 14:39:32,2026-04-22 15:39:32,MERGED
PR-43980,REPO-0,GH-4164,GH-9346,2026-05-24 02:04:30,2026-05-25 02:04:30,MERGED
PR-92251,REPO-13,GH-9031,GH-6539,2026-08-21 00:54:57,2026-08-22 08:54:57,MERGED
PR-39937,REPO-8,GH-2530,GH-5678,2026-06-18 22:29:37,2026-06-20 07:29:37,MERGED
PR-33456,REPO-0,GH-4467,GH-4396,2026-01-14 03:34:26,2026-01-14 06:34:26,MERGED
PR-33507,REPO-2,GH-9725,GH-2320,2025-10-07 11:53:48,2025-10-08 21:53:48,MERGED
PR-11044,REPO-9,GH-3762,GH-1018,2025-12-20 18:56:18,2025-12-21 07:56:18,MERGED
PR-74665,REPO-9,GH-4515,GH-2530,2026-02-25 05:57:22,2026-02-25 18:57:22,MERGED
PR-13133,REPO-17,GH-6194,GH-7389,2026-04-25 10:09:43,2026-04-26 21:09:43,MERGED
PR-50306,REPO-0,GH-8699,GH-5861,2025-11-21 07:31:21,2025-11-21 21:31:21,MERGED
PR-22193,REPO-7,GH-2480,GH-3621,2026-09-16 08:18:47,2026-09-16 23:18:47,MERGED
PR-67014,REPO-4,GH-3712,GH-1461,2025-09-30 21:34:07,2025-10-01 06:34:07,MERGED
PR-52762,REPO-8,GH-8531,GH-1841,2026-04-29 07:15:59,2026-04-30 12:15:59,MERGED
PR-89076,REPO-3,GH-2790,GH-3266,2026-09-12 06:18:14,2026-09-12 20:18:14,MERGED
PR-82105,REPO-5,GH-1525,GH-9837,2026-04-13 16:58:43,2026-04-13 23:58:43,MERGED
PR-27133,REPO-4,GH-2638,GH-3414,2025-12-06 07:34:40,2025-12-07 09:34:40,MERGED
PR-94840,REPO-14,GH-3868,GH-1282,2025-10-21 18:30:28,2025-10-23 02:30:28,MERGED
PR-81258,REPO-6,GH-8684,GH-3007,2026-02-12 13:24:43,2026-02-12 15:24:43,MERGED
PR-46822,REPO-5,GH-3803,GH-3504,2026-01-14 09:18:43,2026-01-15 16:18:43,MERGED
PR-44934,REPO-18,GH-7389,GH-2527,2025-12-09 02:10:43,2025-12-11 02:10:43,MERGED
PR-87537,REPO-5,GH-9821,GH-7216,2026-06-08 02:54:08,2026-06-10 00:54:08,MERGED
PR-74517,REPO-18,GH-2816,GH-8900,2025-11-24 07:03:55,2025-11-25 03:03:55,MERGED
PR-54663,REPO-15,GH-1409,GH-6021,2025-11-30 22:28:32,2025-12-01 10:28:32,MERGED
PR-57826,REPO-18,GH-1783,GH-7537,2026-07-28 01:31:27,2026-07-29 01:31:27,MERGED
PR-95089,REPO-5,GH-2259,GH-6582,2026-08-18 17:02:04,2026-08-19 05:02:04,MERGED
PR-26691,REPO-18,GH-2204,GH-4228,2026-08-31 22:07:49,2026-09-02 21:07:49,MERGED
PR-41194,REPO-18,GH-5861,GH-7594,2025-12-03 07:56:16,2025-12-04 04:56:16,MERGED
PR-68540,REPO-2,GH-4261,GH-4527,2025-10-28 01:41:29,2025-10-28 18:41:29,MERGED
PR-74629,REPO-12,GH-7951,GH-4804,2025-12-11 04:31:10,2025-12-12 05:31:10,MERGED
PR-39567,REPO-12,GH-7396,GH-4728,2026-05-27 02:09:09,2026-05-28 07:09:09,MERGED
PR-22203,REPO-5,GH-5742,GH-8438,2026-04-10 06:53:09,2026-04-11 21:53:09,MERGED
PR-80795,REPO-6,GH-6279,GH-4978,2026-07-20 21:06:26,2026-07-22 16:06:26,MERGED
PR-30131,REPO-7,GH-1241,GH-3927,2025-10-10 04:18:10,2025-10-11 04:18:10,MERGED
PR-72071,REPO-3,GH-3803,GH-4340,2026-03-28 22:58:08,2026-03-29 06:58:08,MERGED
PR-21233,REPO-8,GH-2816,GH-8685,2026-04-12 05:01:33,2026-04-13 04:01:33,MERGED
PR-72424,REPO-17,GH-1713,GH-6419,2025-12-28 11:10:18,2025-12-28 17:10:18,MERGED
PR-91300,REPO-1,GH-9850,GH-1685,2026-08-05 20:08:22,2026-08-06 04:08:22,MERGED
PR-43801,REPO-13,GH-7291,GH-2070,2025-11-18 11:59:27,2025-11-20 10:59:27,MERGED
PR-24748,REPO-0,GH-8933,GH-6188,2026-06-09 14:49:07,2026-06-10 00:49:07,MERGED
PR-83752,REPO-18,GH-4986,GH-7825,2026-07-09 10:54:40,2026-07-09 17:54:40,MERGED
PR-58816,REPO-10,GH-2698,GH-4814,2025-12-15 07:54:55,2025-12-16 05:54:55,MERGED
PR-77698,REPO-2,GH-1006,GH-8849,2025-10-11 10:34:48,2025-10-12 10:34:48,MERGED
PR-84537,REPO-9,GH-4060,GH-4598,2025-11-05 12:46:05,2025-11-06 00:46:05,MERGED
PR-93284,REPO-11,GH-1783,GH-6718,2026-07-10 05:44:27,2026-07-12 01:44:27,MERGED
PR-55843,REPO-11,GH-4868,GH-6039,2026-05-05 21:55:09,2026-05-06 08:55:09,MERGED
PR-38091,REPO-2,GH-7209,GH-5876,2026-02-20 07:41:22,2026-02-20 22:41:22,MERGED
PR-99417,REPO-6,GH-8018,GH-3615,2026-09-09 11:43:12,2026-09-10 18:43:12,MERGED
PR-94245,REPO-0,GH-4788,GH-8135,2026-01-01 11:35:48,2026-01-02 15:35:48,MERGED
PR-87826,REPO-3,GH-8359,GH-6626,2026-08-09 12:50:24,2026-08-10 07:50:24,MERGED
PR-88647,REPO-4,GH-7580,GH-3492,2026-03-14 23:47:40,2026-03-16 18:47:40,MERGED
PR-84978,REPO-13,GH-1606,GH-8378,2025-11-23 17:59:00,2025-11-24 06:59:00,MERGED
PR-98063,REPO-7,GH-7397,GH-8700,2026-05-17 08:52:37,2026-05-18 17:52:37,MERGED
PR-33995,REPO-15,GH-5905,GH-6780,2026-02-01 06:33:33,2026-02-02 04:33:33,MERGED
PR-71674,REPO-10,GH-6927,GH-5315,2026-05-12 16:12:42,2026-05-14 09:12:42,MERGED
PR-51079,REPO-5,GH-5336,GH-9626,2026-09-07 17:28:38,2026-09-07 21:28:38,MERGED
PR-74169,REPO-8,GH-8612,GH-3589,2025-11-30 07:03:19,2025-11-30 13:03:19,MERGED
PR-79603,REPO-1,GH-2527,GH-8244,2026-05-03 17:49:04,2026-05-03 19:49:04,MERGED
PR-49085,REPO-12,GH-3858,GH-9464,2026-01-13 18:37:47,2026-01-15 00:37:47,MERGED
PR-54922,REPO-19,GH-9282,GH-2627,2026-03-19 10:31:12,2026-03-20 09:31:12,MERGED
PR-27197,REPO-5,GH-7606,GH-8251,2026-08-27 19:29:08,2026-08-29 18:29:08,MERGED
PR-59177,REPO-16,GH-5279,GH-8793,2026-08-13 17:11:27,2026-08-15 10:11:27,MERGED
PR-92616,REPO-17,GH-5051,GH-3615,2026-01-06 20:09:10,2026-01-07 16:09:10,MERGED
PR-64896,REPO-3,GH-1461,GH-9721,2026-02-06 17:34:08,2026-02-07 00:34:08,MERGED
PR-56913,REPO-19,GH-2193,GH-4131,2026-02-22 12:24:23,2026-02-23 15:24:23,MERGED
PR-53332,REPO-1,GH-5381,GH-9947,2025-12-14 11:39:59,2025-12-14 12:39:59,MERGED
PR-11267,REPO-10,GH-5000,GH-6608,2026-04-20 22:55:39,2026-04-21 07:55:39,MERGED
PR-95045,REPO-14,GH-9031,GH-7504,2026-08-13 20:42:12,2026-08-14 07:42:12,MERGED
PR-90131,REPO-18,GH-4963,GH-4598,2026-04-15 20:26:46,2026-04-17 16:26:46,MERGED
PR-85582,REPO-10,GH-6514,GH-6952,2025-12-23 12:36:29,2025-12-25 01:36:29,MERGED
PR-30568,REPO-17,GH-SHARED-52,GH-6869,2026-07-18 09:42:05,2026-07-19 16:42:05,MERGED
PR-82154,REPO-10,GH-9751,GH-8684,2026-05-07 15:28:35,2026-05-08 16:28:35,MERGED
PR-23453,REPO-15,GH-9138,GH-3492,2026-09-14 06:15:06,2026-09-15 09:15:06,MERGED
PR-93563,REPO-17,GH-1409,GH-4033,2026-05-15 22:07:48,2026-05-17 07:07:48,MERGED
PR-53512,REPO-14,GH-9922,GH-7947,2026-03-02 23:30:17,2026-03-04 15:30:17,MERGED
PR-10287,REPO-11,GH-6372,GH-9922,2026-06-28 09:23:15,2026-06-29 08:23:15,MERGED
PR-63636,REPO-3,GH-7304,GH-1821,2026-05-08 16:52:19,2026-05-09 09:52:19,MERGED
PR-76086,REPO-18,GH-6718,GH-4335,2026-01-26 07:03:31,2026-01-27 15:03:31,MERGED
PR-26827,REPO-16,GH-1496,GH-5861,2026-05-11 05:41:13,2026-05-12 06:41:13,MERGED
PR-48557,REPO-19,GH-6772,GH-1645,2026-02-15 13:41:28,2026-02-15 22:41:28,MERGED
PR-81802,REPO-19,GH-6170,GH-5480,2026-02-27 10:10:57,2026-02-28 07:10:57,MERGED
PR-99995,REPO-17,GH-2657,GH-5728,2026-03-04 14:12:25,2026-03-06 10:12:25,MERGED
PR-56168,REPO-5,GH-3858,GH-4531,2026-04-01 00:34:00,2026-04-02 07:34:00,MERGED
PR-47567,REPO-1,GH-1311,GH-6908,2026-02-27 20:28:46,2026-02-28 13:28:46,MERGED
PR-57013,REPO-1,GH-2698,GH-6939,2026-08-27 05:07:31,2026-08-28 10:07:31,MERGED
PR-16157,REPO-16,GH-2195,GH-2924,2025-11-27 17:40:52,2025-11-28 18:40:52,MERGED
PR-58200,REPO-14,GH-9311,GH-3126,2026-04-27 04:23:01,2026-04-28 18:23:01,MERGED
PR-25643,REPO-5,GH-6908,GH-4920,2026-05-31 18:26:27,2026-05-31 21:26:27,MERGED
PR-88234,REPO-14,GH-4060,GH-8123,2026-05-16 08:20:03,2026-05-18 01:20:03,MERGED
PR-95105,REPO-6,GH-4878,GH-3615,2026-06-29 23:17:18,2026-06-30 07:17:18,MERGED
PR-59146,REPO-17,GH-6952,GH-1710,2025-09-29 17:28:10,2025-10-01 02:28:10,MERGED
PR-22577,REPO-1,GH-4986,GH-9785,2026-08-03 16:37:29,2026-08-05 03:37:29,MERGED
PR-65601,REPO-2,GH-6198,GH-1436,2025-12-11 06:48:37,2025-12-11 13:48:37,MERGED
PR-13113,REPO-13,GH-9239,GH-5210,2026-04-11 07:17:32,2026-04-13 05:17:32,MERGED
PR-85361,REPO-2,GH-7118,GH-4261,2025-12-25 06:58:16,2025-12-25 21:58:16,MERGED
PR-15965,REPO-0,GH-8355,GH-9444,2025-09-26 20:19:08,2025-09-27 01:19:08,MERGED
PR-46899,REPO-16,GH-9883,GH-1907,2026-01-10 21:33:33,2026-01-12 02:33:33,MERGED
PR-81529,REPO-0,GH-4626,GH-1282,2026-06-12 07:20:38,2026-06-14 00:20:38,MERGED
PR-49936,REPO-0,GH-9196,GH-6198,2026-06-25 04:52:23,2026-06-27 04:52:23,MERGED
PR-40740,REPO-18,GH-5583,GH-3697,2026-03-21 18:18:09,2026-03-22 13:18:09,MERGED
PR-86568,REPO-6,GH-1841,GH-4878,2026-05-06 16:09:37,2026-05-08 05:09:37,MERGED
PR-93995,REPO-10,GH-2293,GH-8237,2026-03-03 07:24:40,2026-03-04 01:24:40,MERGED
PR-28350,REPO-3,GH-8144,GH-SHARED-87,2025-11-09 22:14:39,2025-11-11 09:14:39,MERGED
PR-86269,REPO-2,GH-8179,GH-7843,2026-09-01 02:36:24,2026-09-02 04:36:24,MERGED
PR-48141,REPO-4,GH-6153,GH-4335,2026-02-19 03:17:03,2026-02-20 09:17:03,MERGED
PR-73373,REPO-5,GH-6053,GH-8700,2026-05-12 17:15:39,2026-05-12 20:15:39,MERGED
PR-56255,REPO-2,GH-7580,GH-5582,2026-06-25 03:44:37,2026-06-26 02:44:37,MERGED
PR-64344,REPO-5,GH-6403,GH-5333,2026-04-29 09:26:09,2026-04-30 07:26:09,MERGED
PR-27658,REPO-13,GH-6977,GH-8967,2026-05-06 09:01:50,2026-05-07 18:01:50,MERGED
PR-63143,REPO-18,GH-1685,GH-1920,2026-07-12 04:19:18,2026-07-13 17:19:18,MERGED
PR-32356,REPO-9,GH-4119,GH-4919,2025-12-08 16:07:51,2025-12-09 19:07:51,MERGED
PR-31983,REPO-18,GH-6990,GH-6952,2025-12-25 07:42:28,2025-12-27 03:42:28,MERGED
PR-29603,REPO-3,GH-7201,GH-4084,2026-08-16 21:51:02,2026-08-17 04:51:02,MERGED
PR-25403,REPO-19,GH-2215,GH-5563,2026-02-10 22:03:25,2026-02-12 05:03:25,MERGED
PR-66557,REPO-19,GH-1842,GH-7240,2025-11-11 08:59:23,2025-11-12 11:59:23,MERGED
PR-59969,REPO-1,GH-8498,GH-6280,2026-06-14 19:40:00,2026-06-16 09:40:00,MERGED
PR-10932,REPO-17,GH-7717,GH-7626,2026-04-23 19:32:39,2026-04-25 05:32:39,MERGED
PR-62095,REPO-17,GH-1753,GH-3126,2026-09-09 17:17:06,2026-09-10 07:17:06,MERGED
PR-96413,REPO-9,GH-7626,GH-7484,2026-09-15 16:26:37,2026-09-17 16:26:37,MERGED
PR-90481,REPO-5,GH-3697,GH-3209,2025-12-20 08:41:46,2025-12-22 04:41:46,MERGED
PR-71822,REPO-5,GH-3236,GH-2215,2025-10-16 19:20:20,2025-10-17 23:20:20,MERGED
PR-62513,REPO-8,GH-6238,GH-5634,2026-03-08 12:55:34,2026-03-10 06:55:34,MERGED
PR-67536,REPO-19,GH-9317,GH-6574,2025-10-09 01:08:50,2025-10-09 14:08:50,MERGED
PR-82036,REPO-6,GH-2768,GH-7209,2026-06-19 15:32:57,2026-06-21 14:32:57,MERGED
PR-85354,REPO-8,GH-2052,GH-1488,2025-12-17 01:59:45,2025-12-17 18:59:45,MERGED
PR-85352,REPO-3,GH-6055,GH-4673,2026-01-03 22:13:40,2026-01-05 19:13:40,MERGED
PR-40137,REPO-8,GH-3103,GH-6123,2026-03-09 17:04:31,2026-03-10 14:04:31,MERGED
PR-56665,REPO-8,GH-9486,GH-6442,2026-07-03 14:07:42,2026-07-03 21:07:42,MERGED
PR-46735,REPO-18,GH-9824,GH-9903,2026-08-03 00:31:51,2026-08-03 15:31:51,MERGED
PR-14268,REPO-4,GH-3927,GH-9850,2026-03-28 16:11:59,2026-03-29 15:11:59,MERGED
PR-99916,REPO-12,GH-5397,GH-7381,2025-10-15 04:19:27,2025-10-15 11:19:27,MERGED
PR-17869,REPO-17,GH-9011,GH-8777,2026-02-03 04:51:59,2026-02-03 21:51:59,MERGED
PR-47304,REPO-19,GH-8784,GH-8245,2025-11-12 03:39:24,2025-11-13 00:39:24,MERGED
PR-54222,REPO-9,GH-8673,GH-2646,2026-06-04 14:49:36,2026-06-06 07:49:36,MERGED
PR-61833,REPO-10,GH-6582,GH-6590,2026-01-29 23:42:08,2026-01-31 04:42:08,MERGED
PR-20494,REPO-5,GH-4150,GH-6198,2025-10-26 22:27:08,2025-10-27 09:27:08,MERGED
PR-71235,REPO-5,GH-4598,GH-4920,2026-08-21 03:58:12,2026-08-22 14:58:12,MERGED
PR-83922,REPO-17,GH-4228,GH-9955,2025-11-27 10:35:09,2025-11-28 20:35:09,MERGED
PR-72530,REPO-15,GH-7105,GH-6419,2026-07-27 04:50:49,2026-07-27 05:50:49,MERGED
PR-99737,REPO-7,GH-7580,GH-9031,2026-06-10 06:08:19,2026-06-11 01:08:19,MERGED
PR-70776,REPO-6,GH-3441,GH-3209,2025-11-06 04:19:27,2025-11-06 07:19:27,MERGED
PR-33803,REPO-4,GH-5889,GH-9375,2025-10-28 23:28:45,2025-10-29 16:28:45,MERGED
PR-14392,REPO-7,GH-8905,GH-8784,2026-02-24 02:16:17,2026-02-25 08:16:17,MERGED
PR-82034,REPO-9,GH-5978,GH-9984,2025-11-14 16:53:02,2025-11-15 00:53:02,MERGED
PR-58679,REPO-1,GH-6928,GH-5496,2026-04-24 15:15:03,2026-04-24 21:15:03,MERGED
PR-17834,REPO-15,GH-4116,GH-3973,2026-03-16 22:53:48,2026-03-18 16:53:48,MERGED
PR-12798,REPO-17,GH-6121,GH-1266,2026-03-22 04:56:04,2026-03-23 05:56:04,MERGED
PR-82682,REPO-11,GH-7818,GH-4644,2026-01-24 23:53:38,2026-01-25 04:53:38,MERGED
PR-57720,REPO-16,GH-7684,GH-6531,2025-10-30 01:20:43,2025-10-31 17:20:43,MERGED
PR-78920,REPO-3,GH-7572,GH-7171,2026-04-20 21:07:28,2026-04-22 18:07:28,MERGED
PR-17641,REPO-1,GH-2713,GH-1742,2026-08-01 04:12:43,2026-08-02 20:12:43,MERGED
PR-78089,REPO-1,GH-6150,GH-4872,2026-08-02 02:03:06,2026-08-02 09:03:06,MERGED
PR-96184,REPO-3,GH-9346,GH-5065,2026-08-13 05:08:21,2026-08-14 16:08:21,MERGED
PR-52395,REPO-17,GH-4697,GH-6626,2025-10-27 00:55:46,2025-10-27 16:55:46,MERGED
PR-46170,REPO-7,GH-3607,GH-7163,2026-06-04 09:41:56,2026-06-05 18:41:56,MERGED
PR-52558,REPO-9,GH-3296,GH-9437,2025-11-17 17:04:10,2025-11-19 00:04:10,MERGED
PR-88005,REPO-7,GH-4878,GH-8532,2026-01-13 03:08:22,2026-01-14 12:08:22,MERGED
PR-73035,REPO-12,GH-3370,GH-5458,2025-12-19 17:58:51,2025-12-20 06:58:51,MERGED
PR-21743,REPO-2,GH-5941,GH-5033,2026-03-24 05:29:37,2026-03-26 00:29:37,MERGED
PR-49953,REPO-11,GH-9199,GH-5279,2026-02-01 05:46:54,2026-02-02 04:46:54,MERGED
PR-47707,REPO-1,GH-8564,GH-5333,2025-12-05 13:18:39,2025-12-06 11:18:39,MERGED
PR-12410,REPO-15,GH-2388,GH-8941,2026-06-29 21:57:55,2026-07-01 11:57:55,MERGED
PR-96898,REPO-14,GH-8361,GH-6608,2025-12-11 12:07:56,2025-12-13 07:07:56,MERGED
PR-83490,REPO-19,GH-7132,GH-2353,2026-06-18 12:08:38,2026-06-18 14:08:38,MERGED
PR-13862,REPO-16,GH-9548,GH-6105,2026-04-16 12:01:33,2026-04-17 06:01:33,MERGED
PR-78251,REPO-10,GH-SHARED-34,GH-4963,2026-03-31 04:01:34,2026-04-01 20:01:34,MERGED
PR-36517,REPO-17,GH-2753,GH-7464,2026-06-12 11:41:13,2026-06-12 20:41:13,MERGED
PR-25517,REPO-18,GH-5065,GH-4143,2025-10-01 22:04:57,2025-10-02 19:04:57,MERGED
PR-72469,REPO-7,GH-7232,GH-4335,2026-06-19 22:03:19,2026-06-21 07:03:19,MERGED
PR-64138,REPO-7,GH-4456,GH-6238,2026-04-07 02:13:34,2026-04-09 02:13:34,MERGED
PR-74217,REPO-6,GH-8842,GH-7116,2026-02-04 11:57:50,2026-02-05 08:57:50,MERGED
PR-15047,REPO-19,GH-3223,GH-9984,2026-06-03 23:30:53,2026-06-04 06:30:53,MERGED
PR-34884,REPO-1,GH-1815,GH-2402,2026-04-03 04:39:59,2026-04-04 09:39:59,MERGED
PR-81618,REPO-14,GH-2790,GH-5325,2026-07-07 14:27:23,2026-07-08 16:27:23,MERGED
PR-69596,REPO-14,GH-2169,GH-2790,2026-02-19 22:42:11,2026-02-20 15:42:11,MERGED
PR-93109,REPO-5,GH-7981,GH-9117,2026-01-02 01:17:58,2026-01-02 07:17:58,MERGED
PR-59634,REPO-12,GH-8179,GH-6751,2026-06-27 07:52:22,2026-06-28 08:52:22,MERGED
PR-10463,REPO-14,GH-6576,GH-2388,2026-01-29 22:33:56,2026-01-30 15:33:56,MERGED
PR-74679,REPO-15,GH-5571,GH-1475,2026-08-29 07:50:09,2026-08-29 21:50:09,MERGED
PR-42075,REPO-15,GH-8222,GH-1611,2026-08-25 15:38:59,2026-08-27 03:38:59,MERGED
PR-89073,REPO-11,GH-3287,GH-9698,2026-01-18 20:30:37,2026-01-19 18:30:37,MERGED
PR-87983,REPO-5,GH-8541,GH-9196,2026-02-15 00:22:47,2026-02-16 12:22:47,MERGED
PR-82151,REPO-9,GH-5978,GH-2290,2025-12-07 04:56:46,2025-12-07 23:56:46,MERGED
PR-92441,REPO-6,GH-8840,GH-8430,2026-05-25 13:17:57,2026-05-25 19:17:57,MERGED
PR-51482,REPO-19,GH-6121,GH-2876,2025-10-20 03:01:45,2025-10-21 13:01:45,MERGED
PR-25456,REPO-9,GH-5649,GH-2929,2026-04-07 14:08:08,2026-04-08 04:08:08,MERGED
PR-37831,REPO-13,GH-9742,GH-4527,2026-05-21 07:34:52,2026-05-23 00:34:52,MERGED
PR-52457,REPO-9,GH-4908,GH-3697,2026-06-02 19:17:56,2026-06-02 20:17:56,MERGED
PR-33020,REPO-10,GH-9922,GH-5649,2026-04-17 05:13:25,2026-04-18 03:13:25,MERGED
PR-17342,REPO-17,GH-SHARED-69,GH-1436,2026-08-30 18:11:03,2026-09-01 04:11:03,MERGED
PR-56346,REPO-10,GH-6105,GH-2133,2026-04-03 00:37:13,2026-04-03 10:37:13,MERGED
PR-84839,REPO-0,GH-5334,GH-4084,2026-05-05 15:51:38,2026-05-06 16:51:38,MERGED
PR-14145,REPO-3,GH-5712,GH-9031,2026-02-23 17:38:41,2026-02-24 20:38:41,MERGED
PR-22137,REPO-9,GH-8144,GH-5837,2025-10-14 15:09:09,2025-10-16 00:09:09,MERGED
PR-78632,REPO-15,GH-1046,GH-9751,2026-07-01 20:26:36,2026-07-02 17:26:36,MERGED
PR-36894,REPO-3,GH-4261,GH-6952,2026-09-19 12:18:42,2026-09-19 15:18:42,MERGED
PR-87894,REPO-16,GH-9565,GH-9700,2026-04-05 12:52:21,2026-04-05 18:52:21,MERGED
PR-32449,REPO-10,GH-6590,GH-9835,2026-07-08 06:48:59,2026-07-09 02:48:59,MERGED
PR-90781,REPO-19,GH-SHARED-87,GH-3973,2026-04-20 14:04:53,2026-04-21 10:04:53,MERGED
PR-52712,REPO-18,GH-9666,GH-2391,2026-04-26 18:41:27,2026-04-28 12:41:27,MERGED
PR-84345,REPO-6,GH-6939,GH-6573,2026-01-26 10:05:55,2026-01-27 08:05:55,MERGED
PR-85260,REPO-7,GH-9379,GH-5350,2026-08-19 17:15:05,2026-08-21 01:15:05,MERGED
PR-59664,REPO-12,GH-7932,GH-8025,2026-01-29 05:25:20,2026-01-30 13:25:20,MERGED
PR-93379,REPO-1,GH-2790,GH-8060,2026-04-26 19:14:47,2026-04-26 20:14:47,MERGED
PR-35646,REPO-4,GH-1645,GH-4585,2026-04-26 19:14:16,2026-04-28 15:14:16,MERGED
PR-86379,REPO-9,GH-9955,GH-1106,2026-02-12 02:09:51,2026-02-13 18:09:51,MERGED
PR-40833,REPO-17,GH-6990,GH-5161,2026-01-13 13:12:26,2026-01-15 10:12:26,MERGED
PR-96833,REPO-10,GH-9507,GH-9379,2026-04-14 16:06:37,2026-04-15 23:06:37,MERGED
PR-65797,REPO-13,GH-6714,GH-7171,2026-06-21 07:17:24,2026-06-21 19:17:24,MERGED
PR-20494,REPO-1,GH-4460,GH-8007,2025-11-24 14:39:54,2025-11-26 13:39:54,MERGED
PR-80127,REPO-17,GH-7850,GH-5336,2026-05-06 10:58:01,2026-05-06 11:58:01,MERGED
PR-83886,REPO-9,GH-5526,GH-3683,2026-01-30 20:59:26,2026-01-31 00:59:26,MERGED
PR-91830,REPO-18,GH-5279,GH-5010,2026-04-03 18:42:26,2026-04-04 13:42:26,MERGED
PR-89144,REPO-19,GH-5022,GH-4114,2025-11-01 09:29:55,2025-11-02 23:29:55,MERGED
PR-73559,REPO-14,GH-9889,GH-5920,2025-10-10 00:58:11,2025-10-11 10:58:11,MERGED
PR-60222,REPO-19,GH-4261,GH-1475,2026-05-06 22:59:41,2026-05-08 17:59:41,MERGED
PR-40626,REPO-15,GH-5118,GH-7684,2026-03-12 18:39:06,2026-03-14 14:39:06,MERGED
PR-15376,REPO-14,GH-3522,GH-4872,2026-07-12 20:30:41,2026-07-14 07:30:41,MERGED
PR-98829,REPO-7,GH-6150,GH-2106,2026-04-18 02:14:54,2026-04-18 14:14:54,MERGED
PR-43016,REPO-16,GH-5861,GH-3780,2026-06-24 19:18:59,2026-06-24 22:18:59,MERGED
PR-93634,REPO-2,GH-9317,GH-2638,2026-06-13 15:22:36,2026-06-15 13:22:36,MERGED
PR-34217,REPO-12,GH-2502,GH-SHARED-69,2026-02-26 04:34:24,2026-02-26 12:34:24,MERGED
PR-46226,REPO-8,GH-9041,GH-9501,2026-05-14 21:40:31,2026-05-16 01:40:31,MERGED
PR-60174,REPO-10,GH-5198,GH-9327,2025-12-21 06:37:46,2025-12-22 04:37:46,MERGED
PR-33388,REPO-14,GH-7932,GH-8218,2026-02-25 17:59:33,2026-02-27 01:59:33,MERGED
PR-61292,REPO-0,GH-9830,GH-1693,2026-07-24 10:12:51,2026-07-24 11:12:51,MERGED
PR-19188,REPO-15,GH-1609,GH-6119,2025-11-17 16:43:40,2025-11-18 07:43:40,MERGED
PR-48005,REPO-17,GH-5331,GH-3655,2026-04-17 23:59:05,2026-04-18 12:59:05,MERGED
PR-67407,REPO-3,GH-3253,GH-5089,2026-01-30 00:03:22,2026-01-30 13:03:22,MERGED
PR-68891,REPO-2,GH-9437,GH-7201,2026-03-10 07:19:33,2026-03-10 10:19:33,MERGED
PR-22752,REPO-4,GH-5333,GH-3165,2026-08-03 01:14:33,2026-08-04 17:14:33,MERGED
PR-52151,REPO-12,GH-4697,GH-5350,2026-02-18 12:54:13,2026-02-19 02:54:13,MERGED
PR-30677,REPO-18,GH-3266,GH-7201,2026-09-20 12:23:17,2026-09-21 20:23:17,MERGED
PR-47189,REPO-0,GH-6409,GH-1588,2026-08-09 13:50:38,2026-08-11 10:50:38,MERGED
PR-90222,REPO-5,GH-3827,GH-1887,2026-01-21 17:32:51,2026-01-23 10:32:51,MERGED
PR-80742,REPO-17,GH-4613,GH-1258,2026-02-02 04:57:23,2026-02-02 19:57:23,MERGED
PR-72182,REPO-6,GH-5425,GH-4394,2025-12-17 17:27:44,2025-12-18 05:27:44,MERGED
PR-52725,REPO-3,GH-9835,GH-2480,2025-10-03 13:02:05,2025-10-04 02:02:05,MERGED
PR-32273,REPO-9,GH-9307,GH-7626,2025-10-02 20:27:51,2025-10-04 08:27:51,MERGED
PR-46591,REPO-15,GH-9899,GH-5333,2026-06-04 04:35:31,2026-06-06 03:35:31,MERGED
PR-87564,REPO-7,GH-7906,GH-4441,2026-02-20 06:02:01,2026-02-21 19:02:01,MERGED
PR-72818,REPO-15,GH-6150,GH-8060,2025-11-02 18:00:54,2025-11-04 15:00:54,MERGED
PR-27394,REPO-17,GH-1430,GH-8700,2026-08-28 18:32:56,2026-08-29 13:32:56,MERGED
PR-84760,REPO-2,GH-7201,GH-5757,2025-12-06 18:10:38,2025-12-08 08:10:38,MERGED
PR-19266,REPO-11,GH-9331,GH-8905,2025-10-10 12:09:38,2025-10-12 09:09:38,MERGED
PR-81098,REPO-1,GH-4986,GH-8532,2026-01-22 18:46:18,2026-01-23 08:46:18,MERGED
PR-98428,REPO-2,GH-6082,GH-7561,2026-07-12 20:51:56,2026-07-13 00:51:56,MERGED
PR-86037,REPO-10,GH-7624,GH-9700,2026-01-10 05:00:47,2026-01-12 02:00:47,MERGED
PR-46325,REPO-7,GH-2213,GH-3927,2026-01-04 19:23:13,2026-01-05 00:23:13,MERGED
PR-79489,REPO-10,GH-3414,GH-8225,2026-03-18 21:12:05,2026-03-20 09:12:05,MERGED
PR-16202,REPO-8,GH-6421,GH-1653,2026-06-18 15:26:12,2026-06-19 14:26:12,MERGED
PR-31135,REPO-5,GH-7229,GH-1475,2026-06-27 10:59:19,2026-06-27 18:59:19,MERGED
PR-51971,REPO-0,GH-1606,GH-6442,2026-01-28 04:55:14,2026-01-28 05:55:14,MERGED
PR-85199,REPO-9,GH-4626,GH-8740,2026-04-21 12:12:10,2026-04-21 22:12:10,MERGED
PR-28274,REPO-14,GH-8438,GH-4963,2025-11-10 10:05:27,2025-11-11 22:05:27,MERGED
PR-46428,REPO-10,GH-2743,GH-4848,2026-07-21 03:00:46,2026-07-21 05:00:46,MERGED
PR-57325,REPO-15,GH-1841,GH-9903,2026-08-11 15:25:35,2026-08-12 01:25:35,MERGED
PR-68224,REPO-9,GH-1803,GH-9047,2025-12-07 19:18:34,2025-12-08 22:18:34,MERGED
PR-28827,REPO-13,GH-1530,GH-5082,2025-12-06 20:36:12,2025-12-07 16:36:12,MERGED
PR-21593,REPO-16,GH-8699,GH-9928,2026-05-21 11:43:23,2026-05-22 14:43:23,MERGED
PR-27947,REPO-8,GH-6188,GH-2193,2026-05-04 15:51:57,2026-05-05 03:51:57,MERGED
PR-39428,REPO-9,GH-6040,GH-5010,2025-12-26 01:44:22,2025-12-26 02:44:22,MERGED
PR-47707,REPO-9,GH-5668,GH-4846,2026-02-12 23:11:59,2026-02-13 11:11:59,MERGED
PR-18745,REPO-7,GH-4598,GH-1920,2026-07-24 19:08:55,2026-07-26 19:08:55,MERGED
PR-25674,REPO-15,GH-6053,GH-1845,2026-08-20 04:13:16,2026-08-21 13:13:16,MERGED
PR-51446,REPO-5,GH-1907,GH-9446,2026-09-19 12:19:17,2026-09-21 08:19:17,MERGED
PR-56088,REPO-8,GH-9316,GH-1742,2025-12-21 22:59:49,2025-12-22 08:59:49,MERGED
PR-83224,REPO-5,GH-8454,GH-5634,2026-03-14 16:04:34,2026-03-16 13:04:34,MERGED
PR-88335,REPO-9,GH-2698,GH-9692,2026-03-02 06:16:23,2026-03-03 04:16:23,MERGED
PR-13835,REPO-19,GH-4585,GH-2790,2025-10-12 23:59:10,2025-10-13 09:59:10,MERGED
PR-80402,REPO-6,GH-6262,GH-1488,2026-07-19 03:26:53,2026-07-21 02:26:53,MERGED
PR-34264,REPO-6,GH-1422,GH-4263,2025-12-07 20:10:29,2025-12-09 16:10:29,MERGED
PR-68190,REPO-15,GH-9565,GH-2052,2025-10-16 15:03:11,2025-10-18 03:03:11,MERGED
PR-58161,REPO-13,GH-4443,GH-6409,2025-11-21 03:24:38,2025-11-21 04:24:38,MERGED
PR-32114,REPO-12,GH-8612,GH-2290,2026-04-08 09:06:36,2026-04-09 09:06:36,MERGED
PR-56674,REPO-18,GH-9095,GH-5951,2026-04-25 08:31:29,2026-04-27 03:31:29,MERGED
PR-13895,REPO-3,GH-4673,GH-7570,2026-03-20 03:15:08,2026-03-22 03:15:08,MERGED
PR-96649,REPO-10,GH-4878,GH-4292,2025-10-30 13:10:36,2025-10-31 23:10:36,MERGED
PR-81098,REPO-14,GH-7291,GH-3330,2026-06-04 08:48:42,2026-06-05 19:48:42,MERGED
PR-49720,REPO-12,GH-5847,GH-3880,2025-11-12 00:09:25,2025-11-13 22:09:25,MERGED
PR-84560,REPO-13,GH-4335,GH-8489,2026-03-19 03:20:17,2026-03-20 11:20:17,MERGED
PR-61299,REPO-17,GH-9725,GH-7149,2026-04-17 00:58:21,2026-04-18 08:58:21,MERGED
PR-65203,REPO-10,GH-9830,GH-2983,2026-06-30 09:24:18,2026-06-30 11:24:18,MERGED
PR-54035,REPO-18,GH-8956,GH-4362,2026-03-17 21:04:10,2026-03-19 06:04:10,MERGED
PR-19872,REPO-9,GH-7561,GH-4968,2025-12-04 15:51:01,2025-12-06 02:51:01,MERGED
PR-91863,REPO-8,GH-1188,GH-3223,2025-11-16 18:58:20,2025-11-17 00:58:20,MERGED
PR-79607,REPO-18,GH-2604,GH-8606,2026-05-25 13:19:27,2026-05-26 17:19:27,MERGED
PR-69405,REPO-17,GH-3068,GH-3449,2026-04-07 02:19:26,2026-04-08 14:19:26,MERGED
PR-37912,REPO-0,GH-6940,GH-4862,2026-05-19 01:27:44,2026-05-21 01:27:44,MERGED
PR-17848,REPO-19,GH-5331,GH-7240,2025-12-19 15:03:07,2025-12-20 04:03:07,MERGED
PR-64059,REPO-13,GH-5342,GH-2983,2026-05-17 15:23:09,2026-05-18 10:23:09,MERGED
PR-33066,REPO-8,GH-5114,GH-4178,2025-10-18 04:52:28,2025-10-18 07:52:28,MERGED
PR-63347,REPO-2,GH-9042,GH-SHARED-34,2025-11-21 09:37:44,2025-11-22 09:37:44,MERGED
PR-86076,REPO-18,GH-5089,GH-3526,2026-01-19 10:19:05,2026-01-20 20:19:05,MERGED
PR-67602,REPO-13,GH-9540,GH-7717,2026-06-09 21:54:18,2026-06-10 14:54:18,MERGED
PR-99816,REPO-12,GH-3939,GH-2638,2026-02-19 15:36:43,2026-02-21 02:36:43,MERGED
PR-94466,REPO-6,GH-6714,GH-8213,2026-01-18 13:02:24,2026-01-18 16:02:24,MERGED
PR-53610,REPO-2,GH-7576,GH-6021,2025-11-12 03:58:49,2025-11-13 07:58:49,MERGED
PR-81791,REPO-8,GH-4898,GH-2929,2026-01-31 22:05:14,2026-02-01 19:05:14,MERGED
PR-94030,REPO-0,GH-9476,GH-5114,2025-12-17 09:32:31,2025-12-17 10:32:31,MERGED
PR-36039,REPO-4,GH-3683,GH-8749,2026-04-01 15:42:25,2026-04-02 18:42:25,MERGED
PR-70610,REPO-0,GH-1815,GH-8784,2026-03-11 02:04:10,2026-03-11 19:04:10,MERGED
PR-74769,REPO-16,GH-9955,GH-7484,2026-05-02 19:46:24,2026-05-03 10:46:24,MERGED
PR-60079,REPO-6,GH-9899,GH-3200,2026-05-29 03:58:52,2026-05-30 07:58:52,MERGED
PR-42547,REPO-4,GH-4598,GH-9889,2025-12-24 17:45:51,2025-12-26 07:45:51,MERGED
PR-62108,REPO-14,GH-4119,GH-1713,2025-09-26 23:22:35,2025-09-27 13:22:35,MERGED
PR-16830,REPO-13,GH-1424,GH-3573,2026-05-27 04:21:28,2026-05-27 20:21:28,MERGED
PR-15965,REPO-11,GH-4084,GH-1434,2026-08-21 14:13:29,2026-08-22 07:13:29,MERGED
PR-54456,REPO-17,GH-2489,GH-4267,2026-03-05 11:47:04,2026-03-06 17:47:04,MERGED
PR-66372,REPO-1,GH-9666,GH-8385,2025-09-30 14:56:22,2025-10-01 07:56:22,MERGED
PR-67670,REPO-15,GH-3114,GH-5315,2026-01-23 22:17:22,2026-01-24 11:17:22,MERGED
PR-67203,REPO-7,GH-5844,GH-9565,2026-04-27 04:57:11,2026-04-28 12:57:11,MERGED
PR-86765,REPO-5,GH-3852,GH-9270,2025-10-06 16:02:06,2025-10-08 06:02:06,MERGED
PR-25989,REPO-3,GH-4052,GH-5891,2026-09-19 02:54:42,2026-09-20 02:54:42,MERGED
PR-53178,REPO-15,GH-8222,GH-3621,2025-11-16 21:57:33,2025-11-18 15:57:33,MERGED
PR-81716,REPO-1,GH-3610,GH-5703,2026-04-22 10:32:29,2026-04-23 11:32:29,MERGED
PR-95729,REPO-6,GH-4728,GH-3900,2026-07-12 00:01:55,2026-07-12 08:01:55,MERGED
PR-57060,REPO-13,GH-1424,GH-3254,2026-01-20 21:43:38,2026-01-21 04:43:38,MERGED
PR-22182,REPO-13,GH-5333,GH-3266,2025-10-02 20:06:35,2025-10-04 05:06:35,MERGED
PR-48729,REPO-4,GH-9312,GH-5186,2026-02-05 11:46:15,2026-02-05 15:46:15,MERGED
PR-49013,REPO-5,GH-3481,GH-9042,2026-07-14 05:30:13,2026-07-15 19:30:13,MERGED
PR-88890,REPO-15,GH-8894,GH-3339,2026-03-20 02:42:49,2026-03-21 10:42:49,MERGED
PR-49669,REPO-19,GH-2713,GH-8651,2025-12-19 12:12:39,2025-12-19 21:12:39,MERGED
PR-37424,REPO-6,GH-4853,GH-3222,2025-11-07 18:42:45,2025-11-09 12:42:45,MERGED
PR-61345,REPO-14,GH-6562,GH-8123,2026-04-08 05:29:07,2026-04-09 03:29:07,MERGED
PR-82653,REPO-13,GH-8994,GH-9464,2026-09-20 12:33:36,2026-09-20 15:33:36,MERGED
PR-73950,REPO-15,GH-4629,GH-6763,2026-08-30 09:47:05,2026-09-01 07:47:05,MERGED
PR-55451,REPO-13,GH-SHARED-14,GH-4770,2025-11-02 05:24:44,2025-11-04 02:24:44,MERGED
PR-96108,REPO-16,GH-4919,GH-5332,2025-12-15 06:07:25,2025-12-15 15:07:25,MERGED
PR-47022,REPO-11,GH-1829,GH-2698,2026-02-22 11:13:31,2026-02-24 11:13:31,MERGED
PR-56562,REPO-7,GH-2188,GH-9501,2025-11-05 20:37:45,2025-11-05 23:37:45,MERGED
PR-89205,REPO-17,GH-2983,GH-1086,2026-07-13 04:42:54,2026-07-13 11:42:54,MERGED
PR-15501,REPO-3,GH-9938,GH-1258,2026-09-08 02:56:51,2026-09-08 09:56:51,MERGED
PR-67870,REPO-3,GH-4920,GH-9476,2025-12-09 08:17:48,2025-12-10 17:17:48,MERGED
PR-79422,REPO-13,GH-2713,GH-2646,2026-05-26 05:54:33,2026-05-26 20:54:33,MERGED
PR-77653,REPO-13,GH-9742,GH-3007,2025-12-14 08:04:55,2025-12-16 04:04:55,MERGED
PR-19120,REPO-0,GH-5847,GH-8749,2026-04-27 09:06:01,2026-04-28 07:06:01,MERGED
PR-94078,REPO-5,GH-8622,GH-7658,2026-06-25 22:41:37,2026-06-27 11:41:37,MERGED
PR-49888,REPO-16,GH-1282,GH-6776,2025-12-29 00:34:35,2025-12-31 00:34:35,MERGED
PR-29249,REPO-11,GH-1106,GH-9444,2026-05-22 00:39:56,2026-05-23 02:39:56,MERGED
PR-55252,REPO-6,GH-4052,GH-4052,2026-04-23 03:11:06,2026-04-24 21:11:06,MERGED
PR-58887,REPO-9,GH-3339,GH-2876,2026-05-13 10:31:47,2026-05-15 03:31:47,MERGED
PR-86230,REPO-18,GH-9176,GH-6053,2026-01-24 08:47:57,2026-01-26 06:47:57,MERGED
PR-85073,REPO-19,GH-7865,GH-9647,2026-06-30 10:20:19,2026-06-30 19:20:19,MERGED
PR-57352,REPO-16,GH-2929,GH-3153,2026-04-21 20:04:52,2026-04-22 03:04:52,MERGED
PR-62789,REPO-4,GH-5951,GH-6724,2025-11-15 15:03:44,2025-11-17 03:03:44,MERGED
PR-31344,REPO-14,GH-1266,GH-3442,2026-03-21 11:59:37,2026-03-22 20:59:37,MERGED
PR-58409,REPO-6,GH-7807,GH-7484,2026-03-25 01:27:06,2026-03-26 16:27:06,MERGED
PR-38256,REPO-18,GH-2646,GH-5844,2026-02-24 05:03:47,2026-02-26 05:03:47,MERGED
PR-72289,REPO-18,GH-9751,GH-6040,2026-09-02 16:14:30,2026-09-04 15:14:30,MERGED
PR-52626,REPO-14,GH-8372,GH-2612,2025-10-07 00:43:24,2025-10-08 16:43:24,MERGED
PR-97876,REPO-13,GH-3369,GH-SHARED-48,2026-02-09 05:18:26,2026-02-10 10:18:26,MERGED
PR-50481,REPO-2,GH-2294,GH-8242,2025-11-30 12:37:37,2025-12-02 06:37:37,MERGED
PR-16930,REPO-17,GH-4119,GH-2965,2026-05-18 06:25:57,2026-05-19 16:25:57,MERGED
PR-33559,REPO-15,GH-9850,GH-5741,2025-11-05 04:02:20,2025-11-05 22:02:20,MERGED
PR-51599,REPO-0,GH-4241,GH-3522,2026-01-21 13:35:11,2026-01-22 06:35:11,MERGED
PR-74615,REPO-3,GH-1053,GH-1858,2026-07-27 03:58:38,2026-07-28 12:58:38,MERGED
PR-26458,REPO-18,GH-8489,GH-4033,2025-10-25 15:40:11,2025-10-27 04:40:11,MERGED
PR-58929,REPO-2,GH-2020,GH-6119,2026-05-07 11:27:50,2026-05-07 22:27:50,MERGED
PR-37636,REPO-3,GH-9721,GH-3827,2026-02-19 17:20:52,2026-02-21 02:20:52,MERGED
PR-52157,REPO-8,GH-4878,GH-9922,2026-06-09 17:49:22,2026-06-10 07:49:22,MERGED
PR-10268,REPO-19,GH-1986,GH-6626,2026-08-08 22:56:47,2026-08-10 05:56:47,MERGED
PR-61483,REPO-0,GH-9647,GH-7929,2026-09-12 11:35:51,2026-09-12 17:35:51,MERGED
PR-37405,REPO-15,GH-9117,GH-8359,2026-01-22 16:15:15,2026-01-23 05:15:15,MERGED
PR-78561,REPO-4,GH-6236,GH-1530,2025-09-29 08:19:05,2025-09-30 02:19:05,MERGED
PR-69497,REPO-0,GH-6772,GH-2679,2026-03-01 18:02:03,2026-03-02 22:02:03,MERGED
PR-39573,REPO-0,GH-9318,GH-2106,2026-02-12 07:02:38,2026-02-13 11:02:38,MERGED
PR-42394,REPO-0,GH-2234,GH-9238,2026-06-25 08:49:25,2026-06-26 15:49:25,MERGED
PR-19556,REPO-10,GH-1272,GH-6531,2026-01-26 20:48:10,2026-01-28 11:48:10,MERGED
PR-14370,REPO-3,GH-9624,GH-4920,2026-02-21 06:05:07,2026-02-22 03:05:07,MERGED
PR-91789,REPO-19,GH-4878,GH-6574,2026-09-19 17:26:18,2026-09-20 23:26:18,MERGED
PR-98575,REPO-13,GH-2465,GH-5949,2025-11-25 18:31:00,2025-11-25 20:31:00,MERGED
PR-18853,REPO-10,GH-9693,GH-9095,2026-06-13 15:06:35,2026-06-14 04:06:35,MERGED
PR-77256,REPO-4,GH-7293,GH-2680,2026-07-03 03:00:37,2026-07-04 02:00:37,MERGED
PR-48150,REPO-17,GH-6531,GH-1018,2026-03-15 12:18:27,2026-03-15 13:18:27,MERGED
PR-65320,REPO-4,GH-9317,GH-6039,2025-10-29 06:45:42,2025-10-29 19:45:42,MERGED
PR-88612,REPO-10,GH-4443,GH-6772,2026-03-06 12:41:42,2026-03-07 10:41:42,MERGED
PR-41328,REPO-0,GH-4891,GH-3222,2026-03-09 06:29:30,2026-03-11 06:29:30,MERGED
PR-28664,REPO-0,GH-9117,GH-9464,2026-03-19 12:22:19,2026-03-20 17:22:19,MERGED
PR-23263,REPO-17,GH-6529,GH-7227,2025-12-26 01:18:39,2025-12-27 21:18:39,MERGED
PR-18569,REPO-11,GH-4862,GH-7484,2026-05-08 08:38:04,2026-05-08 18:38:04,MERGED
PR-48559,REPO-7,GH-8668,GH-6231,2025-11-09 11:24:35,2025-11-09 21:24:35,MERGED
PR-86556,REPO-1,GH-8967,GH-7504,2025-10-26 16:53:01,2025-10-28 00:53:01,MERGED
PR-75350,REPO-16,GH-9327,GH-8267,2026-07-25 04:14:03,2026-07-26 10:14:03,MERGED
PR-37158,REPO-18,GH-4826,GH-4919,2025-10-30 18:01:16,2025-10-31 07:01:16,MERGED
PR-59034,REPO-7,GH-8316,GH-4908,2026-07-10 11:39:25,2026-07-11 23:39:25,MERGED
PR-70981,REPO-2,GH-1282,GH-2786,2025-10-25 14:25:03,2025-10-27 06:25:03,MERGED
PR-57067,REPO-12,GH-2169,GH-4510,2025-10-16 15:31:59,2025-10-17 10:31:59,MERGED
PR-81188,REPO-8,GH-8244,GH-2771,2026-07-08 21:17:19,2026-07-08 22:17:19,MERGED
PR-95892,REPO-9,GH-7576,GH-6514,2026-08-01 15:37:15,2026-08-02 22:37:15,MERGED
PR-72185,REPO-4,GH-2294,GH-7865,2025-10-09 05:54:20,2025-10-10 15:54:20,MERGED
PR-64747,REPO-2,GH-3068,GH-8612,2026-05-02 15:45:52,2026-05-03 20:45:52,MERGED
PR-80464,REPO-13,GH-7141,GH-6419,2026-01-17 08:58:42,2026-01-18 05:58:42,MERGED
PR-53286,REPO-18,GH-3589,GH-4460,2025-10-05 20:04:40,2025-10-07 13:04:40,MERGED
PR-18350,REPO-19,GH-6802,GH-7105,2025-11-14 03:42:06,2025-11-15 04:42:06,MERGED
PR-22221,REPO-3,GH-1986,GH-6663,2026-08-23 07:41:10,2026-08-23 14:41:10,MERGED
PR-97135,REPO-6,GH-3200,GH-8606,2026-08-06 05:15:44,2026-08-06 16:15:44,MERGED
PR-89278,REPO-6,GH-8359,GH-6781,2025-12-05 11:54:18,2025-12-06 03:54:18,MERGED
PR-34044,REPO-5,GH-5655,GH-4268,2026-03-04 18:35:40,2026-03-06 07:35:40,MERGED
PR-80482,REPO-1,GH-8657,GH-2402,2026-06-08 17:30:24,2026-06-10 12:30:24,MERGED
PR-70577,REPO-10,GH-3529,GH-5010,2026-05-09 02:43:50,2026-05-09 07:43:50,MERGED
PR-67373,REPO-14,GH-2622,GH-5291,2026-03-24 20:34:26,2026-03-26 03:34:26,MERGED
PR-32079,REPO-19,GH-3697,GH-4608,2026-03-29 02:45:52,2026-03-30 21:45:52,MERGED
PR-98479,REPO-8,GH-3900,GH-8770,2026-09-19 14:35:05,2026-09-20 04:35:05,MERGED
PR-96512,REPO-1,GH-5350,GH-SHARED-34,2026-06-19 02:24:57,2026-06-19 09:24:57,MERGED
PR-36442,REPO-9,GH-5837,GH-9837,2026-01-05 22:29:06,2026-01-06 22:29:06,MERGED
PR-38910,REPO-0,GH-5333,GH-1611,2026-03-14 11:39:32,2026-03-14 18:39:32,MERGED
PR-95189,REPO-12,GH-9270,GH-7171,2026-03-12 15:10:38,2026-03-13 15:10:38,MERGED
PR-23344,REPO-6,GH-5342,GH-2353,2026-08-24 20:05:46,2026-08-26 07:05:46,MERGED
PR-97342,REPO-5,GH-3147,GH-7078,2026-03-24 19:29:05,2026-03-25 00:29:05,MERGED
PR-75984,REPO-19,GH-6562,GH-9693,2025-12-27 22:21:08,2025-12-29 20:21:08,MERGED
PR-68160,REPO-12,GH-2746,GH-5264,2026-01-25 16:31:40,2026-01-26 14:31:40,MERGED
PR-64380,REPO-10,GH-4178,GH-3655,2025-09-29 10:38:41,2025-09-30 05:38:41,MERGED
PR-39156,REPO-1,GH-6493,GH-2013,2026-06-19 02:57:37,2026-06-20 03:57:37,MERGED
PR-42102,REPO-2,GH-5000,GH-1919,2026-06-08 10:38:54,2026-06-08 22:38:54,MERGED
PR-66019,REPO-4,GH-6555,GH-4150,2026-07-20 08:18:42,2026-07-20 14:18:42,MERGED
PR-73025,REPO-12,GH-8673,GH-4295,2026-09-08 23:58:54,2026-09-09 21:58:54,MERGED
PR-61727,REPO-16,GH-8371,GH-3223,2025-10-25 08:20:55,2025-10-26 08:20:55,MERGED
PR-26315,REPO-9,GH-8355,GH-8905,2026-01-10 17:43:22,2026-01-12 06:43:22,MERGED
PR-65579,REPO-15,GH-3147,GH-1424,2026-07-22 08:40:35,2026-07-23 00:40:35,MERGED
PR-20531,REPO-2,GH-4178,GH-2768,2026-01-07 04:29:47,2026-01-07 17:29:47,MERGED
PR-63950,REPO-9,GH-1046,GH-4878,2026-04-03 22:49:14,2026-04-05 21:49:14,MERGED
PR-62162,REPO-11,GH-6939,GH-4268,2025-12-13 01:00:47,2025-12-13 21:00:47,MERGED
PR-64767,REPO-5,GH-8378,GH-2624,2026-06-03 11:58:50,2026-06-04 14:58:50,MERGED
PR-37862,REPO-15,GH-7691,GH-3851,2026-05-22 20:13:19,2026-05-23 09:13:19,MERGED
PR-72638,REPO-12,GH-5002,GH-2622,2026-05-04 23:57:31,2026-05-06 19:57:31,MERGED
PR-15486,REPO-0,GH-6310,GH-4872,2026-03-18 12:33:48,2026-03-19 02:33:48,MERGED
PR-59602,REPO-10,GH-1200,GH-3827,2025-11-24 15:43:31,2025-11-24 19:43:31,MERGED
PR-42576,REPO-3,GH-9824,GH-1018,2026-04-13 21:21:32,2026-04-15 02:21:32,MERGED
PR-52229,REPO-15,GH-9543,GH-6925,2026-04-03 19:06:19,2026-04-05 12:06:19,MERGED
PR-48517,REPO-15,GH-6727,GH-8792,2025-09-27 16:28:05,2025-09-28 05:28:05,MERGED
PR-26759,REPO-16,GH-8793,GH-4394,2026-06-21 09:01:20,2026-06-21 15:01:20,MERGED
PR-73198,REPO-17,GH-3252,GH-1461,2025-11-11 13:20:28,2025-11-13 00:20:28,MERGED
PR-46747,REPO-13,GH-6262,GH-2269,2026-02-27 13:38:31,2026-03-01 12:38:31,MERGED
PR-93040,REPO-15,GH-SHARED-52,GH-3621,2025-10-30 19:43:07,2025-11-01 03:43:07,MERGED
PR-18476,REPO-10,GH-9700,GH-4178,2026-02-05 02:15:22,2026-02-06 00:15:22,MERGED
PR-39301,REPO-12,GH-5670,GH-2876,2026-07-18 22:34:40,2026-07-19 06:34:40,MERGED
PR-25218,REPO-3,GH-2612,GH-9196,2025-12-13 19:51:41,2025-12-14 19:51:41,MERGED
PR-99037,REPO-17,GH-6279,GH-1829,2026-06-23 19:44:03,2026-06-24 04:44:03,MERGED
PR-70372,REPO-19,GH-3399,GH-8690,2025-11-06 23:47:29,2025-11-07 09:47:29,MERGED
PR-14501,REPO-14,GH-1685,GH-1920,2026-04-03 00:10:59,2026-04-03 21:10:59,MERGED
PR-39500,REPO-10,GH-4878,GH-9444,2026-07-01 11:05:43,2026-07-03 11:05:43,MERGED
PR-96409,REPO-5,GH-5876,GH-6325,2025-12-28 02:29:02,2025-12-28 13:29:02,MERGED
PR-47098,REPO-15,GH-9199,GH-8385,2026-07-29 22:30:21,2026-07-31 19:30:21,MERGED
PR-49855,REPO-10,GH-4878,GH-6994,2026-04-07 06:02:06,2026-04-09 00:02:06,MERGED
PR-23362,REPO-6,GH-5089,GH-4963,2025-10-10 21:54:15,2025-10-11 07:54:15,MERGED
PR-87777,REPO-15,GH-6409,GH-8622,2026-03-03 00:14:54,2026-03-03 10:14:54,MERGED
PR-97914,REPO-19,GH-6139,GH-6727,2026-03-23 16:57:46,2026-03-23 22:57:46,MERGED
PR-39482,REPO-3,GH-4510,GH-6820,2026-05-08 08:32:05,2026-05-09 22:32:05,MERGED
PR-33736,REPO-18,GH-4846,GH-5479,2025-10-09 23:21:58,2025-10-11 06:21:58,MERGED
PR-74036,REPO-0,GH-5891,GH-4946,2026-09-17 01:11:57,2026-09-18 11:11:57,MERGED
PR-33680,REPO-3,GH-1430,GH-9899,2026-06-24 16:12:05,2026-06-26 07:12:05,MERGED
PR-38208,REPO-1,GH-5471,GH-4335,2026-03-09 20:13:12,2026-03-11 11:13:12,MERGED
PR-35248,REPO-6,GH-9835,GH-3956,2026-07-30 22:53:05,2026-07-31 22:53:05,MERGED
PR-50180,REPO-3,GH-5949,GH-6724,2025-11-16 09:44:53,2025-11-17 17:44:53,MERGED
PR-62776,REPO-11,GH-4944,GH-2911,2026-04-02 11:30:26,2026-04-04 01:30:26,MERGED
PR-58516,REPO-12,GH-4460,GH-7553,2026-06-06 09:26:44,2026-06-07 01:26:44,MERGED
PR-75828,REPO-13,GH-7029,GH-3979,2026-03-06 20:06:49,2026-03-07 14:06:49,MERGED
PR-22272,REPO-10,GH-8726,GH-5573,2025-12-14 11:11:38,2025-12-16 00:11:38,MERGED
PR-65572,REPO-9,GH-6585,GH-1269,2026-04-16 17:09:51,2026-04-18 02:09:51,MERGED
PR-98410,REPO-16,GH-9312,GH-1611,2026-07-01 01:25:05,2026-07-02 11:25:05,MERGED
PR-38503,REPO-9,GH-4978,GH-8933,2026-04-19 02:27:15,2026-04-20 20:27:15,MERGED
PR-63833,REPO-13,GH-6876,GH-6718,2026-01-10 23:07:26,2026-01-12 07:07:26,MERGED
PR-67587,REPO-5,GH-6400,GH-8541,2026-09-15 13:17:29,2026-09-15 22:17:29,MERGED
PR-14142,REPO-6,GH-7209,GH-4644,2025-10-11 21:30:28,2025-10-13 16:30:28,MERGED
PR-62412,REPO-15,GH-6123,GH-3370,2025-12-31 14:41:21,2026-01-02 13:41:21,MERGED
PR-99710,REPO-3,GH-9437,GH-5471,2026-09-07 10:47:04,2026-09-07 14:47:04,MERGED
PR-44541,REPO-4,GH-1530,GH-9444,2026-07-28 07:57:27,2026-07-28 23:57:27,MERGED
PR-75841,REPO-13,GH-8784,GH-3827,2025-11-10 12:26:47,2025-11-11 00:26:47,MERGED
PR-53412,REPO-3,GH-1086,GH-2713,2026-05-19 14:58:25,2026-05-21 14:58:25,MERGED
PR-36476,REPO-17,GH-3463,GH-2527,2026-06-20 19:30:40,2026-06-22 18:30:40,MERGED
PR-83445,REPO-4,GH-9375,GH-7594,2025-11-17 22:55:39,2025-11-18 22:55:39,MERGED
PR-76043,REPO-3,GH-8237,GH-6658,2026-03-23 22:54:24,2026-03-24 00:54:24,MERGED
PR-17968,REPO-8,GH-3209,GH-3007,2026-02-05 12:00:06,2026-02-07 09:00:06,MERGED
PR-31694,REPO-12,GH-1349,GH-7951,2026-01-18 04:44:45,2026-01-19 13:44:45,MERGED
PR-82371,REPO-16,GH-2876,GH-7484,2026-08-24 12:51:23,2026-08-24 23:51:23,MERGED
PR-46406,REPO-17,GH-1475,GH-4450,2026-08-25 00:12:56,2026-08-25 18:12:56,MERGED
PR-58380,REPO-6,GH-7105,GH-4697,2025-12-19 18:01:57,2025-12-20 00:01:57,MERGED
PR-11364,REPO-13,GH-SHARED-52,GH-1742,2026-03-24 16:54:15,2026-03-25 15:54:15,MERGED
PR-86449,REPO-8,GH-9821,GH-9883,2026-03-10 05:55:09,2026-03-12 04:55:09,MERGED
PR-37021,REPO-12,GH-5670,GH-5582,2025-12-30 23:35:52,2026-01-01 04:35:52,MERGED
PR-33083,REPO-15,GH-5563,GH-4443,2025-09-27 08:58:04,2025-09-28 21:58:04,MERGED
PR-61668,REPO-5,GH-3655,GH-1713,2025-10-10 21:00:55,2025-10-12 12:00:55,MERGED
PR-23137,REPO-4,GH-4295,GH-6952,2026-07-21 00:34:19,2026-07-22 10:34:19,MERGED
PR-21136,REPO-0,GH-3142,GH-4997,2025-10-28 20:06:37,2025-10-29 05:06:37,MERGED
PR-26131,REPO-4,GH-5262,GH-7227,2025-11-17 08:36:24,2025-11-17 11:36:24,MERGED
PR-24733,REPO-9,GH-2052,GH-6876,2026-06-26 14:54:51,2026-06-27 01:54:51,MERGED
PR-49526,REPO-10,GH-2215,GH-6381,2026-08-31 15:46:01,2026-09-01 10:46:01,MERGED
PR-20009,REPO-3,GH-6590,GH-6121,2026-07-30 15:39:29,2026-07-30 16:39:29,MERGED
PR-24832,REPO-10,GH-1653,GH-7626,2026-05-27 04:56:34,2026-05-28 08:56:34,MERGED
PR-79792,REPO-7,GH-5781,GH-6400,2026-02-02 14:33:05,2026-02-03 05:33:05,MERGED
PR-38748,REPO-18,GH-6262,GH-1599,2026-03-11 02:20:17,2026-03-11 08:20:17,MERGED
PR-27510,REPO-0,GH-1090,GH-9320,2026-05-22 15:34:00,2026-05-22 19:34:00,MERGED
PR-65191,REPO-4,GH-9041,GH-8564,2026-07-31 21:43:12,2026-08-01 11:43:12,MERGED
PR-13956,REPO-3,GH-1461,GH-1685,2026-07-08 16:25:44,2026-07-09 16:25:44,MERGED
PR-49257,REPO-5,GH-5295,GH-5295,2025-10-15 20:14:22,2025-10-16 23:14:22,MERGED
PR-69545,REPO-5,GH-4527,GH-6585,2026-06-25 18:32:24,2026-06-27 16:32:24,MERGED
PR-26401,REPO-7,GH-1753,GH-3223,2026-07-23 18:53:15,2026-07-24 08:53:15,MERGED
PR-89309,REPO-1,GH-4919,GH-2800,2026-02-03 19:24:44,2026-02-04 00:24:44,MERGED
PR-35523,REPO-12,GH-6218,GH-2129,2026-06-05 17:07:03,2026-06-06 00:07:03,MERGED
PR-62184,REPO-10,GH-5563,GH-1046,2026-01-12 00:49:23,2026-01-12 13:49:23,MERGED
PR-53426,REPO-12,GH-3339,GH-1251,2026-02-16 17:31:03,2026-02-18 17:31:03,MERGED
PR-72515,REPO-16,GH-6781,GH-3754,2026-04-09 13:29:42,2026-04-09 16:29:42,MERGED
PR-54749,REPO-5,GH-3370,GH-5689,2026-03-21 02:23:06,2026-03-21 11:23:06,MERGED
PR-99505,REPO-11,GH-7171,GH-3369,2026-06-14 18:18:45,2026-06-15 10:18:45,MERGED
PR-75211,REPO-19,GH-8792,GH-4872,2026-08-07 00:09:55,2026-08-07 01:09:55,MERGED
PR-75393,REPO-9,GH-1430,GH-2235,2025-10-21 04:20:05,2025-10-22 10:20:05,MERGED
PR-43557,REPO-2,GH-6409,GH-3981,2026-02-24 11:03:58,2026-02-25 16:03:58,MERGED
PR-39235,REPO-3,GH-9464,GH-9327,2026-04-23 23:10:51,2026-04-25 05:10:51,MERGED
PR-36145,REPO-5,GH-2259,GH-7730,2026-06-03 09:32:09,2026-06-04 07:32:09,MERGED
PR-20956,REPO-0,GH-7708,GH-8007,2026-01-31 11:02:15,2026-01-31 16:02:15,MERGED
PR-97771,REPO-2,GH-9698,GH-SHARED-68,2026-06-23 20:52:50,2026-06-24 13:52:50,MERGED
PR-48915,REPO-1,GH-3296,GH-5564,2026-04-27 09:44:25,2026-04-27 22:44:25,MERGED
PR-83519,REPO-13,GH-8245,GH-5949,2026-07-28 20:54:01,2026-07-30 11:54:01,MERGED
PR-51486,REPO-18,GH-6482,GH-5333,2026-07-30 01:08:58,2026-07-30 11:08:58,MERGED
PR-10481,REPO-3,GH-9437,GH-4115,2026-02-18 00:01:19,2026-02-18 09:01:19,MERGED
PR-12122,REPO-6,GH-5772,GH-4155,2026-05-24 08:41:34,2026-05-25 04:41:34,MERGED
PR-81141,REPO-5,GH-5465,GH-8237,2026-06-11 16:31:44,2026-06-12 17:31:44,MERGED
PR-23606,REPO-13,GH-9626,GH-2612,2025-12-26 14:04:47,2025-12-28 08:04:47,MERGED
PR-23068,REPO-13,GH-5861,GH-9843,2026-05-06 20:36:14,2026-05-08 01:36:14,MERGED
PR-55955,REPO-14,GH-7566,GH-6228,2026-06-27 07:36:41,2026-06-28 13:36:41,MERGED
PR-45076,REPO-12,GH-8359,GH-1969,2026-02-05 16:31:40,2026-02-07 11:31:40,MERGED
PR-88636,REPO-0,GH-3900,GH-1841,2026-04-21 06:33:15,2026-04-22 04:33:15,MERGED
PR-67331,REPO-12,GH-7001,GH-7232,2026-01-29 00:17:19,2026-01-29 07:17:19,MERGED
PR-13646,REPO-2,GH-3803,GH-5655,2026-09-07 23:45:23,2026-09-09 21:45:23,MERGED
PR-59559,REPO-7,GH-7046,GH-2292,2026-07-06 04:09:41,2026-07-06 21:09:41,MERGED
PR-85937,REPO-8,GH-4510,GH-8247,2026-02-05 04:24:32,2026-02-05 11:24:32,MERGED
PR-22160,REPO-19,GH-5345,GH-4608,2026-07-06 18:01:31,2026-07-08 02:01:31,MERGED
PR-33567,REPO-13,GH-5719,GH-9698,2026-01-24 13:10:32,2026-01-24 14:10:32,MERGED
PR-88642,REPO-1,GH-6147,GH-8030,2026-05-24 17:21:48,2026-05-24 18:21:48,MERGED
PR-26591,REPO-6,GH-1916,GH-1672,2026-05-10 18:36:59,2026-05-11 12:36:59,MERGED
PR-23486,REPO-6,GH-1713,GH-7560,2026-06-15 07:19:46,2026-06-16 21:19:46,MERGED
PR-68904,REPO-6,GH-1897,GH-9785,2026-05-19 19:22:31,2026-05-19 22:22:31,MERGED
PR-56890,REPO-0,GH-7868,GH-6529,2026-02-28 03:09:01,2026-02-28 08:09:01,MERGED
PR-40493,REPO-0,GH-6021,GH-4531,2025-10-01 11:16:04,2025-10-01 16:16:04,MERGED
PR-94707,REPO-19,GH-3868,GH-2646,2026-04-30 23:50:53,2026-05-02 19:50:53,MERGED
PR-75359,REPO-10,GH-7563,GH-8668,2026-07-05 20:43:34,2026-07-06 14:43:34,MERGED
PR-10609,REPO-18,GH-7227,GH-5835,2025-11-28 18:16:40,2025-11-29 13:16:40,MERGED
PR-46002,REPO-0,GH-7932,GH-6582,2026-03-05 20:12:26,2026-03-06 19:12:26,MERGED
PR-90999,REPO-14,GH-8450,GH-8973,2026-01-22 14:57:37,2026-01-22 16:57:37,MERGED
PR-39667,REPO-0,GH-3143,GH-5349,2026-08-29 14:34:05,2026-08-29 20:34:05,MERGED
PR-44037,REPO-11,GH-8378,GH-3868,2025-10-22 11:53:06,2025-10-22 14:53:06,MERGED
PR-59749,REPO-9,GH-9479,GH-2129,2026-05-12 11:10:03,2026-05-14 08:10:03,MERGED
PR-86563,REPO-4,GH-7560,GH-5742,2025-09-28 09:20:01,2025-09-29 12:20:01,MERGED
PR-46771,REPO-3,GH-7240,GH-1878,2026-01-09 03:15:03,2026-01-11 02:15:03,MERGED
PR-19849,REPO-7,GH-7797,GH-1349,2026-09-17 01:52:03,2026-09-17 05:52:03,MERGED
PR-50871,REPO-6,GH-6939,GH-7334,2026-04-28 19:03:19,2026-04-30 01:03:19,MERGED
PR-85660,REPO-2,GH-9817,GH-3655,2026-07-10 23:35:57,2026-07-11 06:35:57,MERGED
PR-77976,REPO-6,GH-7246,GH-1153,2026-06-04 01:28:51,2026-06-04 08:28:51,MERGED
PR-41295,REPO-7,GH-2113,GH-2133,2026-07-19 11:19:59,2026-07-20 22:19:59,MERGED
PR-91542,REPO-19,GH-6813,GH-2911,2026-06-21 13:28:28,2026-06-23 13:28:28,MERGED
PR-48097,REPO-7,GH-4830,GH-1436,2025-11-17 22:34:07,2025-11-18 13:34:07,MERGED
PR-79062,REPO-8,GH-4267,GH-8144,2026-01-21 03:50:19,2026-01-21 20:50:19,MERGED
PR-54993,REPO-13,GH-9548,GH-6040,2026-06-19 14:29:49,2026-06-21 06:29:49,MERGED
PR-78575,REPO-0,GH-4817,GH-5526,2025-11-20 02:11:08,2025-11-21 18:11:08,MERGED
PR-83498,REPO-4,GH-6280,GH-1406,2025-11-25 17:11:51,2025-11-25 23:11:51,MERGED
PR-65386,REPO-1,GH-6374,GH-6272,2026-05-01 14:41:07,2026-05-01 21:41:07,MERGED
PR-59278,REPO-2,GH-7046,GH-5949,2026-07-16 11:55:52,2026-07-17 15:55:52,MERGED
PR-71391,REPO-16,GH-7248,GH-3870,2026-03-23 14:43:54,2026-03-24 18:43:54,MERGED
PR-65170,REPO-13,GH-5835,GH-1887,2026-08-10 13:49:39,2026-08-10 22:49:39,MERGED
PR-26506,REPO-17,GH-6053,GH-7246,2026-02-12 23:01:31,2026-02-14 18:01:31,MERGED
PR-53425,REPO-3,GH-2229,GH-5712,2026-05-16 21:07:49,2026-05-17 01:07:49,MERGED
PR-77667,REPO-18,GH-2996,GH-3442,2025-12-01 07:43:42,2025-12-02 19:43:42,MERGED
PR-49438,REPO-15,GH-5114,GH-4509,2026-07-12 05:30:48,2026-07-13 01:30:48,MERGED
PR-81659,REPO-1,GH-2638,GH-3683,2026-03-09 06:06:41,2026-03-10 22:06:41,MERGED
PR-11444,REPO-13,GH-1653,GH-8538,2026-03-27 06:48:20,2026-03-28 02:48:20,MERGED
PR-71329,REPO-19,GH-7484,GH-1611,2025-10-11 19:03:15,2025-10-13 18:03:15,MERGED
PR-96364,REPO-15,GH-4084,GH-2874,2025-11-21 18:19:50,2025-11-22 11:19:50,MERGED
PR-62923,REPO-10,GH-6724,GH-3103,2026-01-12 12:58:11,2026-01-12 15:58:11,MERGED
PR-72444,REPO-5,GH-6763,GH-7818,2026-02-08 09:42:46,2026-02-09 00:42:46,MERGED
PR-18116,REPO-5,GH-7001,GH-8199,2026-04-08 15:53:32,2026-04-09 08:53:32,MERGED
PR-32815,REPO-2,GH-7248,GH-2213,2026-05-22 16:48:33,2026-05-22 23:48:33,MERGED
PR-19432,REPO-4,GH-SHARED-68,GH-4241,2026-07-16 06:35:50,2026-07-16 18:35:50,MERGED
PR-75647,REPO-16,GH-4362,GH-1339,2025-11-03 07:27:32,2025-11-04 06:27:32,MERGED
PR-49089,REPO-12,GH-8739,GH-7396,2026-02-15 22:19:27,2026-02-16 06:19:27,MERGED
PR-47997,REPO-1,GH-8404,GH-5902,2026-03-15 23:37:26,2026-03-16 16:37:26,MERGED
PR-62326,REPO-18,GH-1444,GH-3463,2026-02-21 04:54:36,2026-02-21 08:54:36,MERGED
PR-14230,REPO-3,GH-4986,GH-8438,2026-04-13 12:48:29,2026-04-14 15:48:29,MERGED
PR-53202,REPO-10,GH-5742,GH-8842,2026-07-17 20:29:30,2026-07-19 15:29:30,MERGED
PR-72753,REPO-2,GH-1588,GH-2697,2026-04-06 17:58:53,2026-04-07 11:58:53,MERGED
PR-59727,REPO-1,GH-3803,GH-2402,2026-02-21 13:03:40,2026-02-23 09:03:40,MERGED
PR-66324,REPO-17,GH-7078,GH-9897,2026-07-08 16:17:03,2026-07-09 20:17:03,MERGED
PR-11952,REPO-0,GH-6421,GH-8739,2026-03-10 04:31:59,2026-03-12 03:31:59,MERGED
PR-27002,REPO-10,GH-6280,GH-4084,2026-06-16 14:36:07,2026-06-17 16:36:07,MERGED
PR-58094,REPO-11,GH-SHARED-52,GH-7825,2026-02-26 09:04:31,2026-02-27 21:04:31,MERGED
PR-23681,REPO-7,GH-4522,GH-3927,2026-06-08 17:45:21,2026-06-09 16:45:21,MERGED
PR-12790,REPO-7,GH-4268,GH-4817,2026-07-11 18:17:23,2026-07-11 21:17:23,MERGED
PR-87458,REPO-0,GH-6626,GH-5050,2026-07-20 21:15:09,2026-07-20 23:15:09,MERGED
PR-17486,REPO-19,GH-8622,GH-6781,2026-05-15 04:51:36,2026-05-15 11:51:36,MERGED
PR-21211,REPO-7,GH-3546,GH-9837,2026-05-17 17:33:02,2026-05-19 04:33:02,MERGED
PR-68170,REPO-9,GH-5186,GH-6549,2026-01-02 05:14:24,2026-01-02 07:14:24,MERGED
PR-38553,REPO-14,GH-3287,GH-7717,2026-05-28 19:29:01,2026-05-28 23:29:01,MERGED
PR-67729,REPO-2,GH-5425,GH-3041,2025-10-07 18:41:04,2025-10-08 11:41:04,MERGED
PR-29254,REPO-8,GH-2876,GH-9700,2025-10-15 19:15:41,2025-10-17 11:15:41,MERGED
PR-67712,REPO-7,GH-7868,GH-7636,2026-04-07 12:35:42,2026-04-08 09:35:42,MERGED
PR-57223,REPO-13,GH-3587,GH-8699,2026-04-04 23:09:41,2026-04-06 02:09:41,MERGED
PR-76951,REPO-4,GH-3842,GH-6262,2026-04-08 23:40:10,2026-04-10 23:40:10,MERGED
PR-14272,REPO-18,GH-2353,GH-2502,2026-08-05 08:33:24,2026-08-07 07:33:24,MERGED
PR-85292,REPO-2,GH-4608,GH-3253,2025-10-02 07:20:28,2025-10-03 19:20:28,MERGED
PR-89574,REPO-17,GH-9674,GH-4830,2025-10-07 10:09:39,2025-10-09 05:09:39,MERGED
PR-40115,REPO-11,GH-5670,GH-2965,2026-07-26 06:00:45,2026-07-26 15:00:45,MERGED
PR-92920,REPO-3,GH-5562,GH-4804,2026-01-25 17:58:35,2026-01-26 06:58:35,MERGED
PR-26567,REPO-13,GH-7149,GH-5450,2026-07-20 12:44:28,2026-07-20 15:44:28,MERGED
PR-56447,REPO-2,GH-3546,GH-9666,2026-04-04 08:56:00,2026-04-05 10:56:00,MERGED
PR-90822,REPO-7,GH-2353,GH-9238,2026-04-22 11:08:34,2026-04-24 10:08:34,MERGED
PR-67106,REPO-11,GH-4770,GH-5526,2026-05-02 00:14:29,2026-05-03 07:14:29,MERGED
PR-78838,REPO-3,GH-6763,GH-7636,2026-01-14 00:47:29,2026-01-15 09:47:29,MERGED
PR-37614,REPO-10,GH-8842,GH-4945,2026-05-12 20:09:33,2026-05-14 06:09:33,MERGED
PR-28481,REPO-8,GH-4084,GH-1241,2026-05-27 03:29:22,2026-05-27 17:29:22,MERGED
PR-80756,REPO-16,GH-7044,GH-7730,2026-03-11 16:16:18,2026-03-12 05:16:18,MERGED
PR-25720,REPO-14,GH-9984,GH-7484,2025-12-29 15:01:10,2025-12-30 19:01:10,MERGED
PR-56362,REPO-2,GH-5712,GH-6055,2026-01-25 21:37:11,2026-01-26 03:37:11,MERGED
PR-78327,REPO-10,GH-SHARED-52,GH-1841,2026-04-23 12:02:59,2026-04-24 01:02:59,MERGED
PR-38863,REPO-1,GH-9626,GH-5720,2026-03-24 09:37:41,2026-03-24 22:37:41,MERGED
PR-38074,REPO-6,GH-3147,GH-9935,2026-03-08 08:15:17,2026-03-09 12:15:17,MERGED
PR-73469,REPO-8,GH-5634,GH-6120,2026-01-26 01:46:07,2026-01-27 20:46:07,MERGED
PR-25180,REPO-9,GH-2480,GH-9821,2025-12-14 15:50:45,2025-12-15 21:50:45,MERGED
PR-74117,REPO-12,GH-1783,GH-8404,2026-04-09 01:47:01,2026-04-10 04:47:01,MERGED
PR-24459,REPO-7,GH-9196,GH-5634,2025-12-17 10:00:45,2025-12-19 02:00:45,MERGED
PR-21829,REPO-19,GH-1842,GH-1496,2025-10-13 11:39:56,2025-10-15 09:39:56,MERGED
PR-20030,REPO-12,GH-2753,GH-7118,2026-01-20 19:03:34,2026-01-22 04:03:34,MERGED
PR-29902,REPO-13,GH-4814,GH-2604,2026-01-19 09:59:45,2026-01-21 09:59:45,MERGED
PR-65725,REPO-12,GH-5649,GH-2786,2026-01-24 15:18:09,2026-01-26 15:18:09,MERGED
PR-59359,REPO-8,GH-5465,GH-2402,2026-03-01 00:21:29,2026-03-02 04:21:29,MERGED
PR-42062,REPO-13,GH-8242,GH-3522,2026-03-21 21:02:17,2026-03-21 23:02:17,MERGED
PR-53572,REPO-7,GH-9138,GH-3442,2026-06-25 09:10:02,2026-06-27 02:10:02,MERGED
PR-72064,REPO-15,GH-9095,GH-9692,2026-05-07 00:12:38,2026-05-08 23:12:38,MERGED
PR-83716,REPO-18,GH-1920,GH-3007,2026-01-07 15:59:07,2026-01-08 23:59:07,MERGED
PR-65797,REPO-17,GH-9011,GH-6170,2026-09-13 21:57:50,2026-09-14 02:57:50,MERGED
PR-78758,REPO-3,GH-8019,GH-5583,2025-12-13 11:48:59,2025-12-13 20:48:59,MERGED
PR-90622,REPO-9,GH-1693,GH-SHARED-14,2026-06-19 02:09:43,2026-06-20 02:09:43,MERGED
PR-58660,REPO-5,GH-8239,GH-8267,2026-08-19 03:25:43,2026-08-20 18:25:43,MERGED
PR-27739,REPO-14,GH-6198,GH-5564,2026-08-25 14:09:19,2026-08-27 00:09:19,MERGED
PR-18751,REPO-14,GH-4404,GH-6280,2026-06-03 03:11:43,2026-06-04 20:11:43,MERGED
PR-43390,REPO-13,GH-7484,GH-8242,2025-11-08 14:05:02,2025-11-10 01:05:02,MERGED
PR-60193,REPO-5,GH-7149,GH-4404,2026-03-24 15:55:24,2026-03-26 04:55:24,MERGED
PR-97621,REPO-18,GH-1672,GH-6374,2026-03-09 06:08:41,2026-03-09 20:08:41,MERGED
PR-16840,REPO-5,GH-8606,GH-1832,2025-10-06 21:15:47,2025-10-08 06:15:47,MERGED
PR-46403,REPO-2,GH-3868,GH-9507,2026-07-04 02:35:13,2026-07-04 12:35:13,MERGED
PR-33332,REPO-8,GH-9316,GH-2169,2025-10-17 10:19:44,2025-10-18 10:19:44,MERGED
PR-43260,REPO-6,GH-1434,GH-9850,2026-03-03 23:13:12,2026-03-04 00:13:12,MERGED
PR-71709,REPO-8,GH-8532,GH-2013,2026-08-17 09:14:32,2026-08-19 02:14:32,MERGED
PR-23616,REPO-5,GH-6374,GH-8019,2025-12-26 14:42:15,2025-12-27 14:42:15,MERGED
PR-12185,REPO-17,GH-9817,GH-3573,2026-04-17 02:25:14,2026-04-18 22:25:14,MERGED
PR-62844,REPO-18,GH-8126,GH-1588,2026-09-03 16:23:00,2026-09-05 11:23:00,MERGED
PR-21005,REPO-2,GH-3780,GH-6139,2026-05-16 16:22:52,2026-05-17 21:22:52,MERGED
PR-10422,REPO-19,GH-8784,GH-1745,2026-08-05 11:30:41,2026-08-06 05:30:41,MERGED
PR-34334,REPO-14,GH-1887,GH-1841,2026-07-12 23:59:41,2026-07-14 13:59:41,MERGED
PR-70338,REPO-0,GH-3697,GH-5562,2026-03-08 05:03:58,2026-03-10 04:03:58,MERGED
PR-66866,REPO-18,GH-8905,GH-7594,2026-03-28 14:36:09,2026-03-30 08:36:09,MERGED
PR-77768,REPO-6,GH-3749,GH-6727,2025-11-20 12:18:53,2025-11-22 05:18:53,MERGED
PR-23134,REPO-0,GH-2771,GH-5930,2025-10-09 12:05:19,2025-10-10 11:05:19,MERGED
PR-69827,REPO-14,GH-8030,GH-9095,2026-08-01 16:18:51,2026-08-03 05:18:51,MERGED
PR-40710,REPO-10,GH-9850,GH-3981,2025-12-27 15:34:55,2025-12-29 00:34:55,MERGED
PR-31499,REPO-13,GH-3762,GH-2786,2026-01-24 14:13:57,2026-01-25 01:13:57,MERGED
PR-70124,REPO-1,GH-2790,GH-8316,2025-11-12 21:15:53,2025-11-13 08:15:53,MERGED
PR-88241,REPO-10,GH-SHARED-52,GH-5891,2026-09-02 00:52:12,2026-09-03 11:52:12,MERGED
PR-28098,REPO-0,GH-3827,GH-3417,2026-04-05 08:32:30,2026-04-05 21:32:30,MERGED
PR-70938,REPO-13,GH-6409,GH-4944,2025-11-04 16:23:45,2025-11-04 22:23:45,MERGED
PR-72068,REPO-3,GH-9307,GH-2353,2026-03-21 01:20:49,2026-03-21 23:20:49,MERGED
PR-88089,REPO-11,GH-4846,GH-4853,2026-06-30 02:32:21,2026-07-01 01:32:21,MERGED
PR-26522,REPO-17,GH-5264,GH-8179,2026-06-05 15:26:34,2026-06-06 01:26:34,MERGED
PR-41994,REPO-13,GH-SHARED-68,GH-3440,2026-05-13 16:16:22,2026-05-15 15:16:22,MERGED
PR-23254,REPO-10,GH-9167,GH-3522,2026-01-27 14:39:25,2026-01-28 23:39:25,MERGED
PR-84828,REPO-2,GH-5350,GH-2771,2026-06-20 02:17:49,2026-06-20 22:17:49,MERGED
PR-34341,REPO-15,GH-8777,GH-5425,2025-10-28 08:17:47,2025-10-29 17:17:47,MERGED
PR-93200,REPO-9,GH-7001,GH-6295,2025-12-23 20:20:50,2025-12-24 18:20:50,MERGED
PR-84883,REPO-5,GH-5720,GH-1964,2026-03-10 19:18:37,2026-03-12 12:18:37,MERGED
PR-31854,REPO-10,GH-3240,GH-6381,2026-05-04 06:43:42,2026-05-05 05:43:42,MERGED
PR-74324,REPO-13,GH-1907,GH-9947,2026-04-18 02:48:14,2026-04-19 03:48:14,MERGED
PR-33412,REPO-3,GH-4872,GH-5712,2026-03-21 16:30:18,2026-03-22 03:30:18,MERGED
PR-74858,REPO-10,GH-9850,GH-2412,2026-07-26 10:32:46,2026-07-27 16:32:46,MERGED
PR-20552,REPO-0,GH-3463,GH-1920,2026-07-04 15:03:05,2026-07-06 04:03:05,MERGED
PR-99700,REPO-0,GH-4697,GH-4116,2025-12-04 23:48:37,2025-12-05 23:48:37,MERGED
PR-35301,REPO-19,GH-3868,GH-6140,2025-10-07 15:49:34,2025-10-08 02:49:34,MERGED
PR-75564,REPO-7,GH-9312,GH-8355,2026-06-19 08:28:22,2026-06-19 16:28:22,MERGED
PR-60504,REPO-1,GH-2402,GH-9835,2026-01-29 08:30:44,2026-01-30 11:30:44,MERGED
PR-57628,REPO-1,GH-7658,GH-4912,2026-02-20 23:04:41,2026-02-22 21:04:41,MERGED
PR-24651,REPO-3,GH-5861,GH-8126,2026-07-09 08:37:44,2026-07-09 19:37:44,MERGED
PR-74431,REPO-3,GH-2625,GH-4878,2025-10-16 12:21:58,2025-10-17 04:21:58,MERGED
PR-84479,REPO-10,GH-1282,GH-8135,2026-03-27 05:02:58,2026-03-28 20:02:58,MERGED
PR-83864,REPO-4,GH-1653,GH-9117,2026-06-12 12:52:18,2026-06-14 10:52:18,MERGED
PR-78697,REPO-15,GH-5210,GH-SHARED-52,2025-10-13 11:15:45,2025-10-14 02:15:45,MERGED
PR-76508,REPO-11,GH-6493,GH-9727,2026-08-30 17:17:01,2026-08-31 11:17:01,MERGED
PR-17336,REPO-17,GH-2020,GH-9138,2026-07-12 19:51:37,2026-07-14 08:51:37,MERGED
PR-42124,REPO-7,GH-4571,GH-7812,2026-01-12 22:41:53,2026-01-14 19:41:53,MERGED
PR-17977,REPO-6,GH-9674,GH-5082,2026-09-21 05:16:07,2026-09-21 20:16:07,MERGED
PR-68017,REPO-0,GH-6928,GH-1464,2026-08-22 11:29:28,2026-08-24 05:29:28,MERGED
PR-88820,REPO-19,GH-3126,GH-6590,2026-08-01 14:35:33,2026-08-02 22:35:33,MERGED
PR-92040,REPO-17,GH-2341,GH-4263,2025-10-10 12:54:06,2025-10-10 20:54:06,MERGED
PR-98208,REPO-16,GH-5295,GH-4033,2026-06-27 19:41:31,2026-06-28 02:41:31,MERGED
PR-37946,REPO-17,GH-7576,GH-2647,2026-09-08 05:16:44,2026-09-09 14:16:44,MERGED
PR-30701,REPO-4,GH-7818,GH-2381,2026-04-30 23:11:03,2026-05-02 18:11:03,MERGED
PR-45308,REPO-16,GH-4626,GH-7381,2025-11-08 22:07:56,2025-11-09 15:07:56,MERGED
PR-10743,REPO-10,GH-6772,GH-9476,2025-12-13 23:34:37,2025-12-15 01:34:37,MERGED
PR-12553,REPO-13,GH-3870,GH-2584,2026-08-15 06:58:24,2026-08-17 04:58:24,MERGED
PR-90944,REPO-12,GH-7232,GH-3858,2026-09-06 17:22:48,2026-09-07 22:22:48,MERGED
PR-29893,REPO-4,GH-2465,GH-8739,2026-09-06 03:30:28,2026-09-06 13:30:28,MERGED
PR-12864,REPO-17,GH-3981,GH-5291,2026-02-26 19:34:12,2026-02-27 00:34:12,MERGED
PR-66011,REPO-19,GH-5757,GH-8316,2026-08-14 05:19:09,2026-08-15 13:19:09,MERGED
PR-74488,REPO-13,GH-7572,GH-8385,2026-01-07 23:52:16,2026-01-09 12:52:16,MERGED
PR-79699,REPO-2,GH-5089,GH-2771,2025-09-27 19:45:04,2025-09-29 04:45:04,MERGED
PR-66485,REPO-19,GH-1854,GH-2946,2026-06-08 00:36:53,2026-06-08 18:36:53,MERGED
PR-69512,REPO-4,GH-7081,GH-4743,2026-03-20 00:51:29,2026-03-21 21:51:29,MERGED
PR-85609,REPO-6,GH-2292,GH-4878,2026-01-29 21:48:43,2026-01-30 10:48:43,MERGED
PR-15171,REPO-6,GH-5853,GH-7825,2026-07-12 10:21:35,2026-07-12 19:21:35,MERGED
PR-36437,REPO-2,GH-8025,GH-9779,2026-02-21 14:27:45,2026-02-22 01:27:45,MERGED
PR-59166,REPO-4,GH-4267,GH-3803,2026-07-22 02:44:25,2026-07-23 07:44:25,MERGED
PR-26338,REPO-14,GH-6272,GH-5563,2025-10-31 01:56:12,2025-10-31 13:56:12,MERGED
PR-61076,REPO-9,GH-7381,GH-3587,2026-05-18 00:47:45,2026-05-19 07:47:45,MERGED
PR-96632,REPO-15,GH-9476,GH-4937,2026-09-04 19:17:20,2026-09-05 19:17:20,MERGED
PR-97643,REPO-5,GH-2480,GH-5920,2026-05-02 14:42:49,2026-05-03 14:42:49,MERGED
PR-44757,REPO-15,GH-1090,GH-7421,2026-07-16 20:38:42,2026-07-17 17:38:42,MERGED
PR-28919,REPO-0,GH-5335,GH-1251,2026-05-23 05:18:13,2026-05-23 08:18:13,MERGED
PR-70874,REPO-7,GH-3296,GH-8994,2026-02-05 04:56:03,2026-02-06 15:56:03,MERGED
PR-97612,REPO-8,GH-5905,GH-6372,2025-11-25 20:59:44,2025-11-26 03:59:44,MERGED
PR-28690,REPO-18,GH-4848,GH-3503,2026-05-27 15:33:43,2026-05-29 10:33:43,MERGED
PR-44960,REPO-14,GH-8685,GH-6194,2025-11-23 06:45:16,2025-11-23 15:45:16,MERGED
PR-60466,REPO-11,GH-2337,GH-2657,2026-09-12 10:18:47,2026-09-12 14:18:47,MERGED
PR-81549,REPO-18,GH-6439,GH-4263,2025-10-14 02:57:22,2025-10-14 10:57:22,MERGED
PR-54875,REPO-15,GH-5961,GH-3981,2026-06-09 04:15:31,2026-06-10 14:15:31,MERGED
PR-26554,REPO-7,GH-6994,GH-8739,2025-10-27 17:47:20,2025-10-28 16:47:20,MERGED
PR-36041,REPO-16,GH-6491,GH-6150,2026-06-08 20:59:53,2026-06-10 20:59:53,MERGED
PR-79881,REPO-19,GH-7825,GH-9117,2025-12-05 05:56:39,2025-12-06 16:56:39,MERGED
PR-62543,REPO-19,GH-1919,GH-4986,2026-07-04 02:41:34,2026-07-05 03:41:34,MERGED
PR-18757,REPO-17,GH-8685,GH-3646,2026-08-05 13:12:02,2026-08-06 16:12:02,MERGED
PR-71749,REPO-3,GH-9984,GH-6763,2026-06-06 20:08:58,2026-06-08 15:08:58,MERGED
PR-43482,REPO-10,GH-3587,GH-5033,2026-05-16 23:38:20,2026-05-18 16:38:20,MERGED
PR-39443,REPO-18,GH-1452,GH-9692,2026-05-24 20:28:24,2026-05-25 03:28:24,MERGED
PR-42931,REPO-8,GH-1659,GH-8141,2026-02-27 02:16:56,2026-02-27 08:16:56,MERGED
PR-97498,REPO-19,GH-4728,GH-3522,2026-06-24 03:08:02,2026-06-24 06:08:02,MERGED
PR-25397,REPO-18,GH-8871,GH-3114,2025-10-06 16:34:41,2025-10-07 08:34:41,MERGED
PR-22950,REPO-0,GH-5050,GH-7658,2025-10-29 06:05:29,2025-10-30 09:05:29,MERGED
PR-31049,REPO-1,GH-4697,GH-8612,2025-11-09 16:06:58,2025-11-11 04:06:58,MERGED
PR-32091,REPO-15,GH-1423,GH-5978,2025-09-29 22:02:06,2025-09-30 00:02:06,MERGED
PR-83389,REPO-18,GH-9751,GH-7929,2026-06-30 09:08:53,2026-06-30 21:08:53,MERGED
PR-96925,REPO-2,GH-8784,GH-1606,2026-03-06 16:06:53,2026-03-07 09:06:53,MERGED
PR-68004,REPO-9,GH-5634,GH-3440,2026-01-17 17:51:23,2026-01-17 20:51:23,MERGED
PR-29054,REPO-7,GH-6529,GH-6514,2026-07-04 13:32:06,2026-07-05 08:32:06,MERGED
PR-92215,REPO-17,GH-4460,GH-8532,2026-04-03 09:12:46,2026-04-04 10:12:46,MERGED
PR-76512,REPO-7,GH-5061,GH-7334,2026-01-07 16:10:25,2026-01-08 23:10:25,MERGED
PR-16973,REPO-17,GH-6990,GH-8894,2026-04-05 10:24:26,2026-04-07 02:24:26,MERGED
PR-83268,REPO-18,GH-8237,GH-1854,2026-06-04 17:28:25,2026-06-04 21:28:25,MERGED
PR-98430,REPO-4,GH-8316,GH-4033,2026-03-15 04:07:44,2026-03-16 02:07:44,MERGED
PR-10888,REPO-16,GH-8213,GH-2381,2026-05-13 00:01:03,2026-05-13 04:01:03,MERGED
PR-33506,REPO-13,GH-8371,GH-1436,2026-07-01 04:46:50,2026-07-01 16:46:50,MERGED
PR-85235,REPO-15,GH-1530,GH-9444,2026-09-03 02:24:50,2026-09-04 22:24:50,MERGED
PR-92969,REPO-5,GH-3683,GH-5562,2026-08-01 03:38:39,2026-08-02 01:38:39,MERGED
PR-33264,REPO-4,GH-2215,GH-1258,2026-01-22 10:52:55,2026-01-22 20:52:55,MERGED
PR-50850,REPO-17,GH-5742,GH-2402,2025-10-14 22:10:22,2025-10-15 05:10:22,MERGED
PR-96309,REPO-19,GH-1406,GH-5381,2026-06-15 19:03:58,2026-06-16 20:03:58,MERGED
PR-87481,REPO-1,GH-4846,GH-7570,2026-03-11 18:18:54,2026-03-13 04:18:54,MERGED
PR-81615,REPO-10,GH-4522,GH-8684,2025-12-23 10:32:51,2025-12-23 23:32:51,MERGED
PR-47643,REPO-17,GH-3531,GH-5496,2026-07-21 04:26:45,2026-07-23 00:26:45,MERGED
PR-16285,REPO-18,GH-5757,GH-7105,2026-09-01 04:04:31,2026-09-01 06:04:31,MERGED
PR-99277,REPO-13,GH-5264,GH-4268,2026-09-21 16:28:42,2026-09-21 19:28:42,MERGED
PR-53352,REPO-3,GH-9464,GH-4228,2026-05-21 00:35:23,2026-05-22 01:35:23,MERGED
PR-39225,REPO-12,GH-2489,GH-9835,2026-06-27 06:12:08,2026-06-28 23:12:08,MERGED
PR-61761,REPO-9,GH-7209,GH-7576,2026-08-10 12:46:23,2026-08-11 01:46:23,MERGED
PR-18834,REPO-7,GH-9830,GH-1444,2026-03-06 05:42:38,2026-03-07 09:42:38,MERGED
PR-15735,REPO-16,GH-3697,GH-5186,2026-03-29 20:30:13,2026-03-29 21:30:13,MERGED
PR-19094,REPO-6,GH-8699,GH-3481,2026-03-06 10:48:07,2026-03-07 02:48:07,MERGED
PR-52160,REPO-2,GH-3529,GH-1888,2026-04-20 12:20:23,2026-04-20 15:20:23,MERGED
PR-60793,REPO-3,GH-9312,GH-9501,2025-11-17 23:50:30,2025-11-19 12:50:30,MERGED
PR-68939,REPO-15,GH-9725,GH-3580,2026-08-23 07:29:47,2026-08-23 23:29:47,MERGED
PR-56260,REPO-17,GH-6608,GH-2988,2026-01-26 02:49:57,2026-01-27 04:49:57,MERGED
PR-42244,REPO-10,GH-7232,GH-5543,2026-07-16 20:49:38,2026-07-18 18:49:38,MERGED
PR-69286,REPO-9,GH-9976,GH-8434,2026-06-29 07:43:37,2026-06-30 23:43:37,MERGED
PR-77829,REPO-6,GH-5543,GH-5161,2026-04-16 07:19:36,2026-04-16 19:19:36,MERGED
PR-30428,REPO-18,GH-3273,GH-8355,2026-02-28 23:34:45,2026-03-02 01:34:45,MERGED
PR-27112,REPO-6,GH-7658,GH-9476,2026-04-28 14:39:52,2026-04-29 22:39:52,MERGED
PR-18566,REPO-19,GH-6120,GH-4119,2026-07-12 07:05:01,2026-07-12 09:05:01,MERGED
PR-51353,REPO-4,GH-9976,GH-7560,2026-09-10 08:11:34,2026-09-11 13:11:34,MERGED
PR-42688,REPO-17,GH-1502,GH-1651,2026-05-25 15:05:43,2026-05-27 10:05:43,MERGED
PR-86662,REPO-0,GH-3754,GH-9725,2026-08-07 17:27:19,2026-08-08 05:27:19,MERGED
PR-21142,REPO-0,GH-6876,GH-7504,2026-07-24 01:53:46,2026-07-25 01:53:46,MERGED
PR-57869,REPO-15,GH-7201,GH-8531,2026-07-10 15:25:40,2026-07-11 08:25:40,MERGED
PR-96430,REPO-13,GH-5632,GH-2160,2026-04-16 11:50:37,2026-04-17 09:50:37,MERGED
PR-12518,REPO-4,GH-9700,GH-4155,2025-11-27 01:12:15,2025-11-28 02:12:15,MERGED
PR-74071,REPO-10,GH-3546,GH-2419,2026-01-22 05:35:13,2026-01-22 23:35:13,MERGED
PR-24879,REPO-14,GH-3449,GH-6820,2026-04-10 19:08:30,2026-04-11 04:08:30,MERGED
PR-19884,REPO-11,GH-2290,GH-3615,2026-08-17 19:46:03,2026-08-19 18:46:03,MERGED
PR-70393,REPO-10,GH-4920,GH-5846,2026-04-11 02:52:42,2026-04-12 00:52:42,MERGED
PR-89358,REPO-16,GH-3780,GH-7029,2025-12-27 03:13:40,2025-12-27 15:13:40,MERGED
PR-20427,REPO-18,GH-5712,GH-9821,2026-05-04 01:23:22,2026-05-04 14:23:22,MERGED
PR-19932,REPO-17,GH-8532,GH-1006,2026-05-28 05:38:34,2026-05-28 17:38:34,MERGED
PR-95831,REPO-13,GH-4673,GH-SHARED-48,2026-01-19 07:24:09,2026-01-21 03:24:09,MERGED
PR-17917,REPO-5,GH-2290,GH-3317,2026-07-27 13:24:26,2026-07-28 17:24:26,MERGED
PR-51820,REPO-11,GH-8498,GH-4115,2026-02-19 15:44:27,2026-02-20 14:44:27,MERGED
PR-92862,REPO-0,GH-8739,GH-4441,2025-10-31 16:27:38,2025-11-01 18:27:38,MERGED
PR-66735,REPO-17,GH-9817,GH-9955,2026-04-16 00:33:33,2026-04-16 11:33:33,MERGED
PR-89667,REPO-1,GH-5415,GH-5526,2026-01-06 22:26:41,2026-01-07 08:26:41,MERGED
PR-92773,REPO-15,GH-6055,GH-2771,2026-05-31 04:53:21,2026-06-01 02:53:21,MERGED
PR-54708,REPO-19,GH-7267,GH-3621,2026-06-20 12:45:11,2026-06-21 12:45:11,MERGED
PR-72414,REPO-10,GH-7116,GH-8933,2025-11-28 10:26:45,2025-11-29 04:26:45,MERGED
PR-92926,REPO-18,GH-6228,GH-9196,2026-04-02 13:58:23,2026-04-03 04:58:23,MERGED
PR-12542,REPO-19,GH-5471,GH-3068,2026-06-26 04:17:14,2026-06-27 13:17:14,MERGED
PR-44866,REPO-10,GH-5562,GH-9727,2026-04-19 05:35:38,2026-04-20 10:35:38,MERGED
PR-73530,REPO-19,GH-9850,GH-9042,2026-09-18 06:29:00,2026-09-19 21:29:00,MERGED
PR-65442,REPO-6,GH-9282,GH-9444,2026-02-17 10:25:56,2026-02-17 11:25:56,MERGED
PR-65236,REPO-6,GH-3442,GH-1964,2026-04-16 23:16:51,2026-04-17 23:16:51,MERGED
PR-51168,REPO-4,GH-9138,GH-9238,2026-01-22 14:44:40,2026-01-23 08:44:40,MERGED
PR-52310,REPO-6,GH-7029,GH-6925,2026-01-18 18:44:44,2026-01-19 02:44:44,MERGED
PR-59155,REPO-10,GH-1502,GH-6751,2025-11-21 08:16:50,2025-11-21 10:16:50,MERGED
PR-17321,REPO-9,GH-7818,GH-1939,2026-01-21 12:58:32,2026-01-23 10:58:32,MERGED
PR-54323,REPO-5,GH-2293,GH-5562,2026-04-03 15:31:42,2026-04-04 18:31:42,MERGED
PR-68785,REPO-12,GH-8612,GH-2771,2026-03-07 18:43:26,2026-03-08 02:43:26,MERGED
PR-16879,REPO-8,GH-6421,GH-8684,2026-05-02 18:56:37,2026-05-04 15:56:37,MERGED
PR-28045,REPO-1,GH-2796,GH-1046,2026-07-26 12:20:42,2026-07-27 09:20:42,MERGED
PR-43590,REPO-17,GH-9998,GH-7693,2026-08-03 00:25:33,2026-08-03 13:25:33,MERGED
PR-36946,REPO-3,GH-2489,GH-2193,2026-06-12 18:37:51,2026-06-14 07:37:51,MERGED
PR-57308,REPO-9,GH-1272,GH-8673,2026-01-12 11:57:52,2026-01-12 15:57:52,MERGED
PR-37047,REPO-0,GH-9751,GH-3417,2026-05-05 03:01:09,2026-05-07 02:01:09,MERGED
PR-42573,REPO-15,GH-4846,GH-4608,2026-06-02 19:57:55,2026-06-04 11:57:55,MERGED
PR-10001,REPO-0,GH-5331,GH-9779,2025-10-28 19:18:57,2025-10-30 00:18:57,MERGED
PR-65465,REPO-18,GH-1634,GH-9047,2026-04-24 08:54:12,2026-04-25 08:54:12,MERGED
PR-49590,REPO-13,GH-5670,GH-8007,2026-05-05 16:42:15,2026-05-06 09:42:15,MERGED
PR-72456,REPO-6,GH-2188,GH-4114,2026-03-30 16:45:05,2026-03-30 17:45:05,MERGED
PR-45398,REPO-7,GH-7807,GH-6820,2025-10-02 07:36:11,2025-10-04 04:36:11,MERGED
PR-46808,REPO-0,GH-6129,GH-4060,2026-08-14 08:55:04,2026-08-15 03:55:04,MERGED
PR-34650,REPO-6,GH-9433,GH-9947,2026-09-04 19:11:36,2026-09-06 16:11:36,MERGED
PR-74032,REPO-0,GH-1854,GH-3142,2026-08-05 16:41:25,2026-08-06 07:41:25,MERGED
PR-80879,REPO-15,GH-7022,GH-3426,2026-08-26 19:49:28,2026-08-27 16:49:28,MERGED
PR-74816,REPO-11,GH-3697,GH-8489,2026-08-25 08:08:43,2026-08-26 19:08:43,MERGED
PR-31532,REPO-11,GH-8218,GH-SHARED-48,2026-04-25 05:23:24,2026-04-25 08:23:24,MERGED
PR-61950,REPO-18,GH-3143,GH-5562,2025-11-24 17:08:40,2025-11-25 20:08:40,MERGED
PR-31587,REPO-3,GH-8532,GH-4515,2026-03-03 11:43:58,2026-03-04 02:43:58,MERGED
PR-61768,REPO-10,GH-4868,GH-9692,2026-05-21 18:58:02,2026-05-23 13:58:02,MERGED
PR-69461,REPO-13,GH-7116,GH-6442,2025-10-05 14:53:42,2025-10-07 11:53:42,MERGED
PR-50180,REPO-16,GH-6123,GH-1444,2026-02-24 07:08:34,2026-02-25 09:08:34,MERGED
PR-18784,REPO-0,GH-1282,GH-1333,2026-02-18 13:40:39,2026-02-19 18:40:39,MERGED
PR-87769,REPO-9,GH-2293,GH-2489,2026-07-14 05:02:09,2026-07-16 01:02:09,MERGED
PR-60299,REPO-1,GH-3417,GH-4878,2026-04-04 22:32:34,2026-04-06 09:32:34,MERGED
PR-99764,REPO-13,GH-1266,GH-7018,2026-02-23 09:33:18,2026-02-23 11:33:18,MERGED
PR-20874,REPO-15,GH-2208,GH-6529,2025-10-18 12:46:20,2025-10-20 11:46:20,MERGED
PR-22445,REPO-17,GH-1674,GH-6574,2025-10-06 08:04:08,2025-10-08 04:04:08,MERGED
PR-43187,REPO-18,GH-9327,GH-6562,2026-04-29 18:59:49,2026-04-30 02:59:49,MERGED
PR-20069,REPO-19,GH-5335,GH-8784,2026-07-18 23:06:52,2026-07-20 06:06:52,MERGED
PR-59377,REPO-0,GH-3369,GH-3621,2025-11-13 21:03:04,2025-11-14 17:03:04,MERGED
PR-67422,REPO-4,GH-3546,GH-4362,2026-02-17 22:05:53,2026-02-18 22:05:53,MERGED
PR-96017,REPO-17,GH-1845,GH-7211,2026-09-18 08:32:23,2026-09-19 22:32:23,MERGED
PR-72688,REPO-7,GH-5480,GH-9071,2025-10-14 00:35:23,2025-10-14 14:35:23,MERGED
PR-92001,REPO-16,GH-7537,GH-6403,2025-11-19 13:16:34,2025-11-20 04:16:34,MERGED
PR-26688,REPO-11,GH-7798,GH-9071,2026-04-09 07:54:25,2026-04-10 23:54:25,MERGED
PR-66720,REPO-5,GH-1444,GH-2215,2026-09-05 03:28:52,2026-09-05 05:28:52,MERGED
PR-15236,REPO-17,GH-8749,GH-9889,2026-05-30 20:51:13,2026-05-31 14:51:13,MERGED
PR-60606,REPO-17,GH-1672,GH-8842,2025-12-29 13:51:32,2025-12-31 10:51:32,MERGED
PR-90788,REPO-10,GH-4116,GH-5846,2026-02-01 07:05:05,2026-02-01 12:05:05,MERGED
PR-97776,REPO-10,GH-2768,GH-6727,2026-09-11 11:43:03,2026-09-12 00:43:03,MERGED
PR-57380,REPO-4,GH-9433,GH-2353,2026-03-04 22:35:59,2026-03-06 09:35:59,MERGED
PR-33996,REPO-9,GH-1715,GH-4052,2026-04-22 04:23:24,2026-04-23 22:23:24,MERGED
PR-10428,REPO-2,GH-5051,GH-9727,2025-10-08 10:05:35,2025-10-08 23:05:35,MERGED
PR-72438,REPO-8,GH-8123,GH-5901,2025-11-12 19:57:29,2025-11-13 20:57:29,MERGED
PR-84261,REPO-3,GH-3223,GH-9689,2026-07-22 03:36:06,2026-07-22 04:36:06,MERGED
PR-32523,REPO-7,GH-3532,GH-4944,2026-07-11 12:14:58,2026-07-12 13:14:58,MERGED
PR-45353,REPO-19,GH-6925,GH-1133,2026-06-16 21:52:03,2026-06-18 05:52:03,MERGED
PR-32746,REPO-7,GH-8726,GH-2269,2026-02-12 03:46:30,2026-02-12 21:46:30,MERGED
PR-68479,REPO-7,GH-3449,GH-9976,2026-05-22 13:20:30,2026-05-23 04:20:30,MERGED
PR-60393,REPO-2,GH-7717,GH-8531,2026-07-01 01:06:40,2026-07-02 17:06:40,MERGED
PR-67958,REPO-16,GH-3441,GH-8792,2026-09-12 15:15:47,2026-09-13 05:15:47,MERGED
PR-99979,REPO-9,GH-7232,GH-2864,2026-08-30 02:50:54,2026-08-30 18:50:54,MERGED
PR-57123,REPO-2,GH-1645,GH-2924,2026-04-06 17:09:38,2026-04-06 19:09:38,MERGED
PR-94542,REPO-11,GH-3683,GH-7580,2026-06-17 07:55:03,2026-06-18 22:55:03,MERGED
PR-82459,REPO-7,GH-2790,GH-6573,2025-10-21 11:56:42,2025-10-22 04:56:42,MERGED
PR-33061,REPO-2,GH-6082,GH-6576,2025-12-08 22:49:38,2025-12-10 10:49:38,MERGED
PR-20098,REPO-13,GH-SHARED-27,GH-9727,2026-06-22 18:44:14,2026-06-23 01:44:14,MERGED
PR-33451,REPO-5,GH-2527,GH-4878,2026-01-01 17:02:11,2026-01-03 04:02:11,MERGED
PR-17451,REPO-5,GH-9488,GH-5891,2026-03-21 20:32:22,2026-03-22 05:32:22,MERGED
PR-85217,REPO-15,GH-6442,GH-5949,2026-06-02 02:52:48,2026-06-02 20:52:48,MERGED
PR-78112,REPO-17,GH-3339,GH-3870,2026-03-25 12:32:41,2026-03-27 03:32:41,MERGED
PR-58169,REPO-15,GH-9900,GH-8225,2025-12-22 07:34:56,2025-12-23 03:34:56,MERGED
PR-29289,REPO-6,GH-9335,GH-6772,2026-01-26 04:13:48,2026-01-27 18:13:48,MERGED
PR-58702,REPO-7,GH-8484,GH-1611,2026-08-06 00:41:54,2026-08-06 14:41:54,MERGED
PR-48721,REPO-13,GH-8123,GH-9998,2025-12-23 09:38:48,2025-12-23 13:38:48,MERGED
PR-56500,REPO-12,GH-4052,GH-6990,2025-10-24 11:28:33,2025-10-25 20:28:33,MERGED
PR-83608,REPO-9,GH-4898,GH-2129,2025-10-21 04:23:27,2025-10-21 08:23:27,MERGED
PR-76315,REPO-16,GH-3287,GH-9727,2025-11-07 09:47:20,2025-11-07 19:47:20,MERGED
PR-31416,REPO-18,GH-2874,GH-9011,2026-03-19 04:54:52,2026-03-19 07:54:52,MERGED
PR-74681,REPO-15,GH-8933,GH-1651,2025-10-29 21:52:57,2025-10-30 03:52:57,MERGED
PR-43827,REPO-10,GH-6482,GH-6129,2025-10-08 09:25:37,2025-10-09 21:25:37,MERGED
PR-87303,REPO-10,GH-5846,GH-2076,2026-08-20 07:42:17,2026-08-22 03:42:17,MERGED
PR-63046,REPO-8,GH-1986,GH-8123,2026-08-02 23:25:52,2026-08-04 13:25:52,MERGED
PR-38698,REPO-8,GH-1821,GH-2465,2026-01-21 08:33:19,2026-01-22 00:33:19,MERGED
PR-17458,REPO-19,GH-3222,GH-8237,2026-08-21 22:33:24,2026-08-23 00:33:24,MERGED
PR-47547,REPO-15,GH-8316,GH-5262,2026-03-03 22:26:44,2026-03-05 14:26:44,MERGED
PR-94930,REPO-0,GH-2684,GH-3532,2025-09-30 21:30:05,2025-10-01 01:30:05,MERGED
PR-56825,REPO-5,GH-4456,GH-8740,2026-07-31 05:06:48,2026-08-01 18:06:48,MERGED
PR-20793,REPO-5,GH-SHARED-68,GH-7543,2026-05-23 18:17:18,2026-05-25 10:17:18,MERGED
PR-47282,REPO-18,GH-2402,GH-5533,2026-04-15 14:24:53,2026-04-15 19:24:53,MERGED
PR-97164,REPO-19,GH-4788,GH-4728,2026-06-29 02:04:25,2026-06-30 23:04:25,MERGED
PR-62572,REPO-14,GH-8700,GH-5708,2026-08-18 19:16:26,2026-08-19 11:16:26,MERGED
PR-51936,REPO-14,GH-9900,GH-7636,2026-07-04 16:37:03,2026-07-05 08:37:03,MERGED
PR-82367,REPO-13,GH-3529,GH-1530,2025-12-28 18:59:12,2025-12-30 08:59:12,MERGED
PR-52412,REPO-15,GH-8673,GH-6772,2026-07-16 12:54:47,2026-07-16 21:54:47,MERGED
PR-33660,REPO-4,GH-8657,GH-4846,2026-02-06 23:42:14,2026-02-07 02:42:14,MERGED
PR-45841,REPO-4,GH-3573,GH-6120,2026-08-09 23:59:15,2026-08-11 01:59:15,MERGED
PR-68884,REPO-8,GH-1488,GH-7624,2026-05-03 17:02:49,2026-05-04 19:02:49,MERGED
PR-81636,REPO-1,GH-5061,GH-1588,2026-01-21 05:24:36,2026-01-21 07:24:36,MERGED
PR-37972,REPO-9,GH-9501,GH-2527,2025-11-27 04:12:01,2025-11-28 23:12:01,MERGED
PR-33230,REPO-3,GH-5571,GH-5564,2026-07-28 16:26:17,2026-07-30 10:26:17,MERGED
PR-57373,REPO-8,GH-8994,GH-4872,2026-05-26 10:59:50,2026-05-27 05:59:50,MERGED
PR-25917,REPO-17,GH-6447,GH-5331,2026-07-09 04:28:50,2026-07-09 05:28:50,MERGED
PR-20914,REPO-17,GH-4696,GH-3973,2025-12-15 10:19:42,2025-12-15 16:19:42,MERGED
PR-91309,REPO-12,GH-4944,GH-2475,2025-09-29 07:19:35,2025-09-29 13:19:35,MERGED
PR-92781,REPO-16,GH-2204,GH-1423,2026-02-12 20:23:12,2026-02-12 22:23:12,MERGED
PR-62751,REPO-12,GH-9437,GH-9270,2025-11-20 18:55:26,2025-11-21 05:55:26,MERGED
PR-39720,REPO-15,GH-3762,GH-6040,2026-05-28 08:06:22,2026-05-30 03:06:22,MERGED
PR-95028,REPO-6,GH-9935,GH-8438,2025-12-12 03:36:03,2025-12-13 06:36:03,MERGED
PR-87941,REPO-0,GH-1200,GH-9984,2025-12-19 11:21:25,2025-12-20 23:21:25,MERGED
PR-54656,REPO-18,GH-5114,GH-5915,2026-07-01 10:41:05,2026-07-03 02:41:05,MERGED
PR-79594,REPO-12,GH-4878,GH-7561,2026-01-06 09:41:16,2026-01-06 14:41:16,MERGED
PR-23123,REPO-2,GH-5450,GH-9117,2026-06-07 22:27:52,2026-06-08 06:27:52,MERGED
PR-81950,REPO-17,GH-7044,GH-7626,2026-08-05 10:36:51,2026-08-07 07:36:51,MERGED
PR-15339,REPO-17,GH-4637,GH-5786,2026-04-18 10:57:16,2026-04-19 13:57:16,MERGED
PR-83556,REPO-11,GH-6439,GH-SHARED-27,2026-09-20 04:23:40,2026-09-20 20:23:40,MERGED
PR-92685,REPO-5,GH-7211,GH-7606,2025-12-10 07:14:25,2025-12-10 09:14:25,MERGED
PR-63465,REPO-4,GH-5279,GH-1434,2026-02-17 10:57:13,2026-02-19 06:57:13,MERGED
PR-43423,REPO-18,GH-6813,GH-3655,2025-11-22 00:23:07,2025-11-23 15:23:07,MERGED
PR-85578,REPO-3,GH-6439,GH-4143,2026-05-27 15:37:32,2026-05-29 09:37:32,MERGED
PR-19463,REPO-7,GH-3546,GH-9312,2025-11-13 23:19:13,2025-11-15 01:19:13,MERGED
PR-24519,REPO-6,GH-5425,GH-9311,2026-09-04 02:12:55,2026-09-05 23:12:55,MERGED
PR-26153,REPO-3,GH-9922,GH-9824,2026-07-05 09:33:18,2026-07-06 09:33:18,MERGED
PR-17810,REPO-0,GH-1153,GH-3580,2026-02-18 01:03:15,2026-02-19 07:03:15,MERGED
PR-86871,REPO-5,GH-5000,GH-3153,2026-04-18 01:25:46,2026-04-19 00:25:46,MERGED
PR-61196,REPO-7,GH-6772,GH-2129,2026-04-06 15:26:14,2026-04-07 02:26:14,MERGED
PR-77696,REPO-11,GH-7240,GH-3616,2025-12-20 08:46:28,2025-12-21 04:46:28,MERGED
PR-90425,REPO-9,GH-5051,GH-1693,2026-01-22 08:45:32,2026-01-23 18:45:32,MERGED
PR-82597,REPO-0,GH-4441,GH-2480,2026-02-18 20:18:33,2026-02-20 09:18:33,MERGED
PR-65685,REPO-15,GH-5649,GH-1659,2026-08-18 05:40:22,2026-08-20 02:40:22,MERGED
PR-12153,REPO-7,GH-8770,GH-2106,2025-12-25 03:03:06,2025-12-25 08:03:06,MERGED
PR-94281,REPO-8,GH-4527,GH-6724,2026-01-09 18:22:02,2026-01-10 23:22:02,MERGED
PR-92458,REPO-19,GH-7484,GH-8372,2025-12-05 00:18:55,2025-12-05 16:18:55,MERGED
PR-74166,REPO-8,GH-9313,GH-5582,2026-06-03 23:47:04,2026-06-04 13:47:04,MERGED
PR-46394,REPO-10,GH-3697,GH-1409,2025-10-27 18:50:15,2025-10-28 22:50:15,MERGED
PR-39573,REPO-6,GH-3414,GH-3463,2025-10-11 10:26:59,2025-10-11 19:26:59,MERGED
PR-65096,REPO-0,GH-6663,GH-9701,2026-06-19 03:41:22,2026-06-19 09:41:22,MERGED
PR-79581,REPO-5,GH-5941,GH-3842,2026-08-23 09:48:41,2026-08-24 23:48:41,MERGED
PR-25118,REPO-9,GH-5719,GH-1829,2026-03-01 15:35:04,2026-03-03 12:35:04,MERGED
PR-61721,REPO-1,GH-1320,GH-1854,2026-06-06 20:33:33,2026-06-08 10:33:33,MERGED
PR-41520,REPO-4,GH-5315,GH-6573,2026-04-12 15:51:26,2026-04-14 00:51:26,MERGED
PR-77889,REPO-6,GH-5291,GH-1653,2025-12-25 01:05:57,2025-12-26 17:05:57,MERGED
PR-70410,REPO-13,GH-6776,GH-5564,2026-07-27 08:27:21,2026-07-29 04:27:21,MERGED
PR-22879,REPO-18,GH-5562,GH-8484,2026-08-19 23:05:03,2026-08-21 10:05:03,MERGED
PR-76062,REPO-4,GH-5415,GH-5616,2026-03-19 21:41:01,2026-03-20 16:41:01,MERGED
PR-85547,REPO-8,GH-1634,GH-1842,2026-02-18 04:06:00,2026-02-19 11:06:00,MERGED
PR-52158,REPO-18,GH-5345,GH-9889,2026-04-21 22:28:26,2026-04-23 17:28:26,MERGED
PR-82422,REPO-9,GH-4261,GH-3956,2025-10-05 20:15:08,2025-10-05 23:15:08,MERGED
PR-83172,REPO-1,GH-8213,GH-8894,2026-09-18 09:38:53,2026-09-20 01:38:53,MERGED
PR-43136,REPO-2,GH-6310,GH-6040,2026-09-15 09:25:44,2026-09-16 19:25:44,MERGED
PR-94381,REPO-17,GH-8430,GH-4228,2026-02-24 05:57:42,2026-02-25 17:57:42,MERGED
PR-91143,REPO-8,GH-8564,GH-4963,2025-12-08 07:05:06,2025-12-09 02:05:06,MERGED
PR-27106,REPO-9,GH-2771,GH-1018,2026-09-07 11:15:28,2026-09-09 10:15:28,MERGED
PR-92789,REPO-14,GH-8739,GH-5526,2025-10-08 22:27:15,2025-10-09 09:27:15,MERGED
PR-48513,REPO-7,GH-6776,GH-9375,2025-10-21 23:20:41,2025-10-23 22:20:41,MERGED
PR-77237,REPO-2,GH-5295,GH-8532,2026-01-13 18:00:48,2026-01-15 04:00:48,MERGED
PR-27596,REPO-16,GH-8267,GH-4696,2025-10-17 14:08:37,2025-10-19 06:08:37,MERGED
PR-89489,REPO-19,GH-3153,GH-8784,2026-09-12 04:41:14,2026-09-12 20:41:14,MERGED
PR-20992,REPO-7,GH-7543,GH-9335,2026-08-08 21:59:08,2026-08-10 13:59:08,MERGED
PR-11098,REPO-16,GH-4396,GH-6574,2026-05-07 18:52:53,2026-05-08 06:52:53,MERGED
PR-24681,REPO-0,GH-5333,GH-6062,2025-12-14 09:29:07,2025-12-14 18:29:07,MERGED
PR-10402,REPO-9,GH-7576,GH-1611,2025-11-19 16:37:37,2025-11-21 08:37:37,MERGED
PR-19994,REPO-12,GH-7622,GH-1745,2026-08-11 13:18:30,2026-08-13 04:18:30,MERGED
PR-54235,REPO-17,GH-1251,GH-1475,2026-02-24 11:52:04,2026-02-25 19:52:04,MERGED
PR-36631,REPO-0,GH-2796,GH-2713,2025-12-31 15:44:46,2026-01-01 16:44:46,MERGED
PR-78746,REPO-15,GH-1919,GH-5911,2025-12-28 07:45:47,2025-12-29 00:45:47,MERGED
PR-76505,REPO-11,GH-3240,GH-1018,2026-03-04 03:01:53,2026-03-05 16:01:53,MERGED
PR-69389,REPO-2,GH-6055,GH-2874,2025-11-11 10:35:33,2025-11-13 00:35:33,MERGED
PR-59265,REPO-18,GH-7171,GH-5450,2026-07-15 12:27:01,2026-07-17 07:27:01,MERGED
PR-98903,REPO-17,GH-4918,GH-8372,2026-07-20 09:18:12,2026-07-21 15:18:12,MERGED
PR-93463,REPO-16,GH-1282,GH-5186,2026-03-20 09:40:09,2026-03-21 01:40:09,MERGED
PR-84643,REPO-18,GH-8973,GH-3463,2026-04-10 22:30:18,2026-04-11 11:30:18,MERGED
PR-71994,REPO-17,GH-2743,GH-1406,2026-07-14 00:41:19,2026-07-15 02:41:19,MERGED
PR-32795,REPO-14,GH-3114,GH-3852,2026-07-13 01:28:07,2026-07-13 15:28:07,MERGED
PR-57422,REPO-7,GH-2076,GH-1854,2026-02-27 07:54:50,2026-02-27 23:54:50,MERGED
PR-55178,REPO-17,GH-8842,GH-1251,2025-11-08 16:33:42,2025-11-10 11:33:42,MERGED
PR-66904,REPO-4,GH-6439,GH-4862,2026-04-02 10:55:29,2026-04-03 04:55:29,MERGED
PR-38394,REPO-17,GH-3522,GH-8527,2026-04-26 10:21:57,2026-04-27 22:21:57,MERGED
PR-79272,REPO-13,GH-8956,GH-9042,2026-03-14 09:31:17,2026-03-15 22:31:17,MERGED
PR-45638,REPO-4,GH-9751,GH-9331,2025-12-02 01:38:49,2025-12-02 04:38:49,MERGED
PR-61024,REPO-0,GH-9928,GH-6038,2025-11-04 19:30:36,2025-11-04 23:30:36,MERGED
PR-86344,REPO-14,GH-1251,GH-5847,2026-06-29 15:26:47,2026-07-01 09:26:47,MERGED
PR-63955,REPO-5,GH-3504,GH-3449,2026-04-17 15:11:04,2026-04-18 00:11:04,MERGED
PR-91971,REPO-11,GH-5741,GH-3440,2026-06-08 23:39:49,2026-06-10 06:39:49,MERGED
PR-20301,REPO-17,GH-1514,GH-2479,2025-12-13 03:38:35,2025-12-13 14:38:35,MERGED
PR-51648,REPO-3,GH-4919,GH-3546,2025-10-06 13:05:59,2025-10-07 19:05:59,MERGED
PR-32111,REPO-17,GH-4986,GH-5712,2025-10-19 21:26:32,2025-10-21 11:26:32,MERGED
PR-22388,REPO-4,GH-3399,GH-3344,2025-11-02 17:02:54,2025-11-03 11:02:54,MERGED
PR-62213,REPO-1,GH-5471,GH-5295,2026-06-10 09:35:01,2026-06-11 20:35:01,MERGED
PR-34464,REPO-4,GH-8673,GH-9479,2025-10-13 23:52:03,2025-10-14 00:52:03,MERGED
PR-74396,REPO-16,GH-2480,GH-2195,2026-05-01 06:21:55,2026-05-03 05:21:55,MERGED
PR-80694,REPO-14,GH-7865,GH-8564,2025-12-16 01:07:59,2025-12-16 09:07:59,MERGED
PR-13003,REPO-10,GH-7717,GH-3001,2026-03-10 05:46:29,2026-03-12 02:46:29,MERGED
PR-77931,REPO-1,GH-7246,GH-7825,2025-10-02 08:24:03,2025-10-02 18:24:03,MERGED
PR-96449,REPO-11,GH-8025,GH-6153,2026-03-24 01:44:34,2026-03-24 02:44:34,MERGED
PR-19535,REPO-4,GH-9674,GH-3878,2026-05-26 20:53:54,2026-05-27 05:53:54,MERGED
PR-80026,REPO-12,GH-3165,GH-2530,2026-09-03 23:43:38,2026-09-05 19:43:38,MERGED
PR-12118,REPO-13,GH-7171,GH-2771,2026-07-21 15:40:49,2026-07-22 00:40:49,MERGED
PR-66773,REPO-1,GH-1672,GH-8272,2026-06-29 00:54:45,2026-06-30 15:54:45,MERGED
PR-18653,REPO-19,GH-5632,GH-9239,2026-01-02 12:53:37,2026-01-02 18:53:37,MERGED
PR-95830,REPO-14,GH-9331,GH-8916,2026-05-17 15:48:30,2026-05-17 21:48:30,MERGED
PR-18320,REPO-19,GH-3240,GH-8272,2025-11-15 20:39:07,2025-11-17 13:39:07,MERGED
PR-91741,REPO-14,GH-1349,GH-1693,2026-07-18 14:21:06,2026-07-19 18:21:06,MERGED
PR-74737,REPO-4,GH-4728,GH-3852,2026-08-23 12:42:06,2026-08-23 15:42:06,MERGED
PR-99435,REPO-17,GH-1841,GH-9624,2025-10-22 11:54:45,2025-10-23 03:54:45,MERGED
PR-61138,REPO-8,GH-3868,GH-2924,2026-09-14 05:03:35,2026-09-16 04:03:35,MERGED
PR-93092,REPO-11,GH-9446,GH-4450,2026-09-08 09:13:53,2026-09-10 05:13:53,MERGED
PR-35502,REPO-18,GH-9498,GH-8030,2025-12-26 05:00:53,2025-12-27 18:00:53,MERGED
PR-54287,REPO-2,GH-9312,GH-8126,2025-12-29 05:39:07,2025-12-30 12:39:07,MERGED
PR-99972,REPO-18,GH-4841,GH-9889,2025-12-14 02:31:39,2025-12-14 09:31:39,MERGED
PR-98529,REPO-8,GH-4788,GH-SHARED-77,2025-11-16 17:06:02,2025-11-18 02:06:02,MERGED
PR-53727,REPO-15,GH-1920,GH-6928,2026-07-28 21:44:29,2026-07-29 13:44:29,MERGED
PR-72371,REPO-6,GH-1530,GH-7001,2025-10-04 17:28:45,2025-10-06 03:28:45,MERGED
PR-44832,REPO-13,GH-5689,GH-2020,2026-02-02 04:18:14,2026-02-02 14:18:14,MERGED
PR-25992,REPO-11,GH-4228,GH-8840,2026-09-12 11:03:52,2026-09-14 01:03:52,MERGED
PR-10881,REPO-17,GH-9689,GH-9031,2026-08-03 04:42:49,2026-08-04 04:42:49,MERGED
PR-51592,REPO-10,GH-9674,GH-6573,2025-12-13 08:06:35,2025-12-15 06:06:35,MERGED
PR-66112,REPO-9,GH-6543,GH-3573,2026-05-15 00:21:33,2026-05-15 02:21:33,MERGED
PR-27187,REPO-7,GH-3754,GH-8684,2026-04-11 16:10:51,2026-04-12 00:10:51,MERGED
PR-99390,REPO-16,GH-1090,GH-3697,2025-12-11 20:48:46,2025-12-12 15:48:46,MERGED
PR-74307,REPO-16,GH-2624,GH-3442,2026-05-18 21:35:03,2026-05-20 05:35:03,MERGED
PR-58343,REPO-0,GH-2697,GH-6813,2026-05-31 04:53:52,2026-05-31 18:53:52,MERGED
PR-34959,REPO-5,GH-7553,GH-5350,2026-07-27 03:46:55,2026-07-27 08:46:55,MERGED
PR-91797,REPO-19,GH-2832,GH-3296,2026-02-28 10:32:56,2026-02-28 14:32:56,MERGED
PR-73417,REPO-10,GH-3683,GH-5325,2026-03-10 21:16:22,2026-03-11 22:16:22,MERGED
PR-97789,REPO-18,GH-4456,GH-9047,2026-09-12 17:25:59,2026-09-13 23:25:59,MERGED
PR-33809,REPO-17,GH-9751,GH-7981,2026-04-22 08:41:12,2026-04-23 13:41:12,MERGED
PR-83988,REPO-14,GH-1713,GH-3414,2025-12-02 14:16:39,2025-12-04 04:16:39,MERGED
PR-80800,REPO-11,GH-1599,GH-1090,2026-09-16 20:36:35,2026-09-17 17:36:35,MERGED
PR-74631,REPO-9,GH-2983,GH-4919,2025-10-01 11:15:55,2025-10-01 22:15:55,MERGED
PR-75289,REPO-18,GH-3573,GH-3827,2026-07-03 17:21:01,2026-07-05 15:21:01,MERGED
PR-75234,REPO-7,GH-8740,GH-8272,2026-01-24 03:38:46,2026-01-24 11:38:46,MERGED
PR-32710,REPO-11,GH-6654,GH-9830,2025-11-14 03:51:21,2025-11-14 06:51:21,MERGED
PR-77977,REPO-17,GH-4868,GH-3858,2025-11-27 14:58:06,2025-11-28 23:58:06,MERGED
PR-61687,REPO-11,GH-3273,GH-6310,2026-01-03 22:49:20,2026-01-04 01:49:20,MERGED
PR-84778,REPO-11,GH-1436,GH-8849,2026-06-24 04:04:34,2026-06-24 10:04:34,MERGED
PR-55645,REPO-4,GH-8684,GH-2623,2026-02-23 12:12:24,2026-02-23 14:12:24,MERGED
PR-17430,REPO-6,GH-1609,GH-8199,2025-12-31 05:54:28,2025-12-31 18:54:28,MERGED
PR-25095,REPO-2,GH-6198,GH-7049,2026-09-18 17:21:02,2026-09-19 19:21:02,MERGED
PR-79357,REPO-1,GH-9138,GH-6194,2026-05-08 08:10:39,2026-05-09 13:10:39,MERGED
PR-97181,REPO-6,GH-6400,GH-5333,2025-10-31 22:59:37,2025-11-01 18:59:37,MERGED
PR-28430,REPO-9,GH-6820,GH-5632,2026-09-11 19:31:46,2026-09-11 20:31:46,MERGED
PR-18653,REPO-18,GH-5649,GH-8060,2026-08-13 04:28:04,2026-08-15 04:28:04,MERGED
PR-55251,REPO-0,GH-9281,GH-5905,2026-01-20 10:31:54,2026-01-22 07:31:54,MERGED
PR-13361,REPO-0,GH-2876,GH-8239,2026-08-29 07:12:14,2026-08-30 14:12:14,MERGED
PR-66521,REPO-19,GH-3317,GH-5000,2026-02-06 02:36:54,2026-02-07 16:36:54,MERGED
PR-24029,REPO-7,GH-3200,GH-3441,2026-07-13 20:18:41,2026-07-14 17:18:41,MERGED
PR-63154,REPO-9,GH-4456,GH-4362,2025-09-27 21:28:58,2025-09-29 10:28:58,MERGED
PR-55617,REPO-9,GH-2388,GH-6927,2026-04-05 02:50:03,2026-04-05 21:50:03,MERGED
PR-25533,REPO-8,GH-5835,GH-7293,2026-03-06 10:53:36,2026-03-07 19:53:36,MERGED
PR-23156,REPO-6,GH-5010,GH-6772,2026-03-12 05:22:57,2026-03-13 07:22:57,MERGED
PR-77744,REPO-2,GH-4868,GH-4872,2026-02-17 11:38:43,2026-02-19 10:38:43,MERGED
PR-63554,REPO-10,GH-1783,GH-1645,2025-11-08 11:08:10,2025-11-08 18:08:10,MERGED
PR-47712,REPO-14,GH-2353,GH-2713,2025-12-17 01:58:07,2025-12-18 11:58:07,MERGED
PR-68565,REPO-13,GH-7691,GH-5000,2025-12-08 13:08:15,2025-12-10 11:08:15,MERGED
PR-30523,REPO-6,GH-3449,GH-7576,2026-09-15 07:09:05,2026-09-16 12:09:05,MERGED
PR-92160,REPO-8,GH-7246,GH-3419,2025-11-14 06:45:28,2025-11-14 08:45:28,MERGED
PR-81287,REPO-8,GH-9830,GH-4694,2026-04-01 20:58:49,2026-04-03 08:58:49,MERGED
PR-85257,REPO-18,GH-8842,GH-9935,2025-09-29 18:14:56,2025-09-30 15:14:56,MERGED
PR-75776,REPO-2,GH-6582,GH-9830,2025-09-28 03:59:55,2025-09-29 17:59:55,MERGED
PR-79361,REPO-19,GH-4261,GH-3001,2025-10-11 11:47:55,2025-10-13 04:47:55,MERGED
PR-73572,REPO-12,GH-7570,GH-4846,2026-01-06 15:24:38,2026-01-08 04:24:38,MERGED
PR-24934,REPO-16,GH-1086,GH-3827,2026-02-03 10:30:59,2026-02-04 15:30:59,MERGED
PR-23853,REPO-6,GH-6992,GH-2612,2026-08-09 01:12:32,2026-08-10 04:12:32,MERGED
PR-92283,REPO-5,GH-4862,GH-2876,2026-06-11 22:37:13,2026-06-12 05:37:13,MERGED
PR-76120,REPO-11,GH-9312,GH-1595,2025-10-17 14:10:16,2025-10-19 04:10:16,MERGED
PR-80451,REPO-4,GH-SHARED-34,GH-3858,2026-01-31 11:50:36,2026-02-02 04:50:36,MERGED
PR-62297,REPO-9,GH-2337,GH-SHARED-77,2026-03-22 16:26:15,2026-03-23 09:26:15,MERGED
PR-40557,REPO-4,GH-4644,GH-3878,2026-07-04 09:11:00,2026-07-05 14:11:00,MERGED
PR-64891,REPO-17,GH-6139,GH-4626,2025-11-18 23:56:19,2025-11-19 20:56:19,MERGED
PR-21014,REPO-2,GH-6419,GH-5065,2026-06-24 03:15:36,2026-06-25 12:15:36,MERGED
PR-16556,REPO-12,GH-7843,GH-2983,2026-06-09 16:48:42,2026-06-09 19:48:42,MERGED
PR-65511,REPO-7,GH-2293,GH-5033,2026-04-13 22:59:15,2026-04-14 21:59:15,MERGED
PR-62187,REPO-14,GH-8538,GH-7691,2026-02-13 01:00:03,2026-02-13 20:00:03,MERGED
PR-39098,REPO-17,GH-8030,GH-5941,2026-06-24 03:27:05,2026-06-25 14:27:05,MERGED
PR-42543,REPO-2,GH-3607,GH-9056,2026-06-30 11:26:57,2026-07-02 06:26:57,MERGED
PR-24150,REPO-19,GH-5668,GH-7389,2025-11-15 00:23:44,2025-11-15 14:23:44,MERGED
PR-74958,REPO-0,GH-5573,GH-7049,2025-11-30 12:00:26,2025-12-01 05:00:26,MERGED
PR-45861,REPO-3,GH-7267,GH-7216,2026-03-31 15:46:40,2026-04-02 04:46:40,MERGED
PR-81646,REPO-16,GH-9900,GH-3253,2026-06-10 00:54:41,2026-06-10 03:54:41,MERGED
PR-23708,REPO-8,GH-1514,GH-6573,2025-11-27 13:08:32,2025-11-28 04:08:32,MERGED
PR-42633,REPO-12,GH-4978,GH-4268,2026-09-10 21:56:07,2026-09-12 11:56:07,MERGED
PR-72620,REPO-4,GH-8126,GH-2713,2025-11-17 23:58:58,2025-11-18 15:58:58,MERGED
PR-80492,REPO-2,GH-5906,GH-4878,2026-06-21 02:32:26,2026-06-22 14:32:26,MERGED
PR-52946,REPO-13,GH-4060,GH-9167,2026-05-07 00:05:25,2026-05-08 15:05:25,MERGED
PR-49470,REPO-15,GH-8359,GH-6781,2025-10-21 16:22:54,2025-10-22 01:22:54,MERGED
PR-99444,REPO-18,GH-4673,GH-5712,2026-09-14 16:00:49,2026-09-15 10:00:49,MERGED
PR-84869,REPO-11,GH-2627,GH-4115,2026-03-14 19:25:29,2026-03-15 15:25:29,MERGED
PR-59972,REPO-4,GH-8564,GH-7653,2025-11-08 19:48:06,2025-11-09 04:48:06,MERGED
PR-55485,REPO-9,GH-3927,GH-7381,2026-07-11 09:21:31,2026-07-11 13:21:31,MERGED
PR-72121,REPO-5,GH-9476,GH-1745,2026-05-06 07:53:16,2026-05-07 09:53:16,MERGED
PR-75976,REPO-8,GH-4060,GH-2204,2026-07-09 10:12:50,2026-07-10 03:12:50,MERGED
PR-80366,REPO-16,GH-4891,GH-8527,2025-10-20 16:27:02,2025-10-20 23:27:02,MERGED
PR-60576,REPO-15,GH-3441,GH-8247,2026-04-22 12:53:42,2026-04-23 23:53:42,MERGED
PR-40482,REPO-8,GH-1710,GH-3858,2026-01-19 08:14:14,2026-01-20 05:14:14,MERGED
PR-30206,REPO-6,GH-8726,GH-2293,2026-08-21 12:04:58,2026-08-22 17:04:58,MERGED
PR-91368,REPO-17,GH-6543,GH-6150,2026-06-26 16:46:01,2026-06-26 22:46:01,MERGED
PR-98934,REPO-12,GH-3114,GH-3223,2026-01-24 10:43:05,2026-01-24 21:43:05,MERGED
PR-95859,REPO-5,GH-6555,GH-8900,2026-08-21 23:29:29,2026-08-22 03:29:29,MERGED
PR-14351,REPO-7,GH-9446,GH-4993,2026-05-28 09:42:21,2026-05-30 00:42:21,MERGED
PR-23610,REPO-7,GH-4804,GH-9543,2025-10-19 13:48:51,2025-10-19 18:48:51,MERGED
PR-65703,REPO-12,GH-8916,GH-5728,2025-11-24 17:55:45,2025-11-25 05:55:45,MERGED
PR-72273,REPO-17,GH-6198,GH-2479,2026-08-06 00:17:26,2026-08-07 16:17:26,MERGED
PR-97755,REPO-17,GH-1821,GH-2213,2026-07-09 00:06:02,2026-07-09 16:06:02,MERGED
PR-43483,REPO-3,GH-1685,GH-3252,2026-07-23 20:50:48,2026-07-25 07:50:48,MERGED
PR-30316,REPO-19,GH-4460,GH-1595,2026-07-04 13:27:30,2026-07-06 10:27:30,MERGED
PR-23717,REPO-9,GH-1200,GH-8532,2026-06-08 18:17:58,2026-06-09 23:17:58,MERGED
PR-88409,REPO-8,GH-8941,GH-6119,2025-10-03 07:38:57,2025-10-05 07:38:57,MERGED
PR-16471,REPO-5,GH-4804,GH-9507,2026-06-22 20:20:20,2026-06-24 09:20:20,MERGED
PR-60585,REPO-7,GH-8144,GH-5835,2025-11-15 14:43:27,2025-11-16 18:43:27,MERGED
PR-83152,REPO-1,GH-1916,GH-9433,2026-07-29 09:52:54,2026-07-31 05:52:54,MERGED
PR-21147,REPO-17,GH-5526,GH-3419,2026-05-07 17:08:18,2026-05-09 02:08:18,MERGED
PR-94084,REPO-15,GH-9548,GH-5533,2026-06-23 16:25:01,2026-06-24 05:25:01,MERGED
PR-14570,REPO-13,GH-8247,GH-9935,2025-11-21 15:29:18,2025-11-22 04:29:18,MERGED
PR-61509,REPO-12,GH-5906,GH-1888,2025-11-04 16:51:50,2025-11-05 12:51:50,MERGED
PR-63117,REPO-17,GH-8239,GH-1634,2025-11-10 11:23:35,2025-11-11 12:23:35,MERGED
PR-93267,REPO-0,GH-4743,GH-6053,2026-02-05 01:33:28,2026-02-05 09:33:28,MERGED
PR-59421,REPO-18,GH-7267,GH-6820,2025-10-08 06:28:39,2025-10-10 03:28:39,MERGED
PR-56990,REPO-4,GH-6977,GH-3153,2026-04-02 23:57:53,2026-04-04 16:57:53,MERGED
PR-25437,REPO-4,GH-7537,GH-8894,2026-07-23 22:05:08,2026-07-25 06:05:08,MERGED
PR-94538,REPO-5,GH-7653,GH-7566,2026-03-25 14:23:39,2026-03-26 00:23:39,MERGED
PR-44646,REPO-18,GH-9479,GH-6776,2025-11-09 06:41:23,2025-11-11 05:41:23,MERGED
PR-26569,REPO-15,GH-2795,GH-2679,2026-04-11 08:50:30,2026-04-12 21:50:30,MERGED
PR-63740,REPO-1,GH-6038,GH-8135,2026-05-07 03:56:42,2026-05-07 07:56:42,MERGED
PR-75942,REPO-6,GH-6218,GH-4728,2026-07-11 21:53:36,2026-07-13 09:53:36,MERGED
PR-77726,REPO-8,GH-1434,GH-5844,2025-12-05 19:35:02,2025-12-06 06:35:02,MERGED
PR-24314,REPO-18,GH-6927,GH-8378,2026-04-21 21:36:27,2026-04-23 16:36:27,MERGED
PR-39807,REPO-5,GH-3950,GH-5582,2026-08-07 10:07:10,2026-08-08 15:07:10,MERGED
PR-43610,REPO-13,GH-9095,GH-9444,2026-08-06 14:51:33,2026-08-08 08:51:33,MERGED
PR-64159,REPO-9,GH-6421,GH-9095,2026-06-29 15:15:55,2026-07-01 03:15:55,MERGED
PR-25147,REPO-13,GH-6039,GH-9742,2026-06-05 01:55:54,2026-06-07 00:55:54,MERGED
PR-36500,REPO-19,GH-6228,GH-9281,2025-12-15 16:20:37,2025-12-16 12:20:37,MERGED
PR-57178,REPO-14,GH-SHARED-52,GH-7951,2026-03-18 22:09:14,2026-03-19 15:09:14,MERGED
PR-63166,REPO-7,GH-5632,GH-9899,2025-10-11 09:28:55,2025-10-12 03:28:55,MERGED
PR-49265,REPO-14,GH-5649,GH-9313,2025-12-14 15:50:36,2025-12-16 00:50:36,MERGED
PR-92656,REPO-9,GH-4228,GH-6140,2026-05-02 13:29:09,2026-05-03 09:29:09,MERGED
PR-50563,REPO-10,GH-9488,GH-7095,2025-10-14 18:56:31,2025-10-14 20:56:31,MERGED
PR-70646,REPO-19,GH-8454,GH-5336,2026-09-11 21:18:22,2026-09-13 06:18:22,MERGED
PR-99388,REPO-0,GH-8007,GH-3236,2026-06-09 18:26:07,2026-06-09 22:26:07,MERGED
PR-40645,REPO-5,GH-1452,GH-1200,2026-05-08 07:20:14,2026-05-09 01:20:14,MERGED
PR-33886,REPO-2,GH-2402,GH-7951,2026-04-17 01:14:38,2026-04-17 22:14:38,MERGED
PR-55485,REPO-3,GH-5632,GH-7850,2026-06-09 12:40:45,2026-06-11 06:40:45,MERGED
PR-16490,REPO-14,GH-1783,GH-3870,2026-05-16 21:02:01,2026-05-18 19:02:01,MERGED
PR-18619,REPO-11,GH-4178,GH-2876,2026-02-13 08:22:16,2026-02-13 09:22:16,MERGED
PR-25534,REPO-9,GH-2530,GH-9935,2026-05-25 21:00:59,2026-05-26 15:00:59,MERGED
PR-47252,REPO-1,GH-5706,GH-4946,2026-01-03 18:06:34,2026-01-03 23:06:34,MERGED
PR-90818,REPO-19,GH-2235,GH-SHARED-52,2026-09-12 09:21:44,2026-09-12 21:21:44,MERGED
PR-85708,REPO-12,GH-9835,GH-7224,2026-06-14 22:19:03,2026-06-16 16:19:03,MERGED
PR-16081,REPO-1,GH-9725,GH-3973,2026-06-01 21:31:41,2026-06-02 13:31:41,MERGED
PR-81176,REPO-10,GH-3165,GH-4115,2026-02-19 12:59:23,2026-02-20 09:59:23,MERGED
PR-28542,REPO-7,GH-2480,GH-6994,2026-09-20 10:11:34,2026-09-21 10:11:34,MERGED
PR-26525,REPO-5,GH-4608,GH-5012,2026-07-05 14:08:41,2026-07-06 19:08:41,MERGED
PR-33715,REPO-11,GH-8225,GH-4443,2026-08-10 18:06:55,2026-08-11 22:06:55,MERGED
PR-18850,REPO-5,GH-7570,GH-5415,2026-04-18 22:54:25,2026-04-20 08:54:25,MERGED
PR-84126,REPO-16,GH-9196,GH-2235,2026-08-27 20:44:19,2026-08-29 00:44:19,MERGED
PR-70784,REPO-17,GH-5562,GH-2106,2025-10-14 06:41:29,2025-10-15 13:41:29,MERGED
PR-38304,REPO-10,GH-5471,GH-9727,2026-08-04 11:53:53,2026-08-05 23:53:53,MERGED
PR-24379,REPO-8,GH-8361,GH-2133,2026-05-04 05:41:28,2026-05-05 08:41:28,MERGED
PR-11709,REPO-6,GH-9444,GH-9666,2026-09-18 12:08:16,2026-09-18 15:08:16,MERGED
PR-26671,REPO-4,GH-3200,GH-8840,2026-06-17 01:03:55,2026-06-17 08:03:55,MERGED
PR-64778,REPO-6,GH-2489,GH-8699,2026-03-23 13:31:18,2026-03-23 17:31:18,MERGED
PR-46163,REPO-0,GH-7149,GH-9727,2026-08-19 12:54:05,2026-08-21 04:54:05,MERGED
PR-65023,REPO-5,GH-7658,GH-5583,2025-10-26 16:28:26,2025-10-26 17:28:26,MERGED
PR-61544,REPO-11,GH-6439,GH-8894,2025-11-02 04:22:11,2025-11-02 07:22:11,MERGED
PR-49387,REPO-1,GH-9779,GH-3414,2026-04-06 05:20:28,2026-04-06 08:20:28,MERGED
PR-34715,REPO-13,GH-7798,GH-6021,2026-03-09 23:27:18,2026-03-10 14:27:18,MERGED
PR-74617,REPO-16,GH-6140,GH-8354,2025-09-27 22:35:29,2025-09-29 18:35:29,MERGED
PR-46927,REPO-6,GH-7947,GH-8894,2026-08-12 04:56:39,2026-08-12 16:56:39,MERGED
PR-14552,REPO-7,GH-3503,GH-1133,2026-04-18 03:59:47,2026-04-20 00:59:47,MERGED
PR-63171,REPO-2,GH-7029,GH-7216,2026-05-19 19:46:23,2026-05-20 19:46:23,MERGED
PR-45160,REPO-14,GH-7730,GH-8126,2026-07-18 19:56:19,2026-07-20 12:56:19,MERGED
PR-45501,REPO-6,GH-2713,GH-1042,2025-12-02 19:01:40,2025-12-03 20:01:40,MERGED
PR-85063,REPO-10,GH-9098,GH-3573,2025-10-15 01:07:29,2025-10-16 17:07:29,MERGED
PR-47475,REPO-18,GH-7484,GH-1053,2026-08-24 06:58:27,2026-08-26 01:58:27,MERGED
PR-49452,REPO-7,GH-9437,GH-1674,2026-04-01 16:41:23,2026-04-02 13:41:23,MERGED
PR-25988,REPO-3,GH-7825,GH-3063,2026-05-04 10:37:57,2026-05-05 20:37:57,MERGED
PR-83004,REPO-2,GH-1018,GH-5022,2026-09-19 13:09:01,2026-09-20 10:09:01,MERGED
PR-66747,REPO-11,GH-8378,GH-SHARED-14,2026-06-02 06:35:24,2026-06-03 15:35:24,MERGED
PR-98697,REPO-3,GH-4394,GH-2169,2026-03-23 21:38:42,2026-03-25 18:38:42,MERGED
PR-70660,REPO-10,GH-3587,GH-1645,2026-04-04 04:36:52,2026-04-04 13:36:52,MERGED
PR-92483,REPO-3,GH-8616,GH-9444,2026-02-10 10:09:39,2026-02-11 09:09:39,MERGED
PR-26176,REPO-0,GH-9307,GH-9501,2025-10-29 06:30:38,2025-10-29 20:30:38,MERGED
PR-14598,REPO-16,GH-4944,GH-8784,2025-11-25 07:19:43,2025-11-25 15:19:43,MERGED
PR-33070,REPO-19,GH-8679,GH-6776,2026-04-04 03:39:07,2026-04-04 05:39:07,MERGED
PR-55084,REPO-5,GH-8532,GH-9666,2026-06-06 23:54:31,2026-06-08 22:54:31,MERGED
PR-40753,REPO-19,GH-1339,GH-1653,2026-02-27 00:39:09,2026-02-27 11:39:09,MERGED
PR-32846,REPO-14,GH-6421,GH-5012,2026-02-14 16:59:15,2026-02-15 11:59:15,MERGED
PR-56404,REPO-15,GH-2698,GH-3503,2026-04-22 21:30:25,2026-04-23 06:30:25,MERGED
PR-60998,REPO-2,GH-9797,GH-8792,2025-11-27 11:02:47,2025-11-28 19:02:47,MERGED
PR-33971,REPO-17,GH-6238,GH-7029,2025-12-09 07:32:04,2025-12-09 13:32:04,MERGED
PR-72714,REPO-13,GH-7553,GH-4185,2025-11-16 23:37:56,2025-11-17 20:37:56,MERGED
PR-30023,REPO-8,GH-2753,GH-8007,2026-02-02 02:46:30,2026-02-02 13:46:30,MERGED
PR-97864,REPO-19,GH-7658,GH-4396,2026-06-10 16:07:13,2026-06-12 16:07:13,MERGED
PR-72755,REPO-1,GH-3236,GH-5712,2026-04-06 17:39:58,2026-04-07 09:39:58,MERGED
PR-46146,REPO-3,GH-7132,GH-1958,2025-11-14 18:24:44,2025-11-15 10:24:44,MERGED
PR-95616,REPO-10,GH-7381,GH-4531,2026-07-26 02:54:50,2026-07-26 23:54:50,MERGED
PR-76678,REPO-2,GH-2269,GH-2195,2026-04-09 01:18:08,2026-04-09 20:18:08,MERGED
PR-96466,REPO-10,GH-1659,GH-9727,2026-07-30 19:15:42,2026-07-31 19:15:42,MERGED
PR-27968,REPO-15,GH-9056,GH-2139,2026-05-16 02:53:38,2026-05-16 19:53:38,MERGED
PR-91304,REPO-6,GH-9725,GH-3492,2025-12-30 21:48:48,2026-01-01 03:48:48,MERGED
PR-80092,REPO-0,GH-8894,GH-7421,2026-03-11 07:41:33,2026-03-12 14:41:33,MERGED
PR-99776,REPO-13,GH-1339,GH-9725,2026-06-26 10:20:03,2026-06-28 07:20:03,MERGED
PR-85788,REPO-9,GH-1006,GH-3712,2025-12-05 09:26:17,2025-12-06 07:26:17,MERGED
PR-21668,REPO-9,GH-9196,GH-2480,2026-02-21 02:47:06,2026-02-21 15:47:06,MERGED
PR-14328,REPO-11,GH-5000,GH-6820,2026-06-24 17:35:41,2026-06-25 20:35:41,MERGED
PR-60609,REPO-10,GH-4268,GH-9031,2025-12-20 12:44:11,2025-12-22 01:44:11,MERGED
PR-56936,REPO-5,GH-3306,GH-1832,2025-10-19 05:27:44,2025-10-20 18:27:44,MERGED
PR-11042,REPO-7,GH-2213,GH-6409,2025-10-16 00:06:19,2025-10-17 00:06:19,MERGED
PR-78749,REPO-9,GH-9947,GH-6082,2026-06-28 19:05:59,2026-06-30 07:05:59,MERGED
PR-44304,REPO-9,GH-9742,GH-3252,2026-01-28 08:46:28,2026-01-29 03:46:28,MERGED
PR-61841,REPO-9,GH-4060,GH-2965,2025-10-11 04:45:20,2025-10-12 19:45:20,MERGED
PR-44576,REPO-14,GH-7209,GH-6925,2026-01-14 07:59:17,2026-01-15 17:59:17,MERGED
PR-85447,REPO-13,GH-5905,GH-1086,2026-01-01 10:54:12,2026-01-02 21:54:12,MERGED
PR-72774,REPO-1,GH-2698,GH-8253,2026-06-18 08:18:14,2026-06-19 04:18:14,MERGED
PR-70485,REPO-11,GH-1821,GH-2229,2026-05-10 18:57:56,2026-05-11 20:57:56,MERGED
PR-10303,REPO-6,GH-4404,GH-6105,2025-11-06 02:02:23,2025-11-07 06:02:23,MERGED
PR-14389,REPO-5,GH-8244,GH-4396,2026-09-20 16:55:57,2026-09-21 08:55:57,MERGED
PR-12453,REPO-14,GH-7658,GH-5118,2026-04-26 14:07:37,2026-04-27 05:07:37,MERGED
PR-61936,REPO-18,GH-8994,GH-9938,2026-07-04 04:23:58,2026-07-05 15:23:58,MERGED
PR-59994,REPO-10,GH-9151,GH-1430,2025-12-12 19:24:34,2025-12-14 09:24:34,MERGED
PR-30903,REPO-14,GH-4292,GH-8784,2026-02-08 07:04:49,2026-02-08 20:04:49,MERGED
PR-69807,REPO-14,GH-3103,GH-1601,2026-07-31 01:13:31,2026-07-31 02:13:31,MERGED
PR-86247,REPO-11,GH-6198,GH-2391,2026-05-04 02:46:21,2026-05-04 19:46:21,MERGED
PR-12147,REPO-17,GH-4986,GH-4116,2026-02-27 01:33:08,2026-02-28 07:33:08,MERGED
PR-17666,REPO-5,GH-2337,GH-8484,2026-08-28 23:00:45,2026-08-30 22:00:45,MERGED
PR-23315,REPO-8,GH-4862,GH-5911,2025-11-28 22:22:58,2025-11-30 05:22:58,MERGED
PR-88737,REPO-15,GH-2213,GH-9899,2026-04-12 05:27:35,2026-04-12 17:27:35,MERGED
PR-54989,REPO-10,GH-1920,GH-8905,2025-11-26 23:58:40,2025-11-28 01:58:40,MERGED
PR-42427,REPO-9,GH-2353,GH-7686,2026-06-23 20:33:31,2026-06-24 12:33:31,MERGED
PR-90503,REPO-16,GH-2489,GH-6573,2026-01-03 16:09:17,2026-01-05 11:09:17,MERGED
PR-88415,REPO-15,GH-2402,GH-7658,2026-01-19 01:57:04,2026-01-20 00:57:04,MERGED
PR-24338,REPO-19,GH-5655,GH-8450,2025-11-11 21:45:55,2025-11-12 04:45:55,MERGED
PR-29615,REPO-17,GH-3153,GH-3442,2025-10-11 18:59:34,2025-10-12 02:59:34,MERGED
PR-94678,REPO-12,GH-5772,GH-3522,2026-09-04 13:24:48,2026-09-05 02:24:48,MERGED
PR-86036,REPO-0,GH-8933,GH-4404,2025-10-16 21:50:32,2025-10-16 22:50:32,MERGED
PR-59482,REPO-0,GH-2475,GH-9488,2026-08-11 08:22:52,2026-08-12 17:22:52,MERGED
PR-68745,REPO-2,GH-8199,GH-4362,2025-09-26 18:41:23,2025-09-27 11:41:23,MERGED
PR-84349,REPO-15,GH-4626,GH-3900,2026-04-28 04:15:22,2026-04-28 06:15:22,MERGED
PR-25338,REPO-11,GH-9196,GH-4295,2026-01-30 03:27:36,2026-01-31 00:27:36,MERGED
PR-40486,REPO-18,GH-1841,GH-8237,2026-08-09 03:35:13,2026-08-09 19:35:13,MERGED
PR-97042,REPO-4,GH-5616,GH-3114,2025-12-20 14:28:31,2025-12-21 02:28:31,MERGED
PR-94712,REPO-12,GH-5061,GH-8685,2025-12-03 01:55:59,2025-12-04 13:55:59,MERGED
PR-15301,REPO-6,GH-2746,GH-3621,2026-04-22 21:28:01,2026-04-23 15:28:01,MERGED
PR-80559,REPO-9,GH-6931,GH-3900,2026-07-12 09:43:10,2026-07-13 13:43:10,MERGED
PR-61047,REPO-18,GH-9320,GH-3939,2026-05-27 07:31:28,2026-05-28 03:31:28,MERGED
PR-75251,REPO-0,GH-2796,GH-7248,2025-12-14 07:10:57,2025-12-16 00:10:57,MERGED
PR-60818,REPO-7,GH-5911,GH-1715,2026-01-29 18:59:30,2026-01-30 20:59:30,MERGED
PR-26947,REPO-12,GH-3580,GH-5543,2026-05-28 17:48:32,2026-05-29 12:48:32,MERGED
PR-33467,REPO-3,GH-3827,GH-9479,2026-02-26 23:37:39,2026-02-27 12:37:39,MERGED
PR-79716,REPO-9,GH-2106,GH-5543,2026-07-07 00:58:52,2026-07-07 08:58:52,MERGED
PR-24669,REPO-15,GH-6931,GH-2790,2025-11-22 06:12:58,2025-11-23 13:12:58,MERGED
PR-79054,REPO-13,GH-6724,GH-1241,2025-10-31 13:54:19,2025-11-02 07:54:19,MERGED
PR-10279,REPO-13,GH-5906,GH-2832,2025-12-09 05:56:36,2025-12-09 06:56:36,MERGED
PR-34713,REPO-6,GH-5757,GH-4814,2026-07-06 22:53:15,2026-07-07 05:53:15,MERGED
PR-40794,REPO-1,GH-8253,GH-6751,2025-10-03 04:48:59,2025-10-05 02:48:59,MERGED
PR-90733,REPO-11,GH-7163,GH-6663,2026-09-03 22:47:52,2026-09-05 17:47:52,MERGED
PR-31497,REPO-19,GH-2832,GH-7576,2026-06-19 15:21:52,2026-06-20 21:21:52,MERGED
PR-37106,REPO-7,GH-4396,GH-1611,2025-11-20 07:22:00,2025-11-21 16:22:00,MERGED
PR-62755,REPO-3,GH-3868,GH-4228,2025-11-18 04:17:20,2025-11-19 06:17:20,MERGED
PR-76597,REPO-7,GH-6021,GH-7095,2025-10-01 13:57:20,2025-10-02 04:57:20,MERGED
PR-52646,REPO-5,GH-5835,GH-7334,2025-10-11 22:19:41,2025-10-13 22:19:41,MERGED
PR-80546,REPO-11,GH-3440,GH-9692,2026-05-28 07:17:15,2026-05-28 14:17:15,MERGED
PR-29749,REPO-15,GH-2146,GH-9897,2025-11-18 22:21:35,2025-11-20 00:21:35,MERGED
PR-85333,REPO-12,GH-2527,GH-9311,2026-09-08 05:19:18,2026-09-08 12:19:18,MERGED
PR-31300,REPO-14,GH-2746,GH-3330,2026-01-23 10:40:37,2026-01-24 07:40:37,MERGED
PR-49041,REPO-8,GH-3449,GH-7504,2025-12-30 06:06:16,2025-12-30 15:06:16,MERGED
PR-85247,REPO-19,GH-7512,GH-3463,2025-10-04 02:18:48,2025-10-05 04:18:48,MERGED
PR-47254,REPO-15,GH-2874,GH-6439,2026-09-05 11:01:05,2026-09-06 05:01:05,MERGED
PR-24751,REPO-16,GH-5649,GH-5342,2025-09-26 03:55:23,2025-09-27 09:55:23,MERGED
PR-52816,REPO-19,GH-9346,GH-6663,2026-09-02 23:25:22,2026-09-03 07:25:22,MERGED
PR-18022,REPO-14,GH-7543,GH-2139,2026-09-03 21:12:20,2026-09-05 08:12:20,MERGED
PR-10071,REPO-17,GH-2795,GH-2391,2025-11-08 03:21:58,2025-11-09 14:21:58,MERGED
PR-23346,REPO-1,GH-5772,GH-2234,2026-05-18 02:02:57,2026-05-19 17:02:57,MERGED
PR-80957,REPO-3,GH-1815,GH-6493,2025-12-05 14:05:24,2025-12-06 09:05:24,MERGED
PR-95672,REPO-18,GH-1053,GH-7484,2026-09-07 09:06:01,2026-09-08 19:06:01,MERGED
PR-48652,REPO-0,GH-5335,GH-4263,2026-08-02 07:49:42,2026-08-02 09:49:42,MERGED
PR-18911,REPO-7,GH-5891,GH-6021,2026-01-27 15:52:48,2026-01-28 22:52:48,MERGED
PR-82834,REPO-8,GH-1982,GH-2213,2026-05-16 17:17:37,2026-05-18 15:17:37,MERGED
PR-48770,REPO-4,GH-7046,GH-4853,2026-05-08 02:50:24,2026-05-09 08:50:24,MERGED
PR-41410,REPO-6,GH-2646,GH-3440,2026-02-12 22:26:22,2026-02-14 16:26:22,MERGED
PR-37879,REPO-3,GH-7484,GH-8025,2026-08-22 09:05:15,2026-08-24 08:05:15,MERGED
PR-62099,REPO-15,GH-5847,GH-6724,2025-11-19 06:02:33,2025-11-19 11:02:33,MERGED
PR-66362,REPO-4,GH-9693,GH-6111,2026-06-26 10:03:02,2026-06-27 08:03:02,MERGED
PR-31459,REPO-0,GH-7132,GH-2604,2026-06-09 09:53:38,2026-06-11 07:53:38,MERGED
PR-48999,REPO-9,GH-5526,GH-3317,2025-11-25 13:55:20,2025-11-27 08:55:20,MERGED
PR-58619,REPO-14,GH-4986,GH-1742,2025-11-19 11:26:35,2025-11-20 19:26:35,MERGED
PR-87638,REPO-18,GH-9199,GH-8123,2025-10-01 06:56:31,2025-10-01 18:56:31,MERGED
PR-96844,REPO-14,GH-6236,GH-2020,2026-03-05 23:39:17,2026-03-07 16:39:17,MERGED
PR-70571,REPO-6,GH-4891,GH-5333,2026-03-27 11:09:57,2026-03-28 09:09:57,MERGED
PR-44848,REPO-16,GH-6419,GH-3007,2026-04-19 04:49:55,2026-04-19 18:49:55,MERGED
PR-89921,REPO-13,GH-8837,GH-6876,2026-06-02 22:03:08,2026-06-04 09:03:08,MERGED
PR-90897,REPO-10,GH-6129,GH-2502,2025-11-07 04:43:18,2025-11-09 03:43:18,MERGED
PR-38968,REPO-10,GH-1653,GH-7576,2025-12-02 08:31:34,2025-12-03 08:31:34,MERGED
PR-70906,REPO-10,GH-8292,GH-3580,2026-02-27 20:16:13,2026-02-27 21:16:13,MERGED
PR-25930,REPO-10,GH-6491,GH-2638,2026-08-31 14:20:03,2026-09-02 03:20:03,MERGED
PR-53003,REPO-7,GH-1939,GH-9446,2026-03-09 00:32:03,2026-03-10 11:32:03,MERGED
PR-76801,REPO-12,GH-5291,GH-1693,2026-08-10 17:56:35,2026-08-12 08:56:35,MERGED
PR-66387,REPO-0,GH-9331,GH-2790,2026-08-09 01:31:16,2026-08-10 01:31:16,MERGED
PR-56801,REPO-12,GH-6990,GH-7594,2026-08-13 21:12:16,2026-08-14 05:12:16,MERGED
PR-70532,REPO-13,GH-6539,GH-7818,2025-11-05 13:57:46,2025-11-07 06:57:46,MERGED
PR-14911,REPO-9,GH-3529,GH-4443,2025-09-29 09:57:16,2025-10-01 04:57:16,MERGED
PR-44510,REPO-15,GH-2480,GH-9843,2026-06-01 03:51:27,2026-06-01 20:51:27,MERGED
PR-37710,REPO-14,GH-9565,GH-6977,2026-01-07 22:28:08,2026-01-09 11:28:08,MERGED
PR-96412,REPO-1,GH-5708,GH-6714,2026-05-02 15:55:45,2026-05-04 06:55:45,MERGED
PR-46466,REPO-0,GH-2965,GH-5634,2026-04-01 11:02:57,2026-04-02 20:02:57,MERGED
PR-69464,REPO-7,GH-5911,GH-5114,2026-02-11 02:51:08,2026-02-12 10:51:08,MERGED
PR-83393,REPO-8,GH-5742,GH-5915,2026-02-28 06:32:29,2026-02-28 13:32:29,MERGED
PR-36941,REPO-6,GH-3399,GH-5381,2025-11-14 22:49:34,2025-11-16 05:49:34,MERGED
PR-55758,REPO-0,GH-1672,GH-3780,2026-07-23 13:43:33,2026-07-24 22:43:33,MERGED
PR-44336,REPO-4,GH-8316,GH-3103,2026-07-31 08:32:42,2026-08-02 02:32:42,MERGED
PR-18688,REPO-11,GH-4115,GH-4814,2026-08-30 04:33:33,2026-08-30 08:33:33,MERGED
PR-94311,REPO-6,GH-1634,GH-5061,2025-10-27 08:40:16,2025-10-27 12:40:16,MERGED
PR-83140,REPO-8,GH-7022,GH-8606,2026-08-06 02:51:48,2026-08-06 12:51:48,MERGED
PR-34316,REPO-11,GH-1964,GH-5526,2025-11-28 10:42:30,2025-11-28 11:42:30,MERGED
PR-16765,REPO-6,GH-6139,GH-8517,2026-04-09 05:04:40,2026-04-09 18:04:40,MERGED
PR-17351,REPO-0,GH-4441,GH-3532,2026-07-22 07:51:00,2026-07-22 10:51:00,MERGED
PR-19185,REPO-10,GH-7825,GH-3878,2025-11-15 21:29:29,2025-11-16 21:29:29,MERGED
PR-21727,REPO-18,GH-6514,GH-6279,2026-06-19 00:29:00,2026-06-19 03:29:00,MERGED
PR-84235,REPO-5,GH-4644,GH-2489,2026-05-19 23:51:45,2026-05-21 23:51:45,MERGED
PR-81717,REPO-13,GH-9437,GH-8710,2025-11-21 02:58:46,2025-11-21 07:58:46,MERGED
PR-27268,REPO-4,GH-8761,GH-4143,2026-07-26 10:14:29,2026-07-27 10:14:29,MERGED
PR-45373,REPO-12,GH-8527,GH-3126,2025-11-02 05:50:50,2025-11-02 11:50:50,MERGED
PR-72188,REPO-0,GH-7560,GH-3868,2026-01-19 05:54:33,2026-01-19 17:54:33,MERGED
PR-51393,REPO-0,GH-2988,GH-2235,2026-05-08 05:07:09,2026-05-08 20:07:09,MERGED
PR-21916,REPO-18,GH-3273,GH-5349,2026-09-01 05:41:05,2026-09-02 09:41:05,MERGED
PR-64214,REPO-12,GH-8842,GH-2874,2025-11-19 04:42:16,2025-11-20 11:42:16,MERGED
PR-21609,REPO-0,GH-6931,GH-8972,2026-05-25 06:30:36,2026-05-25 14:30:36,MERGED
PR-79348,REPO-9,GH-3621,GH-1742,2026-05-26 23:37:57,2026-05-27 12:37:57,MERGED
PR-25370,REPO-8,GH-2041,GH-4788,2026-03-19 04:48:19,2026-03-20 17:48:19,MERGED
PR-29449,REPO-5,GH-2193,GH-8247,2025-10-19 01:28:00,2025-10-19 02:28:00,MERGED
PR-62862,REPO-0,GH-2139,GH-8222,2025-09-29 08:40:30,2025-09-30 00:40:30,MERGED
PR-84465,REPO-19,GH-1488,GH-2790,2026-01-17 11:47:40,2026-01-17 19:47:40,MERGED
PR-85650,REPO-14,GH-9047,GH-8179,2025-11-01 00:09:13,2025-11-02 06:09:13,MERGED
PR-87265,REPO-8,GH-9327,GH-9543,2025-10-29 12:33:55,2025-10-30 06:33:55,MERGED
PR-68414,REPO-7,GH-8622,GH-4510,2026-09-17 22:59:29,2026-09-18 05:59:29,MERGED
PR-43965,REPO-2,GH-1841,GH-2625,2026-07-20 21:56:22,2026-07-22 06:56:22,MERGED
PR-76452,REPO-0,GH-8060,GH-3532,2026-05-05 05:42:37,2026-05-05 14:42:37,MERGED
PR-29567,REPO-16,GH-9138,GH-SHARED-87,2026-07-23 12:45:35,2026-07-24 14:45:35,MERGED
PR-35251,REPO-10,GH-5114,GH-7512,2026-03-28 23:08:20,2026-03-29 19:08:20,MERGED
PR-82307,REPO-5,GH-3317,GH-9897,2026-07-17 15:27:31,2026-07-18 13:27:31,MERGED
PR-62111,REPO-10,GH-8679,GH-7868,2025-11-20 20:44:03,2025-11-20 23:44:03,MERGED
PR-36280,REPO-2,GH-1916,GH-9666,2025-12-17 13:14:37,2025-12-19 02:14:37,MERGED
PR-44667,REPO-13,GH-3705,GH-8770,2025-12-05 12:22:31,2025-12-07 10:22:31,MERGED
PR-28917,REPO-8,GH-5786,GH-4263,2026-07-15 07:45:03,2026-07-16 10:45:03,MERGED
PR-50517,REPO-15,GH-8272,GH-6876,2026-03-30 04:37:01,2026-03-30 14:37:01,MERGED
PR-80091,REPO-11,GH-1815,GH-5279,2025-11-27 21:22:22,2025-11-28 08:22:22,MERGED
PR-76766,REPO-14,GH-8685,GH-9318,2026-03-14 10:45:47,2026-03-15 13:45:47,MERGED
PR-27042,REPO-12,GH-1423,GH-9548,2026-06-22 19:57:03,2026-06-23 00:57:03,MERGED
PR-48463,REPO-13,GH-6608,GH-6374,2026-08-11 07:42:13,2026-08-12 13:42:13,MERGED
PR-49755,REPO-6,GH-6403,GH-1046,2026-09-07 12:16:05,2026-09-09 01:16:05,MERGED
PR-50317,REPO-9,GH-3426,GH-5315,2026-07-03 18:54:51,2026-07-04 14:54:51,MERGED
PR-96497,REPO-11,GH-4571,GH-2698,2026-07-07 21:52:36,2026-07-08 15:52:36,MERGED
PR-81657,REPO-3,GH-7396,GH-6751,2026-09-09 20:38:14,2026-09-10 02:38:14,MERGED
PR-75888,REPO-7,GH-5632,GH-4944,2026-07-31 00:46:23,2026-07-31 12:46:23,MERGED
PR-63104,REPO-16,GH-7580,GH-1606,2026-01-06 07:08:24,2026-01-07 00:08:24,MERGED
PR-25527,REPO-8,GH-4510,GH-7334,2025-11-13 16:24:38,2025-11-14 18:24:38,MERGED
PR-41420,REPO-19,GH-8406,GH-4362,2026-06-01 15:46:25,2026-06-02 01:46:25,MERGED
PR-16487,REPO-6,GH-1958,GH-2160,2025-12-08 13:43:51,2025-12-08 19:43:51,MERGED
PR-22963,REPO-15,GH-7563,GH-3419,2026-07-23 10:25:37,2026-07-24 16:25:37,MERGED
PR-60849,REPO-17,GH-6188,GH-3880,2025-12-19 11:11:12,2025-12-19 21:11:12,MERGED
PR-43865,REPO-11,GH-9312,GH-8956,2026-06-16 07:14:08,2026-06-17 21:14:08,MERGED
PR-92403,REPO-14,GH-4261,GH-2188,2026-02-17 12:40:52,2026-02-17 17:40:52,MERGED
PR-12966,REPO-14,GH-4241,GH-4830,2026-01-21 17:58:04,2026-01-22 04:58:04,MERGED
PR-88478,REPO-14,GH-9692,GH-6194,2026-08-10 20:45:17,2026-08-11 00:45:17,MERGED
PR-60357,REPO-6,GH-1269,GH-1659,2026-02-09 10:29:16,2026-02-10 17:29:16,MERGED
PR-56123,REPO-9,GH-1430,GH-4696,2026-03-22 18:11:13,2026-03-24 03:11:13,MERGED
PR-60125,REPO-3,GH-7798,GH-7566,2026-08-20 04:27:57,2026-08-21 03:27:57,MERGED
PR-57798,REPO-13,GH-3317,GH-3209,2026-06-24 14:37:08,2026-06-26 14:37:08,MERGED
PR-39115,REPO-6,GH-1599,GH-7626,2026-03-05 07:02:44,2026-03-05 16:02:44,MERGED
PR-51470,REPO-3,GH-5264,GH-4396,2025-11-04 00:55:55,2025-11-04 15:55:55,MERGED
PR-82096,REPO-3,GH-1018,GH-9327,2026-05-08 19:07:51,2026-05-10 16:07:51,MERGED
PR-40496,REPO-7,GH-7232,GH-9751,2026-06-11 18:09:03,2026-06-13 06:09:03,MERGED
PR-86704,REPO-15,GH-2612,GH-6573,2026-04-27 23:48:48,2026-04-29 03:48:48,MERGED
PR-58471,REPO-9,GH-8933,GH-5961,2026-02-18 16:34:28,2026-02-19 10:34:28,MERGED
PR-67973,REPO-10,GH-2647,GH-4986,2026-09-14 18:41:09,2026-09-14 23:41:09,MERGED
PR-53559,REPO-14,GH-3449,GH-2876,2025-10-01 21:23:31,2025-10-02 23:23:31,MERGED
PR-49355,REPO-12,GH-1653,GH-7304,2026-02-18 03:21:20,2026-02-19 08:21:20,MERGED
PR-28850,REPO-8,GH-5114,GH-1609,2026-04-16 06:43:45,2026-04-16 11:43:45,MERGED
PR-72283,REPO-4,GH-9540,GH-8792,2026-03-12 18:42:55,2026-03-12 22:42:55,MERGED
PR-87505,REPO-0,GH-7293,GH-5772,2026-02-25 07:24:11,2026-02-25 22:24:11,MERGED
PR-72162,REPO-0,GH-1713,GH-2193,2026-05-07 19:37:38,2026-05-09 08:37:38,MERGED
PR-11157,REPO-2,GH-8025,GH-9042,2026-05-31 12:08:24,2026-06-01 01:08:24,MERGED
PR-70735,REPO-10,GH-7512,GH-3417,2025-12-01 11:48:13,2025-12-03 09:48:13,MERGED
PR-13620,REPO-8,GH-2771,GH-1444,2026-04-14 10:00:47,2026-04-15 20:00:47,MERGED
PR-69695,REPO-5,GH-2911,GH-1530,2025-11-04 00:46:29,2025-11-04 14:46:29,MERGED
PR-65827,REPO-2,GH-1436,GH-8792,2026-05-08 16:03:13,2026-05-09 00:03:13,MERGED
PR-11030,REPO-11,GH-8144,GH-5082,2025-12-13 11:50:46,2025-12-15 01:50:46,MERGED
PR-11823,REPO-5,GH-2063,GH-2604,2025-10-06 03:37:32,2025-10-06 21:37:32,MERGED
PR-67746,REPO-8,GH-8941,GH-1634,2026-02-11 11:34:27,2026-02-13 00:34:27,MERGED
PR-44093,REPO-7,GH-2864,GH-6310,2025-12-10 18:15:28,2025-12-11 05:15:28,MERGED
PR-39473,REPO-17,GH-4697,GH-9666,2026-07-04 18:21:56,2026-07-06 00:21:56,MERGED
PR-25449,REPO-15,GH-3041,GH-4261,2026-02-19 17:51:13,2026-02-20 18:51:13,MERGED
PR-58973,REPO-6,GH-6724,GH-6820,2025-11-07 19:35:53,2025-11-09 00:35:53,MERGED
PR-32512,REPO-17,GH-6574,GH-6295,2025-10-26 20:53:18,2025-10-26 23:53:18,MERGED
PR-41220,REPO-2,GH-6927,GH-3317,2026-09-16 06:48:00,2026-09-16 09:48:00,MERGED
PR-95455,REPO-5,GH-4467,GH-9281,2026-04-02 23:18:40,2026-04-03 21:18:40,MERGED
PR-47182,REPO-1,GH-1651,GH-1986,2025-12-15 16:44:30,2025-12-17 14:44:30,MERGED
PR-83434,REPO-1,GH-2052,GH-7209,2026-09-05 14:22:20,2026-09-07 11:22:20,MERGED
PR-48606,REPO-19,GH-5649,GH-6140,2026-09-14 00:38:00,2026-09-14 16:38:00,MERGED
PR-27550,REPO-10,GH-4292,GH-5889,2026-02-06 17:51:58,2026-02-07 01:51:58,MERGED
PR-68738,REPO-19,GH-3526,GH-3441,2026-09-20 03:01:21,2026-09-21 19:01:21,MERGED
PR-45922,REPO-7,GH-8126,GH-6374,2026-04-15 05:42:14,2026-04-16 02:42:14,MERGED
PR-79867,REPO-7,GH-5010,GH-8018,2026-01-31 06:31:58,2026-02-01 03:31:58,MERGED
PR-77819,REPO-18,GH-5668,GH-8531,2025-10-31 10:51:44,2025-11-01 15:51:44,MERGED
PR-26626,REPO-18,GH-5835,GH-9998,2026-06-05 06:01:06,2026-06-07 03:01:06,MERGED
PR-24347,REPO-8,GH-4509,GH-3399,2026-04-13 12:56:48,2026-04-14 00:56:48,MERGED
PR-40733,REPO-15,GH-9626,GH-8842,2026-06-20 07:28:51,2026-06-20 18:28:51,MERGED
PR-31748,REPO-17,GH-4945,GH-4241,2026-01-12 20:31:21,2026-01-14 02:31:21,MERGED
PR-80973,REPO-16,GH-3589,GH-6663,2026-01-25 01:49:31,2026-01-25 22:49:31,MERGED
PR-44881,REPO-15,GH-5325,GH-9903,2026-07-03 01:43:53,2026-07-04 08:43:53,MERGED
PR-93577,REPO-18,GH-5336,GH-3252,2026-03-18 08:07:58,2026-03-19 05:07:58,MERGED
PR-56224,REPO-5,GH-5450,GH-1530,2025-11-05 22:09:53,2025-11-07 17:09:53,MERGED
PR-43023,REPO-9,GH-9138,GH-2465,2025-12-13 00:10:26,2025-12-13 12:10:26,MERGED
PR-11762,REPO-8,GH-8651,GH-4084,2025-10-20 00:38:46,2025-10-21 21:38:46,MERGED
PR-16896,REPO-12,GH-1409,GH-8538,2026-01-02 05:21:56,2026-01-03 05:21:56,MERGED
PR-27625,REPO-7,GH-6529,GH-4644,2025-11-09 15:15:23,2025-11-10 11:15:23,MERGED
PR-17194,REPO-12,GH-5022,GH-4626,2026-06-07 21:54:07,2026-06-09 01:54:07,MERGED
PR-39919,REPO-16,GH-2293,GH-8673,2026-07-26 04:14:37,2026-07-26 16:14:37,MERGED
PR-25029,REPO-7,GH-5720,GH-6514,2026-06-30 13:43:33,2026-07-02 07:43:33,MERGED
PR-60998,REPO-2,GH-9955,GH-8172,2026-05-04 13:50:17,2026-05-05 07:50:17,MERGED
PR-78597,REPO-6,GH-5210,GH-6403,2025-12-25 00:05:05,2025-12-26 07:05:05,MERGED
PR-15898,REPO-6,GH-6658,GH-2584,2026-01-14 08:07:04,2026-01-15 02:07:04,MERGED
PR-74803,REPO-10,GH-3697,GH-3317,2025-12-18 17:32:50,2025-12-20 09:32:50,MERGED
PR-35738,REPO-15,GH-1452,GH-3370,2026-05-06 19:13:41,2026-05-07 20:13:41,MERGED
PR-32669,REPO-4,GH-5708,GH-3414,2025-10-14 19:30:13,2025-10-16 05:30:13,MERGED
PR-39771,REPO-8,GH-6038,GH-1046,2025-10-14 04:46:22,2025-10-15 02:46:22,MERGED
PR-22302,REPO-13,GH-6573,GH-4937,2025-10-03 05:53:15,2025-10-03 20:53:15,MERGED
PR-56059,REPO-12,GH-4510,GH-5706,2026-03-24 03:40:01,2026-03-25 06:40:01,MERGED
PR-62970,REPO-13,GH-8837,GH-7163,2026-03-02 04:06:36,2026-03-02 09:06:36,MERGED
PR-89813,REPO-9,GH-1611,GH-3878,2026-09-18 08:20:34,2026-09-18 11:20:34,MERGED
PR-53846,REPO-5,GH-6129,GH-3266,2026-06-02 11:23:10,2026-06-04 08:23:10,MERGED
PR-68223,REPO-13,GH-6155,GH-2983,2026-03-05 23:27:24,2026-03-07 03:27:24,MERGED
PR-25760,REPO-6,GH-6977,GH-5381,2025-10-27 13:07:32,2025-10-27 22:07:32,MERGED
PR-94197,REPO-5,GH-2612,GH-5022,2026-01-26 07:38:26,2026-01-26 13:38:26,MERGED
PR-77506,REPO-6,GH-9196,GH-3868,2025-11-11 10:17:31,2025-11-13 02:17:31,MERGED
PR-65389,REPO-3,GH-8612,GH-1907,2025-11-04 21:34:37,2025-11-06 18:34:37,MERGED
PR-20497,REPO-18,GH-6928,GH-5720,2026-08-08 08:41:18,2026-08-09 21:41:18,MERGED
PR-50365,REPO-7,GH-8673,GH-3827,2026-09-04 06:46:27,2026-09-04 23:46:27,MERGED
PR-80197,REPO-18,GH-2402,GH-1713,2025-10-13 19:03:55,2025-10-15 14:03:55,MERGED
PR-90018,REPO-19,GH-6447,GH-5708,2026-07-30 04:08:51,2026-07-31 09:08:51,MERGED
PR-67565,REPO-12,GH-1920,GH-6279,2026-06-25 05:40:10,2026-06-25 06:40:10,MERGED
PR-77191,REPO-19,GH-6120,GH-3223,2026-05-10 18:49:09,2026-05-11 12:49:09,MERGED
PR-98905,REPO-7,GH-7606,GH-4261,2026-01-26 23:02:15,2026-01-28 23:02:15,MERGED
PR-95727,REPO-8,GH-1611,GH-6931,2025-12-29 02:28:56,2025-12-29 08:28:56,MERGED
PR-12521,REPO-9,GH-8225,GH-6994,2026-06-04 20:22:11,2026-06-05 06:22:11,MERGED
PR-92751,REPO-18,GH-5334,GH-9548,2026-06-23 14:11:07,2026-06-23 20:11:07,MERGED
PR-94138,REPO-6,GH-7232,GH-1333,2026-08-25 10:03:27,2026-08-26 08:03:27,MERGED
PR-70100,REPO-19,GH-5741,GH-7561,2026-09-16 06:54:23,2026-09-16 22:54:23,MERGED
PR-50414,REPO-9,GH-8564,GH-2796,2026-07-25 21:57:52,2026-07-26 20:57:52,MERGED
PR-67621,REPO-13,GH-2874,GH-6231,2026-01-11 20:16:59,2026-01-12 20:16:59,MERGED
PR-45648,REPO-8,GH-5772,GH-4968,2026-01-22 20:27:24,2026-01-24 05:27:24,MERGED
PR-42606,REPO-3,GH-1339,GH-2768,2026-06-04 18:00:31,2026-06-05 18:00:31,MERGED
PR-79329,REPO-1,GH-2924,GH-1251,2025-11-07 22:46:19,2025-11-08 17:46:19,MERGED
PR-97369,REPO-4,GH-9167,GH-4114,2026-03-24 13:02:42,2026-03-24 22:02:42,MERGED
PR-88750,REPO-6,GH-SHARED-52,GH-4637,2026-03-13 02:16:01,2026-03-13 12:16:01,MERGED
PR-70816,REPO-17,GH-5089,GH-9151,2026-02-02 05:19:08,2026-02-03 13:19:08,MERGED
PR-42960,REPO-7,GH-4908,GH-SHARED-27,2026-06-04 05:14:03,2026-06-05 20:14:03,MERGED
PR-29240,REPO-1,GH-9452,GH-4968,2026-04-18 22:31:26,2026-04-20 14:31:26,MERGED
PR-44212,REPO-15,GH-5000,GH-5458,2026-08-11 07:31:04,2026-08-12 23:31:04,MERGED
PR-58499,REPO-18,GH-6218,GH-7730,2026-04-05 18:58:32,2026-04-07 05:58:32,MERGED
PR-10364,REPO-0,GH-4119,GH-4770,2025-12-13 08:06:08,2025-12-15 00:06:08,MERGED
PR-50285,REPO-9,GH-8837,GH-7018,2025-09-27 10:35:58,2025-09-28 03:35:58,MERGED
PR-96932,REPO-11,GH-2832,GH-6409,2025-12-01 22:19:26,2025-12-02 01:19:26,MERGED
PR-19303,REPO-10,GH-2795,GH-3399,2025-11-30 02:53:22,2025-11-30 15:53:22,MERGED
PR-48525,REPO-6,GH-6198,GH-6608,2026-03-21 21:33:54,2026-03-22 17:33:54,MERGED
PR-71660,REPO-4,GH-3526,GH-9742,2026-09-03 07:33:24,2026-09-04 04:33:24,MERGED
PR-83054,REPO-19,GH-4295,GH-5331,2026-07-18 05:47:06,2026-07-19 04:47:06,MERGED
PR-15230,REPO-6,GH-6724,GH-7624,2026-02-14 01:03:50,2026-02-15 10:03:50,MERGED
PR-12757,REPO-17,GH-6585,GH-7797,2026-02-09 16:21:26,2026-02-10 21:21:26,MERGED
PR-21867,REPO-0,GH-3532,GH-3522,2026-09-07 07:50:04,2026-09-08 02:50:04,MERGED
PR-71397,REPO-13,GH-3546,GH-8434,2026-08-19 21:28:06,2026-08-20 14:28:06,MERGED
PR-15578,REPO-13,GH-8264,GH-6179,2026-01-09 07:38:26,2026-01-09 18:38:26,MERGED
PR-92470,REPO-3,GH-1920,GH-1595,2026-06-01 15:00:45,2026-06-02 10:00:45,MERGED
PR-62858,REPO-12,GH-9751,GH-4456,2026-05-08 11:06:58,2026-05-09 06:06:58,MERGED
PR-72396,REPO-4,GH-2139,GH-2911,2026-02-12 18:40:40,2026-02-13 12:40:40,MERGED
PR-98984,REPO-8,GH-4986,GH-SHARED-52,2025-12-09 09:22:50,2025-12-11 05:22:50,MERGED
PR-27336,REPO-8,GH-2646,GH-4814,2026-09-10 00:59:31,2026-09-11 03:59:31,MERGED
PR-12155,REPO-0,GH-5533,GH-2697,2026-09-14 11:30:25,2026-09-15 11:30:25,MERGED
PR-16346,REPO-17,GH-4770,GH-4404,2026-02-02 09:36:31,2026-02-02 13:36:31,MERGED
PR-66221,REPO-4,GH-7095,GH-5941,2026-05-09 23:07:47,2026-05-10 00:07:47,MERGED
PR-28764,REPO-3,GH-5564,GH-1601,2026-08-01 10:40:52,2026-08-01 19:40:52,MERGED
PR-58631,REPO-8,GH-5334,GH-5186,2026-07-30 09:47:24,2026-07-31 15:47:24,MERGED
PR-61435,REPO-11,GH-7232,GH-2489,2025-09-30 00:19:41,2025-09-30 04:19:41,MERGED
PR-87402,REPO-15,GH-1282,GH-1832,2025-11-24 03:51:55,2025-11-24 06:51:55,MERGED
PR-47144,REPO-17,GH-6295,GH-7504,2026-08-02 18:10:42,2026-08-03 13:10:42,MERGED
PR-58627,REPO-12,GH-6439,GH-4441,2025-10-12 12:21:06,2025-10-12 20:21:06,MERGED
PR-30219,REPO-13,GH-1525,GH-8842,2026-02-09 14:54:02,2026-02-10 17:54:02,MERGED
PR-51853,REPO-10,GH-8612,GH-1939,2026-03-28 10:58:40,2026-03-29 16:58:40,MERGED
PR-62148,REPO-2,GH-7708,GH-9955,2025-12-30 12:57:32,2026-01-01 12:57:32,MERGED
PR-70293,REPO-10,GH-2293,GH-8316,2026-09-11 14:02:59,2026-09-13 02:02:59,MERGED
PR-21626,REPO-5,GH-8564,GH-8900,2026-09-18 14:28:20,2026-09-19 07:28:20,MERGED
PR-54321,REPO-7,GH-7421,GH-2680,2026-02-19 12:53:52,2026-02-19 22:53:52,MERGED
PR-32962,REPO-0,GH-2290,GH-1510,2026-04-18 16:38:33,2026-04-19 10:38:33,MERGED
PR-29575,REPO-6,GH-7046,GH-SHARED-14,2026-04-08 23:32:20,2026-04-10 14:32:20,MERGED
PR-36442,REPO-14,GH-7818,GH-7566,2026-03-24 11:07:11,2026-03-25 02:07:11,MERGED
PR-37976,REPO-0,GH-6372,GH-5720,2025-10-06 18:54:48,2025-10-07 04:54:48,MERGED
PR-66321,REPO-14,GH-2612,GH-9721,2025-10-29 08:43:16,2025-10-29 19:43:16,MERGED
PR-56770,REPO-1,GH-4467,GH-9626,2026-06-05 05:57:41,2026-06-06 07:57:41,MERGED
PR-84807,REPO-18,GH-2988,GH-5772,2026-03-31 14:14:50,2026-04-01 22:14:50,MERGED
PR-51101,REPO-16,GH-3950,GH-5333,2026-06-15 01:37:34,2026-06-15 20:37:34,MERGED
PR-79948,REPO-12,GH-7396,GH-9281,2026-04-05 13:12:55,2026-04-07 07:12:55,MERGED
PR-49870,REPO-5,GH-1832,GH-4394,2025-09-28 14:46:01,2025-09-29 10:46:01,MERGED
PR-74447,REPO-5,GH-9922,GH-4946,2026-05-25 18:36:37,2026-05-27 03:36:37,MERGED
PR-48027,REPO-17,GH-3267,GH-3103,2026-05-18 09:22:41,2026-05-19 10:22:41,MERGED
PR-43478,REPO-12,GH-8498,GH-8532,2025-11-01 19:28:33,2025-11-03 13:28:33,MERGED
PR-45522,REPO-9,GH-6992,GH-7798,2026-03-29 20:14:26,2026-03-29 22:14:26,MERGED
PR-91382,REPO-12,GH-3780,GH-4396,2025-11-12 01:00:21,2025-11-13 06:00:21,MERGED
PR-78516,REPO-16,GH-8213,GH-6272,2026-03-15 14:37:41,2026-03-16 11:37:41,MERGED
PR-54247,REPO-13,GH-8135,GH-9984,2026-05-30 21:25:43,2026-06-01 00:25:43,MERGED
PR-12226,REPO-6,GH-7291,GH-2786,2026-03-31 21:54:48,2026-04-01 12:54:48,MERGED
PR-77199,REPO-19,GH-9698,GH-8684,2026-02-15 11:29:34,2026-02-16 14:29:34,MERGED
PR-80080,REPO-1,GH-7293,GH-2320,2026-02-25 18:47:21,2026-02-25 20:47:21,MERGED
PR-85478,REPO-2,GH-1742,GH-4267,2026-03-09 14:22:17,2026-03-10 22:22:17,MERGED
PR-75308,REPO-15,GH-6419,GH-5668,2026-06-07 11:06:34,2026-06-09 04:06:34,MERGED
PR-88704,REPO-1,GH-3610,GH-3981,2026-09-04 06:25:51,2026-09-04 15:25:51,MERGED
PR-97161,REPO-9,GH-3900,GH-5210,2026-02-11 14:05:28,2026-02-12 21:05:28,MERGED
PR-18741,REPO-13,GH-8894,GH-4629,2026-04-09 04:51:27,2026-04-10 08:51:27,MERGED
PR-26926,REPO-16,GH-6776,GH-7229,2026-06-26 14:07:54,2026-06-28 05:07:54,MERGED
PR-91619,REPO-13,GH-1525,GH-2412,2026-02-04 23:03:48,2026-02-05 17:03:48,MERGED
PR-57423,REPO-17,GH-1046,GH-4261,2026-05-19 07:29:46,2026-05-20 05:29:46,MERGED
PR-30022,REPO-13,GH-2388,GH-4613,2026-06-28 17:20:30,2026-06-29 02:20:30,MERGED
PR-85926,REPO-4,GH-2269,GH-5010,2026-06-09 10:04:55,2026-06-09 20:04:55,MERGED
PR-51465,REPO-18,GH-5889,GH-1742,2026-06-24 04:19:01,2026-06-24 22:19:01,MERGED
PR-86142,REPO-1,GH-3449,GH-5978,2026-02-07 05:07:26,2026-02-09 03:07:26,MERGED
PR-20144,REPO-14,GH-2612,GH-2584,2026-08-13 18:44:31,2026-08-15 05:44:31,MERGED
PR-56234,REPO-1,GH-3481,GH-7560,2025-10-08 04:48:17,2025-10-08 09:48:17,MERGED
PR-89760,REPO-19,GH-3504,GH-9476,2025-12-24 00:16:55,2025-12-25 22:16:55,MERGED
PR-12214,REPO-16,GH-5847,GH-9316,2026-03-29 16:07:56,2026-03-30 23:07:56,MERGED
PR-78549,REPO-17,GH-3697,GH-4178,2026-09-02 22:52:36,2026-09-03 23:52:36,MERGED
PR-38763,REPO-19,GH-3287,GH-3222,2026-03-08 15:50:54,2026-03-09 01:50:54,MERGED
PR-39528,REPO-10,GH-8894,GH-8244,2026-05-19 13:56:29,2026-05-20 11:56:29,MERGED
PR-32388,REPO-14,GH-7224,GH-4968,2026-09-18 19:45:33,2026-09-20 14:45:33,MERGED
PR-23719,REPO-8,GH-7149,GH-6539,2026-01-02 04:03:53,2026-01-03 00:03:53,MERGED
PR-39729,REPO-15,GH-8123,GH-3655,2026-01-15 04:11:14,2026-01-16 01:11:14,MERGED
PR-79968,REPO-14,GH-1651,GH-5703,2025-11-28 16:25:32,2025-11-28 21:25:32,MERGED
PR-80480,REPO-18,GH-4891,GH-5315,2026-08-06 14:00:45,2026-08-07 00:00:45,MERGED
PR-13242,REPO-9,GH-7149,GH-8372,2025-11-02 16:20:50,2025-11-03 07:20:50,MERGED
PR-90367,REPO-9,GH-6939,GH-8827,2025-11-19 05:46:46,2025-11-20 12:46:46,MERGED
PR-97734,REPO-15,GH-6153,GH-1685,2026-08-26 21:16:58,2026-08-28 16:16:58,MERGED
PR-14947,REPO-3,GH-7897,GH-5114,2026-06-17 09:42:31,2026-06-18 22:42:31,MERGED
PR-60995,REPO-11,GH-9331,GH-5374,2026-08-13 02:12:22,2026-08-14 08:12:22,MERGED
PR-73839,REPO-18,GH-8141,GH-1672,2026-08-22 09:06:26,2026-08-24 09:06:26,MERGED
PR-20082,REPO-14,GH-9935,GH-4629,2026-03-14 14:16:53,2026-03-16 09:16:53,MERGED
PR-22960,REPO-18,GH-1502,GH-7812,2026-08-31 12:41:47,2026-09-01 08:41:47,MERGED
PR-87527,REPO-15,GH-5333,GH-8060,2025-11-03 04:13:07,2025-11-05 03:13:07,MERGED
PR-34532,REPO-11,GH-3852,GH-5272,2025-10-04 04:45:09,2025-10-05 16:45:09,MERGED
PR-81331,REPO-4,GH-4450,GH-7543,2025-10-25 18:36:52,2025-10-25 23:36:52,MERGED
PR-55935,REPO-9,GH-5010,GH-6038,2025-11-07 18:03:58,2025-11-09 00:03:58,MERGED
PR-59400,REPO-12,GH-2713,GH-6939,2026-09-18 01:20:54,2026-09-18 05:20:54,MERGED
PR-59989,REPO-18,GH-7484,GH-SHARED-77,2026-01-04 14:13:46,2026-01-06 06:13:46,MERGED
PR-37300,REPO-5,GH-3223,GH-5911,2026-09-15 12:04:32,2026-09-16 06:04:32,MERGED
PR-40595,REPO-17,GH-7381,GH-2133,2026-05-03 05:09:43,2026-05-03 22:09:43,MERGED
PR-29505,REPO-2,GH-1845,GH-9056,2026-08-16 23:26:15,2026-08-17 05:26:15,MERGED
PR-38004,REPO-18,GH-6994,GH-4946,2026-02-07 21:09:20,2026-02-08 06:09:20,MERGED
PR-75804,REPO-3,GH-1710,GH-8123,2025-10-28 01:49:37,2025-10-28 05:49:37,MERGED
PR-11937,REPO-15,GH-7105,GH-7686,2026-04-10 13:51:21,2026-04-12 01:51:21,MERGED
PR-51953,REPO-14,GH-4872,GH-1753,2026-03-12 16:39:28,2026-03-13 12:39:28,MERGED
PR-10301,REPO-14,GH-7229,GH-2832,2026-08-21 19:39:49,2026-08-22 23:39:49,MERGED
PR-11603,REPO-2,GH-9167,GH-3492,2025-10-05 03:30:25,2025-10-05 06:30:25,MERGED
PR-94807,REPO-6,GH-3927,GH-2698,2025-10-06 06:16:36,2025-10-07 04:16:36,MERGED
PR-43557,REPO-19,GH-8842,GH-7105,2026-02-15 21:56:04,2026-02-16 17:56:04,MERGED
PR-53680,REPO-19,GH-4908,GH-9900,2025-09-30 06:18:39,2025-09-30 20:18:39,MERGED
PR-66124,REPO-16,GH-4912,GH-6228,2026-07-16 04:05:36,2026-07-16 05:05:36,MERGED
PR-40415,REPO-18,GH-6751,GH-3973,2025-10-17 20:42:01,2025-10-18 22:42:01,MERGED
PR-45063,REPO-12,GH-3492,GH-8264,2026-01-13 15:37:36,2026-01-14 16:37:36,MERGED
PR-45493,REPO-18,GH-8498,GH-1907,2026-03-30 18:27:41,2026-03-31 20:27:41,MERGED
PR-63440,REPO-10,GH-8740,GH-9666,2025-10-25 01:30:18,2025-10-26 18:30:18,MERGED
PR-60889,REPO-7,GH-3900,GH-8450,2026-04-24 11:47:28,2026-04-26 01:47:28,MERGED
PR-66251,REPO-6,GH-7797,GH-7211,2026-06-29 02:31:50,2026-06-30 21:31:50,MERGED
PR-81614,REPO-18,GH-5295,GH-6573,2026-06-06 00:02:37,2026-06-07 19:02:37,MERGED
PR-21584,REPO-12,GH-SHARED-34,GH-4598,2026-04-24 13:02:01,2026-04-25 05:02:01,MERGED
PR-10533,REPO-6,GH-4626,GH-2604,2026-02-07 19:31:04,2026-02-08 13:31:04,MERGED
PR-67936,REPO-3,GH-9098,GH-6654,2026-04-16 18:39:58,2026-04-17 06:39:58,MERGED
PR-70294,REPO-9,GH-6039,GH-3143,2026-07-03 11:17:57,2026-07-05 11:17:57,MERGED
PR-97155,REPO-0,GH-8777,GH-1514,2025-10-09 01:57:08,2025-10-10 20:57:08,MERGED
PR-21590,REPO-13,GH-1599,GH-6082,2026-03-15 19:19:27,2026-03-16 22:19:27,MERGED
PR-45865,REPO-13,GH-2795,GH-2527,2026-04-07 00:42:28,2026-04-07 07:42:28,MERGED
PR-19326,REPO-18,GH-5564,GH-5712,2026-02-22 03:57:45,2026-02-23 07:57:45,MERGED
PR-96889,REPO-12,GH-6574,GH-4637,2026-03-13 02:38:40,2026-03-13 08:38:40,MERGED
PR-15066,REPO-1,GH-6325,GH-7658,2026-06-09 00:02:18,2026-06-10 10:02:18,MERGED
PR-14322,REPO-13,GH-5331,GH-5757,2026-07-20 01:16:56,2026-07-20 06:16:56,MERGED
PR-37463,REPO-10,GH-4155,GH-8827,2026-09-08 06:34:59,2026-09-08 19:34:59,MERGED
PR-74947,REPO-10,GH-6573,GH-9565,2026-02-05 18:28:24,2026-02-06 08:28:24,MERGED
PR-31177,REPO-0,GH-5325,GH-9984,2026-03-13 00:31:22,2026-03-14 12:31:22,MERGED
PR-37934,REPO-4,GH-2622,GH-8237,2025-10-17 20:01:30,2025-10-19 03:01:30,MERGED
PR-20445,REPO-13,GH-1006,GH-9830,2026-04-28 02:43:00,2026-04-29 19:43:00,MERGED
PR-47521,REPO-19,GH-2113,GH-5279,2026-06-16 13:46:31,2026-06-17 05:46:31,MERGED
PR-20800,REPO-3,GH-9199,GH-8699,2026-04-22 00:58:43,2026-04-22 14:58:43,MERGED
PR-46165,REPO-2,GH-7553,GH-9984,2026-01-12 12:57:22,2026-01-13 22:57:22,MERGED
PR-54660,REPO-1,GH-1525,GH-1153,2026-04-24 12:56:47,2026-04-25 17:56:47,MERGED
PR-69727,REPO-4,GH-6608,GH-6442,2026-02-13 08:52:54,2026-02-14 09:52:54,MERGED
PR-72444,REPO-11,GH-1606,GH-6820,2025-12-31 10:35:39,2026-01-02 05:35:39,MERGED
PR-65178,REPO-7,GH-1434,GH-5480,2025-11-13 17:15:40,2025-11-14 05:15:40,MERGED
PR-14187,REPO-4,GH-2874,GH-5012,2025-10-27 02:04:19,2025-10-27 20:04:19,MERGED
PR-51211,REPO-3,GH-1783,GH-5649,2026-03-16 02:50:06,2026-03-16 23:50:06,MERGED
PR-67236,REPO-16,GH-2234,GH-5526,2026-07-29 03:32:58,2026-07-29 11:32:58,MERGED
PR-78706,REPO-11,GH-2627,GH-9751,2026-04-07 01:42:48,2026-04-07 03:42:48,MERGED
PR-22531,REPO-19,GH-3573,GH-3414,2025-11-09 16:21:38,2025-11-10 09:21:38,MERGED
PR-26894,REPO-17,GH-3529,GH-6751,2025-12-07 09:01:37,2025-12-07 12:01:37,MERGED
PR-13268,REPO-7,GH-2412,GH-5720,2026-04-29 05:46:30,2026-04-29 20:46:30,MERGED
PR-41398,REPO-19,GH-3621,GH-4261,2025-10-01 05:52:25,2025-10-03 04:52:25,MERGED
PR-10086,REPO-0,GH-7022,GH-6040,2026-02-08 15:21:28,2026-02-09 18:21:28,MERGED
PR-20878,REPO-7,GH-1645,GH-6272,2026-03-06 14:45:35,2026-03-07 11:45:35,MERGED
PR-49169,REPO-13,GH-5563,GH-9693,2026-08-31 14:11:03,2026-09-02 02:11:03,MERGED
PR-48765,REPO-12,GH-1857,GH-8018,2026-02-13 00:45:32,2026-02-13 20:45:32,MERGED
PR-98514,REPO-15,GH-6714,GH-4143,2026-09-09 18:56:35,2026-09-10 10:56:35,MERGED
PR-45901,REPO-8,GH-4114,GH-1514,2026-03-27 11:44:37,2026-03-28 17:44:37,MERGED
PR-62208,REPO-9,GH-2113,GH-2215,2026-05-26 04:19:19,2026-05-26 11:19:19,MERGED
PR-60354,REPO-10,GH-1200,GH-4114,2025-10-12 22:26:31,2025-10-14 06:26:31,MERGED
PR-54294,REPO-7,GH-3981,GH-8489,2026-05-19 20:17:18,2026-05-21 11:17:18,MERGED
PR-28258,REPO-5,GH-6238,GH-2624,2026-04-12 06:36:23,2026-04-13 07:36:23,MERGED
PR-33177,REPO-4,GH-5010,GH-5915,2025-10-08 15:29:27,2025-10-09 14:29:27,MERGED
PR-38239,REPO-0,GH-8316,GH-2638,2026-06-05 10:44:11,2026-06-06 01:44:11,MERGED
PR-74147,REPO-18,GH-8657,GH-9307,2026-04-22 22:10:53,2026-04-24 06:10:53,MERGED
PR-94938,REPO-1,GH-2679,GH-9922,2026-09-01 22:39:53,2026-09-03 02:39:53,MERGED
PR-46801,REPO-4,GH-4143,GH-6170,2026-05-19 09:14:32,2026-05-20 17:14:32,MERGED
PR-85938,REPO-11,GH-3870,GH-7421,2026-04-18 04:51:06,2026-04-18 14:51:06,MERGED
PR-90601,REPO-9,GH-4728,GH-1282,2026-07-21 02:35:47,2026-07-22 01:35:47,MERGED
PR-75398,REPO-19,GH-6170,GH-2293,2026-03-21 20:12:09,2026-03-22 23:12:09,MERGED
PR-64799,REPO-10,GH-3504,GH-9727,2025-11-10 09:24:18,2025-11-10 18:24:18,MERGED
PR-72493,REPO-18,GH-1634,GH-1430,2026-07-08 08:49:00,2026-07-08 12:49:00,MERGED
PR-67907,REPO-2,GH-8489,GH-5374,2026-04-10 06:34:47,2026-04-11 07:34:47,MERGED
PR-19386,REPO-6,GH-9312,GH-9824,2026-03-19 22:19:35,2026-03-20 07:19:35,MERGED
PR-35239,REPO-15,GH-8744,GH-6977,2026-09-21 07:56:55,2026-09-21 10:56:55,MERGED
PR-80500,REPO-7,GH-8222,GH-8972,2026-09-13 04:36:44,2026-09-15 01:36:44,MERGED
PR-23537,REPO-6,GH-9900,GH-7018,2026-01-25 00:52:57,2026-01-26 19:52:57,MERGED
PR-78654,REPO-15,GH-6383,GH-3143,2026-03-04 11:09:48,2026-03-04 14:09:48,MERGED
PR-31452,REPO-8,GH-3273,GH-9444,2026-05-07 11:27:36,2026-05-08 15:27:36,MERGED
PR-58339,REPO-5,GH-3344,GH-4946,2026-09-03 20:16:09,2026-09-04 06:16:09,MERGED
PR-51274,REPO-11,GH-9721,GH-1434,2026-08-29 11:35:05,2026-08-30 14:35:05,MERGED
PR-28742,REPO-18,GH-5708,GH-2584,2025-10-04 09:41:55,2025-10-06 05:41:55,MERGED
PR-33504,REPO-13,GH-9488,GH-2118,2025-11-16 17:29:29,2025-11-17 08:29:29,MERGED
PR-97573,REPO-6,GH-7658,GH-8371,2025-11-10 07:04:41,2025-11-12 04:04:41,MERGED
PR-35305,REPO-17,GH-6780,GH-7484,2026-02-10 01:05:10,2026-02-11 19:05:10,MERGED
PR-51504,REPO-4,GH-3868,GH-4946,2026-09-13 16:44:25,2026-09-15 14:44:25,MERGED
PR-81190,REPO-8,GH-9900,GH-1090,2026-08-10 20:35:02,2026-08-11 10:35:02,MERGED
PR-37111,REPO-17,GH-1672,GH-2924,2026-05-15 05:15:07,2026-05-15 06:15:07,MERGED
PR-16815,REPO-17,GH-1888,GH-1651,2025-12-04 00:48:44,2025-12-04 13:48:44,MERGED
PR-59047,REPO-19,GH-9889,GH-6573,2026-05-11 13:57:08,2026-05-13 07:57:08,MERGED
PR-79546,REPO-10,GH-2402,GH-6262,2025-11-01 16:48:06,2025-11-03 13:48:06,MERGED
PR-14682,REPO-1,GH-5050,GH-9098,2026-02-05 17:05:03,2026-02-06 10:05:03,MERGED
PR-35832,REPO-6,GH-2911,GH-2796,2026-07-16 09:11:27,2026-07-18 01:11:27,MERGED
PR-96121,REPO-2,GH-2013,GH-8973,2025-12-16 16:19:39,2025-12-17 18:19:39,MERGED
PR-24787,REPO-16,GH-3236,GH-4119,2025-11-03 00:44:12,2025-11-04 13:44:12,MERGED
PR-97031,REPO-12,GH-8484,GH-8784,2025-11-11 12:37:03,2025-11-11 23:37:03,MERGED
PR-18778,REPO-17,GH-5082,GH-6724,2026-01-16 00:27:31,2026-01-16 23:27:31,MERGED
PR-31377,REPO-7,GH-7906,GH-8385,2025-12-25 11:00:18,2025-12-25 22:00:18,MERGED
PR-65747,REPO-17,GH-3621,GH-2293,2026-04-11 00:03:07,2026-04-12 12:03:07,MERGED
PR-31575,REPO-10,GH-7932,GH-2070,2026-08-11 22:56:53,2026-08-12 07:56:53,MERGED
PR-11003,REPO-7,GH-1488,GH-1982,2026-01-12 20:33:26,2026-01-14 09:33:26,MERGED
PR-73410,REPO-14,GH-1907,GH-6228,2026-05-05 11:17:11,2026-05-06 18:17:11,MERGED
PR-36007,REPO-4,GH-6772,GH-5012,2026-08-14 01:28:30,2026-08-15 16:28:30,MERGED
PR-46524,REPO-14,GH-4510,GH-8239,2025-11-07 23:19:33,2025-11-08 12:19:33,MERGED
PR-22312,REPO-15,GH-8837,GH-8842,2026-03-12 03:39:07,2026-03-13 19:39:07,MERGED
PR-66951,REPO-18,GH-5846,GH-6280,2025-10-29 14:16:15,2025-10-30 16:16:15,MERGED
PR-59496,REPO-14,GH-8213,GH-9282,2026-07-07 09:57:43,2026-07-08 01:57:43,MERGED
PR-35726,REPO-9,GH-5533,GH-1496,2025-12-21 01:56:56,2025-12-22 07:56:56,MERGED
PR-41965,REPO-5,GH-9666,GH-7171,2026-01-30 01:34:51,2026-01-31 23:34:51,MERGED
PR-20828,REPO-1,GH-9476,GH-1986,2026-07-09 11:12:03,2026-07-09 14:12:03,MERGED
PR-37385,REPO-0,GH-1422,GH-1086,2026-09-07 18:13:26,2026-09-08 11:13:26,MERGED
PR-37134,REPO-17,GH-4150,GH-9056,2025-11-03 14:47:55,2025-11-04 22:47:55,MERGED
PR-41465,REPO-16,GH-9742,GH-7606,2026-05-01 07:09:55,2026-05-01 17:09:55,MERGED
PR-96166,REPO-6,GH-4116,GH-1251,2026-09-01 14:13:10,2026-09-02 18:13:10,MERGED
PR-28513,REPO-0,GH-7543,GH-7227,2026-08-30 04:20:26,2026-08-31 15:20:26,MERGED
PR-51894,REPO-1,GH-6804,GH-6804,2026-06-13 20:41:46,2026-06-15 10:41:46,MERGED
PR-62513,REPO-10,GH-5397,GH-2680,2025-11-24 05:06:00,2025-11-24 18:06:00,MERGED
PR-59989,REPO-6,GH-9947,GH-5961,2026-07-06 21:55:21,2026-07-08 19:55:21,MERGED
PR-18646,REPO-1,GH-3419,GH-7163,2026-04-14 05:57:51,2026-04-15 10:57:51,MERGED
PR-32739,REPO-0,GH-1133,GH-4522,2025-12-17 09:01:41,2025-12-19 03:01:41,MERGED
PR-91919,REPO-8,GH-2290,GH-6908,2025-10-22 21:33:42,2025-10-23 01:33:42,MERGED
PR-64677,REPO-7,GH-9797,GH-1919,2025-12-16 16:26:24,2025-12-16 22:26:24,MERGED
PR-70144,REPO-2,GH-8172,GH-SHARED-77,2026-05-09 19:58:26,2026-05-11 16:58:26,MERGED
PR-42048,REPO-11,GH-7825,GH-1106,2025-12-04 04:57:45,2025-12-05 20:57:45,MERGED
PR-22407,REPO-6,GH-1672,GH-1815,2025-12-24 10:02:38,2025-12-26 00:02:38,MERGED
PR-94887,REPO-19,GH-7389,GH-4598,2026-04-01 08:43:40,2026-04-03 07:43:40,MERGED
PR-72746,REPO-15,GH-3950,GH-9903,2026-02-25 21:18:14,2026-02-26 06:18:14,MERGED
PR-61971,REPO-16,GH-6493,GH-1969,2025-12-19 06:13:18,2025-12-20 23:13:18,MERGED
PR-35521,REPO-14,GH-9543,GH-5689,2026-03-07 03:32:28,2026-03-08 21:32:28,MERGED
PR-88935,REPO-12,GH-5582,GH-9189,2026-01-29 09:33:42,2026-01-31 07:33:42,MERGED
PR-75012,REPO-15,GH-4846,GH-2858,2026-02-27 18:06:09,2026-02-28 13:06:09,MERGED
PR-56200,REPO-17,GH-4986,GH-8849,2025-10-07 02:35:30,2025-10-08 04:35:30,MERGED
PR-87286,REPO-14,GH-9797,GH-4848,2026-03-17 11:55:42,2026-03-17 13:55:42,MERGED
PR-91993,REPO-4,GH-4241,GH-8517,2026-09-14 22:32:03,2026-09-16 06:32:03,MERGED
PR-55171,REPO-18,GH-7044,GH-4441,2026-07-06 05:50:05,2026-07-06 17:50:05,MERGED
PR-12054,REPO-6,GH-1251,GH-5479,2026-05-31 14:04:19,2026-06-01 01:04:19,MERGED
PR-60448,REPO-6,GH-4814,GH-7081,2026-03-17 20:54:52,2026-03-19 18:54:52,MERGED
PR-22061,REPO-9,GH-2169,GH-6781,2026-04-21 08:38:44,2026-04-23 02:38:44,MERGED
PR-96856,REPO-2,GH-5022,GH-7576,2026-02-20 01:55:51,2026-02-21 04:55:51,MERGED
PR-48885,REPO-16,GH-8784,GH-4531,2026-02-01 09:06:41,2026-02-03 09:06:41,MERGED
PR-89816,REPO-14,GH-6374,GH-9464,2026-04-22 05:36:30,2026-04-22 21:36:30,MERGED
PR-95043,REPO-13,GH-5496,GH-1659,2026-08-17 14:45:24,2026-08-18 10:45:24,MERGED
PR-57340,REPO-0,GH-3981,GH-6776,2026-08-04 00:09:45,2026-08-04 03:09:45,MERGED
PR-16702,REPO-17,GH-8018,GH-6994,2026-02-02 03:27:54,2026-02-02 16:27:54,MERGED
PR-24409,REPO-0,GH-6038,GH-3870,2026-07-31 03:29:49,2026-07-31 06:29:49,MERGED
PR-28254,REPO-17,GH-2235,GH-3306,2025-12-23 15:26:44,2025-12-25 06:26:44,MERGED
PR-53333,REPO-7,GH-8761,GH-1006,2025-12-31 17:43:33,2025-12-31 23:43:33,MERGED
PR-46014,REPO-3,GH-4853,GH-9824,2025-11-13 12:04:33,2025-11-13 23:04:33,MERGED
PR-98558,REPO-5,GH-1595,GH-2858,2026-06-07 22:15:21,2026-06-08 10:15:21,MERGED
PR-98722,REPO-16,GH-7561,GH-6280,2026-07-10 13:50:29,2026-07-11 12:50:29,MERGED
PR-92026,REPO-2,GH-2876,GH-2160,2025-10-28 08:07:18,2025-10-29 22:07:18,MERGED
PR-24110,REPO-1,GH-1907,GH-8994,2026-08-14 03:08:47,2026-08-15 09:08:47,MERGED
PR-97529,REPO-14,GH-4673,GH-1841,2025-11-23 14:57:47,2025-11-24 21:57:47,MERGED
PR-61413,REPO-16,GH-5198,GH-1634,2026-07-28 16:14:39,2026-07-28 17:14:39,MERGED
PR-41522,REPO-1,GH-1919,GH-4814,2026-07-12 00:24:30,2026-07-12 16:24:30,MERGED
PR-79601,REPO-3,GH-9379,GH-2391,2026-03-02 07:55:05,2026-03-03 17:55:05,MERGED
PR-48378,REPO-14,GH-7211,GH-3399,2026-04-27 03:08:57,2026-04-27 05:08:57,MERGED
PR-86710,REPO-2,GH-7504,GH-3531,2026-03-18 06:46:41,2026-03-19 13:46:41,MERGED
PR-98230,REPO-3,GH-2213,GH-6992,2025-11-06 15:06:52,2025-11-08 06:06:52,MERGED
PR-76746,REPO-10,GH-1133,GH-4853,2025-11-20 14:41:11,2025-11-21 18:41:11,MERGED
PR-67035,REPO-18,GH-5061,GH-1464,2025-12-31 17:31:18,2026-01-02 00:31:18,MERGED
PR-20613,REPO-0,GH-7248,GH-1845,2026-07-04 04:47:30,2026-07-04 17:47:30,MERGED
PR-17246,REPO-19,GH-9179,GH-5349,2026-07-09 21:42:19,2026-07-11 12:42:19,MERGED
PR-16229,REPO-12,GH-1645,GH-9031,2025-11-24 09:26:48,2025-11-24 10:26:48,MERGED
PR-49006,REPO-6,GH-6934,GH-9624,2026-05-04 06:44:04,2026-05-04 11:44:04,MERGED
PR-57403,REPO-4,GH-2679,GH-1829,2026-04-01 20:29:36,2026-04-02 12:29:36,MERGED
PR-98095,REPO-17,GH-4515,GH-3369,2026-07-09 19:00:18,2026-07-11 05:00:18,MERGED
PR-98701,REPO-13,GH-6238,GH-3273,2026-09-17 21:07:51,2026-09-19 17:07:51,MERGED
PR-97987,REPO-13,GH-1444,GH-8770,2026-09-04 05:07:33,2026-09-05 20:07:33,MERGED
PR-94224,REPO-3,GH-1611,GH-4033,2025-11-19 06:16:52,2025-11-20 06:16:52,MERGED
PR-25247,REPO-15,GH-1964,GH-7116,2026-01-17 09:00:16,2026-01-19 05:00:16,MERGED
PR-62532,REPO-13,GH-9335,GH-1821,2026-06-16 08:47:08,2026-06-16 17:47:08,MERGED
PR-78780,REPO-15,GH-5082,GH-1609,2026-06-04 11:08:15,2026-06-06 11:08:15,MERGED
PR-47839,REPO-1,GH-5573,GH-3273,2026-04-17 02:41:47,2026-04-18 03:41:47,MERGED
PR-84105,REPO-0,GH-2800,GH-3369,2026-08-13 11:17:03,2026-08-15 01:17:03,MERGED
PR-40320,REPO-15,GH-6977,GH-9935,2026-03-07 12:51:57,2026-03-07 14:51:57,MERGED
PR-33740,REPO-7,GH-2106,GH-2063,2026-01-25 15:12:20,2026-01-26 01:12:20,MERGED
PR-60240,REPO-19,GH-1651,GH-2625,2025-12-11 16:57:01,2025-12-13 07:57:01,MERGED
PR-99861,REPO-2,GH-3621,GH-7049,2026-03-22 11:02:36,2026-03-24 01:02:36,MERGED
PR-78241,REPO-15,GH-7693,GH-3414,2026-02-07 04:52:40,2026-02-07 21:52:40,MERGED
PR-27671,REPO-14,GH-6381,GH-1821,2025-12-09 10:10:57,2025-12-10 18:10:57,MERGED
PR-56654,REPO-8,GH-8030,GH-7580,2026-09-13 22:32:13,2026-09-15 22:32:13,MERGED
PR-64318,REPO-14,GH-2899,GH-8973,2026-06-01 23:46:50,2026-06-03 02:46:50,MERGED
PR-21623,REPO-19,GH-5342,GH-6802,2025-10-26 10:46:16,2025-10-27 00:46:16,MERGED
PR-11699,REPO-5,GH-8498,GH-3417,2026-01-06 20:23:51,2026-01-07 01:23:51,MERGED
PR-79059,REPO-3,GH-9433,GH-2625,2026-05-07 18:08:29,2026-05-08 12:08:29,MERGED
PR-53634,REPO-5,GH-8404,GH-3858,2026-07-09 15:27:14,2026-07-10 06:27:14,MERGED
PR-81848,REPO-13,GH-6990,GH-7708,2026-09-14 17:16:36,2026-09-15 01:16:36,MERGED
PR-43300,REPO-17,GH-2465,GH-1272,2025-11-20 06:36:17,2025-11-21 14:36:17,MERGED
PR-78329,REPO-7,GH-1106,GH-2337,2026-04-07 06:28:31,2026-04-09 06:28:31,MERGED
PR-57495,REPO-19,GH-8668,GH-1611,2025-12-27 20:48:26,2025-12-29 10:48:26,MERGED
PR-90121,REPO-4,GH-8967,GH-1672,2026-07-24 00:05:42,2026-07-24 12:05:42,MERGED
PR-38284,REPO-2,GH-5708,GH-7421,2026-01-26 18:02:01,2026-01-28 01:02:01,MERGED
PR-50059,REPO-7,GH-7029,GH-3546,2026-05-29 07:48:17,2026-05-31 01:48:17,MERGED
PR-78840,REPO-5,GH-5089,GH-1969,2025-11-19 11:25:00,2025-11-21 10:25:00,MERGED
PR-66869,REPO-1,GH-7512,GH-3068,2026-05-01 18:44:53,2026-05-02 14:44:53,MERGED
PR-45487,REPO-9,GH-9464,GH-6442,2026-07-28 13:19:43,2026-07-30 08:19:43,MERGED
PR-50324,REPO-7,GH-8710,GH-8484,2026-04-30 11:41:37,2026-05-01 14:41:37,MERGED
PR-54087,REPO-2,GH-6147,GH-1588,2026-06-06 10:34:49,2026-06-07 04:34:49,MERGED
PR-22234,REPO-10,GH-1745,GH-9312,2026-03-08 22:20:03,2026-03-10 15:20:03,MERGED
PR-19253,REPO-16,GH-8761,GH-5010,2026-04-30 14:17:59,2026-05-02 08:17:59,MERGED
PR-32993,REPO-12,GH-2070,GH-8517,2025-12-08 09:44:29,2025-12-10 02:44:29,MERGED
PR-32004,REPO-12,GH-1153,GH-2965,2026-07-13 08:02:38,2026-07-14 07:02:38,MERGED
PR-91934,REPO-17,GH-5781,GH-7576,2026-03-16 04:07:51,2026-03-17 15:07:51,MERGED
PR-50048,REPO-6,GH-6626,GH-9900,2025-09-28 08:58:21,2025-09-29 02:58:21,MERGED
PR-80621,REPO-6,GH-2129,GH-1672,2026-01-02 20:51:32,2026-01-03 11:51:32,MERGED
PR-33033,REPO-1,GH-1258,GH-7209,2026-01-11 01:22:27,2026-01-11 17:22:27,MERGED
PR-55026,REPO-5,GH-5781,GH-7227,2025-10-12 18:58:51,2025-10-13 23:58:51,MERGED
PR-89793,REPO-17,GH-9843,GH-9031,2026-05-26 11:35:02,2026-05-27 18:35:02,MERGED
PR-90022,REPO-17,GH-1858,GH-8218,2026-07-14 02:33:05,2026-07-15 04:33:05,MERGED
PR-43844,REPO-16,GH-8622,GH-3165,2026-07-15 08:36:47,2026-07-15 10:36:47,MERGED
PR-20752,REPO-13,GH-7484,GH-2160,2026-09-09 03:47:47,2026-09-09 05:47:47,MERGED
PR-65361,REPO-10,GH-1409,GH-4814,2025-11-15 05:41:29,2025-11-17 01:41:29,MERGED
PR-36792,REPO-15,GH-1461,GH-8613,2026-08-19 13:05:52,2026-08-21 10:05:52,MERGED
PR-12444,REPO-11,GH-3827,GH-3868,2026-05-31 18:22:06,2026-06-01 12:22:06,MERGED
PR-85577,REPO-0,GH-5616,GH-6658,2026-01-26 08:32:18,2026-01-26 23:32:18,MERGED
PR-33323,REPO-9,GH-7304,GH-5061,2026-01-11 04:55:31,2026-01-12 16:55:31,MERGED
PR-68419,REPO-15,GH-5911,GH-5002,2026-06-07 12:39:52,2026-06-08 08:39:52,MERGED
PR-19351,REPO-5,GH-3126,GH-8967,2026-09-10 05:08:26,2026-09-11 08:08:26,MERGED
PR-63373,REPO-7,GH-7580,GH-6714,2025-11-30 03:49:33,2025-12-01 15:49:33,MERGED
PR-88785,REPO-2,GH-6140,GH-2229,2025-10-02 04:43:35,2025-10-02 10:43:35,MERGED
PR-65372,REPO-6,GH-3369,GH-8777,2026-08-12 15:38:30,2026-08-13 08:38:30,MERGED
PR-88348,REPO-9,GH-8251,GH-4920,2026-07-05 01:00:49,2026-07-07 01:00:49,MERGED
PR-35713,REPO-7,GH-7389,GH-6238,2026-03-17 03:25:06,2026-03-18 03:25:06,MERGED
PR-68784,REPO-13,GH-1887,GH-1611,2025-12-12 11:30:17,2025-12-13 02:30:17,MERGED
PR-27813,REPO-11,GH-5835,GH-9327,2025-12-02 10:49:19,2025-12-03 02:49:19,MERGED
PR-89358,REPO-1,GH-7897,GH-4868,2026-08-17 00:03:35,2026-08-18 08:03:35,MERGED
PR-95205,REPO-15,GH-2530,GH-8657,2026-01-10 11:17:55,2026-01-11 06:17:55,MERGED
PR-13604,REPO-6,GH-1803,GH-1430,2025-11-10 23:49:14,2025-11-11 15:49:14,MERGED
PR-37257,REPO-2,GH-6582,GH-3646,2025-10-28 20:06:44,2025-10-30 12:06:44,MERGED
PR-63613,REPO-1,GH-8684,GH-9167,2026-05-27 05:12:32,2026-05-28 07:12:32,MERGED
PR-65399,REPO-7,GH-2624,GH-6153,2026-06-01 00:43:31,2026-06-01 16:43:31,MERGED
PR-14825,REPO-1,GH-5846,GH-3683,2025-12-30 12:21:05,2025-12-31 18:21:05,MERGED
PR-20196,REPO-9,GH-7484,GH-1964,2025-12-08 12:41:33,2025-12-10 03:41:33,MERGED
PR-20531,REPO-19,GH-3370,GH-6804,2026-07-09 02:19:46,2026-07-10 14:19:46,MERGED
PR-46265,REPO-10,GH-9850,GH-7730,2026-02-20 02:04:15,2026-02-21 06:04:15,MERGED
PR-94922,REPO-9,GH-5295,GH-7717,2026-01-11 21:46:07,2026-01-13 06:46:07,MERGED
PR-86830,REPO-11,GH-2353,GH-9998,2025-12-04 15:26:44,2025-12-04 17:26:44,MERGED
PR-99182,REPO-13,GH-9098,GH-1444,2026-02-07 18:14:41,2026-02-09 10:14:41,MERGED
PR-43204,REPO-14,GH-8849,GH-8222,2026-08-15 03:50:05,2026-08-17 02:50:05,MERGED
PR-10349,REPO-10,GH-9785,GH-1006,2026-04-22 23:41:14,2026-04-23 20:41:14,MERGED
PR-31821,REPO-9,GH-8973,GH-8126,2026-03-13 19:26:53,2026-03-14 10:26:53,MERGED
PR-99385,REPO-15,GH-8218,GH-6170,2026-06-17 16:30:27,2026-06-18 19:30:27,MERGED
PR-58033,REPO-15,GH-9071,GH-6539,2026-02-05 11:00:03,2026-02-06 20:00:03,MERGED
PR-91248,REPO-3,GH-4868,GH-3504,2026-01-04 16:54:05,2026-01-06 05:54:05,MERGED
PR-22019,REPO-3,GH-9693,GH-1430,2026-05-01 23:21:11,2026-05-03 21:21:11,MERGED
PR-34782,REPO-1,GH-4848,GH-2876,2026-09-11 14:07:56,2026-09-11 23:07:56,MERGED
PR-58493,REPO-5,GH-5786,GH-1693,2026-06-25 01:07:19,2026-06-26 07:07:19,MERGED
PR-23317,REPO-7,GH-3981,GH-9379,2026-02-13 02:41:02,2026-02-13 07:41:02,MERGED
PR-48760,REPO-4,GH-4830,GH-6952,2025-09-28 22:15:32,2025-09-30 00:15:32,MERGED
PR-50032,REPO-13,GH-9047,GH-7232,2026-05-14 15:09:32,2026-05-15 11:09:32,MERGED
PR-23497,REPO-1,GH-1588,GH-6820,2026-01-01 21:48:31,2026-01-03 00:48:31,MERGED
PR-79001,REPO-19,GH-5563,GH-3527,2026-02-04 18:53:42,2026-02-05 03:53:42,MERGED
PR-64709,REPO-8,GH-4335,GH-8761,2026-01-20 03:27:33,2026-01-21 12:27:33,MERGED
PR-59942,REPO-15,GH-3973,GH-1436,2026-09-01 00:54:25,2026-09-02 16:54:25,MERGED
PR-93040,REPO-11,GH-5186,GH-1339,2026-01-08 05:16:03,2026-01-09 13:16:03,MERGED
PR-21583,REPO-6,GH-2391,GH-1282,2026-04-17 13:28:18,2026-04-18 11:28:18,MERGED
PR-15756,REPO-4,GH-5846,GH-6813,2026-02-01 19:47:51,2026-02-03 07:47:51,MERGED
PR-72535,REPO-5,GH-6111,GH-7149,2025-10-16 15:05:40,2025-10-17 20:05:40,MERGED
PR-93173,REPO-10,GH-2489,GH-9850,2026-07-29 21:39:51,2026-07-31 20:39:51,MERGED
PR-76905,REPO-4,GH-2269,GH-5847,2025-12-11 19:33:56,2025-12-13 18:33:56,MERGED
PR-13018,REPO-1,GH-1588,GH-3880,2025-12-27 10:01:54,2025-12-27 16:01:54,MERGED
PR-20438,REPO-8,GH-7078,GH-1430,2025-10-30 10:03:27,2025-10-31 23:03:27,MERGED
PR-43600,REPO-6,GH-7897,GH-5876,2025-11-24 09:18:39,2025-11-25 19:18:39,MERGED
PR-50375,REPO-10,GH-8371,GH-7118,2026-07-23 13:50:12,2026-07-25 03:50:12,MERGED
PR-77773,REPO-12,GH-8450,GH-3492,2025-12-28 12:09:39,2025-12-30 05:09:39,MERGED
PR-87725,REPO-13,GH-6040,GH-SHARED-87,2026-02-24 00:05:31,2026-02-24 11:05:31,MERGED
PR-31594,REPO-17,GH-2623,GH-6021,2025-11-16 08:11:47,2025-11-17 19:11:47,MERGED
PR-65980,REPO-7,GH-1845,GH-1982,2026-09-08 17:48:23,2026-09-10 16:48:23,MERGED
PR-90060,REPO-13,GH-2622,GH-6272,2026-07-06 20:12:10,2026-07-07 14:12:10,MERGED
PR-75922,REPO-11,GH-9312,GH-6170,2026-05-19 14:28:50,2026-05-21 06:28:50,MERGED
PR-18437,REPO-17,GH-7334,GH-6438,2026-02-15 14:12:22,2026-02-17 07:12:22,MERGED
PR-94059,REPO-19,GH-8213,GH-8237,2025-12-08 02:39:14,2025-12-08 22:39:14,MERGED
PR-16530,REPO-19,GH-3950,GH-6053,2026-03-14 10:52:09,2026-03-15 00:52:09,MERGED
PR-73511,REPO-18,GH-3900,GH-4684,2026-06-07 02:39:34,2026-06-07 20:39:34,MERGED
PR-79561,REPO-9,GH-6381,GH-6990,2026-01-21 15:22:55,2026-01-22 14:22:55,MERGED
PR-95066,REPO-2,GH-1969,GH-8871,2026-08-02 18:43:22,2026-08-04 13:43:22,MERGED
PR-20772,REPO-19,GH-1674,GH-8740,2026-08-29 09:33:30,2026-08-30 22:33:30,MERGED
PR-66288,REPO-9,GH-9307,GH-9548,2026-04-13 05:49:21,2026-04-14 21:49:21,MERGED
PR-54085,REPO-16,GH-2208,GH-1461,2026-08-30 03:10:58,2026-08-31 16:10:58,MERGED
PR-44514,REPO-1,GH-3222,GH-3267,2026-08-28 02:01:30,2026-08-30 00:01:30,MERGED
PR-17047,REPO-4,GH-3339,GH-5583,2026-02-03 22:00:46,2026-02-05 00:00:46,MERGED
PR-70600,REPO-1,GH-2623,GH-3153,2025-12-04 17:30:31,2025-12-05 08:30:31,MERGED
PR-59033,REPO-15,GH-3939,GH-6992,2026-07-10 05:38:27,2026-07-10 19:38:27,MERGED
PR-86293,REPO-11,GH-8172,GH-3589,2026-07-05 05:47:27,2026-07-06 04:47:27,MERGED
PR-44405,REPO-13,GH-7246,GH-4509,2026-02-06 08:52:29,2026-02-08 01:52:29,MERGED
PR-93634,REPO-6,GH-5342,GH-4155,2026-05-23 10:44:44,2026-05-24 15:44:44,MERGED
PR-68273,REPO-0,GH-4696,GH-9843,2026-09-10 22:37:18,2026-09-12 20:37:18,MERGED
PR-15470,REPO-9,GH-5002,GH-2768,2025-10-10 19:26:34,2025-10-12 17:26:34,MERGED
PR-23744,REPO-14,GH-9199,GH-7951,2026-02-20 06:19:42,2026-02-22 06:19:42,MERGED
PR-74078,REPO-12,GH-8894,GH-2773,2025-10-26 08:46:59,2025-10-27 12:46:59,MERGED
PR-40978,REPO-4,GH-9320,GH-6493,2025-10-04 03:16:13,2025-10-05 15:16:13,MERGED
PR-56667,REPO-6,GH-6658,GH-4131,2026-09-03 10:06:08,2026-09-04 20:06:08,MERGED
PR-38101,REPO-1,GH-4868,GH-2129,2026-03-14 00:33:03,2026-03-14 06:33:03,MERGED
PR-51110,REPO-9,GH-6543,GH-4846,2026-07-30 06:40:49,2026-08-01 04:40:49,MERGED
PR-45131,REPO-18,GH-9742,GH-2076,2025-10-15 19:46:52,2025-10-15 21:46:52,MERGED
PR-57737,REPO-0,GH-6493,GH-3762,2025-12-17 19:32:13,2025-12-19 12:32:13,MERGED
PR-54919,REPO-11,GH-8242,GH-5920,2026-01-09 20:50:22,2026-01-11 15:50:22,MERGED
PR-18953,REPO-15,GH-8060,GH-8239,2026-07-24 20:00:24,2026-07-26 05:00:24,MERGED
PR-31809,REPO-6,GH-1829,GH-5978,2026-09-14 19:05:33,2026-09-15 06:05:33,MERGED
PR-50125,REPO-17,GH-4460,GH-5891,2026-01-14 17:13:06,2026-01-15 14:13:06,MERGED
PR-33706,REPO-8,GH-8967,GH-9998,2026-03-02 05:51:36,2026-03-04 01:51:36,MERGED
PR-54906,REPO-3,GH-9984,GH-4119,2026-03-06 06:25:43,2026-03-06 20:25:43,MERGED
PR-87740,REPO-1,GH-9486,GH-5050,2026-05-30 06:56:03,2026-05-31 11:56:03,MERGED
PR-44101,REPO-3,GH-6400,GH-3522,2025-12-21 11:09:36,2025-12-23 06:09:36,MERGED
PR-71435,REPO-0,GH-1858,GH-9850,2026-05-31 08:09:05,2026-05-31 11:09:05,MERGED
PR-58912,REPO-17,GH-5471,GH-2679,2025-09-30 12:46:35,2025-10-01 19:46:35,MERGED
PR-77652,REPO-3,GH-4817,GH-9022,2025-11-23 09:19:14,2025-11-24 21:19:14,MERGED
PR-95765,REPO-7,GH-7504,GH-1986,2025-11-30 21:16:52,2025-12-01 23:16:52,MERGED
PR-88142,REPO-9,GH-3200,GH-4115,2026-02-15 11:45:18,2026-02-17 07:45:18,MERGED
PR-34619,REPO-17,GH-3705,GH-6654,2026-01-25 22:48:19,2026-01-27 09:48:19,MERGED
PR-28159,REPO-10,GH-7211,GH-1496,2026-05-11 04:38:54,2026-05-12 02:38:54,MERGED
PR-10558,REPO-16,GH-6218,GH-7717,2026-02-18 16:32:41,2026-02-19 16:32:41,MERGED
PR-59464,REPO-10,GH-8531,GH-6802,2026-02-20 07:51:13,2026-02-20 21:51:13,MERGED
PR-73201,REPO-2,GH-9725,GH-6053,2026-01-15 17:34:09,2026-01-17 07:34:09,MERGED
PR-49775,REPO-1,GH-5728,GH-7118,2026-03-04 05:17:17,2026-03-04 14:17:17,MERGED
PR-69447,REPO-7,GH-5689,GH-3114,2025-11-05 21:15:58,2025-11-06 23:15:58,MERGED
PR-69643,REPO-10,GH-3414,GH-9189,2026-04-08 07:27:36,2026-04-10 00:27:36,MERGED
PR-15846,REPO-7,GH-8225,GH-7812,2026-02-25 14:57:43,2026-02-26 05:57:43,MERGED
PR-53690,REPO-18,GH-3142,GH-3126,2026-04-05 18:49:16,2026-04-07 02:49:16,MERGED
PR-86893,REPO-0,GH-4155,GH-9779,2026-08-11 21:48:34,2026-08-13 18:48:34,MERGED
PR-49176,REPO-18,GH-SHARED-87,GH-6055,2026-02-02 09:15:29,2026-02-03 16:15:29,MERGED
PR-64831,REPO-9,GH-4804,GH-9922,2025-11-02 21:04:44,2025-11-04 03:04:44,MERGED
PR-37536,REPO-18,GH-6658,GH-4986,2026-03-06 22:36:53,2026-03-08 07:36:53,MERGED
PR-99821,REPO-0,GH-7708,GH-2858,2025-12-07 21:05:00,2025-12-09 07:05:00,MERGED
PR-95190,REPO-12,GH-1939,GH-7981,2025-12-21 21:16:04,2025-12-23 00:16:04,MERGED
PR-67544,REPO-19,GH-3697,GH-6179,2026-05-16 19:01:18,2026-05-17 19:01:18,MERGED
PR-68201,REPO-7,GH-4362,GH-7932,2026-05-19 23:30:21,2026-05-21 18:30:21,MERGED
PR-41700,REPO-5,GH-6813,GH-1053,2026-09-04 15:34:28,2026-09-05 01:34:28,MERGED
PR-13608,REPO-18,GH-1320,GH-6040,2026-04-28 07:11:20,2026-04-29 08:11:20,MERGED
PR-61352,REPO-11,GH-8361,GH-5978,2026-02-16 21:34:12,2026-02-17 06:34:12,MERGED
PR-16364,REPO-2,GH-5114,GH-4456,2025-12-02 22:43:34,2025-12-03 23:43:34,MERGED
PR-42166,REPO-17,GH-4792,GH-1821,2026-09-19 10:34:42,2026-09-19 18:34:42,MERGED
PR-93563,REPO-0,GH-4846,GH-9138,2025-12-28 10:09:37,2025-12-29 21:09:37,MERGED
PR-22193,REPO-7,GH-5742,GH-7421,2026-05-17 14:23:33,2026-05-19 12:23:33,MERGED
PR-71862,REPO-6,GH-2234,GH-6053,2026-09-17 21:06:54,2026-09-19 07:06:54,MERGED
PR-29669,REPO-1,GH-6409,GH-7227,2026-01-05 12:17:22,2026-01-05 22:17:22,MERGED
PR-96317,REPO-8,GH-9727,GH-5712,2026-06-03 08:57:04,2026-06-05 05:57:04,MERGED
PR-84862,REPO-0,GH-7825,GH-5689,2026-07-05 04:44:52,2026-07-05 21:44:52,MERGED
PR-82796,REPO-18,GH-9167,GH-5050,2026-02-27 23:35:36,2026-03-01 01:35:36,MERGED
PR-10913,REPO-17,GH-3441,GH-2604,2026-08-20 21:54:34,2026-08-21 21:54:34,MERGED
PR-13631,REPO-3,GH-6053,GH-5655,2026-05-09 17:52:50,2026-05-10 02:52:50,MERGED
PR-68977,REPO-11,GH-9900,GH-2800,2026-06-08 21:00:35,2026-06-08 22:00:35,MERGED
PR-55045,REPO-15,GH-6562,GH-1982,2025-12-28 15:12:20,2025-12-30 08:12:20,MERGED
PR-49194,REPO-14,GH-4155,GH-8242,2026-06-28 01:46:22,2026-06-29 07:46:22,MERGED
PR-40885,REPO-2,GH-2146,GH-2208,2026-06-19 20:23:46,2026-06-21 14:23:46,MERGED
PR-70612,REPO-9,GH-3414,GH-8267,2026-01-10 12:36:49,2026-01-11 20:36:49,MERGED
PR-50289,REPO-12,GH-6403,GH-2320,2025-11-18 21:43:53,2025-11-20 07:43:53,MERGED
PR-26500,REPO-5,GH-6439,GH-6153,2025-11-25 05:08:18,2025-11-25 22:08:18,MERGED
PR-23140,REPO-2,GH-7981,GH-5772,2026-08-25 16:28:39,2026-08-26 14:28:39,MERGED
PR-93117,REPO-10,GH-2646,GH-2133,2025-11-22 03:29:17,2025-11-23 13:29:17,MERGED
PR-45769,REPO-19,GH-7293,GH-4770,2026-02-14 12:52:31,2026-02-15 08:52:31,MERGED
PR-52341,REPO-18,GH-7929,GH-6482,2026-08-29 18:47:48,2026-08-30 21:47:48,MERGED
PR-42662,REPO-15,GH-6573,GH-7464,2026-03-29 13:21:51,2026-03-31 04:21:51,MERGED
PR-70944,REPO-5,GH-9346,GH-1530,2026-02-06 22:56:38,2026-02-07 14:56:38,MERGED
PR-85320,REPO-0,GH-2796,GH-9830,2026-08-22 03:32:49,2026-08-24 01:32:49,MERGED
PR-51693,REPO-4,GH-3240,GH-3683,2026-04-01 14:27:35,2026-04-03 09:27:35,MERGED
PR-18017,REPO-3,GH-4826,GH-5089,2026-04-17 18:12:13,2026-04-18 22:12:13,MERGED
PR-87327,REPO-0,GH-5425,GH-5712,2026-02-06 09:43:59,2026-02-06 21:43:59,MERGED
PR-16858,REPO-15,GH-3927,GH-6934,2026-02-01 11:56:40,2026-02-01 21:56:40,MERGED
PR-30482,REPO-9,GH-9922,GH-6927,2026-01-09 08:57:30,2026-01-10 08:57:30,MERGED
PR-55782,REPO-7,GH-7576,GH-6262,2025-10-25 19:08:37,2025-10-27 19:08:37,MERGED
PR-90802,REPO-9,GH-3827,GH-2293,2025-10-17 09:21:51,2025-10-18 16:21:51,MERGED
PR-61423,REPO-15,GH-4396,GH-5161,2026-04-17 09:52:38,2026-04-18 00:52:38,MERGED
PR-80313,REPO-13,GH-2188,GH-2502,2026-06-05 16:36:15,2026-06-06 16:36:15,MERGED
PR-50981,REPO-0,GH-8739,GH-2489,2026-06-20 23:31:41,2026-06-21 18:31:41,MERGED
PR-97509,REPO-10,GH-8792,GH-2680,2025-10-11 10:38:17,2025-10-12 13:38:17,MERGED
PR-87707,REPO-13,GH-5374,GH-9830,2025-12-09 10:42:06,2025-12-09 17:42:06,MERGED
PR-38383,REPO-9,GH-1907,GH-2215,2026-09-17 20:03:07,2026-09-18 06:03:07,MERGED
PR-15015,REPO-16,GH-2624,GH-5022,2025-11-16 08:05:13,2025-11-17 10:05:13,MERGED
PR-72014,REPO-12,GH-8564,GH-7553,2025-12-15 03:50:39,2025-12-16 14:50:39,MERGED
PR-15996,REPO-2,GH-4743,GH-6280,2026-07-18 01:01:05,2026-07-19 18:01:05,MERGED
PR-31012,REPO-18,GH-2924,GH-2858,2026-03-24 22:57:48,2026-03-26 05:57:48,MERGED
PR-48061,REPO-0,GH-6952,GH-5689,2026-05-30 17:04:14,2026-05-31 03:04:14,MERGED
PR-39090,REPO-7,GH-8179,GH-9797,2025-12-11 12:30:27,2025-12-12 14:30:27,MERGED
PR-42629,REPO-19,GH-5061,GH-9335,2026-03-22 21:14:27,2026-03-23 03:14:27,MERGED
PR-27655,REPO-14,GH-8612,GH-8172,2026-07-15 13:39:09,2026-07-16 23:39:09,MERGED
PR-24120,REPO-17,GH-3222,GH-6927,2026-06-03 18:05:00,2026-06-04 13:05:00,MERGED
PR-28152,REPO-4,GH-6514,GH-9998,2026-04-20 20:00:43,2026-04-21 15:00:43,MERGED
PR-14109,REPO-0,GH-4637,GH-1258,2026-01-09 20:30:53,2026-01-11 20:30:53,MERGED
PR-75008,REPO-18,GH-3754,GH-7730,2026-01-23 03:54:12,2026-01-24 20:54:12,MERGED
PR-35513,REPO-8,GH-9742,GH-8700,2026-02-06 15:20:10,2026-02-06 22:20:10,MERGED
PR-92816,REPO-12,GH-7745,GH-3492,2026-08-12 05:26:04,2026-08-12 09:26:04,MERGED
PR-38509,REPO-13,GH-3621,GH-7636,2026-06-14 12:05:03,2026-06-14 21:05:03,MERGED
PR-86507,REPO-17,GH-4937,GH-3549,2025-12-09 10:19:00,2025-12-10 11:19:00,MERGED
PR-82306,REPO-13,GH-4510,GH-8060,2025-12-01 20:43:18,2025-12-02 15:43:18,MERGED
PR-29552,REPO-4,GH-8527,GH-1659,2026-06-09 19:26:05,2026-06-11 06:26:05,MERGED
PR-24401,REPO-2,GH-8434,GH-8770,2026-03-07 17:30:59,2026-03-07 20:30:59,MERGED
PR-25928,REPO-12,GH-5772,GH-9307,2025-12-24 02:29:59,2025-12-24 18:29:59,MERGED
PR-28745,REPO-10,GH-9498,GH-5742,2026-03-19 18:13:21,2026-03-20 14:13:21,MERGED
PR-50901,REPO-2,GH-1510,GH-3615,2025-10-17 12:08:38,2025-10-18 10:08:38,MERGED
PR-46030,REPO-14,GH-8019,GH-9437,2026-03-23 05:09:43,2026-03-23 09:09:43,MERGED
PR-13581,REPO-15,GH-2215,GH-6238,2025-10-05 13:20:44,2025-10-06 03:20:44,MERGED
PR-94659,REPO-13,GH-2208,GH-2391,2025-12-30 05:51:00,2025-12-30 08:51:00,MERGED
PR-62429,REPO-9,GH-7227,GH-3306,2026-06-19 10:24:39,2026-06-21 01:24:39,MERGED
PR-87455,REPO-17,GH-6091,GH-9031,2026-04-02 17:11:44,2026-04-04 02:11:44,MERGED
PR-10514,REPO-3,GH-2169,GH-1430,2025-10-18 12:40:01,2025-10-18 17:40:01,MERGED
PR-36475,REPO-7,GH-5670,GH-8378,2026-01-12 00:34:43,2026-01-12 03:34:43,MERGED
PR-32311,REPO-13,GH-1272,GH-5563,2026-03-28 10:31:01,2026-03-29 04:31:01,MERGED
PR-96978,REPO-8,GH-6421,GH-8972,2026-07-06 10:33:39,2026-07-08 09:33:39,MERGED
PR-72920,REPO-10,GH-9998,GH-6531,2026-08-30 12:27:05,2026-09-01 08:27:05,MERGED
PR-17261,REPO-6,GH-8179,GH-1745,2026-01-19 08:10:39,2026-01-21 00:10:39,MERGED
PR-38107,REPO-18,GH-7560,GH-8272,2025-10-30 01:54:32,2025-10-31 02:54:32,MERGED
PR-30286,REPO-14,GH-5050,GH-6934,2026-01-04 19:43:11,2026-01-06 04:43:11,MERGED
PR-78950,REPO-4,GH-4848,GH-8941,2026-08-09 10:31:21,2026-08-10 08:31:21,MERGED
PR-44180,REPO-15,GH-6727,GH-9897,2025-11-20 05:53:38,2025-11-20 11:53:38,MERGED
PR-72611,REPO-1,GH-4945,GH-4814,2026-06-29 14:23:42,2026-06-30 05:23:42,MERGED
PR-86997,REPO-3,GH-9327,GH-3549,2026-02-12 13:32:43,2026-02-14 05:32:43,MERGED
PR-61789,REPO-4,GH-8606,GH-9903,2026-01-03 12:56:13,2026-01-05 12:56:13,MERGED
PR-17259,REPO-2,GH-7653,GH-8744,2026-08-05 02:42:35,2026-08-05 23:42:35,MERGED
PR-43079,REPO-13,GH-9835,GH-5496,2025-10-13 14:19:24,2025-10-15 14:19:24,MERGED
PR-49708,REPO-17,GH-2786,GH-3254,2026-02-17 22:40:29,2026-02-18 23:40:29,MERGED
PR-38580,REPO-17,GH-5331,GH-7118,2025-10-09 05:41:09,2025-10-09 09:41:09,MERGED
PR-42114,REPO-8,GH-8430,GH-4509,2026-08-01 20:08:02,2026-08-02 23:08:02,MERGED
PR-81689,REPO-2,GH-4084,GH-5114,2026-04-05 15:30:07,2026-04-06 00:30:07,MERGED
PR-25933,REPO-6,GH-9335,GH-3222,2026-05-30 06:26:03,2026-05-31 07:26:03,MERGED
PR-84405,REPO-19,GH-9751,GH-2213,2026-03-20 17:57:21,2026-03-21 04:57:21,MERGED
PR-42546,REPO-13,GH-8372,GH-3610,2025-11-23 01:17:51,2025-11-25 01:17:51,MERGED
PR-78123,REPO-7,GH-4841,GH-2169,2026-03-21 09:40:00,2026-03-22 06:40:00,MERGED
PR-73108,REPO-1,GH-5496,GH-6120,2026-03-12 13:52:30,2026-03-13 20:52:30,MERGED
PR-61140,REPO-18,GH-8956,GH-4613,2026-05-06 21:35:10,2026-05-08 03:35:10,MERGED
PR-69686,REPO-19,GH-3419,GH-1829,2026-05-10 08:25:29,2026-05-11 21:25:29,MERGED
PR-69775,REPO-2,GH-7118,GH-6514,2026-08-11 09:48:25,2026-08-11 23:48:25,MERGED
PR-57381,REPO-5,GH-4585,GH-9903,2026-07-23 11:26:56,2026-07-24 03:26:56,MERGED
PR-93557,REPO-16,GH-6170,GH-5458,2025-12-06 02:09:08,2025-12-06 11:09:08,MERGED
PR-81403,REPO-14,GH-1320,GH-8172,2026-02-08 21:04:46,2026-02-09 07:04:46,MERGED
PR-82143,REPO-15,GH-4450,GH-1282,2026-08-30 15:48:42,2026-08-31 00:48:42,MERGED
PR-74232,REPO-8,GH-9311,GH-3600,2026-06-07 16:12:10,2026-06-09 13:12:10,MERGED
PR-52891,REPO-6,GH-8967,GH-5415,2025-11-28 10:36:15,2025-11-29 08:36:15,MERGED
PR-11686,REPO-4,GH-5905,GH-8612,2025-11-18 03:29:00,2025-11-19 06:29:00,MERGED
PR-99496,REPO-16,GH-7232,GH-8007,2026-02-17 21:57:24,2026-02-19 14:57:24,MERGED
PR-85120,REPO-14,GH-4404,GH-8239,2026-07-11 08:41:12,2026-07-12 20:41:12,MERGED
PR-10561,REPO-0,GH-3236,GH-1525,2025-12-02 02:39:42,2025-12-03 22:39:42,MERGED
PR-32276,REPO-3,GH-2627,GH-1510,2026-07-17 17:43:25,2026-07-17 18:43:25,MERGED
PR-95746,REPO-9,GH-1241,GH-2381,2026-04-03 18:27:44,2026-04-04 21:27:44,MERGED
PR-40803,REPO-17,GH-3780,GH-6280,2026-01-03 08:03:56,2026-01-04 02:03:56,MERGED
PR-98652,REPO-9,GH-4362,GH-8784,2026-03-21 18:45:32,2026-03-23 09:45:32,MERGED
PR-38860,REPO-9,GH-9446,GH-7622,2026-03-27 03:02:55,2026-03-29 00:02:55,MERGED
PR-87648,REPO-19,GH-5331,GH-7293,2025-12-31 03:28:19,2026-01-01 15:28:19,MERGED
PR-84768,REPO-12,GH-1409,GH-3306,2025-10-20 13:53:38,2025-10-20 16:53:38,MERGED
PR-17967,REPO-6,GH-7291,GH-8359,2026-02-16 22:10:26,2026-02-18 07:10:26,MERGED
PR-93311,REPO-14,GH-1153,GH-7626,2025-11-25 16:29:11,2025-11-27 02:29:11,MERGED
PR-89206,REPO-3,GH-5678,GH-3126,2026-08-05 13:57:36,2026-08-07 06:57:36,MERGED
PR-16375,REPO-19,GH-9900,GH-5949,2026-02-15 02:19:18,2026-02-15 17:19:18,MERGED
PR-77122,REPO-4,GH-4629,GH-6654,2025-12-13 19:46:33,2025-12-15 04:46:33,MERGED
PR-71264,REPO-17,GH-2530,GH-8316,2026-02-16 23:58:10,2026-02-18 20:58:10,MERGED
PR-95652,REPO-9,GH-1857,GH-1742,2025-10-06 03:23:41,2025-10-06 23:23:41,MERGED
PR-43962,REPO-11,GH-4460,GH-9837,2025-11-03 21:46:59,2025-11-04 19:46:59,MERGED
PR-93470,REPO-16,GH-8612,GH-9151,2025-12-20 21:21:10,2025-12-22 10:21:10,MERGED
PR-57693,REPO-14,GH-7606,GH-4898,2025-10-21 19:50:31,2025-10-22 16:50:31,MERGED
PR-82373,REPO-7,GH-9647,GH-4295,2026-03-25 06:28:26,2026-03-26 07:28:26,MERGED
PR-35336,REPO-14,GH-4696,GH-8690,2026-05-30 11:33:45,2026-06-01 06:33:45,MERGED
PR-29478,REPO-0,GH-6876,GH-8244,2026-03-30 08:33:09,2026-03-30 21:33:09,MERGED
PR-28119,REPO-1,GH-7001,GH-4261,2026-06-11 16:52:44,2026-06-13 12:52:44,MERGED
PR-47321,REPO-7,GH-9042,GH-7171,2026-04-05 02:53:11,2026-04-06 07:53:11,MERGED
PR-44795,REPO-3,GH-5295,GH-9437,2026-03-01 18:41:22,2026-03-02 18:41:22,MERGED
PR-29329,REPO-18,GH-9837,GH-1609,2025-12-05 19:29:15,2025-12-07 15:29:15,MERGED
PR-23548,REPO-0,GH-8225,GH-3900,2026-01-21 10:10:22,2026-01-21 21:10:22,MERGED
PR-56229,REPO-0,GH-1601,GH-2341,2026-06-11 17:10:28,2026-06-13 12:10:28,MERGED
PR-16691,REPO-8,GH-1888,GH-9900,2026-05-07 23:13:44,2026-05-09 02:13:44,MERGED
PR-89392,REPO-10,GH-2293,GH-9433,2026-07-17 05:21:48,2026-07-19 01:21:48,MERGED
PR-35124,REPO-6,GH-6763,GH-6129,2026-03-07 21:09:43,2026-03-09 20:09:43,MERGED
PR-42007,REPO-8,GH-4963,GH-4912,2026-05-08 09:44:52,2026-05-09 22:44:52,MERGED
PR-98674,REPO-5,GH-2684,GH-6820,2026-09-12 17:18:32,2026-09-13 19:18:32,MERGED
PR-40305,REPO-2,GH-7566,GH-6724,2026-03-30 15:48:08,2026-04-01 15:48:08,MERGED
PR-89875,REPO-2,GH-5678,GH-1685,2025-12-08 12:34:56,2025-12-08 20:34:56,MERGED
PR-33832,REPO-4,GH-6931,GH-8222,2026-04-26 18:36:24,2026-04-26 22:36:24,MERGED
PR-68314,REPO-19,GH-7947,GH-6231,2026-01-12 22:57:17,2026-01-13 09:57:17,MERGED
PR-13380,REPO-4,GH-2771,GH-1514,2026-09-20 06:52:47,2026-09-20 17:52:47,MERGED
PR-45487,REPO-13,GH-6153,GH-7018,2026-08-30 11:00:05,2026-08-31 14:00:05,MERGED
PR-44769,REPO-18,GH-1588,GH-4263,2026-03-22 17:48:54,2026-03-23 03:48:54,MERGED
PR-45728,REPO-17,GH-2771,GH-1588,2026-07-26 17:59:01,2026-07-27 14:59:01,MERGED
PR-30324,REPO-19,GH-1710,GH-6272,2025-11-13 13:10:24,2025-11-14 23:10:24,MERGED
PR-19332,REPO-19,GH-5114,GH-7553,2026-08-13 13:31:44,2026-08-15 07:31:44,MERGED
PR-28919,REPO-9,GH-4830,GH-7511,2026-02-26 18:09:06,2026-02-28 08:09:06,MERGED
PR-10362,REPO-19,GH-2391,GH-1599,2026-07-08 10:32:23,2026-07-08 18:32:23,MERGED
PR-23470,REPO-16,GH-7825,GH-2899,2026-05-17 20:46:26,2026-05-18 07:46:26,MERGED
PR-85888,REPO-9,GH-3504,GH-9167,2026-08-01 18:36:19,2026-08-03 17:36:19,MERGED
PR-84796,REPO-1,GH-8025,GH-1409,2025-11-30 12:53:47,2025-11-30 16:53:47,MERGED
PR-84101,REPO-5,GH-6514,GH-6374,2026-05-30 19:51:49,2026-05-31 06:51:49,MERGED
PR-89042,REPO-5,GH-3317,GH-6374,2025-11-24 05:51:37,2025-11-24 23:51:37,MERGED
PR-43805,REPO-4,GH-5781,GH-1086,2026-01-18 08:11:19,2026-01-20 02:11:19,MERGED
PR-37680,REPO-9,GH-8744,GH-8916,2026-03-08 18:06:28,2026-03-09 13:06:28,MERGED
PR-61835,REPO-19,GH-3697,GH-9047,2026-01-19 21:46:51,2026-01-21 10:46:51,MERGED
PR-59377,REPO-19,GH-5689,GH-3697,2026-06-28 23:51:31,2026-06-29 00:51:31,MERGED
PR-57601,REPO-2,GH-8710,GH-9984,2025-12-16 04:22:38,2025-12-17 00:22:38,MERGED
PR-14569,REPO-12,GH-1510,GH-9543,2026-05-15 10:58:56,2026-05-15 14:58:56,MERGED
PR-85701,REPO-11,GH-5837,GH-1815,2026-03-31 13:15:14,2026-04-01 17:15:14,MERGED
PR-87484,REPO-8,GH-1845,GH-9701,2026-08-06 01:19:03,2026-08-06 08:19:03,MERGED
PR-42805,REPO-16,GH-6927,GH-5342,2026-02-24 01:14:47,2026-02-25 21:14:47,MERGED
PR-31750,REPO-16,GH-2381,GH-6539,2026-06-04 04:35:12,2026-06-04 20:35:12,MERGED
PR-79713,REPO-14,GH-1939,GH-1106,2025-10-24 05:02:39,2025-10-24 08:02:39,MERGED
PR-27597,REPO-8,GH-1406,GH-1106,2025-11-19 13:38:25,2025-11-20 11:38:25,MERGED
PR-81835,REPO-18,GH-7580,GH-5712,2026-07-05 14:15:21,2026-07-05 21:15:21,MERGED
PR-73147,REPO-0,GH-9041,GH-6776,2026-07-17 19:48:14,2026-07-19 07:48:14,MERGED
PR-91460,REPO-10,GH-1982,GH-1272,2025-11-05 07:03:24,2025-11-05 19:03:24,MERGED
PR-87290,REPO-13,GH-3317,GH-9313,2026-03-27 11:41:56,2026-03-28 21:41:56,MERGED
PR-37922,REPO-3,GH-3827,GH-8994,2025-11-25 14:00:41,2025-11-25 15:00:41,MERGED
PR-18388,REPO-19,GH-9955,GH-4268,2026-07-15 06:45:48,2026-07-16 20:45:48,MERGED
PR-70992,REPO-4,GH-9897,GH-7216,2026-06-27 19:05:26,2026-06-29 14:05:26,MERGED
PR-23387,REPO-19,GH-5051,GH-6091,2026-08-01 08:30:16,2026-08-01 11:30:16,MERGED
PR-95271,REPO-6,GH-4728,GH-6262,2026-07-06 19:07:57,2026-07-08 03:07:57,MERGED
PR-34380,REPO-2,GH-8612,GH-3549,2026-06-25 02:01:07,2026-06-26 10:01:07,MERGED
PR-55444,REPO-1,GH-9022,GH-2388,2025-10-17 13:40:53,2025-10-18 22:40:53,MERGED
PR-48856,REPO-12,GH-8941,GH-1514,2026-07-21 13:03:16,2026-07-22 23:03:16,MERGED
PR-78591,REPO-16,GH-9821,GH-1783,2026-07-06 22:30:06,2026-07-08 09:30:06,MERGED
PR-68852,REPO-16,GH-SHARED-48,GH-3868,2026-02-12 07:57:57,2026-02-12 10:57:57,MERGED
PR-72984,REPO-13,GH-2924,GH-5564,2026-07-26 04:21:41,2026-07-27 05:21:41,MERGED
PR-45210,REPO-0,GH-6869,GH-7951,2026-09-21 00:31:56,2026-09-21 06:31:56,MERGED
PR-93441,REPO-17,GH-7812,GH-1783,2025-10-12 07:03:12,2025-10-13 07:03:12,MERGED
PR-38616,REPO-10,GH-9976,GH-6310,2026-07-20 06:55:25,2026-07-20 15:55:25,MERGED
PR-53393,REPO-5,GH-6121,GH-3441,2026-07-01 23:34:49,2026-07-02 21:34:49,MERGED
PR-85870,REPO-13,GH-9984,GH-5061,2026-06-04 00:56:36,2026-06-05 05:56:36,MERGED
PR-19063,REPO-3,GH-5861,GH-6460,2026-03-23 07:04:38,2026-03-24 21:04:38,MERGED
PR-54993,REPO-9,GH-4912,GH-2858,2025-10-09 19:04:52,2025-10-11 10:04:52,MERGED
PR-66522,REPO-8,GH-9543,GH-3417,2026-08-06 17:50:54,2026-08-08 17:50:54,MERGED
PR-31369,REPO-5,GH-9507,GH-8613,2026-07-24 11:41:08,2026-07-25 22:41:08,MERGED
PR-65279,REPO-10,GH-4986,GH-8135,2025-11-04 04:33:48,2025-11-04 07:33:48,MERGED
PR-13792,REPO-4,GH-7981,GH-3868,2026-03-22 22:40:41,2026-03-23 06:40:41,MERGED
PR-25331,REPO-17,GH-3526,GH-6153,2026-01-11 19:02:35,2026-01-12 09:02:35,MERGED
PR-70398,REPO-4,GH-3527,GH-9835,2026-06-24 13:46:01,2026-06-25 10:46:01,MERGED
PR-48773,REPO-19,GH-7622,GH-5415,2026-07-21 02:37:00,2026-07-22 10:37:00,MERGED
PR-27564,REPO-10,GH-7818,GH-2864,2026-06-03 19:06:49,2026-06-05 17:06:49,MERGED
PR-83289,REPO-14,GH-7868,GH-4788,2026-02-28 03:13:23,2026-03-01 19:13:23,MERGED
PR-28797,REPO-5,GH-2106,GH-1133,2026-08-09 11:22:04,2026-08-09 15:22:04,MERGED
PR-22619,REPO-16,GH-4164,GH-8739,2026-08-25 10:09:52,2026-08-25 15:09:52,MERGED
PR-70716,REPO-4,GH-6374,GH-4997,2026-08-14 16:31:41,2026-08-14 18:31:41,MERGED
PR-57497,REPO-17,GH-8239,GH-6908,2026-07-03 15:36:59,2026-07-04 07:36:59,MERGED
PR-47003,REPO-15,GH-9725,GH-5582,2026-09-08 12:55:06,2026-09-09 19:55:06,MERGED
PR-87901,REPO-4,GH-4697,GH-8651,2025-12-09 07:36:37,2025-12-09 15:36:37,MERGED
PR-58088,REPO-9,GH-5678,GH-6374,2026-04-11 07:00:54,2026-04-11 12:00:54,MERGED
PR-83463,REPO-2,GH-4788,GH-9179,2026-09-02 01:15:00,2026-09-02 12:15:00,MERGED
PR-85811,REPO-19,GH-6573,GH-7684,2026-01-05 09:25:42,2026-01-07 05:25:42,MERGED
PR-37118,REPO-6,GH-9375,GH-2235,2026-07-08 16:17:26,2026-07-09 21:17:26,MERGED
PR-19070,REPO-12,GH-4868,GH-3531,2026-08-02 19:04:55,2026-08-03 01:04:55,MERGED
PR-76345,REPO-6,GH-2698,GH-6228,2025-10-27 13:54:33,2025-10-28 20:54:33,MERGED
PR-30825,REPO-10,GH-7563,GH-6820,2026-03-17 03:22:35,2026-03-17 19:22:35,MERGED
PR-75002,REPO-16,GH-8606,GH-8222,2026-01-10 07:32:00,2026-01-11 06:32:00,MERGED
PR-20070,REPO-0,GH-1436,GH-5563,2026-06-03 19:27:40,2026-06-05 13:27:40,MERGED
PR-62022,REPO-11,GH-8354,GH-6654,2026-05-03 17:35:03,2026-05-05 13:35:03,MERGED
PR-13463,REPO-15,GH-9238,GH-7636,2026-05-27 05:04:58,2026-05-28 13:04:58,MERGED
PR-48424,REPO-0,GH-3616,GH-9098,2026-07-31 12:19:51,2026-08-02 09:19:51,MERGED
PR-28530,REPO-4,GH-2624,GH-7397,2025-12-26 02:15:30,2025-12-27 02:15:30,MERGED
PR-66146,REPO-6,GH-1745,GH-3063,2026-06-25 06:48:31,2026-06-26 17:48:31,MERGED
PR-93218,REPO-6,GH-1430,GH-3780,2026-05-09 08:55:32,2026-05-09 18:55:32,MERGED
PR-59777,REPO-11,GH-3749,GH-4898,2025-11-22 15:59:03,2025-11-23 08:59:03,MERGED
PR-21302,REPO-13,GH-6573,GH-3296,2026-09-08 11:53:49,2026-09-10 02:53:49,MERGED
PR-68329,REPO-8,GH-1713,GH-8406,2026-06-26 20:25:38,2026-06-27 10:25:38,MERGED
PR-52577,REPO-16,GH-6763,GH-4728,2026-02-25 23:55:20,2026-02-27 19:55:20,MERGED
PR-89240,REPO-0,GH-6231,GH-6802,2026-01-25 00:25:21,2026-01-25 06:25:21,MERGED
PR-72109,REPO-16,GH-4509,GH-7563,2026-03-02 19:28:48,2026-03-04 01:28:48,MERGED
PR-87845,REPO-18,GH-8699,GH-8245,2026-08-27 06:54:21,2026-08-27 23:54:21,MERGED
PR-72387,REPO-12,GH-2293,GH-8225,2026-05-19 19:28:25,2026-05-21 16:28:25,MERGED
PR-18760,REPO-0,GH-6514,GH-3655,2025-10-23 07:32:04,2025-10-24 12:32:04,MERGED
PR-51802,REPO-9,GH-5835,GH-6562,2026-03-06 02:42:42,2026-03-06 14:42:42,MERGED
PR-21940,REPO-5,GH-5906,GH-1713,2026-07-22 14:22:01,2026-07-24 10:22:01,MERGED
PR-91652,REPO-14,GH-2391,GH-8613,2026-08-15 19:17:51,2026-08-17 12:17:51,MERGED
PR-81017,REPO-7,GH-3068,GH-7291,2026-05-06 03:44:10,2026-05-07 20:44:10,MERGED
PR-16327,REPO-12,GH-6727,GH-5533,2026-06-23 06:42:01,2026-06-24 09:42:01,MERGED
PR-18486,REPO-15,GH-1241,GH-1436,2026-02-05 20:23:10,2026-02-07 06:23:10,MERGED
PR-73916,REPO-16,GH-6658,GH-7001,2026-01-24 06:11:34,2026-01-25 19:11:34,MERGED
PR-76170,REPO-12,GH-2353,GH-9751,2025-11-01 00:20:54,2025-11-01 04:20:54,MERGED
PR-74156,REPO-14,GH-9117,GH-9270,2025-12-11 21:26:13,2025-12-13 20:26:13,MERGED
PR-48324,REPO-10,GH-9151,GH-5458,2026-06-03 11:13:06,2026-06-05 07:13:06,MERGED
PR-63238,REPO-17,GH-5902,GH-9850,2025-10-19 01:16:44,2025-10-20 14:16:44,MERGED
PR-57317,REPO-6,GH-6062,GH-5210,2025-09-27 09:45:22,2025-09-27 14:45:22,MERGED
PR-10152,REPO-12,GH-7708,GH-9311,2026-04-20 09:24:23,2026-04-20 10:24:23,MERGED
PR-12775,REPO-15,GH-3615,GH-9138,2026-01-31 18:11:40,2026-01-31 21:11:40,MERGED
PR-66969,REPO-16,GH-5846,GH-4292,2025-10-06 02:23:29,2025-10-07 16:23:29,MERGED
PR-84794,REPO-1,GH-4817,GH-SHARED-14,2026-05-02 08:34:52,2026-05-03 17:34:52,MERGED
PR-74449,REPO-16,GH-6590,GH-8126,2025-10-23 01:23:46,2025-10-23 21:23:46,MERGED
PR-61769,REPO-15,GH-7850,GH-6582,2026-04-21 14:11:51,2026-04-22 19:11:51,MERGED
PR-76824,REPO-15,GH-9022,GH-4644,2025-11-02 05:25:41,2025-11-03 14:25:41,MERGED
PR-17996,REPO-1,GH-5649,GH-3851,2025-12-03 11:43:58,2025-12-04 15:43:58,MERGED
PR-39187,REPO-8,GH-5728,GH-1444,2026-04-11 22:17:17,2026-04-11 23:17:17,MERGED
PR-15140,REPO-1,GH-5835,GH-9674,2026-03-17 18:20:04,2026-03-18 19:20:04,MERGED
PR-13240,REPO-17,GH-2193,GH-2832,2026-01-16 03:58:29,2026-01-18 02:58:29,MERGED
PR-37376,REPO-6,GH-4912,GH-5649,2025-12-05 15:14:51,2025-12-06 00:14:51,MERGED
PR-56524,REPO-7,GH-5543,GH-3209,2026-09-10 11:23:56,2026-09-11 13:23:56,MERGED
PR-16973,REPO-7,GH-8060,GH-8359,2026-06-08 05:11:40,2026-06-09 16:11:40,MERGED
PR-35775,REPO-14,GH-4527,GH-6908,2026-06-13 07:25:29,2026-06-13 15:25:29,MERGED
PR-58717,REPO-7,GH-4263,GH-4878,2026-02-11 06:26:21,2026-02-13 02:26:21,MERGED
PR-39157,REPO-4,GH-1241,GH-8673,2026-05-12 20:24:09,2026-05-14 12:24:09,MERGED
PR-78966,REPO-16,GH-9117,GH-2391,2026-06-26 01:40:30,2026-06-26 15:40:30,MERGED
PR-71439,REPO-18,GH-9830,GH-1269,2026-07-16 01:40:47,2026-07-17 21:40:47,MERGED
PR-98367,REPO-5,GH-2235,GH-2612,2026-07-19 12:11:17,2026-07-20 11:11:17,MERGED
PR-63056,REPO-12,GH-8237,GH-1715,2026-02-18 14:09:37,2026-02-20 09:09:37,MERGED
PR-66172,REPO-2,GH-4920,GH-7211,2026-04-02 12:49:21,2026-04-02 22:49:21,MERGED
PR-59829,REPO-2,GH-7201,GH-3449,2026-02-22 09:10:57,2026-02-23 10:10:57,MERGED
PR-69246,REPO-5,GH-5349,GH-1672,2026-08-30 17:09:51,2026-09-01 06:09:51,MERGED
PR-14375,REPO-2,GH-5000,GH-2479,2026-04-12 08:02:18,2026-04-12 09:02:18,MERGED
PR-92306,REPO-9,GH-3126,GH-2698,2025-11-03 17:07:59,2025-11-04 06:07:59,MERGED
PR-88573,REPO-13,GH-5061,GH-3414,2025-10-23 22:42:38,2025-10-25 06:42:38,MERGED
PR-57939,REPO-13,GH-7658,GH-1715,2025-12-14 17:34:10,2025-12-16 05:34:10,MERGED
PR-64849,REPO-9,GH-6280,GH-9955,2026-05-21 11:22:28,2026-05-23 00:22:28,MERGED
PR-52674,REPO-7,GH-1842,GH-3200,2026-02-20 17:22:27,2026-02-22 02:22:27,MERGED
PR-37469,REPO-7,GH-1422,GH-4404,2026-05-27 07:09:33,2026-05-28 03:09:33,MERGED
PR-17680,REPO-9,GH-2924,GH-9270,2026-09-01 21:32:33,2026-09-03 04:32:33,MERGED
PR-15803,REPO-2,GH-5000,GH-7044,2026-03-06 18:59:34,2026-03-07 10:59:34,MERGED
PR-75891,REPO-12,GH-4268,GH-9507,2026-01-11 01:35:50,2026-01-12 22:35:50,MERGED
PR-13396,REPO-7,GH-9543,GH-9785,2026-03-18 18:49:11,2026-03-20 08:49:11,MERGED
PR-14085,REPO-15,GH-3780,GH-3705,2025-12-22 00:54:55,2025-12-22 12:54:55,MERGED
PR-34863,REPO-2,GH-5961,GH-4826,2026-07-29 12:04:02,2026-07-31 05:04:02,MERGED
PR-98059,REPO-11,GH-3287,GH-7563,2026-04-21 11:16:56,2026-04-23 11:16:56,MERGED
PR-74547,REPO-13,GH-8770,GH-6539,2026-07-10 01:48:28,2026-07-11 08:48:28,MERGED
PR-36739,REPO-0,GH-4918,GH-7553,2026-07-01 04:08:33,2026-07-01 15:08:33,MERGED
PR-15419,REPO-4,GH-2796,GH-3254,2026-08-12 08:24:56,2026-08-12 12:24:56,MERGED
PR-27210,REPO-3,GH-3103,GH-6776,2026-03-27 22:38:15,2026-03-28 01:38:15,MERGED
PR-66272,REPO-1,GH-9327,GH-1841,2025-12-23 09:46:05,2025-12-24 17:46:05,MERGED
PR-18319,REPO-5,GH-9320,GH-8900,2025-12-07 08:06:15,2025-12-07 14:06:15,MERGED
PR-35646,REPO-7,GH-3252,GH-3646,2026-08-05 14:55:09,2026-08-06 02:55:09,MERGED
PR-27780,REPO-18,GH-3252,GH-3646,2026-05-22 17:50:50,2026-05-23 21:50:50,MERGED
PR-23822,REPO-13,GH-6105,GH-2020,2025-10-12 19:16:23,2025-10-12 21:16:23,MERGED
PR-43183,REPO-8,GH-6531,GH-2874,2026-02-04 12:13:51,2026-02-06 12:13:51,MERGED
PR-82326,REPO-19,GH-3417,GH-4968,2025-12-13 04:49:43,2025-12-13 20:49:43,MERGED
PR-44377,REPO-16,GH-9179,GH-4241,2025-12-06 07:18:09,2025-12-07 09:18:09,MERGED
PR-55663,REPO-17,GH-2269,GH-9725,2026-06-07 17:45:36,2026-06-09 11:45:36,MERGED
PR-92195,REPO-14,GH-3344,GH-2527,2026-04-30 09:53:20,2026-05-01 04:53:20,MERGED
PR-59194,REPO-16,GH-3253,GH-SHARED-48,2026-04-21 00:26:02,2026-04-22 10:26:02,MERGED
PR-98489,REPO-12,GH-8793,GH-6383,2025-10-18 08:07:57,2025-10-19 15:07:57,MERGED
PR-99629,REPO-3,GH-8316,GH-1282,2026-05-05 00:02:35,2026-05-05 03:02:35,MERGED
PR-77506,REPO-7,GH-4404,GH-9031,2026-06-18 03:33:19,2026-06-19 03:33:19,MERGED
PR-85845,REPO-3,GH-9928,GH-6590,2026-03-21 22:24:09,2026-03-22 15:24:09,MERGED
PR-80549,REPO-8,GH-4268,GH-6231,2025-11-24 01:59:25,2025-11-25 09:59:25,MERGED
PR-93253,REPO-8,GH-8612,GH-4696,2026-02-12 12:20:40,2026-02-13 19:20:40,MERGED
PR-22670,REPO-17,GH-7658,GH-7868,2026-01-15 04:24:12,2026-01-16 08:24:12,MERGED
PR-77770,REPO-15,GH-2388,GH-2160,2026-02-23 10:16:28,2026-02-24 19:16:28,MERGED
PR-90812,REPO-9,GH-4728,GH-7044,2026-07-10 03:59:36,2026-07-11 07:59:36,MERGED
PR-64658,REPO-15,GH-3240,GH-9976,2026-08-03 20:59:03,2026-08-05 17:59:03,MERGED
PR-92112,REPO-16,GH-8770,GH-4441,2025-10-12 14:16:55,2025-10-13 11:16:55,MERGED
PR-53400,REPO-14,GH-4522,GH-8668,2026-03-01 11:42:21,2026-03-02 03:42:21,MERGED
PR-71830,REPO-11,GH-1320,GH-2771,2026-02-10 23:17:37,2026-02-11 00:17:37,MERGED
PR-74899,REPO-12,GH-6091,GH-6419,2026-03-08 14:57:25,2026-03-09 11:57:25,MERGED
PR-61121,REPO-15,GH-3068,GH-6105,2026-03-24 22:56:04,2026-03-25 22:56:04,MERGED
PR-20774,REPO-3,GH-2502,GH-5198,2026-04-20 01:00:37,2026-04-20 18:00:37,MERGED
PR-56592,REPO-3,GH-8527,GH-8007,2026-06-29 02:27:38,2026-06-30 16:27:38,MERGED
PR-22672,REPO-8,GH-2746,GH-5333,2026-07-06 20:16:25,2026-07-07 04:16:25,MERGED
PR-69103,REPO-11,GH-6421,GH-5564,2026-02-13 09:54:50,2026-02-15 01:54:50,MERGED
PR-82292,REPO-19,GH-4362,GH-6021,2026-02-25 09:04:42,2026-02-26 12:04:42,MERGED
PR-17036,REPO-16,GH-9282,GH-9151,2026-04-25 09:10:18,2026-04-25 18:10:18,MERGED
PR-15902,REPO-13,GH-4919,GH-6198,2026-08-30 06:39:47,2026-08-30 20:39:47,MERGED
PR-78860,REPO-3,GH-5786,GH-9540,2026-04-14 20:05:57,2026-04-15 22:05:57,MERGED
PR-56301,REPO-14,GH-2139,GH-7730,2026-02-23 19:08:56,2026-02-23 20:08:56,MERGED
PR-82040,REPO-14,GH-4920,GH-6608,2026-01-10 16:10:06,2026-01-11 02:10:06,MERGED
PR-57205,REPO-6,GH-1920,GH-4178,2026-03-04 02:08:23,2026-03-05 16:08:23,MERGED
PR-46322,REPO-8,GH-5670,GH-7843,2026-07-18 21:58:35,2026-07-20 09:58:35,MERGED
PR-71300,REPO-4,GH-2771,GH-3549,2026-06-14 17:11:01,2026-06-16 13:11:01,MERGED
PR-43085,REPO-0,GH-2647,GH-9624,2025-10-28 19:53:24,2025-10-30 05:53:24,MERGED
PR-82415,REPO-13,GH-8179,GH-4944,2026-08-26 02:23:14,2026-08-27 19:23:14,MERGED
PR-57301,REPO-13,GH-2076,GH-6121,2026-08-17 22:20:00,2026-08-19 10:20:00,MERGED
PR-82797,REPO-19,GH-7537,GH-5374,2026-08-13 02:31:59,2026-08-14 14:31:59,MERGED
PR-25070,REPO-19,GH-8792,GH-7561,2025-11-05 06:41:07,2025-11-05 08:41:07,MERGED
PR-61613,REPO-18,GH-9307,GH-4872,2026-04-28 09:38:54,2026-04-29 10:38:54,MERGED
PR-25488,REPO-7,GH-3369,GH-7304,2026-03-18 05:26:47,2026-03-18 17:26:47,MERGED
PR-23573,REPO-5,GH-SHARED-69,GH-6493,2025-10-02 22:37:39,2025-10-04 16:37:39,MERGED
PR-71150,REPO-3,GH-9565,GH-9189,2026-05-05 17:13:53,2026-05-07 01:13:53,MERGED
PR-86839,REPO-5,GH-8371,GH-1919,2025-10-03 06:43:09,2025-10-04 15:43:09,MERGED
PR-65063,REPO-16,GH-1502,GH-7044,2026-06-14 14:54:53,2026-06-14 19:54:53,MERGED
PR-75661,REPO-16,GH-3330,GH-6091,2026-02-04 14:35:22,2026-02-05 21:35:22,MERGED
PR-55960,REPO-12,GH-4185,GH-8354,2026-05-26 05:01:59,2026-05-27 07:01:59,MERGED
PR-27001,REPO-14,GH-5051,GH-1333,2026-07-31 17:54:15,2026-07-31 19:54:15,MERGED
PR-73181,REPO-11,GH-5397,GH-2624,2026-02-15 17:42:04,2026-02-15 18:42:04,MERGED
PR-86067,REPO-17,GH-5050,GH-4443,2026-04-13 20:05:20,2026-04-14 08:05:20,MERGED
PR-78794,REPO-3,GH-7906,GH-2796,2026-09-11 06:08:27,2026-09-13 03:08:27,MERGED
PR-43759,REPO-0,GH-8126,GH-8871,2025-10-17 01:25:11,2025-10-17 03:25:11,MERGED
PR-14894,REPO-13,GH-5941,GH-7906,2026-03-23 06:19:36,2026-03-23 20:19:36,MERGED
PR-17036,REPO-18,GH-3317,GH-7334,2026-04-27 11:53:19,2026-04-29 00:53:19,MERGED
PR-67175,REPO-2,GH-5315,GH-7916,2026-09-20 11:40:06,2026-09-21 18:40:06,MERGED
PR-70487,REPO-10,GH-7868,GH-5951,2026-07-07 16:59:40,2026-07-09 05:59:40,MERGED
PR-58654,REPO-8,GH-1659,GH-2129,2026-02-19 14:39:22,2026-02-21 12:39:22,MERGED
PR-94060,REPO-10,GH-6820,GH-7397,2026-06-14 09:14:24,2026-06-14 21:14:24,MERGED
PR-71652,REPO-5,GH-6194,GH-7693,2026-02-18 11:13:05,2026-02-19 15:13:05,MERGED
PR-25695,REPO-1,GH-3222,GH-1634,2026-04-12 09:16:22,2026-04-14 00:16:22,MERGED
PR-49006,REPO-15,GH-5835,GH-9647,2026-02-06 12:30:43,2026-02-06 19:30:43,MERGED
PR-15881,REPO-10,GH-3868,GH-4509,2026-04-03 16:52:17,2026-04-04 18:52:17,MERGED
PR-80496,REPO-13,GH-2983,GH-7825,2026-09-14 21:44:57,2026-09-16 15:44:57,MERGED
PR-39884,REPO-16,GH-7095,GH-4908,2025-10-28 10:59:28,2025-10-29 20:59:28,MERGED
PR-44382,REPO-10,GH-7797,GH-6082,2026-01-28 07:20:19,2026-01-28 16:20:19,MERGED
PR-82624,REPO-16,GH-3504,GH-9824,2025-11-08 15:46:26,2025-11-10 00:46:26,MERGED
PR-66101,REPO-12,GH-6055,GH-3001,2026-08-04 01:13:07,2026-08-06 01:13:07,MERGED
PR-15458,REPO-19,GH-9850,GH-7566,2025-12-28 19:12:09,2025-12-30 07:12:09,MERGED
PR-92000,REPO-10,GH-3223,GH-6155,2026-02-17 16:52:22,2026-02-18 22:52:22,MERGED
PR-88396,REPO-6,GH-2795,GH-6727,2025-09-30 11:58:43,2025-10-02 03:58:43,MERGED
PR-56952,REPO-6,GH-4919,GH-6140,2026-02-05 08:14:54,2026-02-06 10:14:54,MERGED
PR-56297,REPO-0,GH-4467,GH-8135,2025-10-24 02:39:24,2025-10-24 06:39:24,MERGED
PR-38180,REPO-5,GH-3803,GH-5563,2026-08-29 20:12:23,2026-08-31 08:12:23,MERGED
PR-26556,REPO-1,GH-7708,GH-8710,2025-11-06 21:04:27,2025-11-07 01:04:27,MERGED
PR-17328,REPO-3,GH-9938,GH-8679,2025-10-17 22:09:02,2025-10-18 18:09:02,MERGED
PR-73624,REPO-14,GH-5543,GH-2215,2026-09-17 06:02:31,2026-09-18 11:02:31,MERGED
PR-41025,REPO-4,GH-6590,GH-2874,2025-10-28 04:04:00,2025-10-28 11:04:00,MERGED
PR-86923,REPO-16,GH-4920,GH-8245,2026-03-13 19:12:31,2026-03-14 02:12:31,MERGED
PR-79188,REPO-5,GH-4920,GH-7653,2025-12-16 04:01:30,2025-12-17 14:01:30,MERGED
PR-91340,REPO-16,GH-6718,GH-1986,2026-04-19 16:23:14,2026-04-20 12:23:14,MERGED
PR-47762,REPO-10,GH-9176,GH-8213,2026-01-14 21:35:16,2026-01-16 19:35:16,MERGED
PR-57331,REPO-7,GH-3573,GH-8679,2026-08-27 22:06:09,2026-08-28 21:06:09,MERGED
PR-92258,REPO-14,GH-6531,GH-4362,2026-01-05 20:25:03,2026-01-07 04:25:03,MERGED
PR-42547,REPO-6,GH-1710,GH-9850,2025-11-12 11:30:05,2025-11-14 02:30:05,MERGED
PR-57734,REPO-1,GH-6925,GH-2215,2025-12-08 05:46:44,2025-12-09 00:46:44,MERGED
PR-23831,REPO-9,GH-5186,GH-8237,2026-07-16 11:44:25,2026-07-17 15:44:25,MERGED
PR-69035,REPO-10,GH-7561,GH-3344,2026-01-18 23:16:04,2026-01-20 04:16:04,MERGED
PR-30059,REPO-0,GH-5719,GH-7018,2026-06-02 07:25:10,2026-06-02 17:25:10,MERGED
PR-24834,REPO-12,GH-2713,GH-3868,2025-12-31 16:39:47,2026-01-02 09:39:47,MERGED
PR-26125,REPO-19,GH-4792,GH-1919,2026-01-01 04:21:32,2026-01-02 16:21:32,MERGED
PR-49521,REPO-1,GH-7947,GH-6055,2025-10-19 07:49:17,2025-10-21 07:49:17,MERGED
PR-83289,REPO-2,GH-4626,GH-2213,2026-07-16 22:48:40,2026-07-17 09:48:40,MERGED
PR-16058,REPO-18,GH-3165,GH-5336,2026-06-14 01:06:12,2026-06-15 17:06:12,MERGED
PR-88278,REPO-0,GH-1887,GH-1964,2026-07-23 06:28:52,2026-07-23 12:28:52,MERGED
PR-68660,REPO-0,GH-3254,GH-8267,2026-07-11 17:22:42,2026-07-12 04:22:42,MERGED
PR-64029,REPO-6,GH-4743,GH-2530,2026-04-07 19:08:09,2026-04-09 00:08:09,MERGED
PR-81260,REPO-7,GH-5757,GH-7389,2026-01-25 20:26:14,2026-01-26 16:26:14,MERGED
PR-31817,REPO-0,GH-5198,GH-8372,2026-03-03 17:37:27,2026-03-05 01:37:27,MERGED
PR-77932,REPO-13,GH-8213,GH-5563,2026-01-29 01:58:06,2026-01-30 21:58:06,MERGED
PR-32120,REPO-15,GH-5837,GH-1745,2026-03-01 12:07:35,2026-03-02 13:07:35,MERGED
PR-38472,REPO-2,GH-9595,GH-6228,2026-09-09 13:45:49,2026-09-11 02:45:49,MERGED
PR-62871,REPO-10,GH-9837,GH-1745,2025-11-23 11:46:03,2025-11-25 05:46:03,MERGED
PR-45162,REPO-18,GH-2208,GH-9488,2026-08-30 12:57:47,2026-09-01 02:57:47,MERGED
PR-25956,REPO-13,GH-3273,GH-2337,2026-02-20 15:04:54,2026-02-22 02:04:54,MERGED
PR-95187,REPO-4,GH-6129,GH-3253,2026-05-28 17:06:28,2026-05-30 11:06:28,MERGED
PR-68897,REPO-12,GH-7397,GH-1461,2026-02-03 20:38:50,2026-02-04 22:38:50,MERGED
PR-10279,REPO-11,GH-3440,GH-3927,2026-04-07 03:01:21,2026-04-08 02:01:21,MERGED
PR-31706,REPO-8,GH-5703,GH-6992,2026-04-28 03:45:20,2026-04-28 06:45:20,MERGED
PR-43186,REPO-3,GH-2874,GH-4228,2026-04-03 18:28:27,2026-04-03 21:28:27,MERGED
PR-55560,REPO-10,GH-4510,GH-1311,2025-10-18 08:38:56,2025-10-20 03:38:56,MERGED
PR-72363,REPO-6,GH-3851,GH-1753,2025-12-26 03:25:15,2025-12-27 06:25:15,MERGED
PR-16241,REPO-6,GH-3851,GH-7825,2026-04-06 03:12:50,2026-04-06 21:12:50,MERGED
PR-76244,REPO-6,GH-5381,GH-1857,2026-03-07 10:15:43,2026-03-07 15:15:43,MERGED
PR-79303,REPO-15,GH-3621,GH-2983,2026-05-29 05:43:42,2026-05-30 04:43:42,MERGED
PR-12743,REPO-9,GH-8538,GH-2229,2026-01-25 04:45:16,2026-01-25 13:45:16,MERGED
PR-48001,REPO-5,GH-1423,GH-8777,2026-03-11 16:11:15,2026-03-12 13:11:15,MERGED
PR-58009,REPO-9,GH-8849,GH-6718,2025-11-15 13:59:55,2025-11-16 04:59:55,MERGED
PR-24448,REPO-17,GH-9693,GH-8385,2026-08-27 07:36:52,2026-08-28 12:36:52,MERGED
PR-99808,REPO-0,GH-8359,GH-5901,2026-02-01 00:21:04,2026-02-02 12:21:04,MERGED
PR-33308,REPO-13,GH-7843,GH-8744,2026-09-10 07:32:49,2026-09-12 04:32:49,MERGED
PR-41578,REPO-12,GH-8222,GH-1601,2026-07-26 22:38:10,2026-07-27 11:38:10,MERGED
PR-58572,REPO-7,GH-6194,GH-6934,2026-09-14 11:19:37,2026-09-15 21:19:37,MERGED
PR-92323,REPO-12,GH-6908,GH-9312,2026-09-03 01:37:23,2026-09-03 23:37:23,MERGED
PR-10853,REPO-11,GH-1939,GH-8690,2026-01-06 23:00:34,2026-01-08 06:00:34,MERGED
PR-10379,REPO-11,GH-6170,GH-7626,2026-07-24 09:50:40,2026-07-25 20:50:40,MERGED
PR-29231,REPO-8,GH-7389,GH-1241,2026-01-10 23:06:31,2026-01-12 05:06:31,MERGED
PR-92258,REPO-19,GH-5279,GH-6555,2025-12-30 03:59:10,2025-12-31 16:59:10,MERGED
PR-99867,REPO-18,GH-7624,GH-7594,2026-01-24 23:54:08,2026-01-26 22:54:08,MERGED
PR-42420,REPO-18,GH-8744,GH-6021,2025-12-11 21:19:13,2025-12-13 15:19:13,MERGED
PR-13660,REPO-18,GH-8251,GH-8267,2025-12-07 09:44:48,2025-12-09 00:44:48,MERGED
PR-92507,REPO-8,GH-1939,GH-4986,2026-05-16 01:33:28,2026-05-17 00:33:28,MERGED
PR-10879,REPO-11,GH-6992,GH-6129,2026-07-08 01:36:38,2026-07-08 18:36:38,MERGED
PR-18500,REPO-4,GH-9721,GH-2638,2026-03-08 17:12:23,2026-03-10 05:12:23,MERGED
PR-10457,REPO-0,GH-9693,GH-2204,2025-11-20 09:22:28,2025-11-21 21:22:28,MERGED
PR-97598,REPO-12,GH-8740,GH-8740,2025-10-25 15:16:08,2025-10-27 12:16:08,MERGED
PR-87705,REPO-10,GH-8354,GH-2946,2026-03-22 13:20:26,2026-03-23 00:20:26,MERGED
PR-58286,REPO-11,GH-2294,GH-4826,2026-05-19 20:01:38,2026-05-20 12:01:38,MERGED
PR-34790,REPO-8,GH-1969,GH-9117,2026-01-30 07:11:48,2026-01-31 18:11:48,MERGED
PR-50225,REPO-19,GH-2388,GH-5050,2026-05-27 17:19:28,2026-05-29 04:19:28,MERGED
PR-18071,REPO-11,GH-7049,GH-3209,2026-08-16 14:24:35,2026-08-17 15:24:35,MERGED
PR-82982,REPO-1,GH-9270,GH-5050,2026-04-13 13:06:33,2026-04-13 16:06:33,MERGED
PR-72579,REPO-12,GH-6120,GH-1845,2026-06-30 11:28:24,2026-07-01 02:28:24,MERGED
PR-97091,REPO-3,GH-1651,GH-3419,2026-06-30 15:14:28,2026-07-01 04:14:28,MERGED
PR-28015,REPO-11,GH-5345,GH-7843,2026-02-13 06:02:19,2026-02-13 21:02:19,MERGED
PR-84404,REPO-14,GH-2041,GH-7081,2025-10-27 17:05:44,2025-10-28 11:05:44,MERGED
PR-97728,REPO-18,GH-1964,GH-5118,2026-06-02 14:49:32,2026-06-03 04:49:32,MERGED
PR-78269,REPO-18,GH-3697,GH-6400,2025-10-16 10:49:10,2025-10-17 07:49:10,MERGED
PR-94307,REPO-12,GH-9196,GH-6934,2025-12-22 18:38:21,2025-12-23 12:38:21,MERGED
PR-72120,REPO-0,GH-8434,GH-3683,2025-12-19 07:52:40,2025-12-20 23:52:40,MERGED
PR-90123,REPO-16,GH-3616,GH-SHARED-77,2026-01-28 16:45:22,2026-01-30 08:45:22,MERGED
PR-58458,REPO-6,GH-6442,GH-4770,2026-06-13 08:56:44,2026-06-14 05:56:44,MERGED
PR-47202,REPO-5,GH-5479,GH-1588,2026-05-13 11:45:07,2026-05-13 22:45:07,MERGED
PR-84660,REPO-12,GH-2388,GH-7209,2026-02-09 14:06:48,2026-02-09 15:06:48,MERGED
PR-43972,REPO-12,GH-5781,GH-4830,2026-08-13 01:49:24,2026-08-14 21:49:24,MERGED
PR-78876,REPO-1,GH-4846,GH-5331,2025-12-18 08:52:46,2025-12-18 13:52:46,MERGED
PR-10059,REPO-2,GH-2876,GH-5349,2026-01-13 18:38:22,2026-01-14 05:38:22,MERGED
PR-89609,REPO-3,GH-8264,GH-5632,2026-04-12 04:23:05,2026-04-13 08:23:05,MERGED
PR-18826,REPO-0,GH-5291,GH-1986,2026-01-04 21:12:12,2026-01-06 01:12:12,MERGED
PR-95250,REPO-2,GH-6939,GH-8385,2025-12-07 06:24:04,2025-12-07 17:24:04,MERGED
PR-62005,REPO-2,GH-5050,GH-7626,2026-08-30 21:05:46,2026-09-01 11:05:46,MERGED
PR-94751,REPO-9,GH-SHARED-48,GH-4155,2026-06-13 21:42:00,2026-06-15 18:42:00,MERGED
PR-22894,REPO-4,GH-8272,GH-8244,2026-08-14 22:57:17,2026-08-15 02:57:17,MERGED
PR-40909,REPO-4,GH-5543,GH-5526,2025-12-15 13:59:17,2025-12-16 01:59:17,MERGED
PR-43003,REPO-0,GH-8179,GH-9022,2026-02-24 08:23:33,2026-02-24 20:23:33,MERGED
PR-68744,REPO-8,GH-2771,GH-4626,2026-09-18 12:17:46,2026-09-19 13:17:46,MERGED
PR-96653,REPO-4,GH-3463,GH-4862,2026-05-15 02:39:54,2026-05-16 16:39:54,MERGED
PR-71573,REPO-15,GH-5668,GH-4155,2026-06-12 19:45:31,2026-06-12 23:45:31,MERGED
PR-16784,REPO-2,GH-7543,GH-4814,2025-10-26 10:37:01,2025-10-27 02:37:01,MERGED
PR-74624,REPO-2,GH-5741,GH-7049,2025-09-26 06:09:54,2025-09-27 01:09:54,MERGED
PR-37180,REPO-2,GH-5901,GH-9095,2026-01-10 22:39:46,2026-01-11 10:39:46,MERGED
PR-86143,REPO-13,GH-4878,GH-7566,2026-03-17 21:54:26,2026-03-18 18:54:26,MERGED
PR-20364,REPO-7,GH-1339,GH-9984,2026-06-06 02:52:38,2026-06-07 18:52:38,MERGED
PR-84231,REPO-0,GH-1939,GH-8385,2026-05-30 10:12:25,2026-06-01 05:12:25,MERGED
PR-56976,REPO-2,GH-1475,GH-7537,2025-10-28 17:06:27,2025-10-30 09:06:27,MERGED
PR-31349,REPO-8,GH-1502,GH-1888,2026-08-29 03:41:19,2026-08-30 17:41:19,MERGED
PR-52913,REPO-3,GH-4848,GH-3600,2026-05-01 05:24:14,2026-05-01 10:24:14,MERGED
PR-43005,REPO-11,GH-6150,GH-2290,2026-06-15 22:14:21,2026-06-17 06:14:21,MERGED
PR-73814,REPO-4,GH-8239,GH-3481,2026-04-06 17:57:50,2026-04-08 02:57:50,MERGED
PR-95700,REPO-2,GH-8916,GH-3621,2026-06-07 09:41:26,2026-06-08 22:41:26,MERGED
PR-51963,REPO-11,GH-5480,GH-4267,2026-09-01 22:03:23,2026-09-02 07:03:23,MERGED
PR-76043,REPO-6,GH-7624,GH-7246,2026-01-10 02:30:55,2026-01-10 13:30:55,MERGED
PR-13453,REPO-10,GH-9938,GH-5010,2025-12-08 07:34:45,2025-12-08 23:34:45,MERGED
PR-22147,REPO-0,GH-5262,GH-1269,2026-03-19 19:12:10,2026-03-19 22:12:10,MERGED
PR-11408,REPO-2,GH-2419,GH-8612,2026-08-20 15:49:48,2026-08-22 10:49:48,MERGED
PR-29233,REPO-9,GH-4450,GH-9316,2026-02-06 18:56:15,2026-02-08 14:56:15,MERGED
PR-70850,REPO-7,GH-2118,GH-3200,2026-02-28 04:29:42,2026-03-01 23:29:42,MERGED
PR-88631,REPO-12,GH-3007,GH-SHARED-87,2026-02-07 08:59:25,2026-02-08 20:59:25,MERGED
PR-18331,REPO-14,GH-7018,GH-5543,2026-08-07 18:47:30,2026-08-09 03:47:30,MERGED
PR-15468,REPO-18,GH-2320,GH-9817,2026-02-12 12:08:59,2026-02-13 21:08:59,MERGED
PR-69800,REPO-16,GH-3529,GH-5902,2026-02-01 05:36:01,2026-02-03 04:36:01,MERGED
PR-42502,REPO-18,GH-4637,GH-9331,2026-04-22 15:27:35,2026-04-24 08:27:35,MERGED
PR-88767,REPO-12,GH-1693,GH-8244,2025-11-21 14:36:36,2025-11-22 06:36:36,MERGED
PR-11105,REPO-13,GH-7812,GH-5291,2026-08-23 07:26:55,2026-08-23 11:26:55,MERGED
PR-34367,REPO-2,GH-4694,GH-2743,2026-08-08 02:43:10,2026-08-09 22:43:10,MERGED
PR-98805,REPO-1,GH-6772,GH-9742,2026-03-07 09:46:53,2026-03-08 15:46:53,MERGED
PR-31593,REPO-16,GH-3252,GH-4178,2026-04-24 07:03:31,2026-04-26 05:03:31,MERGED
PR-11199,REPO-1,GH-5678,GH-5425,2026-05-08 08:21:37,2026-05-08 10:21:37,MERGED
PR-32778,REPO-19,GH-9751,GH-1282,2026-04-27 15:11:38,2026-04-28 17:11:38,MERGED
PR-82345,REPO-8,GH-2604,GH-3950,2026-07-28 17:45:49,2026-07-29 20:45:49,MERGED
PR-26525,REPO-16,GH-5708,GH-2292,2025-11-10 13:25:39,2025-11-11 08:25:39,MERGED
PR-47390,REPO-0,GH-7232,GH-7797,2026-08-10 08:38:19,2026-08-11 03:38:19,MERGED
PR-79482,REPO-0,GH-8673,GH-6053,2026-02-08 15:27:03,2026-02-10 07:27:03,MERGED
PR-44225,REPO-19,GH-5706,GH-3492,2025-11-24 20:52:54,2025-11-26 09:52:54,MERGED
PR-42120,REPO-6,GH-3646,GH-5114,2026-09-08 03:42:56,2026-09-08 19:42:56,MERGED
PR-72210,REPO-3,GH-9346,GH-9317,2026-09-17 12:55:25,2026-09-17 14:55:25,MERGED
PR-56412,REPO-7,GH-2208,GH-5742,2025-12-28 19:41:30,2025-12-29 20:41:30,MERGED
PR-98048,REPO-10,GH-6198,GH-1406,2026-08-12 20:21:39,2026-08-13 10:21:39,MERGED
PR-13541,REPO-10,GH-3749,GH-5668,2025-11-03 01:53:59,2025-11-03 10:53:59,MERGED
PR-36725,REPO-0,GH-4868,GH-5315,2025-10-05 22:43:47,2025-10-06 01:43:47,MERGED
PR-57911,REPO-13,GH-7653,GH-8378,2026-07-24 19:07:05,2026-07-25 08:07:05,MERGED
PR-24243,REPO-4,GH-8690,GH-9316,2025-10-22 02:19:50,2025-10-22 23:19:50,MERGED
PR-64144,REPO-19,GH-3878,GH-9437,2026-03-07 22:11:52,2026-03-09 19:11:52,MERGED
PR-86091,REPO-19,GH-1018,GH-5582,2026-02-22 17:42:30,2026-02-24 12:42:30,MERGED
PR-32465,REPO-6,GH-1086,GH-1858,2025-10-11 18:56:37,2025-10-13 04:56:37,MERGED
PR-76647,REPO-0,GH-4944,GH-1887,2026-04-07 12:55:53,2026-04-09 02:55:53,MERGED
PR-56940,REPO-14,GH-8710,GH-5920,2026-01-03 12:42:15,2026-01-04 06:42:15,MERGED
PR-45844,REPO-15,GH-3001,GH-6053,2026-08-01 17:58:20,2026-08-02 18:58:20,MERGED
PR-16397,REPO-18,GH-6529,GH-9955,2026-07-22 20:34:48,2026-07-22 21:34:48,MERGED
PR-59786,REPO-17,GH-1339,GH-7227,2026-07-17 03:29:43,2026-07-18 17:29:43,MERGED
PR-90543,REPO-13,GH-3621,GH-4150,2026-07-04 14:24:28,2026-07-05 05:24:28,MERGED
PR-48882,REPO-4,GH-2713,GH-7291,2026-07-14 12:18:51,2026-07-14 20:18:51,MERGED
PR-99181,REPO-1,GH-5543,GH-6772,2026-03-26 14:38:37,2026-03-28 04:38:37,MERGED
PR-70283,REPO-19,GH-1858,GH-3549,2026-04-28 00:29:13,2026-04-29 13:29:13,MERGED
PR-44681,REPO-7,GH-3950,GH-2965,2026-08-23 17:29:03,2026-08-24 20:29:03,MERGED
PR-91681,REPO-10,GH-7850,GH-3870,2026-03-04 03:46:37,2026-03-05 09:46:37,MERGED
PR-46681,REPO-3,GH-8430,GH-5374,2026-03-18 02:01:45,2026-03-18 13:01:45,MERGED
PR-97335,REPO-3,GH-5835,GH-5425,2026-05-04 06:17:20,2026-05-04 09:17:20,MERGED
PR-55903,REPO-12,GH-7232,GH-9928,2026-01-02 21:40:36,2026-01-03 06:40:36,MERGED
PR-65050,REPO-16,GH-7981,GH-7018,2025-10-11 02:45:29,2025-10-12 09:45:29,MERGED
PR-85820,REPO-4,GH-6262,GH-5930,2025-12-13 00:36:11,2025-12-13 06:36:11,MERGED
PR-78409,REPO-8,GH-5649,GH-8905,2026-08-04 17:35:14,2026-08-06 06:35:14,MERGED
PR-18950,REPO-12,GH-6658,GH-2713,2025-12-03 13:58:03,2025-12-04 12:58:03,MERGED
PR-35499,REPO-3,GH-3803,GH-2133,2025-10-12 11:34:59,2025-10-13 23:34:59,MERGED
PR-50808,REPO-4,GH-8199,GH-7580,2026-06-30 06:00:01,2026-07-01 04:00:01,MERGED
PR-13512,REPO-5,GH-9312,GH-2874,2026-09-15 13:53:02,2026-09-15 23:53:02,MERGED
PR-25890,REPO-17,GH-8361,GH-7240,2026-05-18 09:34:12,2026-05-19 23:34:12,MERGED
PR-27223,REPO-19,GH-8684,GH-9947,2026-04-07 01:03:15,2026-04-07 15:03:15,MERGED
PR-70890,REPO-10,GH-5333,GH-1423,2026-03-12 14:17:05,2026-03-12 22:17:05,MERGED
PR-89299,REPO-17,GH-2874,GH-8385,2026-04-25 19:17:08,2026-04-26 00:17:08,MERGED
PR-74700,REPO-7,GH-5374,GH-1854,2026-04-30 09:52:56,2026-05-01 08:52:56,MERGED
PR-10640,REPO-15,GH-4697,GH-9693,2025-10-21 08:07:11,2025-10-22 06:07:11,MERGED
PR-67375,REPO-3,GH-9779,GH-9821,2026-06-11 10:06:58,2026-06-12 02:06:58,MERGED
PR-45440,REPO-4,GH-7543,GH-1907,2025-11-27 01:32:51,2025-11-28 20:32:51,MERGED
PR-89268,REPO-15,GH-8793,GH-5450,2026-06-09 16:00:03,2026-06-10 05:00:03,MERGED
PR-98969,REPO-12,GH-4770,GH-7947,2026-04-29 13:41:32,2026-05-01 09:41:32,MERGED
PR-38393,REPO-7,GH-9452,GH-3153,2025-11-16 09:17:37,2025-11-17 16:17:37,MERGED
PR-43905,REPO-8,GH-3973,GH-7211,2026-07-28 19:08:44,2026-07-30 00:08:44,MERGED
PR-36333,REPO-8,GH-4263,GH-3236,2026-06-11 14:23:01,2026-06-12 13:23:01,MERGED
PR-55734,REPO-17,GH-1496,GH-6573,2025-12-17 12:24:28,2025-12-19 02:24:28,MERGED
PR-59893,REPO-7,GH-8007,GH-4814,2026-04-29 16:16:42,2026-04-29 17:16:42,MERGED
PR-37899,REPO-0,GH-3587,GH-1251,2026-08-24 16:14:19,2026-08-26 10:14:19,MERGED
PR-13619,REPO-19,GH-9011,GH-9176,2026-05-03 11:36:40,2026-05-04 19:36:40,MERGED
PR-20399,REPO-14,GH-7572,GH-8371,2026-02-12 15:08:23,2026-02-14 10:08:23,MERGED
PR-20806,REPO-9,GH-SHARED-52,GH-4862,2026-08-12 12:56:02,2026-08-14 11:56:02,MERGED
PR-10814,REPO-2,GH-9056,GH-5264,2026-08-30 04:51:44,2026-08-31 01:51:44,MERGED
PR-48072,REPO-11,GH-2795,GH-6194,2026-02-25 17:50:56,2026-02-27 04:50:56,MERGED
PR-75944,REPO-7,GH-6940,GH-1046,2026-03-19 08:20:44,2026-03-20 15:20:44,MERGED
PR-78701,REPO-5,GH-5114,GH-SHARED-34,2026-03-31 15:39:17,2026-04-01 02:39:17,MERGED
PR-37737,REPO-18,GH-3589,GH-5480,2026-04-12 10:57:59,2026-04-12 19:57:59,MERGED
PR-61195,REPO-8,GH-2113,GH-8359,2026-04-07 05:15:41,2026-04-08 00:15:41,MERGED
PR-62673,REPO-17,GH-3419,GH-7397,2026-05-15 21:23:09,2026-05-17 21:23:09,MERGED
PR-62363,REPO-14,GH-9452,GH-9167,2025-10-21 09:55:08,2025-10-22 16:55:08,MERGED
PR-93985,REPO-11,GH-3584,GH-5291,2026-07-22 12:45:36,2026-07-24 02:45:36,MERGED
PR-99859,REPO-17,GH-6992,GH-9548,2026-04-04 06:09:02,2026-04-04 09:09:02,MERGED
PR-41334,REPO-1,GH-5649,GH-1444,2026-05-17 14:54:46,2026-05-17 16:54:46,MERGED
PR-81592,REPO-16,GH-8251,GH-2193,2026-01-08 12:53:09,2026-01-10 06:53:09,MERGED
PR-90953,REPO-2,GH-2502,GH-5161,2026-04-13 16:58:31,2026-04-14 08:58:31,MERGED
PR-28463,REPO-17,GH-5901,GH-8253,2025-12-27 02:08:57,2025-12-28 22:08:57,MERGED
PR-24528,REPO-1,GH-6772,GH-3526,2026-01-21 22:00:30,2026-01-23 22:00:30,MERGED
PR-65168,REPO-8,GH-5480,GH-4131,2026-04-15 12:41:31,2026-04-15 23:41:31,MERGED
PR-89456,REPO-18,GH-6994,GH-7504,2026-07-22 03:50:51,2026-07-22 07:50:51,MERGED
PR-89523,REPO-0,GH-2753,GH-2208,2025-11-19 20:48:13,2025-11-20 00:48:13,MERGED
PR-11183,REPO-19,GH-3068,GH-1006,2026-01-18 01:23:00,2026-01-19 12:23:00,MERGED
PR-84990,REPO-4,GH-5002,GH-2489,2026-06-18 15:26:07,2026-06-20 08:26:07,MERGED
PR-45476,REPO-11,GH-7095,GH-4846,2026-04-27 19:04:22,2026-04-29 16:04:22,MERGED
PR-47200,REPO-1,GH-8684,GH-2133,2026-02-03 03:10:38,2026-02-04 23:10:38,MERGED
PR-88675,REPO-11,GH-9797,GH-9270,2026-02-24 00:54:00,2026-02-26 00:54:00,MERGED
PR-13203,REPO-18,GH-5668,GH-5291,2026-05-04 21:33:02,2026-05-05 14:33:02,MERGED
PR-41657,REPO-15,GH-1241,GH-2697,2025-10-23 14:11:55,2025-10-24 22:11:55,MERGED
PR-54243,REPO-2,GH-7951,GH-2213,2025-09-27 09:05:34,2025-09-28 05:05:34,MERGED
PR-63252,REPO-3,GH-6576,GH-2293,2026-01-03 14:39:03,2026-01-03 21:39:03,MERGED
PR-26716,REPO-7,GH-8538,GH-8792,2026-04-28 01:01:02,2026-04-28 19:01:02,MERGED
PR-84631,REPO-3,GH-5082,GH-6573,2026-01-06 23:09:23,2026-01-08 03:09:23,MERGED
PR-53327,REPO-19,GH-5571,GH-1422,2026-03-11 13:09:45,2026-03-12 01:09:45,MERGED
PR-38973,REPO-18,GH-7932,GH-6772,2026-05-15 18:58:36,2026-05-16 02:58:36,MERGED
PR-33692,REPO-11,GH-1200,GH-8749,2025-11-10 07:56:51,2025-11-12 07:56:51,MERGED
PR-64840,REPO-9,GH-1659,GH-6724,2025-11-15 04:18:06,2025-11-15 10:18:06,MERGED
PR-47183,REPO-13,GH-8218,GH-7246,2026-02-10 05:58:47,2026-02-11 05:58:47,MERGED
PR-95750,REPO-3,GH-9071,GH-7216,2025-11-24 04:36:54,2025-11-24 20:36:54,MERGED
PR-79253,REPO-12,GH-3870,GH-7209,2026-08-05 15:24:21,2026-08-05 20:24:21,MERGED
PR-77459,REPO-6,GH-9042,GH-2899,2025-11-27 22:38:19,2025-11-28 05:38:19,MERGED
PR-84228,REPO-15,GH-8316,GH-2713,2026-07-09 22:11:34,2026-07-11 12:11:34,MERGED
PR-39971,REPO-13,GH-6514,GH-6438,2026-08-06 17:11:51,2026-08-07 08:11:51,MERGED
PR-77611,REPO-10,GH-3900,GH-4571,2025-12-29 20:19:34,2025-12-31 13:19:34,MERGED
PR-35947,REPO-8,GH-8438,GH-8222,2026-09-06 13:36:50,2026-09-08 07:36:50,MERGED
PR-16060,REPO-13,GH-2647,GH-5564,2026-06-14 09:19:16,2026-06-14 14:19:16,MERGED
PR-27443,REPO-2,GH-6372,GH-3549,2026-03-17 17:15:42,2026-03-18 10:15:42,MERGED
PR-96018,REPO-1,GH-5564,GH-9041,2026-05-22 11:21:01,2026-05-23 19:21:01,MERGED
PR-83663,REPO-9,GH-6272,GH-6238,2026-09-03 05:40:19,2026-09-04 09:40:19,MERGED
PR-56659,REPO-9,GH-6198,GH-1530,2026-07-30 12:07:58,2026-07-30 14:07:58,MERGED
PR-29181,REPO-18,GH-2911,GH-6198,2026-05-23 14:48:07,2026-05-24 00:48:07,MERGED
PR-64115,REPO-5,GH-8264,GH-6119,2026-05-18 14:08:02,2026-05-20 12:08:02,MERGED
PR-60637,REPO-1,GH-5415,GH-8651,2025-12-14 22:14:30,2025-12-16 09:14:30,MERGED
PR-60608,REPO-12,GH-5450,GH-8842,2026-03-01 06:28:07,2026-03-03 06:28:07,MERGED
PR-99152,REPO-8,GH-9307,GH-1829,2026-02-19 13:18:59,2026-02-21 07:18:59,MERGED
PR-52468,REPO-19,GH-6460,GH-4846,2026-03-28 02:41:03,2026-03-28 08:41:03,MERGED
PR-82225,REPO-15,GH-5703,GH-6781,2026-03-15 08:10:35,2026-03-15 09:10:35,MERGED
PR-38423,REPO-6,GH-8564,GH-5772,2026-03-31 13:52:17,2026-03-31 18:52:17,MERGED
PR-42097,REPO-1,GH-2795,GH-8956,2025-12-10 03:48:42,2025-12-11 22:48:42,MERGED
PR-11801,REPO-15,GH-3147,GH-8359,2026-02-13 15:41:51,2026-02-15 12:41:51,MERGED
PR-32828,REPO-14,GH-8941,GH-9041,2025-10-31 23:39:20,2025-11-01 19:39:20,MERGED
PR-34428,REPO-17,GH-1645,GH-4456,2026-03-14 12:27:57,2026-03-15 05:27:57,MERGED
PR-81475,REPO-19,GH-1475,GH-8179,2025-12-07 15:28:27,2025-12-08 04:28:27,MERGED
PR-38140,REPO-12,GH-8740,GH-2146,2026-08-30 19:30:03,2026-08-31 12:30:03,MERGED
PR-31499,REPO-14,GH-5479,GH-1887,2026-08-30 21:39:59,2026-08-31 12:39:59,MERGED
PR-71378,REPO-2,GH-4826,GH-3007,2026-09-07 11:55:09,2026-09-09 11:55:09,MERGED
PR-49173,REPO-7,GH-7825,GH-8744,2026-07-22 18:59:53,2026-07-24 01:59:53,MERGED
PR-11563,REPO-10,GH-2988,GH-2713,2026-07-27 13:04:08,2026-07-28 02:04:08,MERGED
PR-13105,REPO-15,GH-9797,GH-7081,2025-12-01 10:52:58,2025-12-02 15:52:58,MERGED
PR-67916,REPO-10,GH-7981,GH-9785,2026-09-08 05:08:17,2026-09-09 11:08:17,MERGED
PR-43504,REPO-11,GH-9238,GH-7216,2025-11-16 03:40:58,2025-11-17 07:40:58,MERGED
PR-45804,REPO-12,GH-1200,GH-4684,2026-01-12 02:41:32,2026-01-13 09:41:32,MERGED
PR-76874,REPO-12,GH-9031,GH-2391,2025-12-02 21:06:41,2025-12-03 23:06:41,MERGED
PR-50357,REPO-8,GH-9311,GH-9626,2025-12-31 12:10:16,2026-01-01 08:10:16,MERGED
PR-53944,REPO-1,GH-5002,GH-4268,2025-11-17 14:21:40,2025-11-18 17:21:40,MERGED
PR-54345,REPO-12,GH-3306,GH-2697,2026-04-19 14:16:55,2026-04-20 08:16:55,MERGED
PR-68962,REPO-0,GH-1241,GH-5906,2026-07-16 00:50:26,2026-07-16 20:50:26,MERGED
PR-55876,REPO-4,GH-3254,GH-1320,2026-04-18 00:28:10,2026-04-18 20:28:10,MERGED
PR-29499,REPO-5,GH-4263,GH-3646,2026-04-15 02:11:16,2026-04-16 18:11:16,MERGED
PR-32465,REPO-7,GH-2713,GH-3317,2026-03-01 16:21:59,2026-03-03 07:21:59,MERGED
PR-62544,REPO-8,GH-1916,GH-3254,2026-04-07 20:25:55,2026-04-09 00:25:55,MERGED
PR-40476,REPO-9,GH-5941,GH-8827,2026-02-14 17:00:06,2026-02-16 16:00:06,MERGED
PR-82464,REPO-11,GH-2753,GH-1588,2026-05-17 21:01:06,2026-05-19 16:01:06,MERGED
PR-92676,REPO-7,GH-9721,GH-5065,2025-10-06 01:10:50,2025-10-06 05:10:50,MERGED
PR-22041,REPO-8,GH-7825,GH-9998,2026-07-14 06:03:02,2026-07-15 08:03:02,MERGED
PR-64473,REPO-8,GH-1611,GH-8251,2026-07-23 20:50:12,2026-07-24 22:50:12,MERGED
PR-49227,REPO-9,GH-9346,GH-6409,2026-04-02 06:43:16,2026-04-03 23:43:16,MERGED
PR-47784,REPO-15,GH-4918,GH-2146,2025-12-29 15:37:06,2025-12-31 05:37:06,MERGED
PR-59107,REPO-6,GH-2680,GH-1907,2026-02-17 10:54:23,2026-02-19 04:54:23,MERGED
PR-22031,REPO-10,GH-4515,GH-5291,2025-10-11 23:21:23,2025-10-12 16:21:23,MERGED
PR-60322,REPO-9,GH-7624,GH-1452,2026-08-21 02:52:51,2026-08-21 22:52:51,MERGED
PR-11736,REPO-1,GH-2946,GH-7141,2026-02-01 13:00:06,2026-02-02 16:00:06,MERGED
PR-87979,REPO-18,GH-3236,GH-9331,2026-04-10 14:35:29,2026-04-11 17:35:29,MERGED
PR-18370,REPO-14,GH-3939,GH-8267,2025-11-21 06:53:31,2025-11-22 14:53:31,MERGED
PR-44899,REPO-1,GH-4993,GH-7951,2026-01-09 09:34:33,2026-01-09 15:34:33,MERGED
PR-34542,REPO-6,GH-5562,GH-3222,2025-10-05 20:38:28,2025-10-06 07:38:28,MERGED
PR-93738,REPO-19,GH-9313,GH-4450,2026-08-02 17:18:18,2026-08-03 01:18:18,MERGED
PR-90987,REPO-11,GH-3287,GH-1672,2025-10-15 00:12:59,2025-10-16 17:12:59,MERGED
PR-94847,REPO-14,GH-6869,GH-3103,2026-05-11 14:01:35,2026-05-12 09:01:35,MERGED
PR-18877,REPO-15,GH-5279,GH-7981,2026-07-19 13:16:44,2026-07-20 12:16:44,MERGED
PR-88593,REPO-5,GH-8267,GH-6934,2026-07-25 08:19:03,2026-07-26 14:19:03,MERGED
PR-76039,REPO-6,GH-SHARED-27,GH-5349,2026-05-03 07:24:41,2026-05-04 21:24:41,MERGED
PR-88750,REPO-10,GH-9042,GH-8355,2026-08-11 18:31:25,2026-08-13 05:31:25,MERGED
PR-51478,REPO-18,GH-9540,GH-1488,2026-05-30 21:10:42,2026-05-31 15:10:42,MERGED
PR-59766,REPO-2,GH-1046,GH-1745,2025-12-09 09:43:24,2025-12-11 03:43:24,MERGED
PR-55250,REPO-3,GH-4522,GH-4986,2026-09-04 03:21:03,2026-09-04 22:21:03,MERGED
PR-52302,REPO-14,GH-1939,GH-5465,2026-07-05 17:59:25,2026-07-06 08:59:25,MERGED
PR-82195,REPO-4,GH-4404,GH-9311,2026-09-16 13:18:32,2026-09-17 08:18:32,MERGED
PR-93169,REPO-10,GH-2530,GH-8144,2026-06-12 06:03:41,2026-06-13 22:03:41,MERGED
PR-28639,REPO-8,GH-4963,GH-9689,2026-02-17 20:01:03,2026-02-18 11:01:03,MERGED
PR-21754,REPO-10,GH-8018,GH-3441,2026-01-03 15:09:10,2026-01-05 04:09:10,MERGED
PR-34753,REPO-13,GH-6539,GH-4770,2025-12-30 18:58:16,2025-12-31 04:58:16,MERGED
PR-76530,REPO-12,GH-8172,GH-2489,2026-03-13 15:38:04,2026-03-14 10:38:04,MERGED
PR-49500,REPO-16,GH-2204,GH-9837,2026-03-01 23:48:13,2026-03-03 02:48:13,MERGED
PR-36111,REPO-13,GH-3927,GH-8651,2026-01-20 23:02:11,2026-01-21 14:02:11,MERGED
PR-14117,REPO-17,GH-6119,GH-8538,2025-11-06 15:15:49,2025-11-07 07:15:49,MERGED
PR-28312,REPO-11,GH-5961,GH-2924,2026-02-13 05:58:50,2026-02-14 21:58:50,MERGED
PR-27733,REPO-10,GH-6927,GH-9375,2026-03-06 21:43:19,2026-03-08 18:43:19,MERGED
PR-65389,REPO-4,GH-8941,GH-5333,2025-10-21 15:47:39,2025-10-22 16:47:39,MERGED
PR-50069,REPO-3,GH-2070,GH-2204,2026-09-05 22:34:44,2026-09-07 07:34:44,MERGED
PR-83726,REPO-5,GH-1821,GH-4467,2026-08-07 11:33:33,2026-08-09 11:33:33,MERGED
PR-76485,REPO-1,GH-5065,GH-3317,2026-01-23 23:28:43,2026-01-24 13:28:43,MERGED
PR-87262,REPO-17,GH-2479,GH-8434,2026-05-11 20:08:37,2026-05-13 11:08:37,MERGED
PR-86543,REPO-2,GH-5479,GH-9548,2026-03-12 02:31:00,2026-03-12 23:31:00,MERGED
PR-75812,REPO-17,GH-6153,GH-6724,2025-10-27 20:07:26,2025-10-29 03:07:26,MERGED
PR-49486,REPO-19,GH-1713,GH-5719,2026-07-31 22:42:37,2026-08-02 03:42:37,MERGED
PR-26800,REPO-13,GH-2627,GH-3858,2026-04-22 22:15:33,2026-04-24 19:15:33,MERGED
PR-60507,REPO-15,GH-9693,GH-1595,2025-10-08 21:17:04,2025-10-09 15:17:04,MERGED
PR-75907,REPO-10,GH-3481,GH-9507,2026-02-14 14:09:27,2026-02-16 09:09:27,MERGED
PR-56538,REPO-12,GH-2627,GH-6780,2026-08-13 20:34:44,2026-08-14 00:34:44,MERGED
PR-20610,REPO-14,GH-9320,GH-6714,2025-11-28 23:37:05,2025-11-30 02:37:05,MERGED
PR-19404,REPO-11,GH-9042,GH-4919,2025-09-26 10:37:40,2025-09-27 00:37:40,MERGED
PR-76946,REPO-13,GH-1006,GH-4441,2026-07-29 13:42:46,2026-07-30 13:42:46,MERGED
PR-66315,REPO-12,GH-9727,GH-4460,2026-08-11 19:39:28,2026-08-13 00:39:28,MERGED
PR-34012,REPO-1,GH-3683,GH-3041,2025-10-21 04:56:59,2025-10-22 03:56:59,MERGED
PR-41944,REPO-3,GH-1430,GH-7511,2026-04-05 21:34:10,2026-04-07 17:34:10,MERGED
PR-50552,REPO-12,GH-6082,GH-6123,2026-04-12 08:42:31,2026-04-12 13:42:31,MERGED
PR-37134,REPO-16,GH-4114,GH-3580,2026-08-21 01:23:56,2026-08-21 22:23:56,MERGED
PR-80784,REPO-16,GH-2698,GH-9935,2026-06-25 05:15:48,2026-06-27 01:15:48,MERGED
PR-83686,REPO-10,GH-6869,GH-7693,2025-10-19 05:12:48,2025-10-19 18:12:48,MERGED
PR-71162,REPO-3,GH-2235,GH-2622,2025-11-21 16:07:07,2025-11-23 07:07:07,MERGED
PR-30757,REPO-19,GH-4033,GH-6188,2026-01-13 18:30:06,2026-01-14 15:30:06,MERGED
PR-16217,REPO-10,GH-6188,GH-7563,2026-06-06 19:41:53,2026-06-08 18:41:53,MERGED
PR-75601,REPO-9,GH-8837,GH-3973,2026-08-04 13:59:30,2026-08-05 00:59:30,MERGED
PR-19677,REPO-19,GH-6869,GH-8025,2025-12-08 01:31:48,2025-12-08 09:31:48,MERGED
PR-60689,REPO-11,GH-1832,GH-9701,2025-11-16 00:23:23,2025-11-17 13:23:23,MERGED
PR-27175,REPO-8,GH-7334,GH-2864,2026-06-27 19:56:36,2026-06-28 15:56:36,MERGED
PR-43557,REPO-8,GH-8538,GH-5678,2026-01-26 07:40:55,2026-01-27 04:40:55,MERGED
PR-80261,REPO-13,GH-3399,GH-4340,2026-05-03 19:26:42,2026-05-04 23:26:42,MERGED
PR-86365,REPO-10,GH-7201,GH-8531,2025-09-29 13:58:31,2025-09-29 19:58:31,MERGED
PR-28565,REPO-19,GH-8679,GH-2988,2025-12-31 17:24:23,2026-01-02 06:24:23,MERGED
PR-25338,REPO-11,GH-2412,GH-7636,2026-09-01 04:05:18,2026-09-01 23:05:18,MERGED
PR-97995,REPO-14,GH-1525,GH-1320,2025-10-12 03:20:50,2025-10-13 06:20:50,MERGED
PR-38136,REPO-4,GH-4598,GH-6751,2026-09-12 19:21:17,2026-09-14 07:21:17,MERGED
PR-61906,REPO-2,GH-5065,GH-6608,2025-12-04 18:08:38,2025-12-06 01:08:38,MERGED
PR-39300,REPO-7,GH-5847,GH-1282,2025-09-29 19:37:34,2025-09-30 12:37:34,MERGED
PR-85930,REPO-12,GH-6403,GH-8967,2026-02-05 06:17:18,2026-02-07 03:17:18,MERGED
PR-35400,REPO-12,GH-7797,GH-3419,2026-02-03 18:23:07,2026-02-04 21:23:07,MERGED
PR-74900,REPO-10,GH-6590,GH-2063,2026-06-17 12:00:59,2026-06-18 04:00:59,MERGED
PR-27904,REPO-3,GH-3504,GH-3419,2026-04-20 14:42:01,2026-04-21 02:42:01,MERGED
PR-16383,REPO-13,GH-9666,GH-7397,2026-04-20 03:48:37,2026-04-20 06:48:37,MERGED
PR-60607,REPO-16,GH-8123,GH-5345,2026-09-20 21:58:36,2026-09-21 18:58:36,MERGED
PR-14251,REPO-12,GH-1430,GH-6585,2025-10-12 14:32:20,2025-10-14 05:32:20,MERGED
PR-55895,REPO-2,GH-9282,GH-4937,2025-10-20 22:57:56,2025-10-21 07:57:56,MERGED
PR-86405,REPO-5,GH-8700,GH-3414,2026-03-07 20:38:52,2026-03-07 23:38:52,MERGED
PR-31764,REPO-11,GH-8404,GH-2337,2026-09-03 20:32:49,2026-09-05 09:32:49,MERGED
PR-87283,REPO-5,GH-9042,GH-3287,2026-09-18 11:27:34,2026-09-20 10:27:34,MERGED
PR-71375,REPO-4,GH-7211,GH-3236,2025-12-21 08:12:57,2025-12-22 12:12:57,MERGED
PR-51966,REPO-12,GH-5911,GH-SHARED-69,2026-09-07 23:08:48,2026-09-08 04:08:48,MERGED
PR-11117,REPO-18,GH-6493,GH-3041,2025-10-11 15:32:25,2025-10-12 16:32:25,MERGED
PR-89531,REPO-18,GH-5114,GH-5325,2026-03-07 16:04:49,2026-03-07 19:04:49,MERGED
PR-37422,REPO-19,GH-4878,GH-4846,2026-08-01 12:07:38,2026-08-01 13:07:38,MERGED
PR-64290,REPO-14,GH-4946,GH-2911,2025-12-18 02:48:34,2025-12-18 19:48:34,MERGED
PR-77922,REPO-5,GH-8245,GH-7132,2025-12-26 17:26:51,2025-12-27 03:26:51,MERGED
PR-57880,REPO-19,GH-6802,GH-5861,2026-05-02 10:15:15,2026-05-02 17:15:15,MERGED
PR-95066,REPO-14,GH-2293,GH-1018,2025-10-02 07:06:03,2025-10-02 11:06:03,MERGED
PR-37462,REPO-17,GH-3615,GH-3103,2026-01-31 01:02:42,2026-02-01 15:02:42,MERGED
PR-85770,REPO-11,GH-8941,GH-7658,2026-06-08 14:35:11,2026-06-09 06:35:11,MERGED
PR-79529,REPO-2,GH-6582,GH-1715,2025-12-14 19:55:45,2025-12-15 04:55:45,MERGED
PR-45303,REPO-17,GH-2773,GH-1269,2026-02-12 07:24:35,2026-02-14 07:24:35,MERGED
PR-77010,REPO-3,GH-3254,GH-2657,2026-01-16 01:15:08,2026-01-17 02:15:08,MERGED
PR-38259,REPO-14,GH-1424,GH-2657,2026-06-21 05:25:28,2026-06-22 12:25:28,MERGED
PR-68182,REPO-17,GH-6039,GH-4878,2025-10-24 16:07:02,2025-10-26 13:07:02,MERGED
PR-90046,REPO-16,GH-1241,GH-1406,2025-11-12 14:33:09,2025-11-13 02:33:09,MERGED
PR-39218,REPO-8,GH-2790,GH-3143,2025-12-27 14:25:21,2025-12-28 23:25:21,MERGED
PR-41330,REPO-17,GH-3600,GH-4119,2026-04-08 14:17:44,2026-04-09 07:17:44,MERGED
PR-81652,REPO-9,GH-4920,GH-2858,2026-07-28 00:00:15,2026-07-29 00:00:15,MERGED
PR-17822,REPO-4,GH-3296,GH-2624,2026-08-05 01:42:58,2026-08-06 04:42:58,MERGED
PR-80551,REPO-6,GH-9698,GH-8144,2026-09-15 03:01:50,2026-09-15 17:01:50,MERGED
PR-95336,REPO-5,GH-8531,GH-5668,2026-07-31 05:49:30,2026-08-01 00:49:30,MERGED
PR-92796,REPO-9,GH-5949,GH-2790,2025-10-07 08:17:46,2025-10-08 12:17:46,MERGED
PR-18003,REPO-7,GH-9011,GH-2293,2026-02-23 05:58:39,2026-02-25 02:58:39,MERGED
PR-28832,REPO-13,GH-9947,GH-9282,2026-03-13 02:54:58,2026-03-13 20:54:58,MERGED
PR-53422,REPO-10,GH-9595,GH-8222,2026-07-23 14:12:04,2026-07-25 06:12:04,MERGED
PR-77036,REPO-18,GH-1339,GH-5786,2025-11-29 14:04:09,2025-12-01 00:04:09,MERGED
PR-96484,REPO-1,GH-3522,GH-6658,2026-04-02 12:28:18,2026-04-02 16:28:18,MERGED
PR-27576,REPO-19,GH-9883,GH-5786,2026-09-15 17:19:32,2026-09-16 11:19:32,MERGED
PR-51870,REPO-0,GH-1588,GH-5295,2026-04-30 19:31:28,2026-05-01 10:31:28,MERGED
PR-94179,REPO-8,GH-9498,GH-8527,2025-12-07 03:40:45,2025-12-08 23:40:45,MERGED
PR-66848,REPO-0,GH-8679,GH-7484,2026-02-18 07:56:30,2026-02-18 14:56:30,MERGED
PR-75485,REPO-10,GH-7865,GH-3114,2026-07-14 20:39:23,2026-07-15 02:39:23,MERGED
PR-32374,REPO-18,GH-6194,GH-2864,2026-01-25 20:14:26,2026-01-27 08:14:26,MERGED
PR-52940,REPO-5,GH-4846,GH-2208,2026-07-05 16:33:15,2026-07-05 20:33:15,MERGED
PR-57890,REPO-19,GH-1282,GH-7304,2026-08-15 07:31:07,2026-08-17 07:31:07,MERGED
PR-41419,REPO-15,GH-4673,GH-8242,2026-01-25 12:14:04,2026-01-26 03:14:04,MERGED
PR-73154,REPO-9,GH-1282,GH-4918,2026-01-17 19:48:22,2026-01-18 21:48:22,MERGED
PR-83681,REPO-6,GH-6179,GH-8842,2025-10-17 07:28:04,2025-10-18 06:28:04,MERGED
PR-26782,REPO-8,GH-6990,GH-3399,2026-02-19 14:35:40,2026-02-21 08:35:40,MERGED
PR-45701,REPO-10,GH-7606,GH-3449,2026-02-04 14:07:23,2026-02-05 23:07:23,MERGED
PR-71161,REPO-0,GH-5350,GH-8264,2026-04-20 16:34:09,2026-04-21 03:34:09,MERGED
PR-56733,REPO-8,GH-4150,GH-5891,2026-01-30 19:31:44,2026-02-01 05:31:44,MERGED
PR-71599,REPO-12,GH-6091,GH-7149,2026-07-21 21:54:32,2026-07-22 04:54:32,MERGED
PR-37617,REPO-17,GH-9883,GH-3370,2025-11-12 06:51:38,2025-11-13 23:51:38,MERGED
PR-10622,REPO-4,GH-6658,GH-9595,2026-05-10 11:24:06,2026-05-11 01:24:06,MERGED
PR-53071,REPO-11,GH-5272,GH-9850,2025-10-14 19:05:18,2025-10-16 00:05:18,MERGED
PR-38446,REPO-13,GH-5708,GH-8740,2026-07-17 08:16:05,2026-07-19 08:16:05,MERGED
PR-77520,REPO-15,GH-8905,GH-1320,2026-08-29 06:25:46,2026-08-30 22:25:46,MERGED
PR-27779,REPO-6,GH-6381,GH-5678,2026-01-18 11:48:21,2026-01-20 08:48:21,MERGED
PR-41029,REPO-17,GH-8679,GH-9464,2026-01-18 13:58:19,2026-01-20 11:58:19,MERGED
PR-45695,REPO-19,GH-4868,GH-8179,2026-07-14 18:36:13,2026-07-16 02:36:13,MERGED
PR-90734,REPO-14,GH-4684,GH-7543,2026-01-24 12:41:15,2026-01-26 01:41:15,MERGED
PR-69076,REPO-9,GH-1601,GH-7389,2025-10-31 09:09:40,2025-11-02 01:09:40,MERGED
PR-86094,REPO-15,GH-4585,GH-1241,2025-10-23 11:24:55,2025-10-23 15:24:55,MERGED
PR-76355,REPO-5,GH-9281,GH-3165,2026-08-05 12:44:02,2026-08-07 07:44:02,MERGED
PR-60751,REPO-2,GH-1269,GH-2070,2025-11-06 01:56:14,2025-11-07 10:56:14,MERGED
PR-64995,REPO-8,GH-7730,GH-6772,2025-10-28 11:01:11,2025-10-28 19:01:11,MERGED
PR-86919,REPO-5,GH-6062,GH-4968,2025-12-07 12:10:15,2025-12-07 20:10:15,MERGED
PR-95003,REPO-15,GH-7708,GH-5564,2026-05-05 05:14:52,2026-05-05 22:14:52,MERGED
PR-48299,REPO-18,GH-4946,GH-3697,2026-05-27 23:29:10,2026-05-29 22:29:10,MERGED
PR-74752,REPO-13,GH-1090,GH-6977,2026-08-27 02:04:37,2026-08-28 10:04:37,MERGED
PR-26126,REPO-14,GH-9889,GH-8123,2026-07-05 10:20:54,2026-07-07 09:20:54,MERGED
PR-96733,REPO-13,GH-9282,GH-SHARED-52,2026-03-11 21:57:05,2026-03-12 19:57:05,MERGED
PR-59130,REPO-18,GH-9507,GH-7868,2026-01-16 20:51:43,2026-01-18 14:51:43,MERGED
PR-68373,REPO-13,GH-1251,GH-9674,2026-05-13 09:01:06,2026-05-14 09:01:06,MERGED
PR-41901,REPO-14,GH-5350,GH-8740,2026-01-15 08:51:10,2026-01-16 15:51:10,MERGED
PR-87344,REPO-6,GH-9693,GH-2743,2026-08-24 06:26:40,2026-08-25 10:26:40,MERGED
PR-10265,REPO-15,GH-5210,GH-4694,2026-03-07 10:24:53,2026-03-09 03:24:53,MERGED
PR-30683,REPO-9,GH-4788,GH-6280,2026-04-07 04:19:47,2026-04-08 05:19:47,MERGED
PR-23446,REPO-4,GH-4804,GH-8484,2025-12-06 08:58:55,2025-12-07 12:58:55,MERGED
PR-37611,REPO-14,GH-5065,GH-2786,2025-11-15 21:09:06,2025-11-17 09:09:06,MERGED
PR-32013,REPO-15,GH-8272,GH-6325,2025-12-31 19:46:22,2026-01-02 00:46:22,MERGED
PR-40426,REPO-11,GH-5786,GH-1693,2025-10-24 18:35:14,2025-10-24 23:35:14,MERGED
PR-77157,REPO-1,GH-3440,GH-5065,2026-05-06 08:03:58,2026-05-08 02:03:58,MERGED
PR-51978,REPO-6,GH-8237,GH-9151,2026-06-30 14:46:13,2026-07-02 11:46:13,MERGED
PR-30280,REPO-19,GH-4920,GH-9437,2026-02-04 16:19:09,2026-02-06 12:19:09,MERGED
PR-19604,REPO-7,GH-9897,GH-7511,2026-02-19 12:36:40,2026-02-21 00:36:40,MERGED
PR-48877,REPO-14,GH-5876,GH-8141,2025-12-15 07:59:04,2025-12-16 05:59:04,MERGED
PR-75237,REPO-3,GH-1916,GH-1106,2026-08-29 19:10:24,2026-08-30 19:10:24,MERGED
PR-81586,REPO-4,GH-5961,GH-3419,2026-01-10 03:33:03,2026-01-11 07:33:03,MERGED
PR-68554,REPO-11,GH-6038,GH-8612,2025-10-19 02:04:56,2025-10-20 02:04:56,MERGED
PR-38557,REPO-18,GH-4185,GH-9727,2026-01-16 16:59:47,2026-01-17 04:59:47,MERGED
PR-12607,REPO-6,GH-2983,GH-1086,2026-09-04 00:00:52,2026-09-04 05:00:52,MERGED
PR-64640,REPO-15,GH-1753,GH-3981,2026-01-13 04:10:05,2026-01-13 10:10:05,MERGED
PR-66561,REPO-12,GH-6539,GH-2292,2025-10-01 08:57:54,2025-10-02 06:57:54,MERGED
PR-68936,REPO-4,GH-9666,GH-7543,2026-04-18 14:48:00,2026-04-20 14:48:00,MERGED
PR-15709,REPO-18,GH-1693,GH-3762,2025-12-21 13:24:57,2025-12-23 01:24:57,MERGED
PR-94919,REPO-8,GH-7211,GH-8179,2026-08-26 11:17:12,2026-08-28 10:17:12,MERGED
PR-78314,REPO-15,GH-7044,GH-6608,2026-02-25 13:15:00,2026-02-25 15:15:00,MERGED
PR-24720,REPO-9,GH-2353,GH-8612,2026-06-02 13:31:52,2026-06-04 12:31:52,MERGED
PR-66638,REPO-7,GH-9922,GH-8060,2025-12-19 08:41:05,2025-12-20 22:41:05,MERGED
PR-19841,REPO-13,GH-5186,GH-4644,2025-11-21 08:16:13,2025-11-22 03:16:13,MERGED
PR-55444,REPO-8,GH-3442,GH-6053,2026-02-16 13:03:56,2026-02-17 23:03:56,MERGED
PR-44532,REPO-14,GH-2946,GH-7484,2025-11-02 10:50:48,2025-11-04 07:50:48,MERGED
PR-29481,REPO-19,GH-9479,GH-1409,2026-06-08 22:23:05,2026-06-09 14:23:05,MERGED
PR-77146,REPO-3,GH-2208,GH-5846,2025-10-21 02:32:37,2025-10-21 09:32:37,MERGED
PR-62158,REPO-16,GH-2965,GH-6590,2026-01-01 21:22:20,2026-01-02 20:22:20,MERGED
PR-34907,REPO-12,GH-3442,GH-3007,2026-06-13 04:01:06,2026-06-13 13:01:06,MERGED
PR-82428,REPO-7,GH-6820,GH-4868,2026-08-24 06:44:35,2026-08-25 07:44:35,MERGED
PR-57719,REPO-5,GH-9742,GH-2204,2026-09-19 22:57:36,2026-09-20 22:57:36,MERGED
PR-46602,REPO-1,GH-2768,GH-4968,2026-01-31 16:00:48,2026-02-01 02:00:48,MERGED
PR-26381,REPO-15,GH-9543,GH-3419,2026-04-29 13:06:23,2026-04-30 01:06:23,MERGED
PR-54461,REPO-6,GH-3600,GH-3147,2025-12-12 02:48:22,2025-12-13 09:48:22,MERGED
PR-12323,REPO-0,GH-2612,GH-4450,2026-05-01 23:42:28,2026-05-03 23:42:28,MERGED
PR-65316,REPO-13,GH-5332,GH-5668,2025-12-22 23:49:09,2025-12-24 07:49:09,MERGED
PR-94202,REPO-14,GH-2020,GH-8030,2025-12-24 13:33:18,2025-12-25 18:33:18,MERGED
PR-74558,REPO-19,GH-2697,GH-2911,2026-04-26 18:39:59,2026-04-27 23:39:59,MERGED
PR-34471,REPO-5,GH-1821,GH-5563,2026-02-17 16:27:56,2026-02-17 23:27:56,MERGED
PR-49024,REPO-12,GH-9507,GH-9821,2025-11-12 13:42:31,2025-11-12 15:42:31,MERGED
PR-87050,REPO-9,GH-6549,GH-5961,2026-05-12 01:02:08,2026-05-13 13:02:08,MERGED
PR-33286,REPO-12,GH-6129,GH-2874,2025-12-26 22:56:03,2025-12-27 20:56:03,MERGED
PR-87601,REPO-2,GH-6608,GH-5526,2026-05-16 04:25:14,2026-05-17 07:25:14,MERGED
PR-84646,REPO-14,GH-8218,GH-7580,2026-07-18 06:50:37,2026-07-19 10:50:37,MERGED
PR-52672,REPO-13,GH-2063,GH-3463,2026-06-19 14:33:22,2026-06-21 12:33:22,MERGED
PR-53540,REPO-17,GH-8699,GH-3253,2026-07-06 18:17:16,2026-07-06 22:17:16,MERGED
PR-56278,REPO-12,GH-2996,GH-7658,2026-07-31 10:18:39,2026-08-01 23:18:39,MERGED
PR-97530,REPO-0,GH-4872,GH-1588,2025-09-25 08:30:27,2025-09-26 23:30:27,MERGED
PR-24113,REPO-5,GH-2070,GH-1333,2026-02-10 23:11:15,2026-02-12 13:11:15,MERGED
PR-97908,REPO-1,GH-8972,GH-2475,2026-06-24 04:15:48,2026-06-24 05:15:48,MERGED
PR-73405,REPO-0,GH-5012,GH-5844,2025-11-03 01:30:42,2025-11-03 19:30:42,MERGED
PR-55263,REPO-9,GH-8378,GH-7868,2025-12-25 15:43:34,2025-12-26 21:43:34,MERGED
PR-43556,REPO-14,GH-6442,GH-4585,2025-12-04 22:41:32,2025-12-05 14:41:32,MERGED
PR-61516,REPO-18,GH-6179,GH-4052,2026-06-18 17:42:23,2026-06-20 15:42:23,MERGED
PR-16608,REPO-12,GH-1753,GH-9540,2025-12-02 01:58:25,2025-12-02 11:58:25,MERGED
PR-59775,REPO-4,GH-3868,GH-2627,2026-09-08 03:04:35,2026-09-08 17:04:35,MERGED
PR-96663,REPO-0,GH-4626,GH-3417,2026-07-20 07:31:47,2026-07-20 19:31:47,MERGED
PR-45131,REPO-7,GH-9452,GH-3339,2025-10-24 06:02:11,2025-10-25 09:02:11,MERGED
PR-93756,REPO-2,GH-5844,GH-6121,2026-03-13 02:34:45,2026-03-14 17:34:45,MERGED
PR-33075,REPO-12,GH-1311,GH-5480,2025-11-29 06:38:13,2025-11-30 11:38:13,MERGED
PR-88079,REPO-13,GH-1601,GH-6582,2026-03-17 05:02:55,2026-03-18 19:02:55,MERGED
PR-71730,REPO-3,GH-9270,GH-2204,2026-08-01 14:30:30,2026-08-02 07:30:30,MERGED
PR-47634,REPO-5,GH-4946,GH-5061,2026-09-10 18:59:40,2026-09-11 18:59:40,MERGED
PR-32646,REPO-2,GH-6772,GH-9444,2026-06-24 04:37:37,2026-06-25 21:37:37,MERGED
PR-71986,REPO-2,GH-8126,GH-8237,2025-11-08 02:24:53,2025-11-09 21:24:53,MERGED
PR-81669,REPO-5,GH-1406,GH-5978,2026-09-13 14:14:21,2026-09-15 02:14:21,MERGED
PR-67518,REPO-7,GH-7293,GH-4522,2026-08-31 09:40:50,2026-09-02 01:40:50,MERGED
PR-49363,REPO-11,GH-3339,GH-2622,2025-12-28 21:06:17,2025-12-29 08:06:17,MERGED
PR-42163,REPO-11,GH-2213,GH-8973,2026-09-05 09:02:34,2026-09-05 10:02:34,MERGED
PR-98820,REPO-12,GH-4515,GH-8438,2026-04-22 06:07:27,2026-04-23 17:07:27,MERGED
PR-94115,REPO-0,GH-2070,GH-2391,2026-02-01 01:48:46,2026-02-02 21:48:46,MERGED
PR-29385,REPO-18,GH-7717,GH-6442,2026-05-25 17:34:22,2026-05-27 14:34:22,MERGED
PR-75370,REPO-5,GH-9540,GH-4467,2025-10-27 06:45:28,2025-10-28 01:45:28,MERGED
PR-89494,REPO-18,GH-8770,GH-3549,2026-08-27 19:19:12,2026-08-28 01:19:12,MERGED
PR-55397,REPO-14,GH-4944,GH-8361,2026-05-11 11:04:16,2026-05-12 11:04:16,MERGED
PR-18456,REPO-8,GH-4249,GH-9955,2025-11-03 10:29:48,2025-11-04 02:29:48,MERGED
PR-68245,REPO-5,GH-1514,GH-9889,2025-10-18 03:13:39,2025-10-19 04:13:39,MERGED
PR-71482,REPO-19,GH-5562,GH-3573,2026-05-18 20:26:45,2026-05-19 20:26:45,MERGED
PR-48069,REPO-18,GH-9727,GH-7717,2025-11-27 10:11:13,2025-11-27 19:11:13,MERGED
PR-63270,REPO-6,GH-2381,GH-4792,2025-11-22 17:34:33,2025-11-23 09:34:33,MERGED
PR-30503,REPO-18,GH-1311,GH-3858,2026-04-17 06:06:17,2026-04-17 18:06:17,MERGED
PR-82355,REPO-15,GH-3114,GH-3426,2026-01-15 07:06:15,2026-01-17 04:06:15,MERGED
PR-67323,REPO-15,GH-7807,GH-8726,2026-03-26 23:52:03,2026-03-28 00:52:03,MERGED
PR-53906,REPO-18,GH-3417,GH-4527,2026-03-27 06:18:44,2026-03-27 10:18:44,MERGED
PR-13565,REPO-4,GH-8404,GH-7397,2026-01-06 03:59:49,2026-01-06 09:59:49,MERGED
PR-63052,REPO-14,GH-8199,GH-3973,2026-02-07 15:33:25,2026-02-08 01:33:25,MERGED
PR-67973,REPO-2,GH-5465,GH-5564,2026-05-02 20:11:45,2026-05-03 14:11:45,MERGED
PR-76325,REPO-18,GH-8933,GH-3449,2025-11-22 12:58:02,2025-11-23 21:58:02,MERGED
PR-10290,REPO-15,GH-2625,GH-1601,2026-04-13 02:52:08,2026-04-13 15:52:08,MERGED
PR-91161,REPO-10,GH-3463,GH-1888,2026-02-17 08:14:57,2026-02-17 11:14:57,MERGED
PR-51624,REPO-13,GH-4770,GH-9327,2026-05-07 11:02:31,2026-05-08 23:02:31,MERGED
PR-24632,REPO-16,GH-2229,GH-6576,2026-03-26 10:12:29,2026-03-28 09:12:29,MERGED
PR-36763,REPO-6,GH-6155,GH-5480,2026-02-10 16:11:59,2026-02-11 20:11:59,MERGED
PR-65779,REPO-16,GH-6718,GH-4792,2026-07-22 02:37:08,2026-07-23 21:37:08,MERGED
PR-68838,REPO-12,GH-8606,GH-2195,2026-08-24 18:35:49,2026-08-25 10:35:49,MERGED
PR-93729,REPO-10,GH-9464,GH-1086,2025-11-13 13:52:19,2025-11-14 18:52:19,MERGED
PR-92481,REPO-10,GH-2622,GH-4441,2026-09-07 12:57:12,2026-09-07 15:57:12,MERGED
PR-66114,REPO-7,GH-5272,GH-9488,2026-06-02 03:04:55,2026-06-03 23:04:55,MERGED
PR-28058,REPO-9,GH-8699,GH-3200,2026-07-18 21:15:57,2026-07-20 14:15:57,MERGED
PR-15337,REPO-13,GH-3267,GH-4963,2025-11-20 06:31:34,2025-11-20 21:31:34,MERGED
PR-22750,REPO-5,GH-4033,GH-2622,2026-04-17 10:27:24,2026-04-17 13:27:24,MERGED
PR-94256,REPO-7,GH-4613,GH-3273,2026-06-12 11:20:10,2026-06-12 23:20:10,MERGED
PR-97974,REPO-19,GH-3253,GH-2013,2026-01-20 09:21:03,2026-01-20 12:21:03,MERGED
PR-45812,REPO-1,GH-3683,GH-9897,2025-12-28 05:55:14,2025-12-30 04:55:14,MERGED
PR-62166,REPO-15,GH-8761,GH-8213,2026-01-01 07:03:11,2026-01-02 18:03:11,MERGED
PR-99045,REPO-7,GH-4396,GH-3041,2025-10-11 06:43:41,2025-10-12 18:43:41,MERGED
PR-60469,REPO-1,GH-7396,GH-3900,2026-05-29 05:52:53,2026-05-30 05:52:53,MERGED
PR-90857,REPO-11,GH-9830,GH-7653,2026-04-24 19:08:30,2026-04-26 00:08:30,MERGED
PR-22327,REPO-7,GH-2680,GH-1919,2025-12-10 06:09:16,2025-12-10 09:09:16,MERGED
PR-58493,REPO-13,GH-3573,GH-7211,2025-10-28 15:14:05,2025-10-29 19:14:05,MERGED
PR-70674,REPO-18,GH-7850,GH-1815,2026-04-20 18:54:28,2026-04-20 21:54:28,MERGED
PR-81772,REPO-16,GH-2622,GH-8710,2026-09-17 22:30:04,2026-09-18 11:30:04,MERGED
PR-73680,REPO-5,GH-5582,GH-2419,2026-02-15 05:06:56,2026-02-17 00:06:56,MERGED
PR-28792,REPO-4,GH-7232,GH-5582,2026-03-25 15:07:08,2026-03-26 19:07:08,MERGED
PR-57197,REPO-2,GH-5082,GH-6039,2025-10-20 15:08:36,2025-10-20 20:08:36,MERGED
PR-18094,REPO-15,GH-5334,GH-2041,2026-06-01 09:18:39,2026-06-02 03:18:39,MERGED
PR-34160,REPO-4,GH-7798,GH-2502,2025-12-18 05:09:05,2025-12-19 21:09:05,MERGED
PR-54006,REPO-14,GH-6776,GH-4898,2026-09-03 16:16:27,2026-09-05 01:16:27,MERGED
PR-62859,REPO-11,GH-3712,GH-7717,2026-04-17 22:17:15,2026-04-19 07:17:15,MERGED
PR-14161,REPO-13,GH-SHARED-52,GH-8244,2025-10-15 12:06:46,2025-10-15 17:06:46,MERGED
PR-39046,REPO-7,GH-4155,GH-4443,2026-06-17 00:21:26,2026-06-17 13:21:26,MERGED
PR-30646,REPO-0,GH-1958,GH-9837,2026-01-29 05:24:28,2026-01-30 09:24:28,MERGED
PR-90557,REPO-1,GH-9824,GH-4178,2026-09-03 15:02:42,2026-09-04 15:02:42,MERGED
PR-21070,REPO-7,GH-3683,GH-6977,2026-09-16 16:14:13,2026-09-18 12:14:13,MERGED
PR-63791,REPO-12,GH-5415,GH-9452,2026-01-31 14:36:48,2026-02-01 02:36:48,MERGED
PR-23015,REPO-17,GH-3209,GH-9437,2026-03-03 09:59:50,2026-03-04 01:59:50,MERGED
PR-65397,REPO-18,GH-8199,GH-6120,2025-10-07 06:39:10,2025-10-08 08:39:10,MERGED
PR-61292,REPO-11,GH-9797,GH-3549,2026-07-24 12:01:38,2026-07-26 08:01:38,MERGED
PR-69425,REPO-7,GH-7086,GH-4510,2026-04-27 16:35:38,2026-04-28 10:35:38,MERGED
PR-30323,REPO-18,GH-2139,GH-3803,2026-05-16 16:55:04,2026-05-16 20:55:04,MERGED
PR-52777,REPO-5,GH-2680,GH-SHARED-68,2026-03-27 14:32:42,2026-03-29 08:32:42,MERGED
PR-32821,REPO-7,GH-1452,GH-4878,2026-08-10 22:56:20,2026-08-12 13:56:20,MERGED
PR-52988,REPO-6,GH-9379,GH-4571,2026-07-05 07:03:31,2026-07-05 10:03:31,MERGED
PR-48763,REPO-18,GH-1311,GH-2627,2025-09-27 03:17:39,2025-09-28 03:17:39,MERGED
PR-85233,REPO-8,GH-3153,GH-9379,2026-05-19 17:51:17,2026-05-21 17:51:17,MERGED
PR-80734,REPO-11,GH-3655,GH-3001,2026-05-18 09:27:12,2026-05-19 09:27:12,MERGED
PR-34678,REPO-15,GH-5757,GH-9565,2026-08-29 22:28:25,2026-08-31 03:28:25,MERGED
PR-87012,REPO-3,GH-3253,GH-7029,2026-05-06 21:17:34,2026-05-08 06:17:34,MERGED
PR-37367,REPO-9,GH-6439,GH-8253,2026-08-17 21:58:32,2026-08-18 09:58:32,MERGED
PR-13780,REPO-10,GH-9476,GH-6585,2025-11-01 13:14:18,2025-11-01 18:14:18,MERGED
PR-59331,REPO-0,GH-2684,GH-9071,2026-05-29 12:07:19,2026-05-29 19:07:19,MERGED
PR-55596,REPO-19,GH-5655,GH-4164,2026-03-10 12:03:31,2026-03-11 14:03:31,MERGED
PR-25118,REPO-16,GH-6381,GH-4826,2025-10-01 23:07:23,2025-10-03 22:07:23,MERGED
PR-24853,REPO-7,GH-7570,GH-5563,2025-12-10 15:57:34,2025-12-10 20:57:34,MERGED
PR-44563,REPO-6,GH-5837,GH-3296,2025-10-29 17:24:02,2025-10-31 06:24:02,MERGED
PR-81139,REPO-19,GH-2213,GH-1339,2025-10-06 05:48:43,2025-10-07 12:48:43,MERGED
PR-21896,REPO-0,GH-9375,GH-3001,2026-03-21 19:24:34,2026-03-22 21:24:34,MERGED
PR-78465,REPO-4,GH-3240,GH-5846,2026-07-20 07:08:32,2026-07-22 01:08:32,MERGED
PR-51575,REPO-2,GH-2965,GH-9464,2026-04-28 06:43:45,2026-04-28 15:43:45,MERGED
PR-29471,REPO-1,GH-4060,GH-6608,2025-11-07 09:29:09,2025-11-08 04:29:09,MERGED
PR-49709,REPO-13,GH-5450,GH-4862,2026-08-20 03:16:39,2026-08-22 01:16:39,MERGED
PR-28939,REPO-15,GH-6582,GH-8135,2026-05-01 12:59:50,2026-05-02 22:59:50,MERGED
PR-22818,REPO-1,GH-4788,GH-6940,2025-10-10 17:39:17,2025-10-12 14:39:17,MERGED
PR-45433,REPO-10,GH-1006,GH-8538,2026-07-26 02:02:09,2026-07-26 23:02:09,MERGED
PR-41732,REPO-7,GH-4918,GH-2657,2026-09-08 17:45:40,2026-09-09 00:45:40,MERGED
PR-69358,REPO-15,GH-1982,GH-5757,2026-02-18 06:23:41,2026-02-19 07:23:41,MERGED
PR-58643,REPO-9,GH-4728,GH-8361,2025-10-02 04:55:07,2025-10-03 22:55:07,MERGED
PR-57218,REPO-19,GH-1609,GH-6442,2026-04-10 23:56:51,2026-04-11 23:56:51,MERGED
PR-83860,REPO-15,GH-7293,GH-3607,2026-05-09 05:29:47,2026-05-10 12:29:47,MERGED
PR-68679,REPO-3,GH-2768,GH-8018,2026-08-03 03:48:53,2026-08-04 21:48:53,MERGED
PR-96140,REPO-19,GH-8700,GH-3870,2025-12-06 09:56:08,2025-12-06 12:56:08,MERGED
PR-89474,REPO-4,GH-5526,GH-4084,2026-08-04 18:27:16,2026-08-06 11:27:16,MERGED
PR-90139,REPO-12,GH-4228,GH-3803,2026-05-26 16:02:04,2026-05-28 01:02:04,MERGED
PR-70338,REPO-6,GH-2612,GH-4986,2026-05-06 10:44:05,2026-05-07 08:44:05,MERGED
PR-55093,REPO-0,GH-8761,GH-2412,2026-05-16 21:56:34,2026-05-18 01:56:34,MERGED
PR-43342,REPO-4,GH-7291,GH-3041,2026-01-19 10:20:39,2026-01-19 17:20:39,MERGED
PR-27818,REPO-10,GH-6573,GH-2623,2026-07-22 22:59:41,2026-07-23 20:59:41,MERGED
PR-99636,REPO-0,GH-3399,GH-1430,2026-01-23 20:15:37,2026-01-25 04:15:37,MERGED
PR-93445,REPO-4,GH-4119,GH-7118,2026-08-10 11:40:58,2026-08-11 03:40:58,MERGED
PR-23577,REPO-16,GH-1272,GH-5349,2025-10-17 15:09:30,2025-10-18 05:09:30,MERGED
PR-42672,REPO-4,GH-5920,GH-9282,2025-10-04 23:39:02,2025-10-05 20:39:02,MERGED
PR-36883,REPO-0,GH-4522,GH-4846,2026-03-21 19:52:55,2026-03-23 11:52:55,MERGED
PR-28423,REPO-7,GH-4853,GH-5719,2026-09-06 11:01:33,2026-09-08 05:01:33,MERGED
PR-49530,REPO-11,GH-1821,GH-2129,2026-01-23 05:24:25,2026-01-25 03:24:25,MERGED
PR-40318,REPO-14,GH-1715,GH-2773,2026-01-31 03:06:48,2026-01-31 11:06:48,MERGED
PR-56671,REPO-15,GH-1611,GH-1878,2025-11-17 23:46:12,2025-11-19 17:46:12,MERGED
PR-13595,REPO-8,GH-1502,GH-3273,2026-05-01 08:58:09,2026-05-02 20:58:09,MERGED
PR-80115,REPO-16,GH-1878,GH-5022,2026-08-09 14:09:32,2026-08-10 22:09:32,MERGED
PR-23148,REPO-11,GH-4919,GH-2213,2026-09-05 20:42:57,2026-09-06 12:42:57,MERGED
PR-22228,REPO-7,GH-2790,GH-5861,2026-08-03 19:55:11,2026-08-05 09:55:11,MERGED
PR-34944,REPO-7,GH-3803,GH-2874,2026-03-01 20:59:18,2026-03-03 16:59:18,MERGED
PR-47590,REPO-3,GH-5333,GH-1888,2026-04-27 08:44:08,2026-04-28 18:44:08,MERGED
PR-68820,REPO-15,GH-3442,GH-6772,2026-02-06 23:38:27,2026-02-07 19:38:27,MERGED
PR-85436,REPO-10,GH-6310,GH-4862,2025-10-01 02:49:41,2025-10-02 17:49:41,MERGED
PR-25682,REPO-7,GH-5479,GH-2697,2026-03-11 06:49:08,2026-03-11 08:49:08,MERGED
PR-12974,REPO-19,GH-5728,GH-9498,2026-08-14 21:31:37,2026-08-15 12:31:37,MERGED
PR-64317,REPO-10,GH-4527,GH-1842,2026-07-19 14:51:20,2026-07-21 14:51:20,MERGED
PR-80599,REPO-10,GH-9955,GH-7825,2026-04-19 22:39:42,2026-04-20 04:39:42,MERGED
PR-93341,REPO-5,GH-6155,GH-6403,2026-09-20 11:19:26,2026-09-20 17:19:26,MERGED
PR-32844,REPO-13,GH-3531,GH-2876,2026-01-02 10:48:16,2026-01-02 18:48:16,MERGED
PR-14644,REPO-15,GH-3616,GH-5374,2026-01-08 10:42:02,2026-01-08 15:42:02,MERGED
PR-43402,REPO-17,GH-1053,GH-7653,2026-01-24 20:58:24,2026-01-25 14:58:24,MERGED
PR-80187,REPO-14,GH-8905,GH-8060,2026-03-30 12:48:51,2026-03-31 17:48:51,MERGED
PR-28608,REPO-11,GH-8213,GH-6714,2025-09-28 16:21:01,2025-09-29 11:21:01,MERGED
PR-79513,REPO-4,GH-8690,GH-7543,2026-03-12 17:07:39,2026-03-14 14:07:39,MERGED
PR-58872,REPO-3,GH-9437,GH-9689,2025-11-09 19:08:48,2025-11-11 07:08:48,MERGED
PR-43649,REPO-10,GH-6977,GH-9835,2025-10-24 09:13:16,2025-10-26 02:13:16,MERGED
PR-96678,REPO-8,GH-3222,GH-3369,2026-08-08 15:35:45,2026-08-09 04:35:45,MERGED
PR-33594,REPO-18,GH-2480,GH-1659,2026-05-20 19:31:31,2026-05-22 15:31:31,MERGED
PR-45632,REPO-2,GH-4684,GH-6236,2026-08-24 06:15:37,2026-08-26 02:15:37,MERGED
PR-69973,REPO-15,GH-2353,GH-3580,2026-03-20 00:11:01,2026-03-21 22:11:01,MERGED
PR-85399,REPO-18,GH-3296,GH-9595,2026-08-27 23:26:18,2026-08-28 01:26:18,MERGED
PR-40753,REPO-10,GH-8531,GH-1611,2026-08-29 22:47:07,2026-08-31 12:47:07,MERGED
PR-17519,REPO-13,GH-6781,GH-6447,2026-06-29 16:32:36,2026-07-01 08:32:36,MERGED
PR-24840,REPO-8,GH-9900,GH-4770,2026-08-26 22:32:11,2026-08-28 02:32:11,MERGED
PR-51754,REPO-0,GH-6120,GH-1693,2026-05-16 04:40:20,2026-05-16 12:40:20,MERGED
PR-87491,REPO-11,GH-2020,GH-2680,2026-04-28 20:56:45,2026-04-30 15:56:45,MERGED
PR-24546,REPO-9,GH-4684,GH-9031,2026-08-31 15:26:58,2026-08-31 18:26:58,MERGED
PR-91383,REPO-9,GH-4571,GH-6447,2026-05-02 20:45:02,2026-05-04 12:45:02,MERGED
PR-97700,REPO-8,GH-2063,GH-8361,2025-10-04 11:32:52,2025-10-05 18:32:52,MERGED
PR-54756,REPO-5,GH-9935,GH-8777,2025-12-11 17:40:34,2025-12-11 18:40:34,MERGED
PR-28731,REPO-5,GH-5295,GH-8606,2025-12-25 01:05:33,2025-12-26 02:05:33,MERGED
PR-45743,REPO-16,GH-2465,GH-2800,2025-11-17 00:10:31,2025-11-17 11:10:31,MERGED
PR-89970,REPO-13,GH-5582,GH-6119,2026-02-12 20:18:54,2026-02-12 22:18:54,MERGED
PR-23449,REPO-11,GH-8668,GH-5161,2025-10-26 17:22:51,2025-10-27 16:22:51,MERGED
PR-86863,REPO-8,GH-7018,GH-4853,2025-11-28 16:46:32,2025-11-29 17:46:32,MERGED
PR-72961,REPO-19,GH-7118,GH-6381,2025-12-26 23:42:38,2025-12-28 08:42:38,MERGED
PR-28536,REPO-6,GH-7044,GH-2988,2026-04-25 17:46:54,2026-04-27 00:46:54,MERGED
PR-25464,REPO-12,GH-9647,GH-8218,2026-09-06 06:05:48,2026-09-08 03:05:48,MERGED
PR-44493,REPO-3,GH-8900,GH-9955,2025-10-15 02:04:18,2025-10-16 01:04:18,MERGED
PR-83778,REPO-3,GH-4510,GH-6939,2026-08-26 16:54:21,2026-08-28 16:54:21,MERGED
PR-47616,REPO-15,GH-8141,GH-7504,2026-08-09 22:56:00,2026-08-10 09:56:00,MERGED
PR-20396,REPO-5,GH-3252,GH-8222,2025-12-31 12:59:03,2026-01-02 01:59:03,MERGED
PR-28819,REPO-9,GH-8489,GH-9022,2026-07-29 14:42:25,2026-07-31 02:42:25,MERGED
PR-79009,REPO-15,GH-3419,GH-2965,2025-12-01 08:07:20,2025-12-02 02:07:20,MERGED
PR-46075,REPO-1,GH-6952,GH-1897,2026-01-28 01:43:58,2026-01-28 14:43:58,MERGED
PR-10892,REPO-14,GH-6460,GH-7211,2025-12-24 13:13:17,2025-12-24 20:13:17,MERGED
PR-82299,REPO-9,GH-6053,GH-6482,2026-07-02 18:54:44,2026-07-03 05:54:44,MERGED
PR-45500,REPO-12,GH-5315,GH-9837,2025-10-19 18:01:54,2025-10-20 16:01:54,MERGED
PR-54428,REPO-17,GH-9507,GH-1053,2026-04-15 23:20:12,2026-04-16 05:20:12,MERGED
PR-45917,REPO-4,GH-7078,GH-1829,2026-02-14 09:29:33,2026-02-15 17:29:33,MERGED
PR-74490,REPO-8,GH-1461,GH-5632,2026-01-31 13:48:12,2026-02-01 06:48:12,MERGED
PR-22731,REPO-15,GH-9701,GH-3522,2026-02-26 12:59:32,2026-02-26 16:59:32,MERGED
PR-53295,REPO-17,GH-7227,GH-3870,2026-02-14 18:23:11,2026-02-16 02:23:11,MERGED
PR-52742,REPO-5,GH-7730,GH-4052,2026-02-03 22:32:36,2026-02-04 01:32:36,MERGED
PR-91806,REPO-9,GH-4116,GH-3683,2025-11-06 06:23:20,2025-11-06 16:23:20,MERGED
PR-48641,REPO-8,GH-6038,GH-2684,2026-03-23 06:38:02,2026-03-23 07:38:02,MERGED
PR-95269,REPO-18,GH-4830,GH-8933,2026-05-25 19:29:44,2026-05-27 01:29:44,MERGED
PR-20949,REPO-3,GH-6908,GH-5978,2026-07-28 00:59:11,2026-07-28 03:59:11,MERGED
PR-73333,REPO-11,GH-9117,GH-7078,2026-07-07 04:20:58,2026-07-07 07:20:58,MERGED
PR-43940,REPO-5,GH-7163,GH-4585,2026-05-17 05:28:59,2026-05-17 06:28:59,MERGED
PR-46751,REPO-15,GH-7105,GH-2195,2025-11-14 13:13:09,2025-11-16 10:13:09,MERGED
PR-55258,REPO-16,GH-4963,GH-9095,2026-02-03 12:25:44,2026-02-05 02:25:44,MERGED
