issue_id,project_id,jira_user_id,issue_type,summary,priority,created_timestamp,resolved_timestamp,status,sprint_id,story_points
ORGA-3421,PRJ-6,USR-80010,Bug,View list approach side.,Low,2025-11-03 01:42:37,2025-11-05 01:42:37,DONE,SPR-PRJ-2-0,1
ORGA-4340,PRJ-6,USR-16743,Task,Billion peace base use.,Low,2026-04-18 10:57:31,2026-04-30 10:57:31,DONE,SPR-PRJ-0-15,2
TERM-9609,PRJ-7,USR-63264,Task,Director scene kitchen call money.,Low,2026-02-25 08:42:55,2026-03-03 08:42:55,DONE,SPR-PRJ-5-19,3
CHOI-8932,PRJ-4,USR-65255,Bug,Along ground trip.,Medium,2025-12-02 05:16:01,2025-12-06 05:16:01,DONE,SPR-PRJ-3-4,3
TERM-6194,PRJ-7,USR-82070,Bug,Level that various nature career way much.,Medium,2026-08-28 14:23:47,2026-09-02 14:23:47,DONE,SPR-PRJ-1-7,8
WIN-3399,PRJ-5,USR-31299,Bug,Lead see theory itself policy move training loss.,High,2026-05-14 10:01:43,2026-05-20 10:01:43,DONE,SPR-PRJ-9-20,5
PROF-9824,PRJ-3,USR-75715,Task,Kind hand employee field.,High,2025-12-24 04:04:32,2025-12-26 04:04:32,DONE,SPR-PRJ-6-13,8
LIST-4697,PRJ-8,USR-56438,Task,Spring summer gas light across two water.,Medium,2025-09-26 23:56:45,2025-10-08 23:56:45,DONE,SPR-PRJ-5-0,1
ANIM-7666,PRJ-2,USR-31581,Task,Across involve fall discuss account.,Medium,2026-03-31 05:40:21,2026-04-11 05:40:21,DONE,SPR-PRJ-2-3,3
THES-4804,PRJ-1,USR-74382,Story,In night house clear say.,High,2026-02-19 01:41:55,2026-02-26 01:41:55,DONE,SPR-PRJ-9-9,2
CHOI-1613,PRJ-4,USR-72163,Story,Determine bad personal might son party.,Medium,2026-02-25 07:34:09,2026-03-02 07:34:09,DONE,SPR-PRJ-4-20,8
PROF-2845,PRJ-3,USR-95823,Bug,Expect sea speak include table.,Medium,2026-06-23 10:55:51,2026-07-05 10:55:51,DONE,SPR-PRJ-1-23,1
PROF-3875,PRJ-3,USR-94136,Task,Face PM pay evening.,Medium,2025-12-06 19:14:36,2025-12-15 19:14:36,DONE,SPR-PRJ-3-11,1
ANIM-8822,PRJ-2,USR-13478,Task,Could affect anyone movement control bill especially.,Medium,2026-05-26 19:34:16,2026-05-30 19:34:16,DONE,SPR-PRJ-4-18,3
CONF-1187,PRJ-9,USR-15376,Story,Road do character management game find.,High,2026-07-01 17:11:40,2026-07-12 17:11:40,DONE,SPR-PRJ-1-6,5
LIST-6095,PRJ-8,USR-34881,Task,Your less social form such weight argue.,Medium,2026-08-03 10:36:52,2026-08-13 10:36:52,DONE,SPR-PRJ-2-8,2
CONF-7121,PRJ-9,USR-60351,Task,Author like court success stage stock.,Low,2026-07-25 04:41:39,2026-08-07 04:41:39,DONE,SPR-PRJ-7-2,2
LIST-8319,PRJ-8,USR-79822,Bug,His window east yes current.,High,2025-11-13 07:50:57,2025-11-14 07:50:57,DONE,SPR-PRJ-8-20,8
ANIM-3695,PRJ-2,USR-74178,Story,Miss word list race.,Low,2026-07-09 12:47:25,2026-07-13 12:47:25,DONE,SPR-PRJ-7-15,8
DEVE-8429,PRJ-0,USR-67711,Bug,City rock seat near business loss.,High,2026-01-26 04:09:19,2026-02-04 04:09:19,DONE,SPR-PRJ-4-22,3
CONF-2196,PRJ-9,USR-67595,Story,Growth appear project wind door.,Low,2026-01-21 00:13:30,2026-01-22 00:13:30,DONE,SPR-PRJ-9-23,1
ORGA-7135,PRJ-6,USR-63841,Task,Address some once how during why.,Medium,2026-03-14 13:45:54,2026-03-16 13:45:54,DONE,SPR-PRJ-7-6,8
ANIM-9802,PRJ-2,USR-28030,Story,Read choice side eat matter rather full.,High,2026-05-10 15:06:56,2026-05-23 15:06:56,DONE,SPR-PRJ-0-5,3
ORGA-9715,PRJ-6,USR-41358,Task,Art green child movie blue maintain first next.,Medium,2026-07-18 22:41:56,2026-07-21 22:41:56,DONE,SPR-PRJ-2-22,2
ORGA-1256,PRJ-6,USR-71213,Bug,South just cover ready group care.,High,2026-06-04 07:37:16,2026-06-12 07:37:16,DONE,SPR-PRJ-6-9,1
PROF-9843,PRJ-3,USR-41147,Story,Magazine join far.,High,2026-09-10 23:13:55,2026-09-19 23:13:55,DONE,SPR-PRJ-3-2,2
CONF-6253,PRJ-9,USR-55745,Bug,Couple cost girl run every story trial.,Low,2026-06-24 15:56:53,2026-06-28 15:56:53,DONE,SPR-PRJ-4-9,3
ANIM-7999,PRJ-2,USR-24366,Task,Attention choice fast enjoy.,Low,2026-04-30 07:35:21,2026-05-11 07:35:21,DONE,SPR-PRJ-4-1,8
ANIM-5913,PRJ-2,USR-25292,Task,A point here control affect task simply.,High,2026-02-16 12:49:25,2026-03-02 12:49:25,DONE,SPR-PRJ-2-9,3
LIST-7761,PRJ-8,USR-58689,Story,Return probably much hold model marriage.,Medium,2025-12-28 16:44:14,2026-01-01 16:44:14,DONE,SPR-PRJ-2-17,2
WIN-2514,PRJ-5,USR-80282,Story,Party follow political book.,Medium,2026-04-29 03:08:16,2026-05-06 03:08:16,DONE,SPR-PRJ-7-4,8
CONF-4555,PRJ-9,USR-27139,Task,Analysis visit condition all.,Medium,2026-04-18 03:40:03,2026-04-19 03:40:03,DONE,SPR-PRJ-2-6,2
CONF-4350,PRJ-9,USR-94518,Task,Court all politics home majority perhaps opportunity.,Medium,2025-11-07 12:54:42,2025-11-14 12:54:42,DONE,SPR-PRJ-4-23,8
WIN-9401,PRJ-5,USR-63354,Bug,Determine responsibility actually TV pretty up.,Medium,2025-10-16 00:35:47,2025-10-29 00:35:47,DONE,SPR-PRJ-8-22,3
DEVE-4625,PRJ-0,USR-10772,Bug,Life police guess sea.,Low,2026-08-16 02:36:41,2026-08-26 02:36:41,DONE,SPR-PRJ-7-16,5
PROF-7223,PRJ-3,USR-16428,Bug,State some around pay more same.,Low,2026-09-07 18:30:00,2026-09-18 18:30:00,DONE,SPR-PRJ-3-14,3
TERM-3756,PRJ-7,USR-15229,Story,Back democratic mind big discuss.,Low,2026-08-17 00:47:00,2026-08-26 00:47:00,DONE,SPR-PRJ-5-5,2
DEVE-2217,PRJ-0,USR-38746,Story,Cover prevent now way next.,Medium,2026-02-23 14:37:52,2026-02-26 14:37:52,DONE,SPR-PRJ-8-23,2
PROF-9285,PRJ-3,USR-82910,Bug,Second short office purpose reflect interview.,Low,2026-05-01 17:20:31,2026-05-11 17:20:31,DONE,SPR-PRJ-9-17,5
LIST-7739,PRJ-8,USR-22249,Task,Society nearly measure price.,Low,2025-11-06 09:23:23,2025-11-11 09:23:23,DONE,SPR-PRJ-0-4,8
LIST-3439,PRJ-8,USR-69609,Task,Kitchen good firm yard foot he share issue.,Medium,2026-04-22 07:23:54,2026-04-27 07:23:54,DONE,SPR-PRJ-8-11,5
CONF-4984,PRJ-9,USR-55508,Bug,Part none degree she unit effect.,High,2026-07-05 20:39:44,2026-07-16 20:39:44,DONE,SPR-PRJ-9-3,1
LIST-8798,PRJ-8,USR-58870,Story,Where a alone expect administration career three.,High,2026-03-21 15:47:28,2026-03-29 15:47:28,DONE,SPR-PRJ-9-0,5
PROF-4463,PRJ-3,USR-86106,Bug,Worker Democrat fire sign wall.,Medium,2025-09-29 12:18:40,2025-10-04 12:18:40,DONE,SPR-PRJ-0-11,1
DEVE-3938,PRJ-0,USR-55082,Story,Try memory number occur behind.,Low,2026-08-12 07:49:33,2026-08-15 07:49:33,DONE,SPR-PRJ-8-0,5
PROF-7375,PRJ-3,USR-50135,Task,Choose enter threat economic eight feel.,Low,2026-03-24 18:02:34,2026-03-27 18:02:34,DONE,SPR-PRJ-8-10,1
ORGA-4803,PRJ-6,USR-22656,Bug,Notice design baby foot lot major.,Low,2026-05-06 12:24:39,2026-05-13 12:24:39,DONE,SPR-PRJ-8-6,3
TERM-4737,PRJ-7,USR-14278,Task,Standard believe politics also space high sister.,High,2026-09-11 02:35:49,2026-09-22 02:35:49,DONE,SPR-PRJ-6-5,5
THES-2344,PRJ-1,USR-88997,Bug,Girl stage indicate test thank dinner.,High,2026-09-19 23:33:01,2026-10-01 23:33:01,DONE,SPR-PRJ-4-3,3
CHOI-8286,PRJ-4,USR-17100,Story,Up plant place approach modern floor north force.,High,2026-06-07 11:25:41,2026-06-10 11:25:41,DONE,SPR-PRJ-4-14,5
THES-1430,PRJ-1,USR-19287,Bug,Check purpose young wife send.,Low,2026-06-24 22:45:37,2026-07-07 22:45:37,DONE,SPR-PRJ-3-11,5
PROF-9537,PRJ-3,USR-15229,Story,Bed it skill challenge from live seat.,Medium,2026-05-08 08:50:56,2026-05-13 08:50:56,DONE,SPR-PRJ-2-20,5
CHOI-7899,PRJ-4,USR-73699,Task,Energy huge its recently seven lose.,Medium,2026-04-27 20:14:09,2026-05-01 20:14:09,DONE,SPR-PRJ-7-16,5
THES-3219,PRJ-1,USR-12719,Task,House number night young modern drug entire.,Low,2025-12-12 21:35:26,2025-12-19 21:35:26,DONE,SPR-PRJ-8-13,3
CONF-3230,PRJ-9,USR-69898,Bug,Range office both including half couple.,High,2026-03-12 23:35:18,2026-03-20 23:35:18,DONE,SPR-PRJ-3-8,2
TERM-4971,PRJ-7,USR-78062,Task,Pretty show college glass start sort perhaps key.,Medium,2026-02-07 18:17:24,2026-02-09 18:17:24,DONE,SPR-PRJ-9-22,8
LIST-1440,PRJ-8,USR-15100,Bug,Current health serious table both.,High,2026-09-20 21:22:36,2026-09-28 21:22:36,DONE,SPR-PRJ-8-12,3
TERM-3280,PRJ-7,USR-40311,Bug,We unit than star add.,High,2025-10-18 03:24:59,2025-10-30 03:24:59,DONE,SPR-PRJ-4-12,5
CONF-7566,PRJ-9,USR-21802,Bug,Figure likely forward science.,Medium,2026-06-23 09:43:31,2026-07-02 09:43:31,DONE,SPR-PRJ-0-9,3
THES-2791,PRJ-1,USR-87184,Task,National seek nature performance yeah.,High,2025-12-18 05:54:22,2025-12-29 05:54:22,DONE,SPR-PRJ-6-12,1
ORGA-6432,PRJ-6,USR-34931,Story,Heavy town money.,High,2026-06-23 21:37:04,2026-06-28 21:37:04,DONE,SPR-PRJ-2-8,8
CONF-4621,PRJ-9,USR-79942,Bug,Art customer recent even.,Low,2026-01-04 04:06:39,2026-01-16 04:06:39,DONE,SPR-PRJ-5-8,2
CHOI-7815,PRJ-4,USR-31579,Bug,At produce production.,High,2026-03-26 12:50:03,2026-04-01 12:50:03,DONE,SPR-PRJ-3-7,3
WIN-8801,PRJ-5,USR-18109,Task,Ten affect test power discuss herself.,Medium,2026-09-16 11:38:20,2026-09-18 11:38:20,DONE,SPR-PRJ-3-4,1
ANIM-4996,PRJ-2,USR-65518,Task,Tough machine others because.,Low,2026-06-29 13:51:51,2026-07-06 13:51:51,DONE,SPR-PRJ-4-22,2
ORGA-7481,PRJ-6,USR-45972,Story,Whom night Republican always two figure majority.,Medium,2025-12-13 04:44:11,2025-12-23 04:44:11,DONE,SPR-PRJ-4-13,5
CONF-2667,PRJ-9,USR-53025,Task,Adult range green few.,Medium,2026-07-13 01:18:34,2026-07-17 01:18:34,DONE,SPR-PRJ-4-21,1
WIN-7367,PRJ-5,USR-73653,Task,Speech personal these three spring.,Medium,2026-04-09 15:05:15,2026-04-23 15:05:15,DONE,SPR-PRJ-4-21,8
CONF-2388,PRJ-9,USR-69638,Story,We difficult game hotel case role minute.,Medium,2025-10-08 09:43:38,2025-10-10 09:43:38,DONE,SPR-PRJ-1-22,3
ORGA-3258,PRJ-6,USR-96511,Task,Their rather individual of interview fine painting last.,Low,2026-06-17 06:27:20,2026-06-26 06:27:20,DONE,SPR-PRJ-7-9,2
ANIM-4065,PRJ-2,USR-66244,Story,Present ok range dark catch.,Medium,2025-11-17 03:17:26,2025-11-18 03:17:26,DONE,SPR-PRJ-5-4,2
TERM-7703,PRJ-7,USR-96057,Task,Travel involve training show prevent north citizen.,Medium,2026-06-21 08:40:10,2026-06-24 08:40:10,DONE,SPR-PRJ-0-21,8
CHOI-4683,PRJ-4,USR-12154,Task,Mouth rest contain style certainly ahead five.,Low,2025-10-23 07:09:28,2025-11-04 07:09:28,DONE,SPR-PRJ-8-5,5
THES-5389,PRJ-1,USR-91230,Task,Field seat start PM scene charge.,Low,2026-03-06 18:13:09,2026-03-20 18:13:09,DONE,SPR-PRJ-8-1,1
ORGA-2677,PRJ-6,USR-58655,Story,Capital ago worry pay.,Medium,2025-12-08 22:45:12,2025-12-22 22:45:12,DONE,SPR-PRJ-0-8,5
THES-4882,PRJ-1,USR-46046,Bug,Partner others discuss ago bag sister care.,Medium,2026-05-20 03:43:42,2026-06-03 03:43:42,DONE,SPR-PRJ-7-13,8
ANIM-4385,PRJ-2,USR-80381,Bug,Light power contain hold listen clearly difficult impact.,Medium,2026-08-21 13:39:54,2026-08-30 13:39:54,DONE,SPR-PRJ-2-23,8
CHOI-5740,PRJ-4,USR-30644,Bug,Wear development provide dark daughter.,Low,2025-10-02 19:01:41,2025-10-16 19:01:41,DONE,SPR-PRJ-1-0,2
ANIM-3174,PRJ-2,USR-88139,Story,Term majority foot leader east if.,Low,2025-12-04 17:34:25,2025-12-11 17:34:25,DONE,SPR-PRJ-5-5,2
ORGA-7146,PRJ-6,USR-18855,Story,Save herself fine particularly score order modern then.,Medium,2025-10-13 04:56:03,2025-10-22 04:56:03,DONE,SPR-PRJ-7-23,3
WIN-1040,PRJ-5,USR-91006,Story,Minute later still.,Low,2026-07-29 13:42:36,2026-08-06 13:42:36,DONE,SPR-PRJ-6-18,3
ORGA-4470,PRJ-6,USR-17518,Task,Million how same newspaper might.,Medium,2025-10-13 10:25:48,2025-10-22 10:25:48,DONE,SPR-PRJ-6-3,2
DEVE-1752,PRJ-0,USR-60181,Task,Couple keep this.,High,2026-05-29 21:09:20,2026-05-31 21:09:20,DONE,SPR-PRJ-9-21,2
ANIM-5945,PRJ-2,USR-17263,Task,Leave institution party approach might.,High,2026-07-24 10:16:39,2026-08-04 10:16:39,DONE,SPR-PRJ-3-20,3
ANIM-1848,PRJ-2,USR-54791,Bug,Stop later reveal both single visit receive.,High,2025-11-21 04:51:16,2025-11-28 04:51:16,DONE,SPR-PRJ-6-23,1
TERM-2276,PRJ-7,USR-48684,Bug,Including late condition opportunity Republican dark.,Medium,2025-11-18 12:14:05,2025-11-19 12:14:05,DONE,SPR-PRJ-0-2,3
PROF-7276,PRJ-3,USR-17100,Story,Economic reality trade someone.,Medium,2026-03-22 13:02:23,2026-03-28 13:02:23,DONE,SPR-PRJ-9-9,3
THES-9691,PRJ-1,USR-33028,Story,Before relationship plant be.,Medium,2026-07-02 22:49:22,2026-07-08 22:49:22,DONE,SPR-PRJ-7-16,2
TERM-4559,PRJ-7,USR-83792,Story,Risk window partner civil nearly analysis.,Low,2026-06-28 15:24:16,2026-07-10 15:24:16,DONE,SPR-PRJ-4-2,3
THES-5065,PRJ-1,USR-99838,Bug,Not process change than condition Republican.,Medium,2025-12-02 07:50:55,2025-12-15 07:50:55,DONE,SPR-PRJ-7-8,1
CONF-9348,PRJ-9,USR-35995,Bug,Finally shoulder land phone brother.,High,2026-03-08 21:52:12,2026-03-21 21:52:12,DONE,SPR-PRJ-9-13,2
TERM-2163,PRJ-7,USR-54597,Task,About she activity marriage material.,Medium,2025-11-17 01:24:58,2025-11-20 01:24:58,DONE,SPR-PRJ-4-3,8
ANIM-8717,PRJ-2,USR-57576,Story,Part management describe.,Low,2026-08-06 13:06:26,2026-08-08 13:06:26,DONE,SPR-PRJ-0-3,3
LIST-5693,PRJ-8,USR-47601,Task,Law kind over according think everything pick.,Medium,2026-06-10 01:47:49,2026-06-22 01:47:49,DONE,SPR-PRJ-4-6,1
ANIM-5546,PRJ-2,USR-27224,Story,Any challenge president already take.,High,2026-08-11 11:10:14,2026-08-20 11:10:14,DONE,SPR-PRJ-3-11,5
CHOI-8167,PRJ-4,USR-83259,Story,Study fear turn any indicate condition public.,High,2026-06-12 23:56:37,2026-06-14 23:56:37,DONE,SPR-PRJ-9-20,5
DEVE-6067,PRJ-0,USR-68841,Story,Occur no whom see growth along shoulder follow.,High,2026-05-22 06:51:16,2026-05-23 06:51:16,DONE,SPR-PRJ-7-13,2
WIN-9568,PRJ-5,USR-99838,Task,Star serve successful assume likely business.,High,2026-09-10 12:40:08,2026-09-16 12:40:08,DONE,SPR-PRJ-1-8,3
ORGA-5456,PRJ-6,USR-53694,Bug,Forget including decide decade around.,Low,2026-08-26 17:20:52,2026-08-28 17:20:52,DONE,SPR-PRJ-5-7,5
CONF-3734,PRJ-9,USR-29597,Story,More because right painting small religious interview summer.,Low,2026-05-06 20:36:44,2026-05-17 20:36:44,DONE,SPR-PRJ-7-17,1
DEVE-5006,PRJ-0,USR-28643,Story,Offer perhaps until pass market role marriage.,High,2026-01-05 19:17:32,2026-01-19 19:17:32,DONE,SPR-PRJ-0-9,8
ORGA-6241,PRJ-6,USR-12068,Task,This discussion fact cover.,High,2026-08-06 18:00:29,2026-08-15 18:00:29,DONE,SPR-PRJ-7-4,1
ORGA-2129,PRJ-6,USR-18993,Task,Let someone scene.,Medium,2025-11-11 20:51:20,2025-11-13 20:51:20,DONE,SPR-PRJ-5-21,5
CONF-5979,PRJ-9,USR-51505,Task,Yourself increase free night point action cut example.,Low,2025-12-16 11:32:55,2025-12-24 11:32:55,DONE,SPR-PRJ-8-5,2
DEVE-7718,PRJ-0,USR-80010,Bug,Film media food accept.,Low,2026-07-30 20:14:28,2026-07-31 20:14:28,DONE,SPR-PRJ-3-13,1
LIST-4902,PRJ-8,USR-94012,Story,Game right pattern ahead compare form.,Low,2026-06-20 07:32:17,2026-06-25 07:32:17,DONE,SPR-PRJ-0-23,1
WIN-8511,PRJ-5,USR-70036,Story,Trouble something population loss physical throughout Mr.,Low,2026-02-05 04:53:06,2026-02-08 04:53:06,DONE,SPR-PRJ-6-19,5
ORGA-3141,PRJ-6,USR-27790,Task,Six including sea strong federal right firm.,Medium,2026-02-04 02:32:01,2026-02-16 02:32:01,DONE,SPR-PRJ-8-20,3
THES-4321,PRJ-1,USR-74260,Story,Decade rate son.,High,2026-04-23 01:53:59,2026-04-25 01:53:59,DONE,SPR-PRJ-1-18,5
PROF-8404,PRJ-3,USR-69250,Story,At chance subject fund heart move.,High,2026-09-06 20:07:11,2026-09-09 20:07:11,DONE,SPR-PRJ-8-14,3
PROF-6370,PRJ-3,USR-20155,Task,Paper cost bring site final tax report.,Medium,2025-11-30 10:01:58,2025-12-09 10:01:58,DONE,SPR-PRJ-0-12,3
LIST-5093,PRJ-8,USR-36144,Story,Beautiful theory he stop few modern.,High,2026-01-10 09:37:28,2026-01-11 09:37:28,DONE,SPR-PRJ-0-15,2
THES-5240,PRJ-1,USR-57400,Story,Hear also dark begin.,High,2025-12-03 22:19:20,2025-12-14 22:19:20,DONE,SPR-PRJ-4-17,2
TERM-1829,PRJ-7,USR-28958,Bug,Sometimes toward child.,Medium,2026-04-11 11:17:51,2026-04-19 11:17:51,DONE,SPR-PRJ-0-7,5
PROF-4066,PRJ-3,USR-45972,Story,Run model simply century the state visit.,High,2026-02-06 01:11:42,2026-02-16 01:11:42,DONE,SPR-PRJ-6-14,8
ORGA-8848,PRJ-6,USR-28643,Story,Day already hold ten.,Medium,2026-06-16 18:32:51,2026-06-20 18:32:51,DONE,SPR-PRJ-6-20,8
TERM-9921,PRJ-7,USR-60351,Bug,Financial analysis summer.,Low,2025-11-10 22:45:17,2025-11-16 22:45:17,DONE,SPR-PRJ-4-3,3
PROF-1480,PRJ-3,USR-80702,Story,Four threat billion she.,Medium,2026-08-31 13:33:00,2026-09-09 13:33:00,DONE,SPR-PRJ-3-19,8
PROF-5366,PRJ-3,USR-75308,Bug,Against serve police decide customer.,High,2026-07-13 12:09:32,2026-07-26 12:09:32,DONE,SPR-PRJ-2-8,8
PROF-6210,PRJ-3,USR-29555,Bug,Mother significant provide evening church.,High,2026-01-16 06:05:12,2026-01-28 06:05:12,DONE,SPR-PRJ-7-11,3
PROF-9064,PRJ-3,USR-65615,Story,When nice bill.,High,2025-11-10 09:56:00,2025-11-11 09:56:00,DONE,SPR-PRJ-2-11,8
DEVE-6435,PRJ-0,USR-77552,Story,Near even wall sound off commercial.,Medium,2026-04-25 15:49:09,2026-05-07 15:49:09,DONE,SPR-PRJ-1-21,3
ANIM-2817,PRJ-2,USR-68028,Story,Throughout music anything ahead tough anyone himself beat.,Medium,2026-01-25 21:20:04,2026-02-06 21:20:04,DONE,SPR-PRJ-7-1,5
WIN-3235,PRJ-5,USR-29521,Task,Relate through picture real.,Low,2026-02-26 04:00:51,2026-03-06 04:00:51,DONE,SPR-PRJ-6-22,3
CONF-6846,PRJ-9,USR-34486,Story,Green forward cup serve speak bad type share.,Medium,2026-03-19 02:34:49,2026-03-24 02:34:49,DONE,SPR-PRJ-7-19,3
CONF-7415,PRJ-9,USR-83783,Bug,Behavior sort recognize best.,High,2026-05-05 11:15:54,2026-05-08 11:15:54,DONE,SPR-PRJ-6-10,3
THES-9129,PRJ-1,USR-79822,Story,Like water century time election guy contain.,Medium,2026-01-25 12:08:43,2026-01-31 12:08:43,DONE,SPR-PRJ-1-18,1
DEVE-5345,PRJ-0,USR-30032,Task,Small think law air little goal.,Medium,2026-09-18 04:36:33,2026-10-01 04:36:33,DONE,SPR-PRJ-1-3,1
ORGA-3725,PRJ-6,USR-20336,Task,Executive give offer meet.,Medium,2026-03-25 02:10:09,2026-04-03 02:10:09,DONE,SPR-PRJ-4-0,1
PROF-3664,PRJ-3,USR-83619,Story,For power society mouth.,Medium,2026-03-03 12:21:09,2026-03-04 12:21:09,DONE,SPR-PRJ-3-9,3
ORGA-3636,PRJ-6,USR-15938,Story,Including per nature wind himself future sport opportunity.,Medium,2026-03-01 14:57:56,2026-03-11 14:57:56,DONE,SPR-PRJ-6-13,5
ANIM-8113,PRJ-2,USR-50135,Story,Note garden reason community prove school.,High,2026-07-28 13:25:16,2026-08-04 13:25:16,DONE,SPR-PRJ-7-10,8
CHOI-5872,PRJ-4,USR-13390,Bug,Student boy other foot best knowledge final.,Low,2026-06-30 10:33:23,2026-07-14 10:33:23,DONE,SPR-PRJ-5-5,2
THES-5825,PRJ-1,USR-22463,Task,Our rate others star.,High,2026-03-03 13:21:24,2026-03-05 13:21:24,DONE,SPR-PRJ-0-6,2
TERM-2892,PRJ-7,USR-23173,Task,Population article design catch oil sense special.,Low,2026-02-01 02:45:04,2026-02-06 02:45:04,DONE,SPR-PRJ-0-23,8
WIN-4056,PRJ-5,USR-49132,Task,Produce laugh factor past.,Medium,2026-07-17 23:33:39,2026-07-21 23:33:39,DONE,SPR-PRJ-8-22,3
THES-2404,PRJ-1,USR-27781,Task,Day theory feel some quickly.,Low,2026-03-19 14:54:59,2026-03-23 14:54:59,DONE,SPR-PRJ-5-21,1
TERM-4860,PRJ-7,USR-85392,Bug,Response trip wrong old particularly member.,High,2026-09-18 16:08:27,2026-09-27 16:08:27,DONE,SPR-PRJ-6-2,8
THES-8357,PRJ-1,USR-29410,Story,System artist too whose.,High,2026-08-22 03:37:56,2026-08-25 03:37:56,DONE,SPR-PRJ-0-10,5
ANIM-5225,PRJ-2,USR-30932,Story,Star grow technology tend dog reduce hour.,High,2025-09-27 06:56:43,2025-10-04 06:56:43,DONE,SPR-PRJ-5-22,5
TERM-1202,PRJ-7,USR-29442,Bug,Image itself deep community cause new.,Medium,2026-01-28 12:14:48,2026-01-30 12:14:48,DONE,SPR-PRJ-4-10,2
THES-2730,PRJ-1,USR-34551,Task,Style child young prove care author.,Low,2026-08-20 11:28:07,2026-08-26 11:28:07,DONE,SPR-PRJ-9-8,5
CONF-8750,PRJ-9,USR-74451,Story,Return main join wrong.,Low,2025-10-03 01:29:33,2025-10-13 01:29:33,DONE,SPR-PRJ-7-6,5
TERM-5400,PRJ-7,USR-35242,Task,Politics indeed lay smile.,Medium,2025-10-29 20:12:20,2025-11-03 20:12:20,DONE,SPR-PRJ-8-23,5
ANIM-5923,PRJ-2,USR-89807,Task,Perhaps lawyer interest star his difficult.,Medium,2026-05-19 16:46:35,2026-05-31 16:46:35,DONE,SPR-PRJ-4-10,8
PROF-7671,PRJ-3,USR-45720,Task,Account marriage room Republican especially unit office almost.,High,2026-03-10 22:14:45,2026-03-19 22:14:45,DONE,SPR-PRJ-8-10,2
ORGA-3222,PRJ-6,USR-39552,Bug,Low happy oil which bag room money.,High,2025-10-11 16:00:46,2025-10-14 16:00:46,DONE,SPR-PRJ-2-1,2
DEVE-6904,PRJ-0,USR-23006,Task,Let back three because line.,Low,2026-08-26 16:48:50,2026-09-02 16:48:50,DONE,SPR-PRJ-6-18,1
TERM-8308,PRJ-7,USR-17355,Bug,Range much often party.,Low,2026-07-12 00:06:03,2026-07-18 00:06:03,DONE,SPR-PRJ-3-16,2
DEVE-7333,PRJ-0,USR-12068,Story,Movement action law town off former.,High,2026-09-12 21:06:37,2026-09-23 21:06:37,DONE,SPR-PRJ-2-9,2
DEVE-8767,PRJ-0,USR-63264,Bug,Eye along type see risk.,High,2026-02-11 00:29:13,2026-02-15 00:29:13,DONE,SPR-PRJ-2-16,8
CHOI-7943,PRJ-4,USR-26551,Task,Article list college appear wrong.,Medium,2026-05-03 21:12:30,2026-05-07 21:12:30,DONE,SPR-PRJ-4-23,3
CONF-2676,PRJ-9,USR-49294,Task,Agree machine camera baby six edge past every.,Low,2026-08-07 02:32:25,2026-08-18 02:32:25,DONE,SPR-PRJ-6-8,8
WIN-5529,PRJ-5,USR-69598,Task,Scientist page travel.,Low,2026-01-04 18:05:10,2026-01-16 18:05:10,DONE,SPR-PRJ-9-12,3
DEVE-7620,PRJ-0,USR-83792,Bug,Process have compare site.,High,2026-07-10 22:45:32,2026-07-21 22:45:32,DONE,SPR-PRJ-5-7,3
DEVE-4111,PRJ-0,USR-92960,Bug,Congress month almost worker whose other start.,Low,2025-12-27 16:35:25,2026-01-07 16:35:25,DONE,SPR-PRJ-8-8,5
ANIM-3967,PRJ-2,USR-18907,Bug,Sell include himself produce rise cold official.,Medium,2026-08-18 06:12:56,2026-08-30 06:12:56,DONE,SPR-PRJ-8-14,8
THES-4641,PRJ-1,USR-68979,Task,Approach enough standard apply less live.,Medium,2026-08-19 21:32:16,2026-09-01 21:32:16,DONE,SPR-PRJ-9-11,3
TERM-2929,PRJ-7,USR-84395,Bug,Do raise hope enjoy most itself eye.,Low,2026-03-30 22:12:30,2026-04-09 22:12:30,DONE,SPR-PRJ-0-18,5
ORGA-9680,PRJ-6,USR-51553,Story,High firm morning what best most government.,High,2026-08-02 14:32:39,2026-08-06 14:32:39,DONE,SPR-PRJ-3-15,5
ANIM-2324,PRJ-2,USR-72973,Story,Particular present evening establish sort effort.,Medium,2026-08-20 19:57:56,2026-08-31 19:57:56,DONE,SPR-PRJ-0-14,1
CONF-3595,PRJ-9,USR-75513,Story,Leave push drop public side mind.,High,2026-05-11 20:00:28,2026-05-21 20:00:28,DONE,SPR-PRJ-4-15,5
DEVE-1618,PRJ-0,USR-10350,Story,Finish action across attack.,Medium,2026-06-17 03:52:34,2026-06-30 03:52:34,DONE,SPR-PRJ-8-21,8
PROF-4707,PRJ-3,USR-87656,Story,Moment rate goal rise.,High,2026-03-05 16:12:05,2026-03-12 16:12:05,DONE,SPR-PRJ-5-8,8
CHOI-5764,PRJ-4,USR-82264,Bug,Alone people arm order thus.,Medium,2026-01-02 18:55:37,2026-01-09 18:55:37,DONE,SPR-PRJ-9-11,2
ANIM-7609,PRJ-2,USR-73736,Story,Point remain build task candidate prevent tonight not.,High,2025-12-20 04:02:17,2026-01-01 04:02:17,DONE,SPR-PRJ-0-5,8
DEVE-7147,PRJ-0,USR-10688,Bug,Receive education level view.,Low,2025-12-07 17:15:12,2025-12-08 17:15:12,DONE,SPR-PRJ-6-8,1
DEVE-2897,PRJ-0,USR-51104,Bug,Two everybody interview tough show food class.,Medium,2026-06-02 00:57:04,2026-06-10 00:57:04,DONE,SPR-PRJ-7-11,2
DEVE-5933,PRJ-0,USR-57428,Bug,Since him four art western.,Medium,2025-10-25 16:47:16,2025-11-04 16:47:16,DONE,SPR-PRJ-6-11,2
CONF-2928,PRJ-9,USR-34931,Task,Key man up particular.,High,2026-01-07 17:56:25,2026-01-17 17:56:25,DONE,SPR-PRJ-2-3,3
ORGA-5839,PRJ-6,USR-48696,Story,Board music issue pass blood kid else.,Low,2025-12-05 06:17:12,2025-12-13 06:17:12,DONE,SPR-PRJ-3-12,2
THES-9095,PRJ-1,USR-75513,Bug,Audience road since affect.,High,2025-10-10 12:00:44,2025-10-22 12:00:44,DONE,SPR-PRJ-7-17,1
TERM-1820,PRJ-7,USR-33850,Story,Present a also hospital.,Medium,2026-04-08 05:59:54,2026-04-14 05:59:54,DONE,SPR-PRJ-8-13,3
ANIM-6384,PRJ-2,USR-31299,Bug,Toward off middle vote make job.,Medium,2025-11-24 20:10:09,2025-12-06 20:10:09,DONE,SPR-PRJ-0-23,3
ORGA-8479,PRJ-6,USR-21835,Task,Music about west stand.,Medium,2026-08-20 18:11:36,2026-08-31 18:11:36,DONE,SPR-PRJ-9-10,2
DEVE-3611,PRJ-0,USR-52622,Task,Note various grow radio.,Low,2026-04-02 04:16:09,2026-04-13 04:16:09,DONE,SPR-PRJ-4-16,2
ANIM-8914,PRJ-2,USR-86106,Task,Place where before movement.,Medium,2026-03-01 13:05:09,2026-03-02 13:05:09,DONE,SPR-PRJ-0-16,3
LIST-4669,PRJ-8,USR-82260,Task,Subject set face data.,Low,2026-02-06 00:42:00,2026-02-15 00:42:00,DONE,SPR-PRJ-7-8,8
PROF-8895,PRJ-3,USR-66349,Task,Whose produce federal.,High,2026-04-30 07:10:16,2026-05-14 07:10:16,DONE,SPR-PRJ-8-19,8
ANIM-9283,PRJ-2,USR-85341,Story,Piece grow be plan.,High,2026-02-25 11:07:29,2026-03-10 11:07:29,DONE,SPR-PRJ-5-5,3
LIST-4648,PRJ-8,USR-74451,Story,Cause cover rest or majority.,High,2026-07-09 12:48:12,2026-07-17 12:48:12,DONE,SPR-PRJ-4-17,8
WIN-2944,PRJ-5,USR-19447,Story,Poor matter who speech whom administration fund.,High,2025-10-21 10:13:08,2025-10-28 10:13:08,DONE,SPR-PRJ-4-9,1
CONF-5990,PRJ-9,USR-49363,Bug,If deep president.,Low,2026-02-05 02:51:02,2026-02-13 02:51:02,DONE,SPR-PRJ-3-15,3
LIST-8751,PRJ-8,USR-61374,Task,Vote thank Mr scientist do author save.,High,2026-04-18 02:54:49,2026-04-20 02:54:49,DONE,SPR-PRJ-8-2,2
CHOI-9973,PRJ-4,USR-34931,Story,Likely truth animal.,High,2026-04-04 19:54:51,2026-04-12 19:54:51,DONE,SPR-PRJ-1-11,5
PROF-2978,PRJ-3,USR-37549,Task,Add plan toward star.,High,2026-06-26 07:38:43,2026-07-08 07:38:43,DONE,SPR-PRJ-3-14,1
CONF-3018,PRJ-9,USR-69890,Bug,Particularly structure ask stage box organization past.,Low,2025-11-03 17:54:52,2025-11-12 17:54:52,DONE,SPR-PRJ-1-10,5
ORGA-8912,PRJ-6,USR-76249,Story,International specific word question food.,Low,2025-10-21 11:18:50,2025-10-31 11:18:50,DONE,SPR-PRJ-1-20,2
CONF-6273,PRJ-9,USR-81987,Bug,National focus who degree animal community as.,Low,2026-06-19 15:15:04,2026-07-02 15:15:04,DONE,SPR-PRJ-2-15,3
ANIM-3263,PRJ-2,USR-32103,Bug,Serious collection have close.,Low,2026-01-11 07:57:23,2026-01-16 07:57:23,DONE,SPR-PRJ-8-23,8
PROF-4291,PRJ-3,USR-25012,Bug,American beyond suggest partner sing administration main according.,Medium,2025-12-30 14:01:03,2026-01-10 14:01:03,DONE,SPR-PRJ-1-9,2
WIN-2890,PRJ-5,USR-60140,Bug,Religious order exist really.,Low,2025-12-05 15:20:03,2025-12-16 15:20:03,DONE,SPR-PRJ-7-13,5
DEVE-9564,PRJ-0,USR-30676,Story,Realize deal policy mission include visit particular.,Low,2026-07-31 15:18:14,2026-08-01 15:18:14,DONE,SPR-PRJ-2-3,3
CHOI-4342,PRJ-4,USR-29555,Task,Conference matter wear physical site girl above dog.,High,2025-10-11 13:44:25,2025-10-21 13:44:25,DONE,SPR-PRJ-9-6,8
PROF-9370,PRJ-3,USR-75715,Task,With peace television would medical less phone.,Low,2025-11-11 14:20:15,2025-11-22 14:20:15,DONE,SPR-PRJ-0-12,5
LIST-1881,PRJ-8,USR-66531,Bug,Apply both chance such treatment.,Medium,2025-12-16 18:47:56,2025-12-30 18:47:56,DONE,SPR-PRJ-2-9,3
CHOI-8353,PRJ-4,USR-41571,Story,Civil two approach hair.,High,2026-04-08 04:15:34,2026-04-20 04:15:34,DONE,SPR-PRJ-5-11,1
LIST-5329,PRJ-8,USR-83619,Task,Edge pattern three law bit appear.,High,2025-12-17 08:36:12,2025-12-23 08:36:12,DONE,SPR-PRJ-4-23,2
CONF-5934,PRJ-9,USR-23022,Task,Citizen ahead method audience.,High,2026-04-23 15:38:58,2026-05-06 15:38:58,DONE,SPR-PRJ-7-13,3
THES-9276,PRJ-1,USR-49608,Task,Or for cup quality for single.,High,2025-12-27 08:14:19,2026-01-02 08:14:19,DONE,SPR-PRJ-2-8,2
CHOI-4579,PRJ-4,USR-40647,Task,Better scene thank heart determine.,Low,2026-01-31 14:51:28,2026-02-14 14:51:28,DONE,SPR-PRJ-8-0,1
PROF-4994,PRJ-3,USR-22245,Task,Machine three certain until lawyer hold carry rest.,Medium,2026-03-28 21:01:57,2026-04-10 21:01:57,DONE,SPR-PRJ-1-5,5
DEVE-9468,PRJ-0,USR-27322,Bug,Wish dark camera realize arrive carry.,Medium,2026-05-30 09:56:56,2026-06-07 09:56:56,DONE,SPR-PRJ-0-11,3
THES-2572,PRJ-1,USR-29597,Bug,Learn commercial gas though page smile point.,Low,2026-08-23 17:03:04,2026-08-24 17:03:04,DONE,SPR-PRJ-6-16,1
ORGA-2702,PRJ-6,USR-58870,Bug,Official need discover in.,Medium,2026-05-22 10:56:24,2026-06-02 10:56:24,DONE,SPR-PRJ-8-17,1
WIN-1620,PRJ-5,USR-53540,Task,Television describe list leg address into their.,Low,2026-04-17 14:19:22,2026-04-19 14:19:22,DONE,SPR-PRJ-6-3,2
ORGA-6183,PRJ-6,USR-82845,Bug,Its develop until watch trial together.,High,2026-01-01 05:02:30,2026-01-12 05:02:30,DONE,SPR-PRJ-7-16,8
LIST-2738,PRJ-8,USR-96706,Bug,Always likely shoulder.,High,2026-03-08 05:00:04,2026-03-13 05:00:04,DONE,SPR-PRJ-8-3,5
TERM-3561,PRJ-7,USR-60052,Task,Most look something start laugh drive.,Low,2025-10-10 00:27:05,2025-10-15 00:27:05,DONE,SPR-PRJ-6-18,2
WIN-1182,PRJ-5,USR-19602,Story,Really image design.,High,2026-05-01 20:33:39,2026-05-02 20:33:39,DONE,SPR-PRJ-6-2,8
CHOI-4441,PRJ-4,USR-54791,Task,Dream your administration protect class.,High,2026-02-13 03:40:06,2026-02-20 03:40:06,DONE,SPR-PRJ-9-15,8
CONF-5140,PRJ-9,USR-55793,Bug,Section agency lawyer sign them if smile.,High,2026-03-24 07:54:41,2026-04-07 07:54:41,DONE,SPR-PRJ-8-0,8
CHOI-2103,PRJ-4,USR-54791,Bug,Less plant team audience throw four allow international.,Medium,2026-02-17 19:39:15,2026-02-23 19:39:15,DONE,SPR-PRJ-3-19,2
CHOI-2143,PRJ-4,USR-70981,Task,My some skin ball thing save area war.,Medium,2026-01-09 17:42:16,2026-01-19 17:42:16,DONE,SPR-PRJ-7-0,3
CONF-6971,PRJ-9,USR-30181,Story,Thousand book half people half compare.,High,2026-06-15 23:18:24,2026-06-21 23:18:24,DONE,SPR-PRJ-2-15,2
WIN-3200,PRJ-5,USR-77908,Task,Night similar catch friend.,Medium,2026-05-01 23:23:23,2026-05-09 23:23:23,DONE,SPR-PRJ-3-19,3
CONF-2343,PRJ-9,USR-56210,Story,Power say sell that.,Low,2026-04-24 12:50:13,2026-04-28 12:50:13,DONE,SPR-PRJ-2-19,1
DEVE-7637,PRJ-0,USR-27139,Story,Send set fly today me.,Low,2026-06-26 22:03:45,2026-07-01 22:03:45,DONE,SPR-PRJ-5-19,8
ORGA-4658,PRJ-6,USR-91006,Task,Approach health laugh may stop.,High,2026-03-10 05:04:13,2026-03-18 05:04:13,DONE,SPR-PRJ-5-8,8
DEVE-4913,PRJ-0,USR-85821,Bug,Question mouth factor per son war speak.,Low,2026-03-28 13:19:47,2026-03-31 13:19:47,DONE,SPR-PRJ-8-1,8
CONF-3395,PRJ-9,USR-57920,Task,Could this beautiful hospital.,High,2026-09-04 22:27:23,2026-09-08 22:27:23,DONE,SPR-PRJ-8-2,5
PROF-1701,PRJ-3,USR-77499,Task,When baby clearly born challenge.,Medium,2025-12-05 09:43:56,2025-12-13 09:43:56,DONE,SPR-PRJ-9-18,5
THES-9542,PRJ-1,USR-67432,Bug,Minute physical fall wide must.,Medium,2025-11-24 09:49:44,2025-12-04 09:49:44,DONE,SPR-PRJ-5-19,8
WIN-2275,PRJ-5,USR-64596,Story,Get kitchen popular factor as the discussion.,Low,2025-11-17 05:40:10,2025-11-24 05:40:10,DONE,SPR-PRJ-3-18,3
LIST-3276,PRJ-8,USR-73699,Bug,In garden position for order recent.,Low,2026-04-16 18:17:57,2026-04-21 18:17:57,DONE,SPR-PRJ-2-6,2
THES-4773,PRJ-1,USR-97833,Story,Knowledge fight car smile commercial employee machine.,Medium,2026-08-19 22:14:07,2026-08-30 22:14:07,DONE,SPR-PRJ-5-2,5
ORGA-1367,PRJ-6,USR-65176,Bug,Chance expect what.,High,2026-01-16 20:48:12,2026-01-19 20:48:12,DONE,SPR-PRJ-6-17,8
ANIM-5231,PRJ-2,USR-49221,Task,Republican expect win stuff.,Low,2026-05-25 05:08:12,2026-06-04 05:08:12,DONE,SPR-PRJ-6-19,1
THES-4548,PRJ-1,USR-72739,Task,Claim bring year off.,High,2026-06-23 01:00:06,2026-06-27 01:00:06,DONE,SPR-PRJ-8-20,5
CONF-9369,PRJ-9,USR-56129,Task,Hard day religious program within.,Medium,2026-03-17 04:27:54,2026-03-27 04:27:54,DONE,SPR-PRJ-6-7,1
THES-1271,PRJ-1,USR-26059,Bug,Large wish move building agent use.,Low,2025-11-23 10:01:31,2025-11-30 10:01:31,DONE,SPR-PRJ-8-19,2
CONF-1639,PRJ-9,USR-56179,Story,Way until choose wife.,High,2026-07-22 10:11:37,2026-07-30 10:11:37,DONE,SPR-PRJ-7-0,2
ORGA-9553,PRJ-6,USR-94259,Bug,Former relate listen face want wonder off.,Low,2026-04-27 01:31:51,2026-05-04 01:31:51,DONE,SPR-PRJ-2-10,5
CONF-2600,PRJ-9,USR-84177,Story,Rock two full both look always question.,High,2025-11-23 02:00:09,2025-11-28 02:00:09,DONE,SPR-PRJ-6-9,8
DEVE-9561,PRJ-0,USR-14278,Bug,Agent pay detail group for.,High,2025-11-11 08:26:58,2025-11-23 08:26:58,DONE,SPR-PRJ-8-13,3
CONF-5155,PRJ-9,USR-50730,Bug,On develop very everyone against.,Medium,2026-05-21 03:27:55,2026-05-31 03:27:55,DONE,SPR-PRJ-2-22,5
TERM-3928,PRJ-7,USR-70236,Task,Quality whatever wish hour make owner memory.,Medium,2026-04-24 01:27:05,2026-05-04 01:27:05,DONE,SPR-PRJ-3-16,5
TERM-3650,PRJ-7,USR-33788,Task,Huge respond into history activity general.,Low,2025-10-18 17:29:12,2025-10-28 17:29:12,DONE,SPR-PRJ-7-10,1
TERM-8133,PRJ-7,USR-92960,Task,Them because road know yeah sound eye.,High,2026-01-24 14:38:55,2026-02-03 14:38:55,DONE,SPR-PRJ-0-9,5
DEVE-3871,PRJ-0,USR-10851,Story,Rock increase structure our century field.,Low,2026-08-05 20:29:59,2026-08-18 20:29:59,DONE,SPR-PRJ-5-12,3
LIST-4795,PRJ-8,USR-38785,Task,Would at whether series because important trial.,High,2026-08-29 21:00:43,2026-09-09 21:00:43,DONE,SPR-PRJ-0-0,2
ORGA-7642,PRJ-6,USR-59797,Bug,New report sense carry.,Low,2026-03-06 22:38:09,2026-03-08 22:38:09,DONE,SPR-PRJ-9-19,1
CONF-6703,PRJ-9,USR-69598,Story,Face make state few one management.,Low,2025-12-08 04:47:26,2025-12-12 04:47:26,DONE,SPR-PRJ-4-20,5
ORGA-9294,PRJ-6,USR-56179,Task,Different social child feel policy PM buy.,Medium,2026-07-11 07:02:35,2026-07-13 07:02:35,DONE,SPR-PRJ-8-13,8
ORGA-8923,PRJ-6,USR-34267,Task,Individual man reach each budget.,Low,2026-06-12 13:50:54,2026-06-20 13:50:54,DONE,SPR-PRJ-9-13,8
THES-7269,PRJ-1,USR-92306,Bug,Yes at seat ok not than physical.,High,2026-01-12 14:56:07,2026-01-25 14:56:07,DONE,SPR-PRJ-3-8,5
CHOI-5067,PRJ-4,USR-40968,Bug,Health run adult employee.,Medium,2026-03-30 20:06:22,2026-04-01 20:06:22,DONE,SPR-PRJ-5-21,2
CONF-5408,PRJ-9,USR-67640,Story,Certainly leave really group.,Medium,2026-05-10 20:29:53,2026-05-22 20:29:53,DONE,SPR-PRJ-2-3,2
PROF-5091,PRJ-3,USR-54942,Story,Guess player western any factor.,High,2025-10-17 12:02:24,2025-10-19 12:02:24,DONE,SPR-PRJ-7-5,5
TERM-7081,PRJ-7,USR-73300,Bug,Message short consumer behind.,Medium,2026-06-02 02:29:54,2026-06-10 02:29:54,DONE,SPR-PRJ-1-22,8
ANIM-1887,PRJ-2,USR-33600,Bug,Myself their step rate.,High,2026-07-16 06:05:29,2026-07-25 06:05:29,DONE,SPR-PRJ-3-16,5
LIST-8537,PRJ-8,USR-54597,Bug,Rate read benefit oil statement.,High,2026-01-21 21:16:57,2026-01-28 21:16:57,DONE,SPR-PRJ-6-4,1
ANIM-9987,PRJ-2,USR-23173,Bug,Million health machine future.,Medium,2025-10-01 23:18:00,2025-10-07 23:18:00,DONE,SPR-PRJ-1-23,5
WIN-6981,PRJ-5,USR-96991,Story,Bill choice determine could.,Low,2026-09-15 16:14:40,2026-09-18 16:14:40,DONE,SPR-PRJ-6-3,2
LIST-8081,PRJ-8,USR-81200,Bug,Party story moment mother necessary series box.,High,2026-09-10 08:15:36,2026-09-18 08:15:36,DONE,SPR-PRJ-8-14,1
LIST-9748,PRJ-8,USR-98815,Task,Bring capital admit give.,Medium,2026-03-24 19:10:32,2026-04-02 19:10:32,DONE,SPR-PRJ-9-3,8
ANIM-1983,PRJ-2,USR-42007,Bug,Catch kind would mission wide common.,High,2026-06-22 08:08:40,2026-06-30 08:08:40,DONE,SPR-PRJ-7-22,3
LIST-5222,PRJ-8,USR-17665,Task,Season budget campaign.,Low,2026-01-23 06:56:54,2026-02-02 06:56:54,DONE,SPR-PRJ-2-2,8
ANIM-5663,PRJ-2,USR-14373,Task,Read film decide wonder.,Low,2026-06-23 13:54:38,2026-07-01 13:54:38,DONE,SPR-PRJ-9-11,1
ANIM-3745,PRJ-2,USR-35242,Task,Back simple serious amount.,Low,2026-03-10 22:33:19,2026-03-20 22:33:19,DONE,SPR-PRJ-6-2,5
PROF-6136,PRJ-3,USR-96057,Task,Soldier message arrive.,Low,2025-11-07 20:00:58,2025-11-18 20:00:58,DONE,SPR-PRJ-4-5,3
TERM-7782,PRJ-7,USR-19116,Story,Analysis feeling act benefit buy.,Low,2025-11-12 03:31:14,2025-11-16 03:31:14,DONE,SPR-PRJ-7-1,3
ORGA-2687,PRJ-6,USR-31581,Task,Onto customer provide ahead certainly.,Low,2026-05-18 16:11:34,2026-05-19 16:11:34,DONE,SPR-PRJ-0-6,5
THES-7387,PRJ-1,USR-15726,Task,We girl civil may rock.,Medium,2026-07-13 18:09:17,2026-07-24 18:09:17,DONE,SPR-PRJ-1-8,2
WIN-6328,PRJ-5,USR-50327,Bug,Now between official add describe course example.,Medium,2025-12-29 21:02:04,2026-01-07 21:02:04,DONE,SPR-PRJ-4-17,2
CONF-8480,PRJ-9,USR-77908,Bug,Above rise under turn surface listen recently.,Medium,2026-09-12 03:10:05,2026-09-21 03:10:05,DONE,SPR-PRJ-6-19,8
PROF-2467,PRJ-3,USR-10150,Task,Pull blue strong wonder interest method.,High,2025-12-07 20:34:57,2025-12-12 20:34:57,DONE,SPR-PRJ-0-2,1
TERM-9767,PRJ-7,USR-69878,Task,Seven fire letter mind.,Medium,2026-03-04 05:59:14,2026-03-05 05:59:14,DONE,SPR-PRJ-8-4,5
PROF-7745,PRJ-3,USR-85392,Story,Relate news American foreign break exist.,High,2026-04-07 12:25:31,2026-04-19 12:25:31,DONE,SPR-PRJ-7-20,5
ORGA-4924,PRJ-6,USR-26059,Bug,Reach subject difficult imagine world.,Low,2026-05-18 03:07:15,2026-05-29 03:07:15,DONE,SPR-PRJ-2-21,3
PROF-2121,PRJ-3,USR-95477,Bug,Task thus sort voice happen.,Medium,2026-03-12 03:58:37,2026-03-22 03:58:37,DONE,SPR-PRJ-4-19,3
WIN-1317,PRJ-5,USR-18285,Story,Public how mission put budget house reason.,High,2025-10-01 22:15:28,2025-10-03 22:15:28,DONE,SPR-PRJ-3-0,3
DEVE-4814,PRJ-0,USR-73335,Story,Ask window full organization.,Medium,2025-11-05 11:12:16,2025-11-12 11:12:16,DONE,SPR-PRJ-3-7,5
ANIM-1918,PRJ-2,USR-12552,Bug,Do interesting material share.,Medium,2026-03-02 23:19:55,2026-03-05 23:19:55,DONE,SPR-PRJ-2-1,3
PROF-7304,PRJ-3,USR-41358,Bug,Order series song wall green project wear would.,High,2026-07-21 10:27:47,2026-07-25 10:27:47,DONE,SPR-PRJ-4-21,1
ORGA-6113,PRJ-6,USR-22026,Bug,Challenge lawyer business majority discuss.,High,2026-04-13 13:48:50,2026-04-25 13:48:50,DONE,SPR-PRJ-9-23,8
CHOI-4255,PRJ-4,USR-58353,Bug,Between apply attention.,High,2025-11-18 05:43:34,2025-11-20 05:43:34,DONE,SPR-PRJ-2-12,5
CONF-2960,PRJ-9,USR-87236,Story,Will him quickly.,Low,2026-06-17 07:30:17,2026-06-30 07:30:17,DONE,SPR-PRJ-7-8,5
THES-5075,PRJ-1,USR-56129,Bug,Perform benefit baby seem should.,Medium,2025-11-25 06:41:38,2025-12-08 06:41:38,DONE,SPR-PRJ-6-16,1
LIST-2759,PRJ-8,USR-97580,Bug,Dark product make energy gas teacher national.,Low,2026-07-31 19:52:39,2026-08-13 19:52:39,DONE,SPR-PRJ-3-16,5
ANIM-5107,PRJ-2,USR-94843,Task,Wrong they budget.,Low,2026-07-20 15:45:15,2026-07-25 15:45:15,DONE,SPR-PRJ-5-18,5
WIN-6303,PRJ-5,USR-72739,Bug,Table kind along computer process single.,Low,2026-03-20 18:27:57,2026-03-23 18:27:57,DONE,SPR-PRJ-0-17,8
LIST-7014,PRJ-8,USR-73656,Bug,Man care resource maintain.,Medium,2026-09-05 13:05:20,2026-09-17 13:05:20,DONE,SPR-PRJ-1-23,1
WIN-2037,PRJ-5,USR-20345,Task,Push process rate occur live take media.,High,2025-11-08 10:35:57,2025-11-17 10:35:57,DONE,SPR-PRJ-7-6,5
WIN-7714,PRJ-5,USR-84847,Bug,Manager wife pay good within.,Low,2026-02-25 23:03:22,2026-02-27 23:03:22,DONE,SPR-PRJ-0-11,2
TERM-4139,PRJ-7,USR-98895,Task,Agreement and student give.,Low,2026-01-29 10:12:04,2026-02-06 10:12:04,DONE,SPR-PRJ-5-14,8
CONF-2161,PRJ-9,USR-62743,Bug,Agree through game best generation group goal product.,Medium,2026-07-12 03:33:32,2026-07-26 03:33:32,DONE,SPR-PRJ-0-20,5
WIN-1955,PRJ-5,USR-59941,Story,Possible or travel assume figure.,Low,2026-01-01 03:00:51,2026-01-03 03:00:51,DONE,SPR-PRJ-8-21,3
THES-4784,PRJ-1,USR-44237,Bug,After for leave tell.,Low,2026-02-05 01:41:30,2026-02-09 01:41:30,DONE,SPR-PRJ-6-1,2
CONF-6864,PRJ-9,USR-20308,Task,Top entire receive onto worry help hope.,High,2026-05-05 13:41:22,2026-05-08 13:41:22,DONE,SPR-PRJ-8-10,2
ANIM-9747,PRJ-2,USR-60639,Task,Space beyond push from.,Medium,2026-05-07 07:31:56,2026-05-16 07:31:56,DONE,SPR-PRJ-3-11,3
WIN-4943,PRJ-5,USR-14278,Bug,Coach federal wide cut player wind.,Low,2026-04-10 05:13:39,2026-04-15 05:13:39,DONE,SPR-PRJ-3-20,5
DEVE-5660,PRJ-0,USR-51180,Task,Degree enter father of source person when.,High,2025-10-26 05:07:46,2025-10-31 05:07:46,DONE,SPR-PRJ-2-8,2
LIST-9376,PRJ-8,USR-12068,Story,Behind front attack song little decide somebody prepare.,High,2026-07-02 16:35:52,2026-07-03 16:35:52,DONE,SPR-PRJ-4-21,3
CONF-5093,PRJ-9,USR-55508,Story,Sound item music customer I person law.,Low,2026-01-22 04:30:12,2026-01-29 04:30:12,DONE,SPR-PRJ-6-1,2
TERM-3832,PRJ-7,USR-21835,Bug,Congress affect reflect television officer defense while.,Low,2026-07-20 10:52:56,2026-08-03 10:52:56,DONE,SPR-PRJ-9-16,1
CONF-7251,PRJ-9,USR-76249,Task,Environmental point speak table trade various risk.,Medium,2026-07-12 04:57:55,2026-07-26 04:57:55,DONE,SPR-PRJ-4-15,5
ORGA-1886,PRJ-6,USR-52600,Bug,Customer leg drive second she such improve.,Low,2025-10-20 05:13:22,2025-10-23 05:13:22,DONE,SPR-PRJ-3-11,8
ORGA-8300,PRJ-6,USR-34920,Story,Plant suffer environment expert.,High,2026-08-27 00:35:57,2026-09-03 00:35:57,DONE,SPR-PRJ-3-2,5
TERM-1807,PRJ-7,USR-95180,Task,Rather door draw change agree.,Low,2025-11-28 07:50:22,2025-12-05 07:50:22,DONE,SPR-PRJ-8-6,2
TERM-7476,PRJ-7,USR-82641,Bug,Less nice job positive already.,Low,2026-08-02 12:04:51,2026-08-11 12:04:51,DONE,SPR-PRJ-2-15,2
CONF-2467,PRJ-9,USR-50730,Task,Carry election sound probably compare.,Medium,2025-11-27 20:24:50,2025-12-01 20:24:50,DONE,SPR-PRJ-3-10,3
CONF-8245,PRJ-9,USR-44718,Story,White magazine after.,High,2026-08-24 01:09:25,2026-09-04 01:09:25,DONE,SPR-PRJ-3-23,2
PROF-3419,PRJ-3,USR-38569,Story,Finish fear as western.,Medium,2026-08-26 18:59:19,2026-09-07 18:59:19,DONE,SPR-PRJ-8-13,1
WIN-4424,PRJ-5,USR-97062,Bug,Public though however style successful door.,Low,2026-09-10 05:37:03,2026-09-23 05:37:03,DONE,SPR-PRJ-2-18,8
DEVE-7170,PRJ-0,USR-69609,Story,Usually miss stock wear use edge this.,Medium,2026-05-06 16:56:34,2026-05-09 16:56:34,DONE,SPR-PRJ-0-15,3
DEVE-8617,PRJ-0,USR-76540,Task,Business southern forget once hope security door institution.,Low,2025-12-28 10:07:20,2026-01-02 10:07:20,DONE,SPR-PRJ-7-1,3
ORGA-4787,PRJ-6,USR-13492,Bug,Compare wide keep effect.,High,2025-11-21 23:51:10,2025-11-27 23:51:10,DONE,SPR-PRJ-5-4,8
LIST-8503,PRJ-8,USR-57400,Story,Make hear we first.,High,2026-05-13 21:26:45,2026-05-22 21:26:45,DONE,SPR-PRJ-3-6,3
WIN-6765,PRJ-5,USR-83060,Bug,Radio white these view guy resource start.,Medium,2026-03-10 13:00:48,2026-03-23 13:00:48,DONE,SPR-PRJ-0-15,3
PROF-3485,PRJ-3,USR-51033,Story,Alone science sometimes area true public education his.,High,2025-10-05 03:30:40,2025-10-17 03:30:40,DONE,SPR-PRJ-4-1,8
PROF-7837,PRJ-3,USR-24871,Task,Total rate movement door kind account.,Low,2026-06-02 02:31:19,2026-06-08 02:31:19,DONE,SPR-PRJ-4-18,8
CONF-9869,PRJ-9,USR-74752,Story,Feeling view series father teacher.,Medium,2026-02-26 13:52:58,2026-03-10 13:52:58,DONE,SPR-PRJ-7-12,8
CONF-3589,PRJ-9,USR-83584,Bug,Place these short image almost term.,High,2025-11-28 04:30:40,2025-12-01 04:30:40,DONE,SPR-PRJ-3-9,2
ORGA-5970,PRJ-6,USR-52981,Bug,Likely include subject response theory star station.,Low,2026-08-12 15:50:40,2026-08-17 15:50:40,DONE,SPR-PRJ-1-14,2
CONF-5372,PRJ-9,USR-41979,Bug,Media goal own spend scene.,High,2026-06-25 05:24:40,2026-06-29 05:24:40,DONE,SPR-PRJ-7-7,1
ANIM-9230,PRJ-2,USR-53694,Bug,Seven political contain.,Medium,2026-03-21 23:47:27,2026-03-24 23:47:27,DONE,SPR-PRJ-9-2,5
PROF-4707,PRJ-3,USR-58281,Story,Able customer figure office.,Medium,2026-03-18 03:55:08,2026-03-25 03:55:08,DONE,SPR-PRJ-2-8,2
WIN-8496,PRJ-5,USR-53687,Story,Economic require should power.,Low,2025-11-09 00:04:44,2025-11-21 00:04:44,DONE,SPR-PRJ-8-19,5
CONF-9784,PRJ-9,USR-54350,Story,Rate society floor long same end reach step.,Low,2025-11-16 11:38:22,2025-11-18 11:38:22,DONE,SPR-PRJ-4-19,5
ORGA-1643,PRJ-6,USR-95191,Bug,Cup increase consider then war.,High,2026-08-03 11:13:57,2026-08-07 11:13:57,DONE,SPR-PRJ-3-2,5
ANIM-7921,PRJ-2,USR-60432,Bug,Difference way type positive phone trade wind.,Low,2026-09-05 09:44:41,2026-09-08 09:44:41,DONE,SPR-PRJ-4-22,5
ANIM-9952,PRJ-2,USR-77715,Task,Red collection husband investment employee.,High,2025-12-12 23:03:36,2025-12-15 23:03:36,DONE,SPR-PRJ-4-20,8
ANIM-3024,PRJ-2,USR-59968,Bug,Color note add moment significant up.,Medium,2025-10-31 13:11:47,2025-11-02 13:11:47,DONE,SPR-PRJ-5-14,5
ORGA-1719,PRJ-6,USR-69473,Bug,Budget require course technology site explain management.,Low,2026-08-14 05:41:00,2026-08-28 05:41:00,DONE,SPR-PRJ-1-14,2
ORGA-6047,PRJ-6,USR-76494,Task,Task outside yet executive quality industry.,Medium,2025-11-16 12:37:51,2025-11-27 12:37:51,DONE,SPR-PRJ-1-22,1
CHOI-1200,PRJ-4,USR-84177,Bug,Agreement wish dog late.,High,2026-03-04 14:48:21,2026-03-14 14:48:21,DONE,SPR-PRJ-9-9,5
TERM-8434,PRJ-7,USR-50963,Bug,Old positive beat light the window.,High,2026-01-01 09:34:35,2026-01-05 09:34:35,DONE,SPR-PRJ-9-9,8
PROF-1801,PRJ-3,USR-97562,Task,Require remain save eight believe.,High,2026-02-28 08:33:49,2026-03-03 08:33:49,DONE,SPR-PRJ-9-2,1
WIN-2436,PRJ-5,USR-53540,Story,Four dog traditional.,Low,2025-10-19 18:41:47,2025-10-24 18:41:47,DONE,SPR-PRJ-6-12,8
WIN-1587,PRJ-5,USR-46211,Task,Remember special accept mean herself within provide car.,Medium,2026-05-20 10:54:17,2026-06-03 10:54:17,DONE,SPR-PRJ-0-17,5
CHOI-6393,PRJ-4,USR-82667,Bug,American conference college manage fund life bed.,High,2026-09-08 11:14:01,2026-09-18 11:14:01,DONE,SPR-PRJ-0-14,1
THES-8924,PRJ-1,USR-82070,Bug,Item employee finish without material wind exactly.,Medium,2026-06-29 19:08:49,2026-07-06 19:08:49,DONE,SPR-PRJ-6-11,3
WIN-3125,PRJ-5,USR-54396,Bug,Executive theory party seven enough fine.,Low,2026-02-14 00:02:53,2026-02-22 00:02:53,DONE,SPR-PRJ-5-6,2
PROF-1025,PRJ-3,USR-56009,Story,Firm yes shake character.,Low,2026-09-08 15:23:22,2026-09-22 15:23:22,DONE,SPR-PRJ-2-5,8
PROF-1185,PRJ-3,USR-55870,Task,Apply chance discover along employee relationship.,High,2026-08-24 05:56:06,2026-08-29 05:56:06,DONE,SPR-PRJ-3-4,8
WIN-6592,PRJ-5,USR-73201,Story,Yet until American ground.,High,2026-03-15 10:54:23,2026-03-19 10:54:23,DONE,SPR-PRJ-3-12,3
ANIM-8888,PRJ-2,USR-85598,Bug,Magazine manage suffer term buy behavior test.,Medium,2026-06-29 07:42:57,2026-07-07 07:42:57,DONE,SPR-PRJ-8-8,5
WIN-9779,PRJ-5,USR-46002,Task,Seek state none production.,Medium,2025-12-06 02:54:41,2025-12-08 02:54:41,DONE,SPR-PRJ-1-14,3
CONF-7382,PRJ-9,USR-82305,Task,Your above short Congress turn east marriage behind.,Low,2025-12-18 10:45:39,2026-01-01 10:45:39,DONE,SPR-PRJ-3-8,1
PROF-7088,PRJ-3,USR-76317,Story,Expect wonder business.,Low,2026-02-01 14:23:52,2026-02-06 14:23:52,DONE,SPR-PRJ-1-20,1
TERM-9290,PRJ-7,USR-51853,Bug,Upon black food ahead least remain look pick.,High,2026-02-19 00:54:03,2026-02-23 00:54:03,DONE,SPR-PRJ-3-15,5
LIST-3174,PRJ-8,USR-19807,Task,Price forget analysis performance laugh water yourself trade.,Low,2026-01-09 13:18:54,2026-01-23 13:18:54,DONE,SPR-PRJ-5-13,1
CONF-2426,PRJ-9,USR-86622,Story,Can tell soon executive sometimes season natural.,Low,2026-08-02 11:58:32,2026-08-15 11:58:32,DONE,SPR-PRJ-7-0,3
PROF-6257,PRJ-3,USR-69598,Bug,Begin effort drive side human after.,Medium,2026-05-18 20:50:57,2026-05-31 20:50:57,DONE,SPR-PRJ-4-16,1
THES-1249,PRJ-1,USR-27322,Story,Home I positive west.,High,2025-12-16 19:51:42,2025-12-25 19:51:42,DONE,SPR-PRJ-3-17,8
CHOI-5011,PRJ-4,USR-88696,Task,Fear song save TV.,Low,2025-11-25 19:43:28,2025-12-03 19:43:28,DONE,SPR-PRJ-0-12,2
THES-7284,PRJ-1,USR-52247,Story,Capital program story mention majority those live none.,Low,2026-09-12 22:29:57,2026-09-22 22:29:57,DONE,SPR-PRJ-9-12,8
CHOI-6444,PRJ-4,USR-39102,Bug,Series specific pass its.,Low,2026-03-10 06:23:20,2026-03-12 06:23:20,DONE,SPR-PRJ-9-20,5
TERM-2593,PRJ-7,USR-50425,Bug,American game less difference.,Medium,2026-03-11 09:51:08,2026-03-19 09:51:08,DONE,SPR-PRJ-2-11,2
ORGA-4004,PRJ-6,USR-63005,Task,Us money positive base.,Medium,2026-06-20 11:16:24,2026-06-28 11:16:24,DONE,SPR-PRJ-0-7,1
TERM-3798,PRJ-7,USR-21188,Bug,Bad soon feel worker range feel.,High,2026-03-27 19:12:15,2026-04-05 19:12:15,DONE,SPR-PRJ-1-2,5
THES-5949,PRJ-1,USR-52622,Task,Into notice necessary true message member including.,High,2026-01-01 12:42:14,2026-01-11 12:42:14,DONE,SPR-PRJ-2-14,8
WIN-4411,PRJ-5,USR-73242,Task,Spend green one shoulder administration scientist leg.,Low,2026-03-26 09:59:51,2026-04-08 09:59:51,DONE,SPR-PRJ-3-15,8
THES-8972,PRJ-1,USR-79942,Task,Successful and indicate region.,Low,2026-07-29 06:47:12,2026-07-31 06:47:12,DONE,SPR-PRJ-8-18,5
CONF-7208,PRJ-9,USR-52568,Story,Right serious last space game truth special decision.,High,2026-01-26 21:16:38,2026-01-30 21:16:38,DONE,SPR-PRJ-8-17,2
ANIM-8421,PRJ-2,USR-73201,Bug,Else pull its adult house actually pretty least.,Medium,2025-10-27 08:09:12,2025-10-31 08:09:12,DONE,SPR-PRJ-2-4,3
ORGA-6640,PRJ-6,USR-64987,Bug,Rise field spend pattern real white push source.,Low,2026-03-03 06:48:45,2026-03-10 06:48:45,DONE,SPR-PRJ-9-0,2
DEVE-1013,PRJ-0,USR-72205,Task,Career course staff receive.,High,2025-10-30 23:54:14,2025-11-13 23:54:14,DONE,SPR-PRJ-3-0,1
ORGA-6212,PRJ-6,USR-81376,Task,Decide possible power.,Low,2025-12-09 01:25:59,2025-12-13 01:25:59,DONE,SPR-PRJ-7-1,2
ORGA-6902,PRJ-6,USR-43586,Bug,Teach Mrs beat show challenge instead bring total.,High,2026-03-15 04:55:41,2026-03-18 04:55:41,DONE,SPR-PRJ-0-2,1
TERM-8155,PRJ-7,USR-62296,Story,White likely teacher one cut notice.,Low,2026-07-10 21:01:29,2026-07-23 21:01:29,DONE,SPR-PRJ-4-10,5
ANIM-8444,PRJ-2,USR-33652,Task,Anything account piece require woman support.,Medium,2026-08-16 19:01:25,2026-08-22 19:01:25,DONE,SPR-PRJ-2-9,2
TERM-4878,PRJ-7,USR-43082,Bug,Other never fact maintain main opportunity particularly question.,Low,2026-07-10 05:09:11,2026-07-16 05:09:11,DONE,SPR-PRJ-0-8,1
THES-8889,PRJ-1,USR-76307,Bug,Discussion art affect office network environmental possible.,Low,2026-08-10 03:10:50,2026-08-19 03:10:50,DONE,SPR-PRJ-9-3,3
CONF-2449,PRJ-9,USR-41348,Bug,Bring performance position large job claim risk.,Low,2026-09-07 06:28:34,2026-09-09 06:28:34,DONE,SPR-PRJ-7-7,8
WIN-9765,PRJ-5,USR-26547,Bug,Just medical onto rate two table.,Medium,2026-03-28 04:43:23,2026-04-07 04:43:23,DONE,SPR-PRJ-7-19,3
ANIM-1578,PRJ-2,USR-28140,Task,Capital fall represent where strategy pull same.,Low,2026-07-01 17:13:28,2026-07-14 17:13:28,DONE,SPR-PRJ-6-0,3
ANIM-1845,PRJ-2,USR-35048,Bug,Son suddenly perform executive see project can.,Low,2026-08-02 02:05:17,2026-08-03 02:05:17,DONE,SPR-PRJ-3-1,5
CHOI-5129,PRJ-4,USR-33819,Task,Paper beyond indeed year.,High,2025-12-13 10:24:46,2025-12-25 10:24:46,DONE,SPR-PRJ-1-4,8
ANIM-5280,PRJ-2,USR-11231,Story,Decide another adult thing ground.,Low,2026-01-22 21:19:33,2026-02-05 21:19:33,DONE,SPR-PRJ-0-8,3
TERM-7765,PRJ-7,USR-52568,Task,Still thus allow as.,Low,2025-11-27 13:23:43,2025-12-08 13:23:43,DONE,SPR-PRJ-1-18,2
CHOI-2900,PRJ-4,USR-71669,Task,Pay building difference election.,Medium,2026-03-13 04:45:32,2026-03-21 04:45:32,DONE,SPR-PRJ-7-23,8
CHOI-3378,PRJ-4,USR-54597,Task,Show show news to table them.,Medium,2026-02-06 03:08:12,2026-02-13 03:08:12,DONE,SPR-PRJ-7-5,3
LIST-6797,PRJ-8,USR-65435,Bug,Relationship unit just lead.,Medium,2026-05-19 15:28:17,2026-05-25 15:28:17,DONE,SPR-PRJ-2-21,3
ORGA-8554,PRJ-6,USR-81810,Bug,Window sit participant teach.,Low,2026-08-19 19:20:15,2026-08-29 19:20:15,DONE,SPR-PRJ-8-5,2
ANIM-6132,PRJ-2,USR-64987,Story,Among black picture that treat church factor.,High,2025-11-05 12:33:51,2025-11-12 12:33:51,DONE,SPR-PRJ-1-1,8
PROF-5641,PRJ-3,USR-47930,Bug,Marriage that child hair standard but dark.,High,2026-03-17 10:19:49,2026-03-18 10:19:49,DONE,SPR-PRJ-6-8,2
THES-2415,PRJ-1,USR-14278,Bug,Early speak game.,Low,2026-03-07 10:09:16,2026-03-17 10:09:16,DONE,SPR-PRJ-8-13,2
CHOI-8650,PRJ-4,USR-64287,Task,Be head senior guess.,Medium,2026-04-11 02:14:17,2026-04-24 02:14:17,DONE,SPR-PRJ-4-13,3
DEVE-7271,PRJ-0,USR-86556,Task,Charge send instead direction soon.,High,2026-06-12 05:17:25,2026-06-20 05:17:25,DONE,SPR-PRJ-0-17,5
TERM-2776,PRJ-7,USR-73242,Story,Together weight might radio want kind.,Low,2026-03-06 12:20:25,2026-03-17 12:20:25,DONE,SPR-PRJ-1-3,5
CONF-5105,PRJ-9,USR-94136,Task,Response military attorney.,High,2026-07-23 01:25:15,2026-08-03 01:25:15,DONE,SPR-PRJ-6-19,1
ANIM-6403,PRJ-2,USR-81482,Bug,I sign its hotel also two.,Low,2026-02-05 08:18:13,2026-02-18 08:18:13,DONE,SPR-PRJ-5-5,5
LIST-4700,PRJ-8,USR-47627,Task,Around place require produce mind fast I.,High,2025-11-24 14:03:38,2025-12-04 14:03:38,DONE,SPR-PRJ-5-17,3
THES-6985,PRJ-1,USR-73464,Story,Them return finish general still too particular.,Medium,2026-06-18 09:15:35,2026-07-01 09:15:35,DONE,SPR-PRJ-8-4,3
DEVE-7294,PRJ-0,USR-75715,Task,Land day name small present recently.,High,2025-11-22 23:56:11,2025-12-03 23:56:11,DONE,SPR-PRJ-7-8,3
PROF-3292,PRJ-3,USR-97833,Bug,Simple thing base Mr hope rest.,High,2026-09-06 16:48:53,2026-09-14 16:48:53,DONE,SPR-PRJ-4-3,1
DEVE-1606,PRJ-0,USR-57265,Bug,Minute must degree memory.,High,2026-09-03 16:07:13,2026-09-10 16:07:13,DONE,SPR-PRJ-1-6,2
LIST-3440,PRJ-8,USR-95755,Story,Future player age three music else strategy.,High,2026-01-26 05:29:19,2026-02-07 05:29:19,DONE,SPR-PRJ-1-12,5
DEVE-4976,PRJ-0,USR-54118,Story,Would book art health phone great.,Low,2026-01-23 00:01:51,2026-01-24 00:01:51,DONE,SPR-PRJ-9-15,3
CONF-2047,PRJ-9,USR-73653,Task,Large occur accept fund.,Low,2025-10-15 11:59:16,2025-10-28 11:59:16,DONE,SPR-PRJ-6-13,2
ORGA-6312,PRJ-6,USR-57453,Bug,Not thus physical mouth other go expect size.,High,2025-12-27 15:40:18,2026-01-02 15:40:18,DONE,SPR-PRJ-8-22,2
CHOI-3314,PRJ-4,USR-18109,Task,Public research mind easy foreign old state.,Low,2026-07-01 14:00:42,2026-07-04 14:00:42,DONE,SPR-PRJ-4-16,2
CONF-7162,PRJ-9,USR-39552,Task,Better Republican stock bank artist thousand live.,High,2026-02-14 06:20:33,2026-02-15 06:20:33,DONE,SPR-PRJ-0-1,2
CHOI-7819,PRJ-4,USR-29597,Task,Hard moment open million.,Low,2026-03-19 05:38:09,2026-03-22 05:38:09,DONE,SPR-PRJ-2-4,2
ORGA-4919,PRJ-6,USR-86064,Story,Once PM you ready way.,Low,2026-02-27 06:43:28,2026-03-02 06:43:28,DONE,SPR-PRJ-7-15,5
WIN-7861,PRJ-5,USR-13617,Story,Statement certain camera represent can relate.,Low,2026-07-08 03:10:53,2026-07-10 03:10:53,DONE,SPR-PRJ-6-14,3
PROF-5528,PRJ-3,USR-86271,Story,Brother defense list second want hard weight.,Low,2026-08-28 05:21:37,2026-09-11 05:21:37,DONE,SPR-PRJ-9-17,5
WIN-5670,PRJ-5,USR-82140,Bug,Book hard face mission brother figure.,Medium,2026-05-18 14:24:20,2026-05-19 14:24:20,DONE,SPR-PRJ-1-2,1
TERM-9436,PRJ-7,USR-77889,Bug,Family agreement central six instead.,Medium,2026-02-19 09:18:11,2026-03-01 09:18:11,DONE,SPR-PRJ-6-4,3
WIN-4731,PRJ-5,USR-10150,Story,Threat democratic standard major business.,Medium,2026-09-09 06:07:36,2026-09-13 06:07:36,DONE,SPR-PRJ-0-18,5
CONF-8454,PRJ-9,USR-61876,Task,That individual of not.,Low,2026-02-09 08:43:44,2026-02-13 08:43:44,DONE,SPR-PRJ-6-17,3
DEVE-1977,PRJ-0,USR-69250,Task,Sit little result paper seven measure.,Medium,2026-09-11 14:22:15,2026-09-18 14:22:15,DONE,SPR-PRJ-1-19,3
CONF-3784,PRJ-9,USR-51889,Story,Project chance road become person perhaps hold.,High,2026-03-24 23:19:18,2026-03-31 23:19:18,DONE,SPR-PRJ-9-3,8
TERM-5573,PRJ-7,USR-91885,Story,Fund animal provide kitchen everyone because.,High,2026-09-11 13:58:17,2026-09-17 13:58:17,DONE,SPR-PRJ-4-15,8
DEVE-1656,PRJ-0,USR-28191,Bug,Occur someone religious.,High,2025-11-30 06:43:36,2025-12-07 06:43:36,DONE,SPR-PRJ-5-15,5
TERM-4940,PRJ-7,USR-54597,Bug,Popular be western my.,Low,2026-05-02 20:23:51,2026-05-09 20:23:51,DONE,SPR-PRJ-2-7,2
TERM-5994,PRJ-7,USR-30644,Bug,Whatever miss seek.,Low,2026-07-18 04:34:13,2026-07-28 04:34:13,DONE,SPR-PRJ-0-6,5
ANIM-7068,PRJ-2,USR-52517,Story,Build view conference.,Low,2026-04-10 04:01:06,2026-04-12 04:01:06,DONE,SPR-PRJ-4-2,3
CHOI-9887,PRJ-4,USR-57265,Bug,Skill early relationship thought know.,High,2025-10-04 07:55:54,2025-10-14 07:55:54,DONE,SPR-PRJ-9-9,3
DEVE-2818,PRJ-0,USR-46512,Story,Parent I and technology age join increase.,Medium,2026-08-06 08:08:03,2026-08-12 08:08:03,DONE,SPR-PRJ-1-20,8
PROF-3267,PRJ-3,USR-74569,Story,Fish either boy between collection century eight.,Low,2026-08-26 19:35:21,2026-09-03 19:35:21,DONE,SPR-PRJ-7-20,8
WIN-5380,PRJ-5,USR-69598,Story,Fill imagine college pass.,High,2025-10-31 18:29:02,2025-11-06 18:29:02,DONE,SPR-PRJ-3-16,5
TERM-9714,PRJ-7,USR-69446,Task,Agree around hope floor.,Medium,2026-01-31 07:00:51,2026-02-10 07:00:51,DONE,SPR-PRJ-3-22,1
ORGA-3929,PRJ-6,USR-73699,Story,Election walk tonight appear dream others.,High,2026-03-06 06:52:21,2026-03-11 06:52:21,DONE,SPR-PRJ-1-4,2
DEVE-5803,PRJ-0,USR-27781,Story,Meet mean we especially five network assume.,Medium,2025-12-27 19:20:32,2026-01-02 19:20:32,DONE,SPR-PRJ-4-11,5
THES-1361,PRJ-1,USR-67432,Bug,Plant trial affect never only big.,Low,2025-10-08 04:30:46,2025-10-14 04:30:46,DONE,SPR-PRJ-4-9,8
TERM-9686,PRJ-7,USR-69890,Task,Prepare by nothing land suffer matter situation.,Low,2026-07-20 06:33:30,2026-07-23 06:33:30,DONE,SPR-PRJ-9-13,3
WIN-5720,PRJ-5,USR-95717,Task,Music collection early weight which new.,Medium,2025-11-21 06:02:31,2025-11-29 06:02:31,DONE,SPR-PRJ-1-18,8
ANIM-3873,PRJ-2,USR-51853,Bug,Spend which per.,High,2025-10-13 04:36:56,2025-10-16 04:36:56,DONE,SPR-PRJ-2-12,1
TERM-5266,PRJ-7,USR-38305,Bug,A value lot our.,High,2026-06-07 14:02:05,2026-06-18 14:02:05,DONE,SPR-PRJ-3-9,3
ANIM-9743,PRJ-2,USR-40512,Task,Yourself successful defense subject example claim.,Medium,2026-08-18 23:40:40,2026-08-31 23:40:40,DONE,SPR-PRJ-1-13,5
LIST-6427,PRJ-8,USR-17355,Task,Attorney bed recognize store rise your there.,Low,2026-04-22 09:09:29,2026-05-03 09:09:29,DONE,SPR-PRJ-1-13,8
THES-8847,PRJ-1,USR-83889,Bug,Measure soon this war play woman remain event.,High,2025-12-17 20:21:04,2025-12-22 20:21:04,DONE,SPR-PRJ-0-6,5
THES-6347,PRJ-1,USR-55309,Bug,Game least outside administration reality position.,Low,2026-06-11 03:57:16,2026-06-15 03:57:16,DONE,SPR-PRJ-8-8,3
THES-9385,PRJ-1,USR-13761,Bug,Live top pull including time reflect several Mrs.,Low,2025-09-27 18:10:10,2025-10-06 18:10:10,DONE,SPR-PRJ-0-14,3
WIN-7326,PRJ-5,USR-33519,Task,Much throughout staff knowledge.,Medium,2026-07-29 17:18:06,2026-08-06 17:18:06,DONE,SPR-PRJ-9-7,8
ORGA-8249,PRJ-6,USR-28030,Task,Will heavy over hit stuff speech.,Low,2025-11-13 21:24:07,2025-11-20 21:24:07,DONE,SPR-PRJ-1-11,8
CHOI-8776,PRJ-4,USR-72973,Task,Leg view know develop.,High,2025-09-30 05:40:17,2025-10-10 05:40:17,DONE,SPR-PRJ-8-1,5
CHOI-7791,PRJ-4,USR-96057,Bug,Quite remember course staff personal.,High,2025-10-04 15:27:49,2025-10-08 15:27:49,DONE,SPR-PRJ-1-23,5
CHOI-5979,PRJ-4,USR-79942,Story,Doctor management guy exactly toward.,High,2026-08-06 22:03:16,2026-08-19 22:03:16,DONE,SPR-PRJ-0-0,2
TERM-3034,PRJ-7,USR-38569,Task,Decide cultural start how thank notice management necessary.,High,2026-06-28 12:30:16,2026-07-06 12:30:16,DONE,SPR-PRJ-9-16,2
THES-6927,PRJ-1,USR-46208,Task,Public owner compare open second camera value.,Low,2026-06-10 05:13:30,2026-06-21 05:13:30,DONE,SPR-PRJ-5-1,1
DEVE-5252,PRJ-0,USR-81200,Task,Thing rock ever summer age.,Medium,2026-08-25 04:43:37,2026-09-06 04:43:37,DONE,SPR-PRJ-1-10,3
ORGA-6832,PRJ-6,USR-58689,Bug,Pass quite third ability interview pull practice.,High,2026-06-23 02:10:52,2026-07-02 02:10:52,DONE,SPR-PRJ-2-1,2
CHOI-5447,PRJ-4,USR-91057,Story,Item yet ever quite level guess.,Low,2026-08-24 13:38:07,2026-09-03 13:38:07,DONE,SPR-PRJ-3-18,2
WIN-8944,PRJ-5,USR-42495,Story,This different everyone.,High,2026-07-18 17:40:49,2026-07-22 17:40:49,DONE,SPR-PRJ-1-15,8
LIST-9717,PRJ-8,USR-77286,Story,Large accept create bank occur agent scene.,Medium,2026-03-09 02:20:51,2026-03-17 02:20:51,DONE,SPR-PRJ-9-18,1
WIN-6104,PRJ-5,USR-78062,Task,When true culture forget as personal.,Low,2026-06-21 18:08:50,2026-06-30 18:08:50,DONE,SPR-PRJ-8-3,3
THES-4643,PRJ-1,USR-76307,Bug,It agency something various subject east list.,High,2025-10-07 18:52:41,2025-10-12 18:52:41,DONE,SPR-PRJ-1-8,2
DEVE-8934,PRJ-0,USR-77033,Story,Start mind door.,High,2026-02-06 07:35:23,2026-02-19 07:35:23,DONE,SPR-PRJ-7-0,8
CHOI-1709,PRJ-4,USR-10851,Story,People shake personal often beat art almost finish.,High,2025-10-25 06:39:48,2025-11-04 06:39:48,DONE,SPR-PRJ-2-4,8
ANIM-5544,PRJ-2,USR-71524,Story,Site artist sort area.,Low,2026-08-22 04:08:55,2026-09-04 04:08:55,DONE,SPR-PRJ-7-18,8
THES-1229,PRJ-1,USR-13617,Task,It big argue appear sure I pay in.,High,2026-05-22 03:34:55,2026-06-04 03:34:55,DONE,SPR-PRJ-5-17,1
TERM-7004,PRJ-7,USR-49132,Bug,Skin perhaps law less into per big prepare.,High,2026-08-28 17:34:49,2026-08-31 17:34:49,DONE,SPR-PRJ-8-21,3
PROF-7677,PRJ-3,USR-21359,Story,Law foreign court.,Medium,2026-06-16 09:46:30,2026-06-18 09:46:30,DONE,SPR-PRJ-5-13,2
THES-6375,PRJ-1,USR-95426,Task,Organization attack smile.,Low,2025-11-05 20:13:20,2025-11-17 20:13:20,DONE,SPR-PRJ-3-7,5
ORGA-4093,PRJ-6,USR-79397,Task,Call meeting green loss per control case.,Low,2025-12-11 03:42:12,2025-12-17 03:42:12,DONE,SPR-PRJ-1-21,1
ORGA-8177,PRJ-6,USR-95180,Story,Camera once message prepare.,High,2025-10-14 01:51:17,2025-10-21 01:51:17,DONE,SPR-PRJ-4-6,8
PROF-6548,PRJ-3,USR-91230,Task,On must certainly light owner.,High,2026-02-12 21:29:51,2026-02-16 21:29:51,DONE,SPR-PRJ-8-22,5
CONF-5472,PRJ-9,USR-50425,Task,Wife military price certain down standard.,Medium,2026-01-17 23:59:52,2026-01-25 23:59:52,DONE,SPR-PRJ-7-2,8
ANIM-8448,PRJ-2,USR-49210,Task,Instead crime customer.,High,2026-05-02 05:32:11,2026-05-13 05:32:11,DONE,SPR-PRJ-1-10,1
ANIM-7269,PRJ-2,USR-24029,Task,Size game property reason word.,Low,2026-09-14 18:55:15,2026-09-24 18:55:15,DONE,SPR-PRJ-1-0,1
PROF-5809,PRJ-3,USR-34920,Task,System not friend federal forget bit.,Low,2026-05-17 21:16:30,2026-05-23 21:16:30,DONE,SPR-PRJ-8-15,8
THES-7285,PRJ-1,USR-47056,Task,Many turn police.,Medium,2026-09-02 04:58:48,2026-09-03 04:58:48,DONE,SPR-PRJ-0-8,2
ANIM-9052,PRJ-2,USR-95990,Task,Level defense lose shoulder spring.,Medium,2026-06-23 04:22:09,2026-07-06 04:22:09,DONE,SPR-PRJ-1-4,8
LIST-8697,PRJ-8,USR-93130,Bug,Day contain wrong guy available air.,High,2026-08-06 11:23:57,2026-08-13 11:23:57,DONE,SPR-PRJ-2-19,5
WIN-5660,PRJ-5,USR-52622,Story,Fact create one she.,High,2025-11-10 16:43:38,2025-11-24 16:43:38,DONE,SPR-PRJ-3-21,3
ORGA-2594,PRJ-6,USR-62976,Task,Current exist despite.,High,2025-10-14 00:18:28,2025-10-25 00:18:28,DONE,SPR-PRJ-2-14,2
THES-2073,PRJ-1,USR-35242,Story,Fund never condition again.,High,2026-01-06 17:05:29,2026-01-15 17:05:29,DONE,SPR-PRJ-3-11,1
LIST-7900,PRJ-8,USR-21846,Bug,Treat again quality her skin.,High,2026-08-20 07:18:34,2026-08-26 07:18:34,DONE,SPR-PRJ-4-0,8
TERM-2639,PRJ-7,USR-42951,Task,Very figure drive special produce wait.,Low,2025-11-09 01:23:29,2025-11-22 01:23:29,DONE,SPR-PRJ-8-3,3
ORGA-4305,PRJ-6,USR-86507,Story,Think there assume certain under some court her.,Low,2026-08-03 06:31:04,2026-08-07 06:31:04,DONE,SPR-PRJ-3-1,3
PROF-2506,PRJ-3,USR-38080,Bug,Outside with each animal pattern country.,Medium,2026-02-19 07:23:51,2026-02-24 07:23:51,DONE,SPR-PRJ-0-17,8
WIN-2256,PRJ-5,USR-34920,Task,Smile foreign apply somebody their.,Medium,2026-04-22 22:00:43,2026-05-03 22:00:43,DONE,SPR-PRJ-5-18,3
CONF-9443,PRJ-9,USR-46666,Story,Why though decide bank likely professional ask.,High,2026-08-23 15:39:54,2026-09-03 15:39:54,DONE,SPR-PRJ-7-12,8
TERM-5389,PRJ-7,USR-35048,Bug,Seem population meeting material less focus.,Medium,2026-04-12 11:42:34,2026-04-22 11:42:34,DONE,SPR-PRJ-7-18,1
ANIM-4938,PRJ-2,USR-95191,Task,Reason resource manager environmental husband TV once.,Medium,2026-02-19 03:53:15,2026-02-26 03:53:15,DONE,SPR-PRJ-3-9,1
CHOI-3631,PRJ-4,USR-83060,Task,Detail data tell how fill.,High,2025-10-11 04:15:49,2025-10-13 04:15:49,DONE,SPR-PRJ-1-14,2
TERM-8145,PRJ-7,USR-17331,Story,Number very hear nearly care base.,High,2026-09-07 02:27:10,2026-09-12 02:27:10,DONE,SPR-PRJ-1-10,1
ANIM-1691,PRJ-2,USR-28818,Story,Goal once let perform international level important.,High,2026-03-18 14:10:30,2026-04-01 14:10:30,DONE,SPR-PRJ-9-13,1
ORGA-6954,PRJ-6,USR-19305,Task,First him conference doctor population grow bar.,Low,2026-08-05 09:36:37,2026-08-19 09:36:37,DONE,SPR-PRJ-1-11,2
LIST-9605,PRJ-8,USR-19305,Story,Mention poor skill unit better author although.,Low,2026-08-20 04:43:05,2026-08-22 04:43:05,DONE,SPR-PRJ-8-5,3
ORGA-4571,PRJ-6,USR-10053,Task,Cultural forget few spring raise ever.,Medium,2025-12-13 18:04:41,2025-12-20 18:04:41,DONE,SPR-PRJ-2-17,8
WIN-9941,PRJ-5,USR-78327,Task,Your your sell science treatment across federal state.,High,2026-06-28 00:09:04,2026-07-04 00:09:04,DONE,SPR-PRJ-5-1,3
DEVE-1895,PRJ-0,USR-55793,Story,Watch state serious activity pressure writer.,Medium,2026-07-28 02:22:10,2026-08-06 02:22:10,DONE,SPR-PRJ-4-2,3
THES-9763,PRJ-1,USR-68529,Task,Dinner rich decide do only need.,High,2025-11-23 22:29:10,2025-11-30 22:29:10,DONE,SPR-PRJ-9-21,3
PROF-3625,PRJ-3,USR-97580,Bug,Future beat suffer investment walk individual just.,Medium,2026-03-28 00:02:35,2026-04-10 00:02:35,DONE,SPR-PRJ-0-8,3
WIN-7920,PRJ-5,USR-56438,Story,Air catch them figure scene matter probably.,Low,2026-08-24 05:06:02,2026-08-29 05:06:02,DONE,SPR-PRJ-5-9,1
LIST-6353,PRJ-8,USR-60615,Story,Different international sell several real federal.,Low,2026-02-11 16:46:43,2026-02-22 16:46:43,DONE,SPR-PRJ-1-23,5
PROF-6006,PRJ-3,USR-95477,Story,Nothing allow cause.,High,2026-05-12 21:54:11,2026-05-21 21:54:11,DONE,SPR-PRJ-7-14,2
TERM-8837,PRJ-7,USR-85456,Story,Picture owner part term woman daughter hospital.,Low,2026-02-02 05:14:35,2026-02-12 05:14:35,DONE,SPR-PRJ-8-19,3
WIN-3980,PRJ-5,USR-53652,Bug,Could board notice later thus behavior.,High,2026-04-22 12:53:54,2026-04-23 12:53:54,DONE,SPR-PRJ-0-5,8
THES-8576,PRJ-1,USR-69250,Story,Concern step owner agree current treat history.,High,2025-11-06 11:21:16,2025-11-13 11:21:16,DONE,SPR-PRJ-6-14,5
WIN-3787,PRJ-5,USR-54118,Bug,Fact modern lawyer happy action.,Low,2025-12-15 22:08:26,2025-12-22 22:08:26,DONE,SPR-PRJ-8-5,5
PROF-4121,PRJ-3,USR-85372,Task,Hospital writer can industry sea home.,Medium,2026-01-31 20:49:18,2026-02-12 20:49:18,DONE,SPR-PRJ-5-6,5
PROF-5636,PRJ-3,USR-81987,Story,Candidate day it report little.,Medium,2026-09-12 21:07:52,2026-09-25 21:07:52,DONE,SPR-PRJ-1-13,1
TERM-5068,PRJ-7,USR-37686,Task,Voice onto maybe range every account central.,High,2026-05-19 10:03:54,2026-05-20 10:03:54,DONE,SPR-PRJ-5-0,2
PROF-7283,PRJ-3,USR-38183,Task,Painting east forget notice make leg.,High,2025-10-21 19:19:45,2025-10-23 19:19:45,DONE,SPR-PRJ-5-22,1
WIN-1745,PRJ-5,USR-66244,Task,Explain thing lead red.,Medium,2025-10-12 03:22:54,2025-10-19 03:22:54,DONE,SPR-PRJ-7-3,3
ANIM-9253,PRJ-2,USR-77908,Task,Hospital statement sure indeed conference.,High,2026-06-30 08:07:29,2026-07-02 08:07:29,DONE,SPR-PRJ-3-9,8
WIN-1723,PRJ-5,USR-68979,Task,Leader treat contain notice hour watch.,Low,2026-05-24 20:48:24,2026-05-30 20:48:24,DONE,SPR-PRJ-9-21,5
LIST-6128,PRJ-8,USR-70910,Bug,Event physical factor trouble.,Medium,2025-12-29 01:12:25,2026-01-11 01:12:25,DONE,SPR-PRJ-1-14,8
PROF-3435,PRJ-3,USR-38785,Task,Training in seven building hard.,Medium,2026-06-25 01:19:36,2026-06-28 01:19:36,DONE,SPR-PRJ-7-12,5
LIST-8949,PRJ-8,USR-83619,Bug,Mean single improve close.,High,2026-07-17 07:53:39,2026-07-19 07:53:39,DONE,SPR-PRJ-3-17,1
LIST-5469,PRJ-8,USR-68138,Story,And ago police put left gas human.,Low,2025-12-16 11:55:59,2025-12-17 11:55:59,DONE,SPR-PRJ-5-14,8
TERM-2545,PRJ-7,USR-12671,Bug,Also economy remember carry prove less.,Low,2025-12-11 11:03:28,2025-12-13 11:03:28,DONE,SPR-PRJ-4-4,3
DEVE-2328,PRJ-0,USR-25096,Task,Bar prevent require just.,Medium,2026-03-25 03:14:39,2026-04-05 03:14:39,DONE,SPR-PRJ-2-20,8
CONF-8423,PRJ-9,USR-59377,Bug,Success color adult beyond family.,High,2026-03-28 19:08:41,2026-04-01 19:08:41,DONE,SPR-PRJ-9-4,1
THES-9964,PRJ-1,USR-14117,Task,Collection provide action event key concern.,Medium,2026-04-22 14:25:12,2026-04-25 14:25:12,DONE,SPR-PRJ-2-13,5
ORGA-7592,PRJ-6,USR-51750,Bug,Throughout mother kind.,High,2026-07-01 09:53:25,2026-07-03 09:53:25,DONE,SPR-PRJ-3-4,5
ANIM-6882,PRJ-2,USR-17894,Bug,Political respond to hospital final appear above.,High,2025-10-15 12:12:13,2025-10-23 12:12:13,DONE,SPR-PRJ-4-18,5
ORGA-2478,PRJ-6,USR-23006,Bug,Short up hear draw before instead.,High,2026-07-23 22:27:55,2026-07-30 22:27:55,DONE,SPR-PRJ-6-17,5
TERM-4673,PRJ-7,USR-89276,Task,Star quite as when benefit structure.,Low,2025-10-02 14:47:38,2025-10-13 14:47:38,DONE,SPR-PRJ-6-21,8
THES-8825,PRJ-1,USR-34356,Bug,Right analysis mention spring.,Medium,2026-06-11 21:01:39,2026-06-25 21:01:39,DONE,SPR-PRJ-2-15,8
LIST-2253,PRJ-8,USR-46509,Bug,Phone person various house into discussion black.,Medium,2026-01-30 06:40:36,2026-02-06 06:40:36,DONE,SPR-PRJ-1-0,5
WIN-5175,PRJ-5,USR-56179,Story,Address pressure activity defense.,High,2026-01-30 13:05:30,2026-02-11 13:05:30,DONE,SPR-PRJ-7-1,5
THES-7819,PRJ-1,USR-21359,Bug,Price everything perhaps analysis.,Low,2025-12-21 10:31:49,2025-12-29 10:31:49,DONE,SPR-PRJ-8-1,5
PROF-4032,PRJ-3,USR-21188,Task,In should matter wrong Republican.,Low,2026-09-05 20:10:16,2026-09-07 20:10:16,DONE,SPR-PRJ-4-15,8
TERM-8539,PRJ-7,USR-85156,Bug,Commercial where outside wonder recent question win.,Low,2026-07-31 06:09:39,2026-08-12 06:09:39,DONE,SPR-PRJ-5-4,3
ORGA-5958,PRJ-6,USR-54118,Story,Forward play this fish.,High,2026-06-23 09:01:52,2026-07-07 09:01:52,DONE,SPR-PRJ-0-4,2
PROF-8139,PRJ-3,USR-76535,Bug,Attack adult treatment large memory score me.,High,2026-08-23 16:08:44,2026-08-25 16:08:44,DONE,SPR-PRJ-3-5,5
THES-3721,PRJ-1,USR-58870,Task,Discussion pattern to.,Medium,2026-06-27 14:42:17,2026-07-05 14:42:17,DONE,SPR-PRJ-0-5,5
CONF-7418,PRJ-9,USR-94696,Bug,Scene serious people art hear.,Low,2026-01-24 21:45:47,2026-01-31 21:45:47,DONE,SPR-PRJ-4-10,5
TERM-7548,PRJ-7,USR-33627,Bug,Charge daughter also type our.,Low,2026-01-20 03:44:05,2026-02-03 03:44:05,DONE,SPR-PRJ-9-6,5
DEVE-7914,PRJ-0,USR-33416,Task,Care fish skin always social increase.,Low,2026-03-18 06:54:47,2026-03-25 06:54:47,DONE,SPR-PRJ-9-11,5
WIN-8345,PRJ-5,USR-93507,Task,Seek director run garden day.,Low,2026-08-08 14:05:47,2026-08-12 14:05:47,DONE,SPR-PRJ-5-0,3
CONF-6556,PRJ-9,USR-51207,Bug,Soon recent develop their miss.,Low,2025-10-17 23:05:28,2025-10-25 23:05:28,DONE,SPR-PRJ-1-9,3
WIN-8738,PRJ-5,USR-93507,Bug,Picture ask man west appear yeah.,High,2025-12-07 05:51:11,2025-12-12 05:51:11,DONE,SPR-PRJ-7-8,1
PROF-3561,PRJ-3,USR-12128,Task,Begin or story use.,Medium,2025-12-15 06:33:13,2025-12-20 06:33:13,DONE,SPR-PRJ-2-12,2
CHOI-6849,PRJ-4,USR-67008,Bug,Back right find return each computer eat.,High,2025-12-27 17:39:19,2026-01-09 17:39:19,DONE,SPR-PRJ-0-16,3
THES-4671,PRJ-1,USR-41531,Task,Large player even sit bag win huge.,High,2026-01-15 18:46:01,2026-01-28 18:46:01,DONE,SPR-PRJ-9-8,8
CONF-2706,PRJ-9,USR-72094,Task,Kid measure same set standard soldier after.,Medium,2025-12-01 02:46:41,2025-12-15 02:46:41,DONE,SPR-PRJ-8-1,1
LIST-1687,PRJ-8,USR-38197,Story,Take serve TV organization check risk.,High,2026-02-22 02:10:15,2026-02-28 02:10:15,DONE,SPR-PRJ-1-16,3
THES-3527,PRJ-1,USR-20345,Story,Less law heart paper author carry.,High,2026-01-04 21:13:04,2026-01-18 21:13:04,DONE,SPR-PRJ-2-3,5
WIN-5698,PRJ-5,USR-45774,Task,Choice couple actually may rise.,Low,2026-03-28 04:53:28,2026-04-10 04:53:28,DONE,SPR-PRJ-4-10,3
LIST-7909,PRJ-8,USR-27675,Task,Understand wait wife health majority political.,Medium,2026-04-05 19:45:57,2026-04-12 19:45:57,DONE,SPR-PRJ-9-13,5
TERM-3385,PRJ-7,USR-77552,Bug,Impact although TV his.,High,2026-05-13 10:31:21,2026-05-15 10:31:21,DONE,SPR-PRJ-3-14,3
ORGA-1607,PRJ-6,USR-23577,Bug,Create job effort tree.,High,2026-05-04 14:56:22,2026-05-15 14:56:22,DONE,SPR-PRJ-7-14,8
LIST-5986,PRJ-8,USR-26059,Task,Meeting major read recent prepare unit.,High,2026-07-04 10:53:57,2026-07-18 10:53:57,DONE,SPR-PRJ-2-23,8
TERM-4360,PRJ-7,USR-78951,Bug,Drug alone spend piece put.,Low,2026-07-09 15:58:21,2026-07-17 15:58:21,DONE,SPR-PRJ-7-10,3
THES-1605,PRJ-1,USR-33627,Bug,End lay race effect.,Low,2026-06-24 19:59:24,2026-06-27 19:59:24,DONE,SPR-PRJ-5-13,8
LIST-6115,PRJ-8,USR-16895,Story,Weight success activity side popular true huge only.,High,2026-05-18 19:31:25,2026-05-19 19:31:25,DONE,SPR-PRJ-9-11,8
ORGA-9278,PRJ-6,USR-79397,Task,Million country institution stop.,Medium,2026-09-11 20:58:24,2026-09-22 20:58:24,DONE,SPR-PRJ-5-9,3
CONF-1085,PRJ-9,USR-83060,Bug,May mouth though only safe.,Low,2026-01-03 04:00:57,2026-01-13 04:00:57,DONE,SPR-PRJ-7-14,8
CHOI-3293,PRJ-4,USR-15726,Story,Body of something sport.,High,2026-07-16 04:32:30,2026-07-22 04:32:30,DONE,SPR-PRJ-5-12,8
ANIM-7974,PRJ-2,USR-14117,Story,Us huge final would staff.,Medium,2026-01-09 10:32:45,2026-01-12 10:32:45,DONE,SPR-PRJ-5-1,2
LIST-7598,PRJ-8,USR-69914,Task,Attorney recent modern pressure.,Medium,2025-09-27 13:47:55,2025-10-07 13:47:55,DONE,SPR-PRJ-5-7,5
ORGA-3668,PRJ-6,USR-11231,Bug,Color hear region cup consider way.,Medium,2026-07-08 15:32:02,2026-07-11 15:32:02,DONE,SPR-PRJ-7-12,8
DEVE-3569,PRJ-0,USR-76249,Story,Sport control arrive consumer service else total.,Low,2026-03-20 23:32:53,2026-04-03 23:32:53,DONE,SPR-PRJ-4-8,1
DEVE-9565,PRJ-0,USR-57472,Task,Phone person than coach fall help.,Medium,2026-03-04 17:18:23,2026-03-09 17:18:23,DONE,SPR-PRJ-5-4,1
DEVE-5999,PRJ-0,USR-39154,Bug,Garden one long pull.,Medium,2026-01-12 10:41:45,2026-01-13 10:41:45,DONE,SPR-PRJ-1-7,8
TERM-6074,PRJ-7,USR-35242,Task,Article seem account.,Medium,2025-11-05 02:41:40,2025-11-19 02:41:40,DONE,SPR-PRJ-7-16,8
TERM-8371,PRJ-7,USR-62187,Bug,Best mission account.,Medium,2026-05-11 03:52:13,2026-05-13 03:52:13,DONE,SPR-PRJ-8-12,8
PROF-7478,PRJ-3,USR-49221,Bug,Would seven usually list front investment he.,Medium,2026-05-19 03:18:41,2026-05-31 03:18:41,DONE,SPR-PRJ-2-23,1
CHOI-3028,PRJ-4,USR-44237,Bug,Yourself stage wait professor her arm.,Low,2026-09-07 15:54:18,2026-09-17 15:54:18,DONE,SPR-PRJ-8-1,1
LIST-1305,PRJ-8,USR-91205,Story,South able that I structure understand.,High,2026-02-12 05:31:05,2026-02-17 05:31:05,DONE,SPR-PRJ-8-9,2
CONF-6249,PRJ-9,USR-69878,Story,But most week seem eat later rather thank.,Medium,2025-10-06 22:26:39,2025-10-13 22:26:39,DONE,SPR-PRJ-1-22,5
CHOI-2491,PRJ-4,USR-27781,Story,Produce about point walk focus plant.,Medium,2026-04-14 22:25:53,2026-04-17 22:25:53,DONE,SPR-PRJ-1-22,3
DEVE-6329,PRJ-0,USR-25014,Task,Wide save question.,Medium,2026-09-01 04:05:05,2026-09-03 04:05:05,DONE,SPR-PRJ-3-9,2
THES-1849,PRJ-1,USR-38183,Bug,Machine school soldier give voice walk live probably.,High,2025-12-26 16:00:34,2026-01-03 16:00:34,DONE,SPR-PRJ-5-10,8
WIN-8615,PRJ-5,USR-70236,Story,Safe family crime century.,Medium,2026-06-25 14:53:43,2026-07-06 14:53:43,DONE,SPR-PRJ-2-11,1
THES-5035,PRJ-1,USR-34551,Story,Size respond all marriage beautiful strategy you.,Medium,2026-04-16 22:20:37,2026-04-26 22:20:37,DONE,SPR-PRJ-4-8,5
ANIM-7116,PRJ-2,USR-85372,Story,Collection land break production drive deep send.,Low,2026-09-01 16:40:46,2026-09-08 16:40:46,DONE,SPR-PRJ-9-17,8
CONF-5739,PRJ-9,USR-13278,Story,Black year ahead upon.,Medium,2026-06-10 04:21:19,2026-06-15 04:21:19,DONE,SPR-PRJ-6-9,3
PROF-9361,PRJ-3,USR-98652,Bug,Short detail election live today but.,Low,2026-01-31 18:17:35,2026-02-02 18:17:35,DONE,SPR-PRJ-3-4,1
LIST-5578,PRJ-8,USR-65435,Bug,Plant man somebody four difference office under.,Medium,2025-11-18 16:25:36,2025-11-29 16:25:36,DONE,SPR-PRJ-3-15,3
WIN-6597,PRJ-5,USR-69441,Task,Help response save high politics no.,High,2025-10-22 01:49:32,2025-11-03 01:49:32,DONE,SPR-PRJ-1-10,1
ANIM-7769,PRJ-2,USR-60779,Task,Speak difference break because become scientist.,Medium,2026-08-25 10:53:52,2026-09-03 10:53:52,DONE,SPR-PRJ-0-20,1
THES-6783,PRJ-1,USR-67008,Bug,Of camera finish herself.,Medium,2025-12-09 00:49:47,2025-12-16 00:49:47,DONE,SPR-PRJ-1-21,1
TERM-1153,PRJ-7,USR-39102,Task,Financial operation couple.,Low,2026-07-10 03:39:28,2026-07-22 03:39:28,DONE,SPR-PRJ-3-19,2
PROF-4838,PRJ-3,USR-91057,Story,Floor half quickly someone mind own.,Medium,2026-02-24 16:51:49,2026-03-04 16:51:49,DONE,SPR-PRJ-9-15,8
ORGA-2817,PRJ-6,USR-75107,Task,House Mrs leave certain.,High,2025-12-22 05:35:40,2025-12-31 05:35:40,DONE,SPR-PRJ-2-1,8
ANIM-2070,PRJ-2,USR-23947,Story,Matter lay own certainly program.,Medium,2026-01-20 05:40:52,2026-01-30 05:40:52,DONE,SPR-PRJ-9-3,2
DEVE-9731,PRJ-0,USR-84000,Task,Out final wrong.,High,2026-08-04 03:39:56,2026-08-11 03:39:56,DONE,SPR-PRJ-6-20,1
THES-9491,PRJ-1,USR-43681,Story,You religious long stock manager.,Low,2025-11-13 21:51:11,2025-11-17 21:51:11,DONE,SPR-PRJ-0-12,3
DEVE-7420,PRJ-0,USR-78012,Bug,Arrive special check respond summer various.,High,2026-06-27 10:09:00,2026-07-09 10:09:00,DONE,SPR-PRJ-2-9,5
WIN-6092,PRJ-5,USR-41850,Story,Type simply task.,Medium,2025-12-23 08:54:21,2025-12-30 08:54:21,DONE,SPR-PRJ-8-14,1
TERM-4905,PRJ-7,USR-60432,Task,Federal spring treatment city again hot.,Low,2026-07-06 10:54:08,2026-07-19 10:54:08,DONE,SPR-PRJ-2-12,1
TERM-3045,PRJ-7,USR-34881,Story,Wrong serious hospital month executive recent crime.,Medium,2026-03-10 00:29:16,2026-03-16 00:29:16,DONE,SPR-PRJ-9-11,1
ORGA-2077,PRJ-6,USR-41925,Story,Hour capital sell oil source sure report.,Medium,2026-08-25 11:56:03,2026-09-08 11:56:03,DONE,SPR-PRJ-4-1,5
CONF-1173,PRJ-9,USR-96127,Task,Officer kind lot today.,Low,2026-03-23 15:35:50,2026-04-02 15:35:50,DONE,SPR-PRJ-1-1,3
LIST-6377,PRJ-8,USR-94696,Story,Source crime prepare gun task.,Low,2025-12-17 10:14:57,2025-12-29 10:14:57,DONE,SPR-PRJ-0-17,8
LIST-5198,PRJ-8,USR-33627,Bug,Heavy work quickly collection.,Medium,2025-11-05 13:18:28,2025-11-08 13:18:28,DONE,SPR-PRJ-2-14,2
CONF-8140,PRJ-9,USR-47363,Task,Green listen war bring.,Medium,2025-10-18 20:07:58,2025-10-28 20:07:58,DONE,SPR-PRJ-9-10,8
CONF-6618,PRJ-9,USR-64987,Bug,Order wide phone identify alone drive.,Low,2026-04-15 03:17:21,2026-04-26 03:17:21,DONE,SPR-PRJ-7-5,2
DEVE-7915,PRJ-0,USR-80575,Bug,Read west present heart reality.,High,2026-04-04 17:24:31,2026-04-17 17:24:31,DONE,SPR-PRJ-0-17,3
TERM-6425,PRJ-7,USR-79774,Task,Sing ten practice every.,Low,2026-08-01 20:03:12,2026-08-06 20:03:12,DONE,SPR-PRJ-4-11,3
TERM-4594,PRJ-7,USR-22240,Bug,Happen build bar majority protect meeting.,High,2026-06-07 15:18:30,2026-06-15 15:18:30,DONE,SPR-PRJ-6-15,2
PROF-7558,PRJ-3,USR-13478,Task,Of of event seat some Congress machine popular.,High,2025-10-05 21:42:36,2025-10-07 21:42:36,DONE,SPR-PRJ-3-19,1
TERM-4185,PRJ-7,USR-95191,Task,Number between as training somebody.,High,2026-03-14 09:03:23,2026-03-15 09:03:23,DONE,SPR-PRJ-2-2,2
ANIM-6567,PRJ-2,USR-53540,Story,Spend after new movie speech major.,High,2025-12-07 18:23:00,2025-12-10 18:23:00,DONE,SPR-PRJ-8-23,3
ORGA-2818,PRJ-6,USR-57472,Task,Much standard prepare send debate probably bring television.,High,2026-04-16 11:35:39,2026-04-22 11:35:39,DONE,SPR-PRJ-8-15,3
ORGA-2071,PRJ-6,USR-88317,Story,Accept language fire always.,High,2026-06-23 22:58:01,2026-06-27 22:58:01,DONE,SPR-PRJ-5-16,5
PROF-1756,PRJ-3,USR-46585,Bug,Present because either send be.,Medium,2026-05-08 07:13:44,2026-05-21 07:13:44,DONE,SPR-PRJ-1-14,3
ANIM-9327,PRJ-2,USR-55293,Story,Fear whom commercial with probably eat animal.,Low,2025-11-14 09:31:59,2025-11-16 09:31:59,DONE,SPR-PRJ-8-8,5
LIST-7358,PRJ-8,USR-58655,Bug,Process knowledge officer reason mission.,Medium,2026-04-16 16:38:44,2026-04-24 16:38:44,DONE,SPR-PRJ-5-12,5
LIST-8918,PRJ-8,USR-17355,Task,Mrs decide between standard down could feel strategy.,Low,2026-02-10 17:03:17,2026-02-17 17:03:17,DONE,SPR-PRJ-6-19,8
PROF-8406,PRJ-3,USR-67954,Task,Need option everyone rock instead near end power.,Medium,2025-11-18 01:59:40,2025-11-25 01:59:40,DONE,SPR-PRJ-6-2,2
ANIM-2376,PRJ-2,USR-71524,Story,Lay war put vote century data.,Low,2025-11-29 09:19:55,2025-11-30 09:19:55,DONE,SPR-PRJ-4-23,8
TERM-8086,PRJ-7,USR-61879,Task,Yet recent cover head price.,Medium,2026-05-29 11:05:10,2026-06-05 11:05:10,DONE,SPR-PRJ-0-6,2
THES-6883,PRJ-1,USR-51207,Bug,Painting information child yeah its ago page.,Low,2026-08-11 14:46:33,2026-08-20 14:46:33,DONE,SPR-PRJ-6-20,1
THES-6902,PRJ-1,USR-79588,Story,By body nature at policy.,Low,2025-10-27 01:40:00,2025-11-02 01:40:00,DONE,SPR-PRJ-2-16,3
LIST-5278,PRJ-8,USR-55870,Task,Sing chair something event better woman.,Medium,2026-02-14 20:48:28,2026-02-21 20:48:28,DONE,SPR-PRJ-8-18,8
ORGA-4728,PRJ-6,USR-82667,Task,Weight situation but money then open.,High,2025-12-22 06:22:39,2025-12-31 06:22:39,DONE,SPR-PRJ-6-6,8
THES-6129,PRJ-1,USR-71487,Bug,Believe give occur example even between answer.,Medium,2026-08-06 06:59:21,2026-08-10 06:59:21,DONE,SPR-PRJ-4-16,5
CONF-3102,PRJ-9,USR-87236,Task,Congress south question small necessary think.,Low,2026-01-28 11:01:35,2026-02-11 11:01:35,DONE,SPR-PRJ-3-18,3
ORGA-9808,PRJ-6,USR-19116,Bug,Or else rather require price central nothing.,High,2026-03-02 08:04:01,2026-03-05 08:04:01,DONE,SPR-PRJ-1-15,3
CONF-7404,PRJ-9,USR-29521,Task,Truth police have.,High,2026-01-08 19:09:12,2026-01-17 19:09:12,DONE,SPR-PRJ-4-2,2
TERM-5991,PRJ-7,USR-88957,Bug,Question industry leader keep government.,High,2026-07-25 22:10:22,2026-07-26 22:10:22,DONE,SPR-PRJ-8-19,8
CHOI-4373,PRJ-4,USR-98395,Story,Expert weight minute responsibility under director player.,Medium,2026-03-27 23:22:02,2026-03-28 23:22:02,DONE,SPR-PRJ-3-22,8
ORGA-3572,PRJ-6,USR-49608,Task,Image fine bed bag role.,Medium,2025-10-30 17:26:45,2025-11-11 17:26:45,DONE,SPR-PRJ-0-17,5
ORGA-8778,PRJ-6,USR-57920,Task,Offer be experience upon.,Low,2025-11-02 07:48:49,2025-11-06 07:48:49,DONE,SPR-PRJ-5-8,5
TERM-2048,PRJ-7,USR-81176,Story,While interest meet.,Low,2026-08-06 21:25:28,2026-08-12 21:25:28,DONE,SPR-PRJ-9-17,8
DEVE-2492,PRJ-0,USR-71186,Task,Look middle your thousand.,Medium,2026-07-07 18:36:37,2026-07-19 18:36:37,DONE,SPR-PRJ-8-23,3
PROF-3942,PRJ-3,USR-41946,Task,If pattern treat second.,Medium,2026-06-24 23:48:59,2026-07-05 23:48:59,DONE,SPR-PRJ-1-22,8
PROF-3587,PRJ-3,USR-25292,Task,Reflect see each school week statement.,Low,2026-07-01 07:32:22,2026-07-03 07:32:22,DONE,SPR-PRJ-7-10,2
WIN-2253,PRJ-5,USR-29142,Task,Range amount large collection us shake tough.,Medium,2026-09-03 20:22:23,2026-09-11 20:22:23,DONE,SPR-PRJ-1-18,3
DEVE-2199,PRJ-0,USR-28140,Task,Happen card government anything.,Medium,2025-12-03 20:28:18,2025-12-09 20:28:18,DONE,SPR-PRJ-7-22,5
CHOI-2878,PRJ-4,USR-41499,Bug,Color wide full quickly story surface.,Low,2026-04-07 09:33:11,2026-04-15 09:33:11,DONE,SPR-PRJ-5-4,5
PROF-8171,PRJ-3,USR-65255,Story,Face low enter able.,High,2026-08-26 02:25:05,2026-09-09 02:25:05,DONE,SPR-PRJ-0-4,8
ANIM-2271,PRJ-2,USR-92306,Task,Hour type upon where middle throw very.,High,2026-05-30 02:04:34,2026-06-07 02:04:34,DONE,SPR-PRJ-3-19,2
LIST-4541,PRJ-8,USR-60181,Bug,Summer arm accept leave fear blue glass reveal.,Low,2026-09-08 13:43:53,2026-09-19 13:43:53,DONE,SPR-PRJ-7-1,1
DEVE-1076,PRJ-0,USR-47601,Story,Across issue culture more together improve.,High,2026-03-02 02:37:53,2026-03-08 02:37:53,DONE,SPR-PRJ-9-16,2
WIN-4148,PRJ-5,USR-32241,Story,According show economic likely hear hair throughout.,Low,2026-09-16 13:52:44,2026-09-19 13:52:44,DONE,SPR-PRJ-7-17,2
WIN-6286,PRJ-5,USR-50499,Story,Board just style class government.,Low,2026-04-23 06:57:03,2026-04-30 06:57:03,DONE,SPR-PRJ-4-13,1
WIN-3844,PRJ-5,USR-70910,Story,Grow that cup.,Medium,2026-03-14 11:53:13,2026-03-18 11:53:13,DONE,SPR-PRJ-4-21,2
DEVE-2103,PRJ-0,USR-96706,Bug,American house season too civil.,Medium,2025-12-09 13:58:42,2025-12-11 13:58:42,DONE,SPR-PRJ-7-14,8
CONF-6314,PRJ-9,USR-49857,Bug,Where work budget major many race camera.,Low,2025-12-13 05:49:27,2025-12-16 05:49:27,DONE,SPR-PRJ-3-13,2
TERM-2106,PRJ-7,USR-16632,Bug,Maybe type successful home body blue.,Medium,2026-07-15 15:45:02,2026-07-22 15:45:02,DONE,SPR-PRJ-5-10,2
PROF-1347,PRJ-3,USR-86569,Task,Choose matter should door.,High,2025-10-05 04:14:17,2025-10-17 04:14:17,DONE,SPR-PRJ-4-13,2
WIN-9171,PRJ-5,USR-14278,Story,Involve others account lose executive bar.,Low,2026-06-17 09:23:44,2026-06-18 09:23:44,DONE,SPR-PRJ-2-12,8
WIN-1648,PRJ-5,USR-17104,Bug,Pay role cost exactly boy.,Medium,2026-03-12 13:12:25,2026-03-25 13:12:25,DONE,SPR-PRJ-0-6,2
PROF-9836,PRJ-3,USR-87184,Story,Project investment listen situation billion.,Low,2026-01-07 07:22:10,2026-01-19 07:22:10,DONE,SPR-PRJ-7-16,2
DEVE-2058,PRJ-0,USR-90356,Story,Particularly country talk pick chance build husband.,High,2026-07-07 15:26:07,2026-07-18 15:26:07,DONE,SPR-PRJ-1-12,2
LIST-4348,PRJ-8,USR-24871,Bug,Upon international pattern before anything.,Medium,2026-01-11 07:39:38,2026-01-16 07:39:38,DONE,SPR-PRJ-1-18,2
PROF-5966,PRJ-3,USR-72245,Bug,Fill plan discuss from look member popular.,High,2026-03-04 03:22:12,2026-03-09 03:22:12,DONE,SPR-PRJ-9-4,5
ANIM-8712,PRJ-2,USR-56346,Bug,Especially exactly go individual.,Medium,2026-01-23 03:16:24,2026-02-05 03:16:24,DONE,SPR-PRJ-1-15,5
CHOI-9801,PRJ-4,USR-41029,Task,Consider a produce.,Medium,2026-01-29 04:13:06,2026-02-06 04:13:06,DONE,SPR-PRJ-3-6,5
TERM-2178,PRJ-7,USR-21846,Story,Experience exactly paper issue edge.,High,2026-01-29 20:59:01,2026-02-02 20:59:01,DONE,SPR-PRJ-0-1,1
TERM-7628,PRJ-7,USR-85392,Bug,Free born protect raise side candidate.,Medium,2026-04-05 18:12:21,2026-04-12 18:12:21,DONE,SPR-PRJ-5-5,3
DEVE-3039,PRJ-0,USR-31178,Story,Sea open painting draw every once.,Medium,2026-02-13 23:49:45,2026-02-18 23:49:45,DONE,SPR-PRJ-8-5,3
WIN-1945,PRJ-5,USR-82384,Bug,Candidate sea build only.,High,2025-10-30 20:08:19,2025-11-03 20:08:19,DONE,SPR-PRJ-5-2,1
DEVE-3422,PRJ-0,USR-27961,Bug,Cover knowledge better walk people.,High,2026-09-16 05:11:22,2026-09-21 05:11:22,DONE,SPR-PRJ-2-15,8
THES-2512,PRJ-1,USR-31747,Task,Writer dark result analysis court nearly education.,Low,2026-01-22 01:02:56,2026-02-01 01:02:56,DONE,SPR-PRJ-9-14,1
ORGA-5143,PRJ-6,USR-72245,Bug,Window thus large response treat attack industry.,Low,2026-09-02 14:01:11,2026-09-09 14:01:11,DONE,SPR-PRJ-6-6,3
THES-6642,PRJ-1,USR-36174,Story,Cold ever whose.,Low,2026-04-10 15:29:19,2026-04-17 15:29:19,DONE,SPR-PRJ-7-10,3
THES-2144,PRJ-1,USR-83048,Task,What article win.,Low,2026-01-17 10:52:41,2026-01-22 10:52:41,DONE,SPR-PRJ-7-19,5
ANIM-4244,PRJ-2,USR-29521,Story,Manager mouth message avoid just meeting.,Medium,2025-12-09 19:47:35,2025-12-19 19:47:35,DONE,SPR-PRJ-8-16,2
PROF-5249,PRJ-3,USR-62488,Task,Husband even contain civil design recent.,Low,2026-05-03 09:57:07,2026-05-13 09:57:07,DONE,SPR-PRJ-1-3,2
THES-5534,PRJ-1,USR-68138,Story,Lay remain modern field detail remain need.,Medium,2026-09-03 09:24:14,2026-09-11 09:24:14,DONE,SPR-PRJ-7-4,1
DEVE-2586,PRJ-0,USR-95181,Task,Animal draw although challenge third.,Low,2025-12-02 09:56:15,2025-12-11 09:56:15,DONE,SPR-PRJ-8-2,3
ORGA-6514,PRJ-6,USR-23176,Task,Them appear woman writer decide.,High,2025-11-17 14:28:06,2025-11-23 14:28:06,DONE,SPR-PRJ-7-2,5
WIN-2641,PRJ-5,USR-21053,Task,Possible plan win.,Low,2025-11-11 02:00:23,2025-11-25 02:00:23,DONE,SPR-PRJ-9-11,2
PROF-7036,PRJ-3,USR-93904,Task,Watch this enough card.,Low,2026-01-31 00:13:16,2026-02-07 00:13:16,DONE,SPR-PRJ-7-1,2
WIN-1749,PRJ-5,USR-63271,Bug,Far world personal action green room evidence eight.,Medium,2026-09-10 20:10:53,2026-09-14 20:10:53,DONE,SPR-PRJ-6-11,5
ORGA-8800,PRJ-6,USR-32617,Story,Price test voice on reveal read watch.,Low,2025-10-03 00:50:47,2025-10-10 00:50:47,DONE,SPR-PRJ-3-3,8
CONF-9267,PRJ-9,USR-86271,Story,Plant nearly stage determine environmental ok space send.,Medium,2026-01-04 21:42:57,2026-01-18 21:42:57,DONE,SPR-PRJ-7-4,8
LIST-4946,PRJ-8,USR-77621,Bug,Discussion risk happy total behavior consider continue.,Low,2025-11-26 09:46:08,2025-11-28 09:46:08,DONE,SPR-PRJ-1-3,5
ORGA-5593,PRJ-6,USR-20308,Task,Country make role positive.,Low,2026-08-27 20:47:24,2026-08-29 20:47:24,DONE,SPR-PRJ-7-2,2
THES-6452,PRJ-1,USR-57453,Bug,Clear concern hour part attorney.,High,2025-10-05 03:15:37,2025-10-16 03:15:37,DONE,SPR-PRJ-3-15,5
LIST-8159,PRJ-8,USR-12560,Story,Early training wife beyond money risk.,Medium,2025-10-24 22:37:39,2025-10-26 22:37:39,DONE,SPR-PRJ-1-4,1
CONF-7025,PRJ-9,USR-90356,Task,Owner help again.,Low,2026-08-06 18:07:24,2026-08-18 18:07:24,DONE,SPR-PRJ-0-0,3
WIN-6980,PRJ-5,USR-86271,Story,Shake popular analysis.,Low,2026-08-13 23:12:13,2026-08-24 23:12:13,DONE,SPR-PRJ-6-10,8
LIST-8546,PRJ-8,USR-15100,Task,Environment voice outside society.,High,2026-01-01 09:48:33,2026-01-09 09:48:33,DONE,SPR-PRJ-7-6,5
DEVE-6245,PRJ-0,USR-47627,Story,My stand system be.,Medium,2025-09-30 14:39:50,2025-10-14 14:39:50,DONE,SPR-PRJ-7-12,8
CHOI-7171,PRJ-4,USR-79588,Story,Service throughout spring film look during myself.,Low,2025-11-20 00:48:13,2025-11-24 00:48:13,DONE,SPR-PRJ-9-1,2
CHOI-3608,PRJ-4,USR-52247,Task,Myself again and name bill though indeed ability.,Medium,2026-01-08 19:57:42,2026-01-19 19:57:42,DONE,SPR-PRJ-5-1,3
CHOI-5626,PRJ-4,USR-67595,Bug,Dinner history government.,Medium,2025-12-23 01:49:53,2025-12-25 01:49:53,DONE,SPR-PRJ-1-9,3
TERM-3681,PRJ-7,USR-75715,Task,Tv range rather resource top.,Medium,2026-01-16 08:41:08,2026-01-19 08:41:08,DONE,SPR-PRJ-2-5,2
CONF-2670,PRJ-9,USR-93584,Story,Yard different what example.,Medium,2026-04-05 23:11:07,2026-04-12 23:11:07,DONE,SPR-PRJ-7-5,2
ANIM-1859,PRJ-2,USR-33028,Task,Free guess under be analysis character investment friend.,Low,2025-10-26 14:09:32,2025-11-02 14:09:32,DONE,SPR-PRJ-1-14,5
CHOI-3826,PRJ-4,USR-41147,Bug,Change project feeling stage give billion.,Low,2025-12-06 09:32:02,2025-12-17 09:32:02,DONE,SPR-PRJ-0-22,5
TERM-7018,PRJ-7,USR-80686,Story,Product usually specific represent baby able value.,Medium,2026-09-17 19:00:30,2026-09-28 19:00:30,DONE,SPR-PRJ-7-3,8
CHOI-2549,PRJ-4,USR-31747,Task,Floor hospital return size.,Low,2025-11-23 16:32:16,2025-12-05 16:32:16,DONE,SPR-PRJ-4-15,3
THES-9806,PRJ-1,USR-67595,Story,Both into risk certain.,Medium,2026-03-31 18:23:41,2026-04-09 18:23:41,DONE,SPR-PRJ-8-17,8
CONF-9830,PRJ-9,USR-75570,Story,Consider his floor interest.,High,2026-01-30 10:09:40,2026-02-10 10:09:40,DONE,SPR-PRJ-9-13,1
DEVE-8327,PRJ-0,USR-37653,Story,Own PM catch want TV himself.,Low,2026-06-23 06:14:09,2026-06-27 06:14:09,DONE,SPR-PRJ-6-23,2
THES-3043,PRJ-1,USR-49294,Bug,Much manage movie discover base resource money.,High,2026-04-28 07:17:53,2026-05-05 07:17:53,DONE,SPR-PRJ-7-0,1
CHOI-9750,PRJ-4,USR-65615,Bug,Reflect dog able yes admit.,Medium,2026-07-25 13:27:09,2026-08-03 13:27:09,DONE,SPR-PRJ-9-17,3
THES-1732,PRJ-1,USR-76307,Task,Whatever TV arrive glass support term standard.,High,2026-05-01 19:30:45,2026-05-04 19:30:45,DONE,SPR-PRJ-6-10,8
ANIM-7914,PRJ-2,USR-85456,Task,Century table will tree drug still argue.,Low,2026-01-19 09:51:47,2026-01-22 09:51:47,DONE,SPR-PRJ-4-6,5
LIST-4338,PRJ-8,USR-62994,Bug,While region help ago.,Low,2025-11-19 11:29:11,2025-11-30 11:29:11,DONE,SPR-PRJ-2-1,3
ORGA-3514,PRJ-6,USR-88561,Task,Approach black ok live order citizen.,High,2026-03-10 21:39:27,2026-03-20 21:39:27,DONE,SPR-PRJ-2-15,1
LIST-7664,PRJ-8,USR-87128,Task,Center each actually store indicate she.,Medium,2025-11-23 00:10:05,2025-12-06 00:10:05,DONE,SPR-PRJ-2-21,2
ORGA-2720,PRJ-6,USR-41029,Bug,Security recognize federal in.,Low,2026-03-28 09:36:35,2026-04-02 09:36:35,DONE,SPR-PRJ-6-6,5
CONF-5620,PRJ-9,USR-22704,Story,Sit receive expert choose thing allow.,High,2026-02-04 23:17:38,2026-02-10 23:17:38,DONE,SPR-PRJ-8-0,5
LIST-7597,PRJ-8,USR-12560,Story,Me action strategy quite.,Low,2026-07-15 16:09:05,2026-07-24 16:09:05,DONE,SPR-PRJ-7-14,2
CONF-5380,PRJ-9,USR-64287,Task,Never stop try maybe remember interest church.,Low,2026-09-02 03:46:41,2026-09-15 03:46:41,DONE,SPR-PRJ-2-15,8
TERM-9228,PRJ-7,USR-30181,Bug,Help week sea hundred argue hot state.,Low,2025-11-01 15:59:44,2025-11-15 15:59:44,DONE,SPR-PRJ-2-10,3
WIN-2476,PRJ-5,USR-23256,Story,Success staff life finish politics still close sound.,High,2026-05-02 04:05:09,2026-05-05 04:05:09,DONE,SPR-PRJ-6-3,1
DEVE-7946,PRJ-0,USR-80748,Story,Crime board back owner suggest agreement.,Medium,2026-06-05 02:16:26,2026-06-13 02:16:26,DONE,SPR-PRJ-5-11,8
CONF-4115,PRJ-9,USR-95181,Bug,Must assume others series.,Medium,2026-01-14 13:26:40,2026-01-26 13:26:40,DONE,SPR-PRJ-5-16,3
CONF-1693,PRJ-9,USR-15482,Bug,Necessary point allow especially with.,Low,2026-01-25 00:17:36,2026-01-29 00:17:36,DONE,SPR-PRJ-1-20,1
DEVE-7925,PRJ-0,USR-10350,Story,Nor so animal.,Medium,2026-05-04 07:22:23,2026-05-15 07:22:23,DONE,SPR-PRJ-2-15,8
CHOI-5337,PRJ-4,USR-69460,Bug,Want across ground executive.,Medium,2026-01-27 03:11:10,2026-01-31 03:11:10,DONE,SPR-PRJ-9-20,3
CONF-8999,PRJ-9,USR-73201,Task,Crime sell rise wind reflect best imagine.,Medium,2026-02-28 13:59:07,2026-03-05 13:59:07,DONE,SPR-PRJ-3-18,1
DEVE-2660,PRJ-0,USR-62296,Bug,Big space change onto him only system.,Low,2026-07-11 21:54:45,2026-07-14 21:54:45,DONE,SPR-PRJ-4-9,1
CHOI-4704,PRJ-4,USR-84177,Task,Charge leg those behavior.,Medium,2026-01-17 15:11:38,2026-01-20 15:11:38,DONE,SPR-PRJ-5-17,3
ANIM-3291,PRJ-2,USR-40495,Task,This space pressure shoulder claim.,Low,2026-07-02 23:38:35,2026-07-06 23:38:35,DONE,SPR-PRJ-1-4,2
ORGA-6426,PRJ-6,USR-50668,Story,Yeah participant model shoulder language capital fact.,Medium,2026-04-09 18:31:18,2026-04-20 18:31:18,DONE,SPR-PRJ-2-20,1
ANIM-6322,PRJ-2,USR-20336,Task,Always require raise dream young parent.,Low,2026-05-27 02:15:14,2026-06-08 02:15:14,DONE,SPR-PRJ-9-20,5
ANIM-3548,PRJ-2,USR-47601,Bug,Physical marriage source central that natural why.,High,2025-11-25 03:34:09,2025-11-26 03:34:09,DONE,SPR-PRJ-7-5,3
TERM-5742,PRJ-7,USR-75799,Task,Material lawyer college fast.,High,2026-07-27 10:41:07,2026-08-06 10:41:07,DONE,SPR-PRJ-1-15,8
CHOI-5052,PRJ-4,USR-15817,Task,Office government author represent leave.,Low,2025-10-23 10:23:58,2025-11-05 10:23:58,DONE,SPR-PRJ-8-15,1
ANIM-4091,PRJ-2,USR-22026,Bug,Shake kind under vote will.,High,2026-03-29 18:11:49,2026-04-02 18:11:49,DONE,SPR-PRJ-1-6,2
ANIM-7984,PRJ-2,USR-17716,Story,Guy expert important.,Medium,2026-04-04 13:59:20,2026-04-11 13:59:20,DONE,SPR-PRJ-5-14,3
TERM-2005,PRJ-7,USR-24371,Task,Kid mention person finish.,High,2026-05-25 14:57:14,2026-05-30 14:57:14,DONE,SPR-PRJ-3-21,3
WIN-1779,PRJ-5,USR-30969,Bug,Media enjoy then radio per popular.,Low,2025-10-29 09:16:24,2025-11-04 09:16:24,DONE,SPR-PRJ-2-6,3
ORGA-4028,PRJ-6,USR-78494,Task,Record night choice black heart.,Medium,2026-07-11 18:06:09,2026-07-13 18:06:09,DONE,SPR-PRJ-1-0,1
WIN-6920,PRJ-5,USR-59941,Bug,Take development them protect give life.,Medium,2026-05-06 09:07:00,2026-05-10 09:07:00,DONE,SPR-PRJ-6-22,3
THES-3137,PRJ-1,USR-48890,Story,Board Congress board where however item husband.,Low,2026-04-22 18:43:32,2026-05-03 18:43:32,DONE,SPR-PRJ-8-17,2
THES-9955,PRJ-1,USR-33627,Task,Garden page defense scientist boy lawyer.,High,2025-10-22 00:00:12,2025-10-31 00:00:12,DONE,SPR-PRJ-7-16,2
LIST-5137,PRJ-8,USR-68341,Bug,We certainly degree nothing.,Medium,2026-04-26 15:36:37,2026-05-02 15:36:37,DONE,SPR-PRJ-4-18,1
LIST-9255,PRJ-8,USR-69441,Task,Artist speak smile without degree deep.,Low,2026-05-18 09:31:58,2026-05-21 09:31:58,DONE,SPR-PRJ-3-2,1
ORGA-9110,PRJ-6,USR-64460,Story,Establish player base attorney if fear.,High,2025-10-05 20:55:37,2025-10-13 20:55:37,DONE,SPR-PRJ-8-0,8
CONF-5448,PRJ-9,USR-65518,Bug,The modern prove else store begin top.,High,2026-06-30 13:19:58,2026-07-10 13:19:58,DONE,SPR-PRJ-7-10,1
LIST-5240,PRJ-8,USR-92213,Bug,Clearly glass industry little read.,Medium,2026-02-06 18:56:05,2026-02-15 18:56:05,DONE,SPR-PRJ-1-6,2
CHOI-1640,PRJ-4,USR-45972,Task,Great realize home act situation others.,High,2025-11-28 08:49:00,2025-12-03 08:49:00,DONE,SPR-PRJ-9-7,1
THES-1022,PRJ-1,USR-22656,Task,Pattern food worry voice sea say first character.,Medium,2025-10-27 04:18:54,2025-10-29 04:18:54,DONE,SPR-PRJ-7-12,8
CONF-5831,PRJ-9,USR-56009,Story,Material first society purpose.,Medium,2026-03-24 02:05:51,2026-03-28 02:05:51,DONE,SPR-PRJ-7-19,3
CONF-2743,PRJ-9,USR-29528,Bug,Reveal write wall tax plant police official.,Medium,2026-01-07 00:35:02,2026-01-21 00:35:02,DONE,SPR-PRJ-6-16,8
WIN-5403,PRJ-5,USR-14799,Task,Second could recent similar over.,High,2025-10-11 03:09:33,2025-10-19 03:09:33,DONE,SPR-PRJ-2-11,5
TERM-3973,PRJ-7,USR-74752,Story,Decide course quickly western have hair.,High,2025-12-19 21:37:50,2025-12-29 21:37:50,DONE,SPR-PRJ-5-5,2
ANIM-3911,PRJ-2,USR-83608,Story,Maybe test record power lay.,High,2026-01-22 05:24:42,2026-01-25 05:24:42,DONE,SPR-PRJ-0-18,5
THES-9630,PRJ-1,USR-14799,Story,Goal my mission share box compare.,Low,2026-03-05 08:10:03,2026-03-07 08:10:03,DONE,SPR-PRJ-4-0,5
PROF-2369,PRJ-3,USR-19120,Bug,Computer organization myself high suddenly read.,High,2026-03-12 07:54:35,2026-03-25 07:54:35,DONE,SPR-PRJ-0-2,1
PROF-3281,PRJ-3,USR-85598,Task,Reduce visit town between because.,High,2026-03-15 20:49:18,2026-03-20 20:49:18,DONE,SPR-PRJ-3-12,5
CHOI-9906,PRJ-4,USR-44718,Story,Bed administration usually billion.,Low,2026-08-18 02:40:35,2026-08-23 02:40:35,DONE,SPR-PRJ-1-2,8
ORGA-7314,PRJ-6,USR-97747,Story,Until between know ok allow face inside development.,Low,2026-07-15 05:04:01,2026-07-22 05:04:01,DONE,SPR-PRJ-7-7,1
WIN-2249,PRJ-5,USR-42530,Story,High crime light buy whose trial include.,High,2026-03-22 12:32:34,2026-04-01 12:32:34,DONE,SPR-PRJ-1-14,2
ANIM-7967,PRJ-2,USR-50685,Task,Account hear difference exist they enough.,Low,2026-08-11 13:56:06,2026-08-25 13:56:06,DONE,SPR-PRJ-3-1,3
WIN-5348,PRJ-5,USR-56176,Story,Pull above training allow ago so.,High,2026-08-18 14:19:27,2026-09-01 14:19:27,DONE,SPR-PRJ-9-22,2
ORGA-8318,PRJ-6,USR-92478,Task,Star outside friend where year drop wind.,High,2026-08-19 11:37:34,2026-08-21 11:37:34,DONE,SPR-PRJ-6-3,5
WIN-3089,PRJ-5,USR-54657,Task,Popular stock soon official can player within community.,Medium,2025-12-10 18:48:37,2025-12-17 18:48:37,DONE,SPR-PRJ-5-3,5
PROF-7278,PRJ-3,USR-14877,Bug,Military join between song mean place.,Medium,2026-09-13 02:34:23,2026-09-22 02:34:23,DONE,SPR-PRJ-5-17,2
ORGA-9633,PRJ-6,USR-53506,Bug,Successful physical employee need we data.,High,2026-07-28 13:07:00,2026-08-09 13:07:00,DONE,SPR-PRJ-0-22,2
WIN-8764,PRJ-5,USR-82132,Story,Join pick order.,Medium,2025-11-02 04:22:54,2025-11-08 04:22:54,DONE,SPR-PRJ-9-1,2
ORGA-4973,PRJ-6,USR-82512,Bug,Remain turn bad him score candidate law place.,High,2025-10-07 18:22:15,2025-10-09 18:22:15,DONE,SPR-PRJ-7-10,2
ORGA-7089,PRJ-6,USR-57428,Bug,Dream today father movement.,High,2026-02-13 01:01:05,2026-02-21 01:01:05,DONE,SPR-PRJ-8-22,8
PROF-2262,PRJ-3,USR-60678,Task,Side process ever various physical point.,High,2025-12-31 05:01:19,2026-01-13 05:01:19,DONE,SPR-PRJ-1-22,5
WIN-8274,PRJ-5,USR-38221,Task,Book until but center.,High,2026-05-09 23:03:40,2026-05-12 23:03:40,DONE,SPR-PRJ-0-15,1
DEVE-7494,PRJ-0,USR-69898,Task,Behavior management guess stuff.,Low,2026-01-06 17:03:09,2026-01-18 17:03:09,DONE,SPR-PRJ-8-20,3
PROF-7941,PRJ-3,USR-64596,Story,Make against available where.,Low,2026-02-25 17:36:26,2026-03-04 17:36:26,DONE,SPR-PRJ-1-8,2
ORGA-4009,PRJ-6,USR-41925,Bug,Reach heart finish traditional speak.,High,2025-10-26 14:22:15,2025-11-09 14:22:15,DONE,SPR-PRJ-7-9,5
ORGA-7233,PRJ-6,USR-30585,Bug,Act condition note parent all.,Medium,2025-12-05 19:00:09,2025-12-09 19:00:09,DONE,SPR-PRJ-2-21,1
WIN-1459,PRJ-5,USR-27781,Story,Low pass national citizen score unit.,High,2026-02-07 02:18:36,2026-02-11 02:18:36,DONE,SPR-PRJ-6-8,1
DEVE-4937,PRJ-0,USR-56955,Bug,Ahead age memory charge term boy describe foreign.,High,2025-12-10 20:32:00,2025-12-20 20:32:00,DONE,SPR-PRJ-8-10,5
CHOI-1138,PRJ-4,USR-18993,Task,Road vote environment loss.,Low,2025-12-21 07:24:26,2025-12-25 07:24:26,DONE,SPR-PRJ-3-8,5
THES-6428,PRJ-1,USR-56179,Story,Remain present level speak job watch.,Low,2025-11-01 16:18:22,2025-11-14 16:18:22,DONE,SPR-PRJ-8-6,2
CONF-1612,PRJ-9,USR-92210,Task,Economic cup suffer response which.,High,2026-09-20 03:59:33,2026-10-01 03:59:33,DONE,SPR-PRJ-0-23,2
ANIM-9218,PRJ-2,USR-97819,Bug,Soldier onto close day reveal item land others.,Low,2025-11-05 22:07:56,2025-11-18 22:07:56,DONE,SPR-PRJ-3-15,5
CONF-8059,PRJ-9,USR-89807,Bug,Performance parent investment note hear plan.,Medium,2026-01-10 11:16:11,2026-01-14 11:16:11,DONE,SPR-PRJ-2-5,8
THES-1244,PRJ-1,USR-45400,Bug,Cold almost memory only fall step population.,High,2025-10-21 22:05:24,2025-10-29 22:05:24,DONE,SPR-PRJ-1-0,5
CONF-6952,PRJ-9,USR-63964,Bug,Huge boy speak investment control early.,Medium,2026-04-20 23:41:12,2026-04-25 23:41:12,DONE,SPR-PRJ-5-1,3
CONF-8999,PRJ-9,USR-97747,Task,Head single business five action forget.,Medium,2025-12-19 12:44:49,2026-01-02 12:44:49,DONE,SPR-PRJ-6-14,2
THES-7769,PRJ-1,USR-77908,Bug,Somebody together no history own money bill.,High,2026-03-26 16:42:35,2026-04-05 16:42:35,DONE,SPR-PRJ-6-20,1
ANIM-2725,PRJ-2,USR-56955,Task,Watch space provide off position radio itself spend.,High,2026-01-12 22:41:05,2026-01-16 22:41:05,DONE,SPR-PRJ-4-3,5
TERM-9767,PRJ-7,USR-19880,Story,Anyone management another ever budget.,High,2025-12-12 21:58:51,2025-12-24 21:58:51,DONE,SPR-PRJ-1-3,5
THES-6198,PRJ-1,USR-70981,Story,Over option door again.,Low,2026-03-21 19:20:54,2026-04-02 19:20:54,DONE,SPR-PRJ-5-1,1
ANIM-8699,PRJ-2,USR-37802,Bug,Write treatment expect success idea time truth.,High,2025-10-03 21:19:53,2025-10-13 21:19:53,DONE,SPR-PRJ-8-6,5
PROF-1375,PRJ-3,USR-50730,Task,Population attorney believe sort rich ever.,Medium,2025-10-12 03:42:44,2025-10-23 03:42:44,DONE,SPR-PRJ-1-21,1
THES-5887,PRJ-1,USR-68979,Task,Hundred news finish partner hotel recent.,Low,2026-07-16 16:00:23,2026-07-20 16:00:23,DONE,SPR-PRJ-7-3,3
WIN-5864,PRJ-5,USR-15938,Task,Support whose building hear peace ahead answer.,Medium,2026-03-22 12:05:39,2026-03-30 12:05:39,DONE,SPR-PRJ-5-17,2
CONF-7375,PRJ-9,USR-28818,Bug,Black follow reach job.,High,2025-09-30 23:58:59,2025-10-02 23:58:59,DONE,SPR-PRJ-7-17,8
WIN-1232,PRJ-5,USR-82070,Story,Course total hard total.,Medium,2025-12-02 01:23:04,2025-12-16 01:23:04,DONE,SPR-PRJ-3-9,1
DEVE-8381,PRJ-0,USR-79615,Bug,Employee size book.,Medium,2025-09-28 21:08:31,2025-10-09 21:08:31,DONE,SPR-PRJ-6-4,1
LIST-3721,PRJ-8,USR-82529,Story,Enough reach social here.,High,2026-01-23 03:16:28,2026-02-03 03:16:28,DONE,SPR-PRJ-6-3,1
CHOI-9226,PRJ-4,USR-32617,Task,Understand on build floor.,Low,2026-06-25 07:06:48,2026-07-03 07:06:48,DONE,SPR-PRJ-4-9,5
LIST-6502,PRJ-8,USR-95823,Task,Thousand whole including land business month official product.,Medium,2025-11-23 10:33:32,2025-11-26 10:33:32,DONE,SPR-PRJ-5-21,8
ORGA-5640,PRJ-6,USR-95755,Story,Significant lot begin she represent good.,High,2026-01-13 21:55:21,2026-01-26 21:55:21,DONE,SPR-PRJ-8-22,1
ORGA-2698,PRJ-6,USR-45054,Bug,Process same day back will.,High,2026-08-17 10:54:07,2026-08-28 10:54:07,DONE,SPR-PRJ-4-17,8
ORGA-4471,PRJ-6,USR-58147,Task,Actually democratic stand could bit.,High,2025-10-20 08:48:49,2025-10-24 08:48:49,DONE,SPR-PRJ-9-3,5
ORGA-1124,PRJ-6,USR-40784,Bug,Seven method finish want remain pretty summer black.,Medium,2025-12-16 23:57:03,2025-12-21 23:57:03,DONE,SPR-PRJ-9-9,3
DEVE-7792,PRJ-0,USR-30374,Task,True history laugh per data.,Low,2025-11-16 11:20:13,2025-11-30 11:20:13,DONE,SPR-PRJ-7-21,8
LIST-7412,PRJ-8,USR-13390,Story,Attention institution rather week officer.,Low,2026-03-01 09:15:55,2026-03-08 09:15:55,DONE,SPR-PRJ-1-8,5
LIST-3595,PRJ-8,USR-96057,Story,Leave blue book admit.,Low,2025-11-05 14:23:38,2025-11-07 14:23:38,DONE,SPR-PRJ-6-17,8
ANIM-6282,PRJ-2,USR-59823,Task,Environment live most goal.,High,2026-03-24 22:29:20,2026-04-04 22:29:20,DONE,SPR-PRJ-8-5,8
LIST-2290,PRJ-8,USR-71474,Bug,Base issue character maybe meet apply evening.,High,2025-11-11 21:57:55,2025-11-19 21:57:55,DONE,SPR-PRJ-6-18,3
CHOI-4175,PRJ-4,USR-54791,Task,Possible rule institution.,Medium,2025-11-03 22:45:56,2025-11-14 22:45:56,DONE,SPR-PRJ-0-13,3
CONF-2694,PRJ-9,USR-82264,Story,Idea order morning management item.,High,2026-01-19 03:25:07,2026-01-22 03:25:07,DONE,SPR-PRJ-3-0,3
ORGA-2649,PRJ-6,USR-81118,Story,Position where detail.,Medium,2026-06-18 11:57:41,2026-06-29 11:57:41,DONE,SPR-PRJ-0-19,2
TERM-3639,PRJ-7,USR-28830,Story,Offer draw mother.,Low,2025-10-17 14:21:54,2025-10-27 14:21:54,DONE,SPR-PRJ-6-17,8
TERM-9953,PRJ-7,USR-41348,Task,Third record identify hotel detail.,High,2026-01-11 22:33:13,2026-01-15 22:33:13,DONE,SPR-PRJ-6-11,1
WIN-2880,PRJ-5,USR-94659,Story,Manager commercial data PM relationship.,High,2026-08-12 23:57:42,2026-08-14 23:57:42,DONE,SPR-PRJ-7-18,2
THES-6710,PRJ-1,USR-59192,Task,Behind me red.,Low,2026-01-16 19:14:26,2026-01-29 19:14:26,DONE,SPR-PRJ-5-6,5
ANIM-4242,PRJ-2,USR-21104,Task,System reach color race coach.,Medium,2026-03-31 02:47:41,2026-04-02 02:47:41,DONE,SPR-PRJ-6-5,8
TERM-8101,PRJ-7,USR-82264,Bug,Center actually listen free concern enough baby.,Medium,2026-02-02 22:59:49,2026-02-16 22:59:49,DONE,SPR-PRJ-3-9,8
PROF-6782,PRJ-3,USR-33652,Story,Order wide on.,Medium,2026-06-17 17:42:55,2026-06-20 17:42:55,DONE,SPR-PRJ-9-11,1
CHOI-9691,PRJ-4,USR-62565,Story,Line and admit quite fact.,Medium,2026-04-04 14:26:22,2026-04-11 14:26:22,DONE,SPR-PRJ-8-10,2
WIN-7094,PRJ-5,USR-81066,Story,Me sense simple beyond sound friend make.,Medium,2025-12-24 14:52:50,2026-01-05 14:52:50,DONE,SPR-PRJ-0-2,3
THES-7317,PRJ-1,USR-69609,Story,Either main hair add good report through.,High,2026-02-10 04:36:05,2026-02-19 04:36:05,DONE,SPR-PRJ-2-23,8
ORGA-8130,PRJ-6,USR-85574,Story,Machine establish mind policy challenge improve detail yes.,High,2026-07-24 18:11:36,2026-08-06 18:11:36,DONE,SPR-PRJ-5-6,5
THES-8418,PRJ-1,USR-88301,Task,All officer receive issue deal become turn.,High,2026-02-12 16:22:42,2026-02-22 16:22:42,DONE,SPR-PRJ-0-5,3
TERM-5659,PRJ-7,USR-74451,Story,Whole theory quickly tonight.,Low,2026-02-20 16:14:01,2026-03-01 16:14:01,DONE,SPR-PRJ-0-10,3
CHOI-5500,PRJ-4,USR-67963,Story,Company travel give former operation war everybody.,Low,2026-03-20 10:34:44,2026-04-02 10:34:44,DONE,SPR-PRJ-3-8,5
TERM-9082,PRJ-7,USR-42495,Story,Often reduce street.,Medium,2025-12-09 23:21:04,2025-12-19 23:21:04,DONE,SPR-PRJ-1-2,1
THES-6289,PRJ-1,USR-46208,Story,Somebody note society get body across.,High,2025-11-13 17:10:02,2025-11-15 17:10:02,DONE,SPR-PRJ-2-0,3
CHOI-1705,PRJ-4,USR-74251,Story,Letter change whom perhaps.,Medium,2026-06-20 04:39:26,2026-06-26 04:39:26,DONE,SPR-PRJ-7-8,8
TERM-2964,PRJ-7,USR-95717,Bug,Field explain son administration.,Medium,2026-06-11 22:59:58,2026-06-22 22:59:58,DONE,SPR-PRJ-4-18,1
TERM-5596,PRJ-7,USR-70443,Story,Executive or apply figure involve.,High,2025-10-12 20:47:44,2025-10-17 20:47:44,DONE,SPR-PRJ-8-4,3
PROF-4373,PRJ-3,USR-24366,Task,Anyone case these.,High,2026-06-10 09:05:31,2026-06-14 09:05:31,DONE,SPR-PRJ-0-3,2
THES-6577,PRJ-1,USR-75799,Bug,Program shoulder choice beat establish you culture.,Low,2026-07-28 22:16:10,2026-08-11 22:16:10,DONE,SPR-PRJ-3-8,3
LIST-2731,PRJ-8,USR-34881,Task,Fact allow usually eat.,Medium,2026-05-12 05:46:33,2026-05-20 05:46:33,DONE,SPR-PRJ-9-6,8
THES-5552,PRJ-1,USR-67080,Bug,Institution whom better end few financial.,Low,2026-06-17 11:09:58,2026-06-19 11:09:58,DONE,SPR-PRJ-1-13,5
TERM-4064,PRJ-7,USR-91018,Bug,Quickly follow official raise current career.,Medium,2026-05-03 23:05:06,2026-05-09 23:05:06,DONE,SPR-PRJ-2-19,1
PROF-3467,PRJ-3,USR-92242,Task,Feeling beat note pick national.,High,2026-04-30 05:23:04,2026-05-08 05:23:04,DONE,SPR-PRJ-2-21,3
ORGA-4177,PRJ-6,USR-33206,Bug,Benefit money reason mean rate group.,Medium,2026-02-19 23:20:30,2026-02-28 23:20:30,DONE,SPR-PRJ-6-11,5
DEVE-5078,PRJ-0,USR-62565,Story,Level which leave tree ago short.,High,2026-02-11 12:24:40,2026-02-21 12:24:40,DONE,SPR-PRJ-2-20,2
PROF-7628,PRJ-3,USR-32241,Bug,Past few drug mention.,Low,2025-10-31 07:18:11,2025-11-05 07:18:11,DONE,SPR-PRJ-5-6,2
CHOI-5718,PRJ-4,USR-39831,Bug,Myself not fall sense hotel idea accept space.,Low,2025-11-15 09:22:22,2025-11-25 09:22:22,DONE,SPR-PRJ-5-2,3
THES-3730,PRJ-1,USR-23154,Story,Least approach area stop practice four best.,High,2026-09-01 17:50:44,2026-09-12 17:50:44,DONE,SPR-PRJ-5-1,5
THES-3797,PRJ-1,USR-87236,Bug,Loss former article science purpose school apply.,Medium,2026-01-17 19:27:30,2026-01-25 19:27:30,DONE,SPR-PRJ-6-5,1
DEVE-1284,PRJ-0,USR-25012,Story,Century science manager difference put system feeling.,Low,2025-12-15 14:25:28,2025-12-24 14:25:28,DONE,SPR-PRJ-1-18,2
TERM-9039,PRJ-7,USR-95841,Task,South perhaps customer.,Low,2026-01-25 16:47:52,2026-02-02 16:47:52,DONE,SPR-PRJ-2-16,3
WIN-9484,PRJ-5,USR-82305,Bug,Check they mind.,Medium,2025-10-23 00:53:40,2025-10-25 00:53:40,DONE,SPR-PRJ-2-21,8
ORGA-4608,PRJ-6,USR-19710,Task,Billion agency media hospital unit.,High,2025-12-31 23:12:46,2026-01-04 23:12:46,DONE,SPR-PRJ-6-3,5
ORGA-2768,PRJ-6,USR-84228,Bug,Low contain dog summer employee partner.,Low,2026-01-21 10:34:38,2026-01-29 10:34:38,DONE,SPR-PRJ-9-8,8
WIN-7406,PRJ-5,USR-59689,Task,But chair against center seat drive memory record.,High,2026-03-16 12:04:19,2026-03-17 12:04:19,DONE,SPR-PRJ-6-4,8
ORGA-8455,PRJ-6,USR-58929,Task,Lose face beyond open happen every history.,Medium,2025-12-13 18:29:32,2025-12-15 18:29:32,DONE,SPR-PRJ-0-2,5
ANIM-9571,PRJ-2,USR-16629,Bug,Less spend challenge exist.,High,2026-08-03 14:16:33,2026-08-08 14:16:33,DONE,SPR-PRJ-5-4,3
DEVE-4560,PRJ-0,USR-51104,Story,Hope oil alone practice price know traditional.,Medium,2025-11-12 14:44:43,2025-11-17 14:44:43,DONE,SPR-PRJ-0-1,5
CHOI-3256,PRJ-4,USR-34551,Bug,Life rich everybody word.,Low,2026-02-11 17:22:45,2026-02-24 17:22:45,DONE,SPR-PRJ-5-23,2
PROF-8078,PRJ-3,USR-25012,Story,Task me give relationship hospital artist pretty.,High,2026-02-12 21:32:06,2026-02-20 21:32:06,DONE,SPR-PRJ-9-22,3
ORGA-7539,PRJ-6,USR-37631,Task,Fund resource skill everything several field hour.,Medium,2026-02-10 14:43:24,2026-02-20 14:43:24,DONE,SPR-PRJ-3-7,2
CONF-3280,PRJ-9,USR-51904,Story,Heavy line probably office until simple moment.,Medium,2026-09-17 18:18:56,2026-09-26 18:18:56,DONE,SPR-PRJ-2-3,3
TERM-9942,PRJ-7,USR-26912,Task,Open oil once stop attack ahead.,High,2025-11-16 05:23:07,2025-11-19 05:23:07,DONE,SPR-PRJ-5-14,5
WIN-8673,PRJ-5,USR-73532,Task,Discuss professor material quickly.,Medium,2026-07-08 13:59:55,2026-07-09 13:59:55,DONE,SPR-PRJ-9-17,8
CONF-5954,PRJ-9,USR-48680,Task,Wonder speak run door tonight.,High,2026-01-30 15:48:33,2026-02-09 15:48:33,DONE,SPR-PRJ-5-19,8
ORGA-1097,PRJ-6,USR-33850,Bug,Sense information ask partner boy suggest.,Medium,2025-12-03 12:51:49,2025-12-17 12:51:49,DONE,SPR-PRJ-0-13,1
WIN-2595,PRJ-5,USR-86435,Bug,Shake paper subject type fly recognize.,Medium,2025-10-25 06:23:30,2025-11-08 06:23:30,DONE,SPR-PRJ-0-15,1
DEVE-4359,PRJ-0,USR-68841,Task,Writer off current education.,High,2026-02-20 14:50:31,2026-02-24 14:50:31,DONE,SPR-PRJ-9-13,2
DEVE-8945,PRJ-0,USR-62565,Story,Different score its more so.,High,2026-03-15 21:01:09,2026-03-18 21:01:09,DONE,SPR-PRJ-6-10,1
THES-8761,PRJ-1,USR-55236,Task,Agency where benefit almost cell accept similar nothing.,High,2025-10-30 08:50:02,2025-11-01 08:50:02,DONE,SPR-PRJ-3-4,5
TERM-3018,PRJ-7,USR-57400,Story,Future radio whatever rock.,High,2026-08-28 16:43:36,2026-09-11 16:43:36,DONE,SPR-PRJ-7-22,2
PROF-8801,PRJ-3,USR-39041,Story,Couple debate still may ground tonight table.,Low,2026-04-20 01:50:31,2026-04-28 01:50:31,DONE,SPR-PRJ-3-22,3
TERM-7830,PRJ-7,USR-31319,Task,Keep personal them notice.,Medium,2026-08-04 06:30:01,2026-08-06 06:30:01,DONE,SPR-PRJ-6-0,5
CONF-8282,PRJ-9,USR-72616,Story,Fear brother discover own former difference wait.,Medium,2025-11-15 08:36:15,2025-11-27 08:36:15,DONE,SPR-PRJ-4-21,3
WIN-9602,PRJ-5,USR-30257,Bug,Hospital group their citizen explain.,High,2026-09-20 03:17:44,2026-09-26 03:17:44,DONE,SPR-PRJ-6-23,8
CHOI-5963,PRJ-4,USR-34881,Bug,Drop military particularly fine peace national through.,Medium,2026-04-22 12:16:34,2026-04-29 12:16:34,DONE,SPR-PRJ-5-0,8
LIST-9608,PRJ-8,USR-77715,Bug,View world president allow instead customer thousand.,Low,2026-05-11 06:55:07,2026-05-17 06:55:07,DONE,SPR-PRJ-6-5,8
ANIM-4796,PRJ-2,USR-16428,Bug,Daughter stage form serious.,Medium,2025-10-20 00:39:30,2025-10-26 00:39:30,DONE,SPR-PRJ-8-2,2
ORGA-2054,PRJ-6,USR-62565,Story,Dog authority way toward.,Low,2026-09-16 06:31:10,2026-09-18 06:31:10,DONE,SPR-PRJ-4-17,3
TERM-7187,PRJ-7,USR-65176,Bug,Generation audience indicate.,High,2026-06-27 00:22:00,2026-07-01 00:22:00,DONE,SPR-PRJ-2-16,5
ORGA-9659,PRJ-6,USR-77839,Bug,Upon thought long can rich bit market different.,High,2026-07-11 01:45:42,2026-07-22 01:45:42,DONE,SPR-PRJ-7-3,1
WIN-7685,PRJ-5,USR-12552,Task,Local sit theory direction use ago.,High,2026-02-09 23:43:24,2026-02-20 23:43:24,DONE,SPR-PRJ-7-18,8
TERM-9205,PRJ-7,USR-69446,Bug,Move team radio scene need.,High,2026-07-27 14:11:58,2026-08-09 14:11:58,DONE,SPR-PRJ-0-17,5
CONF-2280,PRJ-9,USR-88697,Story,She receive involve interview case just.,High,2025-10-17 05:04:09,2025-10-25 05:04:09,DONE,SPR-PRJ-2-11,1
CHOI-7396,PRJ-4,USR-77811,Story,Work happy create job around discussion open dinner.,Medium,2026-09-10 09:05:55,2026-09-12 09:05:55,DONE,SPR-PRJ-5-16,8
CHOI-7540,PRJ-4,USR-55015,Story,Nothing yard address rest spend baby camera.,Low,2026-07-14 06:03:49,2026-07-22 06:03:49,DONE,SPR-PRJ-9-23,3
ORGA-5274,PRJ-6,USR-95191,Story,Analysis glass pretty each factor.,High,2025-12-06 02:20:18,2025-12-10 02:20:18,DONE,SPR-PRJ-5-20,3
THES-1579,PRJ-1,USR-89463,Task,Long business baby economic myself manager.,Low,2026-05-20 08:34:08,2026-06-01 08:34:08,DONE,SPR-PRJ-6-12,1
DEVE-2704,PRJ-0,USR-39444,Bug,Today teach kitchen few happen necessary.,Medium,2026-07-09 11:49:10,2026-07-16 11:49:10,DONE,SPR-PRJ-5-2,3
CONF-7215,PRJ-9,USR-80284,Bug,Money environment recently me approach.,Medium,2026-08-30 10:28:53,2026-08-31 10:28:53,DONE,SPR-PRJ-4-3,5
ORGA-3257,PRJ-6,USR-94136,Bug,Relationship perform evidence data case wish.,Medium,2026-09-11 15:39:29,2026-09-17 15:39:29,DONE,SPR-PRJ-2-1,3
DEVE-4721,PRJ-0,USR-96341,Bug,Score decision head staff center.,Low,2025-12-25 11:50:09,2025-12-26 11:50:09,DONE,SPR-PRJ-8-13,1
DEVE-3076,PRJ-0,USR-94259,Task,Practice law box material almost everyone.,Medium,2025-12-27 06:25:29,2026-01-06 06:25:29,DONE,SPR-PRJ-6-23,2
TERM-3005,PRJ-7,USR-51904,Bug,Still be everything particular manager.,High,2026-02-23 03:52:16,2026-03-03 03:52:16,DONE,SPR-PRJ-7-12,3
WIN-5795,PRJ-5,USR-69609,Task,His and day continue issue appear.,Medium,2026-08-28 00:42:38,2026-09-09 00:42:38,DONE,SPR-PRJ-5-18,8
CONF-8966,PRJ-9,USR-16632,Story,Must girl ago.,Low,2026-01-23 11:16:17,2026-01-27 11:16:17,DONE,SPR-PRJ-3-6,8
ANIM-1587,PRJ-2,USR-49132,Bug,Two traditional special opportunity serious game.,Medium,2026-05-21 08:56:48,2026-05-23 08:56:48,DONE,SPR-PRJ-0-5,5
ORGA-5921,PRJ-6,USR-94012,Task,Its into role save arm body hold return.,Low,2026-08-15 00:09:25,2026-08-22 00:09:25,DONE,SPR-PRJ-5-6,1
PROF-4370,PRJ-3,USR-73242,Bug,Teach visit less occur nothing.,High,2026-06-17 06:13:09,2026-06-28 06:13:09,DONE,SPR-PRJ-3-6,1
WIN-5301,PRJ-5,USR-86019,Story,Class high second under car.,Medium,2026-04-16 11:42:13,2026-04-28 11:42:13,DONE,SPR-PRJ-8-20,8
THES-7358,PRJ-1,USR-83889,Task,Son week beat economic myself.,Low,2025-10-02 20:36:17,2025-10-10 20:36:17,DONE,SPR-PRJ-4-12,8
ANIM-7247,PRJ-2,USR-70901,Story,House past gun process site special part.,High,2026-02-05 01:06:53,2026-02-10 01:06:53,DONE,SPR-PRJ-8-12,3
WIN-7465,PRJ-5,USR-64548,Task,Nothing fly enough condition leg.,Low,2025-11-14 05:42:18,2025-11-19 05:42:18,DONE,SPR-PRJ-8-8,8
CHOI-3929,PRJ-4,USR-49132,Story,Letter whole lose.,Medium,2026-03-16 19:20:13,2026-03-17 19:20:13,DONE,SPR-PRJ-3-19,5
DEVE-2303,PRJ-0,USR-58147,Task,Design around voice everybody particular finish ask.,High,2026-08-20 20:46:03,2026-08-28 20:46:03,DONE,SPR-PRJ-1-22,3
PROF-3858,PRJ-3,USR-70260,Story,She everybody than camera piece.,High,2025-12-05 18:58:45,2025-12-07 18:58:45,DONE,SPR-PRJ-6-23,1
DEVE-4734,PRJ-0,USR-12560,Task,Pretty discussion pressure contain medical key fish network.,High,2025-11-23 00:18:32,2025-12-04 00:18:32,DONE,SPR-PRJ-9-0,3
THES-2269,PRJ-1,USR-27224,Story,Weight yeah window administration.,High,2025-12-24 11:45:21,2025-12-28 11:45:21,DONE,SPR-PRJ-3-11,8
ORGA-5638,PRJ-6,USR-82924,Task,Music and doctor board medical both.,Medium,2026-08-21 02:24:43,2026-08-28 02:24:43,DONE,SPR-PRJ-9-13,3
DEVE-5765,PRJ-0,USR-88301,Story,Daughter now stop race author.,High,2025-10-27 00:58:25,2025-11-06 00:58:25,DONE,SPR-PRJ-2-6,3
WIN-4520,PRJ-5,USR-31417,Bug,Central force small friend impact.,Low,2026-03-11 14:07:24,2026-03-14 14:07:24,DONE,SPR-PRJ-4-1,1
CONF-9982,PRJ-9,USR-91006,Story,Likely wind perform civil and us.,Low,2026-06-07 03:57:45,2026-06-20 03:57:45,DONE,SPR-PRJ-0-13,8
TERM-6192,PRJ-7,USR-57453,Task,Agent participant space member sit meet ok general.,High,2026-09-16 02:21:16,2026-09-22 02:21:16,DONE,SPR-PRJ-2-14,3
PROF-8291,PRJ-3,USR-82102,Task,Store allow risk high young bad.,High,2025-12-19 09:48:24,2025-12-25 09:48:24,DONE,SPR-PRJ-5-23,8
CONF-4774,PRJ-9,USR-60328,Bug,Not young piece safe much.,High,2025-10-26 23:40:48,2025-11-04 23:40:48,DONE,SPR-PRJ-2-14,5
CONF-5264,PRJ-9,USR-21359,Story,Sometimes parent process minute first crime offer.,High,2025-11-13 01:08:45,2025-11-20 01:08:45,DONE,SPR-PRJ-4-11,8
PROF-3947,PRJ-3,USR-58393,Story,Forget sometimes within discuss fire.,Medium,2026-09-15 18:52:07,2026-09-20 18:52:07,DONE,SPR-PRJ-8-3,8
DEVE-8068,PRJ-0,USR-92447,Story,Knowledge whatever improve bag night.,High,2025-11-10 18:50:56,2025-11-19 18:50:56,DONE,SPR-PRJ-9-5,8
LIST-4955,PRJ-8,USR-42951,Task,President painting large industry notice step.,Low,2025-10-26 15:35:34,2025-11-05 15:35:34,DONE,SPR-PRJ-6-13,1
TERM-7699,PRJ-7,USR-67432,Task,Each training purpose program painting somebody game.,Medium,2025-11-14 14:47:28,2025-11-27 14:47:28,DONE,SPR-PRJ-5-2,2
LIST-2372,PRJ-8,USR-66387,Bug,Impact measure chance management.,Medium,2025-11-11 18:35:22,2025-11-22 18:35:22,DONE,SPR-PRJ-6-22,5
LIST-5576,PRJ-8,USR-10726,Task,Tonight then administration building enjoy.,Medium,2026-09-04 06:42:47,2026-09-10 06:42:47,DONE,SPR-PRJ-0-12,8
ORGA-5673,PRJ-6,USR-67340,Story,Sea call alone issue real wrong car.,High,2026-04-30 08:08:02,2026-05-01 08:08:02,DONE,SPR-PRJ-8-16,2
CONF-6150,PRJ-9,USR-29536,Story,Truth toward great I news Republican budget.,Medium,2026-08-29 14:59:32,2026-09-03 14:59:32,DONE,SPR-PRJ-5-4,5
PROF-5565,PRJ-3,USR-94518,Bug,Option pattern yes and school great.,High,2026-09-10 11:42:17,2026-09-11 11:42:17,DONE,SPR-PRJ-6-9,1
WIN-4328,PRJ-5,USR-41186,Task,Piece scientist job serious record safe.,Low,2026-03-20 07:05:35,2026-03-28 07:05:35,DONE,SPR-PRJ-5-13,2
THES-8281,PRJ-1,USR-64921,Story,Trouble view base time order have power here.,High,2026-07-05 00:31:39,2026-07-10 00:31:39,DONE,SPR-PRJ-7-19,1
THES-6359,PRJ-1,USR-59689,Task,Meet open war best.,Low,2026-03-16 07:00:46,2026-03-28 07:00:46,DONE,SPR-PRJ-5-11,1
ORGA-2645,PRJ-6,USR-71385,Task,Game nor today oil such interview follow.,High,2026-01-20 10:34:28,2026-02-03 10:34:28,DONE,SPR-PRJ-5-22,1
ANIM-7163,PRJ-2,USR-40968,Story,Well among war think.,Medium,2026-01-28 16:27:00,2026-02-05 16:27:00,DONE,SPR-PRJ-1-14,5
ANIM-4253,PRJ-2,USR-77568,Bug,Issue everything they fire girl.,Low,2026-07-07 20:21:29,2026-07-19 20:21:29,DONE,SPR-PRJ-2-6,1
CONF-4416,PRJ-9,USR-81987,Bug,Explain main difference college.,Medium,2025-11-30 06:31:10,2025-12-10 06:31:10,DONE,SPR-PRJ-4-1,8
LIST-3950,PRJ-8,USR-10726,Task,Writer send under project cell.,Low,2026-09-18 08:36:16,2026-09-26 08:36:16,DONE,SPR-PRJ-5-5,5
CHOI-2581,PRJ-4,USR-20336,Task,Stuff senior agree total whether music sometimes.,Medium,2025-12-16 07:00:10,2025-12-24 07:00:10,DONE,SPR-PRJ-3-11,2
TERM-6224,PRJ-7,USR-18109,Task,Strategy ago data walk number rule minute.,Low,2025-09-29 13:12:30,2025-10-02 13:12:30,DONE,SPR-PRJ-8-6,5
PROF-1474,PRJ-3,USR-37549,Task,Far body relationship suddenly know it enjoy.,High,2026-08-15 16:55:08,2026-08-24 16:55:08,DONE,SPR-PRJ-8-5,3
ORGA-8240,PRJ-6,USR-60351,Story,Year rule bring government.,Medium,2026-08-28 16:50:05,2026-09-05 16:50:05,DONE,SPR-PRJ-7-18,2
TERM-7714,PRJ-7,USR-58393,Bug,Road force medical everybody piece.,High,2025-10-27 16:02:37,2025-11-09 16:02:37,DONE,SPR-PRJ-6-16,1
CONF-9843,PRJ-9,USR-91070,Task,Religious fire under item.,High,2026-04-14 03:08:19,2026-04-27 03:08:19,DONE,SPR-PRJ-7-12,3
PROF-6932,PRJ-3,USR-93130,Bug,Fish success produce there along play account.,Medium,2026-06-27 19:07:40,2026-07-11 19:07:40,DONE,SPR-PRJ-7-15,2
ORGA-4532,PRJ-6,USR-36090,Story,Heavy wall pull enter charge sport safe executive.,High,2025-11-19 02:50:58,2025-12-03 02:50:58,DONE,SPR-PRJ-0-5,8
DEVE-3571,PRJ-0,USR-60328,Bug,Week tax see about.,Low,2025-12-13 01:55:10,2025-12-17 01:55:10,DONE,SPR-PRJ-0-8,3
ANIM-5423,PRJ-2,USR-50306,Bug,Newspaper decade concern industry enjoy herself on.,Low,2025-10-23 02:00:20,2025-11-04 02:00:20,DONE,SPR-PRJ-8-3,5
ANIM-2565,PRJ-2,USR-88385,Story,Machine prevent conference feel discussion factor.,Low,2026-06-01 15:00:59,2026-06-15 15:00:59,DONE,SPR-PRJ-3-7,3
CHOI-8518,PRJ-4,USR-58281,Bug,Someone hot ground loss benefit both thing.,Low,2026-04-03 08:10:18,2026-04-11 08:10:18,DONE,SPR-PRJ-4-0,3
LIST-5563,PRJ-8,USR-58870,Bug,Information language easy interesting computer.,Low,2026-07-17 03:49:57,2026-07-21 03:49:57,DONE,SPR-PRJ-4-1,1
LIST-2774,PRJ-8,USR-50327,Story,Girl huge campaign think.,Medium,2026-01-28 19:30:15,2026-02-10 19:30:15,DONE,SPR-PRJ-2-11,5
CHOI-6446,PRJ-4,USR-92478,Story,Over reach ahead environmental Democrat surface important.,High,2026-08-19 05:34:44,2026-08-28 05:34:44,DONE,SPR-PRJ-1-19,2
CONF-8758,PRJ-9,USR-80807,Story,Energy fish hot kind human treatment.,High,2026-05-03 07:42:11,2026-05-16 07:42:11,DONE,SPR-PRJ-5-6,3
DEVE-6266,PRJ-0,USR-53228,Story,Rock fund stand final important occur coach.,Medium,2026-01-09 03:58:59,2026-01-21 03:58:59,DONE,SPR-PRJ-2-5,8
PROF-6272,PRJ-3,USR-27322,Bug,Book why particularly can music wear again here.,Low,2025-12-16 01:00:58,2025-12-28 01:00:58,DONE,SPR-PRJ-0-20,1
ANIM-1223,PRJ-2,USR-17665,Story,Treatment short need pressure million gun.,High,2026-07-27 01:15:10,2026-08-04 01:15:10,DONE,SPR-PRJ-9-6,1
LIST-8982,PRJ-8,USR-46666,Task,Study how responsibility face.,Medium,2025-12-13 00:40:42,2025-12-14 00:40:42,DONE,SPR-PRJ-3-3,1
WIN-7088,PRJ-5,USR-19602,Task,Former democratic safe vote already after.,Low,2025-11-28 15:28:52,2025-12-09 15:28:52,DONE,SPR-PRJ-2-4,8
CHOI-8735,PRJ-4,USR-63005,Bug,May social amount executive.,Low,2026-04-19 10:56:13,2026-05-03 10:56:13,DONE,SPR-PRJ-9-21,2
DEVE-6205,PRJ-0,USR-22903,Story,Place read almost seek spend.,High,2025-10-06 09:03:32,2025-10-11 09:03:32,DONE,SPR-PRJ-7-11,2
TERM-6423,PRJ-7,USR-47667,Bug,Capital scientist establish be available reveal.,High,2026-02-20 16:57:55,2026-02-22 16:57:55,DONE,SPR-PRJ-3-17,8
CHOI-7982,PRJ-4,USR-17894,Bug,After sea must try believe open.,Medium,2026-07-20 01:02:15,2026-07-25 01:02:15,DONE,SPR-PRJ-5-23,8
CONF-3497,PRJ-9,USR-20735,Story,Story teacher size interesting sea.,Medium,2026-02-25 20:37:27,2026-03-07 20:37:27,DONE,SPR-PRJ-1-2,2
CONF-5542,PRJ-9,USR-68979,Bug,Learn between wide office heavy.,Low,2026-01-22 07:21:52,2026-01-30 07:21:52,DONE,SPR-PRJ-2-5,2
CONF-3400,PRJ-9,USR-33850,Story,Develop image everything expect.,Medium,2026-03-12 18:38:15,2026-03-14 18:38:15,DONE,SPR-PRJ-9-13,1
WIN-5957,PRJ-5,USR-76162,Bug,Media him year road week several research.,Medium,2026-06-26 22:23:48,2026-07-03 22:23:48,DONE,SPR-PRJ-8-6,5
LIST-6193,PRJ-8,USR-22656,Story,Official agent side language live.,High,2026-03-21 14:33:01,2026-04-01 14:33:01,DONE,SPR-PRJ-8-21,3
TERM-9029,PRJ-7,USR-46002,Story,Forward special wish believe college.,Low,2025-11-08 06:33:30,2025-11-15 06:33:30,DONE,SPR-PRJ-6-22,3
WIN-7948,PRJ-5,USR-17263,Story,Order base idea study model style set.,Medium,2026-08-28 19:51:49,2026-09-03 19:51:49,DONE,SPR-PRJ-1-21,1
PROF-1091,PRJ-3,USR-46500,Task,Edge find full character focus north image.,Medium,2025-10-19 20:22:48,2025-10-28 20:22:48,DONE,SPR-PRJ-9-19,1
CHOI-8843,PRJ-4,USR-54350,Task,Real sense some nation fine.,Medium,2025-09-29 03:01:04,2025-10-10 03:01:04,DONE,SPR-PRJ-0-14,8
TERM-9033,PRJ-7,USR-33850,Bug,Focus remember method teach yeah.,Low,2026-06-07 04:14:46,2026-06-20 04:14:46,DONE,SPR-PRJ-1-2,1
ANIM-3898,PRJ-2,USR-80686,Task,International back camera add.,High,2025-10-28 14:06:28,2025-10-29 14:06:28,DONE,SPR-PRJ-4-17,1
PROF-1273,PRJ-3,USR-38124,Task,Coach join will although.,Low,2026-04-16 21:16:05,2026-04-19 21:16:05,DONE,SPR-PRJ-9-15,8
ORGA-7821,PRJ-6,USR-48469,Story,Color sort maintain see natural human father.,High,2026-03-10 16:45:00,2026-03-24 16:45:00,DONE,SPR-PRJ-8-2,8
ANIM-8264,PRJ-2,USR-15817,Bug,Result they even follow threat.,Low,2026-03-15 02:02:50,2026-03-22 02:02:50,DONE,SPR-PRJ-1-20,1
TERM-2410,PRJ-7,USR-54313,Story,Center model daughter pass.,High,2026-05-03 22:10:44,2026-05-06 22:10:44,DONE,SPR-PRJ-7-18,1
DEVE-3774,PRJ-0,USR-73656,Task,Mind economy leg view until result.,Medium,2026-07-01 10:28:23,2026-07-03 10:28:23,DONE,SPR-PRJ-9-8,2
ANIM-6087,PRJ-2,USR-97747,Story,Clearly resource listen fish.,Medium,2026-08-23 23:59:36,2026-08-26 23:59:36,DONE,SPR-PRJ-6-0,3
CHOI-5249,PRJ-4,USR-14117,Task,Like year accept reduce.,Medium,2025-12-05 13:35:26,2025-12-15 13:35:26,DONE,SPR-PRJ-3-21,3
ANIM-1601,PRJ-2,USR-87993,Story,Mrs former article light.,Low,2025-12-13 08:23:39,2025-12-23 08:23:39,DONE,SPR-PRJ-2-5,5
PROF-6606,PRJ-3,USR-58147,Bug,Go next difficult pick.,Medium,2025-11-26 17:19:59,2025-11-28 17:19:59,DONE,SPR-PRJ-5-11,2
DEVE-2889,PRJ-0,USR-96511,Task,Exist treatment international role happen.,High,2025-12-10 18:37:35,2025-12-18 18:37:35,DONE,SPR-PRJ-6-6,3
CONF-1554,PRJ-9,USR-22026,Task,Various night political dark or bill.,High,2026-07-21 19:56:21,2026-07-24 19:56:21,DONE,SPR-PRJ-4-11,5
ANIM-6865,PRJ-2,USR-74139,Story,Condition nor camera mission population.,High,2025-12-20 00:27:57,2025-12-28 00:27:57,DONE,SPR-PRJ-8-15,8
ORGA-7542,PRJ-6,USR-40311,Bug,Offer table painting whom say pattern.,Medium,2026-02-22 16:24:19,2026-03-04 16:24:19,DONE,SPR-PRJ-3-14,5
PROF-9306,PRJ-3,USR-89807,Task,Decide able discussion describe upon past century.,Low,2026-09-15 01:43:14,2026-09-22 01:43:14,DONE,SPR-PRJ-6-7,1
LIST-4251,PRJ-8,USR-58655,Story,Follow time appear.,High,2026-03-30 14:43:51,2026-04-10 14:43:51,DONE,SPR-PRJ-3-13,1
TERM-7487,PRJ-7,USR-93904,Story,International line few service drive hotel.,High,2026-04-13 16:31:26,2026-04-16 16:31:26,DONE,SPR-PRJ-3-5,3
ORGA-2477,PRJ-6,USR-46002,Bug,Relationship great stuff first back painting.,Medium,2026-07-24 12:32:20,2026-07-25 12:32:20,DONE,SPR-PRJ-5-2,2
ORGA-4481,PRJ-6,USR-47056,Task,Watch street represent style.,Low,2025-12-19 00:46:18,2025-12-23 00:46:18,DONE,SPR-PRJ-8-3,1
ORGA-6359,PRJ-6,USR-43550,Bug,Majority smile rate newspaper itself give.,Medium,2026-05-02 15:11:31,2026-05-12 15:11:31,DONE,SPR-PRJ-4-4,8
CONF-1440,PRJ-9,USR-53540,Story,Talk side generation interest pay then.,Medium,2025-10-06 18:51:24,2025-10-12 18:51:24,DONE,SPR-PRJ-3-15,8
THES-4769,PRJ-1,USR-44718,Story,Him condition section action kind.,Medium,2026-09-19 11:45:24,2026-09-26 11:45:24,DONE,SPR-PRJ-0-23,3
CHOI-7337,PRJ-4,USR-93886,Task,Accept financial behind hard effect.,Medium,2026-04-19 05:47:05,2026-04-22 05:47:05,DONE,SPR-PRJ-1-17,5
THES-6673,PRJ-1,USR-70260,Task,Parent almost ever.,High,2026-09-19 20:41:02,2026-09-22 20:41:02,DONE,SPR-PRJ-3-9,2
TERM-1189,PRJ-7,USR-76840,Task,Analysis receive education personal wife statement.,Medium,2026-03-31 21:13:03,2026-04-13 21:13:03,DONE,SPR-PRJ-0-13,3
CONF-8377,PRJ-9,USR-16028,Bug,Young place make list themselves seek space.,Medium,2026-08-28 04:33:20,2026-09-11 04:33:20,DONE,SPR-PRJ-5-16,3
ORGA-2310,PRJ-6,USR-69898,Bug,Ahead thus check save that capital.,Low,2025-10-11 19:04:31,2025-10-16 19:04:31,DONE,SPR-PRJ-2-2,8
DEVE-8614,PRJ-0,USR-72739,Task,Argue PM artist best.,Medium,2026-03-08 21:47:06,2026-03-14 21:47:06,DONE,SPR-PRJ-0-12,8
WIN-5852,PRJ-5,USR-58629,Task,Work create pass admit student.,High,2026-04-26 06:18:39,2026-05-01 06:18:39,DONE,SPR-PRJ-3-19,5
DEVE-2829,PRJ-0,USR-91205,Bug,Today college worry reveal hand add.,Medium,2026-08-22 09:09:43,2026-08-26 09:09:43,DONE,SPR-PRJ-1-20,1
ANIM-9084,PRJ-2,USR-33519,Task,Indicate property article cover seven challenge.,Low,2026-06-12 00:37:50,2026-06-22 00:37:50,DONE,SPR-PRJ-2-14,8
WIN-7107,PRJ-5,USR-13492,Bug,Common and part read.,Low,2026-01-08 12:18:44,2026-01-21 12:18:44,DONE,SPR-PRJ-9-9,1
CHOI-7922,PRJ-4,USR-77568,Bug,Play success wait find.,Medium,2026-03-04 21:35:09,2026-03-16 21:35:09,DONE,SPR-PRJ-6-23,1
CHOI-5967,PRJ-4,USR-99381,Story,Brother letter structure beat us because.,Low,2026-05-02 15:52:38,2026-05-15 15:52:38,DONE,SPR-PRJ-0-12,3
CHOI-4042,PRJ-4,USR-83579,Bug,Consumer beat fish phone.,Medium,2026-09-18 11:34:07,2026-09-21 11:34:07,DONE,SPR-PRJ-7-5,3
DEVE-7788,PRJ-0,USR-13804,Task,Small design hear ball.,Low,2025-10-04 18:29:58,2025-10-17 18:29:58,DONE,SPR-PRJ-6-18,3
WIN-4621,PRJ-5,USR-28030,Bug,Film race wall ten section.,Low,2026-07-05 05:50:02,2026-07-19 05:50:02,DONE,SPR-PRJ-4-21,8
TERM-1205,PRJ-7,USR-80010,Task,Financial here expert everything.,High,2026-07-10 14:46:24,2026-07-18 14:46:24,DONE,SPR-PRJ-9-2,5
ORGA-5189,PRJ-6,USR-69250,Bug,Including structure evening current without else.,High,2026-05-04 09:38:21,2026-05-15 09:38:21,DONE,SPR-PRJ-5-4,8
WIN-5981,PRJ-5,USR-95461,Bug,Begin great hair sign mission.,Medium,2026-03-16 16:26:19,2026-03-17 16:26:19,DONE,SPR-PRJ-1-15,8
CONF-8070,PRJ-9,USR-19116,Task,Reach color wear one choose notice year its.,Low,2026-08-15 02:35:10,2026-08-27 02:35:10,DONE,SPR-PRJ-5-5,2
CONF-3023,PRJ-9,USR-59695,Story,Debate record mean stop some.,Low,2026-06-04 20:18:57,2026-06-09 20:18:57,DONE,SPR-PRJ-1-21,2
CONF-5569,PRJ-9,USR-38197,Story,Significant election life all boy probably cost.,Low,2025-11-01 05:00:23,2025-11-12 05:00:23,DONE,SPR-PRJ-6-18,3
PROF-7618,PRJ-3,USR-97747,Task,Only head help open almost red picture.,High,2025-11-20 06:15:29,2025-12-04 06:15:29,DONE,SPR-PRJ-1-21,5
TERM-3822,PRJ-7,USR-28643,Bug,City little from.,Low,2026-08-30 13:49:11,2026-09-06 13:49:11,DONE,SPR-PRJ-4-11,5
PROF-3270,PRJ-3,USR-79163,Bug,Cost group clear national.,Low,2026-09-12 15:28:03,2026-09-24 15:28:03,DONE,SPR-PRJ-4-8,1
CONF-8731,PRJ-9,USR-44687,Story,Keep pattern order.,Low,2026-07-16 00:39:15,2026-07-26 00:39:15,DONE,SPR-PRJ-9-10,5
TERM-7046,PRJ-7,USR-41029,Task,Room list during rich over lot.,Low,2026-06-23 16:16:47,2026-06-27 16:16:47,DONE,SPR-PRJ-3-10,2
CONF-8555,PRJ-9,USR-72163,Task,Always upon doctor various until.,High,2026-03-01 18:06:11,2026-03-14 18:06:11,DONE,SPR-PRJ-1-21,5
WIN-3609,PRJ-5,USR-76809,Story,International especially officer or clearly coach.,High,2025-11-07 20:22:10,2025-11-19 20:22:10,DONE,SPR-PRJ-0-8,5
ORGA-5260,PRJ-6,USR-48890,Bug,Whole wall cup win sell candidate four whether.,Low,2026-01-21 16:43:10,2026-02-01 16:43:10,DONE,SPR-PRJ-5-16,1
CHOI-7527,PRJ-4,USR-28191,Story,Society center get how leave.,Medium,2025-11-01 01:39:42,2025-11-08 01:39:42,DONE,SPR-PRJ-7-15,8
THES-2697,PRJ-1,USR-39102,Bug,Customer common film continue.,High,2026-06-09 17:45:44,2026-06-21 17:45:44,DONE,SPR-PRJ-1-19,3
PROF-5333,PRJ-3,USR-84928,Story,Job right child new simply.,Medium,2026-08-26 02:00:30,2026-09-07 02:00:30,DONE,SPR-PRJ-5-5,2
TERM-5225,PRJ-7,USR-38785,Story,City beyond near hour defense line heavy.,High,2025-09-28 21:10:26,2025-10-07 21:10:26,DONE,SPR-PRJ-3-1,1
CHOI-6024,PRJ-4,USR-32871,Bug,Several benefit campaign several card.,Medium,2026-03-25 23:04:08,2026-04-02 23:04:08,DONE,SPR-PRJ-7-14,5
ANIM-3400,PRJ-2,USR-31747,Task,Today star room interesting hour author.,Low,2026-07-24 06:23:41,2026-07-28 06:23:41,DONE,SPR-PRJ-0-7,2
DEVE-5250,PRJ-0,USR-70513,Bug,Agree those concern dog gun may ability out.,Medium,2026-04-04 14:27:29,2026-04-12 14:27:29,DONE,SPR-PRJ-6-14,2
LIST-6149,PRJ-8,USR-21300,Task,Population catch could deep.,Low,2026-02-28 14:23:56,2026-03-03 14:23:56,DONE,SPR-PRJ-9-6,8
DEVE-2060,PRJ-0,USR-49363,Story,Fund pressure international expect.,High,2026-03-15 01:18:47,2026-03-20 01:18:47,DONE,SPR-PRJ-6-11,1
TERM-1199,PRJ-7,USR-20345,Bug,Alone when instead clear radio strong let.,High,2026-02-24 04:28:01,2026-03-08 04:28:01,DONE,SPR-PRJ-2-3,3
THES-6398,PRJ-1,USR-62184,Bug,Rather big television sound activity five.,Low,2025-10-29 01:21:01,2025-11-07 01:21:01,DONE,SPR-PRJ-9-7,1
PROF-5009,PRJ-3,USR-39154,Bug,Himself lawyer main whether I side field.,Low,2026-05-08 03:30:42,2026-05-22 03:30:42,DONE,SPR-PRJ-2-14,2
DEVE-5354,PRJ-0,USR-71474,Story,Page sort late health.,Low,2026-01-05 09:52:08,2026-01-19 09:52:08,DONE,SPR-PRJ-9-18,1
PROF-4728,PRJ-3,USR-14082,Task,Such will born condition interest service.,Medium,2026-03-29 20:51:57,2026-03-31 20:51:57,DONE,SPR-PRJ-5-17,1
TERM-2907,PRJ-7,USR-85574,Story,Character front various opportunity.,Low,2026-08-30 23:00:08,2026-09-09 23:00:08,DONE,SPR-PRJ-2-7,8
CONF-8041,PRJ-9,USR-97833,Task,Spend road lawyer any example business majority.,Low,2025-12-12 16:58:20,2025-12-16 16:58:20,DONE,SPR-PRJ-6-6,8
CONF-5435,PRJ-9,USR-68743,Bug,Threat rather education.,Medium,2026-02-16 12:44:37,2026-02-25 12:44:37,DONE,SPR-PRJ-3-0,3
CHOI-9242,PRJ-4,USR-11934,Story,Short age environment fall indicate.,Medium,2026-02-05 00:27:24,2026-02-06 00:27:24,DONE,SPR-PRJ-3-9,8
THES-8078,PRJ-1,USR-95755,Task,Fear along born rule most how.,Medium,2026-03-19 11:17:05,2026-03-30 11:17:05,DONE,SPR-PRJ-7-7,8
PROF-6033,PRJ-3,USR-29142,Bug,Movement call certain management.,Medium,2025-12-04 00:22:52,2025-12-06 00:22:52,DONE,SPR-PRJ-7-7,3
ANIM-6304,PRJ-2,USR-12719,Story,Generation leader pay try tough.,High,2026-09-08 15:48:28,2026-09-18 15:48:28,DONE,SPR-PRJ-7-1,2
CONF-7830,PRJ-9,USR-92544,Task,Notice American force although participant rich speech.,Medium,2026-07-08 12:13:49,2026-07-22 12:13:49,DONE,SPR-PRJ-8-21,3
WIN-6166,PRJ-5,USR-40539,Task,Mention rise front PM few husband.,Medium,2025-11-05 05:37:02,2025-11-06 05:37:02,DONE,SPR-PRJ-8-3,5
ANIM-8485,PRJ-2,USR-20345,Bug,Return sea bad treatment whole.,High,2025-12-07 09:26:25,2025-12-11 09:26:25,DONE,SPR-PRJ-7-1,3
ORGA-7265,PRJ-6,USR-98652,Story,Number yet past much soldier.,High,2026-08-01 04:23:27,2026-08-11 04:23:27,DONE,SPR-PRJ-5-8,5
ANIM-6332,PRJ-2,USR-99838,Bug,Hear list set.,Medium,2026-06-23 14:01:50,2026-06-24 14:01:50,DONE,SPR-PRJ-8-7,5
CHOI-7144,PRJ-4,USR-64287,Task,Section sing everybody provide painting.,Medium,2026-03-15 15:42:49,2026-03-24 15:42:49,DONE,SPR-PRJ-3-22,5
WIN-7779,PRJ-5,USR-23577,Bug,Question evening imagine affect.,Medium,2026-09-15 06:32:11,2026-09-25 06:32:11,DONE,SPR-PRJ-2-3,8
CONF-9955,PRJ-9,USR-88269,Bug,Ever leg so play.,Medium,2026-03-06 20:52:21,2026-03-18 20:52:21,DONE,SPR-PRJ-0-5,2
WIN-8304,PRJ-5,USR-70332,Task,Different remember determine particularly rock.,Medium,2025-11-03 16:34:02,2025-11-07 16:34:02,DONE,SPR-PRJ-4-21,3
CHOI-5183,PRJ-4,USR-19116,Story,Onto play forget home upon actually future.,High,2026-05-21 14:19:24,2026-06-01 14:19:24,DONE,SPR-PRJ-4-9,5
DEVE-9392,PRJ-0,USR-64387,Story,Charge take material mother color hope.,Low,2026-02-08 11:27:11,2026-02-22 11:27:11,DONE,SPR-PRJ-8-12,3
WIN-2099,PRJ-5,USR-14117,Bug,Produce number bad.,High,2026-03-02 10:44:30,2026-03-11 10:44:30,DONE,SPR-PRJ-1-16,8
PROF-2197,PRJ-3,USR-20828,Task,World bar security morning fight seem later.,Medium,2026-04-03 21:57:10,2026-04-11 21:57:10,DONE,SPR-PRJ-9-11,2
CONF-6567,PRJ-9,USR-15376,Bug,Choose once person.,Medium,2026-03-27 11:23:01,2026-03-28 11:23:01,DONE,SPR-PRJ-4-6,8
DEVE-1139,PRJ-0,USR-23577,Task,Indeed share seem exist season writer.,High,2026-05-04 08:15:51,2026-05-14 08:15:51,DONE,SPR-PRJ-7-4,3
PROF-6810,PRJ-3,USR-72739,Bug,Capital parent sure best design yeah number.,High,2026-02-19 16:59:19,2026-02-23 16:59:19,DONE,SPR-PRJ-8-5,2
DEVE-9739,PRJ-0,USR-37653,Story,Short worker without nearly.,Low,2025-12-05 07:58:01,2025-12-11 07:58:01,DONE,SPR-PRJ-0-17,3
PROF-5963,PRJ-3,USR-91560,Story,Industry out floor guy black.,High,2026-02-10 16:11:33,2026-02-23 16:11:33,DONE,SPR-PRJ-3-18,1
DEVE-8273,PRJ-0,USR-68222,Story,Maybe mouth different identify series experience.,Medium,2026-09-05 13:37:34,2026-09-06 13:37:34,DONE,SPR-PRJ-4-18,5
CONF-3042,PRJ-9,USR-96400,Bug,Church them hundred about stop several prevent.,Low,2026-09-21 00:31:08,2026-09-30 00:31:08,DONE,SPR-PRJ-1-7,2
ORGA-4129,PRJ-6,USR-94252,Bug,Himself president wind improve.,Medium,2026-06-19 08:23:07,2026-06-27 08:23:07,DONE,SPR-PRJ-2-17,8
ORGA-7881,PRJ-6,USR-56438,Task,Peace catch people.,Medium,2026-06-01 02:55:13,2026-06-06 02:55:13,DONE,SPR-PRJ-8-22,1
THES-7384,PRJ-1,USR-28321,Task,Number impact age particular coach personal range weight.,Low,2025-10-28 05:27:13,2025-11-08 05:27:13,DONE,SPR-PRJ-9-13,3
CONF-1151,PRJ-9,USR-83792,Bug,Third pressure need tell sure claim hard themselves.,Medium,2025-10-05 18:50:47,2025-10-18 18:50:47,DONE,SPR-PRJ-0-9,1
ORGA-3580,PRJ-6,USR-25572,Bug,View TV follow fall thus debate leave.,High,2025-12-04 00:10:12,2025-12-16 00:10:12,DONE,SPR-PRJ-8-15,2
TERM-4343,PRJ-7,USR-10350,Task,Kitchen drop computer left political sound study the.,Low,2025-12-31 03:05:18,2026-01-06 03:05:18,DONE,SPR-PRJ-0-7,1
ANIM-7679,PRJ-2,USR-60615,Bug,Each reveal attorney security.,Low,2026-09-14 22:26:53,2026-09-23 22:26:53,DONE,SPR-PRJ-1-19,2
THES-2841,PRJ-1,USR-85711,Task,Term yet television audience indicate employee.,Low,2026-06-18 20:00:21,2026-06-26 20:00:21,DONE,SPR-PRJ-1-10,8
TERM-5208,PRJ-7,USR-74569,Task,Building since positive move agency lose rise.,Low,2026-07-02 00:28:14,2026-07-13 00:28:14,DONE,SPR-PRJ-7-15,1
LIST-3126,PRJ-8,USR-39444,Bug,Stock rise always human until picture.,High,2026-01-18 17:41:56,2026-01-30 17:41:56,DONE,SPR-PRJ-1-0,5
PROF-5106,PRJ-3,USR-96706,Task,Skin billion suggest serious often social.,Low,2026-03-16 20:36:34,2026-03-24 20:36:34,DONE,SPR-PRJ-7-3,8
ANIM-6373,PRJ-2,USR-30676,Bug,Hand prevent center during.,Low,2026-07-04 08:33:32,2026-07-18 08:33:32,DONE,SPR-PRJ-0-8,5
DEVE-3342,PRJ-0,USR-18855,Story,Enough form really leader remember.,High,2026-04-02 09:09:34,2026-04-09 09:09:34,DONE,SPR-PRJ-3-10,1
PROF-7646,PRJ-3,USR-26547,Bug,Serious garden ready former late.,Medium,2026-07-16 04:55:00,2026-07-25 04:55:00,DONE,SPR-PRJ-4-16,1
WIN-4052,PRJ-5,USR-68979,Task,Every along cause miss ago they nor.,Low,2026-01-05 03:05:25,2026-01-13 03:05:25,DONE,SPR-PRJ-7-1,1
THES-6987,PRJ-1,USR-74205,Bug,Fill respond nothing fight require.,High,2026-07-01 04:12:45,2026-07-03 04:12:45,DONE,SPR-PRJ-2-10,5
CHOI-3069,PRJ-4,USR-74923,Task,Child source campaign parent teacher.,Low,2026-06-15 10:29:51,2026-06-17 10:29:51,DONE,SPR-PRJ-9-5,8
ANIM-4634,PRJ-2,USR-59377,Bug,Agreement deep field once else.,Medium,2026-01-04 21:20:55,2026-01-13 21:20:55,DONE,SPR-PRJ-6-9,2
LIST-6941,PRJ-8,USR-78069,Bug,Seat you image peace color general choose.,High,2026-07-04 00:35:28,2026-07-10 00:35:28,DONE,SPR-PRJ-1-16,1
CONF-4707,PRJ-9,USR-61374,Story,Fire hear tend magazine college moment compare.,Low,2026-08-24 01:59:27,2026-09-03 01:59:27,DONE,SPR-PRJ-4-12,2
ORGA-9548,PRJ-6,USR-42007,Task,Add water garden finally difference everything.,Medium,2026-09-10 08:58:35,2026-09-13 08:58:35,DONE,SPR-PRJ-7-16,3
LIST-6105,PRJ-8,USR-88696,Bug,Practice ground least tree.,High,2026-07-26 02:42:16,2026-07-27 02:42:16,DONE,SPR-PRJ-8-1,5
PROF-7410,PRJ-3,USR-47752,Task,Style suffer situation.,Low,2026-09-13 22:25:56,2026-09-17 22:25:56,DONE,SPR-PRJ-2-15,3
ORGA-3022,PRJ-6,USR-53652,Bug,Scientist hair allow phone weight.,High,2026-04-18 12:13:19,2026-04-22 12:13:19,DONE,SPR-PRJ-4-17,2
THES-9529,PRJ-1,USR-12490,Bug,Even which suggest Mrs.,Low,2026-04-12 00:32:59,2026-04-20 00:32:59,DONE,SPR-PRJ-2-11,5
TERM-3517,PRJ-7,USR-47363,Bug,Land mission each something.,Medium,2025-10-27 19:35:15,2025-11-01 19:35:15,DONE,SPR-PRJ-0-10,5
ANIM-8983,PRJ-2,USR-39571,Story,Direction response concern without entire.,High,2025-12-06 21:49:46,2025-12-18 21:49:46,DONE,SPR-PRJ-6-10,8
ORGA-7908,PRJ-6,USR-82305,Task,Sea safe true town.,Low,2026-01-12 17:21:15,2026-01-24 17:21:15,DONE,SPR-PRJ-2-22,3
WIN-2361,PRJ-5,USR-77552,Task,Few debate during seven local better think.,High,2025-11-17 10:31:51,2025-11-27 10:31:51,DONE,SPR-PRJ-5-6,2
LIST-7157,PRJ-8,USR-95755,Bug,So authority long kind live between.,Medium,2025-10-16 19:12:41,2025-10-17 19:12:41,DONE,SPR-PRJ-6-10,1
THES-2924,PRJ-1,USR-42530,Bug,Our feel act involve toward.,Low,2026-05-13 20:27:59,2026-05-25 20:27:59,DONE,SPR-PRJ-9-15,8
WIN-8212,PRJ-5,USR-58353,Bug,Since crime south pass lead a.,High,2026-07-03 13:47:55,2026-07-10 13:47:55,DONE,SPR-PRJ-8-16,5
ANIM-1395,PRJ-2,USR-22704,Task,Over manage computer medical method week.,Medium,2026-07-17 00:05:47,2026-07-30 00:05:47,DONE,SPR-PRJ-0-7,5
WIN-5074,PRJ-5,USR-86484,Task,Test eat every night final.,Medium,2026-01-21 07:54:25,2026-02-02 07:54:25,DONE,SPR-PRJ-6-18,3
WIN-7575,PRJ-5,USR-75211,Story,With watch maintain five.,Medium,2026-03-16 20:35:26,2026-03-30 20:35:26,DONE,SPR-PRJ-0-22,3
WIN-6010,PRJ-5,USR-19305,Bug,Many condition set pull behind television garden.,Medium,2026-04-12 20:24:58,2026-04-18 20:24:58,DONE,SPR-PRJ-6-15,5
WIN-6521,PRJ-5,USR-64548,Story,State cover board discussion film figure short.,High,2026-06-20 18:00:23,2026-06-26 18:00:23,DONE,SPR-PRJ-0-4,1
LIST-5853,PRJ-8,USR-53540,Task,Range until decision public.,Low,2026-03-29 05:17:06,2026-04-10 05:17:06,DONE,SPR-PRJ-0-19,2
ORGA-5315,PRJ-6,USR-83584,Task,Court how commercial citizen.,Medium,2026-01-30 16:47:52,2026-02-02 16:47:52,DONE,SPR-PRJ-9-19,5
PROF-8250,PRJ-3,USR-68115,Story,For might listen organization.,Low,2026-06-11 06:52:43,2026-06-16 06:52:43,DONE,SPR-PRJ-0-6,5
PROF-8214,PRJ-3,USR-30676,Story,Director enjoy various strong he.,Medium,2026-03-07 20:57:37,2026-03-11 20:57:37,DONE,SPR-PRJ-0-5,8
LIST-4149,PRJ-8,USR-48684,Bug,Risk stop firm final none several.,Medium,2026-01-23 21:22:40,2026-02-03 21:22:40,DONE,SPR-PRJ-6-3,5
ORGA-7065,PRJ-6,USR-22672,Story,Area impact position cause lead ever.,Medium,2025-09-29 03:57:25,2025-10-08 03:57:25,DONE,SPR-PRJ-3-19,1
PROF-9819,PRJ-3,USR-95929,Bug,Decade respond far health focus.,Low,2026-08-10 20:21:59,2026-08-18 20:21:59,DONE,SPR-PRJ-5-17,3
WIN-4669,PRJ-5,USR-60181,Story,For nice current Democrat me task.,Medium,2026-07-31 02:59:37,2026-08-10 02:59:37,DONE,SPR-PRJ-4-16,5
DEVE-8347,PRJ-0,USR-92203,Task,During for look return.,Medium,2025-11-07 10:51:20,2025-11-21 10:51:20,DONE,SPR-PRJ-7-12,2
CHOI-5128,PRJ-4,USR-31319,Bug,Sit hope where.,Low,2026-03-28 10:36:26,2026-04-05 10:36:26,DONE,SPR-PRJ-4-14,2
CHOI-9821,PRJ-4,USR-63005,Story,Economic would only arrive argue garden Mrs.,Low,2026-06-28 08:02:12,2026-07-11 08:02:12,DONE,SPR-PRJ-9-8,8
CONF-6152,PRJ-9,USR-56346,Story,Book care seek foot simple.,Low,2026-03-16 02:42:01,2026-03-29 02:42:01,DONE,SPR-PRJ-3-19,8
LIST-7778,PRJ-8,USR-55309,Story,Them operation off no.,Low,2026-03-06 15:46:11,2026-03-19 15:46:11,DONE,SPR-PRJ-8-2,2
THES-6436,PRJ-1,USR-71605,Bug,Foreign national produce news stage.,Low,2026-03-16 03:58:32,2026-03-27 03:58:32,DONE,SPR-PRJ-4-3,5
THES-6098,PRJ-1,USR-45838,Task,Cell show that.,Medium,2026-06-21 18:20:41,2026-06-23 18:20:41,DONE,SPR-PRJ-1-23,3
THES-6565,PRJ-1,USR-98395,Task,Whatever guess significant section Democrat fly.,High,2026-06-25 12:34:47,2026-07-05 12:34:47,DONE,SPR-PRJ-0-15,8
ANIM-1028,PRJ-2,USR-54597,Story,Gun current will else page usually cell.,Medium,2025-12-24 09:14:16,2025-12-31 09:14:16,DONE,SPR-PRJ-3-6,1
ANIM-4088,PRJ-2,USR-15075,Bug,Interview south something story art writer.,High,2026-06-03 09:11:53,2026-06-09 09:11:53,DONE,SPR-PRJ-1-0,2
TERM-3908,PRJ-7,USR-20345,Task,Not yet where.,High,2026-02-19 00:07:07,2026-03-01 00:07:07,DONE,SPR-PRJ-0-9,8
WIN-3955,PRJ-5,USR-69446,Story,So man offer plant same north.,Medium,2026-09-01 00:47:20,2026-09-05 00:47:20,DONE,SPR-PRJ-6-10,2
LIST-7370,PRJ-8,USR-61173,Bug,Mother sometimes suffer because.,Low,2026-05-01 18:43:52,2026-05-03 18:43:52,DONE,SPR-PRJ-3-14,2
PROF-7623,PRJ-3,USR-34881,Task,Particular year sell short issue everybody later.,Low,2026-09-20 05:22:45,2026-10-02 05:22:45,DONE,SPR-PRJ-8-1,8
LIST-9715,PRJ-8,USR-74139,Bug,Practice authority possible fund.,High,2026-09-03 22:19:06,2026-09-08 22:19:06,DONE,SPR-PRJ-3-10,2
ORGA-7623,PRJ-6,USR-65615,Story,Threat husband family perhaps hope across.,Medium,2026-04-19 21:44:09,2026-04-21 21:44:09,DONE,SPR-PRJ-3-10,8
TERM-5705,PRJ-7,USR-71348,Bug,Character talk once should mother president.,High,2026-01-30 03:55:29,2026-02-03 03:55:29,DONE,SPR-PRJ-0-22,3
WIN-1785,PRJ-5,USR-49294,Task,Understand throw resource officer country challenge final.,Medium,2025-12-13 18:18:38,2025-12-17 18:18:38,DONE,SPR-PRJ-3-18,8
LIST-3921,PRJ-8,USR-21053,Story,Mouth war always.,High,2025-11-05 03:30:31,2025-11-07 03:30:31,DONE,SPR-PRJ-4-21,2
PROF-9114,PRJ-3,USR-88696,Story,Give attorney that up probably cut clear.,High,2025-11-15 09:49:36,2025-11-22 09:49:36,DONE,SPR-PRJ-2-4,1
WIN-3900,PRJ-5,USR-19545,Task,View describe green case together.,Medium,2026-01-10 05:42:53,2026-01-11 05:42:53,DONE,SPR-PRJ-1-15,2
CHOI-7927,PRJ-4,USR-58353,Bug,Street heart know season.,Medium,2026-03-16 16:50:09,2026-03-20 16:50:09,DONE,SPR-PRJ-9-8,3
ORGA-7178,PRJ-6,USR-76768,Task,Herself land human day herself.,Medium,2026-07-11 07:34:19,2026-07-21 07:34:19,DONE,SPR-PRJ-0-2,5
PROF-2155,PRJ-3,USR-16658,Task,Behavior compare tree right.,High,2026-08-09 06:46:12,2026-08-12 06:46:12,DONE,SPR-PRJ-5-17,3
ORGA-5666,PRJ-6,USR-18511,Bug,Series build major painting.,Medium,2025-11-13 05:26:47,2025-11-15 05:26:47,DONE,SPR-PRJ-8-2,1
TERM-4289,PRJ-7,USR-21846,Task,Indeed decision before medical long meet.,High,2026-07-15 02:38:00,2026-07-17 02:38:00,DONE,SPR-PRJ-2-10,1
ORGA-7076,PRJ-6,USR-74178,Bug,Account sound hundred.,High,2026-03-23 10:12:10,2026-04-03 10:12:10,DONE,SPR-PRJ-9-23,8
DEVE-1232,PRJ-0,USR-57381,Task,Great watch student its.,High,2026-08-25 23:30:00,2026-08-31 23:30:00,DONE,SPR-PRJ-4-22,2
ANIM-5780,PRJ-2,USR-70332,Bug,Director red practice special then.,High,2026-08-22 05:13:48,2026-08-28 05:13:48,DONE,SPR-PRJ-7-0,5
CONF-9659,PRJ-9,USR-55745,Bug,Role today animal suggest concern.,Medium,2025-10-03 02:49:05,2025-10-04 02:49:05,DONE,SPR-PRJ-1-4,1
CONF-3783,PRJ-9,USR-44687,Story,Million cell like although.,High,2025-09-30 13:31:29,2025-10-02 13:31:29,DONE,SPR-PRJ-7-7,2
DEVE-7349,PRJ-0,USR-48058,Story,Term produce he increase church.,Low,2026-05-16 12:06:49,2026-05-17 12:06:49,DONE,SPR-PRJ-6-0,8
CONF-7325,PRJ-9,USR-67560,Task,View whole score special.,Low,2025-12-02 22:09:21,2025-12-06 22:09:21,DONE,SPR-PRJ-7-6,5
TERM-8850,PRJ-7,USR-87356,Bug,These body class marriage fill personal.,Medium,2025-12-06 11:51:24,2025-12-10 11:51:24,DONE,SPR-PRJ-1-12,3
CHOI-3626,PRJ-4,USR-41946,Task,Perform agreement ago agreement like.,High,2026-09-14 23:24:03,2026-09-15 23:24:03,DONE,SPR-PRJ-4-21,5
ANIM-6782,PRJ-2,USR-92578,Task,Trial another help out.,Medium,2026-07-09 09:19:24,2026-07-21 09:19:24,DONE,SPR-PRJ-4-19,5
WIN-7535,PRJ-5,USR-26334,Story,Citizen address today begin.,High,2026-04-18 22:20:49,2026-04-30 22:20:49,DONE,SPR-PRJ-2-0,8
LIST-7688,PRJ-8,USR-49446,Task,Why less indeed together.,High,2025-10-22 17:17:09,2025-10-30 17:17:09,DONE,SPR-PRJ-1-3,8
ORGA-1833,PRJ-6,USR-58147,Story,Tax speak a live.,Low,2026-03-17 00:03:30,2026-03-24 00:03:30,DONE,SPR-PRJ-9-23,8
PROF-7323,PRJ-3,USR-96900,Bug,Campaign prevent half party respond.,Low,2026-09-11 07:29:22,2026-09-21 07:29:22,DONE,SPR-PRJ-8-4,2
ANIM-7738,PRJ-2,USR-72739,Bug,See system cultural despite candidate walk difficult.,High,2026-03-31 12:24:33,2026-04-13 12:24:33,DONE,SPR-PRJ-9-22,5
DEVE-2590,PRJ-0,USR-91070,Story,Response executive past economic.,High,2025-10-28 21:08:31,2025-11-03 21:08:31,DONE,SPR-PRJ-9-2,1
PROF-6039,PRJ-3,USR-45054,Task,Role feeling report left.,Low,2026-01-02 07:30:20,2026-01-16 07:30:20,DONE,SPR-PRJ-4-18,5
CHOI-2662,PRJ-4,USR-17852,Story,Might write entire tonight foreign hear certainly.,High,2026-05-14 09:35:50,2026-05-21 09:35:50,DONE,SPR-PRJ-1-6,8
LIST-8693,PRJ-8,USR-21835,Story,Security son place.,High,2026-07-09 22:55:37,2026-07-20 22:55:37,DONE,SPR-PRJ-1-13,5
TERM-7215,PRJ-7,USR-48427,Bug,Woman add play structure down.,Low,2026-08-01 09:31:04,2026-08-15 09:31:04,DONE,SPR-PRJ-3-20,5
DEVE-9057,PRJ-0,USR-48829,Task,Activity lose tax could thank wife.,High,2026-02-28 01:11:24,2026-03-06 01:11:24,DONE,SPR-PRJ-0-17,2
ORGA-3449,PRJ-6,USR-61177,Bug,Yeah law enjoy key seat pretty method.,High,2026-03-03 12:04:52,2026-03-14 12:04:52,DONE,SPR-PRJ-3-10,3
CONF-7844,PRJ-9,USR-27790,Task,You control game the sign lead.,High,2026-02-04 23:25:06,2026-02-13 23:25:06,DONE,SPR-PRJ-2-23,8
DEVE-4912,PRJ-0,USR-63841,Task,Shake enjoy site interview agent myself.,Medium,2025-11-03 10:33:44,2025-11-04 10:33:44,DONE,SPR-PRJ-2-21,5
DEVE-3140,PRJ-0,USR-50499,Story,Window store build require call.,Low,2025-11-02 16:40:03,2025-11-12 16:40:03,DONE,SPR-PRJ-0-4,3
ORGA-1589,PRJ-6,USR-18109,Task,Laugh network vote whom will.,Medium,2026-02-08 23:10:41,2026-02-14 23:10:41,DONE,SPR-PRJ-8-13,8
ANIM-6672,PRJ-2,USR-44237,Task,Star those memory center quite simply.,Medium,2025-12-06 21:09:21,2025-12-11 21:09:21,DONE,SPR-PRJ-0-21,5
LIST-2859,PRJ-8,USR-77552,Story,Moment sister none most another mouth.,High,2025-12-13 02:53:24,2025-12-15 02:53:24,DONE,SPR-PRJ-1-21,3
DEVE-1220,PRJ-0,USR-51553,Bug,Really young coach city quite.,High,2026-04-24 11:11:27,2026-04-27 11:11:27,DONE,SPR-PRJ-6-5,5
CONF-2998,PRJ-9,USR-10221,Bug,Difficult us respond must western interest dark any.,High,2026-05-31 12:51:02,2026-06-03 12:51:02,DONE,SPR-PRJ-0-23,1
THES-7338,PRJ-1,USR-44237,Task,Hope miss instead live focus.,High,2026-03-01 15:29:27,2026-03-13 15:29:27,DONE,SPR-PRJ-5-6,8
CONF-2003,PRJ-9,USR-13478,Story,A edge new find type.,High,2026-07-04 04:23:48,2026-07-08 04:23:48,DONE,SPR-PRJ-2-19,2
THES-2241,PRJ-1,USR-88139,Story,Where arrive improve century state share southern week.,High,2026-05-23 01:45:08,2026-05-30 01:45:08,DONE,SPR-PRJ-6-18,8
CHOI-4575,PRJ-4,USR-33519,Bug,Skill position hospital cover strong audience.,High,2025-12-30 03:00:17,2026-01-08 03:00:17,DONE,SPR-PRJ-0-1,3
THES-9092,PRJ-1,USR-94012,Bug,Throughout but science want.,Medium,2026-01-12 05:37:20,2026-01-14 05:37:20,DONE,SPR-PRJ-7-4,5
CONF-6922,PRJ-9,USR-83889,Story,Kitchen public set action bring.,Low,2025-11-24 22:23:40,2025-11-29 22:23:40,DONE,SPR-PRJ-7-18,3
TERM-5919,PRJ-7,USR-74139,Bug,Bill pick likely produce federal by sea.,High,2026-01-25 19:18:43,2026-01-29 19:18:43,DONE,SPR-PRJ-6-6,2
TERM-8563,PRJ-7,USR-83619,Task,Audience without treat game.,Medium,2026-03-22 10:05:48,2026-04-05 10:05:48,DONE,SPR-PRJ-9-14,5
ORGA-1401,PRJ-6,USR-97580,Task,High through both.,Low,2026-01-10 15:16:01,2026-01-13 15:16:01,DONE,SPR-PRJ-4-6,3
ANIM-4013,PRJ-2,USR-88385,Task,One then reality some serve different.,High,2026-03-27 03:25:11,2026-04-01 03:25:11,DONE,SPR-PRJ-3-14,2
CHOI-5549,PRJ-4,USR-82924,Bug,Young owner out guy.,Medium,2025-11-05 23:34:56,2025-11-12 23:34:56,DONE,SPR-PRJ-4-15,2
THES-2096,PRJ-1,USR-84177,Bug,Student white instead point tend exactly right.,Medium,2026-08-30 14:07:11,2026-09-02 14:07:11,DONE,SPR-PRJ-2-12,8
DEVE-6046,PRJ-0,USR-38197,Task,Policy forget project economy ground.,Low,2026-01-12 02:20:21,2026-01-22 02:20:21,DONE,SPR-PRJ-4-13,8
CHOI-6588,PRJ-4,USR-47627,Story,Require magazine one determine.,Medium,2025-10-01 23:33:55,2025-10-11 23:33:55,DONE,SPR-PRJ-5-1,1
PROF-4431,PRJ-3,USR-38683,Task,Billion sit remain night study.,Low,2026-03-14 10:05:13,2026-03-22 10:05:13,DONE,SPR-PRJ-8-9,3
PROF-3082,PRJ-3,USR-58503,Bug,Million understand him own opportunity soldier west offer.,High,2026-02-19 22:00:12,2026-03-03 22:00:12,DONE,SPR-PRJ-6-7,8
TERM-1317,PRJ-7,USR-38080,Task,Guess pull tough instead hour.,High,2025-11-11 14:00:58,2025-11-21 14:00:58,DONE,SPR-PRJ-3-10,1
CHOI-2096,PRJ-4,USR-44237,Task,Girl small system.,Low,2026-07-13 00:33:18,2026-07-16 00:33:18,DONE,SPR-PRJ-3-21,1
DEVE-6361,PRJ-0,USR-70443,Bug,Also human source season it traditional democratic.,High,2026-05-07 15:02:50,2026-05-20 15:02:50,DONE,SPR-PRJ-2-21,3
PROF-4083,PRJ-3,USR-22656,Story,Piece forget factor.,Medium,2025-12-06 03:40:57,2025-12-18 03:40:57,DONE,SPR-PRJ-0-15,2
ORGA-7930,PRJ-6,USR-30926,Task,Rock support effect.,Medium,2026-03-06 00:32:41,2026-03-10 00:32:41,DONE,SPR-PRJ-1-12,3
ORGA-2289,PRJ-6,USR-26059,Story,Good whole everybody situation foot recognize.,Medium,2026-08-10 18:49:54,2026-08-21 18:49:54,DONE,SPR-PRJ-4-1,8
THES-5481,PRJ-1,USR-94843,Bug,Shoulder civil next tell possible.,Medium,2026-05-31 11:55:06,2026-06-05 11:55:06,DONE,SPR-PRJ-1-17,8
DEVE-6349,PRJ-0,USR-76307,Task,Send sit common matter become goal.,Low,2026-07-11 14:57:14,2026-07-18 14:57:14,DONE,SPR-PRJ-5-20,1
ORGA-3916,PRJ-6,USR-64381,Story,First figure trial bed image.,Low,2026-04-23 23:47:48,2026-04-28 23:47:48,DONE,SPR-PRJ-3-10,8
ANIM-9137,PRJ-2,USR-83792,Story,Police series dark task magazine front just.,High,2026-05-26 10:40:43,2026-06-04 10:40:43,DONE,SPR-PRJ-1-17,2
WIN-2139,PRJ-5,USR-69470,Bug,Where follow born ok.,Medium,2026-02-14 08:09:59,2026-02-25 08:09:59,DONE,SPR-PRJ-8-10,5
PROF-8348,PRJ-3,USR-16632,Task,Record night series Mrs huge receive cup.,High,2026-09-14 21:59:52,2026-09-18 21:59:52,DONE,SPR-PRJ-0-14,8
PROF-8842,PRJ-3,USR-39102,Story,Trip production system certainly future government card history.,High,2025-11-01 02:59:59,2025-11-15 02:59:59,DONE,SPR-PRJ-1-11,8
DEVE-9359,PRJ-0,USR-47930,Bug,Party wife food different step.,Low,2026-08-21 03:08:40,2026-09-02 03:08:40,DONE,SPR-PRJ-4-10,8
DEVE-4421,PRJ-0,USR-95181,Task,Choice yeah ago difference reason despite themselves.,Low,2025-12-31 11:04:22,2026-01-02 11:04:22,DONE,SPR-PRJ-6-4,3
ANIM-9785,PRJ-2,USR-84766,Bug,Certainly father who tax low.,Medium,2026-03-16 23:29:59,2026-03-21 23:29:59,DONE,SPR-PRJ-5-22,3
WIN-4207,PRJ-5,USR-13390,Story,News your court control million hundred.,Low,2026-03-16 10:23:41,2026-03-21 10:23:41,DONE,SPR-PRJ-4-19,1
LIST-7646,PRJ-8,USR-51245,Task,Section religious word sound enjoy have.,High,2026-05-08 10:43:55,2026-05-20 10:43:55,DONE,SPR-PRJ-9-22,2
PROF-5970,PRJ-3,USR-43491,Bug,Floor ground when care team.,High,2026-09-11 12:11:09,2026-09-21 12:11:09,DONE,SPR-PRJ-9-11,3
DEVE-4545,PRJ-0,USR-79588,Story,Somebody often benefit true world.,Medium,2026-06-26 18:15:08,2026-07-08 18:15:08,DONE,SPR-PRJ-4-3,3
TERM-8867,PRJ-7,USR-96127,Bug,Movement bit step direction give reduce with.,High,2026-06-29 01:25:20,2026-07-01 01:25:20,DONE,SPR-PRJ-6-13,1
DEVE-5493,PRJ-0,USR-81228,Task,Let off apply peace market.,Low,2026-08-11 20:04:57,2026-08-21 20:04:57,DONE,SPR-PRJ-1-16,1
PROF-7933,PRJ-3,USR-20322,Task,Well commercial nice next.,Medium,2026-03-15 08:37:01,2026-03-26 08:37:01,DONE,SPR-PRJ-0-5,3
CHOI-8486,PRJ-4,USR-85711,Story,Live relationship as great western everybody.,High,2025-10-19 07:27:02,2025-10-30 07:27:02,DONE,SPR-PRJ-7-22,1
THES-4847,PRJ-1,USR-96363,Bug,Require make region.,Low,2026-01-02 20:00:28,2026-01-07 20:00:28,DONE,SPR-PRJ-2-21,1
ANIM-4530,PRJ-2,USR-69510,Story,Democrat laugh Mrs push form now.,High,2025-11-17 18:03:38,2025-11-25 18:03:38,DONE,SPR-PRJ-4-14,5
THES-5601,PRJ-1,USR-20350,Story,Watch certain much race fire according participant.,Medium,2026-09-02 03:42:19,2026-09-03 03:42:19,DONE,SPR-PRJ-7-3,3
DEVE-1722,PRJ-0,USR-48058,Task,Onto simple audience as including claim.,Low,2026-06-30 12:27:58,2026-07-12 12:27:58,DONE,SPR-PRJ-5-5,2
THES-7017,PRJ-1,USR-30253,Story,Woman similar writer structure ahead.,Medium,2025-12-11 13:03:55,2025-12-22 13:03:55,DONE,SPR-PRJ-9-14,3
WIN-6681,PRJ-5,USR-67132,Task,Forward behind idea red.,Medium,2026-04-07 04:35:13,2026-04-13 04:35:13,DONE,SPR-PRJ-8-4,3
LIST-7681,PRJ-8,USR-77839,Bug,Source high listen suggest consumer find.,Medium,2026-06-20 03:02:19,2026-06-23 03:02:19,DONE,SPR-PRJ-3-13,3
ANIM-1700,PRJ-2,USR-57381,Bug,These matter continue husband dinner worry.,High,2025-12-04 20:40:30,2025-12-14 20:40:30,DONE,SPR-PRJ-3-15,8
PROF-7493,PRJ-3,USR-78012,Story,Fund sell model after.,Low,2026-05-30 19:08:28,2026-06-08 19:08:28,DONE,SPR-PRJ-0-10,8
ANIM-4715,PRJ-2,USR-82140,Task,Word arrive health collection.,High,2026-05-20 08:54:02,2026-05-26 08:54:02,DONE,SPR-PRJ-7-19,3
ORGA-4589,PRJ-6,USR-74942,Bug,Above his agree.,High,2026-04-20 10:51:00,2026-04-24 10:51:00,DONE,SPR-PRJ-6-19,5
DEVE-9265,PRJ-0,USR-42018,Story,Nor teacher western country per consider despite.,Low,2026-09-13 11:38:54,2026-09-18 11:38:54,DONE,SPR-PRJ-2-13,5
THES-4129,PRJ-1,USR-35995,Story,The tree outside off.,High,2026-02-08 01:01:46,2026-02-11 01:01:46,DONE,SPR-PRJ-8-19,1
ORGA-1173,PRJ-6,USR-23176,Task,Relationship they concern chance standard air.,Medium,2026-09-08 03:52:41,2026-09-12 03:52:41,DONE,SPR-PRJ-3-5,5
CONF-1686,PRJ-9,USR-80010,Task,Thousand soldier build various various blue raise.,Medium,2025-10-12 00:29:15,2025-10-18 00:29:15,DONE,SPR-PRJ-0-7,3
THES-7925,PRJ-1,USR-78012,Task,Cold between cover choice party front lawyer.,Low,2026-05-14 03:16:29,2026-05-22 03:16:29,DONE,SPR-PRJ-0-6,5
CHOI-9908,PRJ-4,USR-12389,Bug,Story six want protect assume east center.,Low,2026-06-09 16:38:17,2026-06-11 16:38:17,DONE,SPR-PRJ-4-20,5
CHOI-8392,PRJ-4,USR-38080,Story,Could identify group true TV specific travel.,Low,2026-08-10 11:32:04,2026-08-13 11:32:04,DONE,SPR-PRJ-6-7,1
ANIM-8588,PRJ-2,USR-49857,Bug,Better mind professional fly month offer mother hour.,Low,2026-06-28 18:44:39,2026-07-10 18:44:39,DONE,SPR-PRJ-0-12,3
TERM-3849,PRJ-7,USR-99381,Story,Executive career shake fall phone.,High,2026-04-27 03:43:35,2026-05-02 03:43:35,DONE,SPR-PRJ-6-9,3
THES-4262,PRJ-1,USR-40495,Task,Help make make focus machine home.,Low,2026-03-02 22:51:26,2026-03-15 22:51:26,DONE,SPR-PRJ-6-23,2
PROF-6571,PRJ-3,USR-75410,Task,Side recognize month among water.,High,2026-04-08 05:11:22,2026-04-20 05:11:22,DONE,SPR-PRJ-4-17,1
CONF-1387,PRJ-9,USR-18855,Bug,Security number community finish answer agreement whom his.,Medium,2026-01-24 05:38:58,2026-01-25 05:38:58,DONE,SPR-PRJ-7-13,8
THES-7858,PRJ-1,USR-46208,Bug,Appear stay them school model condition he.,Low,2026-02-10 13:46:42,2026-02-17 13:46:42,DONE,SPR-PRJ-0-17,1
TERM-7575,PRJ-7,USR-27139,Story,Treat better wear.,High,2026-06-25 11:56:39,2026-06-26 11:56:39,DONE,SPR-PRJ-1-17,1
TERM-9944,PRJ-7,USR-33600,Story,Republican authority data deal policy.,Low,2026-09-08 12:26:48,2026-09-11 12:26:48,DONE,SPR-PRJ-6-5,5
PROF-3414,PRJ-3,USR-89928,Task,Two deal ready.,High,2025-10-03 00:25:11,2025-10-09 00:25:11,DONE,SPR-PRJ-0-15,8
CHOI-9692,PRJ-4,USR-53506,Story,Above drive sport story worker.,Medium,2026-09-20 22:17:59,2026-09-24 22:17:59,DONE,SPR-PRJ-9-4,5
PROF-2622,PRJ-3,USR-52517,Bug,Head study and center east.,Low,2026-02-25 09:21:49,2026-03-11 09:21:49,DONE,SPR-PRJ-8-13,1
ANIM-2114,PRJ-2,USR-32349,Story,Think institution now tell phone.,Low,2026-06-13 14:15:45,2026-06-16 14:15:45,DONE,SPR-PRJ-2-15,5
ORGA-1977,PRJ-6,USR-51553,Task,Important act statement help successful.,Medium,2025-12-15 12:40:14,2025-12-16 12:40:14,DONE,SPR-PRJ-2-1,3
ANIM-8853,PRJ-2,USR-50492,Task,Effect action realize among short can ready.,Low,2025-12-09 13:19:14,2025-12-23 13:19:14,DONE,SPR-PRJ-8-1,2
TERM-2229,PRJ-7,USR-16764,Story,Boy total major contain.,Low,2025-10-24 08:25:11,2025-10-26 08:25:11,DONE,SPR-PRJ-7-12,2
ORGA-5601,PRJ-6,USR-72973,Task,Want either race us.,Medium,2026-02-01 02:28:28,2026-02-15 02:28:28,DONE,SPR-PRJ-5-17,8
TERM-7325,PRJ-7,USR-14929,Bug,Movie expect now board budget.,Low,2026-02-28 14:37:14,2026-03-09 14:37:14,DONE,SPR-PRJ-9-20,8
TERM-6522,PRJ-7,USR-50327,Task,Wear never marriage camera yet.,Low,2026-08-12 12:51:33,2026-08-21 12:51:33,DONE,SPR-PRJ-6-13,1
LIST-4732,PRJ-8,USR-77715,Story,Body director strategy continue several southern drop.,Low,2026-03-28 02:04:52,2026-04-01 02:04:52,DONE,SPR-PRJ-3-17,3
ORGA-5563,PRJ-6,USR-92998,Bug,Just central others American value short.,High,2026-05-23 22:17:27,2026-06-05 22:17:27,DONE,SPR-PRJ-6-12,2
WIN-9892,PRJ-5,USR-56176,Task,Right analysis add check teacher.,Low,2025-12-09 08:24:28,2025-12-18 08:24:28,DONE,SPR-PRJ-1-20,1
PROF-4370,PRJ-3,USR-77251,Task,Glass customer popular hospital.,High,2026-01-02 08:43:51,2026-01-13 08:43:51,DONE,SPR-PRJ-8-15,5
CHOI-8521,PRJ-4,USR-18418,Bug,Measure different physical from return.,High,2025-11-25 10:03:27,2025-11-30 10:03:27,DONE,SPR-PRJ-1-7,5
PROF-5174,PRJ-3,USR-91689,Bug,Attorney early more news century who.,Low,2025-10-06 18:59:18,2025-10-20 18:59:18,DONE,SPR-PRJ-2-22,8
DEVE-8007,PRJ-0,USR-95316,Story,Range improve move peace.,Medium,2025-10-18 23:41:23,2025-10-25 23:41:23,DONE,SPR-PRJ-4-3,3
WIN-1892,PRJ-5,USR-59692,Story,Have century billion do high none.,Low,2025-12-01 22:48:36,2025-12-10 22:48:36,DONE,SPR-PRJ-2-20,2
CONF-1981,PRJ-9,USR-13492,Bug,Shoulder build different pick nor available.,Low,2026-08-08 23:22:31,2026-08-13 23:22:31,DONE,SPR-PRJ-3-0,5
CHOI-6792,PRJ-4,USR-19116,Bug,Visit population executive pattern last security raise.,Low,2026-06-05 22:55:23,2026-06-11 22:55:23,DONE,SPR-PRJ-8-3,2
CONF-1285,PRJ-9,USR-41186,Bug,Generation write lawyer try check.,Low,2026-05-22 21:00:37,2026-05-27 21:00:37,DONE,SPR-PRJ-8-15,5
PROF-4965,PRJ-3,USR-85598,Story,Difference expert room white home either.,High,2026-04-23 07:12:18,2026-04-28 07:12:18,DONE,SPR-PRJ-1-3,1
CONF-7335,PRJ-9,USR-56438,Story,Science it feel amount improve they.,Medium,2025-11-28 05:20:41,2025-12-10 05:20:41,DONE,SPR-PRJ-4-17,5
DEVE-9868,PRJ-0,USR-20336,Bug,Would by phone decade image.,Medium,2026-08-23 17:21:08,2026-08-30 17:21:08,DONE,SPR-PRJ-8-10,8
LIST-7355,PRJ-8,USR-26334,Task,Leave laugh weight less full program.,High,2026-09-05 03:02:14,2026-09-17 03:02:14,DONE,SPR-PRJ-0-19,8
ORGA-4393,PRJ-6,USR-53687,Task,Day describe course create them process peace.,High,2025-11-17 15:48:14,2025-11-29 15:48:14,DONE,SPR-PRJ-3-2,2
CONF-4998,PRJ-9,USR-74923,Bug,Nature shake impact popular degree center board.,High,2026-09-11 14:59:45,2026-09-18 14:59:45,DONE,SPR-PRJ-6-2,3
ORGA-8296,PRJ-6,USR-64387,Task,Feel strategy simple perhaps anything describe necessary.,Medium,2026-06-07 06:22:43,2026-06-11 06:22:43,DONE,SPR-PRJ-2-20,3
PROF-9473,PRJ-3,USR-51114,Story,View it wall agency deal note.,Medium,2025-11-26 19:48:55,2025-12-02 19:48:55,DONE,SPR-PRJ-0-12,2
CONF-1820,PRJ-9,USR-82512,Task,Worker quite shoulder political offer.,Medium,2025-12-02 21:25:04,2025-12-05 21:25:04,DONE,SPR-PRJ-3-3,2
ORGA-6105,PRJ-6,USR-10726,Story,Character first early school several.,Low,2026-08-03 23:25:31,2026-08-04 23:25:31,DONE,SPR-PRJ-6-2,2
ANIM-4870,PRJ-2,USR-51114,Bug,Particular shake most physical along best.,Low,2026-04-03 23:19:05,2026-04-05 23:19:05,DONE,SPR-PRJ-0-17,1
WIN-3931,PRJ-5,USR-53025,Story,Again turn thank former.,High,2025-10-22 08:16:32,2025-10-28 08:16:32,DONE,SPR-PRJ-9-2,2
LIST-1931,PRJ-8,USR-38746,Task,Use ground season when film at.,High,2025-10-31 21:27:06,2025-11-14 21:27:06,DONE,SPR-PRJ-1-9,2
TERM-5027,PRJ-7,USR-82132,Bug,On stock little region face big.,High,2026-05-27 00:01:32,2026-05-30 00:01:32,DONE,SPR-PRJ-6-19,8
DEVE-5705,PRJ-0,USR-49210,Bug,Too charge indeed mother.,Medium,2026-05-03 04:15:24,2026-05-12 04:15:24,DONE,SPR-PRJ-5-18,5
WIN-7638,PRJ-5,USR-22672,Task,Citizen need light work ready tough.,High,2026-05-25 01:57:19,2026-06-03 01:57:19,DONE,SPR-PRJ-9-3,5
CONF-7021,PRJ-9,USR-21188,Task,Training best always they.,Medium,2025-11-09 23:40:52,2025-11-16 23:40:52,DONE,SPR-PRJ-3-4,3
DEVE-4531,PRJ-0,USR-16839,Story,Local short only write gun kid.,Medium,2026-03-29 14:01:21,2026-04-12 14:01:21,DONE,SPR-PRJ-6-7,2
ANIM-1268,PRJ-2,USR-10336,Task,Language after man public.,Medium,2026-05-07 01:40:30,2026-05-14 01:40:30,DONE,SPR-PRJ-4-23,5
ORGA-1841,PRJ-6,USR-94136,Bug,Write though attention career feel hour.,High,2026-02-07 11:48:07,2026-02-12 11:48:07,DONE,SPR-PRJ-3-23,1
ORGA-2279,PRJ-6,USR-52101,Bug,Year social protect which.,Low,2025-11-24 00:23:44,2025-12-02 00:23:44,DONE,SPR-PRJ-0-10,5
CHOI-9302,PRJ-4,USR-81200,Bug,Represent we bar owner son.,Low,2026-01-29 12:12:45,2026-02-07 12:12:45,DONE,SPR-PRJ-2-21,1
LIST-7082,PRJ-8,USR-82140,Bug,Through individual college surface court exactly minute trouble.,Medium,2025-10-03 03:48:05,2025-10-09 03:48:05,DONE,SPR-PRJ-6-15,3
TERM-8987,PRJ-7,USR-17331,Bug,Town appear draw fill large item.,Low,2026-04-05 02:34:20,2026-04-17 02:34:20,DONE,SPR-PRJ-7-23,8
WIN-8206,PRJ-5,USR-13804,Story,Seek service leader bag necessary.,High,2025-10-12 16:09:36,2025-10-25 16:09:36,DONE,SPR-PRJ-9-18,2
ORGA-4608,PRJ-6,USR-54597,Story,Action off few current like home receive establish.,High,2025-11-16 16:49:48,2025-11-23 16:49:48,DONE,SPR-PRJ-6-1,2
PROF-1009,PRJ-3,USR-93584,Story,Happen mention year interesting religious car.,Medium,2026-02-19 15:39:42,2026-03-03 15:39:42,DONE,SPR-PRJ-5-3,1
TERM-2871,PRJ-7,USR-58237,Task,Need major entire tree try.,Low,2026-02-08 10:16:03,2026-02-20 10:16:03,DONE,SPR-PRJ-3-23,5
WIN-9629,PRJ-5,USR-94562,Bug,Technology time age campaign seven drug.,Low,2025-10-29 21:26:05,2025-11-07 21:26:05,DONE,SPR-PRJ-7-6,3
ORGA-8919,PRJ-6,USR-50492,Task,Assume occur down beautiful away rich.,Medium,2025-12-04 17:50:39,2025-12-16 17:50:39,DONE,SPR-PRJ-4-7,1
ANIM-4663,PRJ-2,USR-78012,Story,Thank pay choose personal the leave.,Medium,2026-07-09 23:47:44,2026-07-12 23:47:44,DONE,SPR-PRJ-9-21,1
ORGA-7551,PRJ-6,USR-84177,Story,Skill black business region current second.,High,2026-09-01 03:46:36,2026-09-04 03:46:36,DONE,SPR-PRJ-6-15,5
ORGA-7650,PRJ-6,USR-17104,Task,Begin week about social.,High,2025-10-28 11:30:37,2025-11-03 11:30:37,DONE,SPR-PRJ-3-22,1
ORGA-4506,PRJ-6,USR-77889,Task,Anyone bag fly more live.,High,2025-12-26 11:30:31,2026-01-05 11:30:31,DONE,SPR-PRJ-8-13,2
CONF-7174,PRJ-9,USR-80686,Story,Painting control explain put ten article continue.,Low,2025-12-12 14:03:08,2025-12-13 14:03:08,DONE,SPR-PRJ-1-14,8
ANIM-1841,PRJ-2,USR-31417,Story,Compare culture century my.,Medium,2025-09-29 09:55:49,2025-10-13 09:55:49,DONE,SPR-PRJ-3-21,3
WIN-2637,PRJ-5,USR-80686,Story,Reflect away cost focus.,Low,2025-12-09 11:54:50,2025-12-10 11:54:50,DONE,SPR-PRJ-8-18,2
CHOI-9619,PRJ-4,USR-12671,Story,House structure father include.,High,2025-12-24 09:32:52,2026-01-01 09:32:52,DONE,SPR-PRJ-6-11,3
CONF-4666,PRJ-9,USR-13390,Task,Design economy general drive according.,Low,2026-06-02 17:51:47,2026-06-05 17:51:47,DONE,SPR-PRJ-7-9,5
CHOI-7571,PRJ-4,USR-77889,Task,Example claim article management total.,Low,2026-09-07 19:40:10,2026-09-13 19:40:10,DONE,SPR-PRJ-2-5,2
DEVE-2301,PRJ-0,USR-69638,Story,Sense involve purpose together knowledge with purpose five.,High,2025-10-20 10:05:28,2025-10-28 10:05:28,DONE,SPR-PRJ-1-8,2
CONF-4919,PRJ-9,USR-82102,Story,Recently painting where notice road five.,Low,2026-07-23 12:55:29,2026-08-03 12:55:29,DONE,SPR-PRJ-7-3,8
PROF-8753,PRJ-3,USR-93130,Task,Have feel major national seat direction color.,High,2026-02-13 00:56:09,2026-02-19 00:56:09,DONE,SPR-PRJ-0-16,1
TERM-8594,PRJ-7,USR-10205,Bug,Important they food someone war idea.,Medium,2026-06-22 06:24:36,2026-06-30 06:24:36,DONE,SPR-PRJ-1-10,3
CONF-4014,PRJ-9,USR-83519,Task,Laugh center seek information agency cause first.,Medium,2026-08-30 07:47:29,2026-09-01 07:47:29,DONE,SPR-PRJ-5-4,3
TERM-5552,PRJ-7,USR-42527,Task,Change hand its stage town character watch describe.,High,2026-08-30 22:24:28,2026-09-12 22:24:28,DONE,SPR-PRJ-0-2,3
WIN-1044,PRJ-5,USR-68183,Bug,Line even cup market citizen stop.,High,2025-10-03 07:50:42,2025-10-07 07:50:42,DONE,SPR-PRJ-1-13,3
LIST-4222,PRJ-8,USR-80748,Story,Everyone couple parent material itself surface maintain.,Medium,2026-08-24 13:12:52,2026-09-05 13:12:52,DONE,SPR-PRJ-6-7,8
CHOI-6449,PRJ-4,USR-19120,Story,Government black well relationship.,Medium,2026-06-12 12:41:25,2026-06-26 12:41:25,DONE,SPR-PRJ-9-8,5
PROF-8360,PRJ-3,USR-75570,Story,Center million management describe make.,High,2026-05-21 00:21:23,2026-06-01 00:21:23,DONE,SPR-PRJ-9-15,8
LIST-4755,PRJ-8,USR-52981,Task,City piece range investment business can example right.,High,2026-01-24 13:55:29,2026-01-31 13:55:29,DONE,SPR-PRJ-0-0,5
DEVE-9220,PRJ-0,USR-18855,Bug,Hard wife as language.,Medium,2026-08-06 10:01:43,2026-08-19 10:01:43,DONE,SPR-PRJ-6-9,1
LIST-5711,PRJ-8,USR-77889,Task,Decide for do the fine.,Low,2026-03-07 21:48:44,2026-03-19 21:48:44,DONE,SPR-PRJ-3-12,2
ORGA-2305,PRJ-6,USR-78069,Task,Skill never officer former create camera focus.,High,2026-09-17 14:22:52,2026-09-19 14:22:52,DONE,SPR-PRJ-1-9,3
CHOI-7808,PRJ-4,USR-97062,Bug,Wife director or down standard major like.,High,2026-05-30 16:06:23,2026-06-05 16:06:23,DONE,SPR-PRJ-1-0,3
THES-2248,PRJ-1,USR-17665,Story,Memory believe seek perhaps ball make.,High,2025-10-04 11:52:52,2025-10-06 11:52:52,DONE,SPR-PRJ-8-7,3
THES-9199,PRJ-1,USR-18285,Task,At hope cover show Republican.,Low,2026-05-18 23:43:20,2026-05-20 23:43:20,DONE,SPR-PRJ-5-3,8
WIN-3890,PRJ-5,USR-95841,Task,Listen development able green.,Low,2026-02-15 05:47:00,2026-02-16 05:47:00,DONE,SPR-PRJ-9-17,8
WIN-3627,PRJ-5,USR-18285,Story,No situation what machine fire third customer.,Medium,2026-05-25 23:59:09,2026-06-07 23:59:09,DONE,SPR-PRJ-6-17,3
THES-9395,PRJ-1,USR-32810,Story,Whatever our build safe save.,High,2026-08-07 19:37:24,2026-08-17 19:37:24,DONE,SPR-PRJ-6-19,5
TERM-8501,PRJ-7,USR-23006,Story,Sometimes executive so institution stand action end.,High,2025-12-11 16:05:11,2025-12-12 16:05:11,DONE,SPR-PRJ-4-19,2
WIN-6549,PRJ-5,USR-95181,Task,Agent prepare several bad let.,Medium,2025-11-21 21:49:05,2025-11-23 21:49:05,DONE,SPR-PRJ-1-10,1
CONF-3224,PRJ-9,USR-58147,Bug,Land high church know.,Medium,2026-09-15 07:05:51,2026-09-17 07:05:51,DONE,SPR-PRJ-6-15,1
LIST-7973,PRJ-8,USR-28373,Story,View lay cup paper.,Medium,2026-01-26 22:35:18,2026-02-06 22:35:18,DONE,SPR-PRJ-1-11,3
ORGA-2218,PRJ-6,USR-41571,Task,Only follow admit appear.,Medium,2026-01-15 13:16:00,2026-01-27 13:16:00,DONE,SPR-PRJ-3-4,5
ANIM-2524,PRJ-2,USR-83048,Bug,Local center story heart agent its food.,Low,2026-01-31 18:38:25,2026-02-14 18:38:25,DONE,SPR-PRJ-1-1,3
WIN-3027,PRJ-5,USR-72781,Story,Party set poor food series always.,High,2025-12-05 02:09:03,2025-12-06 02:09:03,DONE,SPR-PRJ-2-22,3
LIST-9946,PRJ-8,USR-85156,Task,Reveal require market until.,High,2026-04-13 16:33:10,2026-04-20 16:33:10,DONE,SPR-PRJ-8-0,1
WIN-5408,PRJ-5,USR-31174,Story,Bill clear research begin.,Low,2025-11-20 07:09:15,2025-11-21 07:09:15,DONE,SPR-PRJ-1-3,5
LIST-2751,PRJ-8,USR-36090,Bug,Full include seem manage nation modern.,High,2026-02-13 21:28:56,2026-02-15 21:28:56,DONE,SPR-PRJ-3-13,2
THES-1275,PRJ-1,USR-98916,Story,Reason nature become debate city several.,High,2026-06-03 05:16:09,2026-06-15 05:16:09,DONE,SPR-PRJ-8-18,8
LIST-5477,PRJ-8,USR-41147,Story,Dinner argue raise agency poor.,Medium,2026-08-30 07:37:49,2026-09-08 07:37:49,DONE,SPR-PRJ-2-12,1
ORGA-4153,PRJ-6,USR-48829,Story,Long among serve wear west.,Medium,2026-06-24 18:16:42,2026-07-04 18:16:42,DONE,SPR-PRJ-4-9,8
THES-7884,PRJ-1,USR-61879,Story,Floor hold plant how member face age.,High,2025-11-19 10:17:30,2025-11-26 10:17:30,DONE,SPR-PRJ-6-7,2
ANIM-2965,PRJ-2,USR-96163,Bug,Nearly always operation decade old according.,High,2026-07-01 12:57:54,2026-07-05 12:57:54,DONE,SPR-PRJ-2-15,1
ANIM-4573,PRJ-2,USR-18330,Story,Ok happy together clearly.,Low,2026-06-26 12:33:39,2026-06-30 12:33:39,DONE,SPR-PRJ-7-15,1
WIN-4380,PRJ-5,USR-12389,Bug,Movie trip season example.,High,2025-12-18 14:19:23,2026-01-01 14:19:23,DONE,SPR-PRJ-3-22,3
CHOI-8264,PRJ-4,USR-16895,Story,Memory civil cut parent free force.,High,2026-04-30 23:49:46,2026-05-07 23:49:46,DONE,SPR-PRJ-3-18,2
TERM-5487,PRJ-7,USR-81482,Task,Budget experience agreement owner prepare memory.,Medium,2026-01-06 01:38:49,2026-01-09 01:38:49,DONE,SPR-PRJ-0-15,1
ORGA-2809,PRJ-6,USR-95426,Task,Continue among source sea them.,High,2026-03-03 12:23:52,2026-03-10 12:23:52,DONE,SPR-PRJ-8-4,1
TERM-6699,PRJ-7,USR-59968,Story,Save fear ready Democrat order field less.,Low,2025-12-13 16:32:59,2025-12-27 16:32:59,DONE,SPR-PRJ-2-22,5
PROF-8178,PRJ-3,USR-12154,Story,Discover three such describe agency actually stop team.,Low,2026-06-05 13:17:57,2026-06-13 13:17:57,DONE,SPR-PRJ-4-2,2
THES-5385,PRJ-1,USR-18418,Bug,Water home force worker own close man.,High,2025-12-16 02:25:54,2025-12-21 02:25:54,DONE,SPR-PRJ-9-4,8
CONF-2755,PRJ-9,USR-40311,Story,Experience would tax eat pattern this system people.,Low,2026-05-02 18:23:54,2026-05-11 18:23:54,DONE,SPR-PRJ-9-3,8
TERM-9656,PRJ-7,USR-48427,Task,Water us field.,Low,2026-08-25 20:27:04,2026-09-07 20:27:04,DONE,SPR-PRJ-5-21,5
THES-6019,PRJ-1,USR-20561,Bug,Which best happy position wife score health.,Medium,2026-02-22 02:11:09,2026-03-04 02:11:09,DONE,SPR-PRJ-2-3,5
WIN-2574,PRJ-5,USR-51114,Story,President father alone build center lead.,Medium,2026-01-13 16:40:32,2026-01-14 16:40:32,DONE,SPR-PRJ-9-3,3
WIN-9079,PRJ-5,USR-38305,Story,Build PM weight society they.,Low,2026-09-06 13:53:53,2026-09-08 13:53:53,DONE,SPR-PRJ-1-2,8
PROF-8652,PRJ-3,USR-57576,Story,Add beat doctor thank.,Low,2026-03-31 00:25:55,2026-04-09 00:25:55,DONE,SPR-PRJ-4-16,2
THES-1599,PRJ-1,USR-29442,Task,Event against none as reality democratic huge.,High,2026-05-10 02:59:55,2026-05-15 02:59:55,DONE,SPR-PRJ-6-20,8
PROF-2946,PRJ-3,USR-15706,Bug,Also it letter.,Low,2026-02-20 12:56:29,2026-03-04 12:56:29,DONE,SPR-PRJ-6-17,2
DEVE-9020,PRJ-0,USR-96127,Task,Officer analysis as.,Medium,2025-12-03 22:25:00,2025-12-05 22:25:00,DONE,SPR-PRJ-0-22,8
DEVE-7997,PRJ-0,USR-19710,Task,Report rest dark environment provide.,Low,2026-07-22 19:39:11,2026-08-03 19:39:11,DONE,SPR-PRJ-1-18,1
CHOI-4154,PRJ-4,USR-38683,Bug,Dog language ability practice them.,High,2026-08-31 14:38:08,2026-09-12 14:38:08,DONE,SPR-PRJ-1-21,2
TERM-2003,PRJ-7,USR-46512,Story,Next reflect social resource score expert.,High,2026-08-17 09:30:27,2026-08-19 09:30:27,DONE,SPR-PRJ-7-17,2
ORGA-3521,PRJ-6,USR-17852,Story,Happen star name health top risk must fly.,Medium,2025-10-31 07:10:55,2025-11-07 07:10:55,DONE,SPR-PRJ-0-1,2
ORGA-2778,PRJ-6,USR-59695,Story,Imagine oil head work should challenge.,High,2026-06-02 05:55:31,2026-06-09 05:55:31,DONE,SPR-PRJ-1-3,5
LIST-9697,PRJ-8,USR-88301,Bug,Put imagine which beat education case under.,Medium,2026-06-15 04:42:42,2026-06-23 04:42:42,DONE,SPR-PRJ-1-16,8
TERM-7961,PRJ-7,USR-18855,Task,Late much quite threat gas truth work.,Medium,2026-06-04 15:14:49,2026-06-10 15:14:49,DONE,SPR-PRJ-2-18,8
ORGA-5842,PRJ-6,USR-73956,Story,Game plan seat surface off with society station.,Low,2025-11-22 07:03:13,2025-11-24 07:03:13,DONE,SPR-PRJ-8-11,2
THES-8853,PRJ-1,USR-70036,Bug,Statement thing wrong name.,Low,2026-02-27 21:20:12,2026-03-13 21:20:12,DONE,SPR-PRJ-1-10,1
ANIM-4940,PRJ-2,USR-30644,Bug,Offer effort nearly walk.,Low,2026-04-16 17:49:04,2026-04-18 17:49:04,DONE,SPR-PRJ-2-13,8
LIST-2532,PRJ-8,USR-40947,Story,Range skin major for student.,High,2026-07-11 05:41:38,2026-07-12 05:41:38,DONE,SPR-PRJ-4-13,5
THES-9486,PRJ-1,USR-12552,Task,View mission standard despite go impact seem.,Low,2026-02-18 22:41:58,2026-03-01 22:41:58,DONE,SPR-PRJ-5-19,1
DEVE-1542,PRJ-0,USR-93320,Bug,Policy law strong time could.,Low,2025-11-07 07:03:12,2025-11-08 07:03:12,DONE,SPR-PRJ-9-4,1
CONF-2328,PRJ-9,USR-41566,Story,Son manager trouble reason fill sense field.,Medium,2025-09-27 04:38:29,2025-10-10 04:38:29,DONE,SPR-PRJ-9-12,8
DEVE-3453,PRJ-0,USR-91927,Bug,Point week course administration fast debate still.,High,2025-12-17 05:22:51,2025-12-30 05:22:51,DONE,SPR-PRJ-9-18,8
ANIM-2393,PRJ-2,USR-22463,Bug,Attack laugh budget war.,Low,2026-06-18 05:37:57,2026-06-27 05:37:57,DONE,SPR-PRJ-5-2,3
ANIM-5734,PRJ-2,USR-75435,Task,Action our gas heart field people.,Medium,2026-06-10 21:30:17,2026-06-18 21:30:17,DONE,SPR-PRJ-0-10,8
CONF-1800,PRJ-9,USR-32103,Story,Play order quickly with matter goal eight.,Medium,2026-09-19 01:57:55,2026-09-25 01:57:55,DONE,SPR-PRJ-6-18,3
ANIM-7638,PRJ-2,USR-83060,Task,Send show institution onto thing we.,High,2026-03-29 21:20:01,2026-04-11 21:20:01,DONE,SPR-PRJ-2-20,8
DEVE-6999,PRJ-0,USR-41531,Bug,Yes here while service beautiful edge begin.,Medium,2026-06-19 22:19:58,2026-07-01 22:19:58,DONE,SPR-PRJ-0-10,8
DEVE-7663,PRJ-0,USR-59060,Bug,Two lawyer see drop worker alone finally since.,Low,2025-12-31 06:16:52,2026-01-08 06:16:52,DONE,SPR-PRJ-6-14,3
ANIM-3060,PRJ-2,USR-27675,Story,Describe improve act campaign television sit very.,High,2026-08-24 20:55:40,2026-09-07 20:55:40,DONE,SPR-PRJ-4-4,3
CHOI-5237,PRJ-4,USR-13248,Bug,Maybe leg recent hold.,Medium,2026-03-18 13:28:22,2026-03-26 13:28:22,DONE,SPR-PRJ-9-9,2
PROF-9656,PRJ-3,USR-97670,Story,President any one recently make total fall.,High,2026-09-21 04:31:41,2026-10-02 04:31:41,DONE,SPR-PRJ-0-16,2
CHOI-3799,PRJ-4,USR-92998,Bug,Face former body.,Low,2025-11-29 03:59:22,2025-12-04 03:59:22,DONE,SPR-PRJ-4-8,3
ANIM-7033,PRJ-2,USR-59941,Task,Current main accept simply.,High,2025-11-26 01:53:25,2025-11-28 01:53:25,DONE,SPR-PRJ-3-7,3
CHOI-7387,PRJ-4,USR-16839,Task,Significant analysis consumer future.,Medium,2026-08-06 07:01:51,2026-08-20 07:01:51,DONE,SPR-PRJ-9-7,1
WIN-6569,PRJ-5,USR-50888,Story,Suffer director know red treatment big cause science.,Low,2026-06-19 05:24:55,2026-06-20 05:24:55,DONE,SPR-PRJ-7-3,1
CHOI-5761,PRJ-4,USR-34486,Bug,Age many some involve remain today happy.,Low,2026-05-20 00:00:49,2026-05-21 00:00:49,DONE,SPR-PRJ-8-5,2
LIST-9207,PRJ-8,USR-85821,Task,Industry almost job reduce.,Medium,2026-04-26 00:43:45,2026-05-08 00:43:45,DONE,SPR-PRJ-1-10,5
WIN-1615,PRJ-5,USR-11504,Task,Beautiful there professor listen.,High,2025-10-22 22:59:52,2025-10-26 22:59:52,DONE,SPR-PRJ-9-18,2
CHOI-6162,PRJ-4,USR-85392,Bug,Trade then building class now.,High,2026-04-11 21:43:34,2026-04-24 21:43:34,DONE,SPR-PRJ-1-12,1
TERM-9621,PRJ-7,USR-57265,Story,Land you health enjoy at.,Low,2026-06-12 01:59:16,2026-06-13 01:59:16,DONE,SPR-PRJ-6-11,2
PROF-9070,PRJ-3,USR-50425,Task,Old break always dark.,High,2026-07-30 18:24:06,2026-07-31 18:24:06,DONE,SPR-PRJ-9-9,5
CONF-9272,PRJ-9,USR-94659,Task,Second hospital head member.,High,2026-01-21 14:29:09,2026-01-29 14:29:09,DONE,SPR-PRJ-5-8,5
DEVE-4028,PRJ-0,USR-53506,Story,Modern entire most field.,Low,2025-10-01 16:28:30,2025-10-03 16:28:30,DONE,SPR-PRJ-3-13,5
LIST-1214,PRJ-8,USR-79588,Task,Floor during lose degree.,Low,2026-08-08 02:27:24,2026-08-20 02:27:24,DONE,SPR-PRJ-5-7,3
ORGA-1050,PRJ-6,USR-49446,Task,Long degree common need phone teach audience.,Medium,2026-06-11 20:21:09,2026-06-21 20:21:09,DONE,SPR-PRJ-8-10,3
CONF-2161,PRJ-9,USR-61717,Bug,Tax certainly set local.,Low,2026-06-13 00:44:36,2026-06-18 00:44:36,DONE,SPR-PRJ-1-3,8
LIST-8820,PRJ-8,USR-20589,Story,Clearly phone including personal visit still image.,Medium,2025-10-25 03:40:26,2025-10-29 03:40:26,DONE,SPR-PRJ-1-19,2
ANIM-2204,PRJ-2,USR-69473,Task,Amount fly house cover risk health.,Medium,2026-07-16 03:41:26,2026-07-18 03:41:26,DONE,SPR-PRJ-0-23,3
ANIM-9514,PRJ-2,USR-64874,Story,Student different traditional look we meeting image the.,Medium,2026-03-20 15:47:21,2026-03-31 15:47:21,DONE,SPR-PRJ-0-5,3
ORGA-1759,PRJ-6,USR-61173,Bug,Drop miss market avoid.,High,2026-05-31 16:55:29,2026-06-07 16:55:29,DONE,SPR-PRJ-8-7,1
PROF-6919,PRJ-3,USR-83608,Story,Individual no relate.,High,2026-05-17 21:49:46,2026-05-24 21:49:46,DONE,SPR-PRJ-1-15,5
ANIM-4581,PRJ-2,USR-18564,Story,Significant always everyone exactly.,Medium,2026-07-25 17:41:51,2026-08-03 17:41:51,DONE,SPR-PRJ-5-20,2
TERM-7954,PRJ-7,USR-36741,Story,Field movement force final way memory.,Low,2026-06-06 11:04:46,2026-06-10 11:04:46,DONE,SPR-PRJ-5-14,3
CHOI-1081,PRJ-4,USR-40613,Story,Receive type painting produce off light before majority.,Medium,2026-02-23 21:44:26,2026-02-28 21:44:26,DONE,SPR-PRJ-2-12,5
ORGA-1755,PRJ-6,USR-87832,Bug,Military place edge environmental even eye message.,Low,2026-02-06 22:34:40,2026-02-08 22:34:40,DONE,SPR-PRJ-0-13,1
DEVE-1778,PRJ-0,USR-70036,Bug,Trade not give fill stay military.,High,2026-01-26 12:56:16,2026-02-08 12:56:16,DONE,SPR-PRJ-3-2,3
TERM-5181,PRJ-7,USR-74451,Bug,Enough interest probably shoulder three.,Low,2026-03-05 18:54:32,2026-03-15 18:54:32,DONE,SPR-PRJ-6-15,5
CHOI-8474,PRJ-4,USR-35995,Story,Couple rather Republican need daughter.,Low,2025-11-20 01:14:50,2025-12-03 01:14:50,DONE,SPR-PRJ-3-21,8
CONF-2686,PRJ-9,USR-75107,Task,Minute bring reveal factor east our plant front.,Low,2026-03-25 15:40:21,2026-04-04 15:40:21,DONE,SPR-PRJ-8-10,2
PROF-5823,PRJ-3,USR-58281,Task,Heart hot response usually learn game effort.,Medium,2026-09-06 13:04:17,2026-09-16 13:04:17,DONE,SPR-PRJ-5-23,1
LIST-8749,PRJ-8,USR-69638,Task,Buy heavy nearly hotel at.,Medium,2025-10-24 22:38:32,2025-10-25 22:38:32,DONE,SPR-PRJ-6-20,5
PROF-9519,PRJ-3,USR-76840,Bug,Until lawyer yard on everyone.,Low,2026-08-08 07:23:29,2026-08-14 07:23:29,DONE,SPR-PRJ-6-22,2
DEVE-5664,PRJ-0,USR-48829,Task,Current anything into word other live.,Low,2026-05-05 08:08:11,2026-05-07 08:08:11,DONE,SPR-PRJ-1-12,8
LIST-3412,PRJ-8,USR-29555,Bug,Budget Congress guess soon approach suggest.,Low,2026-02-24 05:06:43,2026-02-27 05:06:43,DONE,SPR-PRJ-4-15,3
ORGA-6647,PRJ-6,USR-56254,Story,Nature environmental six understand.,High,2026-01-12 16:13:50,2026-01-21 16:13:50,DONE,SPR-PRJ-5-3,5
PROF-9659,PRJ-3,USR-95929,Story,Daughter through note act front person.,Medium,2026-06-20 15:49:09,2026-07-04 15:49:09,DONE,SPR-PRJ-2-1,3
CONF-6091,PRJ-9,USR-84228,Story,Involve discover peace number environment.,High,2026-01-12 14:31:56,2026-01-26 14:31:56,DONE,SPR-PRJ-1-18,5
LIST-8114,PRJ-8,USR-22245,Task,Subject charge network first detail south.,High,2026-04-29 13:50:16,2026-04-30 13:50:16,DONE,SPR-PRJ-1-5,5
PROF-6486,PRJ-3,USR-99381,Story,Data pattern west before science without.,High,2026-08-13 09:45:18,2026-08-15 09:45:18,DONE,SPR-PRJ-4-0,8
THES-5801,PRJ-1,USR-30644,Bug,Buy east image drug participant throughout truth.,Medium,2026-01-09 17:08:35,2026-01-10 17:08:35,DONE,SPR-PRJ-4-20,5
CONF-8263,PRJ-9,USR-42018,Story,About provide itself team.,Low,2026-01-13 11:56:27,2026-01-19 11:56:27,DONE,SPR-PRJ-2-8,3
TERM-5612,PRJ-7,USR-55851,Task,Land discussion suggest impact know character.,High,2026-08-22 21:50:01,2026-09-03 21:50:01,DONE,SPR-PRJ-4-7,5
WIN-1318,PRJ-5,USR-70513,Task,Sure seek age share day pull.,Low,2026-09-06 20:56:55,2026-09-17 20:56:55,DONE,SPR-PRJ-8-19,5
CONF-2094,PRJ-9,USR-19116,Task,Garden again medical hold kind day certain.,Low,2026-03-15 12:57:39,2026-03-26 12:57:39,DONE,SPR-PRJ-5-16,3
TERM-4802,PRJ-7,USR-51750,Task,Student raise collection identify design government ever resource.,Medium,2025-10-27 00:06:15,2025-11-08 00:06:15,DONE,SPR-PRJ-9-22,2
THES-8606,PRJ-1,USR-99783,Story,Here there whether rather none.,Low,2026-09-10 21:16:13,2026-09-12 21:16:13,DONE,SPR-PRJ-0-20,8
PROF-9409,PRJ-3,USR-96163,Task,Laugh son home generation.,Medium,2026-06-04 15:22:09,2026-06-13 15:22:09,DONE,SPR-PRJ-6-2,3
TERM-2217,PRJ-7,USR-92213,Task,Make right training.,Medium,2026-02-21 21:59:30,2026-03-03 21:59:30,DONE,SPR-PRJ-0-12,2
ORGA-5817,PRJ-6,USR-20828,Story,Effort direction hand young long collection.,Medium,2025-10-31 16:55:16,2025-11-05 16:55:16,DONE,SPR-PRJ-3-0,1
CHOI-2664,PRJ-4,USR-46509,Story,Population out special suffer without hair set bed.,Medium,2026-08-24 11:39:05,2026-09-05 11:39:05,DONE,SPR-PRJ-8-10,5
THES-1229,PRJ-1,USR-14117,Task,Begin receive anyone bad.,Low,2026-09-17 15:25:30,2026-09-26 15:25:30,DONE,SPR-PRJ-8-19,2
LIST-7879,PRJ-8,USR-73464,Bug,Chance center job that control important coach.,Medium,2026-01-04 01:12:43,2026-01-17 01:12:43,DONE,SPR-PRJ-7-19,8
LIST-4981,PRJ-8,USR-57953,Story,The per of situation the.,Low,2025-10-22 21:30:35,2025-11-02 21:30:35,DONE,SPR-PRJ-3-9,5
TERM-1375,PRJ-7,USR-46046,Bug,Explain like institution collection.,Low,2026-08-29 14:18:45,2026-09-09 14:18:45,DONE,SPR-PRJ-4-13,5
DEVE-7597,PRJ-0,USR-83060,Task,Owner baby significant especially situation.,Low,2025-10-03 15:13:52,2025-10-16 15:13:52,DONE,SPR-PRJ-8-14,2
LIST-3353,PRJ-8,USR-97416,Story,Single network hard condition.,High,2026-04-22 07:53:27,2026-05-03 07:53:27,DONE,SPR-PRJ-3-17,3
WIN-1243,PRJ-5,USR-78712,Task,Early across talk short.,High,2026-04-22 05:07:55,2026-05-03 05:07:55,DONE,SPR-PRJ-2-19,5
LIST-3854,PRJ-8,USR-19508,Task,May thus hour.,Low,2026-04-14 06:53:01,2026-04-21 06:53:01,DONE,SPR-PRJ-4-20,8
PROF-8044,PRJ-3,USR-43586,Bug,Light suffer drop.,High,2025-11-30 19:38:59,2025-12-03 19:38:59,DONE,SPR-PRJ-1-8,1
PROF-9884,PRJ-3,USR-39949,Bug,Off evidence early compare body eat.,Low,2026-05-21 11:05:19,2026-05-26 11:05:19,DONE,SPR-PRJ-5-9,3
WIN-9391,PRJ-5,USR-37686,Story,Senior attack help a leave sometimes quality house.,Medium,2026-06-02 13:35:10,2026-06-08 13:35:10,DONE,SPR-PRJ-4-19,8
TERM-2501,PRJ-7,USR-77889,Bug,Threat level positive mind skill officer.,Medium,2026-04-25 05:56:30,2026-05-03 05:56:30,DONE,SPR-PRJ-4-3,5
DEVE-8405,PRJ-0,USR-79822,Bug,Seem model imagine me matter source.,High,2026-08-18 06:20:29,2026-08-30 06:20:29,DONE,SPR-PRJ-6-16,5
ORGA-9879,PRJ-6,USR-18330,Task,Outside happen fear page.,Low,2025-12-16 07:28:04,2025-12-24 07:28:04,DONE,SPR-PRJ-7-15,2
DEVE-9718,PRJ-0,USR-13278,Task,Heavy health fire cup administration itself.,Low,2026-03-06 03:03:11,2026-03-09 03:03:11,DONE,SPR-PRJ-7-6,2
DEVE-6904,PRJ-0,USR-81376,Bug,Last opportunity serve cause.,Low,2026-06-01 21:54:17,2026-06-07 21:54:17,DONE,SPR-PRJ-7-7,5
THES-3751,PRJ-1,USR-33206,Bug,How central too tough education.,Medium,2026-08-01 05:28:10,2026-08-15 05:28:10,DONE,SPR-PRJ-3-23,3
TERM-7456,PRJ-7,USR-56210,Bug,Require he daughter candidate where early certainly.,Medium,2026-03-01 00:15:51,2026-03-04 00:15:51,DONE,SPR-PRJ-6-19,2
CONF-5411,PRJ-9,USR-62187,Story,Far apply let hit.,High,2026-06-02 12:31:50,2026-06-11 12:31:50,DONE,SPR-PRJ-9-14,8
CHOI-2304,PRJ-4,USR-94659,Story,Back family start necessary American wonder.,Low,2026-06-07 17:30:47,2026-06-20 17:30:47,DONE,SPR-PRJ-3-14,5
CONF-3815,PRJ-9,USR-47196,Bug,Attack former financial medical action big season.,High,2026-08-21 23:19:28,2026-08-27 23:19:28,DONE,SPR-PRJ-5-15,8
LIST-2740,PRJ-8,USR-37235,Task,Art meeting piece he large.,High,2026-05-03 01:29:04,2026-05-14 01:29:04,DONE,SPR-PRJ-5-5,8
DEVE-6250,PRJ-0,USR-83989,Task,Least perform expect anything military but just maintain.,Medium,2026-02-03 16:34:20,2026-02-07 16:34:20,DONE,SPR-PRJ-0-1,2
LIST-2220,PRJ-8,USR-64805,Task,Already single rock not attack why usually.,Low,2026-07-20 12:43:21,2026-07-28 12:43:21,DONE,SPR-PRJ-1-18,1
CONF-4866,PRJ-9,USR-77839,Task,Produce key reveal environment central trip.,High,2026-02-20 17:36:05,2026-02-27 17:36:05,DONE,SPR-PRJ-3-6,1
WIN-6370,PRJ-5,USR-48770,Story,Himself hour among field well create notice individual.,Medium,2025-11-02 03:40:31,2025-11-12 03:40:31,DONE,SPR-PRJ-9-10,2
THES-4901,PRJ-1,USR-27790,Task,Interview nothing wrong decision.,High,2026-08-13 17:14:14,2026-08-14 17:14:14,DONE,SPR-PRJ-6-14,3
CHOI-2427,PRJ-4,USR-13248,Task,Teach enter lot at.,Medium,2025-10-22 16:22:38,2025-11-01 16:22:38,DONE,SPR-PRJ-5-15,1
CONF-3156,PRJ-9,USR-61645,Task,Understand management bag least.,High,2026-03-27 20:01:09,2026-03-31 20:01:09,DONE,SPR-PRJ-9-0,8
ANIM-3242,PRJ-2,USR-35048,Task,Pattern woman sure western election next.,Medium,2026-09-11 06:09:01,2026-09-12 06:09:01,DONE,SPR-PRJ-3-11,8
TERM-5579,PRJ-7,USR-51441,Task,Place force choose radio respond mind.,Low,2026-09-07 06:45:11,2026-09-13 06:45:11,DONE,SPR-PRJ-5-10,3
WIN-7913,PRJ-5,USR-62187,Task,Sing early spring its evening vote feel win.,Low,2026-01-13 07:13:26,2026-01-27 07:13:26,DONE,SPR-PRJ-6-13,3
CONF-2944,PRJ-9,USR-15376,Task,Weight feel tell.,Medium,2026-03-03 03:14:50,2026-03-04 03:14:50,DONE,SPR-PRJ-1-10,1
WIN-4761,PRJ-5,USR-10726,Story,Never such despite what.,High,2025-11-07 07:42:26,2025-11-10 07:42:26,DONE,SPR-PRJ-6-20,1
DEVE-6308,PRJ-0,USR-28449,Story,Unit recently media include.,Low,2026-03-26 07:07:06,2026-04-06 07:07:06,DONE,SPR-PRJ-4-12,8
CHOI-5659,PRJ-4,USR-24184,Task,Note federal drug performance way production.,Medium,2026-03-01 05:57:50,2026-03-11 05:57:50,DONE,SPR-PRJ-6-14,5
ORGA-8356,PRJ-6,USR-86011,Bug,Unit arm image it increase within.,Medium,2026-07-24 22:17:32,2026-08-04 22:17:32,DONE,SPR-PRJ-4-9,2
ANIM-7042,PRJ-2,USR-49221,Story,Brother dog these man when open.,Low,2026-02-03 14:11:41,2026-02-07 14:11:41,DONE,SPR-PRJ-8-14,2
PROF-2030,PRJ-3,USR-55745,Bug,Support expert particular close city force.,High,2026-03-03 08:55:12,2026-03-14 08:55:12,DONE,SPR-PRJ-3-6,8
PROF-7805,PRJ-3,USR-97062,Bug,Beyond bank scene change.,Low,2026-02-20 07:33:35,2026-02-28 07:33:35,DONE,SPR-PRJ-3-16,1
LIST-2426,PRJ-8,USR-21221,Story,To various soldier recently charge anything likely.,Medium,2026-03-12 09:23:31,2026-03-20 09:23:31,DONE,SPR-PRJ-4-22,3
CHOI-8927,PRJ-4,USR-74752,Bug,Fact such quickly truth.,High,2025-10-09 15:43:41,2025-10-15 15:43:41,DONE,SPR-PRJ-1-12,8
LIST-4950,PRJ-8,USR-65333,Bug,Program beautiful close finally beyond you.,High,2026-06-25 19:24:45,2026-07-07 19:24:45,DONE,SPR-PRJ-4-16,1
TERM-4523,PRJ-7,USR-21104,Bug,Pass start court.,High,2025-10-28 22:36:13,2025-11-07 22:36:13,DONE,SPR-PRJ-6-23,8
ANIM-3542,PRJ-2,USR-26059,Bug,Station make environment fact student author.,High,2025-12-01 22:59:18,2025-12-13 22:59:18,DONE,SPR-PRJ-4-9,2
CONF-2234,PRJ-9,USR-62184,Bug,Catch left system church simply.,High,2026-05-22 22:12:27,2026-05-26 22:12:27,DONE,SPR-PRJ-9-13,2
PROF-9850,PRJ-3,USR-36090,Task,Market difference exist hotel.,Medium,2026-04-14 22:13:17,2026-04-21 22:13:17,DONE,SPR-PRJ-1-7,5
PROF-3647,PRJ-3,USR-41358,Story,Reason special grow meeting.,Low,2026-02-05 11:36:10,2026-02-11 11:36:10,DONE,SPR-PRJ-2-18,3
THES-3956,PRJ-1,USR-68183,Bug,Individual us some suggest program decision.,Medium,2026-01-19 00:07:55,2026-01-20 00:07:55,DONE,SPR-PRJ-1-23,8
DEVE-6424,PRJ-0,USR-82264,Task,Reflect already arrive themselves.,Low,2026-03-25 02:35:22,2026-04-02 02:35:22,DONE,SPR-PRJ-7-16,1
ANIM-9502,PRJ-2,USR-31319,Bug,Your call reveal executive.,High,2025-11-23 07:33:44,2025-11-26 07:33:44,DONE,SPR-PRJ-8-11,3
LIST-4087,PRJ-8,USR-44718,Task,Often responsibility itself but popular wall.,Low,2026-02-03 04:20:13,2026-02-11 04:20:13,DONE,SPR-PRJ-6-11,5
TERM-6723,PRJ-7,USR-68222,Bug,Few remember time prevent hair hospital generation any.,Low,2026-04-29 09:13:07,2026-05-05 09:13:07,DONE,SPR-PRJ-7-2,8
LIST-7460,PRJ-8,USR-14244,Story,Hope speech less whom situation.,High,2026-08-19 14:54:16,2026-08-20 14:54:16,DONE,SPR-PRJ-2-23,3
CONF-6254,PRJ-9,USR-15965,Story,Last staff seat religious probably when.,High,2026-08-27 22:51:41,2026-09-10 22:51:41,DONE,SPR-PRJ-7-18,8
CONF-6705,PRJ-9,USR-11658,Story,Test contain than clearly economy behavior then.,Medium,2026-07-15 19:42:16,2026-07-20 19:42:16,DONE,SPR-PRJ-6-23,8
DEVE-7808,PRJ-0,USR-65108,Bug,Among cell mention manager.,Low,2026-02-03 21:22:32,2026-02-11 21:22:32,DONE,SPR-PRJ-0-23,8
ANIM-3486,PRJ-2,USR-69638,Bug,Result individual side place represent.,Low,2026-01-12 20:56:58,2026-01-20 20:56:58,DONE,SPR-PRJ-4-8,5
THES-2899,PRJ-1,USR-24322,Story,Health able lot station may decision forward probably.,High,2026-08-03 17:34:12,2026-08-04 17:34:12,DONE,SPR-PRJ-1-6,8
LIST-8170,PRJ-8,USR-95755,Bug,Event hospital more opportunity unit cultural show.,Low,2026-07-10 00:11:11,2026-07-22 00:11:11,DONE,SPR-PRJ-2-6,1
ORGA-6526,PRJ-6,USR-52568,Story,Lawyer rest natural.,Medium,2026-07-07 23:01:32,2026-07-18 23:01:32,DONE,SPR-PRJ-9-8,3
ANIM-2645,PRJ-2,USR-76535,Bug,And forward imagine phone social listen there.,Low,2026-04-24 04:59:34,2026-05-01 04:59:34,DONE,SPR-PRJ-6-16,8
ANIM-3459,PRJ-2,USR-18907,Story,Occur type strong development enter through system stage.,Low,2026-03-25 23:37:11,2026-03-29 23:37:11,DONE,SPR-PRJ-7-11,3
DEVE-4516,PRJ-0,USR-82264,Task,Effect enter most American weight last however involve.,High,2026-06-13 13:19:30,2026-06-26 13:19:30,DONE,SPR-PRJ-7-9,8
TERM-2943,PRJ-7,USR-82384,Task,Movement tonight vote administration than.,Low,2025-10-26 12:26:30,2025-11-01 12:26:30,DONE,SPR-PRJ-5-18,3
THES-3558,PRJ-1,USR-86435,Story,Shoulder professional market oil move.,Medium,2026-07-08 12:48:40,2026-07-10 12:48:40,DONE,SPR-PRJ-3-20,8
DEVE-3725,PRJ-0,USR-68529,Bug,Sister talk understand home rise.,Low,2026-04-29 11:26:48,2026-05-01 11:26:48,DONE,SPR-PRJ-4-14,5
ANIM-3072,PRJ-2,USR-33028,Story,Prevent add involve forget early look between.,Medium,2025-12-04 19:03:04,2025-12-10 19:03:04,DONE,SPR-PRJ-2-18,2
PROF-5676,PRJ-3,USR-86569,Story,College factor either class interview.,Low,2026-07-15 00:05:42,2026-07-21 00:05:42,DONE,SPR-PRJ-9-16,5
CHOI-2063,PRJ-4,USR-92306,Task,Guess share eye young.,Medium,2026-07-07 03:21:56,2026-07-12 03:21:56,DONE,SPR-PRJ-4-12,2
ANIM-5114,PRJ-2,USR-95477,Story,Police baby choose building view well at.,Low,2026-06-22 12:52:05,2026-06-23 12:52:05,DONE,SPR-PRJ-8-4,1
DEVE-7759,PRJ-0,USR-59968,Task,Whole box later building she.,Medium,2026-07-23 03:10:09,2026-08-05 03:10:09,DONE,SPR-PRJ-0-23,5
LIST-1215,PRJ-8,USR-73736,Bug,Let business property everything bar smile good.,Medium,2026-07-26 16:54:05,2026-08-03 16:54:05,DONE,SPR-PRJ-1-3,2
WIN-1996,PRJ-5,USR-92242,Story,Nation economy adult trial source.,Medium,2026-02-24 14:23:42,2026-03-04 14:23:42,DONE,SPR-PRJ-1-2,2
WIN-2305,PRJ-5,USR-51553,Task,Yeah class garden miss.,Medium,2026-08-01 01:16:07,2026-08-10 01:16:07,DONE,SPR-PRJ-2-22,5
THES-4220,PRJ-1,USR-27892,Story,Create yard serious goal future home series.,Medium,2026-06-21 17:58:07,2026-06-30 17:58:07,DONE,SPR-PRJ-9-4,8
CONF-5157,PRJ-9,USR-48890,Bug,Simply I cold perform low only recently.,High,2025-11-06 04:25:18,2025-11-12 04:25:18,DONE,SPR-PRJ-2-2,2
CHOI-8167,PRJ-4,USR-50173,Story,Strong value sit newspaper leader.,High,2026-07-13 03:44:17,2026-07-19 03:44:17,DONE,SPR-PRJ-6-5,1
TERM-1310,PRJ-7,USR-45774,Task,Current among laugh about green write.,Medium,2026-01-30 02:20:14,2026-02-06 02:20:14,DONE,SPR-PRJ-1-1,3
DEVE-8322,PRJ-0,USR-40771,Story,Indeed study wide television be successful.,Medium,2026-02-18 15:23:07,2026-02-19 15:23:07,DONE,SPR-PRJ-0-5,3
THES-5416,PRJ-1,USR-40735,Bug,No bring career manager you rise future.,Low,2026-05-15 21:36:39,2026-05-17 21:36:39,DONE,SPR-PRJ-3-9,2
LIST-1620,PRJ-8,USR-37686,Bug,Skill point early.,Medium,2026-05-27 16:00:33,2026-06-03 16:00:33,DONE,SPR-PRJ-8-8,8
THES-4254,PRJ-1,USR-46002,Story,Fall teach area feel who carry.,Medium,2026-04-23 13:02:52,2026-04-30 13:02:52,DONE,SPR-PRJ-6-10,8
THES-3432,PRJ-1,USR-52987,Story,Yourself exactly sure wonder window hair.,Medium,2026-01-05 06:26:32,2026-01-13 06:26:32,DONE,SPR-PRJ-6-2,3
ORGA-3998,PRJ-6,USR-72245,Bug,School imagine ago expect continue.,Low,2026-04-08 11:27:25,2026-04-18 11:27:25,DONE,SPR-PRJ-6-8,3
TERM-1240,PRJ-7,USR-42495,Task,Use owner surface guy.,High,2025-11-02 02:37:07,2025-11-09 02:37:07,DONE,SPR-PRJ-9-1,2
LIST-3810,PRJ-8,USR-71348,Story,Should five buy office old.,Low,2025-11-02 22:00:54,2025-11-13 22:00:54,DONE,SPR-PRJ-7-0,1
THES-4853,PRJ-1,USR-16839,Bug,Any find set senior tree.,Low,2025-10-27 13:55:00,2025-11-05 13:55:00,DONE,SPR-PRJ-6-8,8
THES-8281,PRJ-1,USR-60181,Bug,Very that national trade price beyond idea.,Low,2025-10-27 21:35:58,2025-11-07 21:35:58,DONE,SPR-PRJ-6-6,3
LIST-7537,PRJ-8,USR-18285,Story,Try information price especially appear.,High,2025-10-12 18:47:08,2025-10-25 18:47:08,DONE,SPR-PRJ-1-6,5
CONF-8214,PRJ-9,USR-76550,Story,We open blood local.,Low,2025-10-23 15:51:32,2025-10-26 15:51:32,DONE,SPR-PRJ-0-15,1
TERM-6246,PRJ-7,USR-17518,Story,Image blood city vote time easy.,High,2026-03-28 04:33:42,2026-04-04 04:33:42,DONE,SPR-PRJ-6-0,1
THES-3585,PRJ-1,USR-43550,Bug,Continue truth red billion.,Medium,2026-02-03 16:46:35,2026-02-16 16:46:35,DONE,SPR-PRJ-1-18,8
ANIM-8591,PRJ-2,USR-15683,Bug,Like rock call.,Medium,2026-08-08 09:47:14,2026-08-19 09:47:14,DONE,SPR-PRJ-6-18,1
PROF-2931,PRJ-3,USR-54313,Bug,Draw impact race themselves office role success.,Medium,2026-07-10 12:27:16,2026-07-12 12:27:16,DONE,SPR-PRJ-3-18,5
PROF-3900,PRJ-3,USR-64602,Bug,Draw involve party home stay fall carry.,Low,2026-04-06 06:56:32,2026-04-15 06:56:32,DONE,SPR-PRJ-2-9,3
TERM-7523,PRJ-7,USR-83579,Bug,Treat explain eat task by inside.,Medium,2026-05-14 09:27:43,2026-05-26 09:27:43,DONE,SPR-PRJ-6-19,3
PROF-5338,PRJ-3,USR-59823,Task,Marriage within if course education campaign continue political.,Medium,2026-06-05 18:01:47,2026-06-14 18:01:47,DONE,SPR-PRJ-3-7,2
LIST-6538,PRJ-8,USR-65518,Task,Car American your seat rule.,Low,2025-11-12 13:21:14,2025-11-25 13:21:14,DONE,SPR-PRJ-2-14,5
CONF-4637,PRJ-9,USR-83584,Bug,Card design where off prepare response.,Low,2026-06-19 15:03:45,2026-06-23 15:03:45,DONE,SPR-PRJ-6-13,1
TERM-3479,PRJ-7,USR-69609,Task,Including game language.,Low,2026-08-15 06:58:22,2026-08-25 06:58:22,DONE,SPR-PRJ-0-17,5
CHOI-2210,PRJ-4,USR-40982,Bug,Than foot in process.,Low,2025-11-23 01:06:30,2025-11-27 01:06:30,DONE,SPR-PRJ-3-19,8
ORGA-2768,PRJ-6,USR-53054,Task,Kitchen cut play deal good.,High,2026-06-18 04:04:34,2026-06-24 04:04:34,DONE,SPR-PRJ-1-23,2
LIST-2546,PRJ-8,USR-93560,Bug,Majority we join edge item.,High,2026-08-30 19:37:01,2026-09-02 19:37:01,DONE,SPR-PRJ-3-20,3
THES-2595,PRJ-1,USR-80010,Story,Sit street security modern.,Low,2025-11-27 13:23:31,2025-12-02 13:23:31,DONE,SPR-PRJ-2-22,1
TERM-8933,PRJ-7,USR-64874,Story,Book expert exist computer shoulder list.,Low,2025-12-15 03:00:38,2025-12-18 03:00:38,DONE,SPR-PRJ-7-11,3
DEVE-9957,PRJ-0,USR-48770,Story,Assume lawyer field difference cut tell style.,Medium,2026-07-20 03:20:35,2026-07-28 03:20:35,DONE,SPR-PRJ-8-21,8
TERM-5437,PRJ-7,USR-24322,Story,Civil determine toward admit doctor.,Medium,2026-02-25 15:41:37,2026-03-07 15:41:37,DONE,SPR-PRJ-1-23,5
ORGA-9821,PRJ-6,USR-20155,Bug,Despite we meeting value body return.,Low,2026-04-03 16:01:31,2026-04-10 16:01:31,DONE,SPR-PRJ-7-10,8
ORGA-6117,PRJ-6,USR-19305,Task,Ready even probably son second.,Medium,2026-04-17 16:44:27,2026-04-27 16:44:27,DONE,SPR-PRJ-2-18,3
CONF-3208,PRJ-9,USR-42527,Story,Note those drop executive.,Low,2025-10-04 20:17:27,2025-10-17 20:17:27,DONE,SPR-PRJ-5-2,3
DEVE-6755,PRJ-0,USR-26828,Task,Serious protect new party sometimes.,Low,2026-08-07 10:07:51,2026-08-19 10:07:51,DONE,SPR-PRJ-0-15,2
WIN-5072,PRJ-5,USR-43491,Story,Physical within about when.,High,2026-04-20 18:17:28,2026-04-29 18:17:28,DONE,SPR-PRJ-6-4,3
ORGA-8954,PRJ-6,USR-24996,Bug,Information game loss cost run result interesting.,Low,2026-02-01 02:27:25,2026-02-11 02:27:25,DONE,SPR-PRJ-3-5,2
CHOI-7165,PRJ-4,USR-82305,Task,Only pick prove whether north.,Low,2026-06-24 06:31:35,2026-07-08 06:31:35,DONE,SPR-PRJ-5-22,8
DEVE-6355,PRJ-0,USR-93507,Story,Here person three foot.,Medium,2026-02-12 13:31:04,2026-02-18 13:31:04,DONE,SPR-PRJ-4-12,3
DEVE-8382,PRJ-0,USR-71925,Task,Ground serve mouth manage issue none.,High,2026-08-26 02:19:39,2026-08-30 02:19:39,DONE,SPR-PRJ-8-8,8
PROF-7054,PRJ-3,USR-26912,Task,Billion time discuss term.,High,2026-06-21 19:49:41,2026-07-05 19:49:41,DONE,SPR-PRJ-6-18,2
DEVE-2776,PRJ-0,USR-21188,Bug,Include you authority race wish kid career.,Medium,2025-12-15 13:26:41,2025-12-19 13:26:41,DONE,SPR-PRJ-9-20,1
ANIM-4059,PRJ-2,USR-59192,Story,Despite best either truth important.,Medium,2026-07-10 13:58:19,2026-07-17 13:58:19,DONE,SPR-PRJ-9-9,5
WIN-2103,PRJ-5,USR-26828,Story,Threat throw behavior type partner behavior economy our.,Medium,2026-01-13 20:42:15,2026-01-25 20:42:15,DONE,SPR-PRJ-1-1,1
LIST-7361,PRJ-8,USR-64381,Bug,Voice drop live everyone cold serious rock unit.,High,2026-07-13 20:12:10,2026-07-15 20:12:10,DONE,SPR-PRJ-5-1,8
TERM-3094,PRJ-7,USR-63264,Bug,Somebody thought beyond mean director.,Low,2026-04-05 02:01:00,2026-04-11 02:01:00,DONE,SPR-PRJ-4-17,1
ORGA-5310,PRJ-6,USR-58237,Task,A recent various send news.,High,2026-05-08 12:45:47,2026-05-11 12:45:47,DONE,SPR-PRJ-7-18,1
CHOI-4748,PRJ-4,USR-20350,Task,School wonder occur.,High,2025-11-29 18:25:10,2025-12-06 18:25:10,DONE,SPR-PRJ-3-16,8
TERM-6740,PRJ-7,USR-15482,Task,Court state doctor and conference.,Medium,2026-06-13 02:45:32,2026-06-22 02:45:32,DONE,SPR-PRJ-1-20,3
PROF-9248,PRJ-3,USR-64548,Task,Culture far article last peace.,High,2026-08-14 05:52:12,2026-08-15 05:52:12,DONE,SPR-PRJ-7-5,5
CHOI-8654,PRJ-4,USR-19666,Story,Rise right happen series.,High,2025-10-09 04:36:06,2025-10-11 04:36:06,DONE,SPR-PRJ-1-11,2
LIST-9048,PRJ-8,USR-59377,Story,Strong it reach street city.,Medium,2026-07-19 12:58:57,2026-07-27 12:58:57,DONE,SPR-PRJ-9-14,5
ANIM-9016,PRJ-2,USR-72739,Bug,Commercial along compare.,Low,2026-02-20 19:06:12,2026-02-27 19:06:12,DONE,SPR-PRJ-7-7,2
DEVE-9894,PRJ-0,USR-76540,Bug,Board share deep child board director.,Medium,2026-08-20 07:33:16,2026-08-24 07:33:16,DONE,SPR-PRJ-8-19,1
ORGA-4760,PRJ-6,USR-56179,Story,Entire minute never quality.,Medium,2026-08-08 13:03:43,2026-08-18 13:03:43,DONE,SPR-PRJ-9-12,2
DEVE-2701,PRJ-0,USR-77811,Task,Together true worker though church young mouth note.,Medium,2026-09-11 20:12:39,2026-09-19 20:12:39,DONE,SPR-PRJ-5-9,3
ANIM-5568,PRJ-2,USR-76840,Task,Common student knowledge firm paper unit.,Medium,2026-03-20 08:36:52,2026-03-25 08:36:52,DONE,SPR-PRJ-4-13,1
THES-8784,PRJ-1,USR-96991,Bug,Cultural far significant.,Low,2026-08-02 23:48:00,2026-08-04 23:48:00,DONE,SPR-PRJ-0-3,3
ANIM-9792,PRJ-2,USR-48680,Bug,Themselves break reason too.,Medium,2026-03-26 11:58:21,2026-04-09 11:58:21,DONE,SPR-PRJ-5-17,5
CONF-9645,PRJ-9,USR-22245,Bug,Wear both look training oil scene career.,Low,2025-12-25 04:23:49,2025-12-26 04:23:49,DONE,SPR-PRJ-3-6,3
TERM-2714,PRJ-7,USR-91857,Story,Much discussion call traditional.,Medium,2026-04-16 02:46:13,2026-04-23 02:46:13,DONE,SPR-PRJ-2-11,1
ORGA-5139,PRJ-6,USR-51853,Story,Myself avoid much base modern behavior end nature.,Low,2026-04-12 09:51:56,2026-04-23 09:51:56,DONE,SPR-PRJ-2-9,8
PROF-2690,PRJ-3,USR-16731,Bug,Analysis make study cause.,Low,2026-08-14 13:37:51,2026-08-23 13:37:51,DONE,SPR-PRJ-5-7,1
ANIM-9471,PRJ-2,USR-28131,Bug,Recognize become challenge kind instead.,Low,2026-07-30 18:40:52,2026-08-08 18:40:52,DONE,SPR-PRJ-9-20,2
THES-1244,PRJ-1,USR-89316,Story,Bag set leave race yeah front almost.,High,2026-05-31 03:02:13,2026-06-02 03:02:13,DONE,SPR-PRJ-7-9,8
THES-1742,PRJ-1,USR-79397,Bug,Simple real television.,Low,2025-10-01 10:32:56,2025-10-12 10:32:56,DONE,SPR-PRJ-9-6,8
THES-1183,PRJ-1,USR-35995,Story,Base close score.,Medium,2026-07-04 18:46:22,2026-07-11 18:46:22,DONE,SPR-PRJ-8-11,1
LIST-5740,PRJ-8,USR-72216,Bug,Ball read lose south keep thus positive arm.,High,2026-06-01 08:43:15,2026-06-11 08:43:15,DONE,SPR-PRJ-5-10,1
ANIM-4194,PRJ-2,USR-62187,Bug,Ago change government here boy trial population sell.,Medium,2026-05-29 22:59:47,2026-06-12 22:59:47,DONE,SPR-PRJ-7-5,1
DEVE-8488,PRJ-0,USR-85718,Story,Be spend outside office.,High,2026-01-06 05:57:19,2026-01-12 05:57:19,DONE,SPR-PRJ-8-17,3
THES-6429,PRJ-1,USR-86622,Task,Make travel baby compare shake.,Medium,2026-03-31 02:58:53,2026-04-11 02:58:53,DONE,SPR-PRJ-4-3,5
WIN-5900,PRJ-5,USR-19305,Bug,Small fire light medical level analysis any product.,High,2026-04-09 16:36:56,2026-04-14 16:36:56,DONE,SPR-PRJ-0-0,5
CONF-5405,PRJ-9,USR-51245,Bug,Help PM become rich every.,Low,2026-09-05 23:16:20,2026-09-06 23:16:20,DONE,SPR-PRJ-3-22,8
PROF-5820,PRJ-3,USR-18285,Bug,Help but include something memory wrong.,Low,2025-11-24 04:48:02,2025-12-04 04:48:02,DONE,SPR-PRJ-6-15,5
DEVE-9650,PRJ-0,USR-16629,Bug,Hand start size.,Low,2026-02-17 11:41:34,2026-02-28 11:41:34,DONE,SPR-PRJ-6-0,1
TERM-2190,PRJ-7,USR-69988,Bug,Need always like.,Medium,2026-02-19 17:22:21,2026-02-22 17:22:21,DONE,SPR-PRJ-3-20,5
DEVE-4878,PRJ-0,USR-42493,Story,Drive own pass least great.,Medium,2026-03-03 22:06:05,2026-03-15 22:06:05,DONE,SPR-PRJ-8-3,3
ORGA-1240,PRJ-6,USR-62184,Story,Single well task moment call art soon up.,Low,2025-10-03 13:29:03,2025-10-09 13:29:03,DONE,SPR-PRJ-9-23,2
LIST-6150,PRJ-8,USR-44737,Task,Education more three trip school energy.,Medium,2026-08-28 23:48:43,2026-09-02 23:48:43,DONE,SPR-PRJ-7-12,1
ORGA-4029,PRJ-6,USR-27781,Bug,While popular natural list they.,Low,2026-07-08 17:47:48,2026-07-17 17:47:48,DONE,SPR-PRJ-1-13,3
ORGA-3257,PRJ-6,USR-31178,Story,Create responsibility could positive hundred drug pull.,Low,2026-01-01 16:04:35,2026-01-09 16:04:35,DONE,SPR-PRJ-3-13,8
CHOI-7003,PRJ-4,USR-24322,Bug,People far color number prove room.,Medium,2025-11-20 21:58:11,2025-12-01 21:58:11,DONE,SPR-PRJ-3-3,3
LIST-3071,PRJ-8,USR-19602,Story,Citizen drug information response happy.,Medium,2026-03-04 06:34:36,2026-03-12 06:34:36,DONE,SPR-PRJ-8-20,1
ORGA-4597,PRJ-6,USR-78765,Task,Issue bit whether edge left American hope.,Medium,2026-07-05 14:42:18,2026-07-06 14:42:18,DONE,SPR-PRJ-4-21,2
ANIM-9242,PRJ-2,USR-65435,Task,Church watch health fact them cost.,Low,2026-05-30 06:19:30,2026-06-12 06:19:30,DONE,SPR-PRJ-2-23,1
LIST-3994,PRJ-8,USR-21104,Task,Return hard myself cost court.,High,2026-07-30 05:55:12,2026-08-01 05:55:12,DONE,SPR-PRJ-1-10,5
DEVE-8888,PRJ-0,USR-11607,Bug,Protect like film.,Low,2026-08-29 01:49:55,2026-09-10 01:49:55,DONE,SPR-PRJ-8-0,1
ANIM-8599,PRJ-2,USR-95929,Bug,Tell message whether morning trouble.,High,2026-07-31 13:56:03,2026-08-06 13:56:03,DONE,SPR-PRJ-1-23,5
TERM-1872,PRJ-7,USR-10221,Story,Room happy new may condition.,High,2025-10-05 16:43:32,2025-10-13 16:43:32,DONE,SPR-PRJ-0-18,5
DEVE-8927,PRJ-0,USR-93560,Bug,Rise care particular recent purpose future.,High,2026-01-11 22:18:31,2026-01-20 22:18:31,DONE,SPR-PRJ-6-2,3
CHOI-4719,PRJ-4,USR-53583,Bug,Year fact daughter democratic.,Low,2026-01-17 11:14:58,2026-01-25 11:14:58,DONE,SPR-PRJ-4-9,8
WIN-3154,PRJ-5,USR-61505,Task,Create moment onto third business rock.,High,2026-07-21 01:50:05,2026-07-28 01:50:05,DONE,SPR-PRJ-8-22,1
TERM-4312,PRJ-7,USR-14877,Story,South bed represent lawyer.,High,2026-08-06 06:07:14,2026-08-19 06:07:14,DONE,SPR-PRJ-7-17,1
ANIM-6763,PRJ-2,USR-65435,Task,Name paper cup order.,High,2026-03-27 02:42:52,2026-04-07 02:42:52,DONE,SPR-PRJ-1-22,1
WIN-8173,PRJ-5,USR-20336,Story,Manage care popular yourself always.,Medium,2026-05-29 23:15:12,2026-06-12 23:15:12,DONE,SPR-PRJ-9-19,2
CHOI-9940,PRJ-4,USR-48254,Task,Rich what truth.,High,2026-03-03 21:18:33,2026-03-13 21:18:33,DONE,SPR-PRJ-5-20,2
LIST-4198,PRJ-8,USR-13248,Task,Market which yard believe whether teach single.,High,2026-05-22 14:10:30,2026-05-29 14:10:30,DONE,SPR-PRJ-9-19,3
WIN-6472,PRJ-5,USR-55236,Task,Through action continue star young ahead blood.,Low,2026-07-03 16:38:16,2026-07-04 16:38:16,DONE,SPR-PRJ-4-4,3
ORGA-3612,PRJ-6,USR-48770,Story,Born campaign others under each help.,Low,2026-07-26 08:28:15,2026-07-27 08:28:15,DONE,SPR-PRJ-5-18,3
CHOI-1451,PRJ-4,USR-17100,Story,Enough exist without build right indeed able.,High,2026-03-29 08:59:19,2026-03-31 08:59:19,DONE,SPR-PRJ-1-1,5
DEVE-3331,PRJ-0,USR-54350,Task,Hot particular generation though baby.,Low,2026-05-26 03:45:58,2026-06-02 03:45:58,DONE,SPR-PRJ-0-13,2
CONF-7077,PRJ-9,USR-20828,Task,Speak that police offer.,Low,2026-05-19 09:53:49,2026-05-21 09:53:49,DONE,SPR-PRJ-7-6,2
ANIM-8171,PRJ-2,USR-12128,Bug,Factor discuss morning gas ago cause young.,Medium,2025-11-08 05:41:52,2025-11-22 05:41:52,DONE,SPR-PRJ-0-15,1
THES-6234,PRJ-1,USR-74752,Bug,Spring citizen democratic own.,High,2025-12-11 13:52:33,2025-12-17 13:52:33,DONE,SPR-PRJ-8-12,8
TERM-5628,PRJ-7,USR-36111,Story,Drive every front baby.,Medium,2025-11-23 09:26:54,2025-12-05 09:26:54,DONE,SPR-PRJ-2-0,2
WIN-1459,PRJ-5,USR-58655,Story,Receive tax family.,High,2026-01-04 01:13:50,2026-01-05 01:13:50,DONE,SPR-PRJ-4-4,3
DEVE-4330,PRJ-0,USR-82845,Story,Imagine section stop piece sing front manage.,Medium,2026-04-16 18:51:22,2026-04-22 18:51:22,DONE,SPR-PRJ-1-8,1
CONF-5656,PRJ-9,USR-55508,Bug,Itself so another really bring can.,Low,2026-02-27 13:22:49,2026-03-01 13:22:49,DONE,SPR-PRJ-2-8,3
PROF-7124,PRJ-3,USR-90173,Story,Voice want themselves.,Medium,2026-07-27 00:04:17,2026-08-03 00:04:17,DONE,SPR-PRJ-0-18,1
CONF-1213,PRJ-9,USR-41186,Task,Those guess huge parent stand several hit.,Low,2025-10-18 11:20:01,2025-10-19 11:20:01,DONE,SPR-PRJ-0-18,8
CHOI-1722,PRJ-4,USR-81810,Task,Authority wait defense well should effect future.,Low,2026-06-19 22:53:29,2026-06-24 22:53:29,DONE,SPR-PRJ-7-9,2
CONF-5734,PRJ-9,USR-79774,Task,Meeting contain occur magazine suggest interesting.,High,2025-10-17 04:14:44,2025-10-18 04:14:44,DONE,SPR-PRJ-0-0,5
WIN-6375,PRJ-5,USR-52517,Task,Perform worker story face.,High,2026-05-02 23:26:27,2026-05-04 23:26:27,DONE,SPR-PRJ-5-6,2
CHOI-2732,PRJ-4,USR-70332,Bug,Drug to above month.,High,2025-10-12 15:05:54,2025-10-23 15:05:54,DONE,SPR-PRJ-1-23,8
CHOI-6423,PRJ-4,USR-59797,Bug,Garden down television tree say.,High,2026-03-19 17:26:06,2026-03-29 17:26:06,DONE,SPR-PRJ-0-10,5
DEVE-9863,PRJ-0,USR-14373,Task,Imagine deep population pass.,High,2026-04-20 06:04:06,2026-04-21 06:04:06,DONE,SPR-PRJ-1-14,1
PROF-3229,PRJ-3,USR-55870,Bug,Bill have reality.,Medium,2025-11-14 04:07:37,2025-11-22 04:07:37,DONE,SPR-PRJ-3-13,8
CONF-4048,PRJ-9,USR-31697,Bug,State medical year oil ask eye off various.,Medium,2025-10-03 23:21:44,2025-10-08 23:21:44,DONE,SPR-PRJ-1-18,5
DEVE-3317,PRJ-0,USR-71385,Story,Yeah old close series relationship perhaps personal.,High,2026-07-01 12:07:54,2026-07-06 12:07:54,DONE,SPR-PRJ-4-22,5
DEVE-8289,PRJ-0,USR-48829,Story,Of heart sister fast need painting outside role.,High,2026-07-21 16:34:50,2026-08-02 16:34:50,DONE,SPR-PRJ-8-0,8
THES-3800,PRJ-1,USR-42495,Bug,Bed mission certain situation often PM notice.,High,2026-06-17 09:06:23,2026-06-26 09:06:23,DONE,SPR-PRJ-6-2,5
ORGA-2743,PRJ-6,USR-64387,Story,North family sign thought notice society.,Low,2025-11-23 00:35:21,2025-11-29 00:35:21,DONE,SPR-PRJ-3-13,8
WIN-8598,PRJ-5,USR-29410,Bug,Well three board stuff southern.,Low,2026-08-25 17:21:46,2026-08-27 17:21:46,DONE,SPR-PRJ-4-1,8
WIN-4872,PRJ-5,USR-14799,Bug,Sister simply involve nor whether.,Low,2025-12-22 13:51:21,2026-01-05 13:51:21,DONE,SPR-PRJ-2-7,1
LIST-8857,PRJ-8,USR-50492,Task,Performance age newspaper choice policy lead.,Medium,2025-10-18 05:36:07,2025-10-23 05:36:07,DONE,SPR-PRJ-9-5,1
ANIM-8811,PRJ-2,USR-13248,Bug,Politics community democratic.,High,2026-03-08 04:21:55,2026-03-18 04:21:55,DONE,SPR-PRJ-3-3,8
ANIM-1969,PRJ-2,USR-65255,Task,Mind determine prove own gun.,Medium,2026-05-03 02:07:57,2026-05-14 02:07:57,DONE,SPR-PRJ-2-6,2
WIN-4215,PRJ-5,USR-76562,Bug,Catch today serious structure wonder stock today.,Low,2025-12-30 16:58:26,2026-01-11 16:58:26,DONE,SPR-PRJ-0-3,2
CHOI-3445,PRJ-4,USR-84668,Bug,Word total not its.,Medium,2026-03-04 05:00:04,2026-03-12 05:00:04,DONE,SPR-PRJ-3-19,2
PROF-1678,PRJ-3,USR-84668,Bug,Source six image several name chair produce.,High,2025-10-08 14:08:43,2025-10-15 14:08:43,DONE,SPR-PRJ-3-13,1
DEVE-1941,PRJ-0,USR-95316,Story,Him her imagine authority stop address loss.,Medium,2025-11-02 06:32:38,2025-11-10 06:32:38,DONE,SPR-PRJ-4-21,3
LIST-4674,PRJ-8,USR-67961,Story,Public rate certainly couple.,Low,2026-03-11 09:15:45,2026-03-14 09:15:45,DONE,SPR-PRJ-6-9,1
ORGA-1669,PRJ-6,USR-72781,Bug,Number wonder seek edge court environment.,Low,2026-04-20 05:06:19,2026-04-24 05:06:19,DONE,SPR-PRJ-1-6,1
THES-7342,PRJ-1,USR-32871,Story,Drive someone financial meeting.,High,2026-04-25 05:56:01,2026-04-27 05:56:01,DONE,SPR-PRJ-4-11,5
ORGA-7038,PRJ-6,USR-79397,Task,Take strategy clearly.,Medium,2026-05-28 02:12:46,2026-06-10 02:12:46,DONE,SPR-PRJ-9-8,1
ANIM-2378,PRJ-2,USR-98381,Task,A property message outside traditional.,Medium,2026-07-16 03:20:08,2026-07-17 03:20:08,DONE,SPR-PRJ-3-5,8
DEVE-8224,PRJ-0,USR-44803,Story,Your bring woman hit.,Low,2026-02-25 03:29:47,2026-03-02 03:29:47,DONE,SPR-PRJ-6-10,2
WIN-1139,PRJ-5,USR-47056,Story,Ball cover partner statement.,Medium,2025-12-14 10:24:31,2025-12-18 10:24:31,DONE,SPR-PRJ-1-9,2
THES-5841,PRJ-1,USR-86019,Task,Answer at month.,Low,2026-08-12 17:01:42,2026-08-15 17:01:42,DONE,SPR-PRJ-9-19,3
CHOI-3478,PRJ-4,USR-74382,Bug,Bag picture available scene approach.,Low,2026-05-22 15:58:08,2026-05-23 15:58:08,DONE,SPR-PRJ-5-16,5
ORGA-3416,PRJ-6,USR-70931,Bug,Television miss the we.,High,2026-03-04 07:58:23,2026-03-15 07:58:23,DONE,SPR-PRJ-6-9,8
PROF-6551,PRJ-3,USR-44179,Bug,Phone anyone happy point establish time.,Medium,2026-06-03 07:38:29,2026-06-11 07:38:29,DONE,SPR-PRJ-1-23,3
PROF-4684,PRJ-3,USR-66531,Story,Out hospital around wall those rise.,Low,2026-03-17 02:14:12,2026-03-21 02:14:12,DONE,SPR-PRJ-0-19,1
TERM-7646,PRJ-7,USR-53054,Task,Provide others general new begin their.,Medium,2026-07-20 06:26:49,2026-08-03 06:26:49,DONE,SPR-PRJ-4-23,5
TERM-7576,PRJ-7,USR-97833,Task,Step type type word not usually at sing.,Low,2026-07-05 12:27:53,2026-07-18 12:27:53,DONE,SPR-PRJ-9-14,3
WIN-8736,PRJ-5,USR-13390,Task,View push enjoy wife cup law.,Low,2025-10-05 18:59:29,2025-10-15 18:59:29,DONE,SPR-PRJ-8-6,8
CHOI-3072,PRJ-4,USR-41266,Task,West fire resource commercial.,High,2025-10-31 14:22:00,2025-11-09 14:22:00,DONE,SPR-PRJ-7-10,1
WIN-4037,PRJ-5,USR-55745,Task,Board name bad action support tonight.,Medium,2026-02-07 20:18:19,2026-02-17 20:18:19,DONE,SPR-PRJ-4-1,5
PROF-1221,PRJ-3,USR-59689,Story,Bad clear here despite.,High,2025-11-29 18:13:09,2025-12-05 18:13:09,DONE,SPR-PRJ-8-6,8
THES-5684,PRJ-1,USR-90356,Task,Stay woman fish life national.,Low,2026-03-09 19:28:27,2026-03-18 19:28:27,DONE,SPR-PRJ-6-5,2
CHOI-4497,PRJ-4,USR-74923,Bug,Building design avoid property father enough.,Medium,2026-02-07 22:23:39,2026-02-11 22:23:39,DONE,SPR-PRJ-7-0,5
DEVE-9751,PRJ-0,USR-17665,Task,Ten follow cell how.,Low,2025-10-16 01:30:55,2025-10-30 01:30:55,DONE,SPR-PRJ-3-19,2
LIST-8317,PRJ-8,USR-88269,Task,Win behind every.,Medium,2026-04-13 03:08:00,2026-04-16 03:08:00,DONE,SPR-PRJ-2-5,3
CHOI-5375,PRJ-4,USR-83874,Bug,Later radio story huge move.,Medium,2025-10-17 12:09:00,2025-10-18 12:09:00,DONE,SPR-PRJ-1-4,5
DEVE-9667,PRJ-0,USR-26912,Bug,Scientist matter message trip avoid street police.,High,2025-11-21 00:30:27,2025-11-25 00:30:27,DONE,SPR-PRJ-9-15,5
ORGA-7558,PRJ-6,USR-19099,Story,Thus open still bill cover mind wind.,Medium,2026-09-03 00:19:47,2026-09-04 00:19:47,DONE,SPR-PRJ-1-4,3
WIN-3498,PRJ-5,USR-49608,Story,National same man rule paper doctor international.,High,2025-12-02 14:41:45,2025-12-08 14:41:45,DONE,SPR-PRJ-3-11,8
ANIM-8927,PRJ-2,USR-48770,Story,Themselves much theory summer concern.,High,2026-08-13 21:04:25,2026-08-18 21:04:25,DONE,SPR-PRJ-1-23,3
ORGA-1433,PRJ-6,USR-72245,Bug,Impact full occur last school manage.,Low,2026-06-18 15:25:17,2026-07-01 15:25:17,DONE,SPR-PRJ-1-7,2
THES-9099,PRJ-1,USR-93886,Story,Name PM idea until budget long article team.,High,2026-06-26 21:50:10,2026-06-30 21:50:10,DONE,SPR-PRJ-4-0,8
LIST-7402,PRJ-8,USR-93320,Bug,Too million space team administration.,Low,2026-04-07 18:28:08,2026-04-10 18:28:08,DONE,SPR-PRJ-6-3,5
WIN-6771,PRJ-5,USR-25096,Bug,Heavy century probably.,High,2026-07-20 21:04:39,2026-07-24 21:04:39,DONE,SPR-PRJ-1-13,2
PROF-4114,PRJ-3,USR-83608,Story,Difference glass purpose beat.,High,2025-12-02 08:21:50,2025-12-07 08:21:50,DONE,SPR-PRJ-3-21,5
PROF-3116,PRJ-3,USR-42493,Bug,Address friend writer view rather if.,Medium,2026-02-26 17:26:09,2026-02-27 17:26:09,DONE,SPR-PRJ-5-0,5
DEVE-9379,PRJ-0,USR-61879,Story,Mission show company word.,Low,2025-11-24 08:21:37,2025-12-07 08:21:37,DONE,SPR-PRJ-1-16,2
TERM-3042,PRJ-7,USR-16734,Bug,Nothing why sense western newspaper move.,Low,2025-11-19 20:16:26,2025-11-23 20:16:26,DONE,SPR-PRJ-9-12,8
THES-9077,PRJ-1,USR-38197,Task,Dog perhaps my situation test.,Low,2026-06-18 18:29:59,2026-07-01 18:29:59,DONE,SPR-PRJ-2-19,8
WIN-8251,PRJ-5,USR-30676,Story,Throughout also former almost.,High,2025-11-27 10:53:33,2025-12-09 10:53:33,DONE,SPR-PRJ-1-15,2
THES-5784,PRJ-1,USR-80010,Bug,Production my window our reality.,Low,2026-05-19 23:38:46,2026-06-02 23:38:46,DONE,SPR-PRJ-7-21,8
ANIM-3926,PRJ-2,USR-53687,Story,Possible fear paper suffer particular.,Medium,2026-04-12 00:02:04,2026-04-15 00:02:04,DONE,SPR-PRJ-8-18,8
DEVE-7383,PRJ-0,USR-16895,Bug,At base get personal medical while seem along.,Medium,2026-04-29 22:27:36,2026-05-13 22:27:36,DONE,SPR-PRJ-8-12,2
DEVE-5449,PRJ-0,USR-69878,Task,Begin type dog name language local.,High,2026-06-08 06:34:12,2026-06-22 06:34:12,DONE,SPR-PRJ-2-12,1
LIST-5995,PRJ-8,USR-38305,Task,Ago past ever sister.,High,2026-04-24 09:26:48,2026-04-25 09:26:48,DONE,SPR-PRJ-9-11,1
DEVE-9334,PRJ-0,USR-71669,Story,Rest professional left particular.,Low,2026-05-23 10:12:20,2026-06-06 10:12:20,DONE,SPR-PRJ-7-16,5
WIN-5535,PRJ-5,USR-64548,Task,My tax off job market suddenly.,Medium,2026-04-06 05:14:57,2026-04-16 05:14:57,DONE,SPR-PRJ-0-18,2
THES-8014,PRJ-1,USR-12552,Story,Floor officer management seek.,Low,2026-08-18 00:54:36,2026-08-31 00:54:36,DONE,SPR-PRJ-9-19,3
CONF-2496,PRJ-9,USR-69469,Story,Five modern human control personal down appear.,Low,2026-07-30 23:20:25,2026-08-05 23:20:25,DONE,SPR-PRJ-4-19,8
TERM-1008,PRJ-7,USR-30028,Story,Professional test sense.,Medium,2026-01-09 13:23:48,2026-01-12 13:23:48,DONE,SPR-PRJ-7-2,1
THES-3227,PRJ-1,USR-49240,Task,Road forward lead although pull collection.,High,2026-02-25 11:35:17,2026-03-01 11:35:17,DONE,SPR-PRJ-6-2,2
TERM-9715,PRJ-7,USR-23710,Story,Compare second system environmental consumer model leave.,Low,2026-09-11 09:31:09,2026-09-20 09:31:09,DONE,SPR-PRJ-5-1,2
TERM-4790,PRJ-7,USR-16731,Story,Cell step particularly control east.,High,2026-02-27 00:03:21,2026-03-07 00:03:21,DONE,SPR-PRJ-6-22,5
LIST-9761,PRJ-8,USR-30253,Task,School suggest smile store develop wait national.,Medium,2025-11-17 15:38:51,2025-11-21 15:38:51,DONE,SPR-PRJ-8-23,2
CHOI-4326,PRJ-4,USR-38197,Task,Various future clearly bag quite foreign mouth.,Medium,2026-09-12 01:50:27,2026-09-17 01:50:27,DONE,SPR-PRJ-2-0,1
ANIM-4820,PRJ-2,USR-16658,Story,Concern war home why commercial watch develop.,Low,2026-02-05 04:25:44,2026-02-07 04:25:44,DONE,SPR-PRJ-3-18,1
TERM-5654,PRJ-7,USR-21915,Story,Gas part rather bill team.,High,2026-06-23 17:12:17,2026-06-30 17:12:17,DONE,SPR-PRJ-5-23,5
ORGA-9133,PRJ-6,USR-40613,Bug,Nice hospital hand weight.,Medium,2026-04-10 21:11:28,2026-04-15 21:11:28,DONE,SPR-PRJ-9-10,1
ORGA-1553,PRJ-6,USR-31417,Story,Enjoy hit sure food particular series significant.,Medium,2026-04-05 02:47:14,2026-04-09 02:47:14,DONE,SPR-PRJ-3-18,3
DEVE-7326,PRJ-0,USR-24871,Bug,Difference create physical build push.,High,2026-01-16 12:57:34,2026-01-24 12:57:34,DONE,SPR-PRJ-4-16,1
WIN-3250,PRJ-5,USR-22240,Task,Avoid strategy trial out close current strategy.,High,2026-04-13 22:09:44,2026-04-14 22:09:44,DONE,SPR-PRJ-7-9,3
ANIM-7029,PRJ-2,USR-59941,Story,Door soldier beat hair house because family blue.,Medium,2026-02-03 12:36:13,2026-02-10 12:36:13,DONE,SPR-PRJ-7-4,2
WIN-5751,PRJ-5,USR-74382,Bug,Dark describe community people Democrat information.,Low,2026-08-14 08:52:12,2026-08-27 08:52:12,DONE,SPR-PRJ-3-13,8
ORGA-5063,PRJ-6,USR-77621,Task,Best sometimes language fish administration per well.,Medium,2026-07-06 15:03:40,2026-07-18 15:03:40,DONE,SPR-PRJ-2-8,3
CONF-2987,PRJ-9,USR-72163,Bug,Exist show beautiful simply.,High,2025-11-24 02:15:52,2025-12-07 02:15:52,DONE,SPR-PRJ-6-11,2
TERM-5670,PRJ-7,USR-71261,Task,Him more young receive model no painting.,Medium,2025-12-04 19:52:18,2025-12-05 19:52:18,DONE,SPR-PRJ-5-14,8
CONF-6377,PRJ-9,USR-22656,Bug,Serious according guess dog.,Medium,2026-08-17 05:01:50,2026-08-29 05:01:50,DONE,SPR-PRJ-9-23,2
LIST-5417,PRJ-8,USR-62772,Story,Newspaper short I three very newspaper tree.,Low,2026-04-14 16:17:47,2026-04-22 16:17:47,DONE,SPR-PRJ-1-9,1
WIN-5937,PRJ-5,USR-82529,Story,Indicate western tell on indeed senior.,Medium,2026-07-25 06:36:59,2026-08-05 06:36:59,DONE,SPR-PRJ-7-13,5
ANIM-3058,PRJ-2,USR-75435,Task,Evidence television catch relationship member work.,Medium,2026-04-24 06:08:10,2026-05-04 06:08:10,DONE,SPR-PRJ-4-14,3
CONF-1894,PRJ-9,USR-94136,Bug,Must fund open who someone.,Medium,2026-09-08 20:02:31,2026-09-10 20:02:31,DONE,SPR-PRJ-1-10,1
ORGA-6836,PRJ-6,USR-52247,Story,Explain maybe fight pass budget bar really world.,Medium,2026-01-28 04:47:23,2026-02-07 04:47:23,DONE,SPR-PRJ-3-14,5
CONF-4578,PRJ-9,USR-16863,Task,Usually according always choose.,Low,2025-10-06 19:47:26,2025-10-11 19:47:26,DONE,SPR-PRJ-2-0,3
PROF-2386,PRJ-3,USR-58629,Bug,Police only there authority door poor.,Medium,2026-01-24 03:03:11,2026-01-25 03:03:11,DONE,SPR-PRJ-9-10,2
ANIM-1548,PRJ-2,USR-80539,Task,Son than attorney accept.,Medium,2026-08-13 16:15:42,2026-08-16 16:15:42,DONE,SPR-PRJ-2-19,5
CHOI-4800,PRJ-4,USR-96363,Task,Almost daughter plan new consider beyond field.,Low,2026-02-05 23:27:37,2026-02-17 23:27:37,DONE,SPR-PRJ-7-9,5
WIN-3307,PRJ-5,USR-81376,Bug,Modern him only yet make matter sure.,High,2026-08-23 12:07:06,2026-08-26 12:07:06,DONE,SPR-PRJ-9-10,1
CHOI-2055,PRJ-4,USR-14207,Task,Large PM kid we poor change.,High,2025-12-22 05:04:20,2026-01-05 05:04:20,DONE,SPR-PRJ-3-9,1
DEVE-3676,PRJ-0,USR-56346,Task,Hand middle school cold.,Medium,2025-09-29 10:24:53,2025-10-06 10:24:53,DONE,SPR-PRJ-3-14,2
PROF-4293,PRJ-3,USR-45054,Story,Decide when moment south common.,High,2026-02-17 04:52:13,2026-02-20 04:52:13,DONE,SPR-PRJ-0-4,2
DEVE-4763,PRJ-0,USR-30028,Task,Say couple as customer.,Medium,2026-04-25 23:36:41,2026-05-03 23:36:41,DONE,SPR-PRJ-0-17,1
ORGA-3326,PRJ-6,USR-56346,Task,Phone perhaps arrive.,Medium,2025-11-21 13:55:24,2025-11-25 13:55:24,DONE,SPR-PRJ-9-14,1
PROF-1918,PRJ-3,USR-63264,Story,Those mind indeed.,Low,2026-07-10 16:30:25,2026-07-20 16:30:25,DONE,SPR-PRJ-5-22,3
ANIM-1764,PRJ-2,USR-95823,Story,Daughter need generation mouth.,Low,2026-04-05 01:54:31,2026-04-18 01:54:31,DONE,SPR-PRJ-7-21,1
ANIM-5795,PRJ-2,USR-25014,Task,Identify relationship professor computer Congress glass less.,Low,2026-07-21 19:26:15,2026-07-28 19:26:15,DONE,SPR-PRJ-9-18,3
TERM-6261,PRJ-7,USR-34931,Bug,No enter career choice number allow.,Low,2026-01-06 01:38:10,2026-01-20 01:38:10,DONE,SPR-PRJ-1-22,3
LIST-4725,PRJ-8,USR-86011,Story,Bed staff talk score him price drop bill.,Low,2025-11-21 06:46:33,2025-11-29 06:46:33,DONE,SPR-PRJ-6-17,2
ANIM-6188,PRJ-2,USR-31299,Bug,Than responsibility whether population compare lead Democrat.,Low,2025-10-17 13:58:48,2025-10-23 13:58:48,DONE,SPR-PRJ-4-2,5
LIST-3415,PRJ-8,USR-40735,Bug,Understand pretty whom what unit.,High,2026-03-17 23:11:48,2026-03-25 23:11:48,DONE,SPR-PRJ-6-2,1
THES-1772,PRJ-1,USR-49294,Bug,Common office note pass.,High,2026-01-31 11:58:19,2026-02-04 11:58:19,DONE,SPR-PRJ-7-10,3
THES-8445,PRJ-1,USR-68183,Task,Thing western run son price one.,Medium,2026-07-11 17:39:19,2026-07-23 17:39:19,DONE,SPR-PRJ-0-9,2
CONF-5125,PRJ-9,USR-39949,Task,Door nearly door coach president.,Low,2026-06-02 15:38:59,2026-06-15 15:38:59,DONE,SPR-PRJ-1-4,5
TERM-7353,PRJ-7,USR-32241,Bug,Smile talk music floor vote.,Medium,2026-06-26 18:34:57,2026-06-29 18:34:57,DONE,SPR-PRJ-1-17,1
THES-7155,PRJ-1,USR-43862,Bug,Business right leg season manage claim.,Medium,2026-01-08 13:38:20,2026-01-18 13:38:20,DONE,SPR-PRJ-9-9,5
LIST-4203,PRJ-8,USR-59192,Task,East affect forward tend officer.,Medium,2026-02-26 14:52:23,2026-03-12 14:52:23,DONE,SPR-PRJ-0-4,3
CONF-6416,PRJ-9,USR-91070,Story,Particularly rise Congress land station team keep.,High,2026-07-24 21:57:55,2026-08-07 21:57:55,DONE,SPR-PRJ-3-23,8
CONF-6131,PRJ-9,USR-40613,Task,Company attorney area east too life money.,Medium,2025-12-08 12:08:17,2025-12-18 12:08:17,DONE,SPR-PRJ-7-11,2
PROF-3620,PRJ-3,USR-68841,Task,Democrat remain stage catch.,Medium,2026-04-08 05:59:38,2026-04-12 05:59:38,DONE,SPR-PRJ-2-20,2
ANIM-3621,PRJ-2,USR-30374,Story,Drug chance speech sell better soldier however.,Medium,2026-05-01 18:55:57,2026-05-03 18:55:57,DONE,SPR-PRJ-9-10,5
CONF-3192,PRJ-9,USR-16868,Bug,Nature community third.,High,2026-07-30 23:52:42,2026-08-02 23:52:42,DONE,SPR-PRJ-6-7,3
ANIM-6205,PRJ-2,USR-67595,Bug,Major specific rather letter me tell just.,Medium,2026-01-07 23:58:05,2026-01-11 23:58:05,DONE,SPR-PRJ-4-15,2
ORGA-3823,PRJ-6,USR-92213,Bug,Really reveal these project group.,High,2026-06-19 10:40:26,2026-06-20 10:40:26,DONE,SPR-PRJ-4-14,5
CONF-9427,PRJ-9,USR-58147,Task,Hour article study seek young shoulder dark.,High,2025-12-27 22:10:57,2025-12-31 22:10:57,DONE,SPR-PRJ-2-4,1
CONF-9756,PRJ-9,USR-54350,Story,Door hold bank of some.,High,2026-01-12 23:26:47,2026-01-26 23:26:47,DONE,SPR-PRJ-6-20,1
THES-7096,PRJ-1,USR-57428,Story,Least get the west.,Low,2026-01-29 12:32:38,2026-02-04 12:32:38,DONE,SPR-PRJ-5-17,2
TERM-7577,PRJ-7,USR-62772,Bug,Together test age chance officer single role.,High,2026-08-31 14:46:33,2026-09-09 14:46:33,DONE,SPR-PRJ-3-11,3
CHOI-6006,PRJ-4,USR-60181,Bug,Professional begin current everyone test memory.,High,2026-05-12 21:11:55,2026-05-13 21:11:55,DONE,SPR-PRJ-8-11,5
TERM-9592,PRJ-7,USR-21359,Bug,Statement treatment office yeah bar rather matter participant.,Medium,2025-10-18 23:27:42,2025-10-31 23:27:42,DONE,SPR-PRJ-7-20,5
CHOI-2945,PRJ-4,USR-40828,Story,Huge plan rule break.,Medium,2025-11-10 16:32:55,2025-11-21 16:32:55,DONE,SPR-PRJ-1-22,1
ANIM-3933,PRJ-2,USR-15695,Task,Term under whether improve.,Low,2025-11-27 02:12:07,2025-11-29 02:12:07,DONE,SPR-PRJ-0-11,3
CHOI-8956,PRJ-4,USR-78012,Bug,Apply paper second become.,Low,2026-07-16 06:23:00,2026-07-30 06:23:00,DONE,SPR-PRJ-1-4,1
ORGA-5549,PRJ-6,USR-84847,Bug,Idea can Congress building return land.,High,2025-11-09 17:36:53,2025-11-18 17:36:53,DONE,SPR-PRJ-7-10,2
PROF-8077,PRJ-3,USR-15726,Bug,Product understand service usually cup performance.,Low,2026-07-04 17:55:39,2026-07-07 17:55:39,DONE,SPR-PRJ-7-12,1
ANIM-9834,PRJ-2,USR-12719,Story,Already occur issue front movie.,High,2026-07-07 08:12:16,2026-07-08 08:12:16,DONE,SPR-PRJ-3-10,1
LIST-4849,PRJ-8,USR-91689,Task,Lay theory specific since.,Low,2026-06-10 09:52:27,2026-06-22 09:52:27,DONE,SPR-PRJ-1-17,5
CONF-2023,PRJ-9,USR-89964,Bug,Share example beyond expect.,Medium,2025-11-06 04:58:58,2025-11-09 04:58:58,DONE,SPR-PRJ-8-18,5
LIST-7313,PRJ-8,USR-87820,Story,Raise personal cell front across professor word.,High,2026-07-30 16:53:58,2026-08-13 16:53:58,DONE,SPR-PRJ-5-3,5
THES-9885,PRJ-1,USR-67008,Task,Expert can style option red happen whose return.,High,2025-11-24 06:22:49,2025-12-01 06:22:49,DONE,SPR-PRJ-4-20,1
THES-1013,PRJ-1,USR-89276,Bug,Special save ability us.,Low,2026-08-19 01:09:13,2026-09-01 01:09:13,DONE,SPR-PRJ-1-16,2
THES-9856,PRJ-1,USR-98317,Story,Other campaign reason market admit best why.,Medium,2026-07-01 21:38:39,2026-07-04 21:38:39,DONE,SPR-PRJ-4-22,8
WIN-1324,PRJ-5,USR-86435,Task,Every interest grow force.,Medium,2025-11-12 00:59:11,2025-11-14 00:59:11,DONE,SPR-PRJ-6-22,1
CONF-3736,PRJ-9,USR-82070,Bug,Film under deep agree walk thousand.,Low,2026-02-16 08:53:22,2026-02-18 08:53:22,DONE,SPR-PRJ-9-3,3
TERM-7713,PRJ-7,USR-56179,Bug,Agent wrong us institution.,High,2026-07-26 07:25:39,2026-08-01 07:25:39,DONE,SPR-PRJ-6-7,5
CHOI-6733,PRJ-4,USR-33703,Bug,Class discuss manager art out article responsibility who.,High,2026-02-14 11:30:58,2026-02-26 11:30:58,DONE,SPR-PRJ-8-18,2
ORGA-9746,PRJ-6,USR-16743,Task,Technology against direction call example practice.,Low,2026-03-13 10:21:52,2026-03-27 10:21:52,DONE,SPR-PRJ-1-0,2
CONF-9310,PRJ-9,USR-52987,Story,Garden end tell still.,Medium,2026-09-11 22:07:56,2026-09-17 22:07:56,DONE,SPR-PRJ-2-9,8
DEVE-8280,PRJ-0,USR-61876,Bug,Politics develop report experience economic by pattern traditional.,Low,2026-06-19 18:36:34,2026-06-20 18:36:34,DONE,SPR-PRJ-4-17,3
ORGA-7931,PRJ-6,USR-44522,Task,North shoulder later institution skin performance he.,Low,2026-03-03 10:59:31,2026-03-13 10:59:31,DONE,SPR-PRJ-4-5,5
CONF-8492,PRJ-9,USR-61879,Task,Head interesting common early look blood.,Low,2026-05-14 03:25:45,2026-05-20 03:25:45,DONE,SPR-PRJ-7-7,8
THES-9340,PRJ-1,USR-27675,Bug,Left able analysis arrive budget.,Medium,2026-08-17 22:20:55,2026-08-19 22:20:55,DONE,SPR-PRJ-4-9,5
WIN-4379,PRJ-5,USR-49608,Bug,But debate south say include discover last.,High,2026-07-28 06:46:20,2026-08-04 06:46:20,DONE,SPR-PRJ-3-2,8
WIN-1161,PRJ-5,USR-57428,Bug,Major interest amount actually.,Low,2026-01-12 05:10:34,2026-01-25 05:10:34,DONE,SPR-PRJ-4-4,1
ANIM-7528,PRJ-2,USR-37653,Task,Language challenge air rest wind region.,Medium,2025-11-03 19:10:59,2025-11-08 19:10:59,DONE,SPR-PRJ-5-21,8
CHOI-6874,PRJ-4,USR-47196,Story,Crime amount laugh east.,Low,2026-03-25 22:48:07,2026-04-03 22:48:07,DONE,SPR-PRJ-6-2,8
TERM-5999,PRJ-7,USR-58147,Story,Forward why spend explain wide.,Low,2026-03-25 08:44:08,2026-04-04 08:44:08,DONE,SPR-PRJ-7-20,5
ORGA-4875,PRJ-6,USR-54089,Task,Feel song company region agent north consider.,Medium,2026-01-11 23:22:36,2026-01-12 23:22:36,DONE,SPR-PRJ-0-12,1
ORGA-2668,PRJ-6,USR-69914,Bug,Put land region other many daughter night.,Medium,2026-04-21 10:48:39,2026-05-02 10:48:39,DONE,SPR-PRJ-2-4,1
LIST-5277,PRJ-8,USR-15551,Task,Yourself sound since parent church.,Low,2026-02-03 13:58:45,2026-02-14 13:58:45,DONE,SPR-PRJ-9-0,3
LIST-8861,PRJ-8,USR-59615,Bug,Two stuff threat join chance good.,High,2026-08-07 11:35:02,2026-08-16 11:35:02,DONE,SPR-PRJ-5-0,2
THES-4343,PRJ-1,USR-14929,Story,Drive catch table affect arm entire increase.,High,2025-10-21 20:18:12,2025-10-25 20:18:12,DONE,SPR-PRJ-2-21,3
CONF-1708,PRJ-9,USR-20308,Task,Whole phone agent attack bring.,Medium,2025-11-04 20:42:39,2025-11-13 20:42:39,DONE,SPR-PRJ-9-15,5
ORGA-3322,PRJ-6,USR-61173,Task,Magazine level trial also see enjoy door should.,Medium,2026-03-19 12:47:15,2026-03-29 12:47:15,DONE,SPR-PRJ-6-8,5
ANIM-4018,PRJ-2,USR-86569,Bug,Star none record religious.,High,2026-04-29 08:25:15,2026-05-05 08:25:15,DONE,SPR-PRJ-2-12,2
TERM-1481,PRJ-7,USR-60140,Task,Off fire property remain first.,Medium,2026-06-24 10:21:30,2026-07-03 10:21:30,DONE,SPR-PRJ-3-1,3
ORGA-6345,PRJ-6,USR-65851,Story,Eight participant also.,Low,2025-12-02 19:21:55,2025-12-06 19:21:55,DONE,SPR-PRJ-3-8,1
WIN-6696,PRJ-5,USR-89928,Bug,Position our market tree situation.,High,2026-05-13 22:58:54,2026-05-14 22:58:54,DONE,SPR-PRJ-7-21,2
THES-2113,PRJ-1,USR-49251,Story,Police possible cup opportunity rate sport him.,Low,2026-04-20 11:28:26,2026-04-23 11:28:26,DONE,SPR-PRJ-6-18,5
LIST-9938,PRJ-8,USR-80010,Bug,Bill traditional western chance machine.,Medium,2026-05-01 02:25:58,2026-05-13 02:25:58,DONE,SPR-PRJ-7-4,3
CONF-6001,PRJ-9,USR-80010,Story,Look entire do company focus consumer say.,Low,2025-10-16 00:46:09,2025-10-30 00:46:09,DONE,SPR-PRJ-3-8,1
TERM-7033,PRJ-7,USR-76540,Story,Organization old treatment yet land address represent treat.,Medium,2026-04-15 02:51:02,2026-04-16 02:51:02,DONE,SPR-PRJ-5-15,1
CHOI-8343,PRJ-4,USR-23173,Story,Summer what cause Democrat anything leave.,Medium,2025-11-30 02:19:37,2025-12-11 02:19:37,DONE,SPR-PRJ-2-6,3
CHOI-2837,PRJ-4,USR-62098,Story,Such black improve subject produce process piece.,Medium,2026-09-13 01:41:19,2026-09-23 01:41:19,DONE,SPR-PRJ-3-4,8
CONF-4328,PRJ-9,USR-55293,Bug,Else support top nation wind base hard reduce.,Low,2026-06-10 10:50:00,2026-06-11 10:50:00,DONE,SPR-PRJ-2-8,2
PROF-4926,PRJ-3,USR-71186,Bug,Message mean year once too today base.,High,2026-05-23 21:15:11,2026-05-30 21:15:11,DONE,SPR-PRJ-9-23,1
ANIM-2119,PRJ-2,USR-60140,Bug,Room Mr personal.,Medium,2026-03-18 13:43:22,2026-03-22 13:43:22,DONE,SPR-PRJ-0-2,3
THES-6135,PRJ-1,USR-86064,Task,Air star audience national human employee movement.,Medium,2026-01-17 11:54:22,2026-01-23 11:54:22,DONE,SPR-PRJ-8-20,2
LIST-1819,PRJ-8,USR-58353,Story,Later they green message.,Medium,2025-11-28 09:04:11,2025-12-05 09:04:11,DONE,SPR-PRJ-7-7,5
TERM-8253,PRJ-7,USR-31178,Bug,Work win health usually much article agent.,Medium,2025-12-26 12:05:14,2026-01-05 12:05:14,DONE,SPR-PRJ-9-22,1
ANIM-5209,PRJ-2,USR-12128,Task,Industry floor project.,Medium,2026-04-24 17:08:07,2026-04-30 17:08:07,DONE,SPR-PRJ-0-13,8
DEVE-2837,PRJ-0,USR-26011,Task,Success herself be other.,Medium,2026-08-14 20:09:37,2026-08-18 20:09:37,DONE,SPR-PRJ-6-3,1
THES-2392,PRJ-1,USR-23875,Bug,Various memory matter stage.,Medium,2025-11-01 11:57:41,2025-11-06 11:57:41,DONE,SPR-PRJ-1-19,3
CHOI-8500,PRJ-4,USR-37535,Bug,Outside interest tough character.,Medium,2026-01-09 23:32:46,2026-01-23 23:32:46,DONE,SPR-PRJ-8-6,5
WIN-9518,PRJ-5,USR-41348,Story,Official yourself us local play environment.,Low,2026-07-05 23:48:38,2026-07-06 23:48:38,DONE,SPR-PRJ-1-21,2
CONF-2212,PRJ-9,USR-59941,Bug,Director brother toward because ok both.,High,2026-05-13 15:29:15,2026-05-24 15:29:15,DONE,SPR-PRJ-6-11,5
CONF-9669,PRJ-9,USR-49139,Task,Manager necessary easy.,High,2026-03-11 20:24:31,2026-03-24 20:24:31,DONE,SPR-PRJ-2-20,2
ORGA-9574,PRJ-6,USR-54791,Story,Purpose speak network difference reveal.,Low,2026-04-04 06:58:40,2026-04-05 06:58:40,DONE,SPR-PRJ-2-5,8
CONF-5026,PRJ-9,USR-69878,Bug,Single least something source.,High,2026-02-11 11:00:04,2026-02-16 11:00:04,DONE,SPR-PRJ-9-18,3
CONF-3734,PRJ-9,USR-47667,Bug,Consider policy those unit reduce executive.,High,2026-06-14 04:12:11,2026-06-20 04:12:11,DONE,SPR-PRJ-3-8,2
PROF-4621,PRJ-3,USR-87128,Bug,Himself eat enter partner agent laugh.,Low,2026-05-21 19:03:51,2026-05-27 19:03:51,DONE,SPR-PRJ-7-22,8
DEVE-6216,PRJ-0,USR-85392,Story,Ask activity night bill.,Low,2026-01-26 06:48:19,2026-02-07 06:48:19,DONE,SPR-PRJ-1-7,1
DEVE-5073,PRJ-0,USR-79615,Bug,Wonder green set stay.,Medium,2025-11-21 05:47:14,2025-11-26 05:47:14,DONE,SPR-PRJ-1-10,3
ORGA-1692,PRJ-6,USR-40647,Task,My by maybe off smile.,Low,2026-03-03 21:09:37,2026-03-16 21:09:37,DONE,SPR-PRJ-1-1,8
WIN-1999,PRJ-5,USR-32810,Bug,Movement mouth maybe pass they.,Medium,2025-12-22 04:17:57,2025-12-26 04:17:57,DONE,SPR-PRJ-4-6,1
PROF-7211,PRJ-3,USR-30932,Task,House character would money own.,High,2025-11-19 08:17:58,2025-11-23 08:17:58,DONE,SPR-PRJ-7-8,3
CONF-5019,PRJ-9,USR-56176,Bug,Against strategy become available your both.,High,2025-10-23 10:17:16,2025-11-04 10:17:16,DONE,SPR-PRJ-0-1,3
WIN-5782,PRJ-5,USR-77839,Bug,Group sense outside spring your.,Medium,2026-09-09 22:58:02,2026-09-23 22:58:02,DONE,SPR-PRJ-4-2,5
ANIM-6850,PRJ-2,USR-31579,Story,Resource blue degree rest thus.,Medium,2026-09-01 01:16:22,2026-09-06 01:16:22,DONE,SPR-PRJ-2-15,5
ANIM-9324,PRJ-2,USR-70981,Story,Wonder analysis effort news.,Medium,2026-02-06 16:13:50,2026-02-07 16:13:50,DONE,SPR-PRJ-9-2,2
ORGA-7715,PRJ-6,USR-40735,Task,Forward stop against close trade everything.,High,2025-11-02 14:54:56,2025-11-11 14:54:56,DONE,SPR-PRJ-0-21,5
THES-1572,PRJ-1,USR-18109,Task,Certain buy best fish all cover eye.,Medium,2026-01-22 06:45:03,2026-02-02 06:45:03,DONE,SPR-PRJ-9-12,2
ORGA-5351,PRJ-6,USR-79774,Story,Indicate suddenly like science to use assume.,High,2025-10-07 22:26:26,2025-10-11 22:26:26,DONE,SPR-PRJ-7-3,8
CHOI-3338,PRJ-4,USR-41365,Story,Record organization of national.,Low,2026-04-15 06:34:14,2026-04-29 06:34:14,DONE,SPR-PRJ-1-2,3
TERM-2901,PRJ-7,USR-60328,Bug,Must traditional able husband street certainly even.,Medium,2025-10-13 04:58:39,2025-10-26 04:58:39,DONE,SPR-PRJ-2-6,1
ORGA-9114,PRJ-6,USR-77286,Bug,Including summer bit difficult for.,Low,2026-03-17 22:45:19,2026-03-28 22:45:19,DONE,SPR-PRJ-7-9,1
LIST-5558,PRJ-8,USR-87356,Task,Phone water national pattern Mrs source.,Medium,2025-12-07 16:41:17,2025-12-20 16:41:17,DONE,SPR-PRJ-3-17,1
TERM-3224,PRJ-7,USR-26547,Task,How peace key us high fine throughout bed.,High,2026-01-01 15:42:27,2026-01-02 15:42:27,DONE,SPR-PRJ-6-20,5
ORGA-5439,PRJ-6,USR-17518,Story,End finish process book party reveal quickly around.,High,2026-02-06 02:46:16,2026-02-11 02:46:16,DONE,SPR-PRJ-2-5,8
TERM-4367,PRJ-7,USR-75570,Bug,Yes east up threat and box listen.,Medium,2026-06-20 22:36:29,2026-06-29 22:36:29,DONE,SPR-PRJ-2-8,2
TERM-1228,PRJ-7,USR-23970,Bug,Dinner other sell new.,High,2026-03-10 00:54:15,2026-03-20 00:54:15,DONE,SPR-PRJ-0-3,8
ORGA-1379,PRJ-6,USR-12719,Story,Instead eat wish positive beyond.,Medium,2026-02-27 07:41:14,2026-03-04 07:41:14,DONE,SPR-PRJ-8-9,2
ANIM-4811,PRJ-2,USR-93886,Bug,Foreign outside her account agent.,Low,2026-05-09 22:15:44,2026-05-15 22:15:44,DONE,SPR-PRJ-4-19,5
THES-1322,PRJ-1,USR-59986,Bug,Feeling career morning oil condition fall heavy.,Low,2026-06-08 18:02:41,2026-06-22 18:02:41,DONE,SPR-PRJ-7-12,3
PROF-2233,PRJ-3,USR-55851,Bug,Size scientist news itself marriage.,Medium,2026-02-19 14:45:17,2026-02-21 14:45:17,DONE,SPR-PRJ-6-18,2
LIST-8776,PRJ-8,USR-85711,Task,Smile energy add so financial interest.,Low,2025-10-16 09:08:27,2025-10-23 09:08:27,DONE,SPR-PRJ-2-4,2
CHOI-3361,PRJ-4,USR-38906,Bug,Series future throughout number site final five.,Low,2026-02-15 09:33:32,2026-02-26 09:33:32,DONE,SPR-PRJ-2-6,2
CONF-1845,PRJ-9,USR-29528,Bug,Sit source ahead capital tax.,Medium,2025-12-21 16:27:46,2025-12-23 16:27:46,DONE,SPR-PRJ-7-8,5
ORGA-8350,PRJ-6,USR-82512,Story,Sometimes then situation take contain.,High,2026-02-17 11:21:05,2026-02-18 11:21:05,DONE,SPR-PRJ-6-8,3
ANIM-2148,PRJ-2,USR-82102,Bug,Red approach how free part director.,Low,2026-03-08 13:58:07,2026-03-09 13:58:07,DONE,SPR-PRJ-0-2,3
DEVE-1981,PRJ-0,USR-61876,Task,Reason push civil.,Low,2025-10-17 19:35:48,2025-10-18 19:35:48,DONE,SPR-PRJ-0-6,5
TERM-3812,PRJ-7,USR-91678,Bug,Company family white sometimes.,Medium,2025-12-08 11:36:36,2025-12-18 11:36:36,DONE,SPR-PRJ-0-10,8
TERM-3335,PRJ-7,USR-36144,Task,Really listen husband shake party hope billion.,Medium,2026-03-12 06:01:50,2026-03-26 06:01:50,DONE,SPR-PRJ-9-20,3
CONF-3739,PRJ-9,USR-31174,Task,Remember beyond head win me.,High,2025-12-04 15:42:11,2025-12-12 15:42:11,DONE,SPR-PRJ-2-17,3
PROF-5940,PRJ-3,USR-83638,Story,Someone police year accept toward Mr board.,High,2026-01-02 12:26:55,2026-01-08 12:26:55,DONE,SPR-PRJ-1-12,1
WIN-3966,PRJ-5,USR-71261,Story,Word loss manager next cultural bad official.,High,2026-05-13 15:11:29,2026-05-25 15:11:29,DONE,SPR-PRJ-9-17,1
TERM-3953,PRJ-7,USR-62743,Bug,Know size add soon land yes.,High,2026-09-04 16:22:53,2026-09-11 16:22:53,DONE,SPR-PRJ-6-20,3
TERM-7700,PRJ-7,USR-72163,Task,Table police interesting challenge book.,Low,2026-03-04 15:02:05,2026-03-13 15:02:05,DONE,SPR-PRJ-0-6,2
WIN-2834,PRJ-5,USR-34931,Story,Data economy save.,Low,2025-11-29 21:29:28,2025-12-10 21:29:28,DONE,SPR-PRJ-1-4,3
ORGA-9855,PRJ-6,USR-58870,Task,Garden involve recent role term mother leave.,Low,2026-09-05 11:12:13,2026-09-15 11:12:13,DONE,SPR-PRJ-8-13,8
ORGA-9416,PRJ-6,USR-10053,Task,Happy enter method finally.,Medium,2026-02-10 00:37:30,2026-02-11 00:37:30,DONE,SPR-PRJ-9-16,1
TERM-5240,PRJ-7,USR-41979,Task,Reason discussion food education someone woman environmental.,Low,2025-11-13 21:18:41,2025-11-22 21:18:41,DONE,SPR-PRJ-0-22,8
CONF-3140,PRJ-9,USR-94259,Story,Effort present expect level science thank.,Medium,2025-10-09 04:05:08,2025-10-19 04:05:08,DONE,SPR-PRJ-7-20,8
PROF-6341,PRJ-3,USR-40775,Task,Born war child require.,Low,2026-08-21 07:48:32,2026-08-28 07:48:32,DONE,SPR-PRJ-2-21,5
PROF-9647,PRJ-3,USR-41946,Story,Show pass say with radio.,High,2026-03-19 17:36:57,2026-03-31 17:36:57,DONE,SPR-PRJ-9-3,1
TERM-3431,PRJ-7,USR-36741,Task,Late top huge deal.,High,2026-05-26 01:16:03,2026-05-30 01:16:03,DONE,SPR-PRJ-8-2,2
LIST-9503,PRJ-8,USR-31465,Bug,Population question coach college court.,Low,2026-06-12 00:39:21,2026-06-19 00:39:21,DONE,SPR-PRJ-4-20,2
DEVE-9456,PRJ-0,USR-93748,Bug,Much rate standard today government actually myself.,High,2026-08-16 07:31:02,2026-08-18 07:31:02,DONE,SPR-PRJ-2-16,1
THES-7299,PRJ-1,USR-19120,Story,Parent hit east among.,High,2026-08-04 02:46:27,2026-08-07 02:46:27,DONE,SPR-PRJ-7-7,5
LIST-8533,PRJ-8,USR-44718,Task,Almost participant society director rest.,High,2026-02-01 17:08:01,2026-02-10 17:08:01,DONE,SPR-PRJ-8-11,3
ORGA-8864,PRJ-6,USR-42406,Story,Environment throw former director.,High,2026-04-10 07:46:12,2026-04-11 07:46:12,DONE,SPR-PRJ-9-19,8
PROF-5080,PRJ-3,USR-41850,Bug,Along TV record.,High,2026-01-23 15:19:54,2026-01-31 15:19:54,DONE,SPR-PRJ-0-21,1
CONF-7051,PRJ-9,USR-47512,Story,Method resource how listen.,Low,2026-05-31 07:50:04,2026-06-13 07:50:04,DONE,SPR-PRJ-3-7,2
DEVE-2120,PRJ-0,USR-60615,Story,Toward successful generation common effect true western.,Medium,2026-01-16 06:26:39,2026-01-23 06:26:39,DONE,SPR-PRJ-4-9,1
CONF-5102,PRJ-9,USR-60779,Task,Into stay decision movement gun.,Medium,2026-01-06 13:51:56,2026-01-13 13:51:56,DONE,SPR-PRJ-4-17,2
LIST-3260,PRJ-8,USR-99838,Story,Owner design relate need administration rather sense.,High,2025-10-22 13:51:09,2025-11-03 13:51:09,DONE,SPR-PRJ-8-5,8
ANIM-4645,PRJ-2,USR-41552,Task,Drive other chair lead maybe produce.,High,2026-08-03 19:50:54,2026-08-06 19:50:54,DONE,SPR-PRJ-9-12,5
LIST-2147,PRJ-8,USR-21221,Story,Save sound nothing international only method choice.,Medium,2026-09-01 10:35:58,2026-09-05 10:35:58,DONE,SPR-PRJ-8-10,3
ANIM-4641,PRJ-2,USR-15695,Story,Article year fire official car look ever last.,Medium,2026-09-06 07:57:34,2026-09-08 07:57:34,DONE,SPR-PRJ-1-16,8
WIN-2756,PRJ-5,USR-81987,Story,Heavy already become rock our.,Low,2025-11-19 08:57:37,2025-11-22 08:57:37,DONE,SPR-PRJ-8-9,3
ORGA-2874,PRJ-6,USR-51505,Bug,Report company car data news difficult.,High,2026-07-14 08:08:41,2026-07-18 08:08:41,DONE,SPR-PRJ-0-14,3
THES-3093,PRJ-1,USR-55745,Task,Miss draw society character.,High,2026-03-20 13:00:46,2026-03-21 13:00:46,DONE,SPR-PRJ-0-22,2
ORGA-2124,PRJ-6,USR-99593,Bug,Matter hot stage want note work military.,Medium,2025-11-09 17:48:05,2025-11-18 17:48:05,DONE,SPR-PRJ-7-15,3
WIN-4676,PRJ-5,USR-20646,Bug,Republican news deep.,Medium,2026-04-14 20:17:14,2026-04-19 20:17:14,DONE,SPR-PRJ-4-1,1
TERM-7864,PRJ-7,USR-84395,Task,And bring continue compare.,Medium,2025-11-22 13:09:38,2025-12-06 13:09:38,DONE,SPR-PRJ-0-6,1
DEVE-6995,PRJ-0,USR-56176,Bug,As miss leave.,High,2025-09-27 18:46:34,2025-10-09 18:46:34,DONE,SPR-PRJ-3-7,5
LIST-7911,PRJ-8,USR-18285,Story,And ahead subject others.,High,2026-02-21 07:22:19,2026-02-27 07:22:19,DONE,SPR-PRJ-8-1,1
TERM-1062,PRJ-7,USR-81987,Bug,Try quality resource business natural stand country.,Medium,2026-08-29 23:54:00,2026-09-04 23:54:00,DONE,SPR-PRJ-9-22,5
CONF-8240,PRJ-9,USR-69250,Bug,Eye true dog need.,Medium,2026-02-22 23:34:35,2026-03-03 23:34:35,DONE,SPR-PRJ-9-3,3
THES-3615,PRJ-1,USR-97410,Task,Political be member another lot.,High,2026-01-28 23:24:25,2026-01-29 23:24:25,DONE,SPR-PRJ-4-9,1
TERM-5937,PRJ-7,USR-77889,Task,Political crime finally term open story so.,Medium,2026-03-09 12:23:45,2026-03-22 12:23:45,DONE,SPR-PRJ-2-5,3
ORGA-9973,PRJ-6,USR-23577,Story,Cup significant admit.,Medium,2025-10-10 12:05:23,2025-10-23 12:05:23,DONE,SPR-PRJ-6-19,5
WIN-5207,PRJ-5,USR-15695,Task,Trouble about stage everything forget score.,Low,2026-08-17 08:39:20,2026-08-29 08:39:20,DONE,SPR-PRJ-2-22,3
CONF-9078,PRJ-9,USR-23022,Story,Street former total animal item to.,Low,2026-02-21 05:23:12,2026-02-24 05:23:12,DONE,SPR-PRJ-4-22,2
CHOI-4692,PRJ-4,USR-78951,Task,Environmental available toward hotel he test.,Low,2026-02-25 09:32:02,2026-03-11 09:32:02,DONE,SPR-PRJ-9-5,8
LIST-5542,PRJ-8,USR-49608,Story,Region through wall would.,Medium,2026-06-29 07:03:35,2026-07-06 07:03:35,DONE,SPR-PRJ-2-18,1
ANIM-2492,PRJ-2,USR-44687,Task,Must beyond pass two option significant light.,High,2025-09-27 13:51:52,2025-10-08 13:51:52,DONE,SPR-PRJ-7-23,3
DEVE-2940,PRJ-0,USR-70931,Bug,Address significant set involve nature family cell move.,Low,2026-04-17 23:52:00,2026-04-26 23:52:00,DONE,SPR-PRJ-4-12,1
LIST-7308,PRJ-8,USR-66531,Story,Perform city parent size month music newspaper.,High,2026-05-05 08:16:15,2026-05-17 08:16:15,DONE,SPR-PRJ-2-3,1
DEVE-2313,PRJ-0,USR-31417,Story,Brother more radio political sit authority air.,High,2026-04-16 22:12:00,2026-04-21 22:12:00,DONE,SPR-PRJ-9-19,5
CONF-8645,PRJ-9,USR-17104,Story,Investment guy such notice to age organization call.,Low,2026-08-04 18:11:47,2026-08-06 18:11:47,DONE,SPR-PRJ-9-10,5
CONF-1834,PRJ-9,USR-63354,Bug,It reduce write lawyer.,Low,2025-10-30 17:45:19,2025-11-04 17:45:19,DONE,SPR-PRJ-9-0,5
THES-2262,PRJ-1,USR-73464,Story,Officer store cost address within network accept.,Medium,2026-05-30 00:59:18,2026-06-08 00:59:18,DONE,SPR-PRJ-1-18,1
LIST-8268,PRJ-8,USR-23173,Story,Happy cause authority leave friend fire whatever.,Medium,2026-09-10 10:44:08,2026-09-20 10:44:08,DONE,SPR-PRJ-8-2,1
ORGA-2733,PRJ-6,USR-21835,Bug,Lead relationship provide case father own six.,High,2026-03-24 19:54:53,2026-04-06 19:54:53,DONE,SPR-PRJ-6-13,5
CONF-7294,PRJ-9,USR-24573,Story,Pull strong necessary exactly part or vote.,Low,2025-11-03 11:12:05,2025-11-07 11:12:05,DONE,SPR-PRJ-5-4,3
LIST-2737,PRJ-8,USR-15075,Task,Computer cell wall free onto.,Low,2026-03-15 04:29:57,2026-03-16 04:29:57,DONE,SPR-PRJ-7-4,8
DEVE-1241,PRJ-0,USR-92998,Task,Specific think tree.,High,2026-03-20 10:40:12,2026-04-02 10:40:12,DONE,SPR-PRJ-8-4,2
THES-7401,PRJ-1,USR-31747,Bug,Entire car statement get family main.,Low,2026-01-07 14:51:17,2026-01-20 14:51:17,DONE,SPR-PRJ-4-1,8
TERM-1326,PRJ-7,USR-92210,Bug,Five single call.,Medium,2026-08-17 05:55:37,2026-08-19 05:55:37,DONE,SPR-PRJ-4-15,8
WIN-3327,PRJ-5,USR-91885,Story,Center suddenly happen store report adult same.,Medium,2026-08-21 02:19:39,2026-08-26 02:19:39,DONE,SPR-PRJ-8-18,2
PROF-6963,PRJ-3,USR-51750,Bug,Human understand together improve week least deep carry.,Low,2025-10-21 13:43:48,2025-11-03 13:43:48,DONE,SPR-PRJ-2-18,2
LIST-4639,PRJ-8,USR-27781,Task,Yeah me try particularly thought those evidence.,Low,2026-08-22 03:27:38,2026-08-24 03:27:38,DONE,SPR-PRJ-2-8,1
CONF-2222,PRJ-9,USR-30644,Story,Magazine present treatment might.,High,2025-10-19 15:30:47,2025-10-22 15:30:47,DONE,SPR-PRJ-1-1,3
WIN-7359,PRJ-5,USR-96980,Story,Response drive carry information hope.,High,2025-11-28 10:56:51,2025-12-09 10:56:51,DONE,SPR-PRJ-9-6,8
THES-2531,PRJ-1,USR-33652,Story,According assume skill wall political send.,Medium,2026-04-25 13:10:27,2026-05-03 13:10:27,DONE,SPR-PRJ-4-11,3
WIN-8740,PRJ-5,USR-43862,Bug,Break head a concern.,High,2025-10-19 21:01:20,2025-10-22 21:01:20,DONE,SPR-PRJ-5-19,1
ANIM-4837,PRJ-2,USR-40539,Task,Wonder prevent fire into.,Low,2026-03-26 02:13:05,2026-03-28 02:13:05,DONE,SPR-PRJ-3-15,3
DEVE-8567,PRJ-0,USR-28643,Story,Season dinner stage.,High,2026-07-14 06:35:02,2026-07-19 06:35:02,DONE,SPR-PRJ-8-9,3
TERM-8676,PRJ-7,USR-23947,Task,Apply notice current allow audience involve.,High,2026-08-01 07:11:23,2026-08-02 07:11:23,DONE,SPR-PRJ-4-21,2
CHOI-8875,PRJ-4,USR-23446,Story,Above low town.,Medium,2026-01-26 20:56:22,2026-02-06 20:56:22,DONE,SPR-PRJ-7-17,1
CHOI-4739,PRJ-4,USR-96511,Task,Theory off fine represent.,Medium,2026-08-15 07:01:57,2026-08-29 07:01:57,DONE,SPR-PRJ-0-18,3
ANIM-7280,PRJ-2,USR-83385,Task,Dinner position something miss including.,Medium,2026-06-25 11:25:11,2026-07-08 11:25:11,DONE,SPR-PRJ-8-0,5
LIST-9457,PRJ-8,USR-63841,Task,Degree tax general organization everything line break.,Medium,2026-04-30 15:09:47,2026-05-05 15:09:47,DONE,SPR-PRJ-1-10,1
PROF-3356,PRJ-3,USR-57381,Bug,Where soldier method center.,High,2026-08-17 18:16:04,2026-08-23 18:16:04,DONE,SPR-PRJ-2-5,8
ANIM-6867,PRJ-2,USR-37631,Bug,Source specific bar top rise.,Medium,2026-03-30 02:20:35,2026-04-11 02:20:35,DONE,SPR-PRJ-5-9,5
DEVE-5313,PRJ-0,USR-39571,Task,Election animal goal.,Low,2025-10-24 10:16:25,2025-11-04 10:16:25,DONE,SPR-PRJ-2-11,2
PROF-5255,PRJ-3,USR-59823,Bug,Idea range attention throughout degree think so growth.,Low,2026-05-03 00:27:40,2026-05-17 00:27:40,DONE,SPR-PRJ-6-10,2
WIN-8362,PRJ-5,USR-16258,Story,Shake statement front truth inside art television.,Medium,2026-01-04 09:29:28,2026-01-08 09:29:28,DONE,SPR-PRJ-7-6,3
LIST-8591,PRJ-8,USR-48829,Task,Although investment create nature wrong you.,High,2026-04-26 21:05:54,2026-05-03 21:05:54,DONE,SPR-PRJ-9-1,1
LIST-5254,PRJ-8,USR-84177,Story,Us me natural whose fish.,Medium,2026-09-07 23:46:03,2026-09-19 23:46:03,DONE,SPR-PRJ-8-22,2
ANIM-3412,PRJ-2,USR-75799,Story,Tv something piece sure image case.,Medium,2025-12-24 10:48:54,2026-01-07 10:48:54,DONE,SPR-PRJ-3-22,5
THES-7929,PRJ-1,USR-59192,Story,Free knowledge know everybody anyone growth.,Low,2025-10-15 09:11:29,2025-10-24 09:11:29,DONE,SPR-PRJ-3-23,1
CONF-4812,PRJ-9,USR-36090,Story,Good hair however deal consumer station.,Medium,2026-05-25 16:44:08,2026-06-04 16:44:08,DONE,SPR-PRJ-0-2,2
CONF-1227,PRJ-9,USR-83874,Task,Must four she.,High,2026-05-15 16:11:15,2026-05-26 16:11:15,DONE,SPR-PRJ-4-5,3
THES-8382,PRJ-1,USR-55820,Story,Management record room.,High,2025-11-07 13:42:13,2025-11-20 13:42:13,DONE,SPR-PRJ-0-20,5
DEVE-1539,PRJ-0,USR-62743,Story,Big do week you leg medical hold over.,Medium,2026-06-12 15:25:23,2026-06-26 15:25:23,DONE,SPR-PRJ-4-21,2
PROF-2853,PRJ-3,USR-65518,Bug,Central south region.,Medium,2026-06-20 15:23:19,2026-07-03 15:23:19,DONE,SPR-PRJ-4-17,5
PROF-1532,PRJ-3,USR-62855,Task,Approach reflect collection agency response he.,Medium,2026-03-18 20:30:43,2026-03-19 20:30:43,DONE,SPR-PRJ-1-16,3
WIN-2781,PRJ-5,USR-15726,Bug,Stage usually recognize bar computer a.,High,2025-12-26 18:19:56,2025-12-29 18:19:56,DONE,SPR-PRJ-4-22,2
ANIM-2931,PRJ-2,USR-82529,Bug,Consider too size tonight.,High,2025-10-29 01:50:23,2025-11-03 01:50:23,DONE,SPR-PRJ-8-5,8
ORGA-8414,PRJ-6,USR-65851,Story,Action teacher service record.,Medium,2026-02-12 17:46:35,2026-02-26 17:46:35,DONE,SPR-PRJ-1-18,8
CONF-9015,PRJ-9,USR-84228,Bug,Floor front television us.,Medium,2025-10-16 16:19:56,2025-10-17 16:19:56,DONE,SPR-PRJ-4-19,1
DEVE-7859,PRJ-0,USR-77621,Task,Whom pressure rather employee plant pay.,High,2026-09-14 00:19:47,2026-09-17 00:19:47,DONE,SPR-PRJ-0-11,8
CONF-3814,PRJ-9,USR-96511,Story,Executive what manage share region suddenly.,Medium,2025-10-09 09:15:34,2025-10-22 09:15:34,DONE,SPR-PRJ-8-19,3
CHOI-9883,PRJ-4,USR-74260,Story,Nearly us remain operation hand agreement discover seem.,High,2026-03-26 01:02:29,2026-03-29 01:02:29,DONE,SPR-PRJ-3-17,2
ANIM-5008,PRJ-2,USR-30374,Task,Act hotel whatever.,Low,2025-10-22 12:02:22,2025-11-04 12:02:22,DONE,SPR-PRJ-3-12,3
PROF-6531,PRJ-3,USR-59372,Bug,Wide significant activity real often.,High,2026-05-26 12:55:29,2026-05-30 12:55:29,DONE,SPR-PRJ-9-2,5
CHOI-4410,PRJ-4,USR-41147,Story,Give visit there into media.,High,2025-09-28 03:05:11,2025-10-01 03:05:11,DONE,SPR-PRJ-3-3,2
ANIM-1118,PRJ-2,USR-15965,Bug,Ask myself phone travel western.,Low,2026-06-25 07:43:04,2026-07-07 07:43:04,DONE,SPR-PRJ-5-17,2
THES-3649,PRJ-1,USR-55236,Task,They pattern company nation get seek.,Low,2026-06-07 22:15:33,2026-06-14 22:15:33,DONE,SPR-PRJ-3-8,8
THES-3337,PRJ-1,USR-67132,Story,Rather future animal hold almost imagine.,High,2026-09-15 02:23:58,2026-09-23 02:23:58,DONE,SPR-PRJ-4-21,3
THES-1243,PRJ-1,USR-24573,Task,Wait actually affect number wall training natural.,Low,2026-04-04 01:15:17,2026-04-06 01:15:17,DONE,SPR-PRJ-6-0,2
CONF-3169,PRJ-9,USR-20322,Bug,Hit keep enjoy sing time you may.,High,2025-10-25 13:54:17,2025-10-27 13:54:17,DONE,SPR-PRJ-5-3,3
ORGA-5490,PRJ-6,USR-39041,Bug,Respond what production now.,Low,2026-06-23 15:15:08,2026-06-30 15:15:08,DONE,SPR-PRJ-2-16,5
CONF-7975,PRJ-9,USR-29142,Story,Ok white heart different able.,High,2026-01-17 04:32:13,2026-01-18 04:32:13,DONE,SPR-PRJ-6-2,8
CHOI-2000,PRJ-4,USR-34931,Story,Help summer church foreign design plan stock.,Medium,2026-04-05 13:27:14,2026-04-17 13:27:14,DONE,SPR-PRJ-2-10,3
CHOI-4438,PRJ-4,USR-56438,Bug,Defense here effort together contain black Mr.,Low,2025-10-25 06:21:44,2025-10-27 06:21:44,DONE,SPR-PRJ-3-4,2
TERM-8552,PRJ-7,USR-14705,Bug,Article cost water reflect change smile film task.,High,2025-12-07 07:56:53,2025-12-13 07:56:53,DONE,SPR-PRJ-7-9,3
LIST-4870,PRJ-8,USR-92991,Bug,Say allow always.,Medium,2025-10-24 01:08:47,2025-11-05 01:08:47,DONE,SPR-PRJ-9-22,8
CHOI-9892,PRJ-4,USR-73242,Task,Stuff another each PM where new.,Low,2026-09-09 13:22:17,2026-09-16 13:22:17,DONE,SPR-PRJ-8-20,8
CONF-8045,PRJ-9,USR-77811,Bug,Education add though bring himself know some.,High,2026-03-06 17:53:14,2026-03-09 17:53:14,DONE,SPR-PRJ-3-15,5
ORGA-5504,PRJ-6,USR-79588,Bug,Example question whatever.,Low,2026-05-24 07:06:12,2026-06-06 07:06:12,DONE,SPR-PRJ-8-8,3
ORGA-8828,PRJ-6,USR-83385,Story,Free theory none so myself follow not.,Low,2026-09-20 15:00:18,2026-09-29 15:00:18,DONE,SPR-PRJ-2-20,5
CHOI-4550,PRJ-4,USR-33850,Task,Commercial say side find.,Low,2025-12-08 05:21:54,2025-12-14 05:21:54,DONE,SPR-PRJ-0-20,8
ANIM-4007,PRJ-2,USR-31012,Story,Discuss successful industry.,Low,2026-02-27 11:00:05,2026-03-02 11:00:05,DONE,SPR-PRJ-3-18,5
LIST-7736,PRJ-8,USR-20561,Story,Something those center have.,Low,2026-08-05 05:54:15,2026-08-06 05:54:15,DONE,SPR-PRJ-0-23,2
CHOI-3867,PRJ-4,USR-38221,Bug,Back left leg agency.,Low,2026-04-17 03:59:42,2026-04-28 03:59:42,DONE,SPR-PRJ-4-10,5
ANIM-7715,PRJ-2,USR-71186,Task,Ability knowledge before general.,High,2026-05-16 08:41:43,2026-05-26 08:41:43,DONE,SPR-PRJ-3-20,5
CHOI-1644,PRJ-4,USR-37884,Story,Require nearly Congress issue whatever.,High,2025-11-28 21:59:29,2025-12-10 21:59:29,DONE,SPR-PRJ-8-2,1
CONF-3910,PRJ-9,USR-60181,Task,Rise color good travel size mission travel reveal.,High,2025-11-04 09:35:45,2025-11-06 09:35:45,DONE,SPR-PRJ-6-7,2
LIST-3352,PRJ-8,USR-14207,Task,Not its significant me deep he.,Medium,2026-06-20 12:45:16,2026-06-25 12:45:16,DONE,SPR-PRJ-4-6,1
ORGA-3126,PRJ-6,USR-98916,Bug,Bank open fine see real like region.,Low,2026-04-28 15:40:33,2026-05-04 15:40:33,DONE,SPR-PRJ-0-2,1
ANIM-4274,PRJ-2,USR-81228,Task,New and anyone yeah fund door.,Low,2025-11-02 13:03:32,2025-11-05 13:03:32,DONE,SPR-PRJ-9-3,2
ORGA-2878,PRJ-6,USR-58929,Bug,Teach attack without participant choice training look common.,Medium,2026-04-22 17:26:29,2026-04-27 17:26:29,DONE,SPR-PRJ-7-14,1
ORGA-6717,PRJ-6,USR-38569,Story,Forward think term price yet.,Low,2026-04-12 15:54:37,2026-04-16 15:54:37,DONE,SPR-PRJ-4-21,2
LIST-6931,PRJ-8,USR-64602,Story,Reveal live ability concern.,Medium,2025-11-19 14:17:24,2025-12-03 14:17:24,DONE,SPR-PRJ-7-9,2
CONF-1737,PRJ-9,USR-30181,Story,Far camera unit without career watch arrive become.,Medium,2025-12-18 23:23:35,2025-12-24 23:23:35,DONE,SPR-PRJ-9-3,3
DEVE-2417,PRJ-0,USR-66244,Bug,Would pressure room under team security at.,Low,2026-01-13 05:10:24,2026-01-17 05:10:24,DONE,SPR-PRJ-1-20,3
CHOI-4591,PRJ-4,USR-12490,Task,Own cultural act call physical actually already.,High,2026-02-13 17:36:38,2026-02-26 17:36:38,DONE,SPR-PRJ-5-7,2
WIN-4217,PRJ-5,USR-16868,Task,Everybody research chance.,Medium,2025-12-16 16:27:32,2025-12-26 16:27:32,DONE,SPR-PRJ-8-2,1
WIN-4692,PRJ-5,USR-94607,Task,Candidate keep grow us.,Low,2026-08-23 23:47:56,2026-09-02 23:47:56,DONE,SPR-PRJ-0-10,3
LIST-8108,PRJ-8,USR-44522,Bug,During responsibility among since.,High,2026-06-24 01:10:23,2026-06-25 01:10:23,DONE,SPR-PRJ-6-8,3
WIN-8892,PRJ-5,USR-30257,Story,Behavior friend another effect culture radio station.,Medium,2025-11-16 16:45:51,2025-11-28 16:45:51,DONE,SPR-PRJ-2-23,2
DEVE-4610,PRJ-0,USR-49139,Bug,Discuss stock lead green total benefit Mr car.,Medium,2026-02-07 17:26:45,2026-02-08 17:26:45,DONE,SPR-PRJ-3-6,5
CHOI-4639,PRJ-4,USR-27139,Bug,Prepare wrong bed.,Medium,2025-10-24 13:12:15,2025-10-29 13:12:15,DONE,SPR-PRJ-2-6,5
THES-9883,PRJ-1,USR-75570,Task,Like her part team.,Medium,2026-06-19 01:42:57,2026-06-24 01:42:57,DONE,SPR-PRJ-9-13,5
PROF-7621,PRJ-3,USR-17852,Story,See most budget size enough success score start.,Medium,2025-11-27 18:12:13,2025-12-08 18:12:13,DONE,SPR-PRJ-3-4,1
CONF-1549,PRJ-9,USR-74923,Task,Hit class nothing soon data budget main may.,Low,2025-10-22 22:27:35,2025-10-25 22:27:35,DONE,SPR-PRJ-6-3,1
DEVE-8445,PRJ-0,USR-38305,Task,Newspaper happy subject success traditional leave.,High,2026-02-16 10:46:16,2026-02-21 10:46:16,DONE,SPR-PRJ-2-12,3
DEVE-4733,PRJ-0,USR-13804,Task,Himself red upon.,Low,2026-07-16 10:53:09,2026-07-25 10:53:09,DONE,SPR-PRJ-2-14,2
TERM-4456,PRJ-7,USR-23173,Bug,Mention hour gun field expert several effort.,High,2025-10-29 15:04:19,2025-11-07 15:04:19,DONE,SPR-PRJ-9-22,2
CHOI-2331,PRJ-4,USR-48680,Task,Kid issue woman.,Low,2026-06-08 17:42:03,2026-06-19 17:42:03,DONE,SPR-PRJ-5-9,5
CONF-1764,PRJ-9,USR-26334,Bug,Painting country different indicate across.,Medium,2026-06-19 22:25:21,2026-06-23 22:25:21,DONE,SPR-PRJ-3-5,2
LIST-8890,PRJ-8,USR-41348,Task,Heavy law can college care think brother far.,Low,2026-06-05 07:38:34,2026-06-11 07:38:34,DONE,SPR-PRJ-9-1,1
ANIM-3277,PRJ-2,USR-23154,Story,Describe in case stock gas.,Medium,2025-11-22 23:54:05,2025-12-03 23:54:05,DONE,SPR-PRJ-9-3,8
ORGA-8254,PRJ-6,USR-26334,Story,Receive entire character quickly sure player western.,High,2026-06-08 03:53:47,2026-06-21 03:53:47,DONE,SPR-PRJ-0-17,5
CONF-3905,PRJ-9,USR-58623,Bug,We order reach better performance imagine police.,High,2026-04-22 06:28:14,2026-05-03 06:28:14,DONE,SPR-PRJ-6-1,8
ANIM-7859,PRJ-2,USR-45972,Story,Traditional represent price number herself.,High,2026-07-05 06:33:43,2026-07-13 06:33:43,DONE,SPR-PRJ-0-23,5
CONF-5299,PRJ-9,USR-31465,Story,Nice source thought result while.,High,2025-12-21 15:15:20,2025-12-25 15:15:20,DONE,SPR-PRJ-7-15,8
THES-4889,PRJ-1,USR-50685,Bug,Wind cost hand arm mother different end.,Low,2026-01-14 09:01:53,2026-01-26 09:01:53,DONE,SPR-PRJ-0-4,1
ORGA-8366,PRJ-6,USR-69441,Story,Speak drive bad.,High,2025-12-14 12:43:19,2025-12-24 12:43:19,DONE,SPR-PRJ-3-15,8
LIST-3660,PRJ-8,USR-10726,Bug,Summer more if hear responsibility have.,Low,2026-08-17 00:45:31,2026-08-29 00:45:31,DONE,SPR-PRJ-8-6,3
ANIM-2234,PRJ-2,USR-11934,Task,Trouble nor environmental former law only.,Medium,2026-03-27 06:57:01,2026-04-05 06:57:01,DONE,SPR-PRJ-9-4,1
CHOI-4633,PRJ-4,USR-45972,Bug,Return wall trouble friend current.,Low,2026-09-09 12:17:34,2026-09-19 12:17:34,DONE,SPR-PRJ-9-5,1
CONF-3325,PRJ-9,USR-27224,Story,Have line tax hotel use organization.,Medium,2025-12-29 03:23:13,2025-12-30 03:23:13,DONE,SPR-PRJ-2-3,5
CONF-3557,PRJ-9,USR-75435,Task,While as decade exactly bad gas.,High,2026-04-10 05:25:31,2026-04-14 05:25:31,DONE,SPR-PRJ-0-7,8
THES-8442,PRJ-1,USR-59941,Story,Movement traditional of.,Low,2026-02-17 15:10:03,2026-02-24 15:10:03,DONE,SPR-PRJ-5-20,2
WIN-1494,PRJ-5,USR-69890,Story,True fill beautiful game set other follow vote.,Low,2026-09-21 07:26:29,2026-09-30 07:26:29,DONE,SPR-PRJ-7-0,8
TERM-5515,PRJ-7,USR-74569,Story,However such consider table dream law.,Medium,2026-05-08 13:09:09,2026-05-18 13:09:09,DONE,SPR-PRJ-7-7,1
ORGA-7421,PRJ-6,USR-31417,Bug,Dream since open budget.,High,2026-01-12 05:18:20,2026-01-26 05:18:20,DONE,SPR-PRJ-0-4,2
ORGA-4188,PRJ-6,USR-81582,Task,Business sport apply property enter name.,Medium,2025-12-06 11:39:05,2025-12-10 11:39:05,DONE,SPR-PRJ-3-11,8
CHOI-6472,PRJ-4,USR-52981,Task,Society church indeed break since.,High,2025-12-11 20:28:10,2025-12-13 20:28:10,DONE,SPR-PRJ-1-21,1
CHOI-3659,PRJ-4,USR-37549,Task,Degree special laugh include price.,Low,2026-09-06 02:25:25,2026-09-07 02:25:25,DONE,SPR-PRJ-6-5,1
PROF-1146,PRJ-3,USR-45774,Bug,Bit traditional tough air population.,Medium,2026-03-23 19:00:06,2026-03-30 19:00:06,DONE,SPR-PRJ-8-18,1
TERM-1012,PRJ-7,USR-50888,Story,Many most green cold.,Medium,2026-07-07 19:17:36,2026-07-13 19:17:36,DONE,SPR-PRJ-1-10,3
CHOI-9212,PRJ-4,USR-83584,Task,Happy near begin usually.,Medium,2025-11-12 15:52:15,2025-11-25 15:52:15,DONE,SPR-PRJ-2-23,1
LIST-9958,PRJ-8,USR-33850,Bug,Choose guy wide evidence to item.,Low,2026-01-14 00:48:33,2026-01-22 00:48:33,DONE,SPR-PRJ-5-7,2
ANIM-4237,PRJ-2,USR-30181,Story,Something employee such practice quickly any market.,Medium,2026-09-13 18:09:33,2026-09-20 18:09:33,DONE,SPR-PRJ-8-14,5
CHOI-2207,PRJ-4,USR-80539,Bug,Thank value quality reality.,Medium,2026-06-03 14:33:46,2026-06-17 14:33:46,DONE,SPR-PRJ-9-11,2
ORGA-4023,PRJ-6,USR-29340,Bug,Themselves star development know laugh officer.,High,2026-03-05 13:09:25,2026-03-06 13:09:25,DONE,SPR-PRJ-4-2,5
CONF-7687,PRJ-9,USR-33519,Task,Image crime about everything artist still.,Low,2026-03-01 10:11:53,2026-03-11 10:11:53,DONE,SPR-PRJ-9-16,8
LIST-5062,PRJ-8,USR-62184,Bug,Record spring sport usually as until happen power.,Medium,2026-09-21 04:42:49,2026-10-05 04:42:49,DONE,SPR-PRJ-4-6,8
TERM-4068,PRJ-7,USR-88561,Story,Already TV low.,Medium,2026-06-09 14:44:56,2026-06-11 14:44:56,DONE,SPR-PRJ-2-15,3
CHOI-5047,PRJ-4,USR-72163,Bug,Role assume control leg.,Low,2026-06-18 23:41:10,2026-06-22 23:41:10,DONE,SPR-PRJ-8-3,8
DEVE-2089,PRJ-0,USR-97562,Bug,Build ago feeling whose realize.,Low,2026-08-21 18:43:56,2026-08-29 18:43:56,DONE,SPR-PRJ-9-22,5
CHOI-4716,PRJ-4,USR-12671,Bug,Several more physical beautiful year.,Low,2025-11-13 21:25:24,2025-11-15 21:25:24,DONE,SPR-PRJ-2-7,3
CONF-9121,PRJ-9,USR-16895,Bug,Cup cup performance.,Medium,2026-09-14 18:17:44,2026-09-17 18:17:44,DONE,SPR-PRJ-0-8,8
WIN-7287,PRJ-5,USR-34551,Bug,Million hospital trade agree.,Low,2026-02-10 07:14:34,2026-02-13 07:14:34,DONE,SPR-PRJ-3-3,1
ANIM-1911,PRJ-2,USR-42951,Story,Offer piece machine early.,High,2026-06-04 09:45:32,2026-06-14 09:45:32,DONE,SPR-PRJ-9-22,5
CONF-5276,PRJ-9,USR-33788,Story,Whom good throw process degree doctor.,Low,2025-11-15 14:27:31,2025-11-29 14:27:31,DONE,SPR-PRJ-8-6,8
LIST-3157,PRJ-8,USR-17355,Bug,Policy side kind record.,Medium,2025-12-01 14:03:19,2025-12-05 14:03:19,DONE,SPR-PRJ-6-16,1
THES-9621,PRJ-1,USR-88238,Task,Owner company expert table reality stock site.,High,2025-12-09 18:59:02,2025-12-22 18:59:02,DONE,SPR-PRJ-8-3,3
TERM-5220,PRJ-7,USR-13761,Story,Different dinner interview medical will light.,High,2025-12-22 04:49:48,2026-01-02 04:49:48,DONE,SPR-PRJ-2-1,5
DEVE-9129,PRJ-0,USR-98895,Story,Necessary learn memory.,High,2025-11-01 13:12:49,2025-11-09 13:12:49,DONE,SPR-PRJ-3-17,1
ANIM-1737,PRJ-2,USR-89635,Bug,Marriage where share southern stop customer although add.,Low,2026-02-25 01:39:59,2026-03-11 01:39:59,DONE,SPR-PRJ-6-5,8
PROF-4440,PRJ-3,USR-88697,Bug,How government suddenly statement.,High,2025-11-14 09:11:56,2025-11-27 09:11:56,DONE,SPR-PRJ-3-3,3
CONF-1001,PRJ-9,USR-73242,Story,Throw next nice while relationship.,Medium,2026-04-29 23:12:59,2026-05-11 23:12:59,DONE,SPR-PRJ-5-16,5
DEVE-8707,PRJ-0,USR-93748,Bug,Program success itself religious energy teacher single.,High,2026-08-26 13:49:35,2026-09-08 13:49:35,DONE,SPR-PRJ-5-0,1
TERM-4914,PRJ-7,USR-58353,Bug,Food send capital decide wide.,Low,2026-03-31 18:48:29,2026-04-06 18:48:29,DONE,SPR-PRJ-0-20,3
DEVE-2202,PRJ-0,USR-50492,Story,Center claim Republican admit.,Medium,2025-12-20 02:47:28,2025-12-26 02:47:28,DONE,SPR-PRJ-5-19,1
CHOI-5444,PRJ-4,USR-52247,Bug,Factor young get wrong teach not response professor.,Medium,2025-11-07 04:17:38,2025-11-11 04:17:38,DONE,SPR-PRJ-6-10,1
TERM-1044,PRJ-7,USR-29442,Story,Team condition when if help start peace year.,High,2026-06-20 02:48:21,2026-07-02 02:48:21,DONE,SPR-PRJ-3-7,3
CONF-9944,PRJ-9,USR-36144,Bug,Prevent too drug today so long.,High,2025-12-17 22:20:24,2025-12-28 22:20:24,DONE,SPR-PRJ-2-5,8
LIST-7090,PRJ-8,USR-26011,Task,At positive mother even raise.,Low,2026-08-03 03:51:48,2026-08-08 03:51:48,DONE,SPR-PRJ-6-16,1
DEVE-3483,PRJ-0,USR-83608,Bug,Bit door magazine firm task.,Medium,2026-04-05 22:46:21,2026-04-07 22:46:21,DONE,SPR-PRJ-9-14,5
CONF-4385,PRJ-9,USR-25906,Task,President food add process.,Low,2026-01-23 08:52:13,2026-01-30 08:52:13,DONE,SPR-PRJ-1-9,2
CHOI-5319,PRJ-4,USR-77499,Bug,Company produce meet expert human number.,High,2025-12-21 07:19:05,2026-01-03 07:19:05,DONE,SPR-PRJ-8-4,5
CONF-8912,PRJ-9,USR-82264,Story,Prevent history finish everybody live gun edge.,High,2026-07-03 14:51:29,2026-07-14 14:51:29,DONE,SPR-PRJ-7-15,1
LIST-5622,PRJ-8,USR-14117,Story,View process happy into.,Low,2025-10-25 04:53:54,2025-11-08 04:53:54,DONE,SPR-PRJ-9-17,2
WIN-9800,PRJ-5,USR-82641,Story,Author not truth garden into.,Medium,2026-07-03 17:30:44,2026-07-06 17:30:44,DONE,SPR-PRJ-8-12,5
THES-7607,PRJ-1,USR-56176,Bug,Value before result or deep fly natural.,Low,2025-10-03 12:40:11,2025-10-06 12:40:11,DONE,SPR-PRJ-1-13,1
TERM-8821,PRJ-7,USR-88997,Task,Art sound specific adult.,Medium,2026-02-12 21:34:55,2026-02-20 21:34:55,DONE,SPR-PRJ-7-17,1
PROF-2309,PRJ-3,USR-31992,Task,With project author term many carry.,Low,2025-12-01 11:44:14,2025-12-03 11:44:14,DONE,SPR-PRJ-8-18,8
CONF-5461,PRJ-9,USR-70981,Task,Change available cut during.,Medium,2026-06-10 21:56:46,2026-06-13 21:56:46,DONE,SPR-PRJ-9-7,5
CONF-7159,PRJ-9,USR-10726,Story,Town per leg note law already.,High,2026-07-02 04:54:23,2026-07-14 04:54:23,DONE,SPR-PRJ-4-2,1
WIN-8965,PRJ-5,USR-63841,Story,Democratic close make low bag own side.,High,2026-04-18 03:50:51,2026-04-25 03:50:51,DONE,SPR-PRJ-5-12,5
PROF-1680,PRJ-3,USR-88561,Story,Present push agreement where receive white.,Medium,2025-11-17 04:01:52,2025-11-18 04:01:52,DONE,SPR-PRJ-1-9,8
ORGA-5357,PRJ-6,USR-95841,Bug,Little name good subject very wait rate too.,High,2026-04-22 15:27:28,2026-04-23 15:27:28,DONE,SPR-PRJ-9-4,2
ANIM-1961,PRJ-2,USR-64287,Story,Data owner picture him final.,High,2026-06-25 03:33:36,2026-07-01 03:33:36,DONE,SPR-PRJ-1-10,1
PROF-8537,PRJ-3,USR-40771,Bug,Public size PM consider by animal building.,Low,2025-10-08 22:52:54,2025-10-14 22:52:54,DONE,SPR-PRJ-2-11,1
DEVE-1811,PRJ-0,USR-45838,Story,Success simple main her year none.,High,2025-10-23 20:34:14,2025-11-06 20:34:14,DONE,SPR-PRJ-4-22,3
CHOI-5478,PRJ-4,USR-28321,Story,Lose represent ability inside night.,High,2026-03-23 02:11:49,2026-03-29 02:11:49,DONE,SPR-PRJ-3-1,8
WIN-4688,PRJ-5,USR-88269,Story,Finally program itself husband occur.,Low,2026-02-27 14:44:50,2026-03-08 14:44:50,DONE,SPR-PRJ-1-6,8
WIN-9673,PRJ-5,USR-58623,Task,Type those become staff history girl real.,Medium,2026-05-15 07:02:46,2026-05-22 07:02:46,DONE,SPR-PRJ-4-7,2
ANIM-3020,PRJ-2,USR-30969,Task,Teach almost image good recognize.,Low,2025-10-10 01:53:18,2025-10-17 01:53:18,DONE,SPR-PRJ-4-1,1
ANIM-6072,PRJ-2,USR-40613,Story,Also school window north pattern.,Medium,2026-03-28 14:13:26,2026-04-05 14:13:26,DONE,SPR-PRJ-9-5,2
PROF-6788,PRJ-3,USR-87139,Bug,Bad third not group notice herself.,Medium,2026-03-26 07:38:08,2026-03-27 07:38:08,DONE,SPR-PRJ-0-18,3
TERM-4774,PRJ-7,USR-77568,Story,Anyone he letter account happy.,Medium,2026-01-29 15:55:08,2026-02-06 15:55:08,DONE,SPR-PRJ-8-15,1
LIST-8209,PRJ-8,USR-40828,Story,More leg purpose interview.,Medium,2025-11-08 17:29:46,2025-11-13 17:29:46,DONE,SPR-PRJ-0-19,2
TERM-5347,PRJ-7,USR-12180,Task,Table pass trouble per.,Low,2025-12-27 03:18:25,2026-01-08 03:18:25,DONE,SPR-PRJ-3-21,2
DEVE-6231,PRJ-0,USR-16868,Bug,Shake particularly give example price easy win.,High,2026-05-02 06:51:08,2026-05-15 06:51:08,DONE,SPR-PRJ-6-20,8
ORGA-5920,PRJ-6,USR-70036,Story,Themselves walk factor determine remember.,Medium,2026-07-16 16:15:28,2026-07-22 16:15:28,DONE,SPR-PRJ-4-3,1
CONF-9108,PRJ-9,USR-41925,Task,Social figure building notice.,Medium,2026-07-29 01:04:40,2026-08-07 01:04:40,DONE,SPR-PRJ-0-1,3
PROF-8835,PRJ-3,USR-80748,Story,Each parent street war election official expect offer.,Low,2026-05-19 07:55:56,2026-05-24 07:55:56,DONE,SPR-PRJ-2-14,1
ANIM-1418,PRJ-2,USR-55293,Story,Enough moment put price no certainly.,High,2026-01-09 16:18:17,2026-01-13 16:18:17,DONE,SPR-PRJ-9-1,2
TERM-4484,PRJ-7,USR-65108,Bug,Foreign information painting local very write protect mouth.,Medium,2025-10-15 12:05:37,2025-10-20 12:05:37,DONE,SPR-PRJ-2-18,1
PROF-3684,PRJ-3,USR-36144,Task,Old value between citizen whose young set.,Medium,2026-07-23 05:00:39,2026-08-02 05:00:39,DONE,SPR-PRJ-9-4,8
TERM-8756,PRJ-7,USR-60639,Bug,Article community team seven.,High,2026-03-18 23:50:51,2026-03-22 23:50:51,DONE,SPR-PRJ-7-16,8
ANIM-4904,PRJ-2,USR-57453,Story,Feeling surface girl expert report include.,Medium,2026-03-31 23:02:17,2026-04-12 23:02:17,DONE,SPR-PRJ-0-0,1
ANIM-9458,PRJ-2,USR-32810,Task,Song car sing also act few note.,Medium,2026-02-04 17:09:10,2026-02-15 17:09:10,DONE,SPR-PRJ-0-18,8
DEVE-8917,PRJ-0,USR-28202,Story,High ask rich development area.,Medium,2026-08-22 09:24:34,2026-09-05 09:24:34,DONE,SPR-PRJ-2-20,3
WIN-8150,PRJ-5,USR-89822,Story,Today themselves blood single.,High,2025-10-07 14:20:22,2025-10-16 14:20:22,DONE,SPR-PRJ-2-8,1
CHOI-5028,PRJ-4,USR-70332,Task,Four hour green religious hot former front.,Low,2025-12-15 04:52:38,2025-12-27 04:52:38,DONE,SPR-PRJ-8-7,2
TERM-4577,PRJ-7,USR-17104,Bug,White new involve south two participant want.,Low,2026-06-17 02:13:24,2026-06-29 02:13:24,DONE,SPR-PRJ-0-8,5
DEVE-8257,PRJ-0,USR-64548,Story,Need country receive however determine authority.,High,2026-01-06 08:38:02,2026-01-13 08:38:02,DONE,SPR-PRJ-8-12,1
CHOI-3216,PRJ-4,USR-28030,Story,He those father contain stock citizen provide.,Low,2026-04-25 11:15:43,2026-05-03 11:15:43,DONE,SPR-PRJ-8-10,3
CHOI-1303,PRJ-4,USR-88561,Task,Teach crime leader.,Medium,2025-11-18 16:11:52,2025-11-27 16:11:52,DONE,SPR-PRJ-1-18,5
CONF-1039,PRJ-9,USR-77251,Story,Image pretty affect discussion late.,High,2025-12-07 01:48:32,2025-12-21 01:48:32,DONE,SPR-PRJ-0-10,2
WIN-7611,PRJ-5,USR-49139,Task,Mean really song how start story.,Low,2026-05-09 23:54:33,2026-05-11 23:54:33,DONE,SPR-PRJ-3-0,8
TERM-4422,PRJ-7,USR-52237,Bug,Social write prepare represent today notice exactly.,Low,2025-10-09 15:35:14,2025-10-22 15:35:14,DONE,SPR-PRJ-6-2,5
CHOI-9291,PRJ-4,USR-68222,Bug,Where check source bed production maintain threat ask.,Medium,2026-07-16 12:00:27,2026-07-30 12:00:27,DONE,SPR-PRJ-3-8,1
PROF-3341,PRJ-3,USR-77811,Task,Year few success around direction.,Medium,2026-01-07 07:02:44,2026-01-11 07:02:44,DONE,SPR-PRJ-1-8,2
THES-3142,PRJ-1,USR-68115,Bug,Water clear spring participant exactly hospital.,Low,2026-08-01 07:08:06,2026-08-10 07:08:06,DONE,SPR-PRJ-8-14,1
WIN-4735,PRJ-5,USR-32617,Story,Seem role senior serve current card yes.,High,2025-12-06 07:44:58,2025-12-17 07:44:58,DONE,SPR-PRJ-4-19,5
CONF-9700,PRJ-9,USR-57920,Task,Act administration form of blue.,Medium,2026-05-27 03:32:15,2026-05-30 03:32:15,DONE,SPR-PRJ-8-19,2
LIST-9055,PRJ-8,USR-89807,Bug,Discover detail effect.,Low,2025-12-15 08:20:07,2025-12-18 08:20:07,DONE,SPR-PRJ-9-16,2
TERM-1947,PRJ-7,USR-24366,Task,Attack realize prove into lead usually.,High,2026-03-27 21:19:07,2026-04-03 21:19:07,DONE,SPR-PRJ-5-13,1
PROF-5184,PRJ-3,USR-33788,Task,Task center long particular seem firm.,Medium,2025-10-01 02:52:26,2025-10-13 02:52:26,DONE,SPR-PRJ-6-3,8
WIN-9442,PRJ-5,USR-45054,Task,Community politics decision back.,Low,2026-09-10 23:03:49,2026-09-23 23:03:49,DONE,SPR-PRJ-8-11,5
DEVE-8287,PRJ-0,USR-36144,Story,Travel same news election.,High,2026-09-12 20:25:22,2026-09-26 20:25:22,DONE,SPR-PRJ-5-19,1
ORGA-7566,PRJ-6,USR-81987,Task,Dog describe respond week.,Medium,2026-04-04 08:11:04,2026-04-10 08:11:04,DONE,SPR-PRJ-7-19,5
LIST-7530,PRJ-8,USR-39102,Task,Camera fast attention.,Medium,2025-11-17 03:38:36,2025-11-23 03:38:36,DONE,SPR-PRJ-1-1,2
DEVE-1112,PRJ-0,USR-41300,Task,Special something true administration lawyer clear clear someone.,Low,2026-08-03 11:28:38,2026-08-16 11:28:38,DONE,SPR-PRJ-8-15,5
THES-7794,PRJ-1,USR-21221,Story,Thing around sport.,High,2026-01-18 15:00:19,2026-01-21 15:00:19,DONE,SPR-PRJ-9-12,3
CONF-8738,PRJ-9,USR-42018,Story,Trouble else third leg simply big.,High,2026-07-04 10:35:31,2026-07-13 10:35:31,DONE,SPR-PRJ-4-8,8
WIN-8699,PRJ-5,USR-33416,Task,Politics real fly employee black skill over.,High,2026-09-18 05:21:13,2026-09-22 05:21:13,DONE,SPR-PRJ-4-8,2
ANIM-4476,PRJ-2,USR-48469,Story,Understand anyone growth must.,High,2026-08-27 19:58:56,2026-09-09 19:58:56,DONE,SPR-PRJ-7-9,3
LIST-4659,PRJ-8,USR-16258,Task,Child quality pick fund the ask.,Low,2026-04-23 10:38:15,2026-04-25 10:38:15,DONE,SPR-PRJ-2-6,3
THES-8792,PRJ-1,USR-13396,Bug,Out sort once read history serve.,Medium,2025-11-26 08:56:00,2025-11-29 08:56:00,DONE,SPR-PRJ-8-23,3
THES-4436,PRJ-1,USR-71261,Bug,Trip right challenge easy eat.,High,2026-01-14 09:09:41,2026-01-19 09:09:41,DONE,SPR-PRJ-3-9,1
TERM-5901,PRJ-7,USR-39824,Story,Of wait some between be without budget.,Low,2025-12-08 19:53:27,2025-12-14 19:53:27,DONE,SPR-PRJ-5-7,2
WIN-9986,PRJ-5,USR-85711,Task,Among recent work need southern sea anyone.,High,2026-03-23 18:55:32,2026-03-26 18:55:32,DONE,SPR-PRJ-7-15,8
THES-6796,PRJ-1,USR-50327,Story,Lawyer anyone station fact.,Medium,2026-09-17 19:54:25,2026-09-26 19:54:25,DONE,SPR-PRJ-2-23,8
ANIM-1669,PRJ-2,USR-35430,Task,Usually our good onto people edge great our.,Low,2025-10-10 23:07:47,2025-10-18 23:07:47,DONE,SPR-PRJ-5-0,3
CONF-6985,PRJ-9,USR-51033,Task,Management common center man.,High,2026-07-09 11:49:11,2026-07-18 11:49:11,DONE,SPR-PRJ-9-14,5
ANIM-4300,PRJ-2,USR-47363,Bug,Economic newspaper consider again tax.,High,2026-02-24 13:44:25,2026-03-10 13:44:25,DONE,SPR-PRJ-6-11,3
THES-7885,PRJ-1,USR-29142,Story,Both computer quickly rate.,High,2025-11-24 01:57:25,2025-12-01 01:57:25,DONE,SPR-PRJ-0-7,3
CONF-5586,PRJ-9,USR-99006,Task,These him when training science ability much crime.,Medium,2026-01-06 04:44:04,2026-01-15 04:44:04,DONE,SPR-PRJ-2-5,1
ORGA-7600,PRJ-6,USR-49446,Bug,Few theory street fight subject.,Low,2026-01-17 13:07:08,2026-01-28 13:07:08,DONE,SPR-PRJ-0-22,3
LIST-9202,PRJ-8,USR-90173,Task,Out two activity let source action hear.,Medium,2026-04-08 18:59:41,2026-04-22 18:59:41,DONE,SPR-PRJ-3-15,8
ORGA-3502,PRJ-6,USR-33627,Story,She range author she finish small.,High,2026-06-19 06:11:35,2026-06-30 06:11:35,DONE,SPR-PRJ-5-1,1
DEVE-3482,PRJ-0,USR-23173,Bug,Either reduce consider interview price civil there.,Low,2026-03-20 00:33:57,2026-03-21 00:33:57,DONE,SPR-PRJ-0-9,5
TERM-1911,PRJ-7,USR-80702,Task,Increase environmental laugh marriage five color.,Medium,2026-07-11 18:27:35,2026-07-21 18:27:35,DONE,SPR-PRJ-3-10,3
TERM-6143,PRJ-7,USR-83048,Story,Note adult ball human my center.,Low,2026-09-16 03:59:37,2026-09-25 03:59:37,DONE,SPR-PRJ-6-15,1
THES-6779,PRJ-1,USR-73335,Bug,Agree hard rise citizen.,High,2026-05-19 18:14:23,2026-05-28 18:14:23,DONE,SPR-PRJ-6-4,3
ORGA-3746,PRJ-6,USR-65108,Bug,Bring follow ten up improve.,Medium,2026-05-15 01:51:26,2026-05-24 01:51:26,DONE,SPR-PRJ-5-11,5
ANIM-1276,PRJ-2,USR-82063,Story,Option firm professor ok.,High,2025-10-13 06:56:26,2025-10-23 06:56:26,DONE,SPR-PRJ-4-6,1
CONF-1456,PRJ-9,USR-15726,Story,Each property speech position common performance.,Low,2025-12-26 06:59:38,2026-01-08 06:59:38,DONE,SPR-PRJ-5-19,1
LIST-7340,PRJ-8,USR-60615,Story,Amount help friend else.,Low,2026-01-20 04:08:50,2026-02-02 04:08:50,DONE,SPR-PRJ-1-10,1
ORGA-1600,PRJ-6,USR-87356,Bug,Position necessary best.,High,2026-04-14 17:22:49,2026-04-18 17:22:49,DONE,SPR-PRJ-5-3,2
LIST-4784,PRJ-8,USR-94843,Bug,Development Mrs surface analysis.,Low,2025-12-15 11:36:43,2025-12-29 11:36:43,DONE,SPR-PRJ-4-15,3
WIN-1724,PRJ-5,USR-44737,Bug,Surface difference talk ask politics computer charge.,Low,2026-05-07 20:11:22,2026-05-14 20:11:22,DONE,SPR-PRJ-9-4,8
WIN-8308,PRJ-5,USR-74178,Story,Site head fast production.,Low,2026-08-14 20:23:37,2026-08-16 20:23:37,DONE,SPR-PRJ-8-4,2
DEVE-6214,PRJ-0,USR-31417,Task,Represent Mrs thank myself.,High,2026-09-05 01:18:12,2026-09-16 01:18:12,DONE,SPR-PRJ-0-23,8
PROF-9463,PRJ-3,USR-20735,Task,Yard fear across shake body force news.,High,2026-04-23 00:58:03,2026-04-28 00:58:03,DONE,SPR-PRJ-3-22,8
CHOI-2046,PRJ-4,USR-77568,Story,Finally figure card student a some.,Low,2025-10-19 16:13:46,2025-10-31 16:13:46,DONE,SPR-PRJ-1-2,2
PROF-7563,PRJ-3,USR-73653,Task,Up trouble marriage point lose story minute.,Low,2025-12-04 23:00:33,2025-12-17 23:00:33,DONE,SPR-PRJ-4-4,8
TERM-8378,PRJ-7,USR-65333,Story,Point example thank see simple budget.,High,2026-07-25 07:21:18,2026-08-05 07:21:18,DONE,SPR-PRJ-3-5,3
CHOI-7750,PRJ-4,USR-16265,Task,Design probably born cell.,High,2026-03-15 00:47:21,2026-03-28 00:47:21,DONE,SPR-PRJ-2-11,5
THES-8077,PRJ-1,USR-88696,Task,Condition cover admit real.,Medium,2026-03-15 08:00:22,2026-03-19 08:00:22,DONE,SPR-PRJ-8-2,5
WIN-9162,PRJ-5,USR-75308,Story,Clear education describe win example.,Low,2025-10-14 14:54:58,2025-10-26 14:54:58,DONE,SPR-PRJ-7-3,2
LIST-7447,PRJ-8,USR-71474,Story,True nothing technology tend bed television land.,Low,2026-04-03 13:10:56,2026-04-04 13:10:56,DONE,SPR-PRJ-1-10,8
CHOI-3681,PRJ-4,USR-72277,Story,Open order party offer money prepare.,Medium,2026-08-13 12:12:22,2026-08-15 12:12:22,DONE,SPR-PRJ-4-0,3
CHOI-9807,PRJ-4,USR-53583,Task,Book near arm themselves institution.,High,2026-04-14 10:59:51,2026-04-22 10:59:51,DONE,SPR-PRJ-9-17,2
CHOI-7369,PRJ-4,USR-33519,Bug,Relationship artist girl culture.,Low,2025-10-05 02:13:48,2025-10-15 02:13:48,DONE,SPR-PRJ-3-19,8
TERM-5386,PRJ-7,USR-62855,Bug,From name country benefit focus another special.,High,2025-11-28 14:27:03,2025-12-05 14:27:03,DONE,SPR-PRJ-0-16,5
ANIM-2260,PRJ-2,USR-53687,Bug,Though tonight near ability great.,Low,2026-01-09 21:05:30,2026-01-11 21:05:30,DONE,SPR-PRJ-6-21,3
TERM-7334,PRJ-7,USR-16863,Bug,Understand successful pattern process.,Medium,2026-06-21 14:04:44,2026-07-05 14:04:44,DONE,SPR-PRJ-5-23,2
DEVE-3104,PRJ-0,USR-57381,Story,Artist later move it state series value tax.,Low,2026-05-04 05:07:17,2026-05-11 05:07:17,DONE,SPR-PRJ-3-1,2
WIN-1484,PRJ-5,USR-68138,Task,Year deal the participant history smile where.,Low,2025-12-04 19:44:16,2025-12-18 19:44:16,DONE,SPR-PRJ-1-23,1
TERM-8531,PRJ-7,USR-69510,Task,Imagine section measure play third white tree.,Medium,2025-12-19 06:16:42,2025-12-26 06:16:42,DONE,SPR-PRJ-0-19,1
DEVE-3202,PRJ-0,USR-18907,Story,Computer lawyer easy need whole board.,Low,2026-07-15 05:59:18,2026-07-27 05:59:18,DONE,SPR-PRJ-2-8,3
THES-4420,PRJ-1,USR-50730,Bug,Choice media church tonight response.,High,2025-10-25 20:24:33,2025-11-01 20:24:33,DONE,SPR-PRJ-5-4,3
TERM-2182,PRJ-7,USR-74251,Task,Pull support room difference.,Medium,2025-11-25 03:07:57,2025-11-27 03:07:57,DONE,SPR-PRJ-2-22,3
PROF-6741,PRJ-3,USR-27790,Task,Leave outside task more.,Medium,2026-09-10 14:21:46,2026-09-17 14:21:46,DONE,SPR-PRJ-9-9,3
PROF-9021,PRJ-3,USR-67954,Story,Image time manage.,Low,2026-01-31 07:43:26,2026-02-10 07:43:26,DONE,SPR-PRJ-8-8,3
WIN-6832,PRJ-5,USR-64287,Story,Institution pick have.,Medium,2025-11-02 20:17:15,2025-11-13 20:17:15,DONE,SPR-PRJ-4-16,5
DEVE-1431,PRJ-0,USR-12180,Bug,According together Mrs beyond.,Medium,2026-05-10 23:43:45,2026-05-11 23:43:45,DONE,SPR-PRJ-1-21,3
PROF-5441,PRJ-3,USR-67640,Task,Easy avoid camera parent what.,Low,2026-06-08 00:34:13,2026-06-15 00:34:13,DONE,SPR-PRJ-5-3,2
CONF-1013,PRJ-9,USR-76162,Story,Truth reason good order often mouth east.,High,2025-11-11 07:32:36,2025-11-16 07:32:36,DONE,SPR-PRJ-9-20,3
THES-7124,PRJ-1,USR-70036,Story,Glass marriage same admit respond.,High,2026-06-23 00:15:16,2026-06-29 00:15:16,DONE,SPR-PRJ-0-23,1
LIST-9471,PRJ-8,USR-97580,Story,Reduce heavy receive state.,High,2026-07-08 04:44:30,2026-07-11 04:44:30,DONE,SPR-PRJ-9-7,1
CHOI-4995,PRJ-4,USR-27892,Task,Shake particularly government stop catch large.,High,2026-04-22 07:04:56,2026-05-01 07:04:56,DONE,SPR-PRJ-2-1,1
DEVE-1979,PRJ-0,USR-70852,Task,Medical not weight gas difference evening itself PM.,High,2026-01-24 14:17:59,2026-01-26 14:17:59,DONE,SPR-PRJ-3-7,2
PROF-8096,PRJ-3,USR-37535,Bug,Scene though often part knowledge physical.,High,2026-07-20 16:02:48,2026-08-02 16:02:48,DONE,SPR-PRJ-0-3,5
THES-1742,PRJ-1,USR-69460,Bug,Include opportunity young as just peace machine none.,Medium,2025-11-21 09:19:34,2025-11-28 09:19:34,DONE,SPR-PRJ-3-5,2
LIST-1037,PRJ-8,USR-52981,Bug,Leader rather marriage next rate sure exist every.,Low,2026-04-29 19:42:35,2026-05-03 19:42:35,DONE,SPR-PRJ-2-14,1
DEVE-7623,PRJ-0,USR-55309,Story,Sort soon suggest both left.,High,2026-04-12 15:51:30,2026-04-21 15:51:30,DONE,SPR-PRJ-4-14,3
WIN-3262,PRJ-5,USR-38080,Story,Million picture deal run movie mouth young.,Medium,2026-01-17 04:31:47,2026-01-30 04:31:47,DONE,SPR-PRJ-1-15,1
THES-6161,PRJ-1,USR-98652,Bug,Move enter firm society coach policy south then.,Low,2026-01-18 17:44:18,2026-01-21 17:44:18,DONE,SPR-PRJ-0-4,1
ANIM-3109,PRJ-2,USR-59692,Story,Brother thought all huge.,High,2026-01-31 19:50:33,2026-02-06 19:50:33,DONE,SPR-PRJ-2-11,8
ORGA-3291,PRJ-6,USR-54089,Bug,However face own.,Low,2026-03-24 02:18:05,2026-04-03 02:18:05,DONE,SPR-PRJ-8-1,1
LIST-6025,PRJ-8,USR-71213,Story,Style condition movement.,High,2025-10-20 17:34:18,2025-10-31 17:34:18,DONE,SPR-PRJ-1-20,3
PROF-3593,PRJ-3,USR-18418,Task,Minute show a theory of couple.,Medium,2026-01-03 02:04:19,2026-01-14 02:04:19,DONE,SPR-PRJ-3-0,3
LIST-7549,PRJ-8,USR-88697,Bug,Form figure spring.,Medium,2026-06-12 12:05:44,2026-06-19 12:05:44,DONE,SPR-PRJ-8-11,1
ORGA-8035,PRJ-6,USR-70513,Story,Peace say energy take yes.,Low,2026-04-28 23:23:07,2026-05-11 23:23:07,DONE,SPR-PRJ-6-5,3
TERM-4973,PRJ-7,USR-23022,Bug,Indeed tend address understand language have.,Low,2026-04-29 20:30:55,2026-05-05 20:30:55,DONE,SPR-PRJ-1-21,8
THES-6482,PRJ-1,USR-85821,Task,A animal general.,Medium,2025-10-01 21:41:39,2025-10-15 21:41:39,DONE,SPR-PRJ-3-13,8
ANIM-7057,PRJ-2,USR-64287,Bug,Big thousand sing green data treat.,High,2026-02-25 13:39:56,2026-03-07 13:39:56,DONE,SPR-PRJ-9-18,5
TERM-7053,PRJ-7,USR-47431,Bug,Fall newspaper should court just must.,Low,2026-02-12 18:38:02,2026-02-18 18:38:02,DONE,SPR-PRJ-1-16,3
WIN-4822,PRJ-5,USR-70036,Bug,It notice me look return.,Low,2026-08-20 23:59:13,2026-09-01 23:59:13,DONE,SPR-PRJ-9-21,5
WIN-5093,PRJ-5,USR-77908,Bug,Most class there sound.,Medium,2025-10-04 12:53:28,2025-10-12 12:53:28,DONE,SPR-PRJ-9-20,8
TERM-2340,PRJ-7,USR-58353,Bug,Piece daughter head reach.,Low,2025-10-09 02:10:12,2025-10-16 02:10:12,DONE,SPR-PRJ-2-2,8
CHOI-7730,PRJ-4,USR-28140,Task,Even fast wear edge own.,High,2025-10-15 10:48:00,2025-10-26 10:48:00,DONE,SPR-PRJ-6-3,1
LIST-3410,PRJ-8,USR-52622,Bug,Low professor western next upon stand.,High,2025-10-13 18:21:08,2025-10-23 18:21:08,DONE,SPR-PRJ-6-11,8
WIN-4679,PRJ-5,USR-36365,Story,Feeling although center sing.,Medium,2026-02-19 07:07:02,2026-03-04 07:07:02,DONE,SPR-PRJ-5-11,2
PROF-1378,PRJ-3,USR-17355,Story,Travel particularly job local firm international.,Medium,2025-11-11 08:00:42,2025-11-12 08:00:42,DONE,SPR-PRJ-5-0,2
CONF-7940,PRJ-9,USR-26011,Bug,Voice Congress participant forward.,High,2025-12-05 04:35:34,2025-12-14 04:35:34,DONE,SPR-PRJ-9-13,2
PROF-2930,PRJ-3,USR-72205,Task,Keep ahead material lose home.,Medium,2025-12-19 15:16:12,2026-01-01 15:16:12,DONE,SPR-PRJ-2-2,8
CHOI-3361,PRJ-4,USR-52517,Story,Range for others over for.,Medium,2026-04-25 03:17:03,2026-05-09 03:17:03,DONE,SPR-PRJ-7-11,3
CONF-2783,PRJ-9,USR-83638,Bug,Move fine major bank case.,Low,2025-11-03 09:29:41,2025-11-14 09:29:41,DONE,SPR-PRJ-9-14,3
CHOI-9284,PRJ-4,USR-39041,Story,Design coach stock tonight argue scientist.,High,2026-02-03 07:01:41,2026-02-14 07:01:41,DONE,SPR-PRJ-4-9,5
THES-7717,PRJ-1,USR-59823,Task,Probably water us attention.,Low,2026-02-27 03:02:00,2026-03-08 03:02:00,DONE,SPR-PRJ-2-9,2
DEVE-2718,PRJ-0,USR-15229,Task,Door single century wide manager international establish.,Low,2026-07-02 11:13:55,2026-07-03 11:13:55,DONE,SPR-PRJ-1-5,5
CHOI-1555,PRJ-4,USR-55309,Story,Rule pay new Republican fly foot Congress.,High,2026-06-03 11:58:26,2026-06-08 11:58:26,DONE,SPR-PRJ-2-21,2
PROF-5483,PRJ-3,USR-55870,Story,Color success cause teacher big.,Low,2026-06-13 14:49:38,2026-06-22 14:49:38,DONE,SPR-PRJ-8-12,3
ORGA-9087,PRJ-6,USR-50306,Task,Foreign happy base at from appear surface.,Low,2025-11-10 21:04:43,2025-11-12 21:04:43,DONE,SPR-PRJ-1-2,5
CONF-2360,PRJ-9,USR-38124,Task,Final behavior large film likely share.,Low,2025-10-15 06:40:55,2025-10-18 06:40:55,DONE,SPR-PRJ-9-12,1
ORGA-2950,PRJ-6,USR-31417,Bug,Ground center just more sea.,High,2026-06-01 23:32:06,2026-06-11 23:32:06,DONE,SPR-PRJ-6-10,1
PROF-5224,PRJ-3,USR-82070,Task,Born smile leave ground feel.,Medium,2026-07-08 08:08:15,2026-07-17 08:08:15,DONE,SPR-PRJ-2-18,2
THES-7970,PRJ-1,USR-28964,Bug,Least employee suggest owner already discuss member.,High,2026-08-05 21:28:38,2026-08-13 21:28:38,DONE,SPR-PRJ-8-22,8
WIN-8873,PRJ-5,USR-45972,Story,Crime morning instead them attention.,Medium,2025-10-08 17:21:48,2025-10-10 17:21:48,DONE,SPR-PRJ-2-4,2
ANIM-5971,PRJ-2,USR-72739,Story,Stay miss over consider view.,High,2025-12-14 00:54:24,2025-12-23 00:54:24,DONE,SPR-PRJ-5-22,1
LIST-8526,PRJ-8,USR-97580,Story,Media threat speech news good company myself.,Medium,2026-04-14 04:24:14,2026-04-26 04:24:14,DONE,SPR-PRJ-0-19,8
WIN-9042,PRJ-5,USR-30181,Story,Expect never contain.,Low,2025-12-12 04:43:37,2025-12-14 04:43:37,DONE,SPR-PRJ-2-13,8
CHOI-2821,PRJ-4,USR-81066,Bug,Finish business reality impact.,Medium,2026-06-19 16:57:18,2026-06-22 16:57:18,DONE,SPR-PRJ-2-15,2
THES-4890,PRJ-1,USR-67954,Task,Unit rock lot south mention.,High,2026-08-15 23:23:29,2026-08-22 23:23:29,DONE,SPR-PRJ-6-8,5
CHOI-6642,PRJ-4,USR-41029,Bug,North blue interesting long fall thank market.,Medium,2025-11-05 09:23:13,2025-11-17 09:23:13,DONE,SPR-PRJ-3-7,1
CHOI-8971,PRJ-4,USR-82070,Bug,Kind her class speak open assume financial.,Medium,2026-07-09 11:50:18,2026-07-19 11:50:18,DONE,SPR-PRJ-5-18,8
LIST-6880,PRJ-8,USR-18993,Bug,Carry painting either heavy soldier energy.,Low,2025-12-17 11:29:47,2025-12-27 11:29:47,DONE,SPR-PRJ-2-8,1
WIN-8089,PRJ-5,USR-23875,Task,Apply onto one ahead already answer.,High,2026-09-13 19:56:43,2026-09-19 19:56:43,DONE,SPR-PRJ-3-21,8
THES-8465,PRJ-1,USR-78522,Bug,Future direction admit town strategy raise future.,Medium,2026-05-16 06:16:07,2026-05-23 06:16:07,DONE,SPR-PRJ-3-21,1
DEVE-1701,PRJ-0,USR-19447,Task,Music important miss toward.,High,2025-11-02 22:24:37,2025-11-16 22:24:37,DONE,SPR-PRJ-2-8,1
DEVE-9387,PRJ-0,USR-94696,Story,Hope save method might people.,High,2025-12-02 01:28:31,2025-12-13 01:28:31,DONE,SPR-PRJ-8-16,5
CHOI-2643,PRJ-4,USR-19602,Story,Right old just night theory statement three forget.,Medium,2026-09-11 20:29:31,2026-09-18 20:29:31,DONE,SPR-PRJ-1-19,2
WIN-3643,PRJ-5,USR-94518,Story,Give mind watch score successful anything century.,High,2026-06-29 16:34:00,2026-07-02 16:34:00,DONE,SPR-PRJ-5-22,2
ANIM-9618,PRJ-2,USR-88301,Bug,Leg much produce production piece available case more.,Medium,2026-03-17 06:30:14,2026-03-18 06:30:14,DONE,SPR-PRJ-0-0,3
CHOI-8411,PRJ-4,USR-19545,Task,Trade later bank add foreign oil federal whole.,High,2025-12-08 19:00:17,2025-12-20 19:00:17,DONE,SPR-PRJ-1-5,2
PROF-6221,PRJ-3,USR-68529,Story,Specific so some deal many them.,High,2026-09-21 08:48:58,2026-10-04 08:48:58,DONE,SPR-PRJ-6-20,8
CHOI-2927,PRJ-4,USR-87184,Task,Word bit consider design ahead month.,Medium,2026-04-18 02:28:20,2026-04-27 02:28:20,DONE,SPR-PRJ-0-10,8
ANIM-9854,PRJ-2,USR-47930,Task,Support box bank early worry man.,High,2026-02-06 16:08:14,2026-02-16 16:08:14,DONE,SPR-PRJ-3-1,3
LIST-2566,PRJ-8,USR-38569,Task,Every trouble office thought.,Low,2026-04-24 04:47:28,2026-05-01 04:47:28,DONE,SPR-PRJ-8-12,5
LIST-1596,PRJ-8,USR-14373,Bug,Prevent term such of suffer street knowledge officer.,Low,2025-10-05 18:19:41,2025-10-15 18:19:41,DONE,SPR-PRJ-2-9,1
LIST-1408,PRJ-8,USR-51505,Bug,Challenge technology under one determine smile.,Low,2026-02-17 19:31:27,2026-03-02 19:31:27,DONE,SPR-PRJ-1-5,2
TERM-5105,PRJ-7,USR-68008,Bug,Stop finish mean seem senior let see shoulder.,Medium,2025-10-31 16:38:08,2025-11-10 16:38:08,DONE,SPR-PRJ-6-3,1
WIN-9077,PRJ-5,USR-12068,Task,Crime pull after season business drop.,Low,2026-06-13 18:01:13,2026-06-26 18:01:13,DONE,SPR-PRJ-0-5,8
ORGA-8043,PRJ-6,USR-21835,Task,Action when mouth table.,Medium,2026-05-11 22:57:18,2026-05-14 22:57:18,DONE,SPR-PRJ-5-13,8
THES-1794,PRJ-1,USR-19807,Story,Care term glass during interview.,High,2026-03-30 03:58:48,2026-04-07 03:58:48,DONE,SPR-PRJ-8-1,3
ORGA-6215,PRJ-6,USR-19287,Story,Real foreign movement big.,Medium,2026-05-07 20:51:09,2026-05-18 20:51:09,DONE,SPR-PRJ-5-23,1
PROF-1335,PRJ-3,USR-20350,Bug,Amount foreign these federal.,Medium,2026-04-10 00:45:11,2026-04-20 00:45:11,DONE,SPR-PRJ-6-13,2
CHOI-5936,PRJ-4,USR-84177,Story,Deal attorney gas recent skin many here.,Medium,2026-07-01 11:57:13,2026-07-14 11:57:13,DONE,SPR-PRJ-9-8,1
PROF-3307,PRJ-3,USR-32810,Task,Trip bad real meeting.,Low,2026-03-02 02:31:40,2026-03-03 02:31:40,DONE,SPR-PRJ-8-4,1
ANIM-6043,PRJ-2,USR-78765,Story,Nothing decade drop peace region phone.,Medium,2026-05-17 19:36:42,2026-05-27 19:36:42,DONE,SPR-PRJ-1-3,3
DEVE-7294,PRJ-0,USR-40539,Task,Wish with success involve happen western.,High,2026-04-26 10:41:02,2026-04-29 10:41:02,DONE,SPR-PRJ-2-23,2
PROF-4631,PRJ-3,USR-18855,Task,Beat free history heart once.,Low,2026-03-20 20:46:13,2026-03-30 20:46:13,DONE,SPR-PRJ-3-2,3
LIST-3282,PRJ-8,USR-86622,Task,Ground smile break here.,High,2026-05-05 14:09:33,2026-05-19 14:09:33,DONE,SPR-PRJ-1-11,8
CONF-2485,PRJ-9,USR-70981,Task,What party process stuff treat likely.,High,2025-12-31 12:53:50,2026-01-10 12:53:50,DONE,SPR-PRJ-1-11,2
TERM-9873,PRJ-7,USR-51853,Story,Agreement citizen organization you practice important gas.,Medium,2025-12-06 12:45:08,2025-12-17 12:45:08,DONE,SPR-PRJ-2-13,8
PROF-8779,PRJ-3,USR-40495,Task,Computer bank southern eight stage.,High,2026-01-01 19:25:10,2026-01-04 19:25:10,DONE,SPR-PRJ-8-17,3
CONF-3570,PRJ-9,USR-91205,Task,Baby throw perhaps recent where follow.,High,2026-06-19 04:42:43,2026-06-22 04:42:43,DONE,SPR-PRJ-1-14,1
DEVE-2740,PRJ-0,USR-72216,Story,Friend the play federal stock.,Medium,2026-09-08 05:48:23,2026-09-18 05:48:23,DONE,SPR-PRJ-2-9,5
DEVE-1033,PRJ-0,USR-70332,Bug,White also protect natural career woman.,Low,2025-10-13 14:30:38,2025-10-24 14:30:38,DONE,SPR-PRJ-3-15,5
CHOI-9064,PRJ-4,USR-23006,Task,Central information instead value meeting.,Low,2025-09-30 04:11:28,2025-10-05 04:11:28,DONE,SPR-PRJ-0-0,5
WIN-4558,PRJ-5,USR-80686,Task,Plant put law more often.,Low,2025-11-05 17:58:31,2025-11-16 17:58:31,DONE,SPR-PRJ-4-23,5
TERM-5717,PRJ-7,USR-38221,Bug,Some unit offer offer and manager.,High,2026-05-14 20:43:01,2026-05-24 20:43:01,DONE,SPR-PRJ-3-3,3
THES-2315,PRJ-1,USR-84177,Task,Phone reality about community measure shake everything party.,Medium,2026-01-05 23:39:05,2026-01-17 23:39:05,DONE,SPR-PRJ-4-13,3
TERM-7849,PRJ-7,USR-10205,Bug,That senior go talk down.,High,2026-03-22 09:53:06,2026-03-31 09:53:06,DONE,SPR-PRJ-0-22,3
CONF-1980,PRJ-9,USR-31174,Bug,Mrs throughout career make law thousand.,High,2026-08-15 20:35:57,2026-08-22 20:35:57,DONE,SPR-PRJ-5-2,8
TERM-8005,PRJ-7,USR-51180,Story,South whether world small serious stuff.,High,2025-10-05 05:21:49,2025-10-16 05:21:49,DONE,SPR-PRJ-5-4,1
THES-3261,PRJ-1,USR-43681,Bug,Simply she along figure decade.,Medium,2026-08-11 17:07:53,2026-08-22 17:07:53,DONE,SPR-PRJ-5-11,3
THES-5686,PRJ-1,USR-87656,Story,Top medical day like prepare grow mention.,High,2026-04-10 15:33:26,2026-04-11 15:33:26,DONE,SPR-PRJ-0-7,2
LIST-3433,PRJ-8,USR-55015,Story,Democrat exist little add economy.,High,2026-07-08 08:35:53,2026-07-11 08:35:53,DONE,SPR-PRJ-2-18,5
LIST-7227,PRJ-8,USR-76562,Task,Painting performance both.,Low,2025-12-26 06:35:28,2026-01-07 06:35:28,DONE,SPR-PRJ-2-18,1
TERM-7762,PRJ-7,USR-93238,Task,Mention PM industry age nation.,High,2026-02-09 12:59:41,2026-02-18 12:59:41,DONE,SPR-PRJ-1-11,1
DEVE-7354,PRJ-0,USR-67595,Task,Give skin wide under.,Medium,2026-02-27 17:07:19,2026-03-04 17:07:19,DONE,SPR-PRJ-1-23,5
ANIM-8992,PRJ-2,USR-70910,Task,Television discussion be alone.,High,2025-10-23 07:12:51,2025-11-05 07:12:51,DONE,SPR-PRJ-9-16,2
WIN-7322,PRJ-5,USR-43082,Task,Late care environmental evidence after religious.,Low,2026-06-07 07:38:27,2026-06-15 07:38:27,DONE,SPR-PRJ-5-10,3
CHOI-5718,PRJ-4,USR-48890,Story,Stuff evening north city he sit style poor.,Medium,2026-04-07 02:28:12,2026-04-14 02:28:12,DONE,SPR-PRJ-6-16,2
ANIM-7861,PRJ-2,USR-62855,Task,Lot pattern better plant certain seek name letter.,High,2025-10-20 01:38:22,2025-10-23 01:38:22,DONE,SPR-PRJ-8-17,1
TERM-3938,PRJ-7,USR-68222,Task,Listen season work tend off daughter concern.,Low,2026-05-13 01:52:46,2026-05-14 01:52:46,DONE,SPR-PRJ-6-13,5
CHOI-3268,PRJ-4,USR-82132,Task,Success soldier control add strategy really pull.,Medium,2025-10-27 07:17:48,2025-11-10 07:17:48,DONE,SPR-PRJ-8-8,3
TERM-1102,PRJ-7,USR-24366,Task,Between move perform along figure moment.,Low,2025-12-02 21:53:20,2025-12-12 21:53:20,DONE,SPR-PRJ-4-22,2
DEVE-8519,PRJ-0,USR-33028,Bug,Democrat little chance human reason college.,Low,2025-11-04 11:51:09,2025-11-07 11:51:09,DONE,SPR-PRJ-0-23,3
TERM-3556,PRJ-7,USR-32871,Bug,All friend society.,Low,2025-11-24 18:40:05,2025-11-29 18:40:05,DONE,SPR-PRJ-3-9,1
TERM-1192,PRJ-7,USR-38197,Story,Return audience growth important myself all.,Low,2026-02-25 18:45:30,2026-02-28 18:45:30,DONE,SPR-PRJ-9-1,8
THES-3266,PRJ-1,USR-27601,Story,Little fine art manager carry western none.,High,2026-02-05 14:27:36,2026-02-17 14:27:36,DONE,SPR-PRJ-7-5,8
ORGA-5147,PRJ-6,USR-80804,Story,Sometimes democratic left.,High,2025-10-01 17:57:20,2025-10-14 17:57:20,DONE,SPR-PRJ-2-6,5
DEVE-9347,PRJ-0,USR-76462,Bug,Pressure commercial behavior.,Low,2025-12-09 13:24:51,2025-12-16 13:24:51,DONE,SPR-PRJ-5-7,1
WIN-5148,PRJ-5,USR-20646,Task,Spend not sea line away hope central.,Low,2025-12-15 06:18:35,2025-12-18 06:18:35,DONE,SPR-PRJ-0-6,8
DEVE-2863,PRJ-0,USR-10772,Bug,Sound effect thank.,Medium,2025-11-12 13:06:11,2025-11-25 13:06:11,DONE,SPR-PRJ-9-5,1
DEVE-2268,PRJ-0,USR-31465,Task,Sea society your book cold.,High,2026-06-29 16:15:15,2026-07-07 16:15:15,DONE,SPR-PRJ-3-16,8
DEVE-4551,PRJ-0,USR-50492,Bug,Listen according either each.,Low,2026-08-06 15:47:47,2026-08-19 15:47:47,DONE,SPR-PRJ-7-18,1
DEVE-5617,PRJ-0,USR-33416,Task,Stay service fall skill.,Medium,2025-10-17 20:28:39,2025-10-24 20:28:39,DONE,SPR-PRJ-9-12,8
LIST-2688,PRJ-8,USR-52237,Task,Contain certain possible address.,Medium,2026-09-12 09:59:00,2026-09-20 09:59:00,DONE,SPR-PRJ-3-9,3
CONF-1196,PRJ-9,USR-45720,Task,Democrat onto sense center.,Medium,2026-02-06 21:45:01,2026-02-11 21:45:01,DONE,SPR-PRJ-4-18,1
CONF-1609,PRJ-9,USR-61177,Bug,On figure statement.,High,2026-07-08 11:07:02,2026-07-15 11:07:02,DONE,SPR-PRJ-9-13,8
PROF-8925,PRJ-3,USR-19287,Story,Third heart against purpose inside personal firm.,Medium,2026-08-02 19:27:30,2026-08-11 19:27:30,DONE,SPR-PRJ-9-21,5
THES-8700,PRJ-1,USR-10336,Task,Like bad letter stand.,Low,2025-12-23 04:58:06,2026-01-04 04:58:06,DONE,SPR-PRJ-7-14,8
ORGA-2075,PRJ-6,USR-53054,Task,Agency wife care way still grow music.,High,2026-07-03 15:50:12,2026-07-09 15:50:12,DONE,SPR-PRJ-5-17,2
LIST-2097,PRJ-8,USR-94659,Task,Already black offer book western Mr.,Low,2025-11-09 10:30:16,2025-11-12 10:30:16,DONE,SPR-PRJ-5-19,3
CONF-9342,PRJ-9,USR-49857,Task,Color involve thing year.,Low,2026-09-20 02:29:39,2026-09-23 02:29:39,DONE,SPR-PRJ-1-0,5
DEVE-2090,PRJ-0,USR-60678,Task,Run sort those effort new.,Medium,2026-06-27 00:37:35,2026-07-04 00:37:35,DONE,SPR-PRJ-5-20,5
DEVE-3484,PRJ-0,USR-91678,Story,Purpose camera less yourself traditional matter especially.,Medium,2026-07-31 05:15:55,2026-08-03 05:15:55,DONE,SPR-PRJ-5-2,5
PROF-5178,PRJ-3,USR-44687,Bug,Age see just price with.,Low,2026-03-23 03:03:06,2026-03-24 03:03:06,DONE,SPR-PRJ-1-18,3
ORGA-2744,PRJ-6,USR-36144,Bug,Occur make people note.,Medium,2026-05-04 05:07:13,2026-05-18 05:07:13,DONE,SPR-PRJ-2-0,1
DEVE-8482,PRJ-0,USR-69600,Bug,Feeling anyone number risk more statement.,High,2025-10-30 06:22:14,2025-11-07 06:22:14,DONE,SPR-PRJ-8-11,5
LIST-5792,PRJ-8,USR-15376,Bug,Hotel while personal street size.,Medium,2026-09-09 01:17:18,2026-09-20 01:17:18,DONE,SPR-PRJ-5-9,5
THES-3399,PRJ-1,USR-19602,Bug,Music member establish war although.,Medium,2025-12-25 11:08:22,2025-12-28 11:08:22,DONE,SPR-PRJ-2-1,3
WIN-8920,PRJ-5,USR-57428,Task,Difference whole improve ever.,Medium,2025-11-27 05:08:43,2025-11-29 05:08:43,DONE,SPR-PRJ-8-1,8
CONF-8778,PRJ-9,USR-43029,Bug,Research act at coach.,Medium,2025-12-08 18:38:03,2025-12-14 18:38:03,DONE,SPR-PRJ-8-5,5
CONF-7187,PRJ-9,USR-55309,Task,Rather sea term grow forget these seven.,Medium,2026-07-12 16:49:26,2026-07-13 16:49:26,DONE,SPR-PRJ-0-4,8
CHOI-3267,PRJ-4,USR-92210,Bug,Again nature heavy soldier.,Medium,2025-09-27 17:31:29,2025-10-01 17:31:29,DONE,SPR-PRJ-8-7,5
ANIM-2445,PRJ-2,USR-86556,Story,Law order partner about minute should.,Low,2026-07-12 19:35:12,2026-07-24 19:35:12,DONE,SPR-PRJ-0-3,5
TERM-4985,PRJ-7,USR-73653,Task,Building budget sometimes age.,Medium,2026-05-05 14:25:23,2026-05-18 14:25:23,DONE,SPR-PRJ-6-19,8
THES-1718,PRJ-1,USR-17518,Story,His send physical star.,Medium,2026-08-25 08:24:31,2026-08-26 08:24:31,DONE,SPR-PRJ-0-7,8
PROF-5286,PRJ-3,USR-42951,Bug,Cut lead story pull war officer least.,Medium,2025-11-19 21:23:20,2025-12-03 21:23:20,DONE,SPR-PRJ-5-22,2
LIST-4391,PRJ-8,USR-87128,Bug,And across somebody front myself successful bank take.,High,2026-07-02 04:03:08,2026-07-04 04:03:08,DONE,SPR-PRJ-3-0,8
CHOI-7298,PRJ-4,USR-96057,Bug,Interesting yourself home American age others subject.,Medium,2026-09-15 06:29:08,2026-09-26 06:29:08,DONE,SPR-PRJ-4-3,3
PROF-2501,PRJ-3,USR-59986,Bug,Everyone despite its three rich each knowledge.,High,2026-05-13 21:29:50,2026-05-27 21:29:50,DONE,SPR-PRJ-7-0,5
ANIM-6085,PRJ-2,USR-81582,Bug,Think five product new hard else may.,High,2025-11-03 07:00:02,2025-11-15 07:00:02,DONE,SPR-PRJ-5-7,2
ANIM-1340,PRJ-2,USR-28131,Story,While finally win country employee summer activity.,Medium,2026-07-18 19:37:04,2026-07-29 19:37:04,DONE,SPR-PRJ-7-23,5
DEVE-6536,PRJ-0,USR-55745,Task,Food dream include air focus.,High,2026-02-14 22:39:57,2026-02-21 22:39:57,DONE,SPR-PRJ-6-22,2
PROF-4841,PRJ-3,USR-75410,Bug,Others exist three event identify kid respond believe.,High,2026-05-08 04:10:55,2026-05-15 04:10:55,DONE,SPR-PRJ-6-9,2
DEVE-1858,PRJ-0,USR-46046,Story,Environment popular administration cause.,High,2026-04-28 18:27:24,2026-05-07 18:27:24,DONE,SPR-PRJ-4-17,8
LIST-1734,PRJ-8,USR-85821,Story,Travel read charge case development land two.,Medium,2026-07-22 23:55:18,2026-08-03 23:55:18,DONE,SPR-PRJ-2-23,1
CONF-1828,PRJ-9,USR-28131,Task,Chance three cell.,Low,2026-01-17 04:37:46,2026-01-21 04:37:46,DONE,SPR-PRJ-6-18,5
ORGA-7453,PRJ-6,USR-73783,Story,May attorney energy foot carry dinner.,Low,2026-04-21 03:13:51,2026-05-04 03:13:51,DONE,SPR-PRJ-8-15,1
ORGA-9518,PRJ-6,USR-39824,Bug,Pm cover find week develop yet.,Medium,2026-09-16 10:27:50,2026-09-29 10:27:50,DONE,SPR-PRJ-4-21,3
THES-1595,PRJ-1,USR-68115,Story,Far city behind.,Low,2025-10-03 17:14:08,2025-10-16 17:14:08,DONE,SPR-PRJ-7-21,2
PROF-8337,PRJ-3,USR-72205,Story,Wear necessary forward near rather voice pick.,High,2026-07-23 14:49:15,2026-08-01 14:49:15,DONE,SPR-PRJ-6-5,1
CONF-4813,PRJ-9,USR-59377,Task,Window generation adult program throughout boy all let.,Low,2026-07-29 07:56:56,2026-07-30 07:56:56,DONE,SPR-PRJ-8-1,1
THES-9340,PRJ-1,USR-19666,Story,Area interview age be no.,Low,2025-12-03 02:33:54,2025-12-12 02:33:54,DONE,SPR-PRJ-5-18,2
LIST-6857,PRJ-8,USR-15544,Task,Leader ahead rich second.,Low,2026-04-17 19:56:29,2026-04-20 19:56:29,DONE,SPR-PRJ-4-21,5
ORGA-8272,PRJ-6,USR-57953,Story,Worker camera same understand interview.,Low,2025-12-04 05:28:59,2025-12-16 05:28:59,DONE,SPR-PRJ-7-8,2
ORGA-6322,PRJ-6,USR-34881,Bug,By pressure enough mother.,Low,2026-02-10 05:13:15,2026-02-21 05:13:15,DONE,SPR-PRJ-9-12,8
CONF-4962,PRJ-9,USR-70852,Story,Marriage investment seem.,High,2026-02-19 07:27:11,2026-02-25 07:27:11,DONE,SPR-PRJ-3-15,8
ORGA-6287,PRJ-6,USR-85341,Task,Fine rise wife figure concern.,Medium,2025-12-23 02:32:10,2025-12-24 02:32:10,DONE,SPR-PRJ-5-20,2
WIN-1480,PRJ-5,USR-96057,Task,Industry despite plant him whom blood.,High,2025-11-22 00:18:22,2025-12-05 00:18:22,DONE,SPR-PRJ-4-16,1
CONF-4087,PRJ-9,USR-50173,Story,Door hand rest sometimes work who.,Low,2025-10-31 04:21:14,2025-11-14 04:21:14,DONE,SPR-PRJ-3-18,5
TERM-2315,PRJ-7,USR-13492,Task,Suddenly else glass which bar yourself movement.,Low,2026-01-25 00:21:49,2026-02-01 00:21:49,DONE,SPR-PRJ-0-10,1
CONF-4008,PRJ-9,USR-60779,Bug,Series see call learn well hour.,High,2025-11-29 08:03:02,2025-12-08 08:03:02,DONE,SPR-PRJ-4-18,8
DEVE-4816,PRJ-0,USR-19602,Bug,Hot industry speak various use situation well.,High,2025-09-28 10:26:30,2025-09-29 10:26:30,DONE,SPR-PRJ-1-7,1
DEVE-2045,PRJ-0,USR-94562,Bug,Everybody baby unit these.,High,2026-08-25 08:53:28,2026-09-02 08:53:28,DONE,SPR-PRJ-2-22,2
CONF-6646,PRJ-9,USR-93507,Story,System kind task especially perhaps list.,High,2026-09-05 05:23:21,2026-09-12 05:23:21,DONE,SPR-PRJ-6-10,2
DEVE-1223,PRJ-0,USR-64287,Story,Production official police gun.,High,2026-08-15 06:01:41,2026-08-18 06:01:41,DONE,SPR-PRJ-8-15,3
ORGA-3275,PRJ-6,USR-65176,Task,Window board member may low feeling.,Medium,2025-10-11 03:17:04,2025-10-15 03:17:04,DONE,SPR-PRJ-5-0,3
THES-5539,PRJ-1,USR-23875,Bug,Dog ten speech film.,Medium,2025-11-22 11:56:14,2025-11-29 11:56:14,DONE,SPR-PRJ-7-5,5
LIST-9076,PRJ-8,USR-36794,Task,These senior natural water character from.,Medium,2026-01-24 06:45:22,2026-01-30 06:45:22,DONE,SPR-PRJ-2-8,3
ORGA-8030,PRJ-6,USR-49608,Bug,Such painting seem clear either size.,Medium,2026-06-01 10:12:11,2026-06-07 10:12:11,DONE,SPR-PRJ-9-21,8
PROF-5860,PRJ-3,USR-92544,Bug,Process everybody executive stand short big.,Medium,2025-10-03 15:19:31,2025-10-14 15:19:31,DONE,SPR-PRJ-5-20,5
PROF-8113,PRJ-3,USR-84177,Bug,Manage crime nearly most less able protect do.,Medium,2026-06-29 19:09:52,2026-07-03 19:09:52,DONE,SPR-PRJ-1-15,1
LIST-8716,PRJ-8,USR-17852,Bug,Quality smile matter tell south right.,Medium,2025-12-23 11:28:27,2025-12-27 11:28:27,DONE,SPR-PRJ-1-16,5
CHOI-4995,PRJ-4,USR-45838,Bug,Everyone soon Mr year if term adult.,Low,2026-04-20 02:35:35,2026-04-26 02:35:35,DONE,SPR-PRJ-9-5,8
CHOI-6228,PRJ-4,USR-99838,Story,Staff year consider claim.,Low,2026-08-21 19:17:42,2026-08-24 19:17:42,DONE,SPR-PRJ-5-16,3
DEVE-1837,PRJ-0,USR-83385,Bug,Financial prevent everything soon cost tell.,High,2026-09-03 00:09:16,2026-09-13 00:09:16,DONE,SPR-PRJ-0-11,5
CONF-6156,PRJ-9,USR-41552,Task,Anything particularly week interest statement dream.,Low,2025-11-11 23:14:54,2025-11-22 23:14:54,DONE,SPR-PRJ-7-7,1
ORGA-3256,PRJ-6,USR-82132,Task,Require politics measure apply.,High,2025-11-21 05:12:31,2025-12-02 05:12:31,DONE,SPR-PRJ-1-9,1
ANIM-2543,PRJ-2,USR-72277,Story,Clear yourself cut organization nearly.,High,2025-10-19 15:55:03,2025-10-27 15:55:03,DONE,SPR-PRJ-6-8,3
PROF-4666,PRJ-3,USR-93584,Task,Page when bag space allow actually fear view.,High,2026-05-14 23:02:16,2026-05-16 23:02:16,DONE,SPR-PRJ-8-12,1
WIN-1478,PRJ-5,USR-58393,Task,Drive seek many between.,Medium,2026-08-08 19:30:37,2026-08-11 19:30:37,DONE,SPR-PRJ-9-10,5
ORGA-4001,PRJ-6,USR-95477,Bug,Seven never animal see this serious this.,High,2026-08-12 10:36:19,2026-08-21 10:36:19,DONE,SPR-PRJ-3-21,5
WIN-6710,PRJ-5,USR-79163,Task,Raise pattern seem anything medical better.,Low,2025-11-26 09:16:16,2025-12-09 09:16:16,DONE,SPR-PRJ-4-14,1
PROF-6311,PRJ-3,USR-20308,Task,Suddenly player start forget half.,Medium,2026-06-05 15:00:54,2026-06-19 15:00:54,DONE,SPR-PRJ-3-19,3
ORGA-3223,PRJ-6,USR-75410,Story,Build deal join development morning relationship against two.,Medium,2025-09-30 14:56:17,2025-10-08 14:56:17,DONE,SPR-PRJ-2-3,2
ANIM-2423,PRJ-2,USR-42007,Task,Put student mission about case life set.,Medium,2026-05-01 17:03:48,2026-05-13 17:03:48,DONE,SPR-PRJ-7-16,2
ORGA-1470,PRJ-6,USR-82845,Bug,Life watch black agree real.,Low,2026-07-01 15:55:01,2026-07-09 15:55:01,DONE,SPR-PRJ-4-4,2
ORGA-4834,PRJ-6,USR-73242,Story,Like strong candidate dark other serve plant his.,High,2025-11-09 02:18:57,2025-11-22 02:18:57,DONE,SPR-PRJ-9-0,2
DEVE-6091,PRJ-0,USR-22196,Bug,Simple movement magazine study American there nice.,Low,2026-04-01 19:27:54,2026-04-15 19:27:54,DONE,SPR-PRJ-6-7,8
ORGA-8220,PRJ-6,USR-56438,Story,Consider expert address.,High,2025-11-07 03:28:18,2025-11-12 03:28:18,DONE,SPR-PRJ-8-8,2
CHOI-9226,PRJ-4,USR-19305,Bug,Hand goal term matter address prepare protect.,Medium,2026-07-04 16:01:16,2026-07-15 16:01:16,DONE,SPR-PRJ-1-14,1
ORGA-5878,PRJ-6,USR-68838,Story,Sometimes career then who class.,Low,2026-01-18 19:32:11,2026-01-21 19:32:11,DONE,SPR-PRJ-8-9,2
TERM-6927,PRJ-7,USR-40595,Task,Hospital also year own.,High,2026-08-13 01:33:49,2026-08-23 01:33:49,DONE,SPR-PRJ-6-12,1
CONF-1397,PRJ-9,USR-86556,Story,Necessary suggest employee project after song.,High,2026-07-20 10:39:36,2026-07-29 10:39:36,DONE,SPR-PRJ-9-1,2
CONF-7103,PRJ-9,USR-62296,Story,At people brother official work use.,Low,2026-06-18 22:01:31,2026-06-29 22:01:31,DONE,SPR-PRJ-9-3,2
THES-2756,PRJ-1,USR-90173,Bug,Become area break image.,Low,2026-06-24 15:25:23,2026-06-26 15:25:23,DONE,SPR-PRJ-7-4,5
THES-8404,PRJ-1,USR-50492,Story,Home above until design.,Medium,2026-01-20 18:26:03,2026-01-23 18:26:03,DONE,SPR-PRJ-7-7,8
TERM-4745,PRJ-7,USR-93130,Story,Without western possible.,Low,2026-02-15 07:36:44,2026-02-24 07:36:44,DONE,SPR-PRJ-2-15,5
PROF-8544,PRJ-3,USR-73653,Story,Throughout church summer reflect reason.,Medium,2026-07-21 18:35:13,2026-07-24 18:35:13,DONE,SPR-PRJ-6-0,8
TERM-5784,PRJ-7,USR-68841,Bug,Tend official eye talk me detail act.,Low,2026-05-25 17:55:48,2026-05-27 17:55:48,DONE,SPR-PRJ-3-23,2
DEVE-1169,PRJ-0,USR-13478,Story,School over special sport.,Low,2026-09-16 11:41:39,2026-09-23 11:41:39,DONE,SPR-PRJ-7-22,8
CONF-1560,PRJ-9,USR-36090,Task,Another big treatment help rest.,Low,2026-01-27 20:04:48,2026-02-02 20:04:48,DONE,SPR-PRJ-9-9,1
ORGA-8415,PRJ-6,USR-70901,Bug,Writer recognize identify some discuss test pass.,High,2026-07-20 12:49:31,2026-07-25 12:49:31,DONE,SPR-PRJ-0-2,8
TERM-6701,PRJ-7,USR-49608,Bug,Finally before about admit budget.,Low,2026-02-02 02:51:36,2026-02-05 02:51:36,DONE,SPR-PRJ-2-13,5
THES-4990,PRJ-1,USR-96163,Task,Treatment inside shoulder choice measure.,High,2026-07-19 12:37:23,2026-07-21 12:37:23,DONE,SPR-PRJ-0-12,3
ORGA-1984,PRJ-6,USR-65518,Story,Skin talk business line necessary fly share ten.,High,2026-08-06 21:46:40,2026-08-08 21:46:40,DONE,SPR-PRJ-2-12,8
DEVE-4227,PRJ-0,USR-20336,Bug,Side town traditional forget better doctor head.,Medium,2025-11-19 02:18:01,2025-11-28 02:18:01,DONE,SPR-PRJ-1-7,5
LIST-2408,PRJ-8,USR-20350,Story,Media game employee heavy voice animal provide.,Low,2026-05-03 12:38:32,2026-05-10 12:38:32,DONE,SPR-PRJ-6-9,1
CHOI-8964,PRJ-4,USR-86622,Story,Claim same affect fast fall serve successful.,High,2026-05-17 10:02:58,2026-05-23 10:02:58,DONE,SPR-PRJ-1-9,1
DEVE-8764,PRJ-0,USR-73653,Task,Institution leg center group kid.,High,2026-02-17 13:58:49,2026-02-22 13:58:49,DONE,SPR-PRJ-5-23,3
CONF-6253,PRJ-9,USR-95823,Story,Data step less gun south senior lose.,Low,2025-10-07 13:41:35,2025-10-13 13:41:35,DONE,SPR-PRJ-0-20,1
WIN-5252,PRJ-5,USR-58843,Task,Loss reveal describe main fill.,High,2026-06-02 23:39:50,2026-06-12 23:39:50,DONE,SPR-PRJ-4-5,3
ANIM-8430,PRJ-2,USR-83060,Task,Administration control kind start subject me food.,Medium,2025-12-24 14:43:27,2026-01-05 14:43:27,DONE,SPR-PRJ-7-7,1
ORGA-3316,PRJ-6,USR-74260,Task,Himself class common employee.,Medium,2026-03-24 05:27:00,2026-03-26 05:27:00,DONE,SPR-PRJ-1-10,5
DEVE-7099,PRJ-0,USR-95823,Story,Rate idea challenge late never street.,High,2026-07-15 21:49:02,2026-07-24 21:49:02,DONE,SPR-PRJ-9-0,8
ANIM-4562,PRJ-2,USR-21104,Task,Indicate economy act present help deal long.,Low,2025-10-14 16:58:37,2025-10-21 16:58:37,DONE,SPR-PRJ-0-17,3
TERM-7951,PRJ-7,USR-13278,Task,Wall decade nature TV live.,Low,2025-10-23 05:08:32,2025-10-25 05:08:32,DONE,SPR-PRJ-0-18,5
ANIM-2675,PRJ-2,USR-27224,Story,Group by throw issue.,High,2026-06-22 13:31:50,2026-07-02 13:31:50,DONE,SPR-PRJ-4-5,8
TERM-1445,PRJ-7,USR-42177,Task,Parent image public air enjoy truth model.,Low,2026-04-10 16:14:12,2026-04-20 16:14:12,DONE,SPR-PRJ-4-3,8
ORGA-4790,PRJ-6,USR-27781,Story,Quickly computer really sister since employee get agent.,Medium,2026-02-26 17:41:34,2026-03-09 17:41:34,DONE,SPR-PRJ-6-10,2
CONF-3967,PRJ-9,USR-75513,Bug,Sign listen officer score whatever force table investment.,Low,2026-04-18 18:49:15,2026-04-20 18:49:15,DONE,SPR-PRJ-7-1,2
CONF-4654,PRJ-9,USR-77499,Task,Fire radio scene.,High,2026-01-04 21:58:10,2026-01-11 21:58:10,DONE,SPR-PRJ-7-22,2
TERM-3790,PRJ-7,USR-80702,Task,Around list other leg represent general city.,High,2026-03-05 18:29:10,2026-03-14 18:29:10,DONE,SPR-PRJ-2-1,1
ORGA-1875,PRJ-6,USR-82140,Bug,Only television drop sit.,Medium,2026-08-23 06:40:39,2026-09-01 06:40:39,DONE,SPR-PRJ-6-12,8
CHOI-8353,PRJ-4,USR-70910,Story,Suddenly local team see.,High,2026-01-05 19:24:12,2026-01-07 19:24:12,DONE,SPR-PRJ-5-5,1
WIN-7840,PRJ-5,USR-38080,Bug,Rock Congress relationship compare poor lot blood.,Low,2025-11-16 12:59:26,2025-11-25 12:59:26,DONE,SPR-PRJ-7-1,1
PROF-6134,PRJ-3,USR-46500,Task,Store prepare majority parent why blood clearly.,High,2025-10-26 02:14:27,2025-11-09 02:14:27,DONE,SPR-PRJ-1-0,2
TERM-3916,PRJ-7,USR-17104,Story,Citizen third head eye student.,Medium,2026-07-26 15:58:20,2026-08-05 15:58:20,DONE,SPR-PRJ-3-6,8
LIST-2163,PRJ-8,USR-85598,Story,Network allow compare billion interesting official debate.,Low,2026-03-02 22:01:14,2026-03-16 22:01:14,DONE,SPR-PRJ-7-8,8
ANIM-1775,PRJ-2,USR-73783,Story,Cost together section yet.,Medium,2026-08-25 14:02:16,2026-08-27 14:02:16,DONE,SPR-PRJ-4-13,5
ORGA-4634,PRJ-6,USR-55309,Task,Add you three continue however many back.,High,2026-05-05 19:11:02,2026-05-18 19:11:02,DONE,SPR-PRJ-8-22,2
WIN-5386,PRJ-5,USR-38124,Story,Agent author let thought affect democratic young.,Medium,2026-03-09 23:14:00,2026-03-21 23:14:00,DONE,SPR-PRJ-6-10,1
CONF-6853,PRJ-9,USR-45720,Task,Knowledge sing thousand rate walk.,Low,2026-03-01 07:56:03,2026-03-05 07:56:03,DONE,SPR-PRJ-3-15,5
LIST-3026,PRJ-8,USR-65255,Bug,Cup continue strong contain true heavy difference both.,High,2026-01-18 01:18:55,2026-01-28 01:18:55,DONE,SPR-PRJ-6-17,2
TERM-5461,PRJ-7,USR-67595,Bug,Civil everything kitchen without trouble accept.,High,2026-08-06 21:21:33,2026-08-12 21:21:33,DONE,SPR-PRJ-5-22,1
ANIM-4078,PRJ-2,USR-17665,Bug,Allow huge upon employee choose glass rock.,Low,2025-12-22 07:00:02,2025-12-29 07:00:02,DONE,SPR-PRJ-2-11,8
THES-4406,PRJ-1,USR-20561,Task,Foot recognize despite painting camera red yard.,High,2026-08-10 11:53:24,2026-08-12 11:53:24,DONE,SPR-PRJ-3-8,5
DEVE-8705,PRJ-0,USR-91018,Bug,Must beautiful thus brother.,Medium,2026-04-06 12:34:01,2026-04-19 12:34:01,DONE,SPR-PRJ-6-15,1
CHOI-6936,PRJ-4,USR-14877,Task,Girl answer window none investment.,High,2026-02-24 11:56:05,2026-03-07 11:56:05,DONE,SPR-PRJ-2-23,1
THES-8551,PRJ-1,USR-85598,Story,Responsibility laugh position station law coach.,Medium,2025-11-14 16:15:29,2025-11-25 16:15:29,DONE,SPR-PRJ-8-2,1
THES-4378,PRJ-1,USR-22903,Story,Green day majority perhaps phone.,Medium,2026-06-04 06:27:32,2026-06-12 06:27:32,DONE,SPR-PRJ-0-7,5
PROF-5812,PRJ-3,USR-50441,Story,Laugh a teacher.,Medium,2026-02-19 01:36:48,2026-02-22 01:36:48,DONE,SPR-PRJ-6-22,2
CONF-9605,PRJ-9,USR-22249,Story,Staff industry manager guy include.,High,2026-03-14 20:10:20,2026-03-21 20:10:20,DONE,SPR-PRJ-7-4,2
WIN-6055,PRJ-5,USR-20646,Bug,College nation professor.,High,2026-08-31 05:44:29,2026-09-11 05:44:29,DONE,SPR-PRJ-8-10,3
LIST-5435,PRJ-8,USR-32037,Story,North success commercial another.,High,2026-09-20 04:09:36,2026-10-02 04:09:36,DONE,SPR-PRJ-2-23,2
CHOI-8196,PRJ-4,USR-64602,Story,Tough since war think.,High,2025-12-08 06:19:21,2025-12-19 06:19:21,DONE,SPR-PRJ-7-20,8
ORGA-5488,PRJ-6,USR-57453,Task,Allow else occur alone different together give court.,High,2025-12-28 11:14:18,2026-01-02 11:14:18,DONE,SPR-PRJ-5-6,3
PROF-8658,PRJ-3,USR-77251,Bug,According cold group American.,High,2025-12-16 01:50:49,2025-12-21 01:50:49,DONE,SPR-PRJ-8-22,3
ANIM-7316,PRJ-2,USR-64476,Story,Town south general wind box those.,High,2026-08-07 08:59:15,2026-08-18 08:59:15,DONE,SPR-PRJ-2-3,3
ANIM-3874,PRJ-2,USR-30257,Story,Exist someone raise almost talk ok.,Medium,2025-12-23 19:48:51,2025-12-30 19:48:51,DONE,SPR-PRJ-7-14,5
ANIM-6684,PRJ-2,USR-28643,Story,Speak expect situation perhaps sense early themselves.,Low,2026-08-08 18:16:48,2026-08-13 18:16:48,DONE,SPR-PRJ-0-23,1
DEVE-4776,PRJ-0,USR-76562,Task,Hour clear interview account Mr.,Low,2026-01-19 08:25:38,2026-01-30 08:25:38,DONE,SPR-PRJ-9-3,2
ANIM-9394,PRJ-2,USR-82102,Story,Second Mrs population business story small sell.,High,2026-02-08 15:40:42,2026-02-21 15:40:42,DONE,SPR-PRJ-3-4,8
CHOI-4419,PRJ-4,USR-57920,Bug,They arm sister seem.,Low,2025-11-01 02:17:17,2025-11-08 02:17:17,DONE,SPR-PRJ-4-15,8
ORGA-6930,PRJ-6,USR-12671,Story,Traditional particularly pass week brother drug.,Low,2026-02-26 12:26:59,2026-03-07 12:26:59,DONE,SPR-PRJ-1-21,5
WIN-1341,PRJ-5,USR-73464,Story,Cup loss finally he civil trade.,Low,2026-04-07 17:59:22,2026-04-21 17:59:22,DONE,SPR-PRJ-3-16,2
WIN-5456,PRJ-5,USR-60140,Bug,Other term political not.,High,2026-02-23 01:34:46,2026-02-27 01:34:46,DONE,SPR-PRJ-6-1,5
PROF-6287,PRJ-3,USR-28202,Task,Game worry best car how away director.,Medium,2026-09-12 03:25:03,2026-09-18 03:25:03,DONE,SPR-PRJ-0-11,3
PROF-1074,PRJ-3,USR-56176,Bug,Discussion husband want talk ever five.,Medium,2026-04-02 00:05:11,2026-04-07 00:05:11,DONE,SPR-PRJ-1-10,8
ORGA-7181,PRJ-6,USR-45838,Task,Picture human him today center agent per.,Low,2026-06-13 07:14:38,2026-06-22 07:14:38,DONE,SPR-PRJ-6-12,8
THES-8496,PRJ-1,USR-98895,Story,Speak direction above or process these total.,Medium,2025-11-12 17:54:19,2025-11-22 17:54:19,DONE,SPR-PRJ-0-13,1
THES-1431,PRJ-1,USR-56176,Bug,Establish course relate artist.,Medium,2026-01-27 10:52:24,2026-02-09 10:52:24,DONE,SPR-PRJ-7-15,5
WIN-7862,PRJ-5,USR-13278,Bug,Team great fish even rest.,Medium,2026-06-22 08:26:52,2026-06-24 08:26:52,DONE,SPR-PRJ-5-18,8
ORGA-9051,PRJ-6,USR-40539,Bug,Old black down subject.,Low,2025-11-20 04:00:33,2025-11-23 04:00:33,DONE,SPR-PRJ-2-4,3
ORGA-9472,PRJ-6,USR-92478,Task,Magazine option point end painting camera.,Medium,2026-04-15 21:49:59,2026-04-28 21:49:59,DONE,SPR-PRJ-9-16,1
CONF-4757,PRJ-9,USR-83579,Story,Team check behavior nation remain.,Low,2026-06-22 20:56:45,2026-07-04 20:56:45,DONE,SPR-PRJ-9-14,3
TERM-9799,PRJ-7,USR-50135,Task,Something focus use social opportunity save wide few.,High,2026-01-03 18:00:26,2026-01-08 18:00:26,DONE,SPR-PRJ-0-8,2
LIST-6303,PRJ-8,USR-30181,Bug,Manage issue plant stop cup decade doctor.,High,2026-04-25 17:42:35,2026-05-08 17:42:35,DONE,SPR-PRJ-4-0,3
PROF-9475,PRJ-3,USR-42406,Bug,Operation next great group pay arm future respond.,Medium,2025-12-02 01:02:59,2025-12-16 01:02:59,DONE,SPR-PRJ-5-23,1
LIST-6747,PRJ-8,USR-20077,Story,Whether ever third four me.,High,2026-06-12 10:06:29,2026-06-25 10:06:29,DONE,SPR-PRJ-0-20,2
CONF-6463,PRJ-9,USR-65435,Bug,Same most stop must win fly.,High,2026-07-28 14:06:39,2026-07-29 14:06:39,DONE,SPR-PRJ-8-2,3
TERM-6738,PRJ-7,USR-59131,Story,Career small adult meet huge by once.,High,2026-03-15 18:29:11,2026-03-22 18:29:11,DONE,SPR-PRJ-3-11,5
PROF-5157,PRJ-3,USR-59695,Bug,Figure describe sister themselves say bag.,Low,2025-12-01 07:35:05,2025-12-06 07:35:05,DONE,SPR-PRJ-4-7,8
PROF-2719,PRJ-3,USR-79774,Story,Collection city contain go sense mouth.,High,2026-05-12 09:17:37,2026-05-16 09:17:37,DONE,SPR-PRJ-3-22,5
DEVE-8348,PRJ-0,USR-86569,Task,Collection third feel common in open.,Medium,2026-02-10 22:11:46,2026-02-15 22:11:46,DONE,SPR-PRJ-9-5,3
ORGA-3226,PRJ-6,USR-52247,Task,Position before watch society.,Low,2026-01-02 19:26:54,2026-01-08 19:26:54,DONE,SPR-PRJ-7-10,1
TERM-9124,PRJ-7,USR-49294,Task,Beautiful now company activity add.,Low,2025-12-31 09:01:29,2026-01-05 09:01:29,DONE,SPR-PRJ-7-7,3
WIN-3266,PRJ-5,USR-76768,Task,Hour story kitchen care huge energy.,Low,2026-06-26 15:44:36,2026-07-04 15:44:36,DONE,SPR-PRJ-8-9,3
TERM-7879,PRJ-7,USR-40512,Task,Stock apply oil involve continue local.,High,2026-08-15 16:58:41,2026-08-16 16:58:41,DONE,SPR-PRJ-9-5,5
CHOI-8293,PRJ-4,USR-54313,Story,Affect discuss avoid.,Medium,2026-01-15 15:51:13,2026-01-28 15:51:13,DONE,SPR-PRJ-5-0,2
CONF-1953,PRJ-9,USR-21104,Story,Offer early several much.,Low,2026-07-10 07:26:29,2026-07-24 07:26:29,DONE,SPR-PRJ-2-23,1
LIST-3457,PRJ-8,USR-22249,Task,Civil student behavior wear.,Medium,2025-12-04 22:46:41,2025-12-08 22:46:41,DONE,SPR-PRJ-5-14,3
PROF-6602,PRJ-3,USR-80575,Bug,System reason information again more left.,High,2025-12-22 06:04:19,2025-12-29 06:04:19,DONE,SPR-PRJ-4-14,1
DEVE-5263,PRJ-0,USR-41186,Bug,Fly exactly book.,High,2026-06-09 22:07:02,2026-06-11 22:07:02,DONE,SPR-PRJ-0-15,2
ORGA-2274,PRJ-6,USR-95191,Bug,Store area wish that hospital despite.,Low,2026-06-20 00:33:43,2026-06-30 00:33:43,DONE,SPR-PRJ-6-7,5
WIN-9231,PRJ-5,USR-40613,Task,Action occur direction community even bed.,Medium,2026-04-19 03:09:55,2026-04-26 03:09:55,DONE,SPR-PRJ-0-19,3
ORGA-2523,PRJ-6,USR-43491,Task,Probably tax pull day test cup.,Low,2026-08-13 19:28:35,2026-08-21 19:28:35,DONE,SPR-PRJ-7-3,1
CONF-7743,PRJ-9,USR-93584,Task,Actually view pay executive.,Low,2026-03-05 07:58:45,2026-03-08 07:58:45,DONE,SPR-PRJ-7-13,8
WIN-7621,PRJ-5,USR-20589,Task,Federal voice resource home everybody stage.,High,2025-11-02 03:20:19,2025-11-11 03:20:19,DONE,SPR-PRJ-6-20,8
PROF-4793,PRJ-3,USR-18330,Bug,Least less probably home gun.,High,2025-11-11 03:07:08,2025-11-19 03:07:08,DONE,SPR-PRJ-4-12,3
CONF-9765,PRJ-9,USR-54942,Story,Instead realize so.,Medium,2026-03-09 03:50:59,2026-03-10 03:50:59,DONE,SPR-PRJ-3-18,1
ORGA-1528,PRJ-6,USR-96991,Story,Conference window standard they speak.,High,2026-05-19 16:32:59,2026-05-28 16:32:59,DONE,SPR-PRJ-6-7,1
WIN-3746,PRJ-5,USR-82305,Task,Teach beyond nearly after beautiful suffer.,High,2026-03-29 19:19:13,2026-03-30 19:19:13,DONE,SPR-PRJ-2-0,3
DEVE-3727,PRJ-0,USR-28818,Bug,North common recently American collection night knowledge entire.,Medium,2026-05-25 15:19:05,2026-06-05 15:19:05,DONE,SPR-PRJ-2-9,3
ORGA-7776,PRJ-6,USR-82305,Task,Shoulder collection environmental into.,Medium,2026-01-08 18:40:47,2026-01-13 18:40:47,DONE,SPR-PRJ-1-0,2
LIST-4078,PRJ-8,USR-27322,Task,May home eight now young.,High,2026-02-04 03:45:32,2026-02-09 03:45:32,DONE,SPR-PRJ-9-14,5
LIST-9814,PRJ-8,USR-84928,Story,Them significant have different success carry.,Medium,2025-11-30 05:43:47,2025-12-09 05:43:47,DONE,SPR-PRJ-6-10,3
CONF-9560,PRJ-9,USR-92306,Story,Among read common middle safe entire present.,High,2026-05-02 05:10:55,2026-05-11 05:10:55,DONE,SPR-PRJ-4-0,3
TERM-6655,PRJ-7,USR-37549,Bug,Fund may front those loss want company hospital.,High,2025-09-28 05:01:54,2025-10-12 05:01:54,DONE,SPR-PRJ-1-0,8
THES-9974,PRJ-1,USR-51245,Bug,Fly operation administration something ok.,High,2026-01-13 03:08:46,2026-01-17 03:08:46,DONE,SPR-PRJ-5-16,1
ANIM-3835,PRJ-2,USR-94696,Bug,Move energy interview fight suffer play say.,Low,2025-12-21 13:07:28,2025-12-27 13:07:28,DONE,SPR-PRJ-6-3,5
ANIM-2037,PRJ-2,USR-49251,Story,Lay what mission every lead.,Medium,2026-01-18 23:38:08,2026-01-20 23:38:08,DONE,SPR-PRJ-0-22,3
PROF-2373,PRJ-3,USR-18564,Task,Bank sell successful white goal indeed.,High,2026-02-27 19:44:38,2026-03-13 19:44:38,DONE,SPR-PRJ-0-13,1
DEVE-6034,PRJ-0,USR-86011,Bug,Support capital theory sense identify under.,High,2026-09-09 23:19:06,2026-09-20 23:19:06,DONE,SPR-PRJ-7-14,1
CONF-9995,PRJ-9,USR-42177,Task,Happy father really mind.,Medium,2026-09-12 00:04:49,2026-09-19 00:04:49,DONE,SPR-PRJ-7-21,5
THES-4010,PRJ-1,USR-19602,Task,Second number voice chance little receive officer.,Low,2026-08-10 01:11:49,2026-08-24 01:11:49,DONE,SPR-PRJ-9-15,8
ORGA-6026,PRJ-6,USR-82910,Bug,Since final American.,High,2025-11-08 16:19:38,2025-11-09 16:19:38,DONE,SPR-PRJ-4-11,1
CONF-2528,PRJ-9,USR-77621,Bug,His face door in think almost tonight.,Low,2026-03-22 10:36:20,2026-03-31 10:36:20,DONE,SPR-PRJ-6-18,2
ORGA-9774,PRJ-6,USR-56179,Story,Know trip option early agree.,High,2025-12-24 11:12:27,2026-01-04 11:12:27,DONE,SPR-PRJ-0-21,5
CONF-7249,PRJ-9,USR-59941,Story,Program against identify red thought build.,Low,2026-04-02 13:24:34,2026-04-07 13:24:34,DONE,SPR-PRJ-5-7,8
WIN-4774,PRJ-5,USR-84395,Bug,Same inside thousand little.,Low,2025-11-18 15:20:07,2025-11-24 15:20:07,DONE,SPR-PRJ-5-6,2
ANIM-3388,PRJ-2,USR-88554,Bug,Simply pass side laugh positive.,Medium,2026-05-08 03:04:53,2026-05-22 03:04:53,DONE,SPR-PRJ-2-20,8
LIST-8587,PRJ-8,USR-56346,Task,Design service put space another likely.,High,2026-03-13 07:26:17,2026-03-18 07:26:17,DONE,SPR-PRJ-3-13,2
LIST-1377,PRJ-8,USR-64805,Bug,Increase fight spend recent really than mean.,Low,2025-12-15 16:07:06,2025-12-22 16:07:06,DONE,SPR-PRJ-0-4,5
ANIM-3980,PRJ-2,USR-28818,Task,Agency such sometimes point summer such.,Medium,2026-04-01 23:42:58,2026-04-09 23:42:58,DONE,SPR-PRJ-2-19,5
DEVE-1381,PRJ-0,USR-84395,Bug,Number catch brother lay energy.,Low,2026-06-01 06:29:50,2026-06-11 06:29:50,DONE,SPR-PRJ-5-9,3
PROF-1577,PRJ-3,USR-22196,Bug,Institution record back ten radio kind imagine.,Medium,2026-08-25 13:45:19,2026-09-01 13:45:19,DONE,SPR-PRJ-8-14,2
LIST-8254,PRJ-8,USR-15965,Task,Stuff several I clear.,Low,2025-12-15 22:31:03,2025-12-25 22:31:03,DONE,SPR-PRJ-6-15,2
DEVE-7827,PRJ-0,USR-24089,Story,Listen want oil.,Low,2026-06-16 13:24:34,2026-06-17 13:24:34,DONE,SPR-PRJ-9-10,1
ORGA-1149,PRJ-6,USR-77251,Bug,Stuff bag yet staff us make no.,Medium,2025-12-04 19:44:48,2025-12-15 19:44:48,DONE,SPR-PRJ-8-0,5
PROF-9338,PRJ-3,USR-17665,Bug,Whole show significant do bed scene.,Low,2026-03-08 13:27:41,2026-03-13 13:27:41,DONE,SPR-PRJ-9-3,8
CONF-5748,PRJ-9,USR-88997,Story,Move state final.,Medium,2026-09-20 01:15:38,2026-09-28 01:15:38,DONE,SPR-PRJ-8-15,8
CHOI-8217,PRJ-4,USR-46046,Task,If factor air responsibility.,High,2026-01-06 20:57:57,2026-01-18 20:57:57,DONE,SPR-PRJ-4-8,5
ANIM-7452,PRJ-2,USR-37801,Task,Reach professor win beautiful side whatever few.,Low,2026-05-14 14:56:42,2026-05-27 14:56:42,DONE,SPR-PRJ-5-12,5
ORGA-3445,PRJ-6,USR-17894,Bug,Realize both grow not without last yes out.,Low,2026-06-02 09:50:06,2026-06-11 09:50:06,DONE,SPR-PRJ-7-1,2
LIST-1026,PRJ-8,USR-69609,Story,Future Mrs couple happy you most when even.,High,2025-10-21 15:02:08,2025-10-25 15:02:08,DONE,SPR-PRJ-3-23,2
WIN-7997,PRJ-5,USR-91857,Task,Score everyone skill speech recently situation really.,Medium,2026-05-02 23:49:00,2026-05-09 23:49:00,DONE,SPR-PRJ-6-19,5
CHOI-6307,PRJ-4,USR-60140,Task,Letter much increase maybe.,Low,2026-08-12 04:55:23,2026-08-17 04:55:23,DONE,SPR-PRJ-6-3,3
THES-4785,PRJ-1,USR-65461,Task,Plant west even develop box third.,Medium,2025-09-29 03:05:53,2025-10-05 03:05:53,DONE,SPR-PRJ-7-7,3
CONF-9004,PRJ-9,USR-69890,Task,Tell serve TV bill practice education sign TV.,High,2026-04-19 21:38:32,2026-04-30 21:38:32,DONE,SPR-PRJ-0-16,3
ORGA-8270,PRJ-6,USR-58623,Bug,Top pressure behavior ability.,Low,2026-06-09 13:40:20,2026-06-11 13:40:20,DONE,SPR-PRJ-8-10,8
WIN-4670,PRJ-5,USR-18564,Task,Boy approach out.,High,2026-03-20 05:54:32,2026-04-02 05:54:32,DONE,SPR-PRJ-3-19,5
TERM-9673,PRJ-7,USR-91689,Bug,Piece amount they data message much.,High,2025-11-26 13:49:05,2025-12-09 13:49:05,DONE,SPR-PRJ-0-12,8
DEVE-2806,PRJ-0,USR-14244,Story,Lawyer I more over.,High,2026-04-15 23:17:36,2026-04-28 23:17:36,DONE,SPR-PRJ-7-20,3
ANIM-3827,PRJ-2,USR-76562,Bug,Community thank fast federal money sell air.,Medium,2026-03-06 23:36:55,2026-03-19 23:36:55,DONE,SPR-PRJ-5-18,2
TERM-7251,PRJ-7,USR-32871,Bug,Leader might process.,Low,2026-08-23 07:48:05,2026-09-05 07:48:05,DONE,SPR-PRJ-2-17,5
LIST-1550,PRJ-8,USR-97062,Story,Contain positive place become industry able view.,Medium,2026-02-05 13:40:01,2026-02-14 13:40:01,DONE,SPR-PRJ-0-1,1
WIN-9634,PRJ-5,USR-60052,Task,Rest this his body.,High,2026-06-20 03:41:25,2026-06-26 03:41:25,DONE,SPR-PRJ-3-11,3
PROF-3527,PRJ-3,USR-37884,Task,Image car newspaper most subject drive build.,Medium,2026-08-03 13:50:46,2026-08-17 13:50:46,DONE,SPR-PRJ-2-20,5
ANIM-1787,PRJ-2,USR-49363,Task,Yes instead pull think.,Low,2025-10-19 00:40:22,2025-11-02 00:40:22,DONE,SPR-PRJ-8-11,3
CONF-3509,PRJ-9,USR-85821,Task,Despite sort high prepare politics.,Medium,2026-01-13 22:34:10,2026-01-21 22:34:10,DONE,SPR-PRJ-7-21,2
THES-6855,PRJ-1,USR-32103,Bug,Quite themselves tonight ball action second specific.,Low,2026-02-03 16:15:51,2026-02-07 16:15:51,DONE,SPR-PRJ-5-22,2
WIN-6243,PRJ-5,USR-30932,Story,Fear price hear imagine.,Medium,2026-06-09 09:45:24,2026-06-12 09:45:24,DONE,SPR-PRJ-4-10,3
TERM-9388,PRJ-7,USR-85392,Story,Bed unit whatever learn eat consumer travel now.,Medium,2025-10-04 04:08:44,2025-10-13 04:08:44,DONE,SPR-PRJ-6-12,1
CONF-2639,PRJ-9,USR-67711,Task,Economic heavy set a.,Medium,2026-03-03 06:36:08,2026-03-09 06:36:08,DONE,SPR-PRJ-0-17,2
CHOI-2572,PRJ-4,USR-12154,Story,Drug five such through final.,Medium,2026-09-18 14:10:33,2026-09-22 14:10:33,DONE,SPR-PRJ-7-4,1
ANIM-9519,PRJ-2,USR-42406,Bug,Develop shake eight senior record spring.,Low,2026-02-10 15:18:57,2026-02-16 15:18:57,DONE,SPR-PRJ-7-1,8
ORGA-6742,PRJ-6,USR-72781,Story,Single everything administration during hundred reduce.,Medium,2026-07-30 16:18:06,2026-07-31 16:18:06,DONE,SPR-PRJ-3-20,3
PROF-6012,PRJ-3,USR-41946,Bug,National budget them now your eat hard.,Medium,2026-08-19 08:10:56,2026-08-30 08:10:56,DONE,SPR-PRJ-5-6,1
ANIM-1043,PRJ-2,USR-71925,Bug,In yourself whether discuss although idea.,High,2026-06-30 14:12:15,2026-07-08 14:12:15,DONE,SPR-PRJ-4-7,2
WIN-8599,PRJ-5,USR-23875,Story,Simple wife imagine one can ok note machine.,High,2026-03-26 00:04:57,2026-03-28 00:04:57,DONE,SPR-PRJ-3-13,3
CONF-5306,PRJ-9,USR-20345,Bug,Care anything either painting.,Medium,2026-09-15 21:40:44,2026-09-27 21:40:44,DONE,SPR-PRJ-5-17,5
TERM-9199,PRJ-7,USR-62772,Story,Close improve people action.,Medium,2026-02-24 05:44:07,2026-03-01 05:44:07,DONE,SPR-PRJ-6-21,5
WIN-7129,PRJ-5,USR-20308,Task,Authority law use on computer throughout.,High,2026-03-07 21:22:04,2026-03-11 21:22:04,DONE,SPR-PRJ-9-4,2
LIST-1289,PRJ-8,USR-28140,Bug,World training way price child trip owner week.,Medium,2026-02-20 08:33:49,2026-02-28 08:33:49,DONE,SPR-PRJ-7-23,8
THES-7697,PRJ-1,USR-57265,Bug,Democratic seem same tend hundred.,Medium,2026-04-27 20:19:18,2026-05-08 20:19:18,DONE,SPR-PRJ-6-19,1
PROF-5947,PRJ-3,USR-80284,Task,Report late cost trouble its feeling east.,High,2026-04-14 21:04:10,2026-04-19 21:04:10,DONE,SPR-PRJ-4-6,8
CHOI-9072,PRJ-4,USR-97833,Bug,Any way space time.,High,2026-04-18 22:13:41,2026-04-23 22:13:41,DONE,SPR-PRJ-1-7,8
WIN-1683,PRJ-5,USR-16428,Task,Believe customer month couple share.,Medium,2026-08-08 17:42:44,2026-08-20 17:42:44,DONE,SPR-PRJ-8-4,5
PROF-7361,PRJ-3,USR-44737,Task,Yard I ahead to.,Low,2025-10-29 19:58:00,2025-11-09 19:58:00,DONE,SPR-PRJ-0-7,1
CHOI-1547,PRJ-4,USR-67595,Bug,Anyone without recognize upon chair.,High,2026-01-17 10:17:11,2026-01-26 10:17:11,DONE,SPR-PRJ-3-8,3
ANIM-2799,PRJ-2,USR-15683,Story,What figure present dinner.,Low,2026-05-24 13:22:48,2026-06-02 13:22:48,DONE,SPR-PRJ-8-5,8
PROF-6782,PRJ-3,USR-30181,Task,Room nor design brother daughter.,High,2025-10-10 01:42:40,2025-10-16 01:42:40,DONE,SPR-PRJ-9-9,3
DEVE-9012,PRJ-0,USR-78522,Bug,Many charge player myself car option music.,Low,2026-08-08 03:04:07,2026-08-12 03:04:07,DONE,SPR-PRJ-2-21,1
DEVE-2219,PRJ-0,USR-21188,Task,Strategy himself civil skill vote career.,Medium,2026-06-04 05:35:01,2026-06-07 05:35:01,DONE,SPR-PRJ-5-6,3
PROF-6138,PRJ-3,USR-73736,Bug,Forget wide power.,Medium,2026-09-14 19:45:52,2026-09-22 19:45:52,DONE,SPR-PRJ-8-4,1
PROF-1180,PRJ-3,USR-67711,Bug,Consumer front discussion now machine interview part.,Low,2025-10-18 13:25:09,2025-10-22 13:25:09,DONE,SPR-PRJ-8-13,3
ANIM-7387,PRJ-2,USR-30257,Task,Performance end town husband.,High,2026-08-03 19:21:01,2026-08-14 19:21:01,DONE,SPR-PRJ-4-10,2
THES-3318,PRJ-1,USR-59140,Bug,Vote still nation win staff power tax.,Medium,2026-09-17 10:59:11,2026-09-24 10:59:11,DONE,SPR-PRJ-6-5,1
PROF-3723,PRJ-3,USR-85156,Story,Capital above listen hair physical able past.,Medium,2026-03-02 04:46:35,2026-03-16 04:46:35,DONE,SPR-PRJ-1-16,5
CONF-3404,PRJ-9,USR-46512,Task,View issue four lose.,Medium,2026-03-04 19:36:56,2026-03-17 19:36:56,DONE,SPR-PRJ-8-2,3
CHOI-7185,PRJ-4,USR-10053,Story,Support according easy vote make.,Medium,2026-07-18 05:19:14,2026-07-29 05:19:14,DONE,SPR-PRJ-8-17,3
LIST-2598,PRJ-8,USR-83584,Bug,Fish who prevent lot.,Low,2025-11-12 18:22:32,2025-11-18 18:22:32,DONE,SPR-PRJ-0-21,2
DEVE-6539,PRJ-0,USR-94518,Bug,Sure best appear majority cultural college.,Low,2026-05-25 05:32:01,2026-06-03 05:32:01,DONE,SPR-PRJ-1-1,8
THES-9799,PRJ-1,USR-28202,Task,Artist industry serious seven conference and.,High,2026-04-07 17:12:26,2026-04-12 17:12:26,DONE,SPR-PRJ-4-1,2
LIST-4994,PRJ-8,USR-13804,Story,Street season on reveal opportunity middle.,High,2026-06-23 21:02:45,2026-06-25 21:02:45,DONE,SPR-PRJ-1-23,5
DEVE-4204,PRJ-0,USR-31581,Task,Least couple rule special system.,Medium,2025-12-11 01:28:56,2025-12-19 01:28:56,DONE,SPR-PRJ-9-16,5
TERM-8135,PRJ-7,USR-25906,Task,Suggest expert participant sister management.,Medium,2026-01-25 13:14:16,2026-01-28 13:14:16,DONE,SPR-PRJ-7-21,8
THES-7816,PRJ-1,USR-84177,Story,Seek movement tend simple firm assume.,High,2025-10-06 22:22:19,2025-10-11 22:22:19,DONE,SPR-PRJ-5-19,8
CHOI-2687,PRJ-4,USR-18330,Story,Reality like focus.,High,2026-09-05 14:31:53,2026-09-09 14:31:53,DONE,SPR-PRJ-9-10,2
ORGA-5205,PRJ-6,USR-88697,Story,Author likely alone try newspaper sit ground low.,Low,2026-07-25 20:54:19,2026-08-04 20:54:19,DONE,SPR-PRJ-0-21,5
PROF-1334,PRJ-3,USR-51904,Bug,Tell or bad goal.,High,2025-12-28 17:43:21,2026-01-07 17:43:21,DONE,SPR-PRJ-7-16,5
ANIM-6509,PRJ-2,USR-16863,Bug,Already sport next government ability.,Medium,2025-12-10 18:06:49,2025-12-21 18:06:49,DONE,SPR-PRJ-0-13,1
CONF-2635,PRJ-9,USR-76307,Bug,Score rock space fly strong end responsibility.,Medium,2026-02-08 10:59:28,2026-02-16 10:59:28,DONE,SPR-PRJ-0-2,5
PROF-2097,PRJ-3,USR-17852,Task,Protect eat project two another man.,Low,2026-05-25 10:01:26,2026-05-28 10:01:26,DONE,SPR-PRJ-8-7,3
ANIM-2852,PRJ-2,USR-62855,Story,Anything action early.,Low,2026-03-29 13:51:10,2026-04-10 13:51:10,DONE,SPR-PRJ-5-10,5
ANIM-4799,PRJ-2,USR-95841,Story,Response five find.,Low,2026-08-14 20:45:23,2026-08-28 20:45:23,DONE,SPR-PRJ-3-4,2
DEVE-7688,PRJ-0,USR-22245,Task,World yes eat type Republican.,High,2026-04-24 12:18:01,2026-05-02 12:18:01,DONE,SPR-PRJ-3-7,3
WIN-3000,PRJ-5,USR-33703,Story,Bank much race open.,Medium,2025-11-24 01:33:49,2025-11-25 01:33:49,DONE,SPR-PRJ-9-16,1
WIN-7023,PRJ-5,USR-72781,Bug,Short school always message.,Medium,2026-02-26 20:13:38,2026-03-08 20:13:38,DONE,SPR-PRJ-6-4,1
THES-9073,PRJ-1,USR-48058,Task,Never range everything will season process move.,Low,2026-09-17 10:39:32,2026-09-18 10:39:32,DONE,SPR-PRJ-2-1,1
DEVE-5971,PRJ-0,USR-26059,Bug,Hot church recently bed.,Medium,2025-10-01 19:06:18,2025-10-02 19:06:18,DONE,SPR-PRJ-3-12,1
LIST-6255,PRJ-8,USR-87993,Bug,Executive join outside term reveal garden.,Medium,2026-09-11 23:46:05,2026-09-13 23:46:05,DONE,SPR-PRJ-8-1,8
ORGA-1993,PRJ-6,USR-40784,Task,Customer usually painting life.,Medium,2026-03-08 02:41:16,2026-03-19 02:41:16,DONE,SPR-PRJ-8-23,8
THES-8740,PRJ-1,USR-19545,Story,Me medical apply.,High,2026-01-07 08:27:15,2026-01-12 08:27:15,DONE,SPR-PRJ-6-4,5
TERM-5325,PRJ-7,USR-61173,Story,Maintain measure who next yeah amount.,Medium,2026-07-22 11:09:38,2026-07-31 11:09:38,DONE,SPR-PRJ-2-23,8
TERM-4558,PRJ-7,USR-14117,Task,Without resource outside.,Medium,2025-12-01 06:42:26,2025-12-02 06:42:26,DONE,SPR-PRJ-9-3,3
TERM-6896,PRJ-7,USR-83874,Task,Must reveal realize though.,Medium,2026-05-23 20:32:47,2026-05-30 20:32:47,DONE,SPR-PRJ-8-20,1
CONF-8744,PRJ-9,USR-59968,Task,Bad current task certainly hope.,Medium,2026-01-14 12:53:26,2026-01-25 12:53:26,DONE,SPR-PRJ-7-22,3
LIST-8469,PRJ-8,USR-67640,Bug,Friend every full another.,High,2025-11-04 21:34:33,2025-11-09 21:34:33,DONE,SPR-PRJ-5-9,3
CONF-1170,PRJ-9,USR-61505,Bug,Drive probably born prevent allow yes.,Medium,2025-11-29 06:26:33,2025-12-08 06:26:33,DONE,SPR-PRJ-9-3,3
CONF-3981,PRJ-9,USR-33028,Bug,Chair finish over like.,Medium,2026-08-03 03:41:55,2026-08-05 03:41:55,DONE,SPR-PRJ-2-7,8
DEVE-8255,PRJ-0,USR-67711,Task,Local evening represent fast risk when arm.,Low,2025-09-29 16:25:37,2025-10-05 16:25:37,DONE,SPR-PRJ-4-23,1
ORGA-3364,PRJ-6,USR-47667,Bug,Truth time bag seek.,High,2026-04-21 12:01:51,2026-05-03 12:01:51,DONE,SPR-PRJ-8-14,5
TERM-4905,PRJ-7,USR-84668,Bug,Second statement occur role office instead.,Low,2026-01-17 07:19:40,2026-01-24 07:19:40,DONE,SPR-PRJ-1-20,2
ANIM-5709,PRJ-2,USR-44237,Bug,Sound young car imagine easy reflect office.,High,2026-07-31 19:19:31,2026-08-01 19:19:31,DONE,SPR-PRJ-8-9,2
CHOI-5586,PRJ-4,USR-33788,Bug,Guy wish case.,High,2026-09-20 08:39:44,2026-10-04 08:39:44,DONE,SPR-PRJ-9-1,5
DEVE-7534,PRJ-0,USR-84668,Story,Science feeling can main.,Medium,2026-02-23 05:38:53,2026-03-03 05:38:53,DONE,SPR-PRJ-5-17,5
THES-3237,PRJ-1,USR-86435,Bug,Accept trade might any up appear door.,High,2026-04-30 16:56:39,2026-05-01 16:56:39,DONE,SPR-PRJ-8-9,5
WIN-5706,PRJ-5,USR-78069,Task,Draw stop he can most political.,High,2026-02-27 20:11:06,2026-03-01 20:11:06,DONE,SPR-PRJ-1-5,8
ANIM-6932,PRJ-2,USR-51853,Story,Entire account nation building teacher only.,Low,2026-06-05 05:22:11,2026-06-18 05:22:11,DONE,SPR-PRJ-0-1,3
ANIM-6982,PRJ-2,USR-60140,Bug,Write around scientist police.,Medium,2026-05-15 00:19:44,2026-05-24 00:19:44,DONE,SPR-PRJ-5-15,5
ANIM-1688,PRJ-2,USR-77568,Story,Career part fund read should least.,High,2025-11-21 13:27:19,2025-11-23 13:27:19,DONE,SPR-PRJ-2-15,1
WIN-7574,PRJ-5,USR-62743,Bug,Level our discuss born power cost hotel.,Low,2026-02-18 01:18:41,2026-03-01 01:18:41,DONE,SPR-PRJ-1-9,8
ANIM-9509,PRJ-2,USR-53583,Bug,Respond involve card whom give spring manage far.,High,2025-10-16 04:49:19,2025-10-21 04:49:19,DONE,SPR-PRJ-8-13,2
ANIM-2853,PRJ-2,USR-39038,Task,Specific word opportunity case five.,Medium,2026-01-29 21:22:01,2026-02-03 21:22:01,DONE,SPR-PRJ-1-5,5
LIST-9299,PRJ-8,USR-59615,Task,While example experience forget message buy administration.,High,2026-07-14 03:10:58,2026-07-26 03:10:58,DONE,SPR-PRJ-0-10,2
ANIM-1347,PRJ-2,USR-80748,Bug,Responsibility organization girl go.,Low,2026-05-02 20:32:30,2026-05-15 20:32:30,DONE,SPR-PRJ-0-0,1
THES-7526,PRJ-1,USR-66244,Story,Though suddenly seven huge image.,Low,2025-12-18 01:06:57,2026-01-01 01:06:57,DONE,SPR-PRJ-7-10,1
ANIM-8642,PRJ-2,USR-80284,Story,Others rate change management.,Medium,2026-08-29 15:41:57,2026-09-01 15:41:57,DONE,SPR-PRJ-4-7,8
DEVE-4765,PRJ-0,USR-71348,Task,Fire imagine activity.,Low,2026-04-07 05:12:25,2026-04-20 05:12:25,DONE,SPR-PRJ-3-15,3
CONF-7102,PRJ-9,USR-76307,Story,Bill information cause my air action.,Low,2026-08-08 03:54:36,2026-08-17 03:54:36,DONE,SPR-PRJ-2-7,5
ORGA-1802,PRJ-6,USR-12560,Task,Serious top image capital.,Medium,2026-03-20 07:13:38,2026-03-30 07:13:38,DONE,SPR-PRJ-1-15,2
CHOI-9708,PRJ-4,USR-56438,Bug,Hand half audience western.,Low,2026-02-11 04:15:40,2026-02-19 04:15:40,DONE,SPR-PRJ-0-1,1
CONF-8082,PRJ-9,USR-44116,Task,Attack discover rise.,Low,2026-06-18 09:29:20,2026-06-21 09:29:20,DONE,SPR-PRJ-0-7,8
ANIM-1757,PRJ-2,USR-89276,Bug,Market behind institution get key artist.,Low,2025-10-31 23:29:40,2025-11-12 23:29:40,DONE,SPR-PRJ-3-18,2
DEVE-5401,PRJ-0,USR-85574,Task,Eight avoid early for.,Low,2025-11-16 00:58:22,2025-11-22 00:58:22,DONE,SPR-PRJ-5-9,2
WIN-6287,PRJ-5,USR-48254,Story,Enter report why rule half best speech.,Low,2026-03-17 17:58:15,2026-03-28 17:58:15,DONE,SPR-PRJ-4-17,1
TERM-6476,PRJ-7,USR-76317,Bug,On floor least of save serve usually.,High,2026-06-23 15:19:50,2026-07-06 15:19:50,DONE,SPR-PRJ-3-7,2
CONF-7750,PRJ-9,USR-80010,Bug,Mother itself season feel responsibility oil involve.,High,2026-06-01 10:27:10,2026-06-10 10:27:10,DONE,SPR-PRJ-9-20,8
CHOI-8697,PRJ-4,USR-55820,Bug,Network crime focus parent.,Medium,2026-02-24 18:42:24,2026-03-08 18:42:24,DONE,SPR-PRJ-8-10,5
PROF-6008,PRJ-3,USR-78765,Task,Provide least natural according rather any control drug.,Low,2026-01-07 10:16:54,2026-01-15 10:16:54,DONE,SPR-PRJ-5-12,5
TERM-2807,PRJ-7,USR-23446,Bug,Suggest soon become enter talk south beyond.,Medium,2026-07-13 17:10:01,2026-07-17 17:10:01,DONE,SPR-PRJ-9-12,8
CONF-1768,PRJ-9,USR-71261,Bug,Agent growth major describe.,Low,2025-12-08 01:04:57,2025-12-09 01:04:57,DONE,SPR-PRJ-6-20,3
ORGA-1828,PRJ-6,USR-21915,Bug,Real page look skill.,Medium,2026-08-23 04:32:17,2026-08-24 04:32:17,DONE,SPR-PRJ-6-9,1
PROF-8829,PRJ-3,USR-39552,Story,Not team eye always than.,Medium,2025-11-17 17:10:18,2025-11-24 17:10:18,DONE,SPR-PRJ-7-9,2
ANIM-1541,PRJ-2,USR-69441,Story,Focus several spring various.,High,2026-09-19 20:38:28,2026-09-29 20:38:28,DONE,SPR-PRJ-8-2,1
THES-6440,PRJ-1,USR-19880,Bug,Heavy teacher present election keep truth perform.,High,2026-09-09 20:15:44,2026-09-22 20:15:44,DONE,SPR-PRJ-4-21,2
WIN-7899,PRJ-5,USR-38221,Story,Difference movement full cell.,Low,2026-06-29 08:27:23,2026-07-01 08:27:23,DONE,SPR-PRJ-5-13,3
WIN-9642,PRJ-5,USR-63841,Task,Rather against behind read a.,High,2025-11-19 00:51:18,2025-11-22 00:51:18,DONE,SPR-PRJ-6-3,8
CONF-7836,PRJ-9,USR-84928,Task,Country seven compare everything catch which manager audience.,Medium,2026-03-10 08:20:21,2026-03-23 08:20:21,DONE,SPR-PRJ-9-23,1
ANIM-3722,PRJ-2,USR-82309,Bug,Change part son low star television foreign.,Medium,2026-05-14 11:30:28,2026-05-22 11:30:28,DONE,SPR-PRJ-7-18,2
PROF-3347,PRJ-3,USR-18330,Story,Camera home trip kind job ready.,Low,2026-01-09 07:49:16,2026-01-20 07:49:16,DONE,SPR-PRJ-0-14,5
CHOI-5933,PRJ-4,USR-55293,Story,Cut where buy about.,Low,2026-05-26 15:40:29,2026-06-07 15:40:29,DONE,SPR-PRJ-3-11,3
PROF-3047,PRJ-3,USR-69441,Story,Small world degree choice similar it.,Low,2026-08-16 05:02:25,2026-08-28 05:02:25,DONE,SPR-PRJ-7-23,1
CONF-4680,PRJ-9,USR-31299,Story,Trial manage level despite.,Low,2026-05-27 20:23:32,2026-06-06 20:23:32,DONE,SPR-PRJ-4-6,8
CONF-4001,PRJ-9,USR-15965,Story,Though media whether western I federal.,Low,2025-10-26 06:09:52,2025-11-03 06:09:52,DONE,SPR-PRJ-5-22,2
LIST-2615,PRJ-8,USR-48427,Task,Understand kitchen debate.,High,2026-03-31 15:41:45,2026-04-05 15:41:45,DONE,SPR-PRJ-3-15,2
ANIM-4768,PRJ-2,USR-75410,Story,Draw something friend.,High,2026-02-14 08:34:03,2026-02-19 08:34:03,DONE,SPR-PRJ-8-2,5
LIST-7132,PRJ-8,USR-95823,Story,Perhaps someone career explain.,High,2026-01-26 14:14:44,2026-01-30 14:14:44,DONE,SPR-PRJ-2-10,3
DEVE-3056,PRJ-0,USR-41499,Story,Policy social father.,High,2026-07-06 15:50:54,2026-07-14 15:50:54,DONE,SPR-PRJ-7-13,1
TERM-1887,PRJ-7,USR-49294,Task,Today establish push than.,Low,2025-10-17 19:05:59,2025-10-29 19:05:59,DONE,SPR-PRJ-0-13,3
CHOI-6585,PRJ-4,USR-26828,Bug,Media into inside he unit success.,Low,2026-03-29 18:01:41,2026-04-01 18:01:41,DONE,SPR-PRJ-3-23,3
LIST-1583,PRJ-8,USR-43681,Story,Add always religious course.,Low,2026-03-12 20:10:43,2026-03-14 20:10:43,DONE,SPR-PRJ-9-0,2
PROF-6080,PRJ-3,USR-83638,Story,Plant soldier want third somebody watch.,Low,2026-04-12 09:18:45,2026-04-24 09:18:45,DONE,SPR-PRJ-9-7,5
WIN-6864,PRJ-5,USR-64602,Task,Executive language fire magazine.,Medium,2026-07-07 01:11:29,2026-07-20 01:11:29,DONE,SPR-PRJ-2-11,2
CHOI-7710,PRJ-4,USR-10205,Task,Bit understand wonder recognize number.,High,2026-05-12 14:50:45,2026-05-24 14:50:45,DONE,SPR-PRJ-4-9,2
WIN-8087,PRJ-5,USR-87236,Story,Stuff remain success our back out relationship.,Medium,2026-04-03 02:04:10,2026-04-10 02:04:10,DONE,SPR-PRJ-0-18,3
WIN-7314,PRJ-5,USR-39041,Bug,Operation per fire.,Medium,2026-03-11 21:20:15,2026-03-21 21:20:15,DONE,SPR-PRJ-4-18,5
PROF-7921,PRJ-3,USR-98835,Story,Term others song.,Low,2026-01-26 17:53:16,2026-02-08 17:53:16,DONE,SPR-PRJ-6-7,1
DEVE-4547,PRJ-0,USR-99051,Bug,Statement simple job describe.,Low,2025-12-16 13:28:18,2025-12-25 13:28:18,DONE,SPR-PRJ-5-22,1
CHOI-7401,PRJ-4,USR-54444,Story,Wish either herself candidate church.,Low,2025-11-17 03:26:20,2025-11-26 03:26:20,DONE,SPR-PRJ-1-5,5
WIN-2451,PRJ-5,USR-54657,Task,Region they south avoid term bit pattern none.,Low,2026-04-27 19:18:22,2026-04-28 19:18:22,DONE,SPR-PRJ-3-17,1
ORGA-9786,PRJ-6,USR-20350,Story,Edge about available rate join.,Low,2026-02-05 18:50:30,2026-02-06 18:50:30,DONE,SPR-PRJ-0-3,5
DEVE-2839,PRJ-0,USR-82305,Task,Case cover option most.,Medium,2026-06-25 10:20:50,2026-06-28 10:20:50,DONE,SPR-PRJ-6-17,2
CHOI-1290,PRJ-4,USR-73736,Bug,Voice feel step upon claim.,Low,2026-09-17 11:25:12,2026-09-30 11:25:12,DONE,SPR-PRJ-0-7,8
TERM-9526,PRJ-7,USR-92991,Bug,Second receive ask message may center whole.,Medium,2026-02-28 09:50:25,2026-03-02 09:50:25,DONE,SPR-PRJ-6-20,3
PROF-7744,PRJ-3,USR-85456,Task,Moment national low form national summer attack.,Medium,2025-12-15 14:05:56,2025-12-20 14:05:56,DONE,SPR-PRJ-6-0,1
ORGA-8363,PRJ-6,USR-82641,Task,His baby rule.,Medium,2026-04-17 17:56:13,2026-04-19 17:56:13,DONE,SPR-PRJ-0-21,5
WIN-6987,PRJ-5,USR-11658,Story,Offer have fill section offer.,High,2026-06-25 00:03:29,2026-07-04 00:03:29,DONE,SPR-PRJ-0-12,5
DEVE-3206,PRJ-0,USR-76494,Task,Hot send foot into kitchen.,Medium,2026-04-23 07:26:33,2026-04-29 07:26:33,DONE,SPR-PRJ-8-2,2
TERM-4964,PRJ-7,USR-22704,Task,Simple hit third must wife task teach.,Medium,2026-01-09 13:30:41,2026-01-21 13:30:41,DONE,SPR-PRJ-5-22,5
CHOI-9970,PRJ-4,USR-54597,Story,Cut sound anything myself.,High,2026-03-18 16:40:46,2026-03-23 16:40:46,DONE,SPR-PRJ-7-2,1
WIN-1389,PRJ-5,USR-35995,Bug,Individual his car between.,High,2026-05-07 20:30:05,2026-05-16 20:30:05,DONE,SPR-PRJ-7-22,1
PROF-9126,PRJ-3,USR-25906,Bug,Too run range image everyone material.,Low,2026-01-30 06:24:55,2026-02-07 06:24:55,DONE,SPR-PRJ-1-10,3
DEVE-4312,PRJ-0,USR-55870,Story,Water follow seem grow management between whom.,Low,2026-09-21 21:23:07,2026-09-25 21:23:07,DONE,SPR-PRJ-8-5,1
CHOI-4660,PRJ-4,USR-67080,Bug,Issue accept appear model front skin increase.,High,2026-01-03 21:40:25,2026-01-04 21:40:25,DONE,SPR-PRJ-5-5,3
ORGA-6146,PRJ-6,USR-47363,Task,Fact arm author him.,High,2026-04-21 03:56:23,2026-04-30 03:56:23,DONE,SPR-PRJ-6-14,5
LIST-7186,PRJ-8,USR-89276,Task,Blood compare either few attention mention.,Medium,2026-01-04 03:09:25,2026-01-15 03:09:25,DONE,SPR-PRJ-4-7,1
DEVE-3124,PRJ-0,USR-97747,Story,Usually above soon street cut image move.,Medium,2026-05-22 11:49:07,2026-05-29 11:49:07,DONE,SPR-PRJ-7-22,5
THES-7045,PRJ-1,USR-94259,Task,Mention do five.,High,2026-03-11 07:50:04,2026-03-20 07:50:04,DONE,SPR-PRJ-9-1,2
ORGA-7595,PRJ-6,USR-58629,Story,Room laugh when.,High,2026-03-28 11:21:18,2026-04-01 11:21:18,DONE,SPR-PRJ-6-4,2
CHOI-8961,PRJ-4,USR-65872,Bug,Animal performance special environmental trouble.,Medium,2026-03-04 11:52:16,2026-03-17 11:52:16,DONE,SPR-PRJ-2-1,5
ORGA-6291,PRJ-6,USR-58237,Task,Article and really rule music save.,Medium,2026-04-14 01:44:41,2026-04-19 01:44:41,DONE,SPR-PRJ-1-15,1
LIST-3444,PRJ-8,USR-60181,Task,Work since everyone.,High,2025-12-22 16:45:14,2026-01-03 16:45:14,DONE,SPR-PRJ-0-18,2
CHOI-7012,PRJ-4,USR-50306,Story,Especially official on item at.,Low,2025-10-23 19:43:56,2025-10-24 19:43:56,DONE,SPR-PRJ-7-10,2
CHOI-2991,PRJ-4,USR-92998,Bug,Others test try time there career evening.,Medium,2026-05-20 20:28:56,2026-05-21 20:28:56,DONE,SPR-PRJ-4-2,1
LIST-3033,PRJ-8,USR-70036,Bug,Environmental decide home establish actually fish amount.,High,2025-11-25 07:48:42,2025-12-07 07:48:42,DONE,SPR-PRJ-3-8,5
CHOI-8965,PRJ-4,USR-92998,Story,Send help reality federal meeting worker.,Medium,2025-12-15 10:30:18,2025-12-17 10:30:18,DONE,SPR-PRJ-0-11,2
PROF-2142,PRJ-3,USR-27961,Bug,Marriage police development economy affect front.,Low,2026-05-07 12:10:34,2026-05-09 12:10:34,DONE,SPR-PRJ-3-7,1
PROF-3565,PRJ-3,USR-81228,Bug,Seven and price it collection pay establish practice.,Low,2026-08-14 16:12:43,2026-08-15 16:12:43,DONE,SPR-PRJ-3-7,3
ORGA-1022,PRJ-6,USR-58929,Story,Soon wide government.,Medium,2026-08-07 01:06:31,2026-08-15 01:06:31,DONE,SPR-PRJ-1-1,3
PROF-2133,PRJ-3,USR-49139,Task,Window cause minute particular that light such child.,Medium,2026-04-20 23:12:07,2026-04-25 23:12:07,DONE,SPR-PRJ-3-8,5
CONF-5403,PRJ-9,USR-54791,Task,Nor key least experience.,High,2025-12-24 06:12:44,2025-12-28 06:12:44,DONE,SPR-PRJ-2-6,5
CONF-9605,PRJ-9,USR-15100,Story,Guy half we prevent at tonight scene.,High,2026-03-15 14:13:45,2026-03-25 14:13:45,DONE,SPR-PRJ-1-3,2
ANIM-7627,PRJ-2,USR-65302,Task,Return cut may senior can paper skill.,High,2026-09-15 00:04:37,2026-09-19 00:04:37,DONE,SPR-PRJ-1-18,5
LIST-1745,PRJ-8,USR-69898,Task,Recent south everybody number city position.,High,2026-04-16 21:50:02,2026-04-18 21:50:02,DONE,SPR-PRJ-7-7,1
ORGA-6444,PRJ-6,USR-46500,Story,Wife investment say guess.,Medium,2025-12-21 07:36:44,2025-12-25 07:36:44,DONE,SPR-PRJ-4-5,1
CHOI-8222,PRJ-4,USR-67963,Task,Respond series close information lose up.,Low,2026-04-28 00:44:42,2026-05-03 00:44:42,DONE,SPR-PRJ-9-8,8
LIST-5450,PRJ-8,USR-79514,Task,Support kitchen record himself.,High,2025-12-17 10:26:29,2025-12-28 10:26:29,DONE,SPR-PRJ-2-15,5
TERM-1064,PRJ-7,USR-70981,Story,Degree whom trip beat begin speech type sometimes.,Low,2025-12-06 13:31:17,2025-12-14 13:31:17,DONE,SPR-PRJ-3-8,8
DEVE-8276,PRJ-0,USR-83638,Story,Must change single though statement start none.,Medium,2025-11-01 01:00:14,2025-11-03 01:00:14,DONE,SPR-PRJ-6-2,5
DEVE-3788,PRJ-0,USR-97747,Task,Nature structure value until dog least certain president.,High,2026-03-06 20:49:21,2026-03-19 20:49:21,DONE,SPR-PRJ-3-19,3
PROF-4807,PRJ-3,USR-48684,Task,Person watch agree charge commercial likely still.,Low,2025-11-12 04:41:05,2025-11-22 04:41:05,DONE,SPR-PRJ-7-18,5
PROF-2784,PRJ-3,USR-93320,Story,Remain someone without.,Low,2025-10-18 22:45:58,2025-10-22 22:45:58,DONE,SPR-PRJ-3-20,2
CONF-3950,PRJ-9,USR-44803,Task,Their research physical large provide.,High,2026-01-27 19:45:33,2026-02-08 19:45:33,DONE,SPR-PRJ-4-2,1
PROF-2700,PRJ-3,USR-76494,Bug,Special worker ok reflect audience.,Medium,2026-04-29 09:51:42,2026-05-12 09:51:42,DONE,SPR-PRJ-4-13,2
ANIM-4212,PRJ-2,USR-84000,Task,Inside finish dark modern writer these.,Low,2026-07-31 04:18:52,2026-08-07 04:18:52,DONE,SPR-PRJ-9-3,3
TERM-7357,PRJ-7,USR-14117,Task,Person always laugh decision method good ask.,Low,2026-04-26 11:33:16,2026-04-28 11:33:16,DONE,SPR-PRJ-9-20,2
TERM-7398,PRJ-7,USR-45838,Story,Around ok hard would several phone cold step.,Medium,2026-04-06 20:32:51,2026-04-12 20:32:51,DONE,SPR-PRJ-5-23,1
CONF-3052,PRJ-9,USR-17665,Task,Enjoy memory in modern technology where rate.,High,2025-12-17 13:20:22,2025-12-23 13:20:22,DONE,SPR-PRJ-0-6,5
CHOI-7441,PRJ-4,USR-33652,Bug,Character order race Congress.,Low,2026-02-28 18:14:51,2026-03-12 18:14:51,DONE,SPR-PRJ-6-8,5
WIN-6908,PRJ-5,USR-82260,Story,Agreement sure scene natural southern between up positive.,Low,2026-05-30 05:59:33,2026-06-11 05:59:33,DONE,SPR-PRJ-2-12,3
THES-9863,PRJ-1,USR-90356,Bug,Poor suggest six better short spring ago.,Low,2026-04-24 16:26:24,2026-04-27 16:26:24,DONE,SPR-PRJ-3-20,3
WIN-1390,PRJ-5,USR-45683,Story,According I resource sure other their another.,High,2026-08-14 08:07:46,2026-08-15 08:07:46,DONE,SPR-PRJ-7-2,1
WIN-7948,PRJ-5,USR-83619,Bug,Detail single operation century.,Medium,2026-05-12 14:16:20,2026-05-16 14:16:20,DONE,SPR-PRJ-5-23,3
THES-4784,PRJ-1,USR-68222,Bug,Throw difference town memory upon job field top.,Low,2026-04-29 20:01:18,2026-05-02 20:01:18,DONE,SPR-PRJ-6-23,2
DEVE-7633,PRJ-0,USR-43550,Story,Drug first inside.,High,2026-09-19 18:24:44,2026-09-20 18:24:44,DONE,SPR-PRJ-2-19,3
TERM-5014,PRJ-7,USR-18511,Task,Memory including million role different window full.,Medium,2026-02-01 07:22:07,2026-02-13 07:22:07,DONE,SPR-PRJ-4-11,1
LIST-9961,PRJ-8,USR-91070,Task,Actually main door big color south together.,High,2026-06-22 03:10:12,2026-07-05 03:10:12,DONE,SPR-PRJ-0-20,8
THES-4659,PRJ-1,USR-76768,Task,Follow future amount such.,Medium,2025-12-20 15:10:58,2026-01-02 15:10:58,DONE,SPR-PRJ-1-5,5
PROF-6191,PRJ-3,USR-88301,Story,Put allow camera behavior long page.,Medium,2026-01-28 13:46:45,2026-02-11 13:46:45,DONE,SPR-PRJ-4-22,5
PROF-2109,PRJ-3,USR-19545,Bug,Might represent exactly and happen.,High,2026-09-02 14:56:25,2026-09-08 14:56:25,DONE,SPR-PRJ-1-11,8
THES-3864,PRJ-1,USR-76162,Task,Decide will find final low anything turn.,Low,2026-04-12 16:14:56,2026-04-17 16:14:56,DONE,SPR-PRJ-6-10,8
WIN-4031,PRJ-5,USR-75799,Task,View within soldier surface.,Medium,2025-11-05 17:32:52,2025-11-10 17:32:52,DONE,SPR-PRJ-7-7,8
LIST-8127,PRJ-8,USR-24366,Story,Movie know food seek standard simply.,High,2025-12-13 00:47:34,2025-12-18 00:47:34,DONE,SPR-PRJ-8-8,2
DEVE-9515,PRJ-0,USR-16428,Task,Season old just their.,High,2026-05-18 15:42:47,2026-06-01 15:42:47,DONE,SPR-PRJ-3-13,3
DEVE-7367,PRJ-0,USR-75513,Task,Mrs them central police few sing environment.,Low,2026-05-24 22:25:31,2026-06-01 22:25:31,DONE,SPR-PRJ-9-21,8
THES-3489,PRJ-1,USR-45774,Task,Factor include list special agent seven discussion.,High,2026-03-11 12:58:15,2026-03-19 12:58:15,DONE,SPR-PRJ-1-19,1
PROF-3388,PRJ-3,USR-49529,Story,Rise interview fear against it visit.,Low,2026-07-23 20:03:21,2026-08-05 20:03:21,DONE,SPR-PRJ-0-1,2
CONF-9023,PRJ-9,USR-99838,Task,Look serve media decade budget old.,Low,2026-05-23 02:06:47,2026-05-27 02:06:47,DONE,SPR-PRJ-6-10,3
THES-3392,PRJ-1,USR-62994,Bug,Laugh true over reflect challenge keep.,High,2026-04-08 10:49:38,2026-04-10 10:49:38,DONE,SPR-PRJ-0-16,5
DEVE-4578,PRJ-0,USR-95717,Task,Hour nice sea represent carry stop former.,Medium,2025-11-06 12:43:42,2025-11-17 12:43:42,DONE,SPR-PRJ-4-22,5
LIST-5778,PRJ-8,USR-26334,Story,Politics you dinner company bed.,High,2026-02-16 23:47:07,2026-03-01 23:47:07,DONE,SPR-PRJ-0-3,8
DEVE-9325,PRJ-0,USR-74205,Story,Attention get school Mr on someone.,Low,2026-08-24 19:56:31,2026-08-29 19:56:31,DONE,SPR-PRJ-6-19,8
ANIM-2812,PRJ-2,USR-67640,Bug,Travel feel some suggest remember home road.,Low,2025-10-06 06:27:52,2025-10-15 06:27:52,DONE,SPR-PRJ-2-3,1
WIN-5761,PRJ-5,USR-70332,Story,Occur name practice TV main scientist type particular.,Medium,2026-02-08 02:13:53,2026-02-11 02:13:53,DONE,SPR-PRJ-0-1,1
CHOI-3256,PRJ-4,USR-93560,Bug,Kind from way today.,High,2026-03-10 21:31:39,2026-03-17 21:31:39,DONE,SPR-PRJ-7-6,2
PROF-7480,PRJ-3,USR-50499,Bug,Professor identify necessary population wall through between.,Low,2025-10-26 20:03:20,2025-11-01 20:03:20,DONE,SPR-PRJ-3-18,3
DEVE-6954,PRJ-0,USR-64460,Story,Study property hit threat relate.,Low,2026-07-29 21:18:48,2026-08-03 21:18:48,DONE,SPR-PRJ-7-8,8
ORGA-3833,PRJ-6,USR-38221,Story,Data main last ago you option rest.,Medium,2026-01-04 01:12:50,2026-01-05 01:12:50,DONE,SPR-PRJ-4-19,2
ANIM-9666,PRJ-2,USR-51853,Story,If professor young wife side agreement charge.,Low,2025-11-14 15:39:51,2025-11-19 15:39:51,DONE,SPR-PRJ-7-6,2
WIN-4353,PRJ-5,USR-27892,Bug,Wide see offer position his standard.,High,2026-08-24 03:12:35,2026-09-07 03:12:35,DONE,SPR-PRJ-5-23,1
ORGA-4622,PRJ-6,USR-69446,Task,Three indeed laugh but second wrong including.,Low,2025-11-11 05:38:36,2025-11-18 05:38:36,DONE,SPR-PRJ-8-22,8
PROF-1023,PRJ-3,USR-26059,Task,Cause finish hour.,High,2025-10-27 05:43:14,2025-10-28 05:43:14,DONE,SPR-PRJ-4-3,1
TERM-1070,PRJ-7,USR-38569,Task,Community wear allow soldier study.,Low,2025-12-29 08:48:13,2026-01-04 08:48:13,DONE,SPR-PRJ-5-21,1
ORGA-5904,PRJ-6,USR-10150,Bug,Environmental open always tonight decade.,High,2025-11-17 20:41:44,2025-11-26 20:41:44,DONE,SPR-PRJ-0-0,8
WIN-1297,PRJ-5,USR-77552,Task,Network through major pay administration listen.,Low,2026-03-15 22:54:49,2026-03-25 22:54:49,DONE,SPR-PRJ-7-12,5
THES-6405,PRJ-1,USR-50135,Task,Authority change fight sport build family pattern deep.,High,2026-03-21 15:11:41,2026-04-02 15:11:41,DONE,SPR-PRJ-2-14,2
WIN-9244,PRJ-5,USR-39824,Task,Artist fight house guess think cell.,Low,2026-07-25 15:58:59,2026-08-02 15:58:59,DONE,SPR-PRJ-6-18,3
CHOI-9141,PRJ-4,USR-54444,Task,Spend body himself majority campaign design.,Low,2026-08-07 03:32:54,2026-08-21 03:32:54,DONE,SPR-PRJ-7-5,2
THES-2897,PRJ-1,USR-16658,Task,Site ground toward high partner friend old citizen.,Medium,2026-05-05 09:36:33,2026-05-14 09:36:33,DONE,SPR-PRJ-7-7,5
LIST-9819,PRJ-8,USR-47196,Story,Rate heart thing speech fear and describe.,Medium,2025-12-06 22:02:40,2025-12-11 22:02:40,DONE,SPR-PRJ-5-16,8
WIN-9743,PRJ-5,USR-95181,Bug,Follow win sea free as reveal decade.,Low,2026-08-26 07:09:39,2026-09-03 07:09:39,DONE,SPR-PRJ-1-6,8
ANIM-4607,PRJ-2,USR-68743,Bug,Single understand eight near loss.,Medium,2026-07-27 13:56:46,2026-08-07 13:56:46,DONE,SPR-PRJ-7-19,3
WIN-7664,PRJ-5,USR-85341,Bug,Treat director a light drop do education.,Low,2025-12-06 02:06:01,2025-12-20 02:06:01,DONE,SPR-PRJ-0-22,1
LIST-4661,PRJ-8,USR-39102,Task,Her school base rather factor.,Medium,2026-02-14 05:41:14,2026-02-21 05:41:14,DONE,SPR-PRJ-1-12,5
DEVE-6843,PRJ-0,USR-51505,Story,Chance behavior end sit leader.,High,2026-08-15 02:11:59,2026-08-21 02:11:59,DONE,SPR-PRJ-7-0,2
ORGA-9547,PRJ-6,USR-48469,Story,Operation first as themselves account add focus.,Low,2026-04-15 18:25:15,2026-04-19 18:25:15,DONE,SPR-PRJ-2-21,5
LIST-9457,PRJ-8,USR-72277,Story,Many itself believe create recognize source.,Low,2025-12-30 16:01:38,2026-01-07 16:01:38,DONE,SPR-PRJ-2-23,5
CONF-8850,PRJ-9,USR-75410,Bug,Art rich movie.,High,2026-04-09 22:30:57,2026-04-17 22:30:57,DONE,SPR-PRJ-1-2,3
PROF-9533,PRJ-3,USR-40775,Bug,Find old foot voice.,Low,2025-12-30 09:57:19,2026-01-05 09:57:19,DONE,SPR-PRJ-9-9,2
LIST-9390,PRJ-8,USR-24322,Bug,Item movement color billion son.,Medium,2026-01-02 02:50:40,2026-01-15 02:50:40,DONE,SPR-PRJ-2-12,8
DEVE-1140,PRJ-0,USR-25906,Task,Back lay animal provide piece floor feeling.,Low,2026-04-03 15:51:50,2026-04-08 15:51:50,DONE,SPR-PRJ-6-13,8
CHOI-6122,PRJ-4,USR-98895,Bug,Stuff image nature study central into official.,Medium,2026-02-02 09:08:20,2026-02-16 09:08:20,DONE,SPR-PRJ-8-12,3
ORGA-3791,PRJ-6,USR-87993,Bug,Under return head enjoy religious.,Medium,2025-12-12 19:51:27,2025-12-17 19:51:27,DONE,SPR-PRJ-6-23,2
THES-7406,PRJ-1,USR-59377,Task,Identify apply crime.,High,2025-12-12 03:34:39,2025-12-18 03:34:39,DONE,SPR-PRJ-6-4,8
CONF-1887,PRJ-9,USR-60779,Bug,It friend positive wall travel affect for.,Medium,2025-12-07 19:35:30,2025-12-13 19:35:30,DONE,SPR-PRJ-5-9,3
TERM-6404,PRJ-7,USR-53583,Bug,Collection scientist benefit small.,High,2026-08-15 16:01:47,2026-08-22 16:01:47,DONE,SPR-PRJ-5-2,8
DEVE-9008,PRJ-0,USR-65108,Story,Important already fire eight school not.,Medium,2025-10-07 13:37:08,2025-10-18 13:37:08,DONE,SPR-PRJ-7-3,1
THES-4167,PRJ-1,USR-98895,Bug,Work I throughout day.,High,2025-10-04 09:02:52,2025-10-12 09:02:52,DONE,SPR-PRJ-5-10,8
ANIM-4125,PRJ-2,USR-47512,Task,Cell career carry also yard discussion with.,Medium,2026-07-11 10:08:33,2026-07-12 10:08:33,DONE,SPR-PRJ-2-12,2
WIN-3128,PRJ-5,USR-92210,Story,Professor another help pretty.,Low,2025-11-16 15:21:22,2025-11-19 15:21:22,DONE,SPR-PRJ-2-9,1
PROF-3598,PRJ-3,USR-52143,Bug,Serious sure box debate move decide office court.,Low,2025-11-03 02:11:44,2025-11-09 02:11:44,DONE,SPR-PRJ-8-15,1
CHOI-1878,PRJ-4,USR-18907,Story,Hair military western bring.,Medium,2026-06-03 04:33:27,2026-06-11 04:33:27,DONE,SPR-PRJ-5-4,1
DEVE-4981,PRJ-0,USR-17894,Task,During our friend teacher.,Low,2025-12-19 08:01:20,2025-12-27 08:01:20,DONE,SPR-PRJ-0-10,2
TERM-5120,PRJ-7,USR-86507,Task,Four describe control hundred significant.,Medium,2026-06-17 18:23:10,2026-06-30 18:23:10,DONE,SPR-PRJ-3-20,8
LIST-5084,PRJ-8,USR-19287,Bug,Kind soldier community on involve cover community approach.,High,2026-01-20 16:10:18,2026-01-28 16:10:18,DONE,SPR-PRJ-7-5,1
ORGA-2693,PRJ-6,USR-19666,Story,Week easy seek PM list toward start everybody.,Low,2026-08-07 15:04:03,2026-08-18 15:04:03,DONE,SPR-PRJ-2-12,1
ORGA-6778,PRJ-6,USR-22672,Task,Pm guess perform store green strong begin.,Medium,2026-05-07 10:25:10,2026-05-13 10:25:10,DONE,SPR-PRJ-3-10,3
ORGA-4477,PRJ-6,USR-13478,Task,Young word identify sport.,Medium,2026-06-21 07:02:44,2026-06-29 07:02:44,DONE,SPR-PRJ-8-4,8
PROF-3242,PRJ-3,USR-86483,Story,Environment shake hope citizen.,Low,2026-05-03 12:01:15,2026-05-15 12:01:15,DONE,SPR-PRJ-6-9,1
DEVE-9512,PRJ-0,USR-68183,Story,Their memory people indicate feel.,Medium,2026-07-29 19:26:10,2026-08-08 19:26:10,DONE,SPR-PRJ-4-0,2
ANIM-3452,PRJ-2,USR-87832,Task,Situation hard eat support recently city there.,Low,2026-01-08 11:59:13,2026-01-09 11:59:13,DONE,SPR-PRJ-4-6,1
DEVE-2099,PRJ-0,USR-46509,Story,Under hour rest project full.,High,2026-07-25 21:29:17,2026-07-26 21:29:17,DONE,SPR-PRJ-2-5,8
DEVE-8489,PRJ-0,USR-64602,Story,Recognize record imagine seven thing office thousand security.,High,2026-05-02 21:46:59,2026-05-09 21:46:59,DONE,SPR-PRJ-1-22,1
PROF-4788,PRJ-3,USR-51889,Story,Dark treat sense hold type.,Low,2025-11-25 19:21:49,2025-12-05 19:21:49,DONE,SPR-PRJ-1-16,8
THES-1040,PRJ-1,USR-40512,Task,Billion little church leader population.,High,2025-11-24 12:01:59,2025-11-27 12:01:59,DONE,SPR-PRJ-1-20,5
ANIM-9370,PRJ-2,USR-81228,Bug,Seat natural different even vote.,Medium,2026-03-08 10:22:07,2026-03-11 10:22:07,DONE,SPR-PRJ-4-20,1
WIN-9044,PRJ-5,USR-89316,Task,Nature matter investment protect ago size.,High,2026-01-16 06:34:11,2026-01-25 06:34:11,DONE,SPR-PRJ-9-22,2
ANIM-9495,PRJ-2,USR-71474,Story,Chair not opportunity door part threat national.,High,2026-02-26 16:52:23,2026-03-01 16:52:23,DONE,SPR-PRJ-4-11,8
ORGA-7866,PRJ-6,USR-77715,Story,Indeed great different watch.,Low,2026-06-09 05:18:49,2026-06-14 05:18:49,DONE,SPR-PRJ-5-5,5
DEVE-7989,PRJ-0,USR-38906,Task,Hour sit pretty reason.,High,2025-10-29 07:31:12,2025-11-10 07:31:12,DONE,SPR-PRJ-6-16,3
PROF-8422,PRJ-3,USR-51904,Task,Each market decade.,Medium,2025-10-31 06:53:18,2025-11-09 06:53:18,DONE,SPR-PRJ-9-15,8
CONF-5466,PRJ-9,USR-47667,Task,Arrive reality simple significant wall event.,High,2025-11-16 18:13:03,2025-11-23 18:13:03,DONE,SPR-PRJ-0-22,2
TERM-3509,PRJ-7,USR-71669,Bug,Sport where tough affect to hit.,High,2026-05-23 05:44:07,2026-06-05 05:44:07,DONE,SPR-PRJ-6-9,2
THES-7187,PRJ-1,USR-93320,Story,Debate capital business experience six option fear.,Medium,2026-01-11 19:11:20,2026-01-15 19:11:20,DONE,SPR-PRJ-9-5,5
DEVE-6483,PRJ-0,USR-85529,Bug,However follow everyone century official story.,Low,2026-07-24 06:23:56,2026-07-25 06:23:56,DONE,SPR-PRJ-8-11,2
ORGA-6007,PRJ-6,USR-19666,Bug,Successful fast seek day staff our.,Medium,2025-11-29 19:50:58,2025-12-10 19:50:58,DONE,SPR-PRJ-0-16,2
THES-3854,PRJ-1,USR-78522,Bug,Security one southern piece.,Low,2026-03-24 14:41:04,2026-03-30 14:41:04,DONE,SPR-PRJ-2-12,3
ORGA-1295,PRJ-6,USR-95180,Bug,Democrat star energy.,Low,2026-01-21 16:38:57,2026-02-01 16:38:57,DONE,SPR-PRJ-2-18,8
TERM-1019,PRJ-7,USR-12389,Bug,Year body politics reflect.,Medium,2026-08-21 16:51:21,2026-08-29 16:51:21,DONE,SPR-PRJ-9-7,1
TERM-2695,PRJ-7,USR-23173,Task,Note because improve writer agent.,High,2026-02-22 19:23:57,2026-02-27 19:23:57,DONE,SPR-PRJ-2-9,2
TERM-7214,PRJ-7,USR-43491,Task,Difference forget outside allow what blue glass.,Medium,2026-06-18 19:06:54,2026-06-20 19:06:54,DONE,SPR-PRJ-7-3,1
CONF-1008,PRJ-9,USR-24371,Story,Agree husband responsibility nothing evening one seven.,Medium,2026-07-24 07:17:54,2026-08-02 07:17:54,DONE,SPR-PRJ-7-20,3
ANIM-6701,PRJ-2,USR-16028,Story,Difficult evening evening live program.,Low,2025-10-28 12:53:30,2025-11-10 12:53:30,DONE,SPR-PRJ-9-22,2
DEVE-2341,PRJ-0,USR-83385,Bug,Prevent day rate move beyond animal nor.,Medium,2026-08-16 13:21:31,2026-08-22 13:21:31,DONE,SPR-PRJ-9-15,8
WIN-4769,PRJ-5,USR-88139,Bug,Become artist author its over.,Low,2026-08-02 12:59:28,2026-08-10 12:59:28,DONE,SPR-PRJ-7-23,3
ORGA-5225,PRJ-6,USR-82512,Task,Yes training before hundred.,High,2025-10-11 14:26:56,2025-10-18 14:26:56,DONE,SPR-PRJ-3-0,1
CHOI-1644,PRJ-4,USR-83989,Task,Pressure opportunity price sign answer find together claim.,High,2026-01-14 20:08:40,2026-01-18 20:08:40,DONE,SPR-PRJ-2-13,5
ORGA-8328,PRJ-6,USR-35430,Bug,Character no think.,Medium,2026-09-16 02:09:25,2026-09-29 02:09:25,DONE,SPR-PRJ-9-18,1
THES-8500,PRJ-1,USR-86622,Task,Understand identify name almost who then.,Low,2026-08-24 07:37:58,2026-08-29 07:37:58,DONE,SPR-PRJ-6-13,5
CHOI-1571,PRJ-4,USR-31299,Task,East certain western.,Low,2026-05-18 20:11:55,2026-05-25 20:11:55,DONE,SPR-PRJ-1-19,3
CHOI-5350,PRJ-4,USR-82910,Bug,Election time various few end.,Low,2026-07-22 21:17:12,2026-07-29 21:17:12,DONE,SPR-PRJ-2-5,2
ANIM-8231,PRJ-2,USR-41850,Story,Decide culture international receive.,High,2025-11-26 12:31:02,2025-12-08 12:31:02,DONE,SPR-PRJ-0-14,8
CHOI-7723,PRJ-4,USR-27224,Bug,Magazine voice option day.,Low,2026-05-04 13:41:14,2026-05-15 13:41:14,DONE,SPR-PRJ-7-18,3
PROF-6848,PRJ-3,USR-69638,Bug,Arrive food lose talk this so.,Low,2026-04-26 01:17:37,2026-04-30 01:17:37,DONE,SPR-PRJ-0-13,5
CHOI-9714,PRJ-4,USR-37653,Story,Theory site best radio unit.,High,2025-11-11 00:20:26,2025-11-22 00:20:26,DONE,SPR-PRJ-9-3,5
ANIM-1141,PRJ-2,USR-92213,Bug,You field less.,High,2026-08-10 05:16:11,2026-08-24 05:16:11,DONE,SPR-PRJ-6-3,8
CONF-3308,PRJ-9,USR-39102,Task,Claim usually new.,Medium,2026-08-29 20:08:05,2026-09-09 20:08:05,DONE,SPR-PRJ-2-17,8
CHOI-7333,PRJ-4,USR-65872,Story,Eye budget subject least.,Medium,2026-06-08 10:02:04,2026-06-10 10:02:04,DONE,SPR-PRJ-5-3,8
ORGA-2286,PRJ-6,USR-42951,Bug,First training value avoid upon.,High,2026-05-30 09:45:38,2026-06-12 09:45:38,DONE,SPR-PRJ-2-21,3
TERM-8010,PRJ-7,USR-73156,Bug,Live member make far investment painting.,Low,2025-12-18 17:34:14,2025-12-26 17:34:14,DONE,SPR-PRJ-6-6,8
CHOI-5567,PRJ-4,USR-45972,Task,Small bag truth material pass book worry.,Medium,2025-12-28 17:15:18,2025-12-30 17:15:18,DONE,SPR-PRJ-2-12,3
CONF-4490,PRJ-9,USR-34881,Story,Your college political budget exist answer report.,Low,2025-11-13 09:16:20,2025-11-19 09:16:20,DONE,SPR-PRJ-6-10,5
THES-4420,PRJ-1,USR-40735,Bug,Design anything others item product home.,Low,2025-10-28 23:07:11,2025-10-29 23:07:11,DONE,SPR-PRJ-1-4,2
TERM-4971,PRJ-7,USR-92998,Task,Education general cold follow serious market find.,Medium,2026-03-03 20:07:33,2026-03-05 20:07:33,DONE,SPR-PRJ-9-19,1
ANIM-3167,PRJ-2,USR-72739,Story,Catch guy main.,Medium,2025-10-26 02:37:07,2025-10-27 02:37:07,DONE,SPR-PRJ-7-0,5
DEVE-6178,PRJ-0,USR-40595,Story,Various level myself relate.,High,2026-08-07 00:57:31,2026-08-19 00:57:31,DONE,SPR-PRJ-1-9,5
DEVE-4492,PRJ-0,USR-88957,Story,Moment travel international page media word our.,Low,2026-01-12 02:49:13,2026-01-24 02:49:13,DONE,SPR-PRJ-8-0,5
ANIM-5657,PRJ-2,USR-33850,Task,Hard opportunity pick.,Medium,2025-10-19 14:59:12,2025-10-23 14:59:12,DONE,SPR-PRJ-9-4,1
PROF-9906,PRJ-3,USR-30253,Story,Item girl professional I hand sing.,Low,2026-07-07 15:32:57,2026-07-15 15:32:57,DONE,SPR-PRJ-5-18,1
CHOI-6680,PRJ-4,USR-50135,Bug,System contain point beat.,Medium,2026-01-20 00:16:35,2026-01-27 00:16:35,DONE,SPR-PRJ-2-11,3
THES-9566,PRJ-1,USR-92991,Bug,Identify set gun happen else them.,Low,2025-11-26 13:41:29,2025-12-05 13:41:29,DONE,SPR-PRJ-1-21,3
LIST-9852,PRJ-8,USR-51245,Task,Professional bar teacher.,Low,2026-03-30 23:33:25,2026-04-04 23:33:25,DONE,SPR-PRJ-4-3,8
ANIM-9795,PRJ-2,USR-15376,Bug,Born development would her possible.,Medium,2026-06-07 21:57:48,2026-06-15 21:57:48,DONE,SPR-PRJ-9-10,1
THES-4608,PRJ-1,USR-34486,Bug,End skin mention sing.,Low,2026-03-09 10:53:48,2026-03-18 10:53:48,DONE,SPR-PRJ-9-5,5
ANIM-1274,PRJ-2,USR-53652,Task,About point spend.,Low,2025-11-05 19:27:20,2025-11-12 19:27:20,DONE,SPR-PRJ-3-3,2
ANIM-8003,PRJ-2,USR-23875,Task,Outside public write sound beyond career cell.,High,2026-03-04 20:54:04,2026-03-12 20:54:04,DONE,SPR-PRJ-1-12,8
PROF-3450,PRJ-3,USR-70443,Task,Collection may born go society claim.,Low,2026-03-29 03:45:48,2026-04-02 03:45:48,DONE,SPR-PRJ-8-20,3
LIST-4728,PRJ-8,USR-73656,Bug,Need Congress new exist.,Medium,2025-12-25 00:57:15,2026-01-08 00:57:15,DONE,SPR-PRJ-9-6,3
ANIM-4160,PRJ-2,USR-93584,Task,Likely term moment group paper.,Medium,2026-04-23 03:26:01,2026-05-04 03:26:01,DONE,SPR-PRJ-7-14,1
WIN-9695,PRJ-5,USR-22903,Story,Allow event although seem environmental.,High,2026-05-16 05:30:19,2026-05-19 05:30:19,DONE,SPR-PRJ-8-6,5
ANIM-6642,PRJ-2,USR-40613,Story,Direction three big break.,Medium,2026-05-20 01:15:31,2026-06-01 01:15:31,DONE,SPR-PRJ-1-17,3
WIN-6533,PRJ-5,USR-71385,Bug,Project step watch fire five sister.,Low,2025-12-31 14:31:54,2026-01-13 14:31:54,DONE,SPR-PRJ-7-11,2
DEVE-5803,PRJ-0,USR-84177,Bug,Clearly poor option type.,Low,2026-03-18 00:06:35,2026-04-01 00:06:35,DONE,SPR-PRJ-0-17,3
TERM-4814,PRJ-7,USR-21221,Task,Eye policy very grow majority wonder.,Medium,2025-09-29 22:26:32,2025-10-09 22:26:32,DONE,SPR-PRJ-0-2,3
ORGA-9183,PRJ-6,USR-53025,Bug,Model ahead unit admit authority time bill.,High,2026-05-17 12:15:31,2026-05-27 12:15:31,DONE,SPR-PRJ-9-1,1
CONF-6411,PRJ-9,USR-71186,Bug,Drug baby four service skill member.,Medium,2026-01-16 16:37:44,2026-01-17 16:37:44,DONE,SPR-PRJ-0-2,5
CHOI-6124,PRJ-4,USR-92306,Task,Upon enjoy light improve.,High,2026-09-13 23:15:13,2026-09-20 23:15:13,DONE,SPR-PRJ-2-22,1
LIST-6292,PRJ-8,USR-18907,Bug,Run pick nearly compare political.,High,2026-03-22 07:54:16,2026-03-26 07:54:16,DONE,SPR-PRJ-9-4,2
THES-4953,PRJ-1,USR-84177,Story,Unit development history series marriage tree politics.,Medium,2026-06-15 18:28:33,2026-06-18 18:28:33,DONE,SPR-PRJ-5-19,2
CONF-1873,PRJ-9,USR-68115,Story,Let one break certainly develop.,High,2025-10-06 15:31:10,2025-10-15 15:31:10,DONE,SPR-PRJ-7-4,1
TERM-5590,PRJ-7,USR-63271,Task,Rise responsibility economy truth dream result other add.,Medium,2026-06-10 12:49:13,2026-06-11 12:49:13,DONE,SPR-PRJ-1-9,5
THES-6222,PRJ-1,USR-83608,Task,Need when trip six or fill.,Low,2026-08-09 05:06:32,2026-08-19 05:06:32,DONE,SPR-PRJ-3-22,5
WIN-9104,PRJ-5,USR-16743,Bug,Name everything office.,Medium,2026-07-22 06:49:00,2026-07-28 06:49:00,DONE,SPR-PRJ-0-6,3
ORGA-3195,PRJ-6,USR-80686,Task,Street owner involve.,High,2026-07-10 00:25:21,2026-07-15 00:25:21,DONE,SPR-PRJ-5-11,3
CONF-6652,PRJ-9,USR-42177,Story,Ready grow check.,Low,2026-06-01 14:15:12,2026-06-15 14:15:12,DONE,SPR-PRJ-7-1,3
LIST-9202,PRJ-8,USR-41571,Task,Investment help road home inside drive laugh.,Low,2026-05-20 23:36:13,2026-05-26 23:36:13,DONE,SPR-PRJ-1-0,1
THES-5904,PRJ-1,USR-69878,Task,Know amount human century increase unit.,Low,2026-01-11 03:03:49,2026-01-16 03:03:49,DONE,SPR-PRJ-3-9,2
ANIM-8759,PRJ-2,USR-89822,Task,Attorney onto necessary cause detail after exactly.,Medium,2026-03-08 09:30:05,2026-03-12 09:30:05,DONE,SPR-PRJ-0-6,8
DEVE-4089,PRJ-0,USR-67640,Story,Pattern claim party huge especially least.,High,2026-03-31 22:51:21,2026-04-12 22:51:21,DONE,SPR-PRJ-9-23,1
ANIM-4281,PRJ-2,USR-38683,Task,Teacher Congress sort speech mother push drive.,Low,2026-08-18 03:52:51,2026-09-01 03:52:51,DONE,SPR-PRJ-8-11,1
THES-1635,PRJ-1,USR-25096,Story,Company feeling above all bag.,Medium,2025-11-20 15:47:46,2025-11-28 15:47:46,DONE,SPR-PRJ-6-2,3
DEVE-5625,PRJ-0,USR-83608,Task,Film result garden walk.,High,2026-06-29 11:31:37,2026-07-02 11:31:37,DONE,SPR-PRJ-8-12,2
DEVE-2414,PRJ-0,USR-42493,Story,Blue movement firm example what up his street.,High,2026-02-28 15:41:57,2026-03-13 15:41:57,DONE,SPR-PRJ-3-5,2
TERM-2124,PRJ-7,USR-47601,Bug,Address everyone hard article you defense.,Low,2026-05-03 15:33:13,2026-05-10 15:33:13,DONE,SPR-PRJ-7-9,2
THES-4041,PRJ-1,USR-33652,Story,Per full outside grow.,High,2026-06-09 04:15:03,2026-06-22 04:15:03,DONE,SPR-PRJ-1-5,2
PROF-9232,PRJ-3,USR-37653,Story,Focus Mrs special moment.,Medium,2025-12-22 06:31:22,2026-01-01 06:31:22,DONE,SPR-PRJ-9-3,3
DEVE-9929,PRJ-0,USR-79514,Bug,Evidence treatment cause.,Medium,2025-12-23 20:54:42,2026-01-03 20:54:42,DONE,SPR-PRJ-4-9,3
CONF-2764,PRJ-9,USR-52622,Story,Contain think pay before citizen magazine.,Low,2026-03-14 22:21:21,2026-03-17 22:21:21,DONE,SPR-PRJ-0-17,2
PROF-2541,PRJ-3,USR-38683,Task,Catch capital few imagine must shoulder toward grow.,Low,2025-11-26 22:11:30,2025-12-03 22:11:30,DONE,SPR-PRJ-5-5,1
TERM-2393,PRJ-7,USR-52237,Bug,Compare image page little wrong above determine call.,Low,2025-12-29 10:55:31,2026-01-08 10:55:31,DONE,SPR-PRJ-0-23,8
DEVE-2835,PRJ-0,USR-85372,Story,Will building discover.,High,2026-02-11 19:28:14,2026-02-24 19:28:14,DONE,SPR-PRJ-9-11,2
ORGA-1455,PRJ-6,USR-64496,Bug,And mother visit group continue and believe.,Medium,2025-11-26 21:25:10,2025-12-09 21:25:10,DONE,SPR-PRJ-4-4,3
WIN-3514,PRJ-5,USR-97562,Task,Blood dream during.,High,2026-05-12 04:02:27,2026-05-16 04:02:27,DONE,SPR-PRJ-0-19,5
PROF-9150,PRJ-3,USR-28030,Story,Difficult page be artist around against remember possible.,High,2026-02-19 01:57:32,2026-03-02 01:57:32,DONE,SPR-PRJ-9-2,1
PROF-7211,PRJ-3,USR-94012,Task,Heavy contain future resource.,Medium,2026-03-13 01:39:00,2026-03-27 01:39:00,DONE,SPR-PRJ-4-22,1
CHOI-7596,PRJ-4,USR-14244,Task,Record ask science government outside.,Medium,2026-06-16 21:19:30,2026-06-27 21:19:30,DONE,SPR-PRJ-6-10,2
TERM-1971,PRJ-7,USR-71474,Bug,Often perform together dinner experience sister risk.,Medium,2025-09-27 21:59:22,2025-10-06 21:59:22,DONE,SPR-PRJ-8-17,1
DEVE-7895,PRJ-0,USR-86019,Task,Sea bar his physical.,High,2025-12-20 07:29:28,2026-01-03 07:29:28,DONE,SPR-PRJ-0-7,5
CHOI-9875,PRJ-4,USR-44237,Bug,Shoulder expect heavy kid explain each actually.,Low,2026-03-26 17:36:35,2026-03-29 17:36:35,DONE,SPR-PRJ-2-14,5
CONF-9075,PRJ-9,USR-27790,Task,Past war good question.,Low,2026-07-11 09:13:27,2026-07-25 09:13:27,DONE,SPR-PRJ-7-9,2
CHOI-6833,PRJ-4,USR-40982,Story,Turn prove wind into.,Low,2026-06-25 13:01:48,2026-07-08 13:01:48,DONE,SPR-PRJ-1-5,8
LIST-3704,PRJ-8,USR-30181,Task,Future general probably possible service at.,Low,2026-03-09 08:28:53,2026-03-18 08:28:53,DONE,SPR-PRJ-9-16,2
ORGA-4154,PRJ-6,USR-91205,Story,Civil beautiful record fly natural image avoid.,High,2025-10-07 06:06:30,2025-10-12 06:06:30,DONE,SPR-PRJ-7-9,2
ORGA-7899,PRJ-6,USR-43681,Task,Art car attorney box long natural until agency.,Low,2026-07-04 02:39:33,2026-07-12 02:39:33,DONE,SPR-PRJ-7-14,3
THES-3134,PRJ-1,USR-34931,Task,Plan daughter early character range but green.,Medium,2026-05-29 07:38:59,2026-06-04 07:38:59,DONE,SPR-PRJ-9-11,2
CHOI-6871,PRJ-4,USR-64460,Story,Than her player result.,High,2025-11-26 06:42:05,2025-12-08 06:42:05,DONE,SPR-PRJ-8-6,3
ANIM-9913,PRJ-2,USR-88997,Story,Happen determine marriage bar suffer paper court.,Low,2026-06-05 06:41:42,2026-06-12 06:41:42,DONE,SPR-PRJ-9-12,1
CHOI-7335,PRJ-4,USR-15817,Task,Voice each store.,High,2025-10-12 12:18:26,2025-10-14 12:18:26,DONE,SPR-PRJ-5-12,8
WIN-6567,PRJ-5,USR-91927,Task,Now Mrs traditional chance during.,Medium,2026-07-24 03:07:14,2026-07-27 03:07:14,DONE,SPR-PRJ-7-21,5
CHOI-4792,PRJ-4,USR-78712,Task,Debate employee general probably.,High,2026-06-24 18:18:44,2026-06-28 18:18:44,DONE,SPR-PRJ-3-2,3
WIN-6802,PRJ-5,USR-82384,Story,Here decade wife sense movement election.,High,2026-04-09 23:58:25,2026-04-13 23:58:25,DONE,SPR-PRJ-0-1,1
ANIM-3493,PRJ-2,USR-61505,Story,Cut raise include now think future decision.,Low,2026-04-05 14:30:00,2026-04-12 14:30:00,DONE,SPR-PRJ-8-12,8
THES-8291,PRJ-1,USR-97410,Task,Among better ever that.,Low,2026-04-18 09:11:20,2026-04-22 09:11:20,DONE,SPR-PRJ-5-16,3
TERM-1351,PRJ-7,USR-44795,Task,Sound clear into fall issue tend.,High,2026-08-09 07:00:34,2026-08-22 07:00:34,DONE,SPR-PRJ-7-15,8
WIN-1543,PRJ-5,USR-46585,Task,The hard south maintain year.,Low,2026-09-02 11:40:50,2026-09-15 11:40:50,DONE,SPR-PRJ-2-18,1
CHOI-5456,PRJ-4,USR-76494,Task,Determine space eat wear half hot.,Medium,2026-01-27 15:41:52,2026-01-28 15:41:52,DONE,SPR-PRJ-0-3,5
CONF-6494,PRJ-9,USR-57472,Story,Party within employee kid fall international.,Low,2026-07-15 18:22:11,2026-07-21 18:22:11,DONE,SPR-PRJ-2-17,3
WIN-5811,PRJ-5,USR-95929,Bug,Sport official remain store against.,Low,2025-11-29 22:04:36,2025-12-07 22:04:36,DONE,SPR-PRJ-8-23,3
DEVE-1196,PRJ-0,USR-62505,Bug,Catch accept including can nothing force move free.,Low,2026-03-03 22:41:55,2026-03-17 22:41:55,DONE,SPR-PRJ-0-17,5
CHOI-6225,PRJ-4,USR-42177,Bug,Stand approach instead call.,High,2025-11-08 15:01:40,2025-11-22 15:01:40,DONE,SPR-PRJ-4-8,2
CHOI-9427,PRJ-4,USR-17716,Bug,Represent conference war science reduce pass.,Low,2026-03-19 16:19:02,2026-04-02 16:19:02,DONE,SPR-PRJ-0-11,1
LIST-2694,PRJ-8,USR-89822,Task,Either theory term authority offer.,Low,2026-05-11 21:13:09,2026-05-22 21:13:09,DONE,SPR-PRJ-3-14,5
CHOI-5617,PRJ-4,USR-68341,Task,Than prevent too control skin fall.,High,2026-01-21 22:06:59,2026-02-01 22:06:59,DONE,SPR-PRJ-7-12,2
PROF-8919,PRJ-3,USR-16265,Task,Nearly tax various recognize role according treat.,Low,2026-04-06 14:09:53,2026-04-12 14:09:53,DONE,SPR-PRJ-9-4,5
THES-4409,PRJ-1,USR-17104,Task,Less theory health tell fact pretty learn.,Medium,2026-04-06 07:49:00,2026-04-11 07:49:00,DONE,SPR-PRJ-6-19,5
LIST-3128,PRJ-8,USR-16731,Story,Power morning behavior laugh quite.,Low,2025-12-15 00:53:05,2025-12-29 00:53:05,DONE,SPR-PRJ-4-23,1
THES-1033,PRJ-1,USR-48890,Story,Cover population thing really unit.,Medium,2025-11-21 21:25:58,2025-11-23 21:25:58,DONE,SPR-PRJ-0-19,3
THES-2688,PRJ-1,USR-34920,Story,First response house hundred role.,High,2026-06-25 07:35:51,2026-07-08 07:35:51,DONE,SPR-PRJ-6-3,5
CHOI-9019,PRJ-4,USR-62431,Bug,Culture picture provide support six space.,Low,2025-10-01 12:36:35,2025-10-10 12:36:35,DONE,SPR-PRJ-9-3,3
TERM-5790,PRJ-7,USR-98317,Bug,Above attack catch soldier charge.,Medium,2026-03-11 12:50:53,2026-03-19 12:50:53,DONE,SPR-PRJ-0-1,1
ANIM-6580,PRJ-2,USR-83638,Story,Through result military.,High,2026-08-12 01:56:26,2026-08-14 01:56:26,DONE,SPR-PRJ-8-0,8
ORGA-8914,PRJ-6,USR-94012,Bug,Call stage significant thank data.,Medium,2026-04-10 10:55:29,2026-04-21 10:55:29,DONE,SPR-PRJ-4-7,5
ORGA-6907,PRJ-6,USR-97062,Bug,Institution later office age so.,High,2026-07-16 07:06:45,2026-07-30 07:06:45,DONE,SPR-PRJ-6-2,3
ORGA-9677,PRJ-6,USR-71925,Bug,Painting material science beat deal across friend.,High,2025-11-30 13:54:41,2025-12-14 13:54:41,DONE,SPR-PRJ-0-3,2
DEVE-5029,PRJ-0,USR-48469,Bug,Paper experience itself trouble card.,Low,2026-06-16 22:50:43,2026-06-25 22:50:43,DONE,SPR-PRJ-8-0,5
PROF-3690,PRJ-3,USR-20077,Bug,True evidence resource appear term certainly.,High,2026-05-03 08:01:10,2026-05-13 08:01:10,DONE,SPR-PRJ-9-11,8
ORGA-9056,PRJ-6,USR-49132,Task,Shake behavior nor Democrat anyone president.,Low,2026-05-26 09:06:43,2026-05-29 09:06:43,DONE,SPR-PRJ-6-13,5
CHOI-6575,PRJ-4,USR-78522,Task,Back together factor.,Medium,2026-09-07 14:28:35,2026-09-14 14:28:35,DONE,SPR-PRJ-3-20,3
LIST-2686,PRJ-8,USR-91560,Task,General tonight resource thus politics must any.,Medium,2025-11-08 13:47:28,2025-11-18 13:47:28,DONE,SPR-PRJ-3-17,1
ANIM-3443,PRJ-2,USR-50327,Story,Officer serious same experience point article article.,Medium,2026-04-18 10:23:54,2026-04-28 10:23:54,DONE,SPR-PRJ-2-9,1
ANIM-7082,PRJ-2,USR-81810,Story,Give his meeting away.,Low,2025-12-29 22:35:53,2026-01-10 22:35:53,DONE,SPR-PRJ-8-2,1
ORGA-4720,PRJ-6,USR-57953,Task,Course plant billion middle describe financial.,High,2025-12-18 21:45:57,2025-12-29 21:45:57,DONE,SPR-PRJ-1-14,3
THES-3050,PRJ-1,USR-10221,Task,Media culture person activity two might.,Low,2026-01-29 03:04:49,2026-02-08 03:04:49,DONE,SPR-PRJ-6-7,1
ORGA-7687,PRJ-6,USR-44795,Story,Example body subject late energy before.,Medium,2026-01-28 08:50:02,2026-02-04 08:50:02,DONE,SPR-PRJ-2-11,2
WIN-7557,PRJ-5,USR-10688,Bug,Choice leg treatment.,High,2026-05-21 03:54:19,2026-05-29 03:54:19,DONE,SPR-PRJ-1-11,2
WIN-4406,PRJ-5,USR-16265,Story,Today money next reflect low bill.,Low,2025-11-05 20:23:18,2025-11-13 20:23:18,DONE,SPR-PRJ-8-19,1
PROF-5112,PRJ-3,USR-91678,Bug,Hand until interest sometimes.,Medium,2025-11-02 05:43:07,2025-11-03 05:43:07,DONE,SPR-PRJ-2-20,2
THES-9804,PRJ-1,USR-65108,Bug,Be number step history.,Medium,2026-03-10 00:05:35,2026-03-16 00:05:35,DONE,SPR-PRJ-4-6,1
LIST-1207,PRJ-8,USR-49132,Story,Save miss professional civil assume thank rest ten.,Low,2026-02-12 07:33:21,2026-02-21 07:33:21,DONE,SPR-PRJ-8-13,3
ORGA-7318,PRJ-6,USR-13492,Bug,Debate couple ground much open instead keep.,Low,2026-02-03 05:22:25,2026-02-10 05:22:25,DONE,SPR-PRJ-3-3,3
ANIM-2570,PRJ-2,USR-18109,Bug,Hard half dream easy prevent side meeting.,High,2025-11-24 04:43:53,2025-12-02 04:43:53,DONE,SPR-PRJ-6-14,2
PROF-3383,PRJ-3,USR-85574,Bug,Hold process behind town.,Low,2026-01-14 14:12:22,2026-01-21 14:12:22,DONE,SPR-PRJ-5-13,8
ANIM-9620,PRJ-2,USR-16895,Bug,Friend analysis race much environment interesting nature.,High,2026-06-25 23:16:40,2026-06-29 23:16:40,DONE,SPR-PRJ-6-10,5
LIST-4566,PRJ-8,USR-84928,Task,Above themselves dark charge middle.,High,2026-05-19 19:47:08,2026-05-23 19:47:08,DONE,SPR-PRJ-1-18,1
ORGA-6659,PRJ-6,USR-79163,Bug,Too left look his.,Low,2025-12-15 09:14:35,2025-12-27 09:14:35,DONE,SPR-PRJ-0-7,2
ORGA-9585,PRJ-6,USR-47601,Story,Specific develop first point specific report clearly.,Medium,2026-05-15 01:50:12,2026-05-26 01:50:12,DONE,SPR-PRJ-4-21,2
THES-5879,PRJ-1,USR-83889,Bug,Have feel blood draw sound level couple.,Medium,2025-11-14 19:27:28,2025-11-18 19:27:28,DONE,SPR-PRJ-1-12,8
THES-1015,PRJ-1,USR-39831,Task,Movement nor line.,High,2026-09-17 09:59:04,2026-10-01 09:59:04,DONE,SPR-PRJ-5-0,5
WIN-7560,PRJ-5,USR-74178,Task,Police she difference.,High,2026-09-06 01:12:50,2026-09-16 01:12:50,DONE,SPR-PRJ-7-5,5
CONF-6518,PRJ-9,USR-95181,Story,Wear soldier light turn.,Low,2026-08-28 21:44:29,2026-09-07 21:44:29,DONE,SPR-PRJ-3-17,3
WIN-4250,PRJ-5,USR-64460,Task,Building service fall five.,High,2026-07-17 10:25:30,2026-07-18 10:25:30,DONE,SPR-PRJ-0-13,2
PROF-7228,PRJ-3,USR-67640,Bug,Present TV cup sister article kind bar.,High,2026-06-23 05:03:15,2026-06-29 05:03:15,DONE,SPR-PRJ-7-20,5
ANIM-3785,PRJ-2,USR-12671,Bug,Still respond everything.,Medium,2025-10-25 09:12:13,2025-10-30 09:12:13,DONE,SPR-PRJ-6-0,2
ORGA-1083,PRJ-6,USR-51104,Story,Push major thousand who give.,Low,2025-12-11 02:16:58,2025-12-12 02:16:58,DONE,SPR-PRJ-3-5,8
DEVE-8247,PRJ-0,USR-70513,Story,Support reality language like serious strong situation.,Medium,2026-06-09 18:07:07,2026-06-14 18:07:07,DONE,SPR-PRJ-3-5,5
PROF-8684,PRJ-3,USR-91057,Bug,Various question old listen heavy report.,Medium,2026-09-12 18:22:05,2026-09-14 18:22:05,DONE,SPR-PRJ-5-3,5
CONF-4241,PRJ-9,USR-17104,Task,Sign I lay fast parent rich.,Low,2026-03-14 16:56:31,2026-03-25 16:56:31,DONE,SPR-PRJ-7-1,3
CHOI-6735,PRJ-4,USR-78327,Bug,Take crime single administration past happen claim.,Medium,2026-02-20 14:49:48,2026-02-27 14:49:48,DONE,SPR-PRJ-4-15,8
PROF-9840,PRJ-3,USR-93238,Story,War worry here Republican cultural.,Low,2026-08-13 00:26:27,2026-08-26 00:26:27,DONE,SPR-PRJ-8-9,3
WIN-7373,PRJ-5,USR-32349,Story,Customer reason camera because away election worker region.,Low,2026-03-24 04:16:42,2026-03-28 04:16:42,DONE,SPR-PRJ-4-17,8
CONF-9661,PRJ-9,USR-40162,Story,Gun expect public.,Medium,2026-03-24 02:03:24,2026-03-29 02:03:24,DONE,SPR-PRJ-2-14,3
LIST-6225,PRJ-8,USR-84341,Task,Several free small.,High,2026-03-09 14:11:51,2026-03-21 14:11:51,DONE,SPR-PRJ-3-10,1
CONF-7388,PRJ-9,USR-83608,Bug,Bar war also reduce.,High,2026-05-12 19:56:03,2026-05-17 19:56:03,DONE,SPR-PRJ-9-22,2
LIST-7646,PRJ-8,USR-11934,Story,However stock charge across.,High,2025-10-13 23:51:17,2025-10-24 23:51:17,DONE,SPR-PRJ-3-19,5
THES-1083,PRJ-1,USR-82667,Task,Care give occur.,Medium,2026-04-10 15:57:15,2026-04-17 15:57:15,DONE,SPR-PRJ-6-15,3
CONF-1960,PRJ-9,USR-12560,Task,Suddenly travel our tell truth.,Medium,2025-12-17 02:29:59,2025-12-25 02:29:59,DONE,SPR-PRJ-4-14,8
THES-4051,PRJ-1,USR-80236,Story,Five medical research group thus.,High,2025-12-14 22:03:14,2025-12-26 22:03:14,DONE,SPR-PRJ-6-3,5
ORGA-9236,PRJ-6,USR-79514,Bug,Blue now line before.,Low,2026-05-18 00:38:13,2026-05-29 00:38:13,DONE,SPR-PRJ-0-11,1
CONF-4630,PRJ-9,USR-87924,Bug,Drug to measure including plant table.,Medium,2026-01-02 21:17:07,2026-01-14 21:17:07,DONE,SPR-PRJ-7-15,5
WIN-6171,PRJ-5,USR-74752,Story,Speech age debate wall wear.,High,2026-06-17 13:45:39,2026-06-27 13:45:39,DONE,SPR-PRJ-3-14,5
DEVE-2123,PRJ-0,USR-53506,Task,Stage imagine half single.,Medium,2026-06-22 23:16:05,2026-06-24 23:16:05,DONE,SPR-PRJ-5-18,1
THES-5836,PRJ-1,USR-15683,Story,Hotel four teach or coach.,High,2025-11-21 02:30:00,2025-11-28 02:30:00,DONE,SPR-PRJ-6-16,3
CONF-2554,PRJ-9,USR-53506,Bug,Prove face always alone thing push center.,High,2026-07-03 19:36:12,2026-07-17 19:36:12,DONE,SPR-PRJ-9-21,8
LIST-8095,PRJ-8,USR-73699,Task,Professional beat project help admit beat.,High,2026-04-27 01:08:48,2026-05-06 01:08:48,DONE,SPR-PRJ-0-2,3
ANIM-6990,PRJ-2,USR-16632,Bug,She evidence station many boy west data.,High,2025-10-06 07:35:57,2025-10-16 07:35:57,DONE,SPR-PRJ-4-12,1
PROF-5578,PRJ-3,USR-76494,Story,Write floor inside pretty describe.,High,2025-10-19 02:33:02,2025-10-29 02:33:02,DONE,SPR-PRJ-9-7,3
TERM-2196,PRJ-7,USR-85341,Task,Speech become around reveal operation.,Low,2026-05-17 07:23:27,2026-05-26 07:23:27,DONE,SPR-PRJ-3-17,5
LIST-1113,PRJ-8,USR-30032,Bug,Open at kitchen box about wait table mother.,High,2026-04-19 08:46:28,2026-04-26 08:46:28,DONE,SPR-PRJ-8-9,2
DEVE-7362,PRJ-0,USR-44687,Story,Money word discover recognize.,Medium,2025-10-14 09:09:47,2025-10-20 09:09:47,DONE,SPR-PRJ-5-5,1
ORGA-1787,PRJ-6,USR-58629,Story,Friend thing outside conference.,High,2026-01-13 04:33:44,2026-01-24 04:33:44,DONE,SPR-PRJ-7-18,2
CONF-4631,PRJ-9,USR-21221,Task,Perform discover type.,Low,2026-06-19 04:34:25,2026-07-03 04:34:25,DONE,SPR-PRJ-7-22,8
DEVE-8031,PRJ-0,USR-62565,Task,Plan individual because show hour.,Low,2026-06-28 06:03:54,2026-07-04 06:03:54,DONE,SPR-PRJ-6-9,5
CONF-2727,PRJ-9,USR-72781,Bug,Mention specific cell.,Medium,2026-04-22 06:21:53,2026-05-03 06:21:53,DONE,SPR-PRJ-1-3,8
WIN-1505,PRJ-5,USR-23947,Story,Mind give worker set field learn.,High,2025-11-19 05:00:00,2025-12-03 05:00:00,DONE,SPR-PRJ-2-7,5
CHOI-2691,PRJ-4,USR-88269,Story,Shoulder suggest the treat detail.,Medium,2026-06-24 19:23:41,2026-06-29 19:23:41,DONE,SPR-PRJ-7-23,5
CONF-9184,PRJ-9,USR-62581,Bug,Already give nature deep.,High,2026-08-14 14:33:01,2026-08-19 14:33:01,DONE,SPR-PRJ-4-12,8
WIN-1488,PRJ-5,USR-52622,Bug,Across party market dark language.,Low,2026-07-26 18:55:40,2026-08-01 18:55:40,DONE,SPR-PRJ-8-20,8
TERM-5297,PRJ-7,USR-24996,Bug,Without behind once by final.,High,2026-04-10 15:11:50,2026-04-21 15:11:50,DONE,SPR-PRJ-6-14,8
TERM-5225,PRJ-7,USR-27786,Story,Paper listen impact tell positive serious.,Medium,2026-06-13 02:27:17,2026-06-16 02:27:17,DONE,SPR-PRJ-7-2,8
TERM-8062,PRJ-7,USR-80282,Bug,Speech interview real better manager huge.,Low,2025-11-06 06:59:54,2025-11-15 06:59:54,DONE,SPR-PRJ-3-1,5
CONF-6658,PRJ-9,USR-88385,Task,Probably my when important.,Medium,2026-09-10 16:30:39,2026-09-13 16:30:39,DONE,SPR-PRJ-5-14,5
ORGA-9499,PRJ-6,USR-54118,Story,Name town project agency rock however.,Low,2025-12-27 16:30:45,2026-01-03 16:30:45,DONE,SPR-PRJ-1-9,8
ORGA-7339,PRJ-6,USR-40775,Task,Least husband option contain.,Medium,2026-07-25 07:20:26,2026-07-26 07:20:26,DONE,SPR-PRJ-8-4,2
LIST-7767,PRJ-8,USR-86569,Task,Kitchen store method now reach language.,Medium,2026-03-13 19:59:51,2026-03-20 19:59:51,DONE,SPR-PRJ-1-16,5
ANIM-2030,PRJ-2,USR-91689,Task,Wear writer foot cost.,High,2026-02-28 04:09:29,2026-03-04 04:09:29,DONE,SPR-PRJ-0-22,2
PROF-6573,PRJ-3,USR-71474,Task,Put research whose a fact on space not.,High,2026-09-18 00:03:48,2026-09-19 00:03:48,DONE,SPR-PRJ-5-13,3
ORGA-2024,PRJ-6,USR-64548,Story,Food performance lose charge.,Medium,2025-11-07 04:41:04,2025-11-20 04:41:04,DONE,SPR-PRJ-1-14,1
WIN-4263,PRJ-5,USR-53054,Story,Structure herself agent stuff treatment hard score agency.,Low,2026-01-30 07:01:01,2026-02-04 07:01:01,DONE,SPR-PRJ-3-23,5
PROF-5721,PRJ-3,USR-49240,Story,Truth wait fact significant.,Low,2025-10-08 08:25:32,2025-10-20 08:25:32,DONE,SPR-PRJ-7-14,1
CONF-5437,PRJ-9,USR-84766,Story,Form necessary country attorney statement opportunity.,Low,2025-11-08 10:23:54,2025-11-10 10:23:54,DONE,SPR-PRJ-8-10,3
DEVE-9818,PRJ-0,USR-48680,Story,Test go behavior mouth bag box.,Medium,2026-08-28 02:34:10,2026-09-09 02:34:10,DONE,SPR-PRJ-9-16,2
CONF-9912,PRJ-9,USR-74251,Story,Investment argue prepare similar above owner energy.,High,2026-01-24 17:18:02,2026-01-26 17:18:02,DONE,SPR-PRJ-9-21,1
THES-4555,PRJ-1,USR-28964,Bug,Mission language structure man.,Low,2026-05-15 18:58:35,2026-05-24 18:58:35,DONE,SPR-PRJ-0-20,8
CONF-7272,PRJ-9,USR-31178,Task,Yeah phone politics similar operation adult big.,Medium,2026-06-02 07:12:35,2026-06-10 07:12:35,DONE,SPR-PRJ-5-12,8
WIN-9256,PRJ-5,USR-18993,Task,Future actually popular hot.,High,2026-09-02 15:04:29,2026-09-09 15:04:29,DONE,SPR-PRJ-2-6,3
PROF-9093,PRJ-3,USR-69087,Task,Management color senior.,Medium,2026-05-27 21:45:53,2026-06-08 21:45:53,DONE,SPR-PRJ-1-23,2
THES-2107,PRJ-1,USR-69609,Bug,Product over chance Congress dinner country.,Low,2025-10-05 21:04:00,2025-10-18 21:04:00,DONE,SPR-PRJ-1-23,8
CHOI-6511,PRJ-4,USR-91885,Bug,Start plant administration collection among.,High,2026-05-19 19:33:35,2026-05-28 19:33:35,DONE,SPR-PRJ-5-0,2
TERM-8129,PRJ-7,USR-98916,Story,Police after carry energy common his report.,Low,2026-07-27 20:07:55,2026-07-30 20:07:55,DONE,SPR-PRJ-5-18,8
LIST-8319,PRJ-8,USR-40828,Story,Reduce off guy light society.,Low,2025-11-19 21:39:36,2025-11-27 21:39:36,DONE,SPR-PRJ-3-8,2
WIN-4106,PRJ-5,USR-16839,Bug,Yes recently force this real.,High,2026-05-31 14:14:21,2026-06-07 14:14:21,DONE,SPR-PRJ-1-8,1
CHOI-5314,PRJ-4,USR-20345,Story,Figure watch which happen impact.,High,2026-08-06 06:37:47,2026-08-19 06:37:47,DONE,SPR-PRJ-4-3,1
CONF-7257,PRJ-9,USR-53213,Task,Eight result myself manage decade position education.,Medium,2026-07-25 16:59:47,2026-07-30 16:59:47,DONE,SPR-PRJ-9-22,2
TERM-2584,PRJ-7,USR-27790,Task,Effort right exactly pretty to.,High,2026-02-18 16:41:35,2026-02-22 16:41:35,DONE,SPR-PRJ-8-17,2
CONF-8080,PRJ-9,USR-37460,Story,Government them cup section environment cup.,High,2026-04-23 07:14:50,2026-05-06 07:14:50,DONE,SPR-PRJ-0-11,2
CHOI-9131,PRJ-4,USR-58629,Bug,Scientist director vote good natural investment civil.,Medium,2026-01-20 04:16:59,2026-02-03 04:16:59,DONE,SPR-PRJ-5-21,5
LIST-9299,PRJ-8,USR-42007,Bug,Democratic without stop military drive ahead production.,Medium,2026-03-07 17:03:43,2026-03-08 17:03:43,DONE,SPR-PRJ-7-13,2
CONF-5180,PRJ-9,USR-88238,Story,Half likely under too fact city this.,Low,2026-03-24 21:20:11,2026-03-27 21:20:11,DONE,SPR-PRJ-5-5,3
THES-3624,PRJ-1,USR-51553,Bug,Night prevent power feeling the rock you real.,Medium,2026-03-04 14:42:15,2026-03-09 14:42:15,DONE,SPR-PRJ-5-22,1
PROF-2927,PRJ-3,USR-15938,Bug,All agency right figure son guess result.,Low,2026-08-29 11:38:33,2026-09-02 11:38:33,DONE,SPR-PRJ-8-12,5
TERM-9132,PRJ-7,USR-80284,Story,Mother husband close state.,Medium,2026-05-16 09:05:45,2026-05-23 09:05:45,DONE,SPR-PRJ-4-9,3
TERM-7187,PRJ-7,USR-93507,Bug,Culture common worry page cultural animal level.,High,2025-10-16 19:42:47,2025-10-18 19:42:47,DONE,SPR-PRJ-9-5,2
THES-4482,PRJ-1,USR-57419,Bug,Trade suddenly opportunity especially small generation pick.,High,2025-12-24 05:27:21,2026-01-01 05:27:21,DONE,SPR-PRJ-5-22,3
PROF-4374,PRJ-3,USR-27139,Task,Drop understand as.,Low,2026-06-20 05:34:27,2026-07-03 05:34:27,DONE,SPR-PRJ-3-20,8
DEVE-7591,PRJ-0,USR-98117,Story,Next go great put ready player.,Medium,2025-11-19 10:36:36,2025-11-28 10:36:36,DONE,SPR-PRJ-3-18,2
CHOI-4368,PRJ-4,USR-53506,Bug,Age continue none find gas those.,Medium,2026-01-21 10:19:52,2026-01-31 10:19:52,DONE,SPR-PRJ-9-8,8
CHOI-8094,PRJ-4,USR-72245,Task,Others sign rather range station seek per.,High,2025-11-20 01:10:04,2025-11-22 01:10:04,DONE,SPR-PRJ-0-7,5
THES-8763,PRJ-1,USR-67080,Bug,Could something right beyond central prevent.,Low,2026-08-16 05:56:55,2026-08-28 05:56:55,DONE,SPR-PRJ-2-9,5
THES-7730,PRJ-1,USR-74340,Task,Ever than husband.,Low,2026-05-08 16:46:04,2026-05-22 16:46:04,DONE,SPR-PRJ-5-21,3
CONF-5042,PRJ-9,USR-85574,Story,Stage chance its put town south gas.,High,2025-12-07 16:09:12,2025-12-20 16:09:12,DONE,SPR-PRJ-9-2,5
CONF-9135,PRJ-9,USR-62098,Task,Model many more.,Low,2026-06-22 16:04:02,2026-06-30 16:04:02,DONE,SPR-PRJ-5-1,5
LIST-7965,PRJ-8,USR-41147,Task,Give garden bag place issue American.,High,2026-04-30 02:48:24,2026-05-08 02:48:24,DONE,SPR-PRJ-2-17,8
LIST-9919,PRJ-8,USR-41946,Task,Ball discussion behind live top fight stock fine.,High,2026-05-19 09:18:38,2026-05-23 09:18:38,DONE,SPR-PRJ-2-3,8
ORGA-2883,PRJ-6,USR-31417,Story,Read recognize under individual listen.,High,2026-06-19 16:52:47,2026-06-21 16:52:47,DONE,SPR-PRJ-2-9,8
DEVE-6043,PRJ-0,USR-15817,Task,Indeed customer kind history.,Medium,2026-04-26 03:49:12,2026-05-04 03:49:12,DONE,SPR-PRJ-6-14,2
DEVE-2425,PRJ-0,USR-83048,Task,Suffer property store hear.,High,2026-08-20 12:31:31,2026-09-02 12:31:31,DONE,SPR-PRJ-9-23,5
CONF-2467,PRJ-9,USR-41566,Story,Set either big send.,Low,2026-03-10 07:23:38,2026-03-21 07:23:38,DONE,SPR-PRJ-9-20,1
ORGA-8565,PRJ-6,USR-95461,Story,Election budget wish pretty hot add perform.,High,2025-10-08 03:01:48,2025-10-18 03:01:48,DONE,SPR-PRJ-7-4,5
TERM-3968,PRJ-7,USR-43550,Story,Number base strategy drive so dog.,High,2025-10-19 22:58:10,2025-10-25 22:58:10,DONE,SPR-PRJ-5-10,5
CHOI-6948,PRJ-4,USR-62772,Bug,From available seat wait financial allow form past.,Low,2026-05-25 03:36:37,2026-05-31 03:36:37,DONE,SPR-PRJ-3-20,5
TERM-1116,PRJ-7,USR-69473,Task,Central start trial region industry dinner sound.,Low,2026-05-14 03:53:46,2026-05-24 03:53:46,DONE,SPR-PRJ-1-0,5
DEVE-7946,PRJ-0,USR-92242,Bug,Exactly director simple turn most.,Low,2025-12-03 05:49:50,2025-12-12 05:49:50,DONE,SPR-PRJ-9-6,8
WIN-8770,PRJ-5,USR-75107,Task,Maybe sure bed factor charge.,Medium,2025-10-11 21:43:44,2025-10-25 21:43:44,DONE,SPR-PRJ-8-20,8
ORGA-5486,PRJ-6,USR-24371,Story,Part drug fear animal quickly need.,Medium,2025-11-22 08:54:37,2025-11-26 08:54:37,DONE,SPR-PRJ-1-14,5
WIN-7450,PRJ-5,USR-81582,Bug,Blood effort likely short kid.,Medium,2026-07-28 23:51:15,2026-08-06 23:51:15,DONE,SPR-PRJ-4-17,5
CHOI-8251,PRJ-4,USR-16734,Bug,Paper ask responsibility fall.,Low,2026-03-27 03:43:24,2026-03-31 03:43:24,DONE,SPR-PRJ-2-22,5
ANIM-5148,PRJ-2,USR-81810,Task,Pick create be surface data.,Medium,2025-10-06 09:25:04,2025-10-09 09:25:04,DONE,SPR-PRJ-6-9,1
CONF-7526,PRJ-9,USR-98895,Bug,Job past different somebody though.,Medium,2026-01-21 03:24:30,2026-01-27 03:24:30,DONE,SPR-PRJ-9-8,1
LIST-1533,PRJ-8,USR-83048,Story,Professor one low question.,Medium,2026-06-20 06:02:55,2026-06-24 06:02:55,DONE,SPR-PRJ-5-16,2
ORGA-4088,PRJ-6,USR-48890,Story,Administration chair once we very painting.,Medium,2025-11-07 14:17:24,2025-11-17 14:17:24,DONE,SPR-PRJ-4-1,3
DEVE-8777,PRJ-0,USR-71348,Task,Speak travel degree class born interview.,High,2026-02-25 08:32:05,2026-03-03 08:32:05,DONE,SPR-PRJ-0-0,5
DEVE-6148,PRJ-0,USR-15726,Story,Bar approach me direction peace church order east.,Medium,2026-06-20 02:37:19,2026-06-26 02:37:19,DONE,SPR-PRJ-5-12,2
PROF-5773,PRJ-3,USR-80702,Bug,Skin kind quickly itself.,Medium,2026-05-05 05:46:24,2026-05-10 05:46:24,DONE,SPR-PRJ-7-9,5
ANIM-8957,PRJ-2,USR-41186,Bug,Significant grow north radio.,Medium,2026-04-02 22:43:28,2026-04-07 22:43:28,DONE,SPR-PRJ-1-4,3
CONF-5647,PRJ-9,USR-65333,Story,Kind factor sure.,High,2026-04-04 05:16:23,2026-04-07 05:16:23,DONE,SPR-PRJ-6-16,5
THES-6372,PRJ-1,USR-13492,Bug,Subject ball tell argue ever anything speak concern.,Medium,2026-07-11 12:54:23,2026-07-21 12:54:23,DONE,SPR-PRJ-9-9,5
PROF-4867,PRJ-3,USR-25396,Story,Score minute night never alone defense.,Medium,2025-11-16 19:27:40,2025-11-21 19:27:40,DONE,SPR-PRJ-2-7,3
TERM-9652,PRJ-7,USR-87278,Story,They color first hundred seven another.,Medium,2026-01-25 05:29:56,2026-02-05 05:29:56,DONE,SPR-PRJ-8-1,2
DEVE-7610,PRJ-0,USR-82140,Task,Evening painting responsibility.,Medium,2026-06-05 20:13:59,2026-06-06 20:13:59,DONE,SPR-PRJ-5-3,1
THES-3620,PRJ-1,USR-45972,Bug,Impact ready quickly father attention.,Medium,2025-12-15 20:29:31,2025-12-17 20:29:31,DONE,SPR-PRJ-9-4,2
TERM-8564,PRJ-7,USR-88554,Bug,Drive interest measure and.,Low,2026-06-30 01:55:50,2026-07-05 01:55:50,DONE,SPR-PRJ-7-4,1
ORGA-9200,PRJ-6,USR-34881,Bug,Store professor land author the.,Low,2026-09-07 02:03:03,2026-09-20 02:03:03,DONE,SPR-PRJ-0-2,5
ORGA-6953,PRJ-6,USR-20345,Task,During exactly art nation.,Medium,2026-01-26 17:47:19,2026-01-27 17:47:19,DONE,SPR-PRJ-5-6,1
CHOI-8231,PRJ-4,USR-48680,Story,Able dog price college.,High,2025-11-27 23:26:22,2025-12-01 23:26:22,DONE,SPR-PRJ-2-17,8
WIN-5665,PRJ-5,USR-72739,Task,Community side science rate baby.,Medium,2026-08-02 03:13:16,2026-08-12 03:13:16,DONE,SPR-PRJ-1-9,5
DEVE-4098,PRJ-0,USR-26011,Bug,Mission rich PM develop subject down.,High,2026-07-16 02:39:54,2026-07-29 02:39:54,DONE,SPR-PRJ-7-1,5
WIN-9234,PRJ-5,USR-10772,Task,Possible reduce wrong scene.,High,2026-05-04 12:26:19,2026-05-13 12:26:19,DONE,SPR-PRJ-5-23,8
PROF-4050,PRJ-3,USR-62098,Bug,Letter member relationship.,Medium,2026-05-18 01:39:33,2026-05-25 01:39:33,DONE,SPR-PRJ-0-1,3
DEVE-3034,PRJ-0,USR-49363,Bug,Into contain amount government ball recognize between.,High,2026-06-05 15:01:57,2026-06-08 15:01:57,DONE,SPR-PRJ-6-11,8
PROF-4587,PRJ-3,USR-50173,Story,Tree lead its especially half some some.,High,2025-10-16 12:25:10,2025-10-22 12:25:10,DONE,SPR-PRJ-9-1,5
CONF-2922,PRJ-9,USR-51365,Story,Study fly Congress learn more ball body.,High,2026-06-14 15:58:43,2026-06-25 15:58:43,DONE,SPR-PRJ-4-22,2
CONF-6853,PRJ-9,USR-92478,Task,Send performance sometimes fight employee guy painting center.,High,2026-07-27 07:17:06,2026-07-28 07:17:06,DONE,SPR-PRJ-3-2,2
ANIM-1638,PRJ-2,USR-99381,Task,Full state outside law material door.,Low,2026-02-27 12:44:25,2026-03-02 12:44:25,DONE,SPR-PRJ-8-14,1
DEVE-4891,PRJ-0,USR-26059,Task,Read put matter seek.,Medium,2026-03-19 05:28:43,2026-03-28 05:28:43,DONE,SPR-PRJ-3-1,5
TERM-8324,PRJ-7,USR-53506,Bug,Drive great blood score share high.,Low,2026-08-21 16:38:22,2026-08-24 16:38:22,DONE,SPR-PRJ-2-21,3
LIST-2719,PRJ-8,USR-70852,Story,Name vote head manager learn crime.,Medium,2026-07-25 11:17:49,2026-07-28 11:17:49,DONE,SPR-PRJ-9-4,2
ANIM-6816,PRJ-2,USR-34920,Task,Local expert yeah coach cause reach until.,High,2026-08-21 13:00:16,2026-09-04 13:00:16,DONE,SPR-PRJ-3-20,3
LIST-9617,PRJ-8,USR-42951,Task,Project which few skin though.,Low,2026-07-19 16:04:44,2026-07-20 16:04:44,DONE,SPR-PRJ-2-14,1
CONF-6379,PRJ-9,USR-41348,Bug,Interest road a week book south indicate.,Medium,2025-12-04 06:40:25,2025-12-11 06:40:25,DONE,SPR-PRJ-1-2,3
LIST-5615,PRJ-8,USR-22245,Bug,Company provide hear far dinner.,Medium,2025-11-03 12:58:31,2025-11-15 12:58:31,DONE,SPR-PRJ-0-7,8
CHOI-7671,PRJ-4,USR-70901,Task,Wrong say debate type energy agree.,High,2026-05-18 08:29:22,2026-05-26 08:29:22,DONE,SPR-PRJ-9-22,5
CONF-4446,PRJ-9,USR-92242,Bug,Finish much north or total until.,High,2026-01-02 03:36:08,2026-01-16 03:36:08,DONE,SPR-PRJ-0-15,8
TERM-8186,PRJ-7,USR-41300,Task,Necessary single discuss agreement must main.,Low,2025-12-20 00:33:04,2025-12-28 00:33:04,DONE,SPR-PRJ-9-23,5
WIN-5650,PRJ-5,USR-76562,Story,Husband dinner successful she office.,Low,2026-05-19 06:43:40,2026-05-27 06:43:40,DONE,SPR-PRJ-1-13,3
TERM-1631,PRJ-7,USR-96057,Task,Single religious way box.,Medium,2025-12-06 07:17:32,2025-12-12 07:17:32,DONE,SPR-PRJ-6-9,3
TERM-5344,PRJ-7,USR-37631,Story,Lot arm form development.,Medium,2026-06-04 00:11:37,2026-06-11 00:11:37,DONE,SPR-PRJ-1-9,2
TERM-2923,PRJ-7,USR-20589,Story,Traditional anyone sea.,Medium,2025-10-21 23:27:59,2025-10-22 23:27:59,DONE,SPR-PRJ-9-22,2
CONF-1341,PRJ-9,USR-28818,Story,Often bank later campaign.,High,2026-06-20 05:15:31,2026-06-28 05:15:31,DONE,SPR-PRJ-1-13,5
CHOI-7026,PRJ-4,USR-19120,Story,Look million after movie land.,Medium,2025-11-26 21:17:45,2025-11-28 21:17:45,DONE,SPR-PRJ-5-7,1
WIN-4942,PRJ-5,USR-18564,Bug,Present summer lose quality moment rock.,Medium,2026-05-11 12:39:51,2026-05-25 12:39:51,DONE,SPR-PRJ-3-21,5
PROF-4334,PRJ-3,USR-44664,Bug,Prevent strategy local expect pass person arm.,Medium,2026-08-17 19:56:04,2026-08-29 19:56:04,DONE,SPR-PRJ-9-4,5
CONF-6834,PRJ-9,USR-78712,Bug,Blood buy evidence table.,Low,2025-11-28 13:51:25,2025-11-30 13:51:25,DONE,SPR-PRJ-0-7,8
PROF-2301,PRJ-3,USR-42495,Task,Write green scene need movement bill.,Low,2026-07-30 23:20:06,2026-08-07 23:20:06,DONE,SPR-PRJ-5-23,3
CONF-8484,PRJ-9,USR-88385,Bug,Item manage place.,Medium,2026-09-08 03:24:12,2026-09-09 03:24:12,DONE,SPR-PRJ-8-7,8
ORGA-1590,PRJ-6,USR-79774,Bug,Image during year customer behind others.,Low,2026-06-19 21:03:27,2026-06-28 21:03:27,DONE,SPR-PRJ-3-17,1
LIST-4226,PRJ-8,USR-46509,Task,Large concern term increase industry figure.,High,2026-02-16 07:19:49,2026-02-19 07:19:49,DONE,SPR-PRJ-0-11,2
CONF-4110,PRJ-9,USR-70901,Bug,Maintain night audience off through.,High,2026-03-05 09:24:56,2026-03-15 09:24:56,DONE,SPR-PRJ-4-14,2
DEVE-4869,PRJ-0,USR-40613,Bug,Possible thought apply most way recently box debate.,High,2026-04-19 01:37:10,2026-04-30 01:37:10,DONE,SPR-PRJ-0-16,8
CHOI-5642,PRJ-4,USR-54396,Story,Matter international management.,Medium,2026-08-12 16:46:50,2026-08-25 16:46:50,DONE,SPR-PRJ-4-19,5
DEVE-9907,PRJ-0,USR-32617,Story,Boy develop worker create.,High,2025-12-09 04:16:00,2025-12-14 04:16:00,DONE,SPR-PRJ-1-23,5
ANIM-7767,PRJ-2,USR-99593,Task,Sort drug like technology.,Medium,2026-09-19 14:42:42,2026-09-30 14:42:42,DONE,SPR-PRJ-5-23,2
ORGA-7659,PRJ-6,USR-41531,Bug,Official senior animal ready strong.,Medium,2026-02-01 21:31:46,2026-02-10 21:31:46,DONE,SPR-PRJ-0-23,8
CONF-3765,PRJ-9,USR-52176,Bug,Pull over see he since me game.,High,2025-12-30 04:57:28,2026-01-04 04:57:28,DONE,SPR-PRJ-9-22,3
CONF-6487,PRJ-9,USR-41499,Task,Quite true nature store check.,Medium,2026-03-09 12:00:10,2026-03-16 12:00:10,DONE,SPR-PRJ-3-7,2
ANIM-7207,PRJ-2,USR-55820,Story,Yourself design place certainly focus.,Low,2026-08-23 07:21:29,2026-09-02 07:21:29,DONE,SPR-PRJ-8-14,5
ORGA-9509,PRJ-6,USR-17665,Bug,Black speak attorney outside science follow.,Low,2026-09-08 08:54:19,2026-09-11 08:54:19,DONE,SPR-PRJ-8-22,2
ANIM-5362,PRJ-2,USR-94607,Story,Picture successful tough story.,High,2026-09-03 22:43:43,2026-09-07 22:43:43,DONE,SPR-PRJ-4-23,2
CHOI-1872,PRJ-4,USR-53694,Story,Test today toward blood reflect consider could.,High,2026-08-16 02:33:11,2026-08-25 02:33:11,DONE,SPR-PRJ-4-9,5
TERM-9215,PRJ-7,USR-38906,Task,Building my do.,Medium,2026-08-07 23:04:02,2026-08-17 23:04:02,DONE,SPR-PRJ-4-2,3
WIN-8542,PRJ-5,USR-92306,Story,Group best debate significant edge.,High,2026-05-17 07:01:53,2026-05-23 07:01:53,DONE,SPR-PRJ-3-14,1
ORGA-5278,PRJ-6,USR-59060,Task,Finish design apply drug.,High,2025-12-26 17:49:55,2026-01-02 17:49:55,DONE,SPR-PRJ-9-18,2
ORGA-2759,PRJ-6,USR-72616,Story,Our miss say simple perform practice investment.,Medium,2026-09-09 10:49:06,2026-09-22 10:49:06,DONE,SPR-PRJ-2-16,2
THES-9357,PRJ-1,USR-23154,Bug,Gun small Mrs career everyone.,High,2026-06-10 21:39:40,2026-06-24 21:39:40,DONE,SPR-PRJ-3-22,2
CONF-2518,PRJ-9,USR-15965,Bug,None see painting.,Low,2026-07-07 05:23:51,2026-07-08 05:23:51,DONE,SPR-PRJ-8-13,3
PROF-4666,PRJ-3,USR-46666,Task,Leave player throughout forget.,High,2025-12-04 06:03:05,2025-12-13 06:03:05,DONE,SPR-PRJ-0-22,3
CONF-9203,PRJ-9,USR-99783,Task,Industry meet at deal.,Medium,2026-07-19 06:51:00,2026-07-31 06:51:00,DONE,SPR-PRJ-2-4,2
DEVE-5573,PRJ-0,USR-68115,Story,Court investment agreement realize building prevent religious.,High,2026-05-26 09:44:59,2026-06-02 09:44:59,DONE,SPR-PRJ-0-10,8
ANIM-3079,PRJ-2,USR-13804,Task,Figure practice position same.,Medium,2025-10-01 07:31:29,2025-10-15 07:31:29,DONE,SPR-PRJ-6-23,3
CONF-1342,PRJ-9,USR-16028,Story,Read modern social return.,Low,2026-01-09 23:08:33,2026-01-12 23:08:33,DONE,SPR-PRJ-3-17,8
CHOI-4531,PRJ-4,USR-56179,Story,In treatment continue doctor.,High,2026-08-07 19:54:04,2026-08-12 19:54:04,DONE,SPR-PRJ-9-6,1
WIN-3023,PRJ-5,USR-73699,Story,Top behind name possible financial.,Low,2026-01-26 09:23:33,2026-02-08 09:23:33,DONE,SPR-PRJ-1-15,2
TERM-5710,PRJ-7,USR-80575,Task,Fast will their establish.,High,2026-01-09 05:16:18,2026-01-14 05:16:18,DONE,SPR-PRJ-4-18,2
THES-3068,PRJ-1,USR-99742,Story,Church evidence speak.,High,2026-06-13 22:21:52,2026-06-20 22:21:52,DONE,SPR-PRJ-4-12,5
PROF-4297,PRJ-3,USR-81118,Task,Account over keep go thus before.,Medium,2026-07-16 18:17:38,2026-07-25 18:17:38,DONE,SPR-PRJ-0-5,5
WIN-6543,PRJ-5,USR-36090,Story,International assume from writer account sort expect.,High,2026-06-13 12:09:50,2026-06-24 12:09:50,DONE,SPR-PRJ-2-13,5
THES-1126,PRJ-1,USR-18564,Bug,Goal per per assume court although find.,Low,2026-01-24 22:30:54,2026-01-31 22:30:54,DONE,SPR-PRJ-5-20,5
THES-2163,PRJ-1,USR-55015,Bug,Feel foot behavior plant.,High,2026-06-01 01:42:52,2026-06-15 01:42:52,DONE,SPR-PRJ-4-2,5
PROF-6979,PRJ-3,USR-18330,Story,Training condition team property start audience poor.,Low,2025-10-18 15:12:09,2025-10-22 15:12:09,DONE,SPR-PRJ-0-4,3
CONF-6237,PRJ-9,USR-51553,Task,Floor environment see order compare plant.,Medium,2026-01-28 13:54:45,2026-02-05 13:54:45,DONE,SPR-PRJ-8-17,1
ANIM-2773,PRJ-2,USR-80010,Story,Lose represent item professional yourself.,Medium,2025-12-03 17:32:19,2025-12-06 17:32:19,DONE,SPR-PRJ-4-5,3
WIN-2808,PRJ-5,USR-99838,Story,Simple now do Mr.,Medium,2026-05-17 23:00:34,2026-05-19 23:00:34,DONE,SPR-PRJ-9-3,1
LIST-1537,PRJ-8,USR-21915,Bug,Economic strong person my senior participant administration.,High,2025-11-02 04:25:46,2025-11-06 04:25:46,DONE,SPR-PRJ-3-0,5
ORGA-4327,PRJ-6,USR-70910,Task,Situation figure exactly piece chance.,Low,2026-05-26 04:15:48,2026-06-08 04:15:48,DONE,SPR-PRJ-3-22,3
DEVE-9851,PRJ-0,USR-23710,Task,Interesting concern seat establish course south.,High,2025-09-27 19:35:47,2025-10-05 19:35:47,DONE,SPR-PRJ-9-21,5
THES-8576,PRJ-1,USR-60052,Task,Much discover draw decade he voice scene.,Medium,2026-06-15 22:18:28,2026-06-16 22:18:28,DONE,SPR-PRJ-1-4,2
PROF-4476,PRJ-3,USR-33652,Bug,Total effort also itself space speech.,Low,2026-02-22 00:34:58,2026-03-02 00:34:58,DONE,SPR-PRJ-0-23,5
LIST-2776,PRJ-8,USR-81228,Task,Eat no himself per card.,High,2025-12-04 04:59:15,2025-12-10 04:59:15,DONE,SPR-PRJ-6-10,1
PROF-1500,PRJ-3,USR-95929,Story,Again especially future strategy officer girl.,Low,2026-02-02 00:45:33,2026-02-08 00:45:33,DONE,SPR-PRJ-7-16,3
LIST-4099,PRJ-8,USR-50306,Task,Plant very southern writer participant these TV.,Low,2026-07-18 18:34:49,2026-07-22 18:34:49,DONE,SPR-PRJ-9-11,5
LIST-5222,PRJ-8,USR-87993,Task,Tend eat interview toward them instead force follow.,Low,2026-08-20 13:20:09,2026-09-01 13:20:09,DONE,SPR-PRJ-8-13,3
PROF-7039,PRJ-3,USR-61879,Task,If and leader sort mission above seven.,Medium,2025-11-03 07:02:44,2025-11-04 07:02:44,DONE,SPR-PRJ-6-3,3
LIST-6248,PRJ-8,USR-15938,Bug,Future carry meet lay various worry science particular.,High,2026-08-02 22:33:58,2026-08-10 22:33:58,DONE,SPR-PRJ-1-4,8
ANIM-7275,PRJ-2,USR-87820,Story,Might its last much often lead.,High,2026-03-02 01:40:19,2026-03-11 01:40:19,DONE,SPR-PRJ-4-15,8
PROF-8143,PRJ-3,USR-25726,Story,Leader table politics the.,Low,2026-03-04 15:21:17,2026-03-09 15:21:17,DONE,SPR-PRJ-9-0,8
TERM-1802,PRJ-7,USR-61876,Task,Once be end key bank ago.,Low,2026-08-29 11:47:39,2026-09-05 11:47:39,DONE,SPR-PRJ-7-2,2
LIST-8566,PRJ-8,USR-27790,Task,Sometimes end week respond war.,High,2026-07-18 14:50:42,2026-07-20 14:50:42,DONE,SPR-PRJ-2-23,8
LIST-3120,PRJ-8,USR-24322,Bug,Hot stop industry road a full.,Medium,2025-11-05 19:39:25,2025-11-12 19:39:25,DONE,SPR-PRJ-6-21,8
TERM-8366,PRJ-7,USR-76494,Bug,Institution after benefit man fall none rich.,Medium,2026-04-25 18:31:48,2026-05-02 18:31:48,DONE,SPR-PRJ-7-10,8
ANIM-1604,PRJ-2,USR-64476,Story,Exist debate whole particular policy.,High,2025-12-06 03:20:59,2025-12-12 03:20:59,DONE,SPR-PRJ-4-6,2
CHOI-9694,PRJ-4,USR-30257,Task,Military affect with unit food training population.,High,2026-03-14 20:59:42,2026-03-15 20:59:42,DONE,SPR-PRJ-5-6,3
LIST-7816,PRJ-8,USR-91057,Bug,Impact religious social director gas animal.,High,2026-07-27 11:33:52,2026-08-05 11:33:52,DONE,SPR-PRJ-1-9,1
LIST-8360,PRJ-8,USR-16428,Task,Top somebody itself likely reflect.,Low,2026-08-13 07:00:08,2026-08-17 07:00:08,DONE,SPR-PRJ-3-23,8
LIST-6028,PRJ-8,USR-82350,Task,Tonight soon buy where.,Low,2026-05-13 06:02:00,2026-05-23 06:02:00,DONE,SPR-PRJ-6-7,5
DEVE-2314,PRJ-0,USR-18109,Task,Form woman radio drive.,Medium,2026-08-20 22:15:03,2026-08-27 22:15:03,DONE,SPR-PRJ-6-19,8
THES-2458,PRJ-1,USR-68138,Bug,Into common heavy store method smile pick.,High,2026-01-30 16:25:53,2026-02-03 16:25:53,DONE,SPR-PRJ-3-22,2
THES-5019,PRJ-1,USR-88269,Story,Military explain each security teacher.,High,2026-07-19 08:18:30,2026-07-25 08:18:30,DONE,SPR-PRJ-6-20,5
TERM-7126,PRJ-7,USR-42717,Task,Provide cultural mention.,High,2026-08-30 03:02:18,2026-09-06 03:02:18,DONE,SPR-PRJ-7-8,2
CHOI-9992,PRJ-4,USR-60140,Bug,Result be show.,High,2025-12-21 16:28:54,2025-12-23 16:28:54,DONE,SPR-PRJ-1-23,8
CONF-4227,PRJ-9,USR-81066,Task,Keep official over base.,High,2026-08-23 03:05:37,2026-09-02 03:05:37,DONE,SPR-PRJ-1-18,2
TERM-8538,PRJ-7,USR-55268,Story,Possible ability family turn teacher challenge than remain.,High,2026-08-06 04:19:36,2026-08-16 04:19:36,DONE,SPR-PRJ-6-22,3
DEVE-6181,PRJ-0,USR-15376,Bug,Model serve any democratic foreign chair.,Medium,2026-03-24 11:29:13,2026-04-05 11:29:13,DONE,SPR-PRJ-5-3,8
THES-3056,PRJ-1,USR-76317,Bug,Democratic fight example pick election meet.,Medium,2025-12-11 10:07:14,2025-12-15 10:07:14,DONE,SPR-PRJ-3-17,2
WIN-9109,PRJ-5,USR-29442,Story,Section responsibility discussion Mr purpose character.,Medium,2026-05-17 02:30:48,2026-05-20 02:30:48,DONE,SPR-PRJ-0-12,8
PROF-7234,PRJ-3,USR-10350,Task,Keep instead live success total large.,Low,2025-12-22 07:32:25,2025-12-28 07:32:25,DONE,SPR-PRJ-4-10,2
CONF-2645,PRJ-9,USR-83874,Task,Though feeling term leave.,High,2025-12-21 08:09:01,2026-01-03 08:09:01,DONE,SPR-PRJ-5-13,8
CONF-5460,PRJ-9,USR-96363,Bug,Community including career each hotel Mrs.,Medium,2026-09-06 02:31:36,2026-09-11 02:31:36,DONE,SPR-PRJ-8-13,1
CHOI-3390,PRJ-4,USR-36174,Bug,Meeting top never.,Medium,2026-06-24 12:03:29,2026-06-29 12:03:29,DONE,SPR-PRJ-6-15,2
THES-1022,PRJ-1,USR-94252,Story,Major many situation whom teach party range practice.,Low,2026-09-06 05:37:40,2026-09-15 05:37:40,DONE,SPR-PRJ-9-8,8
ANIM-5020,PRJ-2,USR-90356,Task,Require catch government couple seek skin there.,High,2026-01-15 17:53:54,2026-01-24 17:53:54,DONE,SPR-PRJ-3-6,8
WIN-9183,PRJ-5,USR-84177,Task,While six live.,Medium,2026-08-30 12:44:12,2026-09-06 12:44:12,DONE,SPR-PRJ-0-13,1
CHOI-6477,PRJ-4,USR-75338,Story,Newspaper example enter change when lose.,High,2026-03-26 20:00:44,2026-03-29 20:00:44,DONE,SPR-PRJ-1-7,2
CONF-3779,PRJ-9,USR-56955,Task,Ball others go fear away senior.,High,2026-03-27 10:07:57,2026-04-04 10:07:57,DONE,SPR-PRJ-8-22,1
ORGA-7275,PRJ-6,USR-28321,Bug,Prepare debate perform around allow.,Medium,2026-07-21 15:40:10,2026-08-04 15:40:10,DONE,SPR-PRJ-9-21,3
DEVE-7834,PRJ-0,USR-40735,Bug,Number everyone almost.,Low,2026-07-02 15:51:19,2026-07-16 15:51:19,DONE,SPR-PRJ-0-19,1
WIN-3186,PRJ-5,USR-60615,Bug,Huge rise change seat reveal gas.,High,2026-03-04 19:37:31,2026-03-16 19:37:31,DONE,SPR-PRJ-1-21,1
WIN-7543,PRJ-5,USR-51245,Bug,Pressure institution early west trial ten.,Medium,2026-04-18 23:33:02,2026-04-25 23:33:02,DONE,SPR-PRJ-2-16,1
PROF-4228,PRJ-3,USR-80748,Story,Involve all raise trip several technology.,High,2025-11-16 12:01:08,2025-11-25 12:01:08,DONE,SPR-PRJ-3-15,8
WIN-2909,PRJ-5,USR-22704,Bug,Letter talk number bad art.,Medium,2025-10-11 06:15:53,2025-10-23 06:15:53,DONE,SPR-PRJ-5-1,8
WIN-3911,PRJ-5,USR-69469,Story,Once send gun instead bad.,High,2025-12-31 07:26:58,2026-01-02 07:26:58,DONE,SPR-PRJ-8-16,8
CHOI-3621,PRJ-4,USR-83608,Task,Maybe option human fire ball natural raise five.,Low,2026-06-21 17:05:02,2026-06-23 17:05:02,DONE,SPR-PRJ-3-2,1
LIST-6928,PRJ-8,USR-17852,Bug,Skin everybody interview find fill large type.,Low,2025-12-19 11:22:12,2025-12-23 11:22:12,DONE,SPR-PRJ-6-4,1
ANIM-1093,PRJ-2,USR-31178,Bug,Memory protect exactly left on hundred.,High,2026-04-13 07:24:11,2026-04-15 07:24:11,DONE,SPR-PRJ-4-19,3
LIST-5959,PRJ-8,USR-46512,Bug,Natural chair pass science Republican hard.,Low,2026-06-06 17:53:56,2026-06-15 17:53:56,DONE,SPR-PRJ-4-4,5
THES-9887,PRJ-1,USR-36090,Bug,Only admit politics attack responsibility reduce reality about.,High,2026-02-07 04:56:52,2026-02-11 04:56:52,DONE,SPR-PRJ-7-1,5
CHOI-5474,PRJ-4,USR-51104,Task,Region many traditional talk firm study quite.,High,2025-12-06 01:17:12,2025-12-19 01:17:12,DONE,SPR-PRJ-1-14,1
THES-4124,PRJ-1,USR-93238,Story,Institution trip attack area attack then mother.,High,2026-05-26 23:11:13,2026-05-28 23:11:13,DONE,SPR-PRJ-3-19,5
CHOI-1202,PRJ-4,USR-20336,Bug,Final film test.,Low,2026-02-20 00:33:29,2026-02-25 00:33:29,DONE,SPR-PRJ-4-5,2
PROF-3590,PRJ-3,USR-42177,Story,Opportunity bed law scientist fund end federal.,Medium,2025-12-18 18:23:02,2025-12-21 18:23:02,DONE,SPR-PRJ-2-13,8
DEVE-6094,PRJ-0,USR-71186,Bug,Able force energy billion.,High,2026-01-22 10:04:56,2026-02-02 10:04:56,DONE,SPR-PRJ-6-18,8
ORGA-7473,PRJ-6,USR-30969,Bug,Trouble difficult mean population.,Low,2026-09-10 09:30:55,2026-09-24 09:30:55,DONE,SPR-PRJ-5-7,5
WIN-3924,PRJ-5,USR-14929,Story,Yeah Mr security record teacher including.,High,2026-08-18 12:37:58,2026-08-22 12:37:58,DONE,SPR-PRJ-8-21,2
DEVE-9078,PRJ-0,USR-95426,Task,Look believe bed data hand measure could.,High,2026-09-21 10:57:57,2026-09-27 10:57:57,DONE,SPR-PRJ-2-22,2
ORGA-9713,PRJ-6,USR-66387,Story,Method crime too wife significant movement.,Medium,2025-11-20 20:36:08,2025-12-04 20:36:08,DONE,SPR-PRJ-4-15,2
ANIM-4596,PRJ-2,USR-51365,Bug,Decide perform money Mrs point really.,High,2025-10-27 11:04:57,2025-11-09 11:04:57,DONE,SPR-PRJ-9-21,8
PROF-3726,PRJ-3,USR-40947,Bug,Own gas performance people speak mission relationship.,Medium,2026-04-04 20:31:00,2026-04-13 20:31:00,DONE,SPR-PRJ-0-5,5
PROF-6771,PRJ-3,USR-29597,Bug,True wife network heart.,High,2026-06-17 01:03:57,2026-06-19 01:03:57,DONE,SPR-PRJ-5-13,8
THES-2321,PRJ-1,USR-15683,Bug,Style win book leave serious concern Mrs.,High,2026-02-14 03:54:16,2026-02-25 03:54:16,DONE,SPR-PRJ-0-20,2
TERM-1934,PRJ-7,USR-21846,Bug,Onto find several occur.,High,2026-08-24 13:12:50,2026-09-01 13:12:50,DONE,SPR-PRJ-5-2,3
CHOI-5629,PRJ-4,USR-16743,Task,Run yeah whether.,High,2026-04-27 16:18:51,2026-05-10 16:18:51,DONE,SPR-PRJ-3-16,5
ORGA-3052,PRJ-6,USR-74139,Story,Term country camera parent staff.,Medium,2025-10-22 05:12:53,2025-11-01 05:12:53,DONE,SPR-PRJ-3-19,1
WIN-5553,PRJ-5,USR-69446,Task,Bill part have leg.,Low,2026-01-26 00:52:07,2026-02-01 00:52:07,DONE,SPR-PRJ-3-14,1
WIN-2102,PRJ-5,USR-14082,Task,Within suggest subject save big.,High,2026-08-19 15:29:21,2026-08-30 15:29:21,DONE,SPR-PRJ-7-8,3
CONF-7729,PRJ-9,USR-28373,Bug,Fire line cover before beautiful rich because.,High,2025-10-21 13:12:59,2025-11-04 13:12:59,DONE,SPR-PRJ-8-14,5
CONF-1160,PRJ-9,USR-59377,Story,Forward political gun support.,Medium,2026-01-01 20:12:28,2026-01-03 20:12:28,DONE,SPR-PRJ-5-5,2
CHOI-3200,PRJ-4,USR-98815,Bug,Development couple speak father last mouth.,Medium,2025-10-21 08:09:39,2025-11-04 08:09:39,DONE,SPR-PRJ-0-10,2
LIST-2835,PRJ-8,USR-86011,Story,Throw pattern thousand imagine.,Low,2026-06-14 19:57:24,2026-06-28 19:57:24,DONE,SPR-PRJ-6-15,8
WIN-3277,PRJ-5,USR-88504,Story,Field should floor image style it see.,Medium,2026-05-23 09:09:14,2026-06-04 09:09:14,DONE,SPR-PRJ-3-9,8
THES-2436,PRJ-1,USR-90356,Story,Write field situation score contain opportunity.,High,2026-01-23 13:52:09,2026-01-25 13:52:09,DONE,SPR-PRJ-9-13,1
PROF-1882,PRJ-3,USR-47601,Task,Voice tax our game area fill.,Low,2025-11-20 20:38:50,2025-11-25 20:38:50,DONE,SPR-PRJ-7-4,1
LIST-1306,PRJ-8,USR-49529,Bug,True sound age will truth security word herself.,Medium,2025-10-28 19:41:54,2025-11-09 19:41:54,DONE,SPR-PRJ-0-23,1
ANIM-5989,PRJ-2,USR-47930,Bug,Admit time thousand sure.,High,2026-05-24 03:18:42,2026-06-01 03:18:42,DONE,SPR-PRJ-0-11,2
LIST-8710,PRJ-8,USR-58929,Bug,Player civil economic son but movie individual.,High,2026-07-06 04:30:54,2026-07-09 04:30:54,DONE,SPR-PRJ-8-2,1
TERM-1176,PRJ-7,USR-76809,Story,Charge base specific green.,Medium,2026-04-10 11:39:07,2026-04-14 11:39:07,DONE,SPR-PRJ-6-20,3
PROF-6026,PRJ-3,USR-94259,Task,Color site structure nothing high certainly.,Medium,2026-06-01 18:01:02,2026-06-03 18:01:02,DONE,SPR-PRJ-9-6,1
THES-1196,PRJ-1,USR-10221,Story,Place market son remain second.,High,2026-04-20 10:27:03,2026-04-26 10:27:03,DONE,SPR-PRJ-3-21,3
DEVE-8739,PRJ-0,USR-46002,Bug,Notice cause son plan view plant.,High,2025-10-01 06:45:13,2025-10-12 06:45:13,DONE,SPR-PRJ-2-11,8
ANIM-2394,PRJ-2,USR-12154,Story,Set necessary lay region.,Low,2026-04-06 03:26:09,2026-04-15 03:26:09,DONE,SPR-PRJ-8-12,8
LIST-8437,PRJ-8,USR-91885,Task,Air whether produce tree.,Medium,2025-11-27 06:49:33,2025-12-11 06:49:33,DONE,SPR-PRJ-0-16,2
THES-3110,PRJ-1,USR-49608,Story,Fund management can source news vote certain.,Low,2026-01-08 18:47:39,2026-01-18 18:47:39,DONE,SPR-PRJ-2-9,8
DEVE-5550,PRJ-0,USR-62581,Task,Far control response and.,Medium,2026-02-09 18:02:32,2026-02-11 18:02:32,DONE,SPR-PRJ-6-6,3
LIST-2384,PRJ-8,USR-67711,Bug,This sort age upon trial way human.,High,2026-06-16 20:10:13,2026-06-21 20:10:13,DONE,SPR-PRJ-1-5,8
CONF-7598,PRJ-9,USR-92306,Story,Analysis need community very consider actually.,High,2026-08-05 23:40:36,2026-08-16 23:40:36,DONE,SPR-PRJ-6-18,1
WIN-4157,PRJ-5,USR-47601,Bug,Suggest though enjoy west human woman.,Low,2026-07-28 02:48:41,2026-08-03 02:48:41,DONE,SPR-PRJ-2-13,5
CHOI-6008,PRJ-4,USR-83060,Bug,Responsibility age that.,High,2026-02-06 10:02:42,2026-02-14 10:02:42,DONE,SPR-PRJ-0-20,8
PROF-9463,PRJ-3,USR-92203,Task,Will once form hot reach daughter behind.,High,2026-05-31 09:39:12,2026-06-03 09:39:12,DONE,SPR-PRJ-0-13,5
TERM-5572,PRJ-7,USR-13969,Task,Phone great source determine next most.,Medium,2026-02-25 00:09:50,2026-03-08 00:09:50,DONE,SPR-PRJ-6-22,3
WIN-5374,PRJ-5,USR-47431,Story,Kind they girl recently treat party stop.,Medium,2026-09-21 20:59:04,2026-10-04 20:59:04,DONE,SPR-PRJ-9-19,8
TERM-8667,PRJ-7,USR-33850,Bug,Hope where indicate campaign until.,Low,2025-10-25 17:27:26,2025-11-07 17:27:26,DONE,SPR-PRJ-6-6,2
THES-1512,PRJ-1,USR-75513,Story,Age because best risk cover him two lot.,Low,2026-08-20 11:38:19,2026-08-31 11:38:19,DONE,SPR-PRJ-0-2,3
THES-3044,PRJ-1,USR-74451,Story,Program language think send past.,Low,2026-05-13 18:05:51,2026-05-21 18:05:51,DONE,SPR-PRJ-3-21,5
THES-1376,PRJ-1,USR-70931,Bug,Admit forget service room task minute something.,Medium,2025-12-19 04:41:01,2025-12-26 04:41:01,DONE,SPR-PRJ-5-3,1
ANIM-8100,PRJ-2,USR-55508,Task,Role nice week now final operation.,High,2026-07-21 04:10:00,2026-08-02 04:10:00,DONE,SPR-PRJ-2-18,8
THES-9226,PRJ-1,USR-54118,Story,Employee speak room whatever.,High,2026-07-16 14:04:48,2026-07-19 14:04:48,DONE,SPR-PRJ-3-11,5
CHOI-4672,PRJ-4,USR-79942,Story,Key night open third whatever.,High,2025-12-26 14:08:36,2025-12-31 14:08:36,DONE,SPR-PRJ-8-23,5
CONF-8911,PRJ-9,USR-50963,Bug,Democrat argue north rock call role management.,High,2026-03-04 17:44:40,2026-03-17 17:44:40,DONE,SPR-PRJ-2-6,1
TERM-8246,PRJ-7,USR-68841,Bug,Eight member military spring more show strong.,Low,2026-08-06 16:35:29,2026-08-16 16:35:29,DONE,SPR-PRJ-1-12,3
TERM-1365,PRJ-7,USR-17665,Story,Read chance through happen professional production.,Low,2026-02-02 19:01:14,2026-02-06 19:01:14,DONE,SPR-PRJ-0-15,1
ANIM-5054,PRJ-2,USR-41552,Task,Their city town response.,Low,2026-06-11 15:49:00,2026-06-18 15:49:00,DONE,SPR-PRJ-8-16,3
CONF-2321,PRJ-9,USR-11504,Story,Set book despite.,High,2026-09-11 21:40:04,2026-09-16 21:40:04,DONE,SPR-PRJ-2-13,5
WIN-7247,PRJ-5,USR-92213,Story,Decide join member garden movement fear.,Low,2025-12-31 07:01:31,2026-01-06 07:01:31,DONE,SPR-PRJ-2-5,5
ANIM-4366,PRJ-2,USR-42951,Task,Machine important manager adult we everything.,High,2026-08-16 00:03:08,2026-08-27 00:03:08,DONE,SPR-PRJ-0-17,1
DEVE-9008,PRJ-0,USR-67132,Bug,Despite wind safe off store little chair.,Low,2026-08-04 07:33:56,2026-08-08 07:33:56,DONE,SPR-PRJ-0-13,1
CHOI-3686,PRJ-4,USR-10205,Task,Player ball local today raise remember.,Low,2025-12-25 16:38:12,2025-12-29 16:38:12,DONE,SPR-PRJ-7-23,3
ANIM-6176,PRJ-2,USR-51104,Task,City me performance ever remain whole beautiful rate.,High,2026-05-17 20:41:49,2026-05-28 20:41:49,DONE,SPR-PRJ-3-8,8
CHOI-3321,PRJ-4,USR-95180,Bug,Wife history thought up investment.,Medium,2026-06-28 01:11:24,2026-07-12 01:11:24,DONE,SPR-PRJ-8-19,3
LIST-3526,PRJ-8,USR-97833,Bug,Stuff present so peace.,Low,2026-01-30 11:48:44,2026-02-05 11:48:44,DONE,SPR-PRJ-0-15,8
CHOI-1514,PRJ-4,USR-78522,Story,Free environmental image skin author.,Medium,2026-03-10 18:47:14,2026-03-19 18:47:14,DONE,SPR-PRJ-3-22,8
PROF-6460,PRJ-3,USR-92242,Bug,Financial born idea morning interview very.,High,2026-02-13 01:39:43,2026-02-19 01:39:43,DONE,SPR-PRJ-0-7,5
LIST-2442,PRJ-8,USR-85598,Bug,Not deal say.,Medium,2025-09-30 01:03:24,2025-10-13 01:03:24,DONE,SPR-PRJ-2-6,3
ANIM-5595,PRJ-2,USR-36111,Task,Article book six student.,Medium,2026-08-10 17:02:34,2026-08-15 17:02:34,DONE,SPR-PRJ-3-1,3
PROF-1555,PRJ-3,USR-81176,Story,Offer present choice two certain modern.,High,2025-10-30 07:22:20,2025-11-06 07:22:20,DONE,SPR-PRJ-0-2,5
ORGA-5876,PRJ-6,USR-54089,Bug,Social Democrat sign outside look improve any.,Low,2026-07-18 20:30:10,2026-07-26 20:30:10,DONE,SPR-PRJ-3-21,3
PROF-6761,PRJ-3,USR-25012,Bug,Short job reason western source them wife.,Medium,2026-05-29 00:28:22,2026-05-30 00:28:22,DONE,SPR-PRJ-6-5,1
DEVE-8664,PRJ-0,USR-30028,Task,Soldier cultural feel.,Low,2026-01-11 14:29:22,2026-01-15 14:29:22,DONE,SPR-PRJ-6-10,5
CONF-4646,PRJ-9,USR-35430,Task,Stuff four despite security.,Medium,2025-09-28 21:45:49,2025-09-29 21:45:49,DONE,SPR-PRJ-4-16,8
TERM-5860,PRJ-7,USR-98381,Story,Human would magazine up for evening thing.,High,2026-02-19 11:48:10,2026-02-22 11:48:10,DONE,SPR-PRJ-3-23,1
CONF-5868,PRJ-9,USR-38183,Bug,One throughout American three machine.,Low,2026-02-07 23:11:14,2026-02-12 23:11:14,DONE,SPR-PRJ-2-20,2
ANIM-4977,PRJ-2,USR-27790,Task,Plan case carry pick see house.,Low,2026-01-08 18:43:14,2026-01-13 18:43:14,DONE,SPR-PRJ-6-1,5
CONF-6805,PRJ-9,USR-51207,Task,Perhaps as out check most.,Low,2026-06-24 13:23:45,2026-07-03 13:23:45,DONE,SPR-PRJ-9-8,1
THES-9077,PRJ-1,USR-91857,Bug,Know phone radio sort hair amount.,Low,2026-02-09 12:13:34,2026-02-22 12:13:34,DONE,SPR-PRJ-1-12,5
ANIM-3376,PRJ-2,USR-64476,Story,Wide reveal sure power prevent news.,High,2025-10-30 03:55:19,2025-11-03 03:55:19,DONE,SPR-PRJ-6-9,2
ORGA-2677,PRJ-6,USR-75211,Task,Purpose law themselves.,Low,2026-08-27 07:12:42,2026-08-28 07:12:42,DONE,SPR-PRJ-8-4,3
WIN-7006,PRJ-5,USR-94518,Task,Become city consumer employee.,High,2026-04-28 04:20:46,2026-05-07 04:20:46,DONE,SPR-PRJ-0-20,1
LIST-3653,PRJ-8,USR-33028,Task,Huge political environment security able night.,Low,2026-05-20 19:54:13,2026-05-31 19:54:13,DONE,SPR-PRJ-3-14,8
ORGA-9034,PRJ-6,USR-15075,Story,Story store bank.,Low,2026-07-25 15:01:38,2026-07-29 15:01:38,DONE,SPR-PRJ-3-9,3
PROF-3182,PRJ-3,USR-79774,Story,Recent visit parent ask low have check.,Low,2026-07-27 09:06:39,2026-08-03 09:06:39,DONE,SPR-PRJ-8-5,8
DEVE-1195,PRJ-0,USR-49210,Task,Federal soldier page close deal.,High,2026-06-17 02:38:46,2026-06-19 02:38:46,DONE,SPR-PRJ-2-17,2
CONF-7269,PRJ-9,USR-99051,Task,Truth people concern service service military.,High,2025-11-04 22:02:40,2025-11-18 22:02:40,DONE,SPR-PRJ-5-7,1
THES-1431,PRJ-1,USR-84000,Bug,Production live key its here five.,Low,2026-06-04 02:27:54,2026-06-08 02:27:54,DONE,SPR-PRJ-0-16,8
CONF-6920,PRJ-9,USR-82667,Story,Loss gun field.,Medium,2026-09-10 16:01:51,2026-09-18 16:01:51,DONE,SPR-PRJ-9-1,2
THES-6101,PRJ-1,USR-64602,Story,Possible remain police fill worker.,Low,2026-05-22 22:23:42,2026-06-03 22:23:42,DONE,SPR-PRJ-4-20,3
LIST-3447,PRJ-8,USR-80284,Story,Likely manage from improve nor week rise.,Low,2026-03-13 16:46:20,2026-03-14 16:46:20,DONE,SPR-PRJ-5-0,2
TERM-2399,PRJ-7,USR-77621,Story,Enter partner today main water really fear both.,Low,2026-08-15 07:53:01,2026-08-25 07:53:01,DONE,SPR-PRJ-9-0,3
WIN-7775,PRJ-5,USR-77889,Story,Order level yes professional body wear.,High,2025-12-17 17:10:18,2025-12-31 17:10:18,DONE,SPR-PRJ-3-11,8
WIN-2883,PRJ-5,USR-76535,Bug,Left teach short pass enjoy.,High,2026-06-03 20:27:52,2026-06-07 20:27:52,DONE,SPR-PRJ-1-18,2
DEVE-8109,PRJ-0,USR-22656,Task,Stand process reason low.,High,2026-06-11 12:40:19,2026-06-19 12:40:19,DONE,SPR-PRJ-3-14,1
PROF-1393,PRJ-3,USR-56009,Bug,Wall life matter husband billion garden.,Medium,2025-12-03 03:05:05,2025-12-11 03:05:05,DONE,SPR-PRJ-6-22,3
LIST-6539,PRJ-8,USR-29442,Task,Finally hour forget possible life people finish.,Low,2026-06-05 16:21:13,2026-06-18 16:21:13,DONE,SPR-PRJ-1-0,3
TERM-3883,PRJ-7,USR-10150,Bug,Movie whom glass adult.,Medium,2025-12-28 07:25:23,2026-01-08 07:25:23,DONE,SPR-PRJ-4-4,2
WIN-2710,PRJ-5,USR-38569,Bug,Size student magazine our strategy gun maybe president.,High,2026-07-25 00:54:39,2026-07-26 00:54:39,DONE,SPR-PRJ-3-6,2
WIN-1753,PRJ-5,USR-12560,Task,Choice today most.,High,2026-03-02 06:12:33,2026-03-04 06:12:33,DONE,SPR-PRJ-5-4,5
CONF-4296,PRJ-9,USR-97747,Story,Physical brother cover cold degree.,Medium,2026-09-15 00:21:21,2026-09-28 00:21:21,DONE,SPR-PRJ-9-8,5
LIST-7872,PRJ-8,USR-89635,Bug,Know feel let edge southern.,Medium,2026-07-09 19:40:50,2026-07-18 19:40:50,DONE,SPR-PRJ-3-8,5
DEVE-7476,PRJ-0,USR-64387,Task,Effort without prove major.,Low,2026-03-18 14:56:55,2026-03-21 14:56:55,DONE,SPR-PRJ-4-13,3
PROF-8373,PRJ-3,USR-97580,Story,Wind buy glass floor future.,Medium,2026-08-07 06:50:37,2026-08-15 06:50:37,DONE,SPR-PRJ-0-13,1
THES-8064,PRJ-1,USR-95918,Bug,Require material exist research I but agent.,Low,2025-10-13 04:07:52,2025-10-22 04:07:52,DONE,SPR-PRJ-1-13,3
CHOI-8215,PRJ-4,USR-70443,Bug,Beyond back girl question probably always.,Low,2026-05-21 06:33:32,2026-05-25 06:33:32,DONE,SPR-PRJ-4-3,3
ANIM-8079,PRJ-2,USR-86724,Story,See vote least so especially almost.,High,2025-11-06 16:27:10,2025-11-20 16:27:10,DONE,SPR-PRJ-8-6,2
PROF-6608,PRJ-3,USR-19602,Task,Red concern more finish better tough.,Medium,2026-04-25 20:10:30,2026-05-03 20:10:30,DONE,SPR-PRJ-1-23,1
LIST-6593,PRJ-8,USR-74752,Bug,See half special door.,Medium,2025-11-26 14:00:12,2025-12-09 14:00:12,DONE,SPR-PRJ-6-6,1
CHOI-3975,PRJ-4,USR-35928,Story,Interest I economic your so main drive these.,High,2026-04-28 10:26:54,2026-05-08 10:26:54,DONE,SPR-PRJ-5-18,1
ORGA-1756,PRJ-6,USR-89840,Story,Reflect organization animal around campaign move.,Medium,2026-08-01 22:27:43,2026-08-03 22:27:43,DONE,SPR-PRJ-8-18,2
PROF-3048,PRJ-3,USR-88561,Bug,Single whom discover generation blood.,Low,2025-12-19 05:25:35,2025-12-24 05:25:35,DONE,SPR-PRJ-6-13,8
TERM-1712,PRJ-7,USR-84177,Task,Account evening another life tax close play wish.,Medium,2025-12-11 05:53:51,2025-12-13 05:53:51,DONE,SPR-PRJ-8-20,3
DEVE-5551,PRJ-0,USR-23256,Bug,If public different look sign nothing.,Medium,2025-12-24 00:11:05,2025-12-29 00:11:05,DONE,SPR-PRJ-9-12,3
THES-7251,PRJ-1,USR-58870,Task,Week environmental white cultural.,Medium,2026-03-17 11:22:11,2026-03-20 11:22:11,DONE,SPR-PRJ-9-7,1
CHOI-1101,PRJ-4,USR-24366,Task,Professional trial purpose.,Low,2026-07-22 02:02:42,2026-07-29 02:02:42,DONE,SPR-PRJ-4-13,1
TERM-6039,PRJ-7,USR-55293,Bug,Similar join half sport hope agent.,Medium,2025-12-24 15:15:00,2025-12-28 15:15:00,DONE,SPR-PRJ-6-16,1
LIST-8702,PRJ-8,USR-98916,Task,Consider yard indeed to likely option.,Low,2025-12-03 13:52:24,2025-12-13 13:52:24,DONE,SPR-PRJ-1-20,1
PROF-9587,PRJ-3,USR-71186,Story,Center media shake hospital.,High,2026-01-07 15:37:33,2026-01-13 15:37:33,DONE,SPR-PRJ-6-0,1
PROF-3271,PRJ-3,USR-31992,Bug,Because call campaign cultural.,Medium,2026-05-11 11:35:33,2026-05-20 11:35:33,DONE,SPR-PRJ-2-18,3
WIN-5356,PRJ-5,USR-51505,Bug,Away phone coach term.,Low,2026-08-04 12:45:31,2026-08-11 12:45:31,DONE,SPR-PRJ-4-3,1
CONF-2384,PRJ-9,USR-56129,Bug,Bar board majority politics nothing without.,Medium,2026-08-05 15:11:54,2026-08-11 15:11:54,DONE,SPR-PRJ-4-16,5
WIN-8763,PRJ-5,USR-33788,Task,Special tend hour serve five white.,Medium,2026-08-20 07:30:00,2026-08-27 07:30:00,DONE,SPR-PRJ-0-11,8
WIN-3288,PRJ-5,USR-22196,Task,Evening trip record Congress rather first expert baby.,High,2026-05-29 07:26:22,2026-05-31 07:26:22,DONE,SPR-PRJ-5-5,3
LIST-9509,PRJ-8,USR-66387,Bug,Something reach program share.,Low,2026-04-17 05:01:52,2026-04-25 05:01:52,DONE,SPR-PRJ-1-12,5
ANIM-1081,PRJ-2,USR-32617,Bug,Be high late memory adult full.,Medium,2026-06-24 08:54:47,2026-07-06 08:54:47,DONE,SPR-PRJ-0-10,5
TERM-4803,PRJ-7,USR-41531,Bug,Need possible music real describe.,Medium,2025-10-19 11:06:46,2025-10-20 11:06:46,DONE,SPR-PRJ-0-15,5
ORGA-4312,PRJ-6,USR-31178,Story,Message sister Mr today technology voice.,Medium,2026-08-18 05:09:48,2026-08-22 05:09:48,DONE,SPR-PRJ-0-14,2
CONF-4916,PRJ-9,USR-94136,Story,Provide coach watch end mission cup.,High,2026-01-06 00:03:09,2026-01-08 00:03:09,DONE,SPR-PRJ-8-13,8
WIN-5122,PRJ-5,USR-23176,Bug,Window tonight born kitchen must.,Medium,2026-01-30 15:39:30,2026-02-05 15:39:30,DONE,SPR-PRJ-3-23,2
CONF-7433,PRJ-9,USR-69598,Story,Activity ability loss sing turn light.,Medium,2026-09-15 22:07:09,2026-09-25 22:07:09,DONE,SPR-PRJ-4-21,3
THES-8423,PRJ-1,USR-74139,Story,Run action instead.,Low,2026-04-02 12:04:56,2026-04-11 12:04:56,DONE,SPR-PRJ-4-20,1
ORGA-7950,PRJ-6,USR-64596,Story,Itself will down let certain page able.,Low,2026-06-12 05:26:51,2026-06-16 05:26:51,DONE,SPR-PRJ-8-14,8
LIST-8165,PRJ-8,USR-51505,Bug,Ready assume indeed when material among nation.,Low,2026-03-09 11:43:15,2026-03-12 11:43:15,DONE,SPR-PRJ-3-11,5
CONF-2816,PRJ-9,USR-33703,Task,House any feel may sport develop difficult.,High,2026-08-21 08:14:00,2026-08-26 08:14:00,DONE,SPR-PRJ-9-4,5
ORGA-3754,PRJ-6,USR-72722,Bug,Hit father foreign hundred.,Low,2026-08-14 04:18:39,2026-08-19 04:18:39,DONE,SPR-PRJ-1-11,5
CONF-8496,PRJ-9,USR-88116,Bug,Level body party husband follow town.,Low,2026-05-23 17:02:51,2026-05-24 17:02:51,DONE,SPR-PRJ-0-23,1
CONF-1952,PRJ-9,USR-42177,Bug,Participant after six economic something.,Low,2026-07-16 07:03:05,2026-07-27 07:03:05,DONE,SPR-PRJ-9-5,2
TERM-3602,PRJ-7,USR-86569,Task,Rest seek population director candidate sport your.,Low,2025-10-09 20:26:30,2025-10-11 20:26:30,DONE,SPR-PRJ-6-2,1
CHOI-5434,PRJ-4,USR-23577,Story,Late apply need scene health off could year.,High,2026-06-27 19:43:23,2026-07-04 19:43:23,DONE,SPR-PRJ-3-14,5
CONF-4475,PRJ-9,USR-17331,Bug,Hospital west left compare whether two attack eat.,High,2025-11-21 04:29:57,2025-11-26 04:29:57,DONE,SPR-PRJ-2-0,2
LIST-2496,PRJ-8,USR-77889,Story,Rock sit game commercial somebody cell.,Low,2026-09-12 00:04:23,2026-09-20 00:04:23,DONE,SPR-PRJ-3-8,3
CHOI-3615,PRJ-4,USR-18993,Bug,Number upon agent remain lay society.,Medium,2025-11-09 21:04:55,2025-11-13 21:04:55,DONE,SPR-PRJ-8-0,3
PROF-5042,PRJ-3,USR-60432,Bug,Center successful owner.,Low,2026-04-14 17:37:55,2026-04-24 17:37:55,DONE,SPR-PRJ-6-11,5
DEVE-5952,PRJ-0,USR-77839,Story,Nation series still court stuff police.,Low,2025-12-13 05:46:35,2025-12-14 05:46:35,DONE,SPR-PRJ-4-23,5
PROF-6382,PRJ-3,USR-57920,Story,Gun dream sound surface lose full.,Medium,2025-09-28 14:48:26,2025-10-06 14:48:26,DONE,SPR-PRJ-6-17,2
CHOI-8222,PRJ-4,USR-34356,Task,Off sign relationship business then same.,Medium,2026-01-03 11:56:16,2026-01-11 11:56:16,DONE,SPR-PRJ-2-9,3
CHOI-8670,PRJ-4,USR-51827,Task,Traditional share character.,Medium,2026-01-23 02:58:37,2026-01-30 02:58:37,DONE,SPR-PRJ-1-3,3
CONF-3089,PRJ-9,USR-53065,Bug,Country number happen week on.,High,2026-04-25 20:57:21,2026-05-09 20:57:21,DONE,SPR-PRJ-1-11,1
PROF-5172,PRJ-3,USR-90981,Story,Official use fund serve owner beyond upon.,Low,2026-04-02 05:25:53,2026-04-03 05:25:53,DONE,SPR-PRJ-4-15,2
WIN-9261,PRJ-5,USR-58237,Task,Recognize court generation matter traditional throw field.,Medium,2025-10-28 14:12:58,2025-11-01 14:12:58,DONE,SPR-PRJ-2-7,8
DEVE-4621,PRJ-0,USR-47627,Bug,Travel recognize above behavior hot.,High,2025-11-16 06:45:37,2025-11-19 06:45:37,DONE,SPR-PRJ-4-17,3
WIN-6161,PRJ-5,USR-42493,Task,Set piece opportunity decade large.,High,2026-04-25 00:21:53,2026-04-27 00:21:53,DONE,SPR-PRJ-8-10,1
DEVE-7415,PRJ-0,USR-40968,Task,Boy newspaper shake identify let.,Low,2026-05-01 21:45:35,2026-05-03 21:45:35,DONE,SPR-PRJ-0-11,1
ORGA-5115,PRJ-6,USR-13804,Task,Tax act evidence financial walk prevent.,Medium,2026-06-13 02:07:49,2026-06-17 02:07:49,DONE,SPR-PRJ-8-18,2
CHOI-3414,PRJ-4,USR-95929,Bug,Sometimes lawyer play success successful police line door.,High,2026-07-01 09:50:03,2026-07-12 09:50:03,DONE,SPR-PRJ-0-14,5
ORGA-9195,PRJ-6,USR-62098,Bug,Computer oil inside stock rise.,High,2025-12-24 08:54:19,2026-01-07 08:54:19,DONE,SPR-PRJ-6-16,8
TERM-2743,PRJ-7,USR-67954,Story,To enough than break a myself to.,Low,2026-02-03 09:57:19,2026-02-16 09:57:19,DONE,SPR-PRJ-3-23,2
ORGA-4468,PRJ-6,USR-78765,Bug,Only red work.,Low,2026-08-26 11:32:38,2026-09-09 11:32:38,DONE,SPR-PRJ-4-12,5
WIN-7769,PRJ-5,USR-62184,Bug,Such must yard hit task.,Medium,2026-07-05 15:56:49,2026-07-13 15:56:49,DONE,SPR-PRJ-6-23,1
PROF-4011,PRJ-3,USR-40595,Task,Class anything organization support through.,Low,2026-08-21 04:13:33,2026-09-03 04:13:33,DONE,SPR-PRJ-8-2,5
CHOI-7730,PRJ-4,USR-48890,Task,Responsibility federal local story black anything well office.,Medium,2026-02-13 17:23:50,2026-02-21 17:23:50,DONE,SPR-PRJ-2-4,3
TERM-7486,PRJ-7,USR-29555,Bug,Thing gun purpose go game.,Low,2026-02-26 06:41:53,2026-03-04 06:41:53,DONE,SPR-PRJ-9-17,8
DEVE-4746,PRJ-0,USR-35430,Task,North lay coach raise decide medical environmental.,High,2025-11-24 03:51:48,2025-11-27 03:51:48,DONE,SPR-PRJ-6-1,5
ANIM-2446,PRJ-2,USR-70332,Story,Serve oil participant.,Medium,2026-06-18 03:56:35,2026-06-20 03:56:35,DONE,SPR-PRJ-7-19,3
PROF-8424,PRJ-3,USR-11231,Task,More give indicate successful her opportunity.,Medium,2026-01-05 02:09:08,2026-01-06 02:09:08,DONE,SPR-PRJ-2-21,1
PROF-1940,PRJ-3,USR-49251,Story,Two west responsibility imagine.,Low,2026-05-16 23:48:28,2026-05-18 23:48:28,DONE,SPR-PRJ-2-8,5
ANIM-2996,PRJ-2,USR-80575,Task,Car important natural almost should kitchen key.,Low,2025-12-20 19:30:09,2026-01-02 19:30:09,DONE,SPR-PRJ-1-14,3
WIN-1539,PRJ-5,USR-40968,Bug,Other life series day north stay.,Medium,2026-03-23 03:19:09,2026-04-02 03:19:09,DONE,SPR-PRJ-4-4,2
CONF-6380,PRJ-9,USR-76249,Bug,Development life contain seat serve know.,Medium,2025-11-22 00:11:57,2025-12-01 00:11:57,DONE,SPR-PRJ-9-23,2
ORGA-8502,PRJ-6,USR-21915,Task,Area just draw group.,Low,2026-06-14 04:40:59,2026-06-17 04:40:59,DONE,SPR-PRJ-3-7,3
CONF-6056,PRJ-9,USR-73242,Bug,Others common produce allow much too trouble.,High,2025-11-16 10:55:34,2025-11-27 10:55:34,DONE,SPR-PRJ-6-0,3
ANIM-6832,PRJ-2,USR-58689,Task,Clearly cover walk drop skin.,Medium,2026-01-16 14:01:49,2026-01-26 14:01:49,DONE,SPR-PRJ-1-22,3
TERM-4020,PRJ-7,USR-16839,Story,Operation discover evidence against husband remain agree summer.,High,2025-12-19 17:19:23,2026-01-01 17:19:23,DONE,SPR-PRJ-9-17,2
PROF-5983,PRJ-3,USR-10150,Bug,World else difficult true human gas candidate.,Low,2026-02-20 16:51:50,2026-03-02 16:51:50,DONE,SPR-PRJ-7-14,2
CHOI-8659,PRJ-4,USR-94599,Bug,Mrs hot sing out bed media.,High,2026-02-06 09:39:17,2026-02-11 09:39:17,DONE,SPR-PRJ-6-19,3
DEVE-6790,PRJ-0,USR-88697,Bug,Resource any size technology enter most stock.,Low,2025-12-30 02:47:26,2026-01-11 02:47:26,DONE,SPR-PRJ-4-2,1
LIST-9993,PRJ-8,USR-60052,Bug,Mother sister future blood which.,Low,2026-02-04 13:55:27,2026-02-13 13:55:27,DONE,SPR-PRJ-5-0,8
CHOI-1311,PRJ-4,USR-91689,Bug,Situation eight gun white toward morning according.,Low,2026-05-30 07:25:58,2026-06-09 07:25:58,DONE,SPR-PRJ-3-20,1
WIN-7833,PRJ-5,USR-39041,Task,Improve year wife half song look.,Medium,2026-01-01 02:42:36,2026-01-02 02:42:36,DONE,SPR-PRJ-9-1,8
PROF-2662,PRJ-3,USR-31319,Story,Nearly point land however quickly among.,Medium,2026-08-26 19:30:33,2026-09-05 19:30:33,DONE,SPR-PRJ-7-21,2
THES-3215,PRJ-1,USR-71186,Story,Week collection eat avoid lose top behavior why.,Medium,2026-07-04 09:36:27,2026-07-12 09:36:27,DONE,SPR-PRJ-6-10,2
THES-3584,PRJ-1,USR-31319,Story,Nice who two week simply product.,Medium,2026-09-12 20:56:23,2026-09-16 20:56:23,DONE,SPR-PRJ-1-0,8
ANIM-4939,PRJ-2,USR-27601,Story,Not since city those market step record.,High,2026-04-24 15:44:34,2026-04-28 15:44:34,DONE,SPR-PRJ-2-14,5
THES-5769,PRJ-1,USR-62184,Story,South note something community.,High,2026-01-02 16:09:05,2026-01-05 16:09:05,DONE,SPR-PRJ-5-4,1
CONF-7986,PRJ-9,USR-89635,Story,Listen project hot feel.,High,2026-08-10 10:07:25,2026-08-20 10:07:25,DONE,SPR-PRJ-3-17,8
TERM-8961,PRJ-7,USR-28830,Bug,Doctor set my.,Low,2026-03-11 20:02:30,2026-03-23 20:02:30,DONE,SPR-PRJ-0-3,1
CONF-2297,PRJ-9,USR-63665,Task,Likely affect bad.,High,2026-04-11 16:33:06,2026-04-25 16:33:06,DONE,SPR-PRJ-8-1,2
CHOI-4583,PRJ-4,USR-26059,Task,Money fine range change.,High,2025-10-13 00:17:06,2025-10-19 00:17:06,DONE,SPR-PRJ-9-17,1
CHOI-8132,PRJ-4,USR-73956,Bug,Race room prevent about.,High,2025-10-05 04:42:15,2025-10-17 04:42:15,DONE,SPR-PRJ-7-8,8
ANIM-9733,PRJ-2,USR-31417,Task,Guess hand even huge morning people probably.,High,2026-07-04 19:24:39,2026-07-05 19:24:39,DONE,SPR-PRJ-6-15,2
DEVE-9934,PRJ-0,USR-18993,Bug,Area thousand image capital.,Low,2026-06-24 07:54:59,2026-07-04 07:54:59,DONE,SPR-PRJ-6-20,1
ORGA-1206,PRJ-6,USR-22463,Bug,Practice adult best commercial race number.,High,2026-03-27 02:52:40,2026-03-30 02:52:40,DONE,SPR-PRJ-2-19,1
ANIM-8387,PRJ-2,USR-95717,Bug,Color anything test huge loss.,High,2026-01-03 03:55:59,2026-01-06 03:55:59,DONE,SPR-PRJ-0-22,2
CONF-6674,PRJ-9,USR-59941,Bug,Factor myself voice country add whose.,High,2026-09-14 19:21:47,2026-09-17 19:21:47,DONE,SPR-PRJ-9-11,5
THES-7568,PRJ-1,USR-40982,Task,Center draw new huge religious action any.,Medium,2026-04-12 03:05:09,2026-04-25 03:05:09,DONE,SPR-PRJ-8-20,8
ANIM-6240,PRJ-2,USR-27927,Task,Friend within child care magazine.,Medium,2025-10-31 02:36:04,2025-11-13 02:36:04,DONE,SPR-PRJ-1-19,5
CONF-5896,PRJ-9,USR-81176,Task,Garden region per least believe and blood.,High,2026-01-09 00:00:40,2026-01-20 00:00:40,DONE,SPR-PRJ-9-3,1
CONF-9550,PRJ-9,USR-48469,Bug,Participant suggest low car pay go number.,Medium,2026-03-13 20:16:40,2026-03-14 20:16:40,DONE,SPR-PRJ-4-18,3
LIST-6241,PRJ-8,USR-10150,Task,Summer choice rich good.,Medium,2025-10-14 21:53:18,2025-10-15 21:53:18,DONE,SPR-PRJ-2-11,5
CONF-9063,PRJ-9,USR-41925,Bug,Relate wide last about environmental.,Low,2025-12-28 11:58:07,2026-01-01 11:58:07,DONE,SPR-PRJ-0-6,5
LIST-4805,PRJ-8,USR-92203,Story,Senior one measure order billion.,High,2026-06-05 09:42:43,2026-06-13 09:42:43,DONE,SPR-PRJ-9-15,2
CONF-8253,PRJ-9,USR-94607,Bug,Training trial specific back success soon position bar.,High,2026-04-22 22:33:05,2026-05-02 22:33:05,DONE,SPR-PRJ-0-6,1
DEVE-6914,PRJ-0,USR-76244,Story,Wind tough level store.,High,2026-05-18 13:51:46,2026-05-23 13:51:46,DONE,SPR-PRJ-0-7,5
CONF-1647,PRJ-9,USR-11658,Story,Receive book social finally contain.,Medium,2026-03-24 09:50:47,2026-03-30 09:50:47,DONE,SPR-PRJ-0-16,1
CHOI-8776,PRJ-4,USR-54313,Task,Step old citizen candidate over military nation.,High,2026-05-02 22:40:20,2026-05-13 22:40:20,DONE,SPR-PRJ-4-4,3
ORGA-9359,PRJ-6,USR-55309,Bug,Concern president weight whose.,Low,2026-06-23 03:15:04,2026-06-25 03:15:04,DONE,SPR-PRJ-1-17,3
DEVE-6044,PRJ-0,USR-46002,Story,Road dog under its smile lose think.,High,2026-09-17 06:53:08,2026-09-26 06:53:08,DONE,SPR-PRJ-7-0,8
THES-5495,PRJ-1,USR-21053,Task,Course figure picture garden fight.,Medium,2026-01-05 02:43:43,2026-01-18 02:43:43,DONE,SPR-PRJ-7-9,5
CONF-6543,PRJ-9,USR-71669,Bug,Million close window heavy live front image.,High,2026-09-10 05:16:05,2026-09-12 05:16:05,DONE,SPR-PRJ-5-3,1
WIN-2230,PRJ-5,USR-19666,Task,Development million put amount church.,High,2026-06-30 02:07:21,2026-07-03 02:07:21,DONE,SPR-PRJ-9-10,2
CHOI-6734,PRJ-4,USR-95461,Bug,Another south establish move affect father fall.,High,2026-09-17 14:51:43,2026-09-25 14:51:43,DONE,SPR-PRJ-4-21,2
DEVE-6788,PRJ-0,USR-21835,Story,Which phone return nothing act assume.,Low,2026-05-10 16:05:51,2026-05-15 16:05:51,DONE,SPR-PRJ-5-14,8
LIST-9173,PRJ-8,USR-90805,Story,Lot long camera these if reason.,Low,2026-06-25 10:15:12,2026-07-05 10:15:12,DONE,SPR-PRJ-9-8,2
TERM-1260,PRJ-7,USR-53369,Story,Call energy child almost.,Low,2026-06-23 10:26:14,2026-06-27 10:26:14,DONE,SPR-PRJ-6-3,8
CONF-9659,PRJ-9,USR-97747,Bug,Discuss other be whatever type picture around beyond.,Medium,2026-03-06 04:42:56,2026-03-11 04:42:56,DONE,SPR-PRJ-1-10,5
WIN-7437,PRJ-5,USR-87924,Bug,Level board represent sell.,High,2026-02-02 22:22:02,2026-02-12 22:22:02,DONE,SPR-PRJ-0-19,8
TERM-7639,PRJ-7,USR-54942,Task,How treatment else whether.,High,2025-12-07 13:19:14,2025-12-13 13:19:14,DONE,SPR-PRJ-9-5,2
ANIM-1926,PRJ-2,USR-82384,Story,Occur small these plant miss call.,High,2026-02-01 10:40:45,2026-02-06 10:40:45,DONE,SPR-PRJ-8-7,1
THES-7134,PRJ-1,USR-53369,Bug,Design form month say large.,Medium,2026-05-22 00:12:21,2026-05-25 00:12:21,DONE,SPR-PRJ-9-7,5
LIST-7874,PRJ-8,USR-55309,Task,Citizen much drug soldier.,Medium,2026-01-23 20:50:29,2026-01-24 20:50:29,DONE,SPR-PRJ-3-0,3
THES-6021,PRJ-1,USR-25012,Story,Pattern range treatment loss live various.,High,2026-07-19 18:15:37,2026-07-21 18:15:37,DONE,SPR-PRJ-1-2,5
CHOI-6446,PRJ-4,USR-58393,Story,Tell after collection issue tree.,Low,2026-02-11 00:27:38,2026-02-20 00:27:38,DONE,SPR-PRJ-5-16,3
PROF-9284,PRJ-3,USR-41571,Story,Let single idea action rest.,Low,2026-07-12 00:43:56,2026-07-14 00:43:56,DONE,SPR-PRJ-1-7,5
ORGA-5723,PRJ-6,USR-31581,Bug,None off reflect player it success image ten.,Medium,2025-11-21 14:16:03,2025-11-24 14:16:03,DONE,SPR-PRJ-2-16,5
CONF-9655,PRJ-9,USR-95191,Bug,Feeling later major success relationship.,Low,2026-06-04 10:11:11,2026-06-17 10:11:11,DONE,SPR-PRJ-1-6,3
WIN-2953,PRJ-5,USR-27961,Bug,Probably appear TV compare eat.,High,2026-01-28 11:58:54,2026-02-10 11:58:54,DONE,SPR-PRJ-5-15,2
PROF-1798,PRJ-3,USR-62431,Bug,Manage century relate article item wear specific environment.,High,2026-03-01 12:30:13,2026-03-06 12:30:13,DONE,SPR-PRJ-3-11,2
THES-3298,PRJ-1,USR-55508,Story,Perform figure discuss off onto.,Low,2026-05-06 16:17:57,2026-05-14 16:17:57,DONE,SPR-PRJ-5-16,5
THES-5401,PRJ-1,USR-39451,Task,Table school public tend social read.,Low,2026-01-12 14:33:30,2026-01-24 14:33:30,DONE,SPR-PRJ-6-7,5
CONF-7770,PRJ-9,USR-64805,Task,Light really free cup still step better.,Low,2025-12-03 17:42:21,2025-12-05 17:42:21,DONE,SPR-PRJ-9-9,2
DEVE-7320,PRJ-0,USR-79822,Task,After loss everyone eat together.,Medium,2025-12-21 21:53:28,2025-12-23 21:53:28,DONE,SPR-PRJ-3-17,8
WIN-1036,PRJ-5,USR-80282,Story,Anything worry institution big condition.,Medium,2026-06-17 17:49:12,2026-06-18 17:49:12,DONE,SPR-PRJ-0-0,3
LIST-7809,PRJ-8,USR-57381,Bug,Value against now hear research learn area.,High,2026-01-18 19:09:50,2026-01-29 19:09:50,DONE,SPR-PRJ-1-10,1
THES-5329,PRJ-1,USR-68115,Task,And trouble hundred by start force.,High,2025-12-25 08:15:09,2025-12-31 08:15:09,DONE,SPR-PRJ-0-9,5
CONF-8416,PRJ-9,USR-82309,Story,Maintain bed water.,High,2026-08-10 23:21:13,2026-08-21 23:21:13,DONE,SPR-PRJ-0-17,3
CHOI-7426,PRJ-4,USR-22240,Task,Teacher approach onto whom plant recognize event.,High,2026-01-30 21:27:54,2026-02-03 21:27:54,DONE,SPR-PRJ-7-12,8
ANIM-9500,PRJ-2,USR-88139,Bug,Watch hotel author order choose.,Low,2025-11-25 02:44:30,2025-12-07 02:44:30,DONE,SPR-PRJ-9-5,8
TERM-8156,PRJ-7,USR-73300,Task,Task capital discussion song along main.,Low,2026-08-08 16:54:30,2026-08-21 16:54:30,DONE,SPR-PRJ-6-11,8
WIN-6150,PRJ-5,USR-21846,Bug,Only such state run.,Low,2026-04-15 16:41:10,2026-04-26 16:41:10,DONE,SPR-PRJ-5-16,2
TERM-6109,PRJ-7,USR-84341,Task,Tough glass sea role financial which.,Low,2026-09-06 00:30:51,2026-09-10 00:30:51,DONE,SPR-PRJ-6-10,3
WIN-1072,PRJ-5,USR-44116,Story,Pattern themselves body reality.,Low,2026-07-19 22:17:40,2026-07-20 22:17:40,DONE,SPR-PRJ-2-12,3
WIN-7714,PRJ-5,USR-28643,Task,Group we thus hot something community.,Low,2026-08-26 07:13:17,2026-08-27 07:13:17,DONE,SPR-PRJ-9-2,8
TERM-7435,PRJ-7,USR-41499,Story,Power wonder important admit six build improve suddenly.,High,2026-04-14 22:35:27,2026-04-16 22:35:27,DONE,SPR-PRJ-0-14,1
ANIM-7220,PRJ-2,USR-41266,Story,Price through respond down capital them a.,Low,2025-10-25 20:51:20,2025-10-26 20:51:20,DONE,SPR-PRJ-9-8,2
DEVE-9220,PRJ-0,USR-82924,Bug,Fine eye area parent.,High,2026-03-15 05:12:26,2026-03-21 05:12:26,DONE,SPR-PRJ-4-7,3
PROF-8710,PRJ-3,USR-23256,Bug,May grow present other leave back.,Medium,2026-06-10 02:21:17,2026-06-11 02:21:17,DONE,SPR-PRJ-8-18,5
WIN-8516,PRJ-5,USR-26912,Task,Realize institution tree measure seat.,Low,2025-12-09 16:35:30,2025-12-22 16:35:30,DONE,SPR-PRJ-7-23,3
ANIM-3794,PRJ-2,USR-20828,Bug,Body bad expect.,Low,2026-05-15 04:56:50,2026-05-29 04:56:50,DONE,SPR-PRJ-3-2,5
THES-9057,PRJ-1,USR-15229,Story,Run support run outside magazine message.,Medium,2026-07-16 21:46:00,2026-07-26 21:46:00,DONE,SPR-PRJ-8-0,2
ORGA-6369,PRJ-6,USR-21221,Bug,Better order although son time prevent history.,Medium,2026-04-09 11:13:14,2026-04-17 11:13:14,DONE,SPR-PRJ-2-17,8
DEVE-4671,PRJ-0,USR-62994,Story,Mission imagine meet remain safe become stage.,Medium,2025-12-30 08:41:23,2025-12-31 08:41:23,DONE,SPR-PRJ-0-15,8
THES-3111,PRJ-1,USR-29340,Bug,Us animal go along option free.,Medium,2026-02-11 03:20:41,2026-02-19 03:20:41,DONE,SPR-PRJ-9-11,3
THES-4304,PRJ-1,USR-51553,Task,Movie civil long model activity we research.,Medium,2026-03-01 09:46:35,2026-03-13 09:46:35,DONE,SPR-PRJ-2-15,3
THES-6116,PRJ-1,USR-64874,Story,Right work both.,High,2025-11-26 18:38:15,2025-12-01 18:38:15,DONE,SPR-PRJ-0-15,8
CHOI-7678,PRJ-4,USR-69441,Task,Language place leader goal executive.,Low,2026-06-13 16:25:20,2026-06-21 16:25:20,DONE,SPR-PRJ-2-0,5
CONF-4089,PRJ-9,USR-27927,Story,Development right sit where develop shoulder page.,Medium,2026-03-26 23:32:43,2026-03-28 23:32:43,DONE,SPR-PRJ-7-14,8
DEVE-5017,PRJ-0,USR-15726,Bug,Set once write he political get exist.,High,2026-09-05 09:25:57,2026-09-06 09:25:57,DONE,SPR-PRJ-5-9,3
CHOI-5092,PRJ-4,USR-82305,Task,In through employee lose nor.,High,2026-04-28 00:38:17,2026-05-09 00:38:17,DONE,SPR-PRJ-1-22,1
PROF-8720,PRJ-3,USR-38746,Bug,Money rich last attention night several.,High,2026-03-14 19:32:33,2026-03-25 19:32:33,DONE,SPR-PRJ-9-16,1
TERM-7769,PRJ-7,USR-28818,Task,Base fight issue go.,Medium,2026-09-08 20:27:23,2026-09-12 20:27:23,DONE,SPR-PRJ-9-2,5
WIN-6711,PRJ-5,USR-22245,Story,Start debate field unit become any.,High,2026-05-20 22:30:55,2026-05-25 22:30:55,DONE,SPR-PRJ-9-14,8
CHOI-4310,PRJ-4,USR-22249,Story,Decide use administration allow glass strong.,High,2026-05-28 00:07:14,2026-05-29 00:07:14,DONE,SPR-PRJ-1-11,5
WIN-4365,PRJ-5,USR-25292,Bug,Former social drive like live some.,Low,2026-02-08 08:58:54,2026-02-21 08:58:54,DONE,SPR-PRJ-1-10,2
THES-4371,PRJ-1,USR-85711,Story,Between manager newspaper board situation.,Medium,2025-10-04 02:51:05,2025-10-15 02:51:05,DONE,SPR-PRJ-5-13,3
ANIM-7168,PRJ-2,USR-51441,Task,Blue executive lose child system century.,High,2026-08-19 01:11:01,2026-08-26 01:11:01,DONE,SPR-PRJ-4-16,3
THES-5865,PRJ-1,USR-84177,Task,Catch heart stand front.,High,2026-06-12 03:20:35,2026-06-14 03:20:35,DONE,SPR-PRJ-9-22,5
ANIM-8424,PRJ-2,USR-20646,Bug,You fast yeah medical.,Medium,2025-10-06 04:41:06,2025-10-10 04:41:06,DONE,SPR-PRJ-0-13,2
CONF-6360,PRJ-9,USR-15482,Task,Program only nearly.,High,2026-07-13 01:10:14,2026-07-24 01:10:14,DONE,SPR-PRJ-0-8,2
PROF-8437,PRJ-3,USR-15778,Task,Suggest husband leader minute long finally best.,Low,2025-12-17 01:03:49,2025-12-20 01:03:49,DONE,SPR-PRJ-5-17,3
CONF-5917,PRJ-9,USR-28321,Story,Dark soldier example.,Medium,2025-12-19 06:53:02,2025-12-30 06:53:02,DONE,SPR-PRJ-7-17,3
CONF-5526,PRJ-9,USR-98381,Bug,Significant arrive air bag development.,Medium,2026-04-19 07:10:35,2026-04-24 07:10:35,DONE,SPR-PRJ-4-14,3
DEVE-1494,PRJ-0,USR-44687,Story,Film view worry man wind everyone join nothing.,Medium,2025-11-27 02:03:08,2025-12-11 02:03:08,DONE,SPR-PRJ-1-15,8
WIN-5188,PRJ-5,USR-57265,Story,Finish even senior check people really.,Low,2026-06-03 23:54:14,2026-06-13 23:54:14,DONE,SPR-PRJ-5-0,5
THES-5935,PRJ-1,USR-94259,Bug,Miss sometimes church front.,Low,2026-02-13 11:19:01,2026-02-24 11:19:01,DONE,SPR-PRJ-8-0,2
WIN-1728,PRJ-5,USR-56179,Bug,Place argue coach economic can to.,High,2026-03-21 15:12:53,2026-03-22 15:12:53,DONE,SPR-PRJ-8-12,3
DEVE-9114,PRJ-0,USR-27790,Task,Head sea later.,High,2026-01-16 09:50:21,2026-01-27 09:50:21,DONE,SPR-PRJ-2-15,1
CHOI-1206,PRJ-4,USR-82910,Story,Continue bad hard nor.,Low,2026-08-22 07:04:56,2026-09-03 07:04:56,DONE,SPR-PRJ-0-22,5
ANIM-8992,PRJ-2,USR-63964,Bug,Bill might pick sign medical.,Low,2025-10-13 20:20:50,2025-10-25 20:20:50,DONE,SPR-PRJ-9-19,2
LIST-6545,PRJ-8,USR-72616,Bug,Front include issue.,High,2026-09-14 16:16:12,2026-09-21 16:16:12,DONE,SPR-PRJ-9-16,5
WIN-8669,PRJ-5,USR-68028,Task,Song sure design camera money family every.,Low,2026-06-29 13:23:23,2026-07-06 13:23:23,DONE,SPR-PRJ-0-20,5
PROF-7890,PRJ-3,USR-49857,Task,Almost news son indicate for list particularly stop.,Medium,2026-05-31 12:38:53,2026-06-11 12:38:53,DONE,SPR-PRJ-0-3,3
ORGA-2909,PRJ-6,USR-77000,Story,Few choice certain son else.,Low,2026-08-07 15:45:18,2026-08-13 15:45:18,DONE,SPR-PRJ-4-10,2
THES-9368,PRJ-1,USR-82924,Task,Economy name hotel right.,High,2026-04-30 15:03:21,2026-05-10 15:03:21,DONE,SPR-PRJ-1-8,1
CHOI-7354,PRJ-4,USR-74251,Bug,Doctor baby happen difficult available structure body.,Medium,2025-12-30 20:16:43,2026-01-09 20:16:43,DONE,SPR-PRJ-8-0,8
THES-7960,PRJ-1,USR-15965,Story,Receive herself herself.,Medium,2026-04-21 23:07:54,2026-05-02 23:07:54,DONE,SPR-PRJ-0-13,3
ANIM-3956,PRJ-2,USR-40539,Bug,Turn small page eat.,High,2026-05-12 23:49:01,2026-05-19 23:49:01,DONE,SPR-PRJ-2-16,2
TERM-5613,PRJ-7,USR-59372,Story,According be enough us small them.,High,2026-05-07 18:51:08,2026-05-15 18:51:08,DONE,SPR-PRJ-4-3,2
LIST-7967,PRJ-8,USR-75570,Story,Store sport sound past.,Low,2026-05-05 11:55:57,2026-05-11 11:55:57,DONE,SPR-PRJ-7-2,3
ANIM-3847,PRJ-2,USR-46585,Task,Suggest her price out thousand risk.,Medium,2026-07-08 21:05:03,2026-07-16 21:05:03,DONE,SPR-PRJ-2-4,3
CONF-5740,PRJ-9,USR-71385,Task,Need since face why determine bad behavior.,High,2026-03-04 21:10:13,2026-03-05 21:10:13,DONE,SPR-PRJ-8-12,3
ANIM-8680,PRJ-2,USR-23446,Story,Middle book tax talk.,Medium,2026-07-17 09:57:36,2026-07-30 09:57:36,DONE,SPR-PRJ-5-14,2
ORGA-4391,PRJ-6,USR-34356,Bug,Fine we game beat.,Low,2026-05-30 23:37:20,2026-06-03 23:37:20,DONE,SPR-PRJ-8-9,3
LIST-3478,PRJ-8,USR-67432,Bug,Church player knowledge onto able.,High,2026-06-27 07:38:31,2026-07-08 07:38:31,DONE,SPR-PRJ-8-23,5
ORGA-3273,PRJ-6,USR-82140,Story,Although guess ability seat society southern total.,Low,2026-01-26 01:27:00,2026-02-06 01:27:00,DONE,SPR-PRJ-9-7,1
ANIM-9233,PRJ-2,USR-11231,Bug,Fast stage learn defense.,High,2026-03-21 23:32:41,2026-04-03 23:32:41,DONE,SPR-PRJ-2-5,5
ORGA-5976,PRJ-6,USR-50306,Bug,Bit speak government treat even.,High,2025-10-05 10:05:54,2025-10-08 10:05:54,DONE,SPR-PRJ-4-10,3
DEVE-4153,PRJ-0,USR-69878,Bug,Watch check foreign with.,High,2026-03-29 23:13:59,2026-04-10 23:13:59,DONE,SPR-PRJ-1-20,8
WIN-4583,PRJ-5,USR-85574,Bug,So lawyer environment development tax.,Low,2026-05-17 20:10:04,2026-05-19 20:10:04,DONE,SPR-PRJ-7-0,2
ANIM-8343,PRJ-2,USR-17104,Task,Election physical party wide last.,High,2026-03-20 14:54:22,2026-03-30 14:54:22,DONE,SPR-PRJ-6-17,3
WIN-7599,PRJ-5,USR-69470,Task,East blood director security your.,High,2026-05-19 15:16:36,2026-05-22 15:16:36,DONE,SPR-PRJ-7-11,5
CHOI-9877,PRJ-4,USR-18564,Story,Control picture white audience.,Low,2026-01-17 04:06:47,2026-01-27 04:06:47,DONE,SPR-PRJ-5-9,2
THES-6374,PRJ-1,USR-40771,Task,Admit cold service late do assume.,Medium,2026-08-16 15:27:18,2026-08-23 15:27:18,DONE,SPR-PRJ-2-20,8
WIN-8216,PRJ-5,USR-94607,Bug,Animal major way drop rate already ago.,High,2026-06-04 19:20:41,2026-06-07 19:20:41,DONE,SPR-PRJ-7-12,5
CHOI-1388,PRJ-4,USR-87924,Bug,Image forward imagine behind focus how home eye.,Medium,2026-04-22 06:36:20,2026-05-01 06:36:20,DONE,SPR-PRJ-9-3,3
CHOI-6240,PRJ-4,USR-35048,Task,Kid week hundred outside theory.,Medium,2025-10-20 19:40:51,2025-10-22 19:40:51,DONE,SPR-PRJ-7-16,2
WIN-1269,PRJ-5,USR-20336,Story,Staff opportunity meeting might level together east space.,Low,2026-02-20 23:37:22,2026-03-02 23:37:22,DONE,SPR-PRJ-9-1,1
ORGA-8267,PRJ-6,USR-72094,Story,Tv lay life.,Low,2025-10-06 19:23:37,2025-10-18 19:23:37,DONE,SPR-PRJ-6-22,3
THES-5665,PRJ-1,USR-19807,Story,Know wear she develop.,Medium,2026-07-16 14:09:15,2026-07-23 14:09:15,DONE,SPR-PRJ-1-3,8
TERM-9763,PRJ-7,USR-76550,Story,Off finally culture dark wrong already.,High,2026-04-01 13:24:15,2026-04-12 13:24:15,DONE,SPR-PRJ-1-11,1
THES-2092,PRJ-1,USR-60351,Bug,Book those kind off.,Low,2026-04-19 22:35:08,2026-04-26 22:35:08,DONE,SPR-PRJ-4-5,5
DEVE-4266,PRJ-0,USR-35995,Task,Strategy yeah everyone age two environmental.,Low,2026-07-18 16:26:58,2026-07-22 16:26:58,DONE,SPR-PRJ-9-13,5
TERM-2648,PRJ-7,USR-23434,Task,War special free option.,Medium,2026-01-19 00:47:51,2026-01-30 00:47:51,DONE,SPR-PRJ-9-3,3
ORGA-9013,PRJ-6,USR-85456,Task,Dinner do product field north.,Medium,2026-03-19 20:18:51,2026-03-23 20:18:51,DONE,SPR-PRJ-6-9,2
CONF-1092,PRJ-9,USR-87278,Task,Hear class nothing board simply ago.,Medium,2026-03-04 02:03:52,2026-03-13 02:03:52,DONE,SPR-PRJ-6-23,8
DEVE-6796,PRJ-0,USR-48254,Bug,Growth trade theory serious find.,High,2025-12-17 22:49:41,2025-12-18 22:49:41,DONE,SPR-PRJ-9-1,2
CONF-3885,PRJ-9,USR-47752,Story,On his identify girl rest response whatever party.,Medium,2026-06-23 18:27:17,2026-06-28 18:27:17,DONE,SPR-PRJ-5-6,8
WIN-9448,PRJ-5,USR-47431,Story,Dog yes describe nothing field into tree.,Medium,2026-06-05 11:06:11,2026-06-12 11:06:11,DONE,SPR-PRJ-1-7,3
THES-1910,PRJ-1,USR-93886,Task,Manager reveal upon cultural second nice give.,High,2026-01-11 00:03:40,2026-01-20 00:03:40,DONE,SPR-PRJ-5-9,3
PROF-6063,PRJ-3,USR-72216,Task,Tax wide during perform tend probably.,Low,2026-04-19 06:14:47,2026-04-23 06:14:47,DONE,SPR-PRJ-8-17,8
CHOI-2714,PRJ-4,USR-40647,Task,Law begin red yard where event customer.,Low,2026-02-24 15:41:47,2026-03-03 15:41:47,DONE,SPR-PRJ-5-7,1
PROF-1217,PRJ-3,USR-82512,Bug,True hospital visit involve half next big.,Low,2025-11-14 06:16:43,2025-11-25 06:16:43,DONE,SPR-PRJ-2-16,2
THES-1685,PRJ-1,USR-50963,Task,Station leg by thing building.,Low,2026-08-31 21:21:56,2026-09-01 21:21:56,DONE,SPR-PRJ-6-3,3
THES-3972,PRJ-1,USR-94239,Bug,Agency recently onto partner various he.,Low,2025-11-18 21:00:14,2025-12-02 21:00:14,DONE,SPR-PRJ-6-6,1
PROF-9884,PRJ-3,USR-81987,Task,Few decade or really language big.,Medium,2026-01-07 02:10:32,2026-01-21 02:10:32,DONE,SPR-PRJ-4-14,1
LIST-6245,PRJ-8,USR-88504,Story,Position guess above them out down product little.,Medium,2026-01-19 21:43:53,2026-01-20 21:43:53,DONE,SPR-PRJ-6-21,2
PROF-9745,PRJ-3,USR-92998,Bug,Right world huge section.,Low,2026-08-19 03:46:53,2026-08-23 03:46:53,DONE,SPR-PRJ-0-5,8
PROF-3639,PRJ-3,USR-87184,Story,Focus page system area agency under.,Low,2025-11-24 13:43:08,2025-12-04 13:43:08,DONE,SPR-PRJ-9-7,5
ORGA-4970,PRJ-6,USR-65302,Task,According project six.,High,2026-02-25 04:50:14,2026-03-03 04:50:14,DONE,SPR-PRJ-9-22,3
THES-4644,PRJ-1,USR-24322,Story,Project seek bar force.,Medium,2026-08-02 04:52:52,2026-08-11 04:52:52,DONE,SPR-PRJ-4-10,1
TERM-9082,PRJ-7,USR-32349,Bug,Audience one court election education side.,Low,2025-10-25 14:56:50,2025-11-03 14:56:50,DONE,SPR-PRJ-5-21,8
TERM-6236,PRJ-7,USR-45382,Task,Method cause because discuss another science mention pretty.,Low,2026-05-27 02:24:05,2026-06-06 02:24:05,DONE,SPR-PRJ-8-0,2
ORGA-1212,PRJ-6,USR-58689,Task,Table program heart of anything quite wear.,High,2025-12-11 00:00:04,2025-12-21 00:00:04,DONE,SPR-PRJ-9-7,2
ANIM-7193,PRJ-2,USR-78012,Task,System long cultural usually available enough energy.,High,2026-09-16 14:46:39,2026-09-20 14:46:39,DONE,SPR-PRJ-9-20,5
CHOI-6955,PRJ-4,USR-45400,Task,Put want letter physical physical include too.,High,2025-11-14 10:56:53,2025-11-22 10:56:53,DONE,SPR-PRJ-3-19,2
LIST-9713,PRJ-8,USR-46211,Story,Right audience catch write sign morning.,Low,2026-02-14 20:37:55,2026-02-21 20:37:55,DONE,SPR-PRJ-6-23,8
THES-2687,PRJ-1,USR-91885,Task,Again degree bank road.,Medium,2025-11-18 20:40:46,2025-11-22 20:40:46,DONE,SPR-PRJ-8-9,2
TERM-8009,PRJ-7,USR-59986,Story,Business his point physical response.,Low,2026-02-28 09:18:51,2026-03-06 09:18:51,DONE,SPR-PRJ-0-15,5
PROF-9257,PRJ-3,USR-57381,Bug,Choose including share.,High,2026-08-14 16:59:06,2026-08-19 16:59:06,DONE,SPR-PRJ-4-15,3
WIN-9341,PRJ-5,USR-20155,Bug,Job draw medical first personal opportunity including leg.,Medium,2026-06-22 00:56:30,2026-07-04 00:56:30,DONE,SPR-PRJ-7-22,3
PROF-9855,PRJ-3,USR-55508,Bug,Student challenge sit.,Medium,2026-01-11 08:09:31,2026-01-14 08:09:31,DONE,SPR-PRJ-2-23,3
WIN-6525,PRJ-5,USR-40647,Bug,Require safe probably within.,High,2026-06-12 18:37:04,2026-06-19 18:37:04,DONE,SPR-PRJ-2-1,8
ANIM-5412,PRJ-2,USR-82260,Story,Chance thought source source treatment company thousand.,Medium,2025-11-20 07:09:34,2025-11-22 07:09:34,DONE,SPR-PRJ-4-0,1
ANIM-9376,PRJ-2,USR-96363,Task,On painting person fly team view fine.,Low,2025-12-29 07:46:23,2026-01-03 07:46:23,DONE,SPR-PRJ-5-3,5
TERM-1402,PRJ-7,USR-48829,Bug,Increase either feeling minute set eat two picture.,Medium,2026-09-14 04:54:51,2026-09-22 04:54:51,DONE,SPR-PRJ-5-23,5
THES-4100,PRJ-1,USR-65435,Story,Itself both will break finally wife determine.,High,2026-07-21 17:39:23,2026-08-02 17:39:23,DONE,SPR-PRJ-6-2,3
PROF-3285,PRJ-3,USR-13278,Task,Agency remain agency no look.,High,2026-03-11 10:29:30,2026-03-17 10:29:30,DONE,SPR-PRJ-2-13,8
WIN-5498,PRJ-5,USR-33416,Bug,Fish girl push site argue policy.,Low,2026-08-19 12:56:42,2026-08-22 12:56:42,DONE,SPR-PRJ-3-9,8
DEVE-1838,PRJ-0,USR-67132,Story,Sister most upon appear.,High,2026-02-24 21:37:33,2026-02-28 21:37:33,DONE,SPR-PRJ-9-15,2
PROF-6347,PRJ-3,USR-88696,Story,Officer read administration role west west.,Medium,2026-09-20 03:29:29,2026-09-28 03:29:29,DONE,SPR-PRJ-6-4,8
ORGA-9253,PRJ-6,USR-19447,Story,Break condition right however.,High,2026-03-27 16:48:28,2026-03-31 16:48:28,DONE,SPR-PRJ-1-13,3
LIST-7681,PRJ-8,USR-84607,Task,Describe couple meet.,Low,2026-07-05 11:08:19,2026-07-09 11:08:19,DONE,SPR-PRJ-3-4,5
LIST-9818,PRJ-8,USR-24293,Story,Someone compare floor price operation week life.,Medium,2025-10-25 02:27:49,2025-11-03 02:27:49,DONE,SPR-PRJ-4-16,2
CHOI-7472,PRJ-4,USR-87184,Story,Wife someone crime store with system firm.,Medium,2025-12-24 06:24:23,2025-12-28 06:24:23,DONE,SPR-PRJ-0-19,5
CHOI-7347,PRJ-4,USR-76244,Bug,Nor poor certainly rest.,Medium,2026-02-08 10:25:54,2026-02-11 10:25:54,DONE,SPR-PRJ-5-11,1
DEVE-9447,PRJ-0,USR-28818,Bug,Available look describe hot.,Medium,2026-01-09 14:22:36,2026-01-14 14:22:36,DONE,SPR-PRJ-6-2,1
CHOI-4646,PRJ-4,USR-93886,Story,Activity report international which hotel president television.,High,2026-09-20 04:38:20,2026-09-21 04:38:20,DONE,SPR-PRJ-7-14,1
ORGA-3931,PRJ-6,USR-42018,Bug,Civil way factor sure.,Medium,2025-11-06 09:06:55,2025-11-12 09:06:55,DONE,SPR-PRJ-8-22,3
LIST-6427,PRJ-8,USR-47453,Task,Air add amount huge economic.,High,2025-12-15 16:29:32,2025-12-18 16:29:32,DONE,SPR-PRJ-9-13,8
DEVE-9379,PRJ-0,USR-82063,Story,Record official coach education point cause letter.,Medium,2026-07-12 13:25:22,2026-07-24 13:25:22,DONE,SPR-PRJ-8-6,5
ORGA-1100,PRJ-6,USR-80284,Bug,Son always line respond.,High,2026-09-15 00:37:51,2026-09-23 00:37:51,DONE,SPR-PRJ-2-19,8
CONF-2735,PRJ-9,USR-91927,Story,Bar PM director interview good.,Medium,2026-04-18 18:14:24,2026-04-23 18:14:24,DONE,SPR-PRJ-0-18,1
LIST-9918,PRJ-8,USR-22903,Story,Name change able card ask.,High,2026-09-19 02:53:23,2026-09-21 02:53:23,DONE,SPR-PRJ-4-14,3
ANIM-4464,PRJ-2,USR-55309,Task,Nearly case like.,Medium,2026-03-20 09:49:52,2026-04-01 09:49:52,DONE,SPR-PRJ-2-17,1
DEVE-8603,PRJ-0,USR-45720,Task,Join respond majority recently.,High,2026-08-15 03:33:32,2026-08-18 03:33:32,DONE,SPR-PRJ-2-14,1
ORGA-8282,PRJ-6,USR-34267,Story,Pick for church rule force.,High,2026-07-19 21:44:32,2026-07-30 21:44:32,DONE,SPR-PRJ-2-2,1
WIN-5185,PRJ-5,USR-37535,Bug,Range affect whatever those.,Low,2026-02-02 21:42:26,2026-02-14 21:42:26,DONE,SPR-PRJ-1-18,3
ANIM-9317,PRJ-2,USR-40947,Story,Boy field Mrs eight can investment common.,Medium,2025-10-09 12:42:44,2025-10-22 12:42:44,DONE,SPR-PRJ-6-23,2
WIN-3272,PRJ-5,USR-77811,Task,Actually industry you.,Low,2026-06-21 23:06:46,2026-06-22 23:06:46,DONE,SPR-PRJ-1-6,2
WIN-1934,PRJ-5,USR-72973,Bug,Drive although second more.,High,2025-11-18 06:01:28,2025-11-23 06:01:28,DONE,SPR-PRJ-7-23,8
PROF-1887,PRJ-3,USR-14929,Story,Prove raise theory policy culture.,Medium,2025-09-28 01:22:29,2025-09-29 01:22:29,DONE,SPR-PRJ-7-21,2
ANIM-4927,PRJ-2,USR-54089,Task,Southern off wonder should center what.,Medium,2026-03-23 09:40:14,2026-03-24 09:40:14,DONE,SPR-PRJ-8-2,2
CHOI-4448,PRJ-4,USR-45774,Story,Born indeed how buy style six partner structure.,Low,2025-10-08 15:58:18,2025-10-17 15:58:18,DONE,SPR-PRJ-8-1,3
DEVE-9564,PRJ-0,USR-52101,Story,Across deal ability health travel.,Medium,2026-03-28 23:24:40,2026-04-06 23:24:40,DONE,SPR-PRJ-4-9,2
LIST-6231,PRJ-8,USR-86507,Story,Hope job enough.,Medium,2025-10-21 22:11:45,2025-11-01 22:11:45,DONE,SPR-PRJ-5-10,5
DEVE-6160,PRJ-0,USR-16632,Story,Air national face.,Medium,2026-03-26 06:44:50,2026-04-03 06:44:50,DONE,SPR-PRJ-1-19,1
CHOI-8709,PRJ-4,USR-32871,Story,Need between rock believe imagine central.,Low,2026-07-09 04:00:37,2026-07-11 04:00:37,DONE,SPR-PRJ-5-0,1
DEVE-4283,PRJ-0,USR-98381,Bug,Middle only fast budget.,Low,2026-03-06 07:21:04,2026-03-15 07:21:04,DONE,SPR-PRJ-7-8,3
TERM-4409,PRJ-7,USR-59692,Bug,Stand pressure who impact of relate.,Medium,2025-09-29 07:40:22,2025-10-06 07:40:22,DONE,SPR-PRJ-4-0,1
ORGA-1951,PRJ-6,USR-20336,Task,Business student remain head recently.,Medium,2025-11-04 07:10:49,2025-11-06 07:10:49,DONE,SPR-PRJ-1-13,1
PROF-8149,PRJ-3,USR-47512,Bug,Card soldier need answer.,High,2026-06-24 09:12:12,2026-06-30 09:12:12,DONE,SPR-PRJ-8-23,2
CHOI-1077,PRJ-4,USR-78327,Task,Cover lay knowledge fight glass even arm.,High,2026-04-10 09:22:58,2026-04-17 09:22:58,DONE,SPR-PRJ-0-4,2
TERM-8227,PRJ-7,USR-71186,Task,Market identify voice second put.,Medium,2026-06-25 14:18:27,2026-07-04 14:18:27,DONE,SPR-PRJ-3-2,8
ORGA-4216,PRJ-6,USR-79514,Task,Another blood break form city foot.,Medium,2026-05-16 08:28:40,2026-05-19 08:28:40,DONE,SPR-PRJ-2-18,8
TERM-7315,PRJ-7,USR-56346,Bug,Strong leg region need concern American.,High,2026-04-11 16:24:08,2026-04-24 16:24:08,DONE,SPR-PRJ-6-12,2
PROF-7007,PRJ-3,USR-93238,Task,Everybody onto wide after training grow.,High,2025-10-28 23:37:52,2025-11-06 23:37:52,DONE,SPR-PRJ-6-23,8
PROF-5755,PRJ-3,USR-19287,Story,Through medical religious or brother myself attack.,Medium,2026-09-12 10:09:06,2026-09-22 10:09:06,DONE,SPR-PRJ-8-15,8
WIN-5461,PRJ-5,USR-94599,Bug,Step capital participant throughout happy.,Medium,2026-09-07 03:44:19,2026-09-21 03:44:19,DONE,SPR-PRJ-4-22,1
CONF-7832,PRJ-9,USR-72163,Task,Where should produce hair these and.,Medium,2026-06-26 19:01:45,2026-07-10 19:01:45,DONE,SPR-PRJ-8-10,5
PROF-7306,PRJ-3,USR-80010,Bug,Nor kitchen knowledge outside work because.,High,2026-07-09 23:19:03,2026-07-22 23:19:03,DONE,SPR-PRJ-7-7,3
CONF-2582,PRJ-9,USR-21300,Bug,Size writer something difference remember.,High,2026-06-18 06:55:05,2026-06-23 06:55:05,DONE,SPR-PRJ-8-15,1
ORGA-5553,PRJ-6,USR-17355,Bug,Life will kind economic short raise.,High,2026-07-18 13:42:49,2026-07-31 13:42:49,DONE,SPR-PRJ-1-2,8
TERM-2119,PRJ-7,USR-52987,Bug,A now throughout ground most let.,Low,2025-10-31 01:05:49,2025-11-02 01:05:49,DONE,SPR-PRJ-4-3,3
ORGA-5050,PRJ-6,USR-82845,Story,There process who consider.,Medium,2025-10-12 02:22:00,2025-10-21 02:22:00,DONE,SPR-PRJ-9-3,3
TERM-2808,PRJ-7,USR-94659,Task,Cut remember organization heavy account.,Low,2026-07-25 13:24:24,2026-07-28 13:24:24,DONE,SPR-PRJ-5-20,1
ANIM-9037,PRJ-2,USR-66349,Bug,Evening item security candidate medical.,Low,2026-04-14 14:04:45,2026-04-20 14:04:45,DONE,SPR-PRJ-9-17,2
THES-7624,PRJ-1,USR-24168,Story,Only return according write many hospital black.,Low,2026-05-09 08:15:53,2026-05-21 08:15:53,DONE,SPR-PRJ-3-17,8
DEVE-5556,PRJ-0,USR-75338,Story,Room occur sense look this.,High,2025-11-11 08:02:17,2025-11-20 08:02:17,DONE,SPR-PRJ-3-10,3
TERM-3019,PRJ-7,USR-67432,Task,Call black trade foreign hour any situation support.,Medium,2026-08-21 09:01:43,2026-08-30 09:01:43,DONE,SPR-PRJ-7-13,1
DEVE-5452,PRJ-0,USR-37235,Task,Quality security think quality think certainly half.,High,2025-12-18 00:01:08,2025-12-21 00:01:08,DONE,SPR-PRJ-2-13,1
CONF-8967,PRJ-9,USR-98395,Bug,Team mention mention bit significant election dog.,High,2026-06-03 13:33:43,2026-06-06 13:33:43,DONE,SPR-PRJ-7-19,8
ANIM-8429,PRJ-2,USR-13804,Task,How drug Republican to across about down.,Low,2026-05-08 10:01:09,2026-05-20 10:01:09,DONE,SPR-PRJ-5-4,8
CONF-8871,PRJ-9,USR-43082,Task,Past woman sure wall president.,Low,2026-05-13 01:54:54,2026-05-27 01:54:54,DONE,SPR-PRJ-9-8,3
LIST-8560,PRJ-8,USR-88238,Bug,Fine range politics education son.,Low,2026-01-20 09:05:11,2026-01-24 09:05:11,DONE,SPR-PRJ-7-2,5
PROF-3340,PRJ-3,USR-52622,Story,Sure amount idea town.,Medium,2026-01-12 13:52:47,2026-01-24 13:52:47,DONE,SPR-PRJ-8-14,5
PROF-7574,PRJ-3,USR-28373,Task,Career policy unit expect discussion shoulder.,Medium,2025-12-02 02:55:18,2025-12-06 02:55:18,DONE,SPR-PRJ-7-11,1
DEVE-5808,PRJ-0,USR-22704,Task,Year board hospital view safe economic.,Low,2026-08-15 10:27:28,2026-08-22 10:27:28,DONE,SPR-PRJ-9-0,5
THES-3551,PRJ-1,USR-94843,Bug,Decide particularly forget phone represent nothing approach.,Low,2026-05-10 02:38:42,2026-05-18 02:38:42,DONE,SPR-PRJ-1-2,5
ORGA-5843,PRJ-6,USR-95823,Story,Region occur investment media fire medical development public.,Low,2026-08-08 10:58:07,2026-08-20 10:58:07,DONE,SPR-PRJ-6-11,1
LIST-2649,PRJ-8,USR-53228,Task,Program something author local finally statement.,Medium,2026-02-02 01:39:22,2026-02-05 01:39:22,DONE,SPR-PRJ-9-22,2
CHOI-5039,PRJ-4,USR-77154,Story,Major western decision.,Low,2026-01-24 00:38:46,2026-01-26 00:38:46,DONE,SPR-PRJ-3-9,8
ANIM-6496,PRJ-2,USR-18993,Task,South style letter hold.,Medium,2026-03-17 22:48:34,2026-03-26 22:48:34,DONE,SPR-PRJ-1-16,1
DEVE-7402,PRJ-0,USR-37802,Bug,First agent phone man movement.,Low,2026-09-03 18:47:03,2026-09-09 18:47:03,DONE,SPR-PRJ-0-8,2
DEVE-8721,PRJ-0,USR-51180,Story,Church course resource may executive door country ok.,Low,2026-02-24 14:36:52,2026-02-25 14:36:52,DONE,SPR-PRJ-8-16,5
WIN-5693,PRJ-5,USR-38683,Bug,Candidate never radio amount cost beautiful.,Low,2026-05-19 12:54:39,2026-05-22 12:54:39,DONE,SPR-PRJ-2-23,2
ORGA-5547,PRJ-6,USR-89928,Story,Fire city down reason represent speak.,Low,2025-11-19 15:37:06,2025-12-01 15:37:06,DONE,SPR-PRJ-4-15,1
WIN-2110,PRJ-5,USR-48684,Story,Late energy ready could why early lot avoid.,Medium,2026-01-15 13:05:12,2026-01-23 13:05:12,DONE,SPR-PRJ-2-9,2
LIST-7305,PRJ-8,USR-14081,Task,Form almost drug ground happy reason would among.,High,2026-03-10 13:56:30,2026-03-17 13:56:30,DONE,SPR-PRJ-1-4,3
WIN-6986,PRJ-5,USR-78494,Story,American box edge.,Low,2025-11-23 17:58:09,2025-11-29 17:58:09,DONE,SPR-PRJ-0-9,8
CHOI-2517,PRJ-4,USR-23176,Bug,Window enter value growth ever like.,Low,2025-12-11 12:31:50,2025-12-21 12:31:50,DONE,SPR-PRJ-8-22,8
ORGA-3465,PRJ-6,USR-21359,Task,She blue nor until.,High,2026-02-26 01:19:20,2026-02-27 01:19:20,DONE,SPR-PRJ-4-2,2
WIN-2431,PRJ-5,USR-28321,Bug,What challenge quality sense.,Medium,2026-05-16 20:08:18,2026-05-28 20:08:18,DONE,SPR-PRJ-3-20,1
CHOI-6481,PRJ-4,USR-72205,Story,Foot join if town collection change.,Medium,2025-10-02 12:04:59,2025-10-15 12:04:59,DONE,SPR-PRJ-2-2,3
DEVE-2083,PRJ-0,USR-50730,Bug,Prevent place half fast information.,High,2026-04-25 01:45:38,2026-04-27 01:45:38,DONE,SPR-PRJ-2-2,3
ORGA-2260,PRJ-6,USR-32617,Task,Eat above either hard specific future.,Medium,2026-06-23 20:43:07,2026-06-27 20:43:07,DONE,SPR-PRJ-1-14,2
DEVE-9356,PRJ-0,USR-23434,Story,Call impact relationship.,Medium,2026-02-03 06:33:48,2026-02-12 06:33:48,DONE,SPR-PRJ-7-8,1
LIST-9769,PRJ-8,USR-20077,Bug,Matter maintain much.,Low,2026-03-12 10:53:43,2026-03-23 10:53:43,DONE,SPR-PRJ-2-16,2
THES-3224,PRJ-1,USR-82132,Task,Type describe position major tax.,Low,2026-08-04 10:21:39,2026-08-08 10:21:39,DONE,SPR-PRJ-0-2,1
LIST-1195,PRJ-8,USR-51827,Bug,Rich article question in ahead concern score.,High,2025-12-10 09:43:47,2025-12-19 09:43:47,DONE,SPR-PRJ-1-6,3
DEVE-6569,PRJ-0,USR-99006,Bug,Not result work strong way interest.,High,2025-12-30 19:09:40,2026-01-11 19:09:40,DONE,SPR-PRJ-7-16,1
WIN-9490,PRJ-5,USR-41946,Bug,Contain rate change.,Low,2026-05-03 12:48:57,2026-05-04 12:48:57,DONE,SPR-PRJ-6-18,2
ORGA-7796,PRJ-6,USR-57400,Story,Hear front age bit significant also.,Low,2026-05-04 02:07:30,2026-05-06 02:07:30,DONE,SPR-PRJ-1-17,3
ANIM-9285,PRJ-2,USR-46002,Bug,Agency return what question common argue once.,Low,2026-06-03 19:12:55,2026-06-09 19:12:55,DONE,SPR-PRJ-6-0,8
CONF-9343,PRJ-9,USR-58623,Task,Finally almost job little clear.,Low,2025-12-17 01:06:12,2025-12-29 01:06:12,DONE,SPR-PRJ-7-17,3
DEVE-3435,PRJ-0,USR-26828,Bug,Consumer available power rate sense stand.,Medium,2025-11-10 10:21:04,2025-11-22 10:21:04,DONE,SPR-PRJ-4-14,3
ORGA-7401,PRJ-6,USR-25907,Bug,Scientist church turn situation.,Low,2026-05-13 09:11:29,2026-05-15 09:11:29,DONE,SPR-PRJ-2-6,1
DEVE-5967,PRJ-0,USR-56955,Bug,Both sure difference lose.,Medium,2026-05-21 15:06:26,2026-05-26 15:06:26,DONE,SPR-PRJ-6-22,1
LIST-7317,PRJ-8,USR-94843,Bug,Try among argue nice.,Medium,2025-11-27 22:48:31,2025-12-01 22:48:31,DONE,SPR-PRJ-8-11,2
LIST-9015,PRJ-8,USR-34881,Story,Memory present know evidence.,Medium,2026-09-05 10:51:18,2026-09-07 10:51:18,DONE,SPR-PRJ-9-12,2
TERM-5117,PRJ-7,USR-82845,Bug,Firm per food.,Low,2026-03-22 06:57:05,2026-03-23 06:57:05,DONE,SPR-PRJ-7-8,3
CHOI-1592,PRJ-4,USR-91560,Bug,Movement knowledge coach natural certainly hundred character.,Medium,2026-07-09 12:56:00,2026-07-23 12:56:00,DONE,SPR-PRJ-1-12,5
LIST-9354,PRJ-8,USR-59797,Task,Store section ago bad you instead officer.,Low,2026-06-23 02:01:46,2026-06-30 02:01:46,DONE,SPR-PRJ-3-23,5
ORGA-3327,PRJ-6,USR-14929,Story,Else region hand often case.,High,2025-10-17 13:13:45,2025-10-21 13:13:45,DONE,SPR-PRJ-4-10,8
WIN-4779,PRJ-5,USR-83584,Story,Make actually nothing stand state.,Low,2026-09-04 02:57:57,2026-09-16 02:57:57,DONE,SPR-PRJ-6-11,3
DEVE-3637,PRJ-0,USR-44664,Story,Though week key reason either staff.,Low,2026-06-05 03:04:04,2026-06-06 03:04:04,DONE,SPR-PRJ-0-22,5
ORGA-3129,PRJ-6,USR-72739,Story,Gun design nearly reason.,High,2026-02-07 00:43:59,2026-02-19 00:43:59,DONE,SPR-PRJ-4-2,8
WIN-4498,PRJ-5,USR-58623,Bug,Natural movie add about recent paper indicate.,Medium,2026-03-28 05:01:54,2026-04-09 05:01:54,DONE,SPR-PRJ-2-15,8
PROF-3026,PRJ-3,USR-99006,Bug,Leader test yes beat toward method parent.,Low,2026-03-31 19:30:23,2026-04-07 19:30:23,DONE,SPR-PRJ-4-23,8
TERM-5210,PRJ-7,USR-84395,Story,Nation choice mission somebody.,High,2026-09-19 18:02:04,2026-10-01 18:02:04,DONE,SPR-PRJ-9-21,1
DEVE-4775,PRJ-0,USR-41348,Task,Someone chair husband rest religious sense either.,Low,2025-11-18 21:46:51,2025-11-21 21:46:51,DONE,SPR-PRJ-4-4,1
TERM-8793,PRJ-7,USR-80010,Bug,Ability cultural manage.,High,2026-03-15 21:19:02,2026-03-19 21:19:02,DONE,SPR-PRJ-9-5,3
CONF-4702,PRJ-9,USR-44179,Task,Walk almost hit response myself action cut.,High,2026-06-04 15:20:12,2026-06-10 15:20:12,DONE,SPR-PRJ-9-10,5
TERM-5132,PRJ-7,USR-34267,Story,Her yourself wide officer happy ask.,High,2026-06-21 22:06:22,2026-06-23 22:06:22,DONE,SPR-PRJ-7-0,8
THES-5619,PRJ-1,USR-93886,Story,Model today they set you card range draw.,Low,2026-03-27 00:29:49,2026-04-03 00:29:49,DONE,SPR-PRJ-2-0,8
LIST-9014,PRJ-8,USR-82260,Task,Bar human adult officer beat.,High,2026-02-18 20:26:55,2026-03-03 20:26:55,DONE,SPR-PRJ-8-8,1
CONF-5040,PRJ-9,USR-15706,Bug,Race news mission able reflect likely realize.,Medium,2026-05-24 12:07:23,2026-06-01 12:07:23,DONE,SPR-PRJ-8-0,5
PROF-3910,PRJ-3,USR-84668,Bug,Magazine together happen always level billion.,Low,2026-07-26 16:02:03,2026-07-27 16:02:03,DONE,SPR-PRJ-1-14,3
TERM-5748,PRJ-7,USR-81228,Bug,Still around difficult interesting nature health kind.,Medium,2025-10-18 05:59:22,2025-10-27 05:59:22,DONE,SPR-PRJ-7-2,1
PROF-7787,PRJ-3,USR-82260,Story,Record possible family bar approach window before.,Low,2026-02-21 06:29:01,2026-02-27 06:29:01,DONE,SPR-PRJ-6-14,3
THES-2880,PRJ-1,USR-36174,Task,Understand anything light spring many say agreement.,High,2026-09-21 17:30:23,2026-09-25 17:30:23,DONE,SPR-PRJ-6-17,3
CHOI-8546,PRJ-4,USR-41186,Task,Head chance professor.,High,2025-12-04 13:12:52,2025-12-11 13:12:52,DONE,SPR-PRJ-7-4,2
CHOI-9084,PRJ-4,USR-95180,Bug,Clear several phone reflect pay allow activity.,Medium,2026-05-04 12:29:32,2026-05-13 12:29:32,DONE,SPR-PRJ-6-16,2
THES-1380,PRJ-1,USR-71474,Task,Per though hair person.,High,2026-06-15 22:38:18,2026-06-24 22:38:18,DONE,SPR-PRJ-8-17,5
ORGA-3985,PRJ-6,USR-55293,Task,Especially leave realize professional view policy test.,Low,2026-05-19 03:52:55,2026-05-25 03:52:55,DONE,SPR-PRJ-1-3,3
ORGA-8295,PRJ-6,USR-41531,Bug,Organization security later finally story cold.,High,2026-03-09 22:50:33,2026-03-20 22:50:33,DONE,SPR-PRJ-5-10,1
TERM-4004,PRJ-7,USR-30257,Task,Production quite shake election possible argue.,Low,2025-11-24 17:45:00,2025-12-05 17:45:00,DONE,SPR-PRJ-3-3,8
ANIM-5872,PRJ-2,USR-68341,Story,Exist glass responsibility kid always soldier.,Medium,2025-10-29 08:14:55,2025-10-31 08:14:55,DONE,SPR-PRJ-4-20,1
THES-3949,PRJ-1,USR-26059,Task,Behavior together could learn sit partner.,High,2026-06-18 00:31:59,2026-07-01 00:31:59,DONE,SPR-PRJ-2-12,3
TERM-8930,PRJ-7,USR-51904,Bug,Smile someone how of situation part.,High,2025-12-25 04:41:30,2026-01-01 04:41:30,DONE,SPR-PRJ-8-12,3
PROF-2140,PRJ-3,USR-37686,Bug,Boy put heavy true study floor market.,Medium,2026-02-21 06:36:30,2026-03-03 06:36:30,DONE,SPR-PRJ-0-23,3
ANIM-9355,PRJ-2,USR-10150,Story,Feeling price son minute past hospital meeting.,Low,2025-10-31 07:03:59,2025-11-10 07:03:59,DONE,SPR-PRJ-6-8,1
CONF-9151,PRJ-9,USR-17355,Story,Open alone around what someone.,Low,2026-01-11 18:34:24,2026-01-13 18:34:24,DONE,SPR-PRJ-4-21,1
ORGA-7933,PRJ-6,USR-42406,Bug,Color same purpose know enter agree.,High,2026-04-10 10:19:41,2026-04-14 10:19:41,DONE,SPR-PRJ-1-15,3
ANIM-6937,PRJ-2,USR-28030,Bug,Newspaper decide election share fish wind say.,Medium,2026-05-24 15:49:52,2026-06-01 15:49:52,DONE,SPR-PRJ-2-4,3
THES-1907,PRJ-1,USR-39571,Bug,Top bed while treat.,High,2025-11-08 09:39:06,2025-11-19 09:39:06,DONE,SPR-PRJ-6-8,3
ORGA-2179,PRJ-6,USR-54313,Task,Song technology while economy quality today.,Low,2026-04-16 03:55:26,2026-04-28 03:55:26,DONE,SPR-PRJ-6-19,8
PROF-2758,PRJ-3,USR-33206,Task,Property risk others stand baby ground officer.,Medium,2026-05-21 17:47:23,2026-05-28 17:47:23,DONE,SPR-PRJ-7-10,3
CONF-6216,PRJ-9,USR-60181,Task,Program appear probably rich cup every view.,Medium,2025-11-11 16:54:57,2025-11-18 16:54:57,DONE,SPR-PRJ-2-7,1
THES-1881,PRJ-1,USR-45683,Task,There always choose.,High,2026-04-21 12:30:14,2026-04-29 12:30:14,DONE,SPR-PRJ-5-10,5
LIST-2771,PRJ-8,USR-19447,Task,Enter get whose manager usually across.,High,2026-06-08 23:25:23,2026-06-22 23:25:23,DONE,SPR-PRJ-9-22,5
WIN-3622,PRJ-5,USR-86106,Story,Fast step state military this machine.,Low,2026-08-23 16:13:12,2026-08-29 16:13:12,DONE,SPR-PRJ-6-4,8
DEVE-6482,PRJ-0,USR-69469,Bug,Ten responsibility cell ask serve example will.,Low,2026-07-31 10:07:22,2026-08-13 10:07:22,DONE,SPR-PRJ-0-9,5
CONF-7294,PRJ-9,USR-62505,Story,Rock evidence figure above company easy lay billion.,Medium,2026-01-04 03:26:38,2026-01-09 03:26:38,DONE,SPR-PRJ-7-12,8
ANIM-5051,PRJ-2,USR-15551,Story,Try radio would they ball involve leader.,High,2026-07-03 23:50:05,2026-07-06 23:50:05,DONE,SPR-PRJ-4-4,8
ORGA-1322,PRJ-6,USR-88561,Bug,Movement speak general century strategy Congress.,Low,2026-04-08 18:26:33,2026-04-13 18:26:33,DONE,SPR-PRJ-0-19,3
ANIM-2104,PRJ-2,USR-67595,Bug,People me power lawyer year modern.,Low,2026-03-19 04:14:21,2026-03-25 04:14:21,DONE,SPR-PRJ-0-16,8
ORGA-6973,PRJ-6,USR-93130,Story,Fall forget election later far attorney.,High,2026-03-28 17:44:28,2026-04-09 17:44:28,DONE,SPR-PRJ-3-22,3
LIST-9032,PRJ-8,USR-78712,Task,Break particular yet.,High,2026-01-12 18:49:49,2026-01-13 18:49:49,DONE,SPR-PRJ-8-8,2
CONF-4650,PRJ-9,USR-77568,Story,Yard worker indeed three about foreign own consider.,Low,2026-07-04 09:01:12,2026-07-18 09:01:12,DONE,SPR-PRJ-4-16,8
PROF-6746,PRJ-3,USR-25726,Task,Professional ask recognize decade heavy eat.,Medium,2026-03-22 03:40:29,2026-03-30 03:40:29,DONE,SPR-PRJ-1-16,5
CHOI-7756,PRJ-4,USR-43862,Story,Book style success.,Medium,2026-05-19 01:41:14,2026-05-30 01:41:14,DONE,SPR-PRJ-1-14,8
LIST-6790,PRJ-8,USR-61717,Bug,Skin long drug responsibility protect.,High,2026-04-20 00:16:12,2026-04-29 00:16:12,DONE,SPR-PRJ-5-2,3
WIN-9895,PRJ-5,USR-37802,Bug,Tv attorney growth never.,High,2026-03-04 01:45:06,2026-03-06 01:45:06,DONE,SPR-PRJ-0-0,8
TERM-5259,PRJ-7,USR-82063,Bug,Relate red drive to.,High,2026-03-02 02:34:59,2026-03-10 02:34:59,DONE,SPR-PRJ-5-16,8
CHOI-7367,PRJ-4,USR-25572,Story,Agreement industry party million term whose bill.,High,2026-08-08 01:47:16,2026-08-13 01:47:16,DONE,SPR-PRJ-8-17,5
PROF-4254,PRJ-3,USR-64602,Story,Religious last under drop.,High,2025-10-10 14:27:26,2025-10-23 14:27:26,DONE,SPR-PRJ-9-5,5
THES-6651,PRJ-1,USR-11231,Task,Student whether computer those practice.,High,2025-10-17 11:45:11,2025-10-26 11:45:11,DONE,SPR-PRJ-9-10,5
THES-5747,PRJ-1,USR-52517,Story,Attack including possible expect lead them industry.,Medium,2026-07-15 09:50:25,2026-07-23 09:50:25,DONE,SPR-PRJ-1-9,5
ANIM-2245,PRJ-2,USR-29442,Task,Son black personal decide.,Medium,2026-08-27 13:34:08,2026-08-31 13:34:08,DONE,SPR-PRJ-4-8,5
CONF-2881,PRJ-9,USR-10336,Task,Man suggest newspaper.,Medium,2026-06-25 05:50:34,2026-07-07 05:50:34,DONE,SPR-PRJ-2-11,5
TERM-9662,PRJ-7,USR-96991,Task,Serve answer house back recent federal performance.,Low,2026-04-04 14:05:30,2026-04-16 14:05:30,DONE,SPR-PRJ-6-8,3
PROF-2855,PRJ-3,USR-70852,Task,Message heavy government for street bag.,Medium,2026-04-13 06:45:14,2026-04-18 06:45:14,DONE,SPR-PRJ-8-10,8
CONF-6245,PRJ-9,USR-51904,Task,Pick nearly mission full.,Medium,2025-10-08 02:47:48,2025-10-16 02:47:48,DONE,SPR-PRJ-2-23,2
ANIM-4641,PRJ-2,USR-23154,Task,Trip model music item.,Medium,2025-10-26 11:42:12,2025-11-02 11:42:12,DONE,SPR-PRJ-9-15,1
LIST-8685,PRJ-8,USR-69469,Bug,Street party hope two paper seven.,Low,2025-10-13 01:55:37,2025-10-27 01:55:37,DONE,SPR-PRJ-2-8,2
DEVE-1978,PRJ-0,USR-37802,Task,May choose realize mouth expert third foreign.,Medium,2025-12-04 03:49:29,2025-12-16 03:49:29,DONE,SPR-PRJ-1-5,5
WIN-5659,PRJ-5,USR-80807,Story,Bad detail purpose sport music.,Low,2025-10-14 05:26:43,2025-10-18 05:26:43,DONE,SPR-PRJ-2-22,3
THES-3207,PRJ-1,USR-78327,Story,Before safe ten decide city admit test.,Medium,2026-08-29 16:33:20,2026-09-04 16:33:20,DONE,SPR-PRJ-2-12,2
CONF-8738,PRJ-9,USR-52101,Bug,Job fall skin upon see nation carry.,Low,2026-02-22 04:11:02,2026-03-03 04:11:02,DONE,SPR-PRJ-0-5,8
THES-7608,PRJ-1,USR-49210,Bug,Control century leg her ahead during.,Medium,2026-04-25 06:57:47,2026-05-08 06:57:47,DONE,SPR-PRJ-6-17,3
LIST-3396,PRJ-8,USR-42007,Story,Yes low night story join bag sea.,Medium,2025-09-29 09:43:57,2025-10-13 09:43:57,DONE,SPR-PRJ-4-12,2
PROF-9445,PRJ-3,USR-64387,Task,Program dinner develop point.,Medium,2026-03-03 21:48:11,2026-03-04 21:48:11,DONE,SPR-PRJ-6-1,5
WIN-6488,PRJ-5,USR-39552,Story,Lose garden interesting cover practice teach.,Low,2026-02-08 16:58:30,2026-02-19 16:58:30,DONE,SPR-PRJ-3-2,3
ANIM-7549,PRJ-2,USR-13969,Bug,Matter research already effort defense most relationship.,Low,2026-08-23 14:25:25,2026-08-24 14:25:25,DONE,SPR-PRJ-7-7,1
ANIM-3417,PRJ-2,USR-63841,Bug,Article call left seat protect.,High,2026-03-28 10:05:24,2026-04-03 10:05:24,DONE,SPR-PRJ-3-2,5
CHOI-2284,PRJ-4,USR-16428,Story,Nearly staff special type.,High,2025-11-15 02:44:43,2025-11-23 02:44:43,DONE,SPR-PRJ-4-17,3
TERM-3696,PRJ-7,USR-70910,Bug,Remember small among risk charge.,High,2025-10-05 18:09:13,2025-10-17 18:09:13,DONE,SPR-PRJ-9-9,8
LIST-9205,PRJ-8,USR-22196,Bug,Face improve page smile range wonder.,Medium,2026-02-06 20:27:41,2026-02-19 20:27:41,DONE,SPR-PRJ-2-3,8
WIN-8818,PRJ-5,USR-52237,Bug,Throughout work power fall billion live newspaper.,Medium,2026-08-02 00:08:29,2026-08-03 00:08:29,DONE,SPR-PRJ-8-4,5
ORGA-7806,PRJ-6,USR-75513,Story,Growth on point ten.,Low,2026-08-24 13:09:40,2026-08-26 13:09:40,DONE,SPR-PRJ-3-9,5
DEVE-4000,PRJ-0,USR-71385,Task,Do hospital skill them herself act white.,High,2026-03-01 04:50:50,2026-03-09 04:50:50,DONE,SPR-PRJ-6-1,8
CONF-3795,PRJ-9,USR-16028,Story,Provide today second issue second debate Republican.,Medium,2026-01-13 03:14:33,2026-01-17 03:14:33,DONE,SPR-PRJ-0-0,5
LIST-7094,PRJ-8,USR-74942,Bug,Who clear name form.,Medium,2026-05-27 03:27:19,2026-06-07 03:27:19,DONE,SPR-PRJ-9-19,8
ORGA-8258,PRJ-6,USR-85392,Task,Truth just action support through dream past.,Medium,2026-04-22 14:28:07,2026-05-03 14:28:07,DONE,SPR-PRJ-4-9,1
WIN-6828,PRJ-5,USR-33703,Task,Style quality everything civil ever major agency new.,Medium,2026-01-26 10:27:34,2026-01-28 10:27:34,DONE,SPR-PRJ-8-15,1
TERM-3143,PRJ-7,USR-50888,Story,Arrive can responsibility different western.,High,2026-01-30 09:57:07,2026-02-05 09:57:07,DONE,SPR-PRJ-7-8,8
THES-1422,PRJ-1,USR-37802,Task,Ahead bring return mean before service century.,Low,2026-05-08 15:03:16,2026-05-16 15:03:16,DONE,SPR-PRJ-1-14,2
WIN-8743,PRJ-5,USR-69609,Story,Green near apply through nature.,High,2025-12-22 21:28:40,2025-12-27 21:28:40,DONE,SPR-PRJ-1-5,1
TERM-5963,PRJ-7,USR-23710,Task,Must admit bring.,High,2025-10-26 08:37:36,2025-11-04 08:37:36,DONE,SPR-PRJ-7-3,1
WIN-7008,PRJ-5,USR-64387,Story,Deal exactly space for learn.,High,2026-08-10 21:04:43,2026-08-21 21:04:43,DONE,SPR-PRJ-3-0,1
WIN-1737,PRJ-5,USR-93560,Task,Make memory leave your unit hand issue.,Medium,2025-11-16 04:15:08,2025-11-25 04:15:08,DONE,SPR-PRJ-3-5,1
TERM-1378,PRJ-7,USR-41186,Bug,Leg trouble property fast whether future.,Low,2026-05-26 03:10:39,2026-05-27 03:10:39,DONE,SPR-PRJ-9-21,5
PROF-6440,PRJ-3,USR-98652,Bug,Now wish agent garden to drive pick care.,Low,2026-02-07 06:29:51,2026-02-21 06:29:51,DONE,SPR-PRJ-5-9,1
PROF-4564,PRJ-3,USR-83792,Story,Bar boy method themselves whatever experience avoid difference.,Medium,2026-06-29 17:27:03,2026-07-05 17:27:03,DONE,SPR-PRJ-3-11,8
PROF-4861,PRJ-3,USR-59140,Task,Ready capital table to.,Low,2026-02-07 22:28:35,2026-02-18 22:28:35,DONE,SPR-PRJ-1-23,3
ORGA-7576,PRJ-6,USR-83608,Story,Wall thus similar population.,High,2025-11-21 15:47:01,2025-12-03 15:47:01,DONE,SPR-PRJ-0-8,3
LIST-1297,PRJ-8,USR-77811,Bug,Simple avoid practice benefit.,Low,2026-04-09 09:14:09,2026-04-23 09:14:09,DONE,SPR-PRJ-8-2,8
WIN-2711,PRJ-5,USR-57453,Task,Pick continue federal traditional man report floor art.,High,2025-10-23 00:30:45,2025-11-04 00:30:45,DONE,SPR-PRJ-4-16,1
PROF-2204,PRJ-3,USR-52987,Bug,Smile professor list.,Low,2025-12-15 09:15:06,2025-12-17 09:15:06,DONE,SPR-PRJ-9-11,5
PROF-1291,PRJ-3,USR-95841,Task,Think leg agent room natural feel arm state.,Medium,2026-02-23 18:13:51,2026-03-05 18:13:51,DONE,SPR-PRJ-1-3,2
THES-7242,PRJ-1,USR-24089,Task,Common visit size scene expect.,Medium,2026-02-14 16:40:30,2026-02-17 16:40:30,DONE,SPR-PRJ-3-22,5
PROF-7909,PRJ-3,USR-74451,Bug,Say common customer.,Low,2026-01-15 22:17:24,2026-01-23 22:17:24,DONE,SPR-PRJ-4-5,2
CONF-6063,PRJ-9,USR-14207,Bug,Do popular some against economy compare.,High,2026-07-24 03:04:12,2026-08-04 03:04:12,DONE,SPR-PRJ-6-0,8
PROF-4612,PRJ-3,USR-89807,Task,State top gun store.,High,2026-07-02 05:48:38,2026-07-09 05:48:38,DONE,SPR-PRJ-0-9,3
THES-7838,PRJ-1,USR-38906,Task,Long first nothing religious executive stage.,High,2025-11-29 22:48:55,2025-12-05 22:48:55,DONE,SPR-PRJ-1-23,5
