issue_id,status,changed_timestamp,changed_by
ORGA-3421,TO_DO,2025-11-03 01:15:59,USR-80010
ORGA-3421,IN_PROGRESS,2025-11-04 07:15:59,USR-80010
ORGA-3421,IN_REVIEW,2025-11-05 05:15:59,USR-80010
ORGA-3421,DONE,2025-11-06 09:15:59,USR-80010
ORGA-4340,TO_DO,2026-04-18 10:30:53,USR-16743
ORGA-4340,IN_PROGRESS,2026-04-19 21:30:53,USR-16743
ORGA-4340,IN_REVIEW,2026-04-20 12:30:53,USR-16743
ORGA-4340,DONE,2026-04-22 01:30:53,USR-16743
TERM-9609,TO_DO,2026-02-25 08:16:17,USR-63264
TERM-9609,IN_PROGRESS,2026-02-27 05:16:17,USR-63264
TERM-9609,IN_REVIEW,2026-03-01 05:16:17,USR-63264
TERM-9609,DONE,2026-03-03 02:16:17,USR-63264
CHOI-8932,TO_DO,2025-12-02 04:49:23,USR-65255
CHOI-8932,IN_PROGRESS,2025-12-04 03:49:23,USR-65255
CHOI-8932,IN_REVIEW,2025-12-04 18:49:23,USR-65255
CHOI-8932,DONE,2025-12-06 16:49:23,USR-65255
TERM-6194,TO_DO,2026-08-28 13:57:09,USR-82070
TERM-6194,IN_PROGRESS,2026-08-30 10:57:09,USR-82070
TERM-6194,IN_REVIEW,2026-08-31 22:57:09,USR-82070
TERM-6194,DONE,2026-09-02 00:57:09,USR-82070
WIN-3399,TO_DO,2026-05-14 09:35:05,USR-31299
WIN-3399,IN_PROGRESS,2026-05-16 04:35:05,USR-31299
WIN-3399,IN_REVIEW,2026-05-16 22:35:05,USR-31299
WIN-3399,DONE,2026-05-18 06:35:05,USR-31299
PROF-9824,TO_DO,2025-12-24 03:37:54,USR-75715
PROF-9824,IN_PROGRESS,2025-12-24 20:37:54,USR-75715
PROF-9824,IN_REVIEW,2025-12-25 13:37:54,USR-75715
PROF-9824,DONE,2025-12-25 18:37:54,USR-75715
LIST-4697,TO_DO,2025-09-26 23:30:07,USR-56438
LIST-4697,IN_PROGRESS,2025-09-28 20:30:07,USR-56438
LIST-4697,IN_REVIEW,2025-09-29 06:30:07,USR-56438
LIST-4697,DONE,2025-09-29 08:30:07,USR-56438
ANIM-7666,TO_DO,2026-03-31 05:13:43,USR-31581
ANIM-7666,IN_PROGRESS,2026-04-01 03:13:43,USR-31581
ANIM-7666,IN_REVIEW,2026-04-01 23:13:43,USR-31581
ANIM-7666,DONE,2026-04-03 18:13:43,USR-31581
THES-4804,TO_DO,2026-02-19 01:15:17,USR-74382
THES-4804,IN_PROGRESS,2026-02-19 05:15:17,USR-74382
THES-4804,IN_REVIEW,2026-02-20 08:15:17,USR-74382
THES-4804,DONE,2026-02-21 17:15:17,USR-74382
CHOI-1613,TO_DO,2026-02-25 07:07:31,USR-72163
CHOI-1613,IN_PROGRESS,2026-02-26 18:07:31,USR-72163
CHOI-1613,IN_REVIEW,2026-02-28 03:07:31,USR-72163
CHOI-1613,DONE,2026-02-28 13:07:31,USR-72163
CHOI-1613,REOPENED,2026-03-01 23:07:31,USR-32871
CHOI-1613,IN_PROGRESS,2026-03-02 14:07:31,USR-72163
CHOI-1613,DONE,2026-03-03 11:07:31,USR-72163
PROF-2845,TO_DO,2026-06-23 10:29:13,USR-95823
PROF-2845,IN_PROGRESS,2026-06-24 09:29:13,USR-95823
PROF-2845,IN_REVIEW,2026-06-25 05:29:13,USR-95823
PROF-2845,DONE,2026-06-26 19:29:13,USR-95823
PROF-3875,TO_DO,2025-12-06 18:47:58,USR-94136
PROF-3875,IN_PROGRESS,2025-12-07 21:47:58,USR-94136
PROF-3875,IN_REVIEW,2025-12-09 17:47:58,USR-94136
PROF-3875,DONE,2025-12-10 01:47:58,USR-94136
ANIM-8822,TO_DO,2026-05-26 19:07:38,USR-13478
ANIM-8822,IN_PROGRESS,2026-05-27 18:07:38,USR-13478
ANIM-8822,IN_REVIEW,2026-05-28 15:07:38,USR-13478
ANIM-8822,DONE,2026-05-30 06:07:38,USR-13478
CONF-1187,TO_DO,2026-07-01 16:45:02,USR-15376
CONF-1187,IN_PROGRESS,2026-07-02 13:45:02,USR-15376
CONF-1187,IN_REVIEW,2026-07-03 01:45:02,USR-15376
CONF-1187,DONE,2026-07-04 04:45:02,USR-15376
LIST-6095,TO_DO,2026-08-03 10:10:14,USR-34881
LIST-6095,IN_PROGRESS,2026-08-03 20:10:14,USR-34881
LIST-6095,IN_REVIEW,2026-08-05 04:10:14,USR-34881
LIST-6095,DONE,2026-08-05 15:10:14,USR-34881
CONF-7121,TO_DO,2026-07-25 04:15:01,USR-60351
CONF-7121,IN_PROGRESS,2026-07-25 21:15:01,USR-60351
CONF-7121,IN_REVIEW,2026-07-27 18:15:01,USR-60351
CONF-7121,DONE,2026-07-29 10:15:01,USR-60351
LIST-8319,TO_DO,2025-11-13 07:24:19,USR-79822
LIST-8319,IN_PROGRESS,2025-11-14 17:24:19,USR-79822
LIST-8319,IN_REVIEW,2025-11-15 07:24:19,USR-79822
LIST-8319,DONE,2025-11-16 21:24:19,USR-79822
ANIM-3695,TO_DO,2026-07-09 12:20:47,USR-74178
ANIM-3695,IN_PROGRESS,2026-07-10 21:20:47,USR-74178
ANIM-3695,IN_REVIEW,2026-07-11 04:20:47,USR-74178
ANIM-3695,DONE,2026-07-12 14:20:47,USR-74178
DEVE-8429,TO_DO,2026-01-26 03:42:41,USR-67711
DEVE-8429,IN_PROGRESS,2026-01-28 03:42:41,USR-67711
DEVE-8429,IN_REVIEW,2026-01-28 06:42:41,USR-67711
DEVE-8429,DONE,2026-01-29 09:42:41,USR-67711
DEVE-8429,REOPENED,2026-01-30 03:42:41,USR-57419
DEVE-8429,IN_PROGRESS,2026-01-30 04:42:41,USR-67711
DEVE-8429,DONE,2026-01-30 21:42:41,USR-67711
CONF-2196,TO_DO,2026-01-20 23:46:52,USR-67595
CONF-2196,IN_PROGRESS,2026-01-22 07:46:52,USR-67595
CONF-2196,IN_REVIEW,2026-01-22 11:46:52,USR-67595
CONF-2196,DONE,2026-01-23 07:46:52,USR-67595
CONF-2196,REOPENED,2026-01-24 11:46:52,USR-48829
CONF-2196,IN_PROGRESS,2026-01-24 17:46:52,USR-67595
CONF-2196,DONE,2026-01-25 05:46:52,USR-67595
ORGA-7135,TO_DO,2026-03-14 13:19:16,USR-63841
ORGA-7135,IN_PROGRESS,2026-03-14 23:19:16,USR-63841
ORGA-7135,IN_REVIEW,2026-03-16 18:19:16,USR-63841
ORGA-7135,DONE,2026-03-17 18:19:16,USR-63841
ANIM-9802,TO_DO,2026-05-10 14:40:18,USR-28030
ANIM-9802,IN_PROGRESS,2026-05-11 21:40:18,USR-28030
ANIM-9802,IN_REVIEW,2026-05-13 18:40:18,USR-28030
ANIM-9802,DONE,2026-05-15 18:40:18,USR-28030
ORGA-9715,TO_DO,2026-07-18 22:15:18,USR-41358
ORGA-9715,IN_PROGRESS,2026-07-20 22:15:18,USR-41358
ORGA-9715,IN_REVIEW,2026-07-21 07:15:18,USR-41358
ORGA-9715,DONE,2026-07-21 11:15:18,USR-41358
ORGA-1256,TO_DO,2026-06-04 07:10:38,USR-71213
ORGA-1256,IN_PROGRESS,2026-06-05 00:10:38,USR-71213
ORGA-1256,IN_REVIEW,2026-06-05 04:10:38,USR-71213
ORGA-1256,DONE,2026-06-06 07:10:38,USR-71213
PROF-9843,TO_DO,2026-09-10 22:47:17,USR-41147
PROF-9843,IN_PROGRESS,2026-09-12 22:47:17,USR-41147
PROF-9843,IN_REVIEW,2026-09-14 12:47:17,USR-41147
PROF-9843,DONE,2026-09-15 10:47:17,USR-41147
CONF-6253,TO_DO,2026-06-24 15:30:15,USR-55745
CONF-6253,IN_PROGRESS,2026-06-25 10:30:15,USR-55745
CONF-6253,IN_REVIEW,2026-06-25 15:30:15,USR-55745
CONF-6253,DONE,2026-06-27 04:30:15,USR-55745
ANIM-7999,TO_DO,2026-04-30 07:08:43,USR-24366
ANIM-7999,IN_PROGRESS,2026-05-01 05:08:43,USR-24366
ANIM-7999,IN_REVIEW,2026-05-03 03:08:43,USR-24366
ANIM-7999,DONE,2026-05-04 07:08:43,USR-24366
ANIM-5913,TO_DO,2026-02-16 12:22:47,USR-25292
ANIM-5913,IN_PROGRESS,2026-02-18 11:22:47,USR-25292
ANIM-5913,IN_REVIEW,2026-02-18 22:22:47,USR-25292
ANIM-5913,DONE,2026-02-20 05:22:47,USR-25292
LIST-7761,TO_DO,2025-12-28 16:17:36,USR-58689
LIST-7761,IN_PROGRESS,2025-12-29 15:17:36,USR-58689
LIST-7761,IN_REVIEW,2025-12-31 10:17:36,USR-58689
LIST-7761,DONE,2025-12-31 17:17:36,USR-58689
WIN-2514,TO_DO,2026-04-29 02:41:38,USR-80282
WIN-2514,IN_PROGRESS,2026-04-30 18:41:38,USR-80282
WIN-2514,IN_REVIEW,2026-04-30 22:41:38,USR-80282
WIN-2514,DONE,2026-05-01 04:41:38,USR-80282
CONF-4555,TO_DO,2026-04-18 03:13:25,USR-27139
CONF-4555,IN_PROGRESS,2026-04-18 12:13:25,USR-27139
CONF-4555,IN_REVIEW,2026-04-19 20:13:25,USR-27139
CONF-4555,DONE,2026-04-20 13:13:25,USR-27139
CONF-4350,TO_DO,2025-11-07 12:28:04,USR-94518
CONF-4350,IN_PROGRESS,2025-11-09 07:28:04,USR-94518
CONF-4350,IN_REVIEW,2025-11-10 07:28:04,USR-94518
CONF-4350,DONE,2025-11-11 04:28:04,USR-94518
WIN-9401,TO_DO,2025-10-16 00:09:09,USR-63354
WIN-9401,IN_PROGRESS,2025-10-16 15:09:09,USR-63354
WIN-9401,IN_REVIEW,2025-10-17 16:09:09,USR-63354
WIN-9401,DONE,2025-10-18 14:09:09,USR-63354
DEVE-4625,TO_DO,2026-08-16 02:10:03,USR-10772
DEVE-4625,IN_PROGRESS,2026-08-16 22:10:03,USR-10772
DEVE-4625,IN_REVIEW,2026-08-17 09:10:03,USR-10772
DEVE-4625,DONE,2026-08-17 23:10:03,USR-10772
PROF-7223,TO_DO,2026-09-07 18:03:22,USR-16428
PROF-7223,IN_PROGRESS,2026-09-09 03:03:22,USR-16428
PROF-7223,IN_REVIEW,2026-09-11 03:03:22,USR-16428
PROF-7223,DONE,2026-09-12 22:03:22,USR-16428
TERM-3756,TO_DO,2026-08-17 00:20:22,USR-15229
TERM-3756,IN_PROGRESS,2026-08-18 12:20:22,USR-15229
TERM-3756,IN_REVIEW,2026-08-20 07:20:22,USR-15229
TERM-3756,DONE,2026-08-20 12:20:22,USR-15229
DEVE-2217,TO_DO,2026-02-23 14:11:14,USR-38746
DEVE-2217,IN_PROGRESS,2026-02-23 20:11:14,USR-38746
DEVE-2217,IN_REVIEW,2026-02-25 19:11:14,USR-38746
DEVE-2217,DONE,2026-02-26 06:11:14,USR-38746
PROF-9285,TO_DO,2026-05-01 16:53:53,USR-82910
PROF-9285,IN_PROGRESS,2026-05-03 12:53:53,USR-82910
PROF-9285,IN_REVIEW,2026-05-04 21:53:53,USR-82910
PROF-9285,DONE,2026-05-05 00:53:53,USR-82910
LIST-7739,TO_DO,2025-11-06 08:56:45,USR-22249
LIST-7739,IN_PROGRESS,2025-11-08 06:56:45,USR-22249
LIST-7739,IN_REVIEW,2025-11-10 03:56:45,USR-22249
LIST-7739,DONE,2025-11-11 08:56:45,USR-22249
LIST-7739,REOPENED,2025-11-11 21:56:45,USR-58689
LIST-7739,IN_PROGRESS,2025-11-12 01:56:45,USR-22249
LIST-7739,DONE,2025-11-12 11:56:45,USR-22249
LIST-3439,TO_DO,2026-04-22 06:57:16,USR-69609
LIST-3439,IN_PROGRESS,2026-04-22 13:57:16,USR-69609
LIST-3439,IN_REVIEW,2026-04-23 14:57:16,USR-69609
LIST-3439,DONE,2026-04-24 17:57:16,USR-69609
CONF-4984,TO_DO,2026-07-05 20:13:06,USR-55508
CONF-4984,IN_PROGRESS,2026-07-06 03:13:06,USR-55508
CONF-4984,IN_REVIEW,2026-07-07 06:13:06,USR-55508
CONF-4984,DONE,2026-07-08 08:13:06,USR-55508
LIST-8798,TO_DO,2026-03-21 15:20:50,USR-58870
LIST-8798,IN_PROGRESS,2026-03-23 10:20:50,USR-58870
LIST-8798,IN_REVIEW,2026-03-24 09:20:50,USR-58870
LIST-8798,DONE,2026-03-25 23:20:50,USR-58870
LIST-8798,REOPENED,2026-03-26 07:20:50,USR-87236
LIST-8798,IN_PROGRESS,2026-03-27 00:20:50,USR-58870
LIST-8798,DONE,2026-03-27 06:20:50,USR-58870
PROF-4463,TO_DO,2025-09-29 11:52:02,USR-86106
PROF-4463,IN_PROGRESS,2025-10-01 08:52:02,USR-86106
PROF-4463,IN_REVIEW,2025-10-02 03:52:02,USR-86106
PROF-4463,DONE,2025-10-03 15:52:02,USR-86106
DEVE-3938,TO_DO,2026-08-12 07:22:55,USR-55082
DEVE-3938,IN_PROGRESS,2026-08-12 13:22:55,USR-55082
DEVE-3938,IN_REVIEW,2026-08-13 10:22:55,USR-55082
DEVE-3938,DONE,2026-08-13 22:22:55,USR-55082
PROF-7375,TO_DO,2026-03-24 17:35:56,USR-50135
PROF-7375,IN_PROGRESS,2026-03-26 03:35:56,USR-50135
PROF-7375,IN_REVIEW,2026-03-27 03:35:56,USR-50135
PROF-7375,DONE,2026-03-27 08:35:56,USR-50135
ORGA-4803,TO_DO,2026-05-06 11:58:01,USR-22656
ORGA-4803,IN_PROGRESS,2026-05-06 14:58:01,USR-22656
ORGA-4803,IN_REVIEW,2026-05-08 08:58:01,USR-22656
ORGA-4803,DONE,2026-05-09 03:58:01,USR-22656
TERM-4737,TO_DO,2026-09-11 02:09:11,USR-14278
TERM-4737,IN_PROGRESS,2026-09-11 09:09:11,USR-14278
TERM-4737,IN_REVIEW,2026-09-13 02:09:11,USR-14278
TERM-4737,DONE,2026-09-13 22:09:11,USR-14278
THES-2344,TO_DO,2026-09-19 23:06:23,USR-88997
THES-2344,IN_PROGRESS,2026-09-21 00:06:23,USR-88997
THES-2344,IN_REVIEW,2026-09-21 08:06:23,USR-88997
THES-2344,DONE,2026-09-21 15:06:23,USR-88997
CHOI-8286,TO_DO,2026-06-07 10:59:03,USR-17100
CHOI-8286,IN_PROGRESS,2026-06-08 23:59:03,USR-17100
CHOI-8286,IN_REVIEW,2026-06-10 12:59:03,USR-17100
CHOI-8286,DONE,2026-06-11 22:59:03,USR-17100
THES-1430,TO_DO,2026-06-24 22:18:59,USR-19287
THES-1430,IN_PROGRESS,2026-06-25 00:18:59,USR-19287
THES-1430,IN_REVIEW,2026-06-25 20:18:59,USR-19287
THES-1430,DONE,2026-06-27 00:18:59,USR-19287
THES-1430,REOPENED,2026-06-28 02:18:59,USR-26011
THES-1430,IN_PROGRESS,2026-06-28 05:18:59,USR-19287
THES-1430,DONE,2026-06-29 20:18:59,USR-19287
PROF-9537,TO_DO,2026-05-08 08:24:18,USR-15229
PROF-9537,IN_PROGRESS,2026-05-08 19:24:18,USR-15229
PROF-9537,IN_REVIEW,2026-05-09 01:24:18,USR-15229
PROF-9537,DONE,2026-05-09 13:24:18,USR-15229
CHOI-7899,TO_DO,2026-04-27 19:47:31,USR-73699
CHOI-7899,IN_PROGRESS,2026-04-29 11:47:31,USR-73699
CHOI-7899,IN_REVIEW,2026-05-01 04:47:31,USR-73699
CHOI-7899,DONE,2026-05-01 18:47:31,USR-73699
THES-3219,TO_DO,2025-12-12 21:08:48,USR-12719
THES-3219,IN_PROGRESS,2025-12-14 03:08:48,USR-12719
THES-3219,IN_REVIEW,2025-12-15 02:08:48,USR-12719
THES-3219,DONE,2025-12-16 07:08:48,USR-12719
CONF-3230,TO_DO,2026-03-12 23:08:40,USR-69898
CONF-3230,IN_PROGRESS,2026-03-14 02:08:40,USR-69898
CONF-3230,IN_REVIEW,2026-03-15 00:08:40,USR-69898
CONF-3230,DONE,2026-03-15 20:08:40,USR-69898
TERM-4971,TO_DO,2026-02-07 17:50:46,USR-78062
TERM-4971,IN_PROGRESS,2026-02-08 07:50:46,USR-78062
TERM-4971,IN_REVIEW,2026-02-09 22:50:46,USR-78062
TERM-4971,DONE,2026-02-11 10:50:46,USR-78062
LIST-1440,TO_DO,2026-09-20 20:55:58,USR-15100
LIST-1440,IN_PROGRESS,2026-09-22 18:55:58,USR-15100
LIST-1440,IN_REVIEW,2026-09-23 00:55:58,USR-15100
LIST-1440,DONE,2026-09-24 04:55:58,USR-15100
TERM-3280,TO_DO,2025-10-18 02:58:21,USR-40311
TERM-3280,IN_PROGRESS,2025-10-18 08:58:21,USR-40311
TERM-3280,IN_REVIEW,2025-10-19 14:58:21,USR-40311
TERM-3280,DONE,2025-10-21 06:58:21,USR-40311
CONF-7566,TO_DO,2026-06-23 09:16:53,USR-21802
CONF-7566,IN_PROGRESS,2026-06-25 07:16:53,USR-21802
CONF-7566,IN_REVIEW,2026-06-26 19:16:53,USR-21802
CONF-7566,DONE,2026-06-28 11:16:53,USR-21802
THES-2791,TO_DO,2025-12-18 05:27:44,USR-87184
THES-2791,IN_PROGRESS,2025-12-19 19:27:44,USR-87184
THES-2791,IN_REVIEW,2025-12-21 14:27:44,USR-87184
THES-2791,DONE,2025-12-23 11:27:44,USR-87184
ORGA-6432,TO_DO,2026-06-23 21:10:26,USR-34931
ORGA-6432,IN_PROGRESS,2026-06-25 08:10:26,USR-34931
ORGA-6432,IN_REVIEW,2026-06-26 21:10:26,USR-34931
ORGA-6432,DONE,2026-06-28 12:10:26,USR-34931
CONF-4621,TO_DO,2026-01-04 03:40:01,USR-79942
CONF-4621,IN_PROGRESS,2026-01-05 03:40:01,USR-79942
CONF-4621,IN_REVIEW,2026-01-05 06:40:01,USR-79942
CONF-4621,DONE,2026-01-06 14:40:01,USR-79942
CHOI-7815,TO_DO,2026-03-26 12:23:25,USR-31579
CHOI-7815,IN_PROGRESS,2026-03-27 19:23:25,USR-31579
CHOI-7815,IN_REVIEW,2026-03-28 10:23:25,USR-31579
CHOI-7815,DONE,2026-03-29 21:23:25,USR-31579
WIN-8801,TO_DO,2026-09-16 11:11:42,USR-18109
WIN-8801,IN_PROGRESS,2026-09-18 10:11:42,USR-18109
WIN-8801,IN_REVIEW,2026-09-18 19:11:42,USR-18109
WIN-8801,DONE,2026-09-18 22:11:42,USR-18109
WIN-8801,REOPENED,2026-09-19 21:11:42,USR-22249
WIN-8801,IN_PROGRESS,2026-09-20 18:11:42,USR-18109
WIN-8801,DONE,2026-09-21 04:11:42,USR-18109
ANIM-4996,TO_DO,2026-06-29 13:25:13,USR-65518
ANIM-4996,IN_PROGRESS,2026-06-30 16:25:13,USR-65518
ANIM-4996,IN_REVIEW,2026-07-02 10:25:13,USR-65518
ANIM-4996,DONE,2026-07-02 23:25:13,USR-65518
ORGA-7481,TO_DO,2025-12-13 04:17:33,USR-45972
ORGA-7481,IN_PROGRESS,2025-12-13 06:17:33,USR-45972
ORGA-7481,IN_REVIEW,2025-12-15 05:17:33,USR-45972
ORGA-7481,DONE,2025-12-15 20:17:33,USR-45972
ORGA-7481,REOPENED,2025-12-16 11:17:33,USR-23579
ORGA-7481,IN_PROGRESS,2025-12-16 20:17:33,USR-45972
ORGA-7481,DONE,2025-12-17 04:17:33,USR-45972
CONF-2667,TO_DO,2026-07-13 00:51:56,USR-53025
CONF-2667,IN_PROGRESS,2026-07-13 18:51:56,USR-53025
CONF-2667,IN_REVIEW,2026-07-15 14:51:56,USR-53025
CONF-2667,DONE,2026-07-16 23:51:56,USR-53025
WIN-7367,TO_DO,2026-04-09 14:38:37,USR-73653
WIN-7367,IN_PROGRESS,2026-04-10 03:38:37,USR-73653
WIN-7367,IN_REVIEW,2026-04-12 00:38:37,USR-73653
WIN-7367,DONE,2026-04-13 23:38:37,USR-73653
CONF-2388,TO_DO,2025-10-08 09:17:00,USR-69638
CONF-2388,IN_PROGRESS,2025-10-10 07:17:00,USR-69638
CONF-2388,IN_REVIEW,2025-10-10 18:17:00,USR-69638
CONF-2388,DONE,2025-10-12 04:17:00,USR-69638
ORGA-3258,TO_DO,2026-06-17 06:00:42,USR-96511
ORGA-3258,IN_PROGRESS,2026-06-18 19:00:42,USR-96511
ORGA-3258,IN_REVIEW,2026-06-19 07:00:42,USR-96511
ORGA-3258,DONE,2026-06-20 16:00:42,USR-96511
ANIM-4065,TO_DO,2025-11-17 02:50:48,USR-66244
ANIM-4065,IN_PROGRESS,2025-11-17 16:50:48,USR-66244
ANIM-4065,IN_REVIEW,2025-11-18 18:50:48,USR-66244
ANIM-4065,DONE,2025-11-20 07:50:48,USR-66244
TERM-7703,TO_DO,2026-06-21 08:13:32,USR-96057
TERM-7703,IN_PROGRESS,2026-06-21 11:13:32,USR-96057
TERM-7703,IN_REVIEW,2026-06-22 03:13:32,USR-96057
TERM-7703,DONE,2026-06-22 23:13:32,USR-96057
CHOI-4683,TO_DO,2025-10-23 06:42:50,USR-12154
CHOI-4683,IN_PROGRESS,2025-10-24 19:42:50,USR-12154
CHOI-4683,IN_REVIEW,2025-10-26 05:42:50,USR-12154
CHOI-4683,DONE,2025-10-26 14:42:50,USR-12154
THES-5389,TO_DO,2026-03-06 17:46:31,USR-91230
THES-5389,IN_PROGRESS,2026-03-08 17:46:31,USR-91230
THES-5389,IN_REVIEW,2026-03-09 23:46:31,USR-91230
THES-5389,DONE,2026-03-11 11:46:31,USR-91230
ORGA-2677,TO_DO,2025-12-08 22:18:34,USR-58655
ORGA-2677,IN_PROGRESS,2025-12-09 16:18:34,USR-58655
ORGA-2677,IN_REVIEW,2025-12-10 16:18:34,USR-58655
ORGA-2677,DONE,2025-12-10 23:18:34,USR-58655
THES-4882,TO_DO,2026-05-20 03:17:04,USR-46046
THES-4882,IN_PROGRESS,2026-05-21 21:17:04,USR-46046
THES-4882,IN_REVIEW,2026-05-23 02:17:04,USR-46046
THES-4882,DONE,2026-05-23 14:17:04,USR-46046
ANIM-4385,TO_DO,2026-08-21 13:13:16,USR-80381
ANIM-4385,IN_PROGRESS,2026-08-23 01:13:16,USR-80381
ANIM-4385,IN_REVIEW,2026-08-23 13:13:16,USR-80381
ANIM-4385,DONE,2026-08-24 11:13:16,USR-80381
CHOI-5740,TO_DO,2025-10-02 18:35:03,USR-30644
CHOI-5740,IN_PROGRESS,2025-10-03 22:35:03,USR-30644
CHOI-5740,IN_REVIEW,2025-10-04 03:35:03,USR-30644
CHOI-5740,DONE,2025-10-04 22:35:03,USR-30644
ANIM-3174,TO_DO,2025-12-04 17:07:47,USR-88139
ANIM-3174,IN_PROGRESS,2025-12-06 07:07:47,USR-88139
ANIM-3174,IN_REVIEW,2025-12-08 01:07:47,USR-88139
ANIM-3174,DONE,2025-12-08 20:07:47,USR-88139
ORGA-7146,TO_DO,2025-10-13 04:29:25,USR-18855
ORGA-7146,IN_PROGRESS,2025-10-15 02:29:25,USR-18855
ORGA-7146,IN_REVIEW,2025-10-16 03:29:25,USR-18855
ORGA-7146,DONE,2025-10-17 10:29:25,USR-18855
WIN-1040,TO_DO,2026-07-29 13:15:58,USR-91006
WIN-1040,IN_PROGRESS,2026-07-29 19:15:58,USR-91006
WIN-1040,IN_REVIEW,2026-07-31 07:15:58,USR-91006
WIN-1040,DONE,2026-08-01 10:15:58,USR-91006
ORGA-4470,TO_DO,2025-10-13 09:59:10,USR-17518
ORGA-4470,IN_PROGRESS,2025-10-14 23:59:10,USR-17518
ORGA-4470,IN_REVIEW,2025-10-16 08:59:10,USR-17518
ORGA-4470,DONE,2025-10-17 07:59:10,USR-17518
DEVE-1752,TO_DO,2026-05-29 20:42:42,USR-60181
DEVE-1752,IN_PROGRESS,2026-05-31 02:42:42,USR-60181
DEVE-1752,IN_REVIEW,2026-06-01 09:42:42,USR-60181
DEVE-1752,DONE,2026-06-01 11:42:42,USR-60181
DEVE-1752,REOPENED,2026-06-02 16:42:42,USR-10205
DEVE-1752,IN_PROGRESS,2026-06-02 23:42:42,USR-60181
DEVE-1752,DONE,2026-06-04 23:42:42,USR-60181
ANIM-5945,TO_DO,2026-07-24 09:50:01,USR-17263
ANIM-5945,IN_PROGRESS,2026-07-24 16:50:01,USR-17263
ANIM-5945,IN_REVIEW,2026-07-25 17:50:01,USR-17263
ANIM-5945,DONE,2026-07-27 13:50:01,USR-17263
ANIM-1848,TO_DO,2025-11-21 04:24:38,USR-54791
ANIM-1848,IN_PROGRESS,2025-11-23 03:24:38,USR-54791
ANIM-1848,IN_REVIEW,2025-11-23 11:24:38,USR-54791
ANIM-1848,DONE,2025-11-23 13:24:38,USR-54791
TERM-2276,TO_DO,2025-11-18 11:47:27,USR-48684
TERM-2276,IN_PROGRESS,2025-11-18 20:47:27,USR-48684
TERM-2276,IN_REVIEW,2025-11-20 01:47:27,USR-48684
TERM-2276,DONE,2025-11-21 23:47:27,USR-48684
TERM-2276,REOPENED,2025-11-22 09:47:27,USR-29313
TERM-2276,IN_PROGRESS,2025-11-23 01:47:27,USR-48684
TERM-2276,DONE,2025-11-23 09:47:27,USR-48684
PROF-7276,TO_DO,2026-03-22 12:35:45,USR-17100
PROF-7276,IN_PROGRESS,2026-03-22 22:35:45,USR-17100
PROF-7276,IN_REVIEW,2026-03-24 00:35:45,USR-17100
PROF-7276,DONE,2026-03-24 10:35:45,USR-17100
PROF-7276,REOPENED,2026-03-26 05:35:45,USR-77552
PROF-7276,IN_PROGRESS,2026-03-27 03:35:45,USR-17100
PROF-7276,DONE,2026-03-27 16:35:45,USR-17100
THES-9691,TO_DO,2026-07-02 22:22:44,USR-33028
THES-9691,IN_PROGRESS,2026-07-04 16:22:44,USR-33028
THES-9691,IN_REVIEW,2026-07-05 03:22:44,USR-33028
THES-9691,DONE,2026-07-06 07:22:44,USR-33028
TERM-4559,TO_DO,2026-06-28 14:57:38,USR-83792
TERM-4559,IN_PROGRESS,2026-06-29 19:57:38,USR-83792
TERM-4559,IN_REVIEW,2026-06-30 17:57:38,USR-83792
TERM-4559,DONE,2026-07-01 03:57:38,USR-83792
TERM-4559,REOPENED,2026-07-01 20:57:38,USR-56438
TERM-4559,IN_PROGRESS,2026-07-02 05:57:38,USR-83792
TERM-4559,DONE,2026-07-04 02:57:38,USR-83792
THES-5065,TO_DO,2025-12-02 07:24:17,USR-99838
THES-5065,IN_PROGRESS,2025-12-04 03:24:17,USR-99838
THES-5065,IN_REVIEW,2025-12-05 00:24:17,USR-99838
THES-5065,DONE,2025-12-05 15:24:17,USR-99838
CONF-9348,TO_DO,2026-03-08 21:25:34,USR-35995
CONF-9348,IN_PROGRESS,2026-03-10 06:25:34,USR-35995
CONF-9348,IN_REVIEW,2026-03-11 08:25:34,USR-35995
CONF-9348,DONE,2026-03-11 17:25:34,USR-35995
TERM-2163,TO_DO,2025-11-17 00:58:20,USR-54597
TERM-2163,IN_PROGRESS,2025-11-18 04:58:20,USR-54597
TERM-2163,IN_REVIEW,2025-11-19 05:58:20,USR-54597
TERM-2163,DONE,2025-11-20 17:58:20,USR-54597
ANIM-8717,TO_DO,2026-08-06 12:39:48,USR-57576
ANIM-8717,IN_PROGRESS,2026-08-07 03:39:48,USR-57576
ANIM-8717,IN_REVIEW,2026-08-07 07:39:48,USR-57576
ANIM-8717,DONE,2026-08-07 12:39:48,USR-57576
LIST-5693,TO_DO,2026-06-10 01:21:11,USR-47601
LIST-5693,IN_PROGRESS,2026-06-11 19:21:11,USR-47601
LIST-5693,IN_REVIEW,2026-06-13 07:21:11,USR-47601
LIST-5693,DONE,2026-06-14 19:21:11,USR-47601
ANIM-5546,TO_DO,2026-08-11 10:43:36,USR-27224
ANIM-5546,IN_PROGRESS,2026-08-13 01:43:36,USR-27224
ANIM-5546,IN_REVIEW,2026-08-14 19:43:36,USR-27224
ANIM-5546,DONE,2026-08-16 14:43:36,USR-27224
ANIM-5546,REOPENED,2026-08-18 11:43:36,USR-26828
ANIM-5546,IN_PROGRESS,2026-08-19 08:43:36,USR-27224
ANIM-5546,DONE,2026-08-19 16:43:36,USR-27224
CHOI-8167,TO_DO,2026-06-12 23:29:59,USR-83259
CHOI-8167,IN_PROGRESS,2026-06-13 08:29:59,USR-83259
CHOI-8167,IN_REVIEW,2026-06-14 15:29:59,USR-83259
CHOI-8167,DONE,2026-06-16 08:29:59,USR-83259
DEVE-6067,TO_DO,2026-05-22 06:24:38,USR-68841
DEVE-6067,IN_PROGRESS,2026-05-24 04:24:38,USR-68841
DEVE-6067,IN_REVIEW,2026-05-24 06:24:38,USR-68841
DEVE-6067,DONE,2026-05-24 18:24:38,USR-68841
WIN-9568,TO_DO,2026-09-10 12:13:30,USR-99838
WIN-9568,IN_PROGRESS,2026-09-12 12:13:30,USR-99838
WIN-9568,IN_REVIEW,2026-09-12 21:13:30,USR-99838
WIN-9568,DONE,2026-09-13 00:13:30,USR-99838
ORGA-5456,TO_DO,2026-08-26 16:54:14,USR-53694
ORGA-5456,IN_PROGRESS,2026-08-28 02:54:14,USR-53694
ORGA-5456,IN_REVIEW,2026-08-29 03:54:14,USR-53694
ORGA-5456,DONE,2026-08-29 08:54:14,USR-53694
CONF-3734,TO_DO,2026-05-06 20:10:06,USR-29597
CONF-3734,IN_PROGRESS,2026-05-07 12:10:06,USR-29597
CONF-3734,IN_REVIEW,2026-05-08 22:10:06,USR-29597
CONF-3734,DONE,2026-05-09 00:10:06,USR-29597
DEVE-5006,TO_DO,2026-01-05 18:50:54,USR-28643
DEVE-5006,IN_PROGRESS,2026-01-07 17:50:54,USR-28643
DEVE-5006,IN_REVIEW,2026-01-09 12:50:54,USR-28643
DEVE-5006,DONE,2026-01-10 16:50:54,USR-28643
DEVE-5006,REOPENED,2026-01-11 08:50:54,USR-78494
DEVE-5006,IN_PROGRESS,2026-01-11 19:50:54,USR-28643
DEVE-5006,DONE,2026-01-12 14:50:54,USR-28643
ORGA-6241,TO_DO,2026-08-06 17:33:51,USR-12068
ORGA-6241,IN_PROGRESS,2026-08-07 06:33:51,USR-12068
ORGA-6241,IN_REVIEW,2026-08-07 22:33:51,USR-12068
ORGA-6241,DONE,2026-08-09 09:33:51,USR-12068
ORGA-2129,TO_DO,2025-11-11 20:24:42,USR-18993
ORGA-2129,IN_PROGRESS,2025-11-11 22:24:42,USR-18993
ORGA-2129,IN_REVIEW,2025-11-12 23:24:42,USR-18993
ORGA-2129,DONE,2025-11-13 13:24:42,USR-18993
CONF-5979,TO_DO,2025-12-16 11:06:17,USR-51505
CONF-5979,IN_PROGRESS,2025-12-18 11:06:17,USR-51505
CONF-5979,IN_REVIEW,2025-12-19 23:06:17,USR-51505
CONF-5979,DONE,2025-12-20 16:06:17,USR-51505
DEVE-7718,TO_DO,2026-07-30 19:47:50,USR-80010
DEVE-7718,IN_PROGRESS,2026-08-01 15:47:50,USR-80010
DEVE-7718,IN_REVIEW,2026-08-02 17:47:50,USR-80010
DEVE-7718,DONE,2026-08-04 17:47:50,USR-80010
DEVE-7718,REOPENED,2026-08-05 14:47:50,USR-27781
DEVE-7718,IN_PROGRESS,2026-08-05 18:47:50,USR-80010
DEVE-7718,DONE,2026-08-06 11:47:50,USR-80010
LIST-4902,TO_DO,2026-06-20 07:05:39,USR-94012
LIST-4902,IN_PROGRESS,2026-06-20 23:05:39,USR-94012
LIST-4902,IN_REVIEW,2026-06-22 10:05:39,USR-94012
LIST-4902,DONE,2026-06-23 14:05:39,USR-94012
WIN-8511,TO_DO,2026-02-05 04:26:28,USR-70036
WIN-8511,IN_PROGRESS,2026-02-05 10:26:28,USR-70036
WIN-8511,IN_REVIEW,2026-02-07 01:26:28,USR-70036
WIN-8511,DONE,2026-02-08 15:26:28,USR-70036
ORGA-3141,TO_DO,2026-02-04 02:05:23,USR-27790
ORGA-3141,IN_PROGRESS,2026-02-05 00:05:23,USR-27790
ORGA-3141,IN_REVIEW,2026-02-06 06:05:23,USR-27790
ORGA-3141,DONE,2026-02-07 01:05:23,USR-27790
THES-4321,TO_DO,2026-04-23 01:27:21,USR-74260
THES-4321,IN_PROGRESS,2026-04-24 08:27:21,USR-74260
THES-4321,IN_REVIEW,2026-04-25 06:27:21,USR-74260
THES-4321,DONE,2026-04-26 10:27:21,USR-74260
THES-4321,REOPENED,2026-04-26 19:27:21,USR-71487
THES-4321,IN_PROGRESS,2026-04-27 13:27:21,USR-74260
THES-4321,DONE,2026-04-28 15:27:21,USR-74260
PROF-8404,TO_DO,2026-09-06 19:40:33,USR-69250
PROF-8404,IN_PROGRESS,2026-09-08 18:40:33,USR-69250
PROF-8404,IN_REVIEW,2026-09-10 16:40:33,USR-69250
PROF-8404,DONE,2026-09-12 08:40:33,USR-69250
PROF-6370,TO_DO,2025-11-30 09:35:20,USR-20155
PROF-6370,IN_PROGRESS,2025-12-01 03:35:20,USR-20155
PROF-6370,IN_REVIEW,2025-12-01 16:35:20,USR-20155
PROF-6370,DONE,2025-12-01 19:35:20,USR-20155
PROF-6370,REOPENED,2025-12-02 22:35:20,USR-88997
PROF-6370,IN_PROGRESS,2025-12-03 13:35:20,USR-20155
PROF-6370,DONE,2025-12-05 04:35:20,USR-20155
LIST-5093,TO_DO,2026-01-10 09:10:50,USR-36144
LIST-5093,IN_PROGRESS,2026-01-10 19:10:50,USR-36144
LIST-5093,IN_REVIEW,2026-01-11 09:10:50,USR-36144
LIST-5093,DONE,2026-01-12 12:10:50,USR-36144
LIST-5093,REOPENED,2026-01-13 13:10:50,USR-17100
LIST-5093,IN_PROGRESS,2026-01-14 11:10:50,USR-36144
LIST-5093,DONE,2026-01-16 07:10:50,USR-36144
THES-5240,TO_DO,2025-12-03 21:52:42,USR-57400
THES-5240,IN_PROGRESS,2025-12-04 04:52:42,USR-57400
THES-5240,IN_REVIEW,2025-12-05 03:52:42,USR-57400
THES-5240,DONE,2025-12-05 12:52:42,USR-57400
TERM-1829,TO_DO,2026-04-11 10:51:13,USR-28958
TERM-1829,IN_PROGRESS,2026-04-13 07:51:13,USR-28958
TERM-1829,IN_REVIEW,2026-04-14 12:51:13,USR-28958
TERM-1829,DONE,2026-04-15 01:51:13,USR-28958
PROF-4066,TO_DO,2026-02-06 00:45:04,USR-45972
PROF-4066,IN_PROGRESS,2026-02-06 17:45:04,USR-45972
PROF-4066,IN_REVIEW,2026-02-08 12:45:04,USR-45972
PROF-4066,DONE,2026-02-09 08:45:04,USR-45972
ORGA-8848,TO_DO,2026-06-16 18:06:13,USR-28643
ORGA-8848,IN_PROGRESS,2026-06-17 11:06:13,USR-28643
ORGA-8848,IN_REVIEW,2026-06-19 05:06:13,USR-28643
ORGA-8848,DONE,2026-06-20 17:06:13,USR-28643
ORGA-8848,REOPENED,2026-06-20 20:06:13,USR-20735
ORGA-8848,IN_PROGRESS,2026-06-21 09:06:13,USR-28643
ORGA-8848,DONE,2026-06-22 11:06:13,USR-28643
TERM-9921,TO_DO,2025-11-10 22:18:39,USR-60351
TERM-9921,IN_PROGRESS,2025-11-11 11:18:39,USR-60351
TERM-9921,IN_REVIEW,2025-11-11 14:18:39,USR-60351
TERM-9921,DONE,2025-11-12 12:18:39,USR-60351
PROF-1480,TO_DO,2026-08-31 13:06:22,USR-80702
PROF-1480,IN_PROGRESS,2026-09-01 05:06:22,USR-80702
PROF-1480,IN_REVIEW,2026-09-01 17:06:22,USR-80702
PROF-1480,DONE,2026-09-02 01:06:22,USR-80702
PROF-5366,TO_DO,2026-07-13 11:42:54,USR-75308
PROF-5366,IN_PROGRESS,2026-07-14 13:42:54,USR-75308
PROF-5366,IN_REVIEW,2026-07-15 13:42:54,USR-75308
PROF-5366,DONE,2026-07-16 02:42:54,USR-75308
PROF-6210,TO_DO,2026-01-16 05:38:34,USR-29555
PROF-6210,IN_PROGRESS,2026-01-17 19:38:34,USR-29555
PROF-6210,IN_REVIEW,2026-01-19 09:38:34,USR-29555
PROF-6210,DONE,2026-01-19 20:38:34,USR-29555
PROF-9064,TO_DO,2025-11-10 09:29:22,USR-65615
PROF-9064,IN_PROGRESS,2025-11-11 01:29:22,USR-65615
PROF-9064,IN_REVIEW,2025-11-11 04:29:22,USR-65615
PROF-9064,DONE,2025-11-12 15:29:22,USR-65615
DEVE-6435,TO_DO,2026-04-25 15:22:31,USR-77552
DEVE-6435,IN_PROGRESS,2026-04-25 20:22:31,USR-77552
DEVE-6435,IN_REVIEW,2026-04-25 23:22:31,USR-77552
DEVE-6435,DONE,2026-04-26 10:22:31,USR-77552
ANIM-2817,TO_DO,2026-01-25 20:53:26,USR-68028
ANIM-2817,IN_PROGRESS,2026-01-27 11:53:26,USR-68028
ANIM-2817,IN_REVIEW,2026-01-27 19:53:26,USR-68028
ANIM-2817,DONE,2026-01-28 18:53:26,USR-68028
WIN-3235,TO_DO,2026-02-26 03:34:13,USR-29521
WIN-3235,IN_PROGRESS,2026-02-26 16:34:13,USR-29521
WIN-3235,IN_REVIEW,2026-02-28 15:34:13,USR-29521
WIN-3235,DONE,2026-03-02 04:34:13,USR-29521
CONF-6846,TO_DO,2026-03-19 02:08:11,USR-34486
CONF-6846,IN_PROGRESS,2026-03-19 12:08:11,USR-34486
CONF-6846,IN_REVIEW,2026-03-20 01:08:11,USR-34486
CONF-6846,DONE,2026-03-22 01:08:11,USR-34486
CONF-7415,TO_DO,2026-05-05 10:49:16,USR-83783
CONF-7415,IN_PROGRESS,2026-05-07 03:49:16,USR-83783
CONF-7415,IN_REVIEW,2026-05-07 19:49:16,USR-83783
CONF-7415,DONE,2026-05-09 13:49:16,USR-83783
THES-9129,TO_DO,2026-01-25 11:42:05,USR-79822
THES-9129,IN_PROGRESS,2026-01-27 10:42:05,USR-79822
THES-9129,IN_REVIEW,2026-01-29 06:42:05,USR-79822
THES-9129,DONE,2026-01-31 00:42:05,USR-79822
THES-9129,REOPENED,2026-02-02 00:42:05,USR-70513
THES-9129,IN_PROGRESS,2026-02-02 11:42:05,USR-79822
THES-9129,DONE,2026-02-03 19:42:05,USR-79822
DEVE-5345,TO_DO,2026-09-18 04:09:55,USR-30032
DEVE-5345,IN_PROGRESS,2026-09-18 09:09:55,USR-30032
DEVE-5345,IN_REVIEW,2026-09-19 11:09:55,USR-30032
DEVE-5345,DONE,2026-09-20 17:09:55,USR-30032
ORGA-3725,TO_DO,2026-03-25 01:43:31,USR-20336
ORGA-3725,IN_PROGRESS,2026-03-26 09:43:31,USR-20336
ORGA-3725,IN_REVIEW,2026-03-27 23:43:31,USR-20336
ORGA-3725,DONE,2026-03-29 18:43:31,USR-20336
PROF-3664,TO_DO,2026-03-03 11:54:31,USR-83619
PROF-3664,IN_PROGRESS,2026-03-03 19:54:31,USR-83619
PROF-3664,IN_REVIEW,2026-03-04 01:54:31,USR-83619
PROF-3664,DONE,2026-03-05 00:54:31,USR-83619
ORGA-3636,TO_DO,2026-03-01 14:31:18,USR-15938
ORGA-3636,IN_PROGRESS,2026-03-03 13:31:18,USR-15938
ORGA-3636,IN_REVIEW,2026-03-03 16:31:18,USR-15938
ORGA-3636,DONE,2026-03-04 21:31:18,USR-15938
ANIM-8113,TO_DO,2026-07-28 12:58:38,USR-50135
ANIM-8113,IN_PROGRESS,2026-07-30 12:58:38,USR-50135
ANIM-8113,IN_REVIEW,2026-08-01 12:58:38,USR-50135
ANIM-8113,DONE,2026-08-03 00:58:38,USR-50135
CHOI-5872,TO_DO,2026-06-30 10:06:45,USR-13390
CHOI-5872,IN_PROGRESS,2026-06-30 15:06:45,USR-13390
CHOI-5872,IN_REVIEW,2026-07-01 16:06:45,USR-13390
CHOI-5872,DONE,2026-07-01 18:06:45,USR-13390
THES-5825,TO_DO,2026-03-03 12:54:46,USR-22463
THES-5825,IN_PROGRESS,2026-03-04 00:54:46,USR-22463
THES-5825,IN_REVIEW,2026-03-05 18:54:46,USR-22463
THES-5825,DONE,2026-03-06 14:54:46,USR-22463
TERM-2892,TO_DO,2026-02-01 02:18:26,USR-23173
TERM-2892,IN_PROGRESS,2026-02-02 04:18:26,USR-23173
TERM-2892,IN_REVIEW,2026-02-02 17:18:26,USR-23173
TERM-2892,DONE,2026-02-03 18:18:26,USR-23173
WIN-4056,TO_DO,2026-07-17 23:07:01,USR-49132
WIN-4056,IN_PROGRESS,2026-07-19 13:07:01,USR-49132
WIN-4056,IN_REVIEW,2026-07-19 18:07:01,USR-49132
WIN-4056,DONE,2026-07-20 05:07:01,USR-49132
THES-2404,TO_DO,2026-03-19 14:28:21,USR-27781
THES-2404,IN_PROGRESS,2026-03-20 16:28:21,USR-27781
THES-2404,IN_REVIEW,2026-03-22 03:28:21,USR-27781
THES-2404,DONE,2026-03-23 07:28:21,USR-27781
TERM-4860,TO_DO,2026-09-18 15:41:49,USR-85392
TERM-4860,IN_PROGRESS,2026-09-20 05:41:49,USR-85392
TERM-4860,IN_REVIEW,2026-09-22 02:41:49,USR-85392
TERM-4860,DONE,2026-09-23 19:41:49,USR-85392
THES-8357,TO_DO,2026-08-22 03:11:18,USR-29410
THES-8357,IN_PROGRESS,2026-08-22 10:11:18,USR-29410
THES-8357,IN_REVIEW,2026-08-24 07:11:18,USR-29410
THES-8357,DONE,2026-08-25 12:11:18,USR-29410
ANIM-5225,TO_DO,2025-09-27 06:30:05,USR-30932
ANIM-5225,IN_PROGRESS,2025-09-28 19:30:05,USR-30932
ANIM-5225,IN_REVIEW,2025-09-29 17:30:05,USR-30932
ANIM-5225,DONE,2025-09-30 12:30:05,USR-30932
TERM-1202,TO_DO,2026-01-28 11:48:10,USR-29442
TERM-1202,IN_PROGRESS,2026-01-28 22:48:10,USR-29442
TERM-1202,IN_REVIEW,2026-01-30 12:48:10,USR-29442
TERM-1202,DONE,2026-02-01 03:48:10,USR-29442
THES-2730,TO_DO,2026-08-20 11:01:29,USR-34551
THES-2730,IN_PROGRESS,2026-08-21 05:01:29,USR-34551
THES-2730,IN_REVIEW,2026-08-22 07:01:29,USR-34551
THES-2730,DONE,2026-08-24 02:01:29,USR-34551
CONF-8750,TO_DO,2025-10-03 01:02:55,USR-74451
CONF-8750,IN_PROGRESS,2025-10-03 05:02:55,USR-74451
CONF-8750,IN_REVIEW,2025-10-04 08:02:55,USR-74451
CONF-8750,DONE,2025-10-05 07:02:55,USR-74451
CONF-8750,REOPENED,2025-10-07 05:02:55,USR-59689
CONF-8750,IN_PROGRESS,2025-10-07 13:02:55,USR-74451
CONF-8750,DONE,2025-10-07 20:02:55,USR-74451
TERM-5400,TO_DO,2025-10-29 19:45:42,USR-35242
TERM-5400,IN_PROGRESS,2025-10-31 17:45:42,USR-35242
TERM-5400,IN_REVIEW,2025-11-02 14:45:42,USR-35242
TERM-5400,DONE,2025-11-02 22:45:42,USR-35242
ANIM-5923,TO_DO,2026-05-19 16:19:57,USR-89807
ANIM-5923,IN_PROGRESS,2026-05-21 11:19:57,USR-89807
ANIM-5923,IN_REVIEW,2026-05-21 18:19:57,USR-89807
ANIM-5923,DONE,2026-05-22 08:19:57,USR-89807
PROF-7671,TO_DO,2026-03-10 21:48:07,USR-45720
PROF-7671,IN_PROGRESS,2026-03-11 03:48:07,USR-45720
PROF-7671,IN_REVIEW,2026-03-12 00:48:07,USR-45720
PROF-7671,DONE,2026-03-13 23:48:07,USR-45720
ORGA-3222,TO_DO,2025-10-11 15:34:08,USR-39552
ORGA-3222,IN_PROGRESS,2025-10-11 20:34:08,USR-39552
ORGA-3222,IN_REVIEW,2025-10-12 13:34:08,USR-39552
ORGA-3222,DONE,2025-10-12 17:34:08,USR-39552
DEVE-6904,TO_DO,2026-08-26 16:22:12,USR-23006
DEVE-6904,IN_PROGRESS,2026-08-28 13:22:12,USR-23006
DEVE-6904,IN_REVIEW,2026-08-28 16:22:12,USR-23006
DEVE-6904,DONE,2026-08-29 09:22:12,USR-23006
TERM-8308,TO_DO,2026-07-11 23:39:25,USR-17355
TERM-8308,IN_PROGRESS,2026-07-12 17:39:25,USR-17355
TERM-8308,IN_REVIEW,2026-07-14 15:39:25,USR-17355
TERM-8308,DONE,2026-07-14 22:39:25,USR-17355
DEVE-7333,TO_DO,2026-09-12 20:39:59,USR-12068
DEVE-7333,IN_PROGRESS,2026-09-13 15:39:59,USR-12068
DEVE-7333,IN_REVIEW,2026-09-15 10:39:59,USR-12068
DEVE-7333,DONE,2026-09-16 14:39:59,USR-12068
DEVE-7333,REOPENED,2026-09-18 00:39:59,USR-99381
DEVE-7333,IN_PROGRESS,2026-09-18 01:39:59,USR-12068
DEVE-7333,DONE,2026-09-20 00:39:59,USR-12068
DEVE-8767,TO_DO,2026-02-11 00:02:35,USR-63264
DEVE-8767,IN_PROGRESS,2026-02-11 21:02:35,USR-63264
DEVE-8767,IN_REVIEW,2026-02-13 20:02:35,USR-63264
DEVE-8767,DONE,2026-02-15 19:02:35,USR-63264
CHOI-7943,TO_DO,2026-05-03 20:45:52,USR-26551
CHOI-7943,IN_PROGRESS,2026-05-05 17:45:52,USR-26551
CHOI-7943,IN_REVIEW,2026-05-07 04:45:52,USR-26551
CHOI-7943,DONE,2026-05-08 21:45:52,USR-26551
CONF-2676,TO_DO,2026-08-07 02:05:47,USR-49294
CONF-2676,IN_PROGRESS,2026-08-07 22:05:47,USR-49294
CONF-2676,IN_REVIEW,2026-08-08 19:05:47,USR-49294
CONF-2676,DONE,2026-08-10 16:05:47,USR-49294
CONF-2676,REOPENED,2026-08-11 00:05:47,USR-57428
CONF-2676,IN_PROGRESS,2026-08-11 16:05:47,USR-49294
CONF-2676,DONE,2026-08-12 00:05:47,USR-49294
WIN-5529,TO_DO,2026-01-04 17:38:32,USR-69598
WIN-5529,IN_PROGRESS,2026-01-05 07:38:32,USR-69598
WIN-5529,IN_REVIEW,2026-01-05 18:38:32,USR-69598
WIN-5529,DONE,2026-01-07 05:38:32,USR-69598
DEVE-7620,TO_DO,2026-07-10 22:18:54,USR-83792
DEVE-7620,IN_PROGRESS,2026-07-11 16:18:54,USR-83792
DEVE-7620,IN_REVIEW,2026-07-12 20:18:54,USR-83792
DEVE-7620,DONE,2026-07-13 23:18:54,USR-83792
DEVE-4111,TO_DO,2025-12-27 16:08:47,USR-92960
DEVE-4111,IN_PROGRESS,2025-12-29 12:08:47,USR-92960
DEVE-4111,IN_REVIEW,2025-12-30 12:08:47,USR-92960
DEVE-4111,DONE,2025-12-31 22:08:47,USR-92960
ANIM-3967,TO_DO,2026-08-18 05:46:18,USR-18907
ANIM-3967,IN_PROGRESS,2026-08-18 18:46:18,USR-18907
ANIM-3967,IN_REVIEW,2026-08-20 15:46:18,USR-18907
ANIM-3967,DONE,2026-08-21 14:46:18,USR-18907
THES-4641,TO_DO,2026-08-19 21:05:38,USR-68979
THES-4641,IN_PROGRESS,2026-08-20 22:05:38,USR-68979
THES-4641,IN_REVIEW,2026-08-21 16:05:38,USR-68979
THES-4641,DONE,2026-08-23 07:05:38,USR-68979
TERM-2929,TO_DO,2026-03-30 21:45:52,USR-84395
TERM-2929,IN_PROGRESS,2026-03-31 11:45:52,USR-84395
TERM-2929,IN_REVIEW,2026-04-01 21:45:52,USR-84395
TERM-2929,DONE,2026-04-02 06:45:52,USR-84395
ORGA-9680,TO_DO,2026-08-02 14:06:01,USR-51553
ORGA-9680,IN_PROGRESS,2026-08-04 04:06:01,USR-51553
ORGA-9680,IN_REVIEW,2026-08-05 11:06:01,USR-51553
ORGA-9680,DONE,2026-08-05 22:06:01,USR-51553
ANIM-2324,TO_DO,2026-08-20 19:31:18,USR-72973
ANIM-2324,IN_PROGRESS,2026-08-22 01:31:18,USR-72973
ANIM-2324,IN_REVIEW,2026-08-22 20:31:18,USR-72973
ANIM-2324,DONE,2026-08-23 11:31:18,USR-72973
CONF-3595,TO_DO,2026-05-11 19:33:50,USR-75513
CONF-3595,IN_PROGRESS,2026-05-12 22:33:50,USR-75513
CONF-3595,IN_REVIEW,2026-05-14 03:33:50,USR-75513
CONF-3595,DONE,2026-05-15 11:33:50,USR-75513
DEVE-1618,TO_DO,2026-06-17 03:25:56,USR-10350
DEVE-1618,IN_PROGRESS,2026-06-17 17:25:56,USR-10350
DEVE-1618,IN_REVIEW,2026-06-17 20:25:56,USR-10350
DEVE-1618,DONE,2026-06-19 17:25:56,USR-10350
PROF-4707,TO_DO,2026-03-05 15:45:27,USR-87656
PROF-4707,IN_PROGRESS,2026-03-06 12:45:27,USR-87656
PROF-4707,IN_REVIEW,2026-03-07 00:45:27,USR-87656
PROF-4707,DONE,2026-03-07 06:45:27,USR-87656
CHOI-5764,TO_DO,2026-01-02 18:28:59,USR-82264
CHOI-5764,IN_PROGRESS,2026-01-03 17:28:59,USR-82264
CHOI-5764,IN_REVIEW,2026-01-05 02:28:59,USR-82264
CHOI-5764,DONE,2026-01-06 02:28:59,USR-82264
ANIM-7609,TO_DO,2025-12-20 03:35:39,USR-73736
ANIM-7609,IN_PROGRESS,2025-12-21 13:35:39,USR-73736
ANIM-7609,IN_REVIEW,2025-12-22 01:35:39,USR-73736
ANIM-7609,DONE,2025-12-22 10:35:39,USR-73736
ANIM-7609,REOPENED,2025-12-23 11:35:39,USR-40784
ANIM-7609,IN_PROGRESS,2025-12-24 10:35:39,USR-73736
ANIM-7609,DONE,2025-12-26 07:35:39,USR-73736
DEVE-7147,TO_DO,2025-12-07 16:48:34,USR-10688
DEVE-7147,IN_PROGRESS,2025-12-09 12:48:34,USR-10688
DEVE-7147,IN_REVIEW,2025-12-09 20:48:34,USR-10688
DEVE-7147,DONE,2025-12-11 15:48:34,USR-10688
DEVE-2897,TO_DO,2026-06-02 00:30:26,USR-51104
DEVE-2897,IN_PROGRESS,2026-06-02 15:30:26,USR-51104
DEVE-2897,IN_REVIEW,2026-06-04 13:30:26,USR-51104
DEVE-2897,DONE,2026-06-06 10:30:26,USR-51104
DEVE-5933,TO_DO,2025-10-25 16:20:38,USR-57428
DEVE-5933,IN_PROGRESS,2025-10-26 20:20:38,USR-57428
DEVE-5933,IN_REVIEW,2025-10-27 04:20:38,USR-57428
DEVE-5933,DONE,2025-10-28 14:20:38,USR-57428
CONF-2928,TO_DO,2026-01-07 17:29:47,USR-34931
CONF-2928,IN_PROGRESS,2026-01-09 04:29:47,USR-34931
CONF-2928,IN_REVIEW,2026-01-09 18:29:47,USR-34931
CONF-2928,DONE,2026-01-10 18:29:47,USR-34931
ORGA-5839,TO_DO,2025-12-05 05:50:34,USR-48696
ORGA-5839,IN_PROGRESS,2025-12-05 07:50:34,USR-48696
ORGA-5839,IN_REVIEW,2025-12-05 09:50:34,USR-48696
ORGA-5839,DONE,2025-12-07 05:50:34,USR-48696
THES-9095,TO_DO,2025-10-10 11:34:06,USR-75513
THES-9095,IN_PROGRESS,2025-10-11 05:34:06,USR-75513
THES-9095,IN_REVIEW,2025-10-13 00:34:06,USR-75513
THES-9095,DONE,2025-10-13 16:34:06,USR-75513
THES-9095,REOPENED,2025-10-14 23:34:06,USR-19305
THES-9095,IN_PROGRESS,2025-10-15 09:34:06,USR-75513
THES-9095,DONE,2025-10-16 05:34:06,USR-75513
TERM-1820,TO_DO,2026-04-08 05:33:16,USR-33850
TERM-1820,IN_PROGRESS,2026-04-09 10:33:16,USR-33850
TERM-1820,IN_REVIEW,2026-04-09 19:33:16,USR-33850
TERM-1820,DONE,2026-04-10 03:33:16,USR-33850
TERM-1820,REOPENED,2026-04-10 07:33:16,USR-30257
TERM-1820,IN_PROGRESS,2026-04-10 08:33:16,USR-33850
TERM-1820,DONE,2026-04-10 20:33:16,USR-33850
ANIM-6384,TO_DO,2025-11-24 19:43:31,USR-31299
ANIM-6384,IN_PROGRESS,2025-11-25 18:43:31,USR-31299
ANIM-6384,IN_REVIEW,2025-11-26 07:43:31,USR-31299
ANIM-6384,DONE,2025-11-26 16:43:31,USR-31299
ORGA-8479,TO_DO,2026-08-20 17:44:58,USR-21835
ORGA-8479,IN_PROGRESS,2026-08-21 02:44:58,USR-21835
ORGA-8479,IN_REVIEW,2026-08-21 12:44:58,USR-21835
ORGA-8479,DONE,2026-08-23 10:44:58,USR-21835
DEVE-3611,TO_DO,2026-04-02 03:49:31,USR-52622
DEVE-3611,IN_PROGRESS,2026-04-03 20:49:31,USR-52622
DEVE-3611,IN_REVIEW,2026-04-04 22:49:31,USR-52622
DEVE-3611,DONE,2026-04-05 22:49:31,USR-52622
DEVE-3611,REOPENED,2026-04-07 15:49:31,USR-16632
DEVE-3611,IN_PROGRESS,2026-04-07 16:49:31,USR-52622
DEVE-3611,DONE,2026-04-09 15:49:31,USR-52622
ANIM-8914,TO_DO,2026-03-01 12:38:31,USR-86106
ANIM-8914,IN_PROGRESS,2026-03-03 07:38:31,USR-86106
ANIM-8914,IN_REVIEW,2026-03-04 05:38:31,USR-86106
ANIM-8914,DONE,2026-03-04 07:38:31,USR-86106
LIST-4669,TO_DO,2026-02-06 00:15:22,USR-82260
LIST-4669,IN_PROGRESS,2026-02-06 08:15:22,USR-82260
LIST-4669,IN_REVIEW,2026-02-07 13:15:22,USR-82260
LIST-4669,DONE,2026-02-09 09:15:22,USR-82260
PROF-8895,TO_DO,2026-04-30 06:43:38,USR-66349
PROF-8895,IN_PROGRESS,2026-05-01 23:43:38,USR-66349
PROF-8895,IN_REVIEW,2026-05-02 04:43:38,USR-66349
PROF-8895,DONE,2026-05-02 06:43:38,USR-66349
ANIM-9283,TO_DO,2026-02-25 10:40:51,USR-85341
ANIM-9283,IN_PROGRESS,2026-02-26 03:40:51,USR-85341
ANIM-9283,IN_REVIEW,2026-02-27 02:40:51,USR-85341
ANIM-9283,DONE,2026-02-27 21:40:51,USR-85341
LIST-4648,TO_DO,2026-07-09 12:21:34,USR-74451
LIST-4648,IN_PROGRESS,2026-07-10 18:21:34,USR-74451
LIST-4648,IN_REVIEW,2026-07-11 01:21:34,USR-74451
LIST-4648,DONE,2026-07-12 10:21:34,USR-74451
WIN-2944,TO_DO,2025-10-21 09:46:30,USR-19447
WIN-2944,IN_PROGRESS,2025-10-22 22:46:30,USR-19447
WIN-2944,IN_REVIEW,2025-10-24 11:46:30,USR-19447
WIN-2944,DONE,2025-10-24 13:46:30,USR-19447
CONF-5990,TO_DO,2026-02-05 02:24:24,USR-49363
CONF-5990,IN_PROGRESS,2026-02-05 07:24:24,USR-49363
CONF-5990,IN_REVIEW,2026-02-05 23:24:24,USR-49363
CONF-5990,DONE,2026-02-07 06:24:24,USR-49363
LIST-8751,TO_DO,2026-04-18 02:28:11,USR-61374
LIST-8751,IN_PROGRESS,2026-04-18 04:28:11,USR-61374
LIST-8751,IN_REVIEW,2026-04-19 03:28:11,USR-61374
LIST-8751,DONE,2026-04-20 03:28:11,USR-61374
CHOI-9973,TO_DO,2026-04-04 19:28:13,USR-34931
CHOI-9973,IN_PROGRESS,2026-04-05 03:28:13,USR-34931
CHOI-9973,IN_REVIEW,2026-04-05 21:28:13,USR-34931
CHOI-9973,DONE,2026-04-07 14:28:13,USR-34931
PROF-2978,TO_DO,2026-06-26 07:12:05,USR-37549
PROF-2978,IN_PROGRESS,2026-06-27 11:12:05,USR-37549
PROF-2978,IN_REVIEW,2026-06-27 15:12:05,USR-37549
PROF-2978,DONE,2026-06-29 09:12:05,USR-37549
CONF-3018,TO_DO,2025-11-03 17:28:14,USR-69890
CONF-3018,IN_PROGRESS,2025-11-03 19:28:14,USR-69890
CONF-3018,IN_REVIEW,2025-11-05 06:28:14,USR-69890
CONF-3018,DONE,2025-11-05 11:28:14,USR-69890
ORGA-8912,TO_DO,2025-10-21 10:52:12,USR-76249
ORGA-8912,IN_PROGRESS,2025-10-21 18:52:12,USR-76249
ORGA-8912,IN_REVIEW,2025-10-22 20:52:12,USR-76249
ORGA-8912,DONE,2025-10-24 16:52:12,USR-76249
CONF-6273,TO_DO,2026-06-19 14:48:26,USR-81987
CONF-6273,IN_PROGRESS,2026-06-20 17:48:26,USR-81987
CONF-6273,IN_REVIEW,2026-06-21 16:48:26,USR-81987
CONF-6273,DONE,2026-06-22 12:48:26,USR-81987
ANIM-3263,TO_DO,2026-01-11 07:30:45,USR-32103
ANIM-3263,IN_PROGRESS,2026-01-12 05:30:45,USR-32103
ANIM-3263,IN_REVIEW,2026-01-14 04:30:45,USR-32103
ANIM-3263,DONE,2026-01-15 17:30:45,USR-32103
PROF-4291,TO_DO,2025-12-30 13:34:25,USR-25012
PROF-4291,IN_PROGRESS,2025-12-31 23:34:25,USR-25012
PROF-4291,IN_REVIEW,2026-01-02 11:34:25,USR-25012
PROF-4291,DONE,2026-01-04 09:34:25,USR-25012
WIN-2890,TO_DO,2025-12-05 14:53:25,USR-60140
WIN-2890,IN_PROGRESS,2025-12-07 11:53:25,USR-60140
WIN-2890,IN_REVIEW,2025-12-08 23:53:25,USR-60140
WIN-2890,DONE,2025-12-09 19:53:25,USR-60140
DEVE-9564,TO_DO,2026-07-31 14:51:36,USR-30676
DEVE-9564,IN_PROGRESS,2026-08-01 02:51:36,USR-30676
DEVE-9564,IN_REVIEW,2026-08-01 22:51:36,USR-30676
DEVE-9564,DONE,2026-08-03 19:51:36,USR-30676
DEVE-9564,REOPENED,2026-08-04 13:51:36,USR-81376
DEVE-9564,IN_PROGRESS,2026-08-04 18:51:36,USR-30676
DEVE-9564,DONE,2026-08-05 01:51:36,USR-30676
CHOI-4342,TO_DO,2025-10-11 13:17:47,USR-29555
CHOI-4342,IN_PROGRESS,2025-10-12 05:17:47,USR-29555
CHOI-4342,IN_REVIEW,2025-10-14 00:17:47,USR-29555
CHOI-4342,DONE,2025-10-15 13:17:47,USR-29555
PROF-9370,TO_DO,2025-11-11 13:53:37,USR-75715
PROF-9370,IN_PROGRESS,2025-11-12 15:53:37,USR-75715
PROF-9370,IN_REVIEW,2025-11-13 19:53:37,USR-75715
PROF-9370,DONE,2025-11-15 16:53:37,USR-75715
LIST-1881,TO_DO,2025-12-16 18:21:18,USR-66531
LIST-1881,IN_PROGRESS,2025-12-18 09:21:18,USR-66531
LIST-1881,IN_REVIEW,2025-12-19 21:21:18,USR-66531
LIST-1881,DONE,2025-12-21 13:21:18,USR-66531
LIST-1881,REOPENED,2025-12-22 03:21:18,USR-20561
LIST-1881,IN_PROGRESS,2025-12-23 03:21:18,USR-66531
LIST-1881,DONE,2025-12-23 19:21:18,USR-66531
CHOI-8353,TO_DO,2026-04-08 03:48:56,USR-41571
CHOI-8353,IN_PROGRESS,2026-04-09 05:48:56,USR-41571
CHOI-8353,IN_REVIEW,2026-04-09 09:48:56,USR-41571
CHOI-8353,DONE,2026-04-10 14:48:56,USR-41571
LIST-5329,TO_DO,2025-12-17 08:09:34,USR-83619
LIST-5329,IN_PROGRESS,2025-12-17 12:09:34,USR-83619
LIST-5329,IN_REVIEW,2025-12-17 23:09:34,USR-83619
LIST-5329,DONE,2025-12-18 21:09:34,USR-83619
LIST-5329,REOPENED,2025-12-20 13:09:34,USR-74260
LIST-5329,IN_PROGRESS,2025-12-20 15:09:34,USR-83619
LIST-5329,DONE,2025-12-22 11:09:34,USR-83619
CONF-5934,TO_DO,2026-04-23 15:12:20,USR-23022
CONF-5934,IN_PROGRESS,2026-04-25 02:12:20,USR-23022
CONF-5934,IN_REVIEW,2026-04-25 18:12:20,USR-23022
CONF-5934,DONE,2026-04-26 07:12:20,USR-23022
THES-9276,TO_DO,2025-12-27 07:47:41,USR-49608
THES-9276,IN_PROGRESS,2025-12-29 03:47:41,USR-49608
THES-9276,IN_REVIEW,2025-12-30 02:47:41,USR-49608
THES-9276,DONE,2025-12-31 01:47:41,USR-49608
CHOI-4579,TO_DO,2026-01-31 14:24:50,USR-40647
CHOI-4579,IN_PROGRESS,2026-01-31 23:24:50,USR-40647
CHOI-4579,IN_REVIEW,2026-02-02 19:24:50,USR-40647
CHOI-4579,DONE,2026-02-03 19:24:50,USR-40647
PROF-4994,TO_DO,2026-03-28 20:35:19,USR-22245
PROF-4994,IN_PROGRESS,2026-03-29 14:35:19,USR-22245
PROF-4994,IN_REVIEW,2026-03-31 02:35:19,USR-22245
PROF-4994,DONE,2026-04-02 02:35:19,USR-22245
DEVE-9468,TO_DO,2026-05-30 09:30:18,USR-27322
DEVE-9468,IN_PROGRESS,2026-06-01 04:30:18,USR-27322
DEVE-9468,IN_REVIEW,2026-06-01 18:30:18,USR-27322
DEVE-9468,DONE,2026-06-02 16:30:18,USR-27322
THES-2572,TO_DO,2026-08-23 16:36:26,USR-29597
THES-2572,IN_PROGRESS,2026-08-24 07:36:26,USR-29597
THES-2572,IN_REVIEW,2026-08-26 03:36:26,USR-29597
THES-2572,DONE,2026-08-27 21:36:26,USR-29597
ORGA-2702,TO_DO,2026-05-22 10:29:46,USR-58870
ORGA-2702,IN_PROGRESS,2026-05-24 07:29:46,USR-58870
ORGA-2702,IN_REVIEW,2026-05-24 18:29:46,USR-58870
ORGA-2702,DONE,2026-05-24 21:29:46,USR-58870
WIN-1620,TO_DO,2026-04-17 13:52:44,USR-53540
WIN-1620,IN_PROGRESS,2026-04-18 07:52:44,USR-53540
WIN-1620,IN_REVIEW,2026-04-19 11:52:44,USR-53540
WIN-1620,DONE,2026-04-20 13:52:44,USR-53540
WIN-1620,REOPENED,2026-04-21 19:52:44,USR-60432
WIN-1620,IN_PROGRESS,2026-04-22 16:52:44,USR-53540
WIN-1620,DONE,2026-04-23 21:52:44,USR-53540
ORGA-6183,TO_DO,2026-01-01 04:35:52,USR-82845
ORGA-6183,IN_PROGRESS,2026-01-01 10:35:52,USR-82845
ORGA-6183,IN_REVIEW,2026-01-03 01:35:52,USR-82845
ORGA-6183,DONE,2026-01-03 05:35:52,USR-82845
ORGA-6183,REOPENED,2026-01-05 03:35:52,USR-40968
ORGA-6183,IN_PROGRESS,2026-01-05 06:35:52,USR-82845
ORGA-6183,DONE,2026-01-06 08:35:52,USR-82845
LIST-2738,TO_DO,2026-03-08 04:33:26,USR-96706
LIST-2738,IN_PROGRESS,2026-03-09 06:33:26,USR-96706
LIST-2738,IN_REVIEW,2026-03-10 09:33:26,USR-96706
LIST-2738,DONE,2026-03-12 05:33:26,USR-96706
TERM-3561,TO_DO,2025-10-10 00:00:27,USR-60052
TERM-3561,IN_PROGRESS,2025-10-10 21:00:27,USR-60052
TERM-3561,IN_REVIEW,2025-10-12 18:00:27,USR-60052
TERM-3561,DONE,2025-10-14 18:00:27,USR-60052
WIN-1182,TO_DO,2026-05-01 20:07:01,USR-19602
WIN-1182,IN_PROGRESS,2026-05-02 23:07:01,USR-19602
WIN-1182,IN_REVIEW,2026-05-04 11:07:01,USR-19602
WIN-1182,DONE,2026-05-06 00:07:01,USR-19602
CHOI-4441,TO_DO,2026-02-13 03:13:28,USR-54791
CHOI-4441,IN_PROGRESS,2026-02-13 14:13:28,USR-54791
CHOI-4441,IN_REVIEW,2026-02-14 02:13:28,USR-54791
CHOI-4441,DONE,2026-02-14 15:13:28,USR-54791
CONF-5140,TO_DO,2026-03-24 07:28:03,USR-55793
CONF-5140,IN_PROGRESS,2026-03-25 14:28:03,USR-55793
CONF-5140,IN_REVIEW,2026-03-27 09:28:03,USR-55793
CONF-5140,DONE,2026-03-28 22:28:03,USR-55793
CHOI-2103,TO_DO,2026-02-17 19:12:37,USR-54791
CHOI-2103,IN_PROGRESS,2026-02-19 15:12:37,USR-54791
CHOI-2103,IN_REVIEW,2026-02-21 10:12:37,USR-54791
CHOI-2103,DONE,2026-02-22 03:12:37,USR-54791
CHOI-2143,TO_DO,2026-01-09 17:15:38,USR-70981
CHOI-2143,IN_PROGRESS,2026-01-11 15:15:38,USR-70981
CHOI-2143,IN_REVIEW,2026-01-13 06:15:38,USR-70981
CHOI-2143,DONE,2026-01-13 17:15:38,USR-70981
CONF-6971,TO_DO,2026-06-15 22:51:46,USR-30181
CONF-6971,IN_PROGRESS,2026-06-17 21:51:46,USR-30181
CONF-6971,IN_REVIEW,2026-06-19 16:51:46,USR-30181
CONF-6971,DONE,2026-06-20 21:51:46,USR-30181
WIN-3200,TO_DO,2026-05-01 22:56:45,USR-77908
WIN-3200,IN_PROGRESS,2026-05-03 07:56:45,USR-77908
WIN-3200,IN_REVIEW,2026-05-04 20:56:45,USR-77908
WIN-3200,DONE,2026-05-05 04:56:45,USR-77908
CONF-2343,TO_DO,2026-04-24 12:23:35,USR-56210
CONF-2343,IN_PROGRESS,2026-04-26 12:23:35,USR-56210
CONF-2343,IN_REVIEW,2026-04-26 18:23:35,USR-56210
CONF-2343,DONE,2026-04-26 21:23:35,USR-56210
DEVE-7637,TO_DO,2026-06-26 21:37:07,USR-27139
DEVE-7637,IN_PROGRESS,2026-06-28 05:37:07,USR-27139
DEVE-7637,IN_REVIEW,2026-06-30 00:37:07,USR-27139
DEVE-7637,DONE,2026-06-30 11:37:07,USR-27139
ORGA-4658,TO_DO,2026-03-10 04:37:35,USR-91006
ORGA-4658,IN_PROGRESS,2026-03-10 11:37:35,USR-91006
ORGA-4658,IN_REVIEW,2026-03-11 14:37:35,USR-91006
ORGA-4658,DONE,2026-03-12 15:37:35,USR-91006
DEVE-4913,TO_DO,2026-03-28 12:53:09,USR-85821
DEVE-4913,IN_PROGRESS,2026-03-28 22:53:09,USR-85821
DEVE-4913,IN_REVIEW,2026-03-30 04:53:09,USR-85821
DEVE-4913,DONE,2026-03-30 16:53:09,USR-85821
CONF-3395,TO_DO,2026-09-04 22:00:45,USR-57920
CONF-3395,IN_PROGRESS,2026-09-05 14:00:45,USR-57920
CONF-3395,IN_REVIEW,2026-09-05 20:00:45,USR-57920
CONF-3395,DONE,2026-09-06 14:00:45,USR-57920
PROF-1701,TO_DO,2025-12-05 09:17:18,USR-77499
PROF-1701,IN_PROGRESS,2025-12-05 13:17:18,USR-77499
PROF-1701,IN_REVIEW,2025-12-05 17:17:18,USR-77499
PROF-1701,DONE,2025-12-07 12:17:18,USR-77499
THES-9542,TO_DO,2025-11-24 09:23:06,USR-67432
THES-9542,IN_PROGRESS,2025-11-24 22:23:06,USR-67432
THES-9542,IN_REVIEW,2025-11-26 00:23:06,USR-67432
THES-9542,DONE,2025-11-27 19:23:06,USR-67432
WIN-2275,TO_DO,2025-11-17 05:13:32,USR-64596
WIN-2275,IN_PROGRESS,2025-11-18 14:13:32,USR-64596
WIN-2275,IN_REVIEW,2025-11-19 22:13:32,USR-64596
WIN-2275,DONE,2025-11-21 14:13:32,USR-64596
LIST-3276,TO_DO,2026-04-16 17:51:19,USR-73699
LIST-3276,IN_PROGRESS,2026-04-17 06:51:19,USR-73699
LIST-3276,IN_REVIEW,2026-04-17 18:51:19,USR-73699
LIST-3276,DONE,2026-04-18 19:51:19,USR-73699
THES-4773,TO_DO,2026-08-19 21:47:29,USR-97833
THES-4773,IN_PROGRESS,2026-08-20 12:47:29,USR-97833
THES-4773,IN_REVIEW,2026-08-22 03:47:29,USR-97833
THES-4773,DONE,2026-08-22 15:47:29,USR-97833
ORGA-1367,TO_DO,2026-01-16 20:21:34,USR-65176
ORGA-1367,IN_PROGRESS,2026-01-17 00:21:34,USR-65176
ORGA-1367,IN_REVIEW,2026-01-18 14:21:34,USR-65176
ORGA-1367,DONE,2026-01-19 01:21:34,USR-65176
ANIM-5231,TO_DO,2026-05-25 04:41:34,USR-49221
ANIM-5231,IN_PROGRESS,2026-05-27 04:41:34,USR-49221
ANIM-5231,IN_REVIEW,2026-05-29 04:41:34,USR-49221
ANIM-5231,DONE,2026-05-31 00:41:34,USR-49221
THES-4548,TO_DO,2026-06-23 00:33:28,USR-72739
THES-4548,IN_PROGRESS,2026-06-24 16:33:28,USR-72739
THES-4548,IN_REVIEW,2026-06-25 03:33:28,USR-72739
THES-4548,DONE,2026-06-26 18:33:28,USR-72739
CONF-9369,TO_DO,2026-03-17 04:01:16,USR-56129
CONF-9369,IN_PROGRESS,2026-03-17 20:01:16,USR-56129
CONF-9369,IN_REVIEW,2026-03-18 22:01:16,USR-56129
CONF-9369,DONE,2026-03-20 00:01:16,USR-56129
THES-1271,TO_DO,2025-11-23 09:34:53,USR-26059
THES-1271,IN_PROGRESS,2025-11-25 01:34:53,USR-26059
THES-1271,IN_REVIEW,2025-11-25 09:34:53,USR-26059
THES-1271,DONE,2025-11-25 22:34:53,USR-26059
CONF-1639,TO_DO,2026-07-22 09:44:59,USR-56179
CONF-1639,IN_PROGRESS,2026-07-24 01:44:59,USR-56179
CONF-1639,IN_REVIEW,2026-07-25 13:44:59,USR-56179
CONF-1639,DONE,2026-07-25 15:44:59,USR-56179
ORGA-9553,TO_DO,2026-04-27 01:05:13,USR-94259
ORGA-9553,IN_PROGRESS,2026-04-28 03:05:13,USR-94259
ORGA-9553,IN_REVIEW,2026-04-29 03:05:13,USR-94259
ORGA-9553,DONE,2026-04-30 18:05:13,USR-94259
CONF-2600,TO_DO,2025-11-23 01:33:31,USR-84177
CONF-2600,IN_PROGRESS,2025-11-24 05:33:31,USR-84177
CONF-2600,IN_REVIEW,2025-11-24 23:33:31,USR-84177
CONF-2600,DONE,2025-11-25 13:33:31,USR-84177
DEVE-9561,TO_DO,2025-11-11 08:00:20,USR-14278
DEVE-9561,IN_PROGRESS,2025-11-12 12:00:20,USR-14278
DEVE-9561,IN_REVIEW,2025-11-13 13:00:20,USR-14278
DEVE-9561,DONE,2025-11-13 21:00:20,USR-14278
DEVE-9561,REOPENED,2025-11-14 08:00:20,USR-95181
DEVE-9561,IN_PROGRESS,2025-11-14 22:00:20,USR-14278
DEVE-9561,DONE,2025-11-16 19:00:20,USR-14278
CONF-5155,TO_DO,2026-05-21 03:01:17,USR-50730
CONF-5155,IN_PROGRESS,2026-05-21 18:01:17,USR-50730
CONF-5155,IN_REVIEW,2026-05-22 22:01:17,USR-50730
CONF-5155,DONE,2026-05-24 11:01:17,USR-50730
TERM-3928,TO_DO,2026-04-24 01:00:27,USR-70236
TERM-3928,IN_PROGRESS,2026-04-24 11:00:27,USR-70236
TERM-3928,IN_REVIEW,2026-04-26 07:00:27,USR-70236
TERM-3928,DONE,2026-04-26 16:00:27,USR-70236
TERM-3650,TO_DO,2025-10-18 17:02:34,USR-33788
TERM-3650,IN_PROGRESS,2025-10-19 05:02:34,USR-33788
TERM-3650,IN_REVIEW,2025-10-20 07:02:34,USR-33788
TERM-3650,DONE,2025-10-22 01:02:34,USR-33788
TERM-3650,REOPENED,2025-10-22 03:02:34,USR-92242
TERM-3650,IN_PROGRESS,2025-10-22 06:02:34,USR-33788
TERM-3650,DONE,2025-10-22 19:02:34,USR-33788
TERM-8133,TO_DO,2026-01-24 14:12:17,USR-92960
TERM-8133,IN_PROGRESS,2026-01-25 17:12:17,USR-92960
TERM-8133,IN_REVIEW,2026-01-27 10:12:17,USR-92960
TERM-8133,DONE,2026-01-29 05:12:17,USR-92960
TERM-8133,REOPENED,2026-01-30 16:12:17,USR-64921
TERM-8133,IN_PROGRESS,2026-01-31 02:12:17,USR-92960
TERM-8133,DONE,2026-02-01 20:12:17,USR-92960
DEVE-3871,TO_DO,2026-08-05 20:03:21,USR-10851
DEVE-3871,IN_PROGRESS,2026-08-06 10:03:21,USR-10851
DEVE-3871,IN_REVIEW,2026-08-06 14:03:21,USR-10851
DEVE-3871,DONE,2026-08-08 06:03:21,USR-10851
LIST-4795,TO_DO,2026-08-29 20:34:05,USR-38785
LIST-4795,IN_PROGRESS,2026-08-30 03:34:05,USR-38785
LIST-4795,IN_REVIEW,2026-08-30 22:34:05,USR-38785
LIST-4795,DONE,2026-09-01 01:34:05,USR-38785
ORGA-7642,TO_DO,2026-03-06 22:11:31,USR-59797
ORGA-7642,IN_PROGRESS,2026-03-08 11:11:31,USR-59797
ORGA-7642,IN_REVIEW,2026-03-09 07:11:31,USR-59797
ORGA-7642,DONE,2026-03-11 07:11:31,USR-59797
CONF-6703,TO_DO,2025-12-08 04:20:48,USR-69598
CONF-6703,IN_PROGRESS,2025-12-09 18:20:48,USR-69598
CONF-6703,IN_REVIEW,2025-12-09 20:20:48,USR-69598
CONF-6703,DONE,2025-12-10 14:20:48,USR-69598
ORGA-9294,TO_DO,2026-07-11 06:35:57,USR-56179
ORGA-9294,IN_PROGRESS,2026-07-12 00:35:57,USR-56179
ORGA-9294,IN_REVIEW,2026-07-13 12:35:57,USR-56179
ORGA-9294,DONE,2026-07-15 02:35:57,USR-56179
ORGA-9294,REOPENED,2026-07-15 20:35:57,USR-57576
ORGA-9294,IN_PROGRESS,2026-07-16 19:35:57,USR-56179
ORGA-9294,DONE,2026-07-18 03:35:57,USR-56179
ORGA-8923,TO_DO,2026-06-12 13:24:16,USR-34267
ORGA-8923,IN_PROGRESS,2026-06-12 16:24:16,USR-34267
ORGA-8923,IN_REVIEW,2026-06-14 00:24:16,USR-34267
ORGA-8923,DONE,2026-06-14 09:24:16,USR-34267
THES-7269,TO_DO,2026-01-12 14:29:29,USR-92306
THES-7269,IN_PROGRESS,2026-01-13 14:29:29,USR-92306
THES-7269,IN_REVIEW,2026-01-15 01:29:29,USR-92306
THES-7269,DONE,2026-01-16 13:29:29,USR-92306
CHOI-5067,TO_DO,2026-03-30 19:39:44,USR-40968
CHOI-5067,IN_PROGRESS,2026-04-01 03:39:44,USR-40968
CHOI-5067,IN_REVIEW,2026-04-02 01:39:44,USR-40968
CHOI-5067,DONE,2026-04-03 01:39:44,USR-40968
CONF-5408,TO_DO,2026-05-10 20:03:15,USR-67640
CONF-5408,IN_PROGRESS,2026-05-11 13:03:15,USR-67640
CONF-5408,IN_REVIEW,2026-05-12 07:03:15,USR-67640
CONF-5408,DONE,2026-05-12 22:03:15,USR-67640
PROF-5091,TO_DO,2025-10-17 11:35:46,USR-54942
PROF-5091,IN_PROGRESS,2025-10-19 04:35:46,USR-54942
PROF-5091,IN_REVIEW,2025-10-19 06:35:46,USR-54942
PROF-5091,DONE,2025-10-20 18:35:46,USR-54942
TERM-7081,TO_DO,2026-06-02 02:03:16,USR-73300
TERM-7081,IN_PROGRESS,2026-06-02 21:03:16,USR-73300
TERM-7081,IN_REVIEW,2026-06-04 00:03:16,USR-73300
TERM-7081,DONE,2026-06-04 16:03:16,USR-73300
ANIM-1887,TO_DO,2026-07-16 05:38:51,USR-33600
ANIM-1887,IN_PROGRESS,2026-07-18 02:38:51,USR-33600
ANIM-1887,IN_REVIEW,2026-07-18 15:38:51,USR-33600
ANIM-1887,DONE,2026-07-19 22:38:51,USR-33600
LIST-8537,TO_DO,2026-01-21 20:50:19,USR-54597
LIST-8537,IN_PROGRESS,2026-01-22 18:50:19,USR-54597
LIST-8537,IN_REVIEW,2026-01-23 19:50:19,USR-54597
LIST-8537,DONE,2026-01-25 12:50:19,USR-54597
ANIM-9987,TO_DO,2025-10-01 22:51:22,USR-23173
ANIM-9987,IN_PROGRESS,2025-10-03 03:51:22,USR-23173
ANIM-9987,IN_REVIEW,2025-10-03 18:51:22,USR-23173
ANIM-9987,DONE,2025-10-04 22:51:22,USR-23173
WIN-6981,TO_DO,2026-09-15 15:48:02,USR-96991
WIN-6981,IN_PROGRESS,2026-09-15 23:48:02,USR-96991
WIN-6981,IN_REVIEW,2026-09-17 23:48:02,USR-96991
WIN-6981,DONE,2026-09-18 18:48:02,USR-96991
LIST-8081,TO_DO,2026-09-10 07:48:58,USR-81200
LIST-8081,IN_PROGRESS,2026-09-10 20:48:58,USR-81200
LIST-8081,IN_REVIEW,2026-09-12 00:48:58,USR-81200
LIST-8081,DONE,2026-09-13 09:48:58,USR-81200
LIST-9748,TO_DO,2026-03-24 18:43:54,USR-98815
LIST-9748,IN_PROGRESS,2026-03-24 23:43:54,USR-98815
LIST-9748,IN_REVIEW,2026-03-26 02:43:54,USR-98815
LIST-9748,DONE,2026-03-26 10:43:54,USR-98815
ANIM-1983,TO_DO,2026-06-22 07:42:02,USR-42007
ANIM-1983,IN_PROGRESS,2026-06-23 01:42:02,USR-42007
ANIM-1983,IN_REVIEW,2026-06-24 02:42:02,USR-42007
ANIM-1983,DONE,2026-06-25 03:42:02,USR-42007
LIST-5222,TO_DO,2026-01-23 06:30:16,USR-17665
LIST-5222,IN_PROGRESS,2026-01-24 20:30:16,USR-17665
LIST-5222,IN_REVIEW,2026-01-26 15:30:16,USR-17665
LIST-5222,DONE,2026-01-28 10:30:16,USR-17665
ANIM-5663,TO_DO,2026-06-23 13:28:00,USR-14373
ANIM-5663,IN_PROGRESS,2026-06-24 15:28:00,USR-14373
ANIM-5663,IN_REVIEW,2026-06-26 08:28:00,USR-14373
ANIM-5663,DONE,2026-06-27 04:28:00,USR-14373
ANIM-3745,TO_DO,2026-03-10 22:06:41,USR-35242
ANIM-3745,IN_PROGRESS,2026-03-11 04:06:41,USR-35242
ANIM-3745,IN_REVIEW,2026-03-11 11:06:41,USR-35242
ANIM-3745,DONE,2026-03-11 23:06:41,USR-35242
PROF-6136,TO_DO,2025-11-07 19:34:20,USR-96057
PROF-6136,IN_PROGRESS,2025-11-09 01:34:20,USR-96057
PROF-6136,IN_REVIEW,2025-11-10 02:34:20,USR-96057
PROF-6136,DONE,2025-11-11 17:34:20,USR-96057
TERM-7782,TO_DO,2025-11-12 03:04:36,USR-19116
TERM-7782,IN_PROGRESS,2025-11-14 01:04:36,USR-19116
TERM-7782,IN_REVIEW,2025-11-14 08:04:36,USR-19116
TERM-7782,DONE,2025-11-14 23:04:36,USR-19116
ORGA-2687,TO_DO,2026-05-18 15:44:56,USR-31581
ORGA-2687,IN_PROGRESS,2026-05-20 02:44:56,USR-31581
ORGA-2687,IN_REVIEW,2026-05-20 09:44:56,USR-31581
ORGA-2687,DONE,2026-05-20 17:44:56,USR-31581
ORGA-2687,REOPENED,2026-05-21 11:44:56,USR-22672
ORGA-2687,IN_PROGRESS,2026-05-22 07:44:56,USR-31581
ORGA-2687,DONE,2026-05-22 20:44:56,USR-31581
THES-7387,TO_DO,2026-07-13 17:42:39,USR-15726
THES-7387,IN_PROGRESS,2026-07-15 04:42:39,USR-15726
THES-7387,IN_REVIEW,2026-07-15 16:42:39,USR-15726
THES-7387,DONE,2026-07-15 19:42:39,USR-15726
WIN-6328,TO_DO,2025-12-29 20:35:26,USR-50327
WIN-6328,IN_PROGRESS,2025-12-31 18:35:26,USR-50327
WIN-6328,IN_REVIEW,2026-01-02 06:35:26,USR-50327
WIN-6328,DONE,2026-01-02 19:35:26,USR-50327
CONF-8480,TO_DO,2026-09-12 02:43:27,USR-77908
CONF-8480,IN_PROGRESS,2026-09-12 23:43:27,USR-77908
CONF-8480,IN_REVIEW,2026-09-13 23:43:27,USR-77908
CONF-8480,DONE,2026-09-15 07:43:27,USR-77908
PROF-2467,TO_DO,2025-12-07 20:08:19,USR-10150
PROF-2467,IN_PROGRESS,2025-12-09 07:08:19,USR-10150
PROF-2467,IN_REVIEW,2025-12-09 17:08:19,USR-10150
PROF-2467,DONE,2025-12-10 17:08:19,USR-10150
TERM-9767,TO_DO,2026-03-04 05:32:36,USR-69878
TERM-9767,IN_PROGRESS,2026-03-05 01:32:36,USR-69878
TERM-9767,IN_REVIEW,2026-03-06 17:32:36,USR-69878
TERM-9767,DONE,2026-03-07 09:32:36,USR-69878
TERM-9767,REOPENED,2026-03-07 11:32:36,USR-41552
TERM-9767,IN_PROGRESS,2026-03-08 05:32:36,USR-69878
TERM-9767,DONE,2026-03-09 08:32:36,USR-69878
PROF-7745,TO_DO,2026-04-07 11:58:53,USR-85392
PROF-7745,IN_PROGRESS,2026-04-08 13:58:53,USR-85392
PROF-7745,IN_REVIEW,2026-04-09 05:58:53,USR-85392
PROF-7745,DONE,2026-04-09 23:58:53,USR-85392
ORGA-4924,TO_DO,2026-05-18 02:40:37,USR-26059
ORGA-4924,IN_PROGRESS,2026-05-19 21:40:37,USR-26059
ORGA-4924,IN_REVIEW,2026-05-21 09:40:37,USR-26059
ORGA-4924,DONE,2026-05-22 04:40:37,USR-26059
PROF-2121,TO_DO,2026-03-12 03:31:59,USR-95477
PROF-2121,IN_PROGRESS,2026-03-14 01:31:59,USR-95477
PROF-2121,IN_REVIEW,2026-03-15 18:31:59,USR-95477
PROF-2121,DONE,2026-03-17 03:31:59,USR-95477
WIN-1317,TO_DO,2025-10-01 21:48:50,USR-18285
WIN-1317,IN_PROGRESS,2025-10-02 07:48:50,USR-18285
WIN-1317,IN_REVIEW,2025-10-04 06:48:50,USR-18285
WIN-1317,DONE,2025-10-05 12:48:50,USR-18285
DEVE-4814,TO_DO,2025-11-05 10:45:38,USR-73335
DEVE-4814,IN_PROGRESS,2025-11-06 11:45:38,USR-73335
DEVE-4814,IN_REVIEW,2025-11-07 18:45:38,USR-73335
DEVE-4814,DONE,2025-11-09 16:45:38,USR-73335
DEVE-4814,REOPENED,2025-11-09 20:45:38,USR-59797
DEVE-4814,IN_PROGRESS,2025-11-10 07:45:38,USR-73335
DEVE-4814,DONE,2025-11-10 16:45:38,USR-73335
ANIM-1918,TO_DO,2026-03-02 22:53:17,USR-12552
ANIM-1918,IN_PROGRESS,2026-03-04 00:53:17,USR-12552
ANIM-1918,IN_REVIEW,2026-03-04 02:53:17,USR-12552
ANIM-1918,DONE,2026-03-04 11:53:17,USR-12552
PROF-7304,TO_DO,2026-07-21 10:01:09,USR-41358
PROF-7304,IN_PROGRESS,2026-07-22 21:01:09,USR-41358
PROF-7304,IN_REVIEW,2026-07-24 17:01:09,USR-41358
PROF-7304,DONE,2026-07-25 08:01:09,USR-41358
ORGA-6113,TO_DO,2026-04-13 13:22:12,USR-22026
ORGA-6113,IN_PROGRESS,2026-04-15 00:22:12,USR-22026
ORGA-6113,IN_REVIEW,2026-04-15 09:22:12,USR-22026
ORGA-6113,DONE,2026-04-16 03:22:12,USR-22026
CHOI-4255,TO_DO,2025-11-18 05:16:56,USR-58353
CHOI-4255,IN_PROGRESS,2025-11-19 03:16:56,USR-58353
CHOI-4255,IN_REVIEW,2025-11-19 05:16:56,USR-58353
CHOI-4255,DONE,2025-11-19 17:16:56,USR-58353
CONF-2960,TO_DO,2026-06-17 07:03:39,USR-87236
CONF-2960,IN_PROGRESS,2026-06-19 05:03:39,USR-87236
CONF-2960,IN_REVIEW,2026-06-20 21:03:39,USR-87236
CONF-2960,DONE,2026-06-21 08:03:39,USR-87236
THES-5075,TO_DO,2025-11-25 06:15:00,USR-56129
THES-5075,IN_PROGRESS,2025-11-25 11:15:00,USR-56129
THES-5075,IN_REVIEW,2025-11-26 11:15:00,USR-56129
THES-5075,DONE,2025-11-28 06:15:00,USR-56129
LIST-2759,TO_DO,2026-07-31 19:26:01,USR-97580
LIST-2759,IN_PROGRESS,2026-08-02 19:26:01,USR-97580
LIST-2759,IN_REVIEW,2026-08-03 09:26:01,USR-97580
LIST-2759,DONE,2026-08-03 12:26:01,USR-97580
LIST-2759,REOPENED,2026-08-05 10:26:01,USR-23970
LIST-2759,IN_PROGRESS,2026-08-05 23:26:01,USR-97580
LIST-2759,DONE,2026-08-07 01:26:01,USR-97580
ANIM-5107,TO_DO,2026-07-20 15:18:37,USR-94843
ANIM-5107,IN_PROGRESS,2026-07-21 05:18:37,USR-94843
ANIM-5107,IN_REVIEW,2026-07-22 19:18:37,USR-94843
ANIM-5107,DONE,2026-07-23 08:18:37,USR-94843
WIN-6303,TO_DO,2026-03-20 18:01:19,USR-72739
WIN-6303,IN_PROGRESS,2026-03-21 05:01:19,USR-72739
WIN-6303,IN_REVIEW,2026-03-22 11:01:19,USR-72739
WIN-6303,DONE,2026-03-23 07:01:19,USR-72739
LIST-7014,TO_DO,2026-09-05 12:38:42,USR-73656
LIST-7014,IN_PROGRESS,2026-09-07 05:38:42,USR-73656
LIST-7014,IN_REVIEW,2026-09-08 06:38:42,USR-73656
LIST-7014,DONE,2026-09-09 23:38:42,USR-73656
WIN-2037,TO_DO,2025-11-08 10:09:19,USR-20345
WIN-2037,IN_PROGRESS,2025-11-09 23:09:19,USR-20345
WIN-2037,IN_REVIEW,2025-11-10 10:09:19,USR-20345
WIN-2037,DONE,2025-11-12 03:09:19,USR-20345
WIN-7714,TO_DO,2026-02-25 22:36:44,USR-84847
WIN-7714,IN_PROGRESS,2026-02-26 11:36:44,USR-84847
WIN-7714,IN_REVIEW,2026-02-26 15:36:44,USR-84847
WIN-7714,DONE,2026-02-27 05:36:44,USR-84847
TERM-4139,TO_DO,2026-01-29 09:45:26,USR-98895
TERM-4139,IN_PROGRESS,2026-01-31 07:45:26,USR-98895
TERM-4139,IN_REVIEW,2026-02-01 22:45:26,USR-98895
TERM-4139,DONE,2026-02-02 16:45:26,USR-98895
TERM-4139,REOPENED,2026-02-02 21:45:26,USR-41186
TERM-4139,IN_PROGRESS,2026-02-03 09:45:26,USR-98895
TERM-4139,DONE,2026-02-04 03:45:26,USR-98895
CONF-2161,TO_DO,2026-07-12 03:06:54,USR-62743
CONF-2161,IN_PROGRESS,2026-07-13 21:06:54,USR-62743
CONF-2161,IN_REVIEW,2026-07-14 02:06:54,USR-62743
CONF-2161,DONE,2026-07-15 03:06:54,USR-62743
CONF-2161,REOPENED,2026-07-16 16:06:54,USR-76249
CONF-2161,IN_PROGRESS,2026-07-17 16:06:54,USR-62743
CONF-2161,DONE,2026-07-18 22:06:54,USR-62743
WIN-1955,TO_DO,2026-01-01 02:34:13,USR-59941
WIN-1955,IN_PROGRESS,2026-01-01 08:34:13,USR-59941
WIN-1955,IN_REVIEW,2026-01-01 23:34:13,USR-59941
WIN-1955,DONE,2026-01-03 10:34:13,USR-59941
THES-4784,TO_DO,2026-02-05 01:14:52,USR-44237
THES-4784,IN_PROGRESS,2026-02-06 14:14:52,USR-44237
THES-4784,IN_REVIEW,2026-02-08 03:14:52,USR-44237
THES-4784,DONE,2026-02-09 07:14:52,USR-44237
CONF-6864,TO_DO,2026-05-05 13:14:44,USR-20308
CONF-6864,IN_PROGRESS,2026-05-07 02:14:44,USR-20308
CONF-6864,IN_REVIEW,2026-05-08 05:14:44,USR-20308
CONF-6864,DONE,2026-05-09 15:14:44,USR-20308
ANIM-9747,TO_DO,2026-05-07 07:05:18,USR-60639
ANIM-9747,IN_PROGRESS,2026-05-08 11:05:18,USR-60639
ANIM-9747,IN_REVIEW,2026-05-10 05:05:18,USR-60639
ANIM-9747,DONE,2026-05-11 10:05:18,USR-60639
WIN-4943,TO_DO,2026-04-10 04:47:01,USR-14278
WIN-4943,IN_PROGRESS,2026-04-11 10:47:01,USR-14278
WIN-4943,IN_REVIEW,2026-04-12 13:47:01,USR-14278
WIN-4943,DONE,2026-04-12 15:47:01,USR-14278
DEVE-5660,TO_DO,2025-10-26 04:41:08,USR-51180
DEVE-5660,IN_PROGRESS,2025-10-27 02:41:08,USR-51180
DEVE-5660,IN_REVIEW,2025-10-27 05:41:08,USR-51180
DEVE-5660,DONE,2025-10-29 03:41:08,USR-51180
LIST-9376,TO_DO,2026-07-02 16:09:14,USR-12068
LIST-9376,IN_PROGRESS,2026-07-03 03:09:14,USR-12068
LIST-9376,IN_REVIEW,2026-07-03 13:09:14,USR-12068
LIST-9376,DONE,2026-07-04 07:09:14,USR-12068
CONF-5093,TO_DO,2026-01-22 04:03:34,USR-55508
CONF-5093,IN_PROGRESS,2026-01-24 04:03:34,USR-55508
CONF-5093,IN_REVIEW,2026-01-24 10:03:34,USR-55508
CONF-5093,DONE,2026-01-26 10:03:34,USR-55508
TERM-3832,TO_DO,2026-07-20 10:26:18,USR-21835
TERM-3832,IN_PROGRESS,2026-07-22 02:26:18,USR-21835
TERM-3832,IN_REVIEW,2026-07-23 21:26:18,USR-21835
TERM-3832,DONE,2026-07-24 18:26:18,USR-21835
CONF-7251,TO_DO,2026-07-12 04:31:17,USR-76249
CONF-7251,IN_PROGRESS,2026-07-12 13:31:17,USR-76249
CONF-7251,IN_REVIEW,2026-07-13 05:31:17,USR-76249
CONF-7251,DONE,2026-07-15 00:31:17,USR-76249
CONF-7251,REOPENED,2026-07-16 16:31:17,USR-82512
CONF-7251,IN_PROGRESS,2026-07-16 17:31:17,USR-76249
CONF-7251,DONE,2026-07-18 13:31:17,USR-76249
ORGA-1886,TO_DO,2025-10-20 04:46:44,USR-52600
ORGA-1886,IN_PROGRESS,2025-10-22 02:46:44,USR-52600
ORGA-1886,IN_REVIEW,2025-10-22 18:46:44,USR-52600
ORGA-1886,DONE,2025-10-23 05:46:44,USR-52600
ORGA-8300,TO_DO,2026-08-27 00:09:19,USR-34920
ORGA-8300,IN_PROGRESS,2026-08-27 11:09:19,USR-34920
ORGA-8300,IN_REVIEW,2026-08-27 21:09:19,USR-34920
ORGA-8300,DONE,2026-08-28 20:09:19,USR-34920
TERM-1807,TO_DO,2025-11-28 07:23:44,USR-95180
TERM-1807,IN_PROGRESS,2025-11-28 17:23:44,USR-95180
TERM-1807,IN_REVIEW,2025-11-30 01:23:44,USR-95180
TERM-1807,DONE,2025-12-01 14:23:44,USR-95180
TERM-7476,TO_DO,2026-08-02 11:38:13,USR-82641
TERM-7476,IN_PROGRESS,2026-08-02 17:38:13,USR-82641
TERM-7476,IN_REVIEW,2026-08-03 12:38:13,USR-82641
TERM-7476,DONE,2026-08-04 17:38:13,USR-82641
CONF-2467,TO_DO,2025-11-27 19:58:12,USR-50730
CONF-2467,IN_PROGRESS,2025-11-29 11:58:12,USR-50730
CONF-2467,IN_REVIEW,2025-12-01 06:58:12,USR-50730
CONF-2467,DONE,2025-12-01 09:58:12,USR-50730
CONF-2467,REOPENED,2025-12-02 06:58:12,USR-81118
CONF-2467,IN_PROGRESS,2025-12-02 12:58:12,USR-50730
CONF-2467,DONE,2025-12-03 14:58:12,USR-50730
CONF-8245,TO_DO,2026-08-24 00:42:47,USR-44718
CONF-8245,IN_PROGRESS,2026-08-26 00:42:47,USR-44718
CONF-8245,IN_REVIEW,2026-08-26 07:42:47,USR-44718
CONF-8245,DONE,2026-08-26 16:42:47,USR-44718
PROF-3419,TO_DO,2026-08-26 18:32:41,USR-38569
PROF-3419,IN_PROGRESS,2026-08-27 15:32:41,USR-38569
PROF-3419,IN_REVIEW,2026-08-28 21:32:41,USR-38569
PROF-3419,DONE,2026-08-30 05:32:41,USR-38569
WIN-4424,TO_DO,2026-09-10 05:10:25,USR-97062
WIN-4424,IN_PROGRESS,2026-09-11 13:10:25,USR-97062
WIN-4424,IN_REVIEW,2026-09-13 06:10:25,USR-97062
WIN-4424,DONE,2026-09-15 06:10:25,USR-97062
DEVE-7170,TO_DO,2026-05-06 16:29:56,USR-69609
DEVE-7170,IN_PROGRESS,2026-05-07 06:29:56,USR-69609
DEVE-7170,IN_REVIEW,2026-05-09 04:29:56,USR-69609
DEVE-7170,DONE,2026-05-10 21:29:56,USR-69609
DEVE-8617,TO_DO,2025-12-28 09:40:42,USR-76540
DEVE-8617,IN_PROGRESS,2025-12-28 17:40:42,USR-76540
DEVE-8617,IN_REVIEW,2025-12-28 20:40:42,USR-76540
DEVE-8617,DONE,2025-12-29 16:40:42,USR-76540
ORGA-4787,TO_DO,2025-11-21 23:24:32,USR-13492
ORGA-4787,IN_PROGRESS,2025-11-23 11:24:32,USR-13492
ORGA-4787,IN_REVIEW,2025-11-23 18:24:32,USR-13492
ORGA-4787,DONE,2025-11-24 07:24:32,USR-13492
LIST-8503,TO_DO,2026-05-13 21:00:07,USR-57400
LIST-8503,IN_PROGRESS,2026-05-15 06:00:07,USR-57400
LIST-8503,IN_REVIEW,2026-05-16 09:00:07,USR-57400
LIST-8503,DONE,2026-05-16 21:00:07,USR-57400
WIN-6765,TO_DO,2026-03-10 12:34:10,USR-83060
WIN-6765,IN_PROGRESS,2026-03-11 14:34:10,USR-83060
WIN-6765,IN_REVIEW,2026-03-11 17:34:10,USR-83060
WIN-6765,DONE,2026-03-13 06:34:10,USR-83060
PROF-3485,TO_DO,2025-10-05 03:04:02,USR-51033
PROF-3485,IN_PROGRESS,2025-10-07 00:04:02,USR-51033
PROF-3485,IN_REVIEW,2025-10-08 17:04:02,USR-51033
PROF-3485,DONE,2025-10-10 11:04:02,USR-51033
PROF-7837,TO_DO,2026-06-02 02:04:41,USR-24871
PROF-7837,IN_PROGRESS,2026-06-02 12:04:41,USR-24871
PROF-7837,IN_REVIEW,2026-06-03 03:04:41,USR-24871
PROF-7837,DONE,2026-06-04 22:04:41,USR-24871
CONF-9869,TO_DO,2026-02-26 13:26:20,USR-74752
CONF-9869,IN_PROGRESS,2026-02-26 23:26:20,USR-74752
CONF-9869,IN_REVIEW,2026-02-28 04:26:20,USR-74752
CONF-9869,DONE,2026-02-28 15:26:20,USR-74752
CONF-3589,TO_DO,2025-11-28 04:04:02,USR-83584
CONF-3589,IN_PROGRESS,2025-11-30 04:04:02,USR-83584
CONF-3589,IN_REVIEW,2025-11-30 07:04:02,USR-83584
CONF-3589,DONE,2025-12-01 05:04:02,USR-83584
ORGA-5970,TO_DO,2026-08-12 15:24:02,USR-52981
ORGA-5970,IN_PROGRESS,2026-08-12 23:24:02,USR-52981
ORGA-5970,IN_REVIEW,2026-08-13 09:24:02,USR-52981
ORGA-5970,DONE,2026-08-13 22:24:02,USR-52981
CONF-5372,TO_DO,2026-06-25 04:58:02,USR-41979
CONF-5372,IN_PROGRESS,2026-06-26 04:58:02,USR-41979
CONF-5372,IN_REVIEW,2026-06-26 11:58:02,USR-41979
CONF-5372,DONE,2026-06-28 09:58:02,USR-41979
ANIM-9230,TO_DO,2026-03-21 23:20:49,USR-53694
ANIM-9230,IN_PROGRESS,2026-03-23 08:20:49,USR-53694
ANIM-9230,IN_REVIEW,2026-03-24 16:20:49,USR-53694
ANIM-9230,DONE,2026-03-25 02:20:49,USR-53694
PROF-4707,TO_DO,2026-03-18 03:28:30,USR-58281
PROF-4707,IN_PROGRESS,2026-03-18 18:28:30,USR-58281
PROF-4707,IN_REVIEW,2026-03-19 00:28:30,USR-58281
PROF-4707,DONE,2026-03-19 13:28:30,USR-58281
PROF-4707,REOPENED,2026-03-20 19:28:30,USR-51770
PROF-4707,IN_PROGRESS,2026-03-21 15:28:30,USR-58281
PROF-4707,DONE,2026-03-23 02:28:30,USR-58281
WIN-8496,TO_DO,2025-11-08 23:38:06,USR-53687
WIN-8496,IN_PROGRESS,2025-11-10 23:38:06,USR-53687
WIN-8496,IN_REVIEW,2025-11-11 21:38:06,USR-53687
WIN-8496,DONE,2025-11-13 00:38:06,USR-53687
CONF-9784,TO_DO,2025-11-16 11:11:44,USR-54350
CONF-9784,IN_PROGRESS,2025-11-16 15:11:44,USR-54350
CONF-9784,IN_REVIEW,2025-11-17 08:11:44,USR-54350
CONF-9784,DONE,2025-11-18 19:11:44,USR-54350
ORGA-1643,TO_DO,2026-08-03 10:47:19,USR-95191
ORGA-1643,IN_PROGRESS,2026-08-04 13:47:19,USR-95191
ORGA-1643,IN_REVIEW,2026-08-05 10:47:19,USR-95191
ORGA-1643,DONE,2026-08-06 06:47:19,USR-95191
ANIM-7921,TO_DO,2026-09-05 09:18:03,USR-60432
ANIM-7921,IN_PROGRESS,2026-09-05 16:18:03,USR-60432
ANIM-7921,IN_REVIEW,2026-09-07 16:18:03,USR-60432
ANIM-7921,DONE,2026-09-09 02:18:03,USR-60432
ANIM-9952,TO_DO,2025-12-12 22:36:58,USR-77715
ANIM-9952,IN_PROGRESS,2025-12-14 21:36:58,USR-77715
ANIM-9952,IN_REVIEW,2025-12-15 11:36:58,USR-77715
ANIM-9952,DONE,2025-12-16 18:36:58,USR-77715
ANIM-9952,REOPENED,2025-12-17 01:36:58,USR-81118
ANIM-9952,IN_PROGRESS,2025-12-17 10:36:58,USR-77715
ANIM-9952,DONE,2025-12-18 10:36:58,USR-77715
ANIM-3024,TO_DO,2025-10-31 12:45:09,USR-59968
ANIM-3024,IN_PROGRESS,2025-11-02 12:45:09,USR-59968
ANIM-3024,IN_REVIEW,2025-11-03 22:45:09,USR-59968
ANIM-3024,DONE,2025-11-05 15:45:09,USR-59968
ANIM-3024,REOPENED,2025-11-06 03:45:09,USR-94843
ANIM-3024,IN_PROGRESS,2025-11-06 16:45:09,USR-59968
ANIM-3024,DONE,2025-11-08 07:45:09,USR-59968
ORGA-1719,TO_DO,2026-08-14 05:14:22,USR-69473
ORGA-1719,IN_PROGRESS,2026-08-14 16:14:22,USR-69473
ORGA-1719,IN_REVIEW,2026-08-15 05:14:22,USR-69473
ORGA-1719,DONE,2026-08-17 04:14:22,USR-69473
ORGA-6047,TO_DO,2025-11-16 12:11:13,USR-76494
ORGA-6047,IN_PROGRESS,2025-11-16 22:11:13,USR-76494
ORGA-6047,IN_REVIEW,2025-11-17 12:11:13,USR-76494
ORGA-6047,DONE,2025-11-17 14:11:13,USR-76494
CHOI-1200,TO_DO,2026-03-04 14:21:43,USR-84177
CHOI-1200,IN_PROGRESS,2026-03-05 07:21:43,USR-84177
CHOI-1200,IN_REVIEW,2026-03-05 22:21:43,USR-84177
CHOI-1200,DONE,2026-03-07 13:21:43,USR-84177
TERM-8434,TO_DO,2026-01-01 09:07:57,USR-50963
TERM-8434,IN_PROGRESS,2026-01-02 04:07:57,USR-50963
TERM-8434,IN_REVIEW,2026-01-03 21:07:57,USR-50963
TERM-8434,DONE,2026-01-05 15:07:57,USR-50963
PROF-1801,TO_DO,2026-02-28 08:07:11,USR-97562
PROF-1801,IN_PROGRESS,2026-03-02 04:07:11,USR-97562
PROF-1801,IN_REVIEW,2026-03-03 18:07:11,USR-97562
PROF-1801,DONE,2026-03-05 10:07:11,USR-97562
WIN-2436,TO_DO,2025-10-19 18:15:09,USR-53540
WIN-2436,IN_PROGRESS,2025-10-21 08:15:09,USR-53540
WIN-2436,IN_REVIEW,2025-10-22 21:15:09,USR-53540
WIN-2436,DONE,2025-10-23 10:15:09,USR-53540
WIN-2436,REOPENED,2025-10-24 17:15:09,USR-75338
WIN-2436,IN_PROGRESS,2025-10-25 17:15:09,USR-53540
WIN-2436,DONE,2025-10-27 10:15:09,USR-53540
WIN-1587,TO_DO,2026-05-20 10:27:39,USR-46211
WIN-1587,IN_PROGRESS,2026-05-21 23:27:39,USR-46211
WIN-1587,IN_REVIEW,2026-05-22 05:27:39,USR-46211
WIN-1587,DONE,2026-05-23 01:27:39,USR-46211
WIN-1587,REOPENED,2026-05-24 09:27:39,USR-84177
WIN-1587,IN_PROGRESS,2026-05-24 14:27:39,USR-46211
WIN-1587,DONE,2026-05-25 01:27:39,USR-46211
CHOI-6393,TO_DO,2026-09-08 10:47:23,USR-82667
CHOI-6393,IN_PROGRESS,2026-09-10 00:47:23,USR-82667
CHOI-6393,IN_REVIEW,2026-09-12 00:47:23,USR-82667
CHOI-6393,DONE,2026-09-13 18:47:23,USR-82667
THES-8924,TO_DO,2026-06-29 18:42:11,USR-82070
THES-8924,IN_PROGRESS,2026-06-30 12:42:11,USR-82070
THES-8924,IN_REVIEW,2026-07-01 23:42:11,USR-82070
THES-8924,DONE,2026-07-03 13:42:11,USR-82070
WIN-3125,TO_DO,2026-02-13 23:36:15,USR-54396
WIN-3125,IN_PROGRESS,2026-02-15 16:36:15,USR-54396
WIN-3125,IN_REVIEW,2026-02-16 08:36:15,USR-54396
WIN-3125,DONE,2026-02-18 07:36:15,USR-54396
PROF-1025,TO_DO,2026-09-08 14:56:44,USR-56009
PROF-1025,IN_PROGRESS,2026-09-09 18:56:44,USR-56009
PROF-1025,IN_REVIEW,2026-09-10 22:56:44,USR-56009
PROF-1025,DONE,2026-09-11 02:56:44,USR-56009
PROF-1025,REOPENED,2026-09-12 01:56:44,USR-73956
PROF-1025,IN_PROGRESS,2026-09-12 13:56:44,USR-56009
PROF-1025,DONE,2026-09-14 04:56:44,USR-56009
PROF-1185,TO_DO,2026-08-24 05:29:28,USR-55870
PROF-1185,IN_PROGRESS,2026-08-25 18:29:28,USR-55870
PROF-1185,IN_REVIEW,2026-08-26 16:29:28,USR-55870
PROF-1185,DONE,2026-08-26 18:29:28,USR-55870
WIN-6592,TO_DO,2026-03-15 10:27:45,USR-73201
WIN-6592,IN_PROGRESS,2026-03-17 07:27:45,USR-73201
WIN-6592,IN_REVIEW,2026-03-18 15:27:45,USR-73201
WIN-6592,DONE,2026-03-19 23:27:45,USR-73201
ANIM-8888,TO_DO,2026-06-29 07:16:19,USR-85598
ANIM-8888,IN_PROGRESS,2026-06-29 12:16:19,USR-85598
ANIM-8888,IN_REVIEW,2026-06-30 23:16:19,USR-85598
ANIM-8888,DONE,2026-07-01 20:16:19,USR-85598
WIN-9779,TO_DO,2025-12-06 02:28:03,USR-46002
WIN-9779,IN_PROGRESS,2025-12-06 05:28:03,USR-46002
WIN-9779,IN_REVIEW,2025-12-07 04:28:03,USR-46002
WIN-9779,DONE,2025-12-08 06:28:03,USR-46002
WIN-9779,REOPENED,2025-12-10 00:28:03,USR-39038
WIN-9779,IN_PROGRESS,2025-12-10 18:28:03,USR-46002
WIN-9779,DONE,2025-12-11 08:28:03,USR-46002
CONF-7382,TO_DO,2025-12-18 10:19:01,USR-82305
CONF-7382,IN_PROGRESS,2025-12-19 05:19:01,USR-82305
CONF-7382,IN_REVIEW,2025-12-20 09:19:01,USR-82305
CONF-7382,DONE,2025-12-20 16:19:01,USR-82305
PROF-7088,TO_DO,2026-02-01 13:57:14,USR-76317
PROF-7088,IN_PROGRESS,2026-02-02 14:57:14,USR-76317
PROF-7088,IN_REVIEW,2026-02-02 18:57:14,USR-76317
PROF-7088,DONE,2026-02-03 08:57:14,USR-76317
TERM-9290,TO_DO,2026-02-19 00:27:25,USR-51853
TERM-9290,IN_PROGRESS,2026-02-21 00:27:25,USR-51853
TERM-9290,IN_REVIEW,2026-02-22 11:27:25,USR-51853
TERM-9290,DONE,2026-02-23 08:27:25,USR-51853
TERM-9290,REOPENED,2026-02-24 06:27:25,USR-70443
TERM-9290,IN_PROGRESS,2026-02-24 11:27:25,USR-51853
TERM-9290,DONE,2026-02-24 21:27:25,USR-51853
LIST-3174,TO_DO,2026-01-09 12:52:16,USR-19807
LIST-3174,IN_PROGRESS,2026-01-09 14:52:16,USR-19807
LIST-3174,IN_REVIEW,2026-01-10 11:52:16,USR-19807
LIST-3174,DONE,2026-01-10 15:52:16,USR-19807
CONF-2426,TO_DO,2026-08-02 11:31:54,USR-86622
CONF-2426,IN_PROGRESS,2026-08-02 14:31:54,USR-86622
CONF-2426,IN_REVIEW,2026-08-04 04:31:54,USR-86622
CONF-2426,DONE,2026-08-05 01:31:54,USR-86622
PROF-6257,TO_DO,2026-05-18 20:24:19,USR-69598
PROF-6257,IN_PROGRESS,2026-05-19 15:24:19,USR-69598
PROF-6257,IN_REVIEW,2026-05-20 02:24:19,USR-69598
PROF-6257,DONE,2026-05-20 14:24:19,USR-69598
THES-1249,TO_DO,2025-12-16 19:25:04,USR-27322
THES-1249,IN_PROGRESS,2025-12-17 17:25:04,USR-27322
THES-1249,IN_REVIEW,2025-12-18 12:25:04,USR-27322
THES-1249,DONE,2025-12-18 23:25:04,USR-27322
CHOI-5011,TO_DO,2025-11-25 19:16:50,USR-88696
CHOI-5011,IN_PROGRESS,2025-11-25 22:16:50,USR-88696
CHOI-5011,IN_REVIEW,2025-11-27 06:16:50,USR-88696
CHOI-5011,DONE,2025-11-29 03:16:50,USR-88696
THES-7284,TO_DO,2026-09-12 22:03:19,USR-52247
THES-7284,IN_PROGRESS,2026-09-14 16:03:19,USR-52247
THES-7284,IN_REVIEW,2026-09-16 14:03:19,USR-52247
THES-7284,DONE,2026-09-18 12:03:19,USR-52247
THES-7284,REOPENED,2026-09-19 18:03:19,USR-24871
THES-7284,IN_PROGRESS,2026-09-20 14:03:19,USR-52247
THES-7284,DONE,2026-09-21 16:03:19,USR-52247
CHOI-6444,TO_DO,2026-03-10 05:56:42,USR-39102
CHOI-6444,IN_PROGRESS,2026-03-11 19:56:42,USR-39102
CHOI-6444,IN_REVIEW,2026-03-12 05:56:42,USR-39102
CHOI-6444,DONE,2026-03-12 12:56:42,USR-39102
TERM-2593,TO_DO,2026-03-11 09:24:30,USR-50425
TERM-2593,IN_PROGRESS,2026-03-11 20:24:30,USR-50425
TERM-2593,IN_REVIEW,2026-03-13 13:24:30,USR-50425
TERM-2593,DONE,2026-03-14 07:24:30,USR-50425
ORGA-4004,TO_DO,2026-06-20 10:49:46,USR-63005
ORGA-4004,IN_PROGRESS,2026-06-21 18:49:46,USR-63005
ORGA-4004,IN_REVIEW,2026-06-22 03:49:46,USR-63005
ORGA-4004,DONE,2026-06-23 03:49:46,USR-63005
TERM-3798,TO_DO,2026-03-27 18:45:37,USR-21188
TERM-3798,IN_PROGRESS,2026-03-29 17:45:37,USR-21188
TERM-3798,IN_REVIEW,2026-03-30 01:45:37,USR-21188
TERM-3798,DONE,2026-03-30 23:45:37,USR-21188
THES-5949,TO_DO,2026-01-01 12:15:36,USR-52622
THES-5949,IN_PROGRESS,2026-01-02 00:15:36,USR-52622
THES-5949,IN_REVIEW,2026-01-03 08:15:36,USR-52622
THES-5949,DONE,2026-01-04 10:15:36,USR-52622
WIN-4411,TO_DO,2026-03-26 09:33:13,USR-73242
WIN-4411,IN_PROGRESS,2026-03-28 07:33:13,USR-73242
WIN-4411,IN_REVIEW,2026-03-29 00:33:13,USR-73242
WIN-4411,DONE,2026-03-29 13:33:13,USR-73242
THES-8972,TO_DO,2026-07-29 06:20:34,USR-79942
THES-8972,IN_PROGRESS,2026-07-29 19:20:34,USR-79942
THES-8972,IN_REVIEW,2026-07-30 16:20:34,USR-79942
THES-8972,DONE,2026-07-31 19:20:34,USR-79942
THES-8972,REOPENED,2026-08-01 01:20:34,USR-82264
THES-8972,IN_PROGRESS,2026-08-01 21:20:34,USR-79942
THES-8972,DONE,2026-08-02 07:20:34,USR-79942
CONF-7208,TO_DO,2026-01-26 20:50:00,USR-52568
CONF-7208,IN_PROGRESS,2026-01-28 11:50:00,USR-52568
CONF-7208,IN_REVIEW,2026-01-30 05:50:00,USR-52568
CONF-7208,DONE,2026-01-30 07:50:00,USR-52568
ANIM-8421,TO_DO,2025-10-27 07:42:34,USR-73201
ANIM-8421,IN_PROGRESS,2025-10-28 04:42:34,USR-73201
ANIM-8421,IN_REVIEW,2025-10-29 18:42:34,USR-73201
ANIM-8421,DONE,2025-10-31 15:42:34,USR-73201
ORGA-6640,TO_DO,2026-03-03 06:22:07,USR-64987
ORGA-6640,IN_PROGRESS,2026-03-04 02:22:07,USR-64987
ORGA-6640,IN_REVIEW,2026-03-04 07:22:07,USR-64987
ORGA-6640,DONE,2026-03-05 08:22:07,USR-64987
DEVE-1013,TO_DO,2025-10-30 23:27:36,USR-72205
DEVE-1013,IN_PROGRESS,2025-10-31 16:27:36,USR-72205
DEVE-1013,IN_REVIEW,2025-11-01 21:27:36,USR-72205
DEVE-1013,DONE,2025-11-03 19:27:36,USR-72205
ORGA-6212,TO_DO,2025-12-09 00:59:21,USR-81376
ORGA-6212,IN_PROGRESS,2025-12-10 08:59:21,USR-81376
ORGA-6212,IN_REVIEW,2025-12-10 18:59:21,USR-81376
ORGA-6212,DONE,2025-12-11 08:59:21,USR-81376
ORGA-6902,TO_DO,2026-03-15 04:29:03,USR-43586
ORGA-6902,IN_PROGRESS,2026-03-16 23:29:03,USR-43586
ORGA-6902,IN_REVIEW,2026-03-17 02:29:03,USR-43586
ORGA-6902,DONE,2026-03-17 13:29:03,USR-43586
TERM-8155,TO_DO,2026-07-10 20:34:51,USR-62296
TERM-8155,IN_PROGRESS,2026-07-12 18:34:51,USR-62296
TERM-8155,IN_REVIEW,2026-07-14 10:34:51,USR-62296
TERM-8155,DONE,2026-07-15 15:34:51,USR-62296
ANIM-8444,TO_DO,2026-08-16 18:34:47,USR-33652
ANIM-8444,IN_PROGRESS,2026-08-17 23:34:47,USR-33652
ANIM-8444,IN_REVIEW,2026-08-19 15:34:47,USR-33652
ANIM-8444,DONE,2026-08-19 17:34:47,USR-33652
TERM-4878,TO_DO,2026-07-10 04:42:33,USR-43082
TERM-4878,IN_PROGRESS,2026-07-11 18:42:33,USR-43082
TERM-4878,IN_REVIEW,2026-07-13 02:42:33,USR-43082
TERM-4878,DONE,2026-07-15 01:42:33,USR-43082
THES-8889,TO_DO,2026-08-10 02:44:12,USR-76307
THES-8889,IN_PROGRESS,2026-08-11 09:44:12,USR-76307
THES-8889,IN_REVIEW,2026-08-12 20:44:12,USR-76307
THES-8889,DONE,2026-08-13 03:44:12,USR-76307
CONF-2449,TO_DO,2026-09-07 06:01:56,USR-41348
CONF-2449,IN_PROGRESS,2026-09-08 21:01:56,USR-41348
CONF-2449,IN_REVIEW,2026-09-09 18:01:56,USR-41348
CONF-2449,DONE,2026-09-11 11:01:56,USR-41348
WIN-9765,TO_DO,2026-03-28 04:16:45,USR-26547
WIN-9765,IN_PROGRESS,2026-03-29 08:16:45,USR-26547
WIN-9765,IN_REVIEW,2026-03-30 08:16:45,USR-26547
WIN-9765,DONE,2026-03-31 04:16:45,USR-26547
ANIM-1578,TO_DO,2026-07-01 16:46:50,USR-28140
ANIM-1578,IN_PROGRESS,2026-07-01 21:46:50,USR-28140
ANIM-1578,IN_REVIEW,2026-07-03 15:46:50,USR-28140
ANIM-1578,DONE,2026-07-04 23:46:50,USR-28140
ANIM-1845,TO_DO,2026-08-02 01:38:39,USR-35048
ANIM-1845,IN_PROGRESS,2026-08-02 08:38:39,USR-35048
ANIM-1845,IN_REVIEW,2026-08-02 18:38:39,USR-35048
ANIM-1845,DONE,2026-08-04 04:38:39,USR-35048
CHOI-5129,TO_DO,2025-12-13 09:58:08,USR-33819
CHOI-5129,IN_PROGRESS,2025-12-13 22:58:08,USR-33819
CHOI-5129,IN_REVIEW,2025-12-15 13:58:08,USR-33819
CHOI-5129,DONE,2025-12-16 00:58:08,USR-33819
CHOI-5129,REOPENED,2025-12-17 20:58:08,USR-80702
CHOI-5129,IN_PROGRESS,2025-12-18 11:58:08,USR-33819
CHOI-5129,DONE,2025-12-19 14:58:08,USR-33819
ANIM-5280,TO_DO,2026-01-22 20:52:55,USR-11231
ANIM-5280,IN_PROGRESS,2026-01-23 03:52:55,USR-11231
ANIM-5280,IN_REVIEW,2026-01-23 14:52:55,USR-11231
ANIM-5280,DONE,2026-01-25 06:52:55,USR-11231
TERM-7765,TO_DO,2025-11-27 12:57:05,USR-52568
TERM-7765,IN_PROGRESS,2025-11-29 02:57:05,USR-52568
TERM-7765,IN_REVIEW,2025-12-01 02:57:05,USR-52568
TERM-7765,DONE,2025-12-02 02:57:05,USR-52568
CHOI-2900,TO_DO,2026-03-13 04:18:54,USR-71669
CHOI-2900,IN_PROGRESS,2026-03-13 20:18:54,USR-71669
CHOI-2900,IN_REVIEW,2026-03-14 22:18:54,USR-71669
CHOI-2900,DONE,2026-03-16 19:18:54,USR-71669
CHOI-2900,REOPENED,2026-03-18 18:18:54,USR-51505
CHOI-2900,IN_PROGRESS,2026-03-19 07:18:54,USR-71669
CHOI-2900,DONE,2026-03-20 17:18:54,USR-71669
CHOI-3378,TO_DO,2026-02-06 02:41:34,USR-54597
CHOI-3378,IN_PROGRESS,2026-02-07 13:41:34,USR-54597
CHOI-3378,IN_REVIEW,2026-02-09 10:41:34,USR-54597
CHOI-3378,DONE,2026-02-09 14:41:34,USR-54597
LIST-6797,TO_DO,2026-05-19 15:01:39,USR-65435
LIST-6797,IN_PROGRESS,2026-05-19 23:01:39,USR-65435
LIST-6797,IN_REVIEW,2026-05-20 17:01:39,USR-65435
LIST-6797,DONE,2026-05-22 12:01:39,USR-65435
ORGA-8554,TO_DO,2026-08-19 18:53:37,USR-81810
ORGA-8554,IN_PROGRESS,2026-08-21 05:53:37,USR-81810
ORGA-8554,IN_REVIEW,2026-08-22 04:53:37,USR-81810
ORGA-8554,DONE,2026-08-24 01:53:37,USR-81810
ANIM-6132,TO_DO,2025-11-05 12:07:13,USR-64987
ANIM-6132,IN_PROGRESS,2025-11-05 20:07:13,USR-64987
ANIM-6132,IN_REVIEW,2025-11-07 17:07:13,USR-64987
ANIM-6132,DONE,2025-11-08 23:07:13,USR-64987
PROF-5641,TO_DO,2026-03-17 09:53:11,USR-47930
PROF-5641,IN_PROGRESS,2026-03-19 01:53:11,USR-47930
PROF-5641,IN_REVIEW,2026-03-20 19:53:11,USR-47930
PROF-5641,DONE,2026-03-21 04:53:11,USR-47930
THES-2415,TO_DO,2026-03-07 09:42:38,USR-14278
THES-2415,IN_PROGRESS,2026-03-07 18:42:38,USR-14278
THES-2415,IN_REVIEW,2026-03-09 16:42:38,USR-14278
THES-2415,DONE,2026-03-10 05:42:38,USR-14278
CHOI-8650,TO_DO,2026-04-11 01:47:39,USR-64287
CHOI-8650,IN_PROGRESS,2026-04-11 19:47:39,USR-64287
CHOI-8650,IN_REVIEW,2026-04-12 07:47:39,USR-64287
CHOI-8650,DONE,2026-04-12 13:47:39,USR-64287
DEVE-7271,TO_DO,2026-06-12 04:50:47,USR-86556
DEVE-7271,IN_PROGRESS,2026-06-12 18:50:47,USR-86556
DEVE-7271,IN_REVIEW,2026-06-14 11:50:47,USR-86556
DEVE-7271,DONE,2026-06-15 14:50:47,USR-86556
TERM-2776,TO_DO,2026-03-06 11:53:47,USR-73242
TERM-2776,IN_PROGRESS,2026-03-08 10:53:47,USR-73242
TERM-2776,IN_REVIEW,2026-03-09 04:53:47,USR-73242
TERM-2776,DONE,2026-03-09 12:53:47,USR-73242
TERM-2776,REOPENED,2026-03-09 16:53:47,USR-28191
TERM-2776,IN_PROGRESS,2026-03-09 19:53:47,USR-73242
TERM-2776,DONE,2026-03-10 03:53:47,USR-73242
CONF-5105,TO_DO,2026-07-23 00:58:37,USR-94136
CONF-5105,IN_PROGRESS,2026-07-23 04:58:37,USR-94136
CONF-5105,IN_REVIEW,2026-07-25 00:58:37,USR-94136
CONF-5105,DONE,2026-07-26 02:58:37,USR-94136
ANIM-6403,TO_DO,2026-02-05 07:51:35,USR-81482
ANIM-6403,IN_PROGRESS,2026-02-06 12:51:35,USR-81482
ANIM-6403,IN_REVIEW,2026-02-07 15:51:35,USR-81482
ANIM-6403,DONE,2026-02-09 15:51:35,USR-81482
LIST-4700,TO_DO,2025-11-24 13:37:00,USR-47627
LIST-4700,IN_PROGRESS,2025-11-25 12:37:00,USR-47627
LIST-4700,IN_REVIEW,2025-11-27 09:37:00,USR-47627
LIST-4700,DONE,2025-11-28 06:37:00,USR-47627
LIST-4700,REOPENED,2025-11-29 09:37:00,USR-51750
LIST-4700,IN_PROGRESS,2025-11-29 11:37:00,USR-47627
LIST-4700,DONE,2025-12-01 07:37:00,USR-47627
THES-6985,TO_DO,2026-06-18 08:48:57,USR-73464
THES-6985,IN_PROGRESS,2026-06-20 03:48:57,USR-73464
THES-6985,IN_REVIEW,2026-06-20 17:48:57,USR-73464
THES-6985,DONE,2026-06-21 06:48:57,USR-73464
DEVE-7294,TO_DO,2025-11-22 23:29:33,USR-75715
DEVE-7294,IN_PROGRESS,2025-11-24 08:29:33,USR-75715
DEVE-7294,IN_REVIEW,2025-11-24 15:29:33,USR-75715
DEVE-7294,DONE,2025-11-26 09:29:33,USR-75715
PROF-3292,TO_DO,2026-09-06 16:22:15,USR-97833
PROF-3292,IN_PROGRESS,2026-09-08 04:22:15,USR-97833
PROF-3292,IN_REVIEW,2026-09-09 23:22:15,USR-97833
PROF-3292,DONE,2026-09-10 20:22:15,USR-97833
PROF-3292,REOPENED,2026-09-12 05:22:15,USR-40512
PROF-3292,IN_PROGRESS,2026-09-12 23:22:15,USR-97833
PROF-3292,DONE,2026-09-14 07:22:15,USR-97833
DEVE-1606,TO_DO,2026-09-03 15:40:35,USR-57265
DEVE-1606,IN_PROGRESS,2026-09-05 10:40:35,USR-57265
DEVE-1606,IN_REVIEW,2026-09-07 06:40:35,USR-57265
DEVE-1606,DONE,2026-09-08 17:40:35,USR-57265
LIST-3440,TO_DO,2026-01-26 05:02:41,USR-95755
LIST-3440,IN_PROGRESS,2026-01-28 00:02:41,USR-95755
LIST-3440,IN_REVIEW,2026-01-28 03:02:41,USR-95755
LIST-3440,DONE,2026-01-29 11:02:41,USR-95755
DEVE-4976,TO_DO,2026-01-22 23:35:13,USR-54118
DEVE-4976,IN_PROGRESS,2026-01-23 07:35:13,USR-54118
DEVE-4976,IN_REVIEW,2026-01-24 14:35:13,USR-54118
DEVE-4976,DONE,2026-01-26 07:35:13,USR-54118
CONF-2047,TO_DO,2025-10-15 11:32:38,USR-73653
CONF-2047,IN_PROGRESS,2025-10-15 17:32:38,USR-73653
CONF-2047,IN_REVIEW,2025-10-16 07:32:38,USR-73653
CONF-2047,DONE,2025-10-17 12:32:38,USR-73653
ORGA-6312,TO_DO,2025-12-27 15:13:40,USR-57453
ORGA-6312,IN_PROGRESS,2025-12-27 19:13:40,USR-57453
ORGA-6312,IN_REVIEW,2025-12-29 10:13:40,USR-57453
ORGA-6312,DONE,2025-12-29 23:13:40,USR-57453
ORGA-6312,REOPENED,2025-12-30 22:13:40,USR-67961
ORGA-6312,IN_PROGRESS,2025-12-31 01:13:40,USR-57453
ORGA-6312,DONE,2025-12-31 12:13:40,USR-57453
CHOI-3314,TO_DO,2026-07-01 13:34:04,USR-18109
CHOI-3314,IN_PROGRESS,2026-07-03 04:34:04,USR-18109
CHOI-3314,IN_REVIEW,2026-07-03 08:34:04,USR-18109
CHOI-3314,DONE,2026-07-03 18:34:04,USR-18109
CONF-7162,TO_DO,2026-02-14 05:53:55,USR-39552
CONF-7162,IN_PROGRESS,2026-02-14 12:53:55,USR-39552
CONF-7162,IN_REVIEW,2026-02-16 11:53:55,USR-39552
CONF-7162,DONE,2026-02-18 06:53:55,USR-39552
CHOI-7819,TO_DO,2026-03-19 05:11:31,USR-29597
CHOI-7819,IN_PROGRESS,2026-03-20 23:11:31,USR-29597
CHOI-7819,IN_REVIEW,2026-03-21 18:11:31,USR-29597
CHOI-7819,DONE,2026-03-23 05:11:31,USR-29597
ORGA-4919,TO_DO,2026-02-27 06:16:50,USR-86064
ORGA-4919,IN_PROGRESS,2026-02-28 23:16:50,USR-86064
ORGA-4919,IN_REVIEW,2026-03-01 06:16:50,USR-86064
ORGA-4919,DONE,2026-03-03 00:16:50,USR-86064
WIN-7861,TO_DO,2026-07-08 02:44:15,USR-13617
WIN-7861,IN_PROGRESS,2026-07-09 14:44:15,USR-13617
WIN-7861,IN_REVIEW,2026-07-11 00:44:15,USR-13617
WIN-7861,DONE,2026-07-11 16:44:15,USR-13617
WIN-7861,REOPENED,2026-07-12 23:44:15,USR-83060
WIN-7861,IN_PROGRESS,2026-07-13 20:44:15,USR-13617
WIN-7861,DONE,2026-07-15 18:44:15,USR-13617
PROF-5528,TO_DO,2026-08-28 04:54:59,USR-86271
PROF-5528,IN_PROGRESS,2026-08-29 13:54:59,USR-86271
PROF-5528,IN_REVIEW,2026-08-30 02:54:59,USR-86271
PROF-5528,DONE,2026-08-30 14:54:59,USR-86271
PROF-5528,REOPENED,2026-09-01 10:54:59,USR-40982
PROF-5528,IN_PROGRESS,2026-09-01 12:54:59,USR-86271
PROF-5528,DONE,2026-09-01 19:54:59,USR-86271
WIN-5670,TO_DO,2026-05-18 13:57:42,USR-82140
WIN-5670,IN_PROGRESS,2026-05-20 01:57:42,USR-82140
WIN-5670,IN_REVIEW,2026-05-20 14:57:42,USR-82140
WIN-5670,DONE,2026-05-21 02:57:42,USR-82140
TERM-9436,TO_DO,2026-02-19 08:51:33,USR-77889
TERM-9436,IN_PROGRESS,2026-02-20 12:51:33,USR-77889
TERM-9436,IN_REVIEW,2026-02-21 02:51:33,USR-77889
TERM-9436,DONE,2026-02-22 23:51:33,USR-77889
TERM-9436,REOPENED,2026-02-23 21:51:33,USR-13969
TERM-9436,IN_PROGRESS,2026-02-24 05:51:33,USR-77889
TERM-9436,DONE,2026-02-24 16:51:33,USR-77889
WIN-4731,TO_DO,2026-09-09 05:40:58,USR-10150
WIN-4731,IN_PROGRESS,2026-09-10 20:40:58,USR-10150
WIN-4731,IN_REVIEW,2026-09-12 05:40:58,USR-10150
WIN-4731,DONE,2026-09-12 10:40:58,USR-10150
WIN-4731,REOPENED,2026-09-13 15:40:58,USR-15726
WIN-4731,IN_PROGRESS,2026-09-13 20:40:58,USR-10150
WIN-4731,DONE,2026-09-14 13:40:58,USR-10150
CONF-8454,TO_DO,2026-02-09 08:17:06,USR-61876
CONF-8454,IN_PROGRESS,2026-02-10 03:17:06,USR-61876
CONF-8454,IN_REVIEW,2026-02-10 17:17:06,USR-61876
CONF-8454,DONE,2026-02-11 16:17:06,USR-61876
DEVE-1977,TO_DO,2026-09-11 13:55:37,USR-69250
DEVE-1977,IN_PROGRESS,2026-09-12 05:55:37,USR-69250
DEVE-1977,IN_REVIEW,2026-09-13 01:55:37,USR-69250
DEVE-1977,DONE,2026-09-14 17:55:37,USR-69250
CONF-3784,TO_DO,2026-03-24 22:52:40,USR-51889
CONF-3784,IN_PROGRESS,2026-03-26 07:52:40,USR-51889
CONF-3784,IN_REVIEW,2026-03-26 22:52:40,USR-51889
CONF-3784,DONE,2026-03-28 13:52:40,USR-51889
TERM-5573,TO_DO,2026-09-11 13:31:39,USR-91885
TERM-5573,IN_PROGRESS,2026-09-12 05:31:39,USR-91885
TERM-5573,IN_REVIEW,2026-09-13 20:31:39,USR-91885
TERM-5573,DONE,2026-09-14 07:31:39,USR-91885
TERM-5573,REOPENED,2026-09-15 21:31:39,USR-30181
TERM-5573,IN_PROGRESS,2026-09-15 22:31:39,USR-91885
TERM-5573,DONE,2026-09-17 04:31:39,USR-91885
DEVE-1656,TO_DO,2025-11-30 06:16:58,USR-28191
DEVE-1656,IN_PROGRESS,2025-12-01 14:16:58,USR-28191
DEVE-1656,IN_REVIEW,2025-12-03 12:16:58,USR-28191
DEVE-1656,DONE,2025-12-03 20:16:58,USR-28191
TERM-4940,TO_DO,2026-05-02 19:57:13,USR-54597
TERM-4940,IN_PROGRESS,2026-05-03 19:57:13,USR-54597
TERM-4940,IN_REVIEW,2026-05-04 15:57:13,USR-54597
TERM-4940,DONE,2026-05-05 08:57:13,USR-54597
TERM-4940,REOPENED,2026-05-07 03:57:13,USR-77621
TERM-4940,IN_PROGRESS,2026-05-07 06:57:13,USR-54597
TERM-4940,DONE,2026-05-07 11:57:13,USR-54597
TERM-5994,TO_DO,2026-07-18 04:07:35,USR-30644
TERM-5994,IN_PROGRESS,2026-07-19 11:07:35,USR-30644
TERM-5994,IN_REVIEW,2026-07-19 21:07:35,USR-30644
TERM-5994,DONE,2026-07-21 20:07:35,USR-30644
ANIM-7068,TO_DO,2026-04-10 03:34:28,USR-52517
ANIM-7068,IN_PROGRESS,2026-04-11 14:34:28,USR-52517
ANIM-7068,IN_REVIEW,2026-04-11 18:34:28,USR-52517
ANIM-7068,DONE,2026-04-12 14:34:28,USR-52517
CHOI-9887,TO_DO,2025-10-04 07:29:16,USR-57265
CHOI-9887,IN_PROGRESS,2025-10-04 12:29:16,USR-57265
CHOI-9887,IN_REVIEW,2025-10-05 22:29:16,USR-57265
CHOI-9887,DONE,2025-10-07 19:29:16,USR-57265
DEVE-2818,TO_DO,2026-08-06 07:41:25,USR-46512
DEVE-2818,IN_PROGRESS,2026-08-08 06:41:25,USR-46512
DEVE-2818,IN_REVIEW,2026-08-08 12:41:25,USR-46512
DEVE-2818,DONE,2026-08-10 01:41:25,USR-46512
PROF-3267,TO_DO,2026-08-26 19:08:43,USR-74569
PROF-3267,IN_PROGRESS,2026-08-28 17:08:43,USR-74569
PROF-3267,IN_REVIEW,2026-08-29 08:08:43,USR-74569
PROF-3267,DONE,2026-08-30 00:08:43,USR-74569
WIN-5380,TO_DO,2025-10-31 18:02:24,USR-69598
WIN-5380,IN_PROGRESS,2025-11-02 03:02:24,USR-69598
WIN-5380,IN_REVIEW,2025-11-03 13:02:24,USR-69598
WIN-5380,DONE,2025-11-05 00:02:24,USR-69598
TERM-9714,TO_DO,2026-01-31 06:34:13,USR-69446
TERM-9714,IN_PROGRESS,2026-01-31 20:34:13,USR-69446
TERM-9714,IN_REVIEW,2026-02-02 03:34:13,USR-69446
TERM-9714,DONE,2026-02-02 10:34:13,USR-69446
ORGA-3929,TO_DO,2026-03-06 06:25:43,USR-73699
ORGA-3929,IN_PROGRESS,2026-03-07 15:25:43,USR-73699
ORGA-3929,IN_REVIEW,2026-03-08 02:25:43,USR-73699
ORGA-3929,DONE,2026-03-08 17:25:43,USR-73699
DEVE-5803,TO_DO,2025-12-27 18:53:54,USR-27781
DEVE-5803,IN_PROGRESS,2025-12-29 13:53:54,USR-27781
DEVE-5803,IN_REVIEW,2025-12-29 16:53:54,USR-27781
DEVE-5803,DONE,2025-12-30 12:53:54,USR-27781
THES-1361,TO_DO,2025-10-08 04:04:08,USR-67432
THES-1361,IN_PROGRESS,2025-10-09 03:04:08,USR-67432
THES-1361,IN_REVIEW,2025-10-10 22:04:08,USR-67432
THES-1361,DONE,2025-10-12 17:04:08,USR-67432
TERM-9686,TO_DO,2026-07-20 06:06:52,USR-69890
TERM-9686,IN_PROGRESS,2026-07-20 18:06:52,USR-69890
TERM-9686,IN_REVIEW,2026-07-21 12:06:52,USR-69890
TERM-9686,DONE,2026-07-22 04:06:52,USR-69890
WIN-5720,TO_DO,2025-11-21 05:35:53,USR-95717
WIN-5720,IN_PROGRESS,2025-11-21 17:35:53,USR-95717
WIN-5720,IN_REVIEW,2025-11-23 16:35:53,USR-95717
WIN-5720,DONE,2025-11-25 04:35:53,USR-95717
ANIM-3873,TO_DO,2025-10-13 04:10:18,USR-51853
ANIM-3873,IN_PROGRESS,2025-10-13 08:10:18,USR-51853
ANIM-3873,IN_REVIEW,2025-10-14 06:10:18,USR-51853
ANIM-3873,DONE,2025-10-15 20:10:18,USR-51853
TERM-5266,TO_DO,2026-06-07 13:35:27,USR-38305
TERM-5266,IN_PROGRESS,2026-06-08 00:35:27,USR-38305
TERM-5266,IN_REVIEW,2026-06-09 01:35:27,USR-38305
TERM-5266,DONE,2026-06-10 07:35:27,USR-38305
ANIM-9743,TO_DO,2026-08-18 23:14:02,USR-40512
ANIM-9743,IN_PROGRESS,2026-08-19 21:14:02,USR-40512
ANIM-9743,IN_REVIEW,2026-08-20 08:14:02,USR-40512
ANIM-9743,DONE,2026-08-20 10:14:02,USR-40512
LIST-6427,TO_DO,2026-04-22 08:42:51,USR-17355
LIST-6427,IN_PROGRESS,2026-04-24 08:42:51,USR-17355
LIST-6427,IN_REVIEW,2026-04-25 14:42:51,USR-17355
LIST-6427,DONE,2026-04-26 13:42:51,USR-17355
THES-8847,TO_DO,2025-12-17 19:54:26,USR-83889
THES-8847,IN_PROGRESS,2025-12-19 12:54:26,USR-83889
THES-8847,IN_REVIEW,2025-12-20 04:54:26,USR-83889
THES-8847,DONE,2025-12-21 10:54:26,USR-83889
THES-6347,TO_DO,2026-06-11 03:30:38,USR-55309
THES-6347,IN_PROGRESS,2026-06-11 17:30:38,USR-55309
THES-6347,IN_REVIEW,2026-06-11 20:30:38,USR-55309
THES-6347,DONE,2026-06-12 03:30:38,USR-55309
THES-6347,REOPENED,2026-06-13 15:30:38,USR-66349
THES-6347,IN_PROGRESS,2026-06-14 06:30:38,USR-55309
THES-6347,DONE,2026-06-16 05:30:38,USR-55309
THES-9385,TO_DO,2025-09-27 17:43:32,USR-13761
THES-9385,IN_PROGRESS,2025-09-28 20:43:32,USR-13761
THES-9385,IN_REVIEW,2025-09-29 07:43:32,USR-13761
THES-9385,DONE,2025-10-01 06:43:32,USR-13761
WIN-7326,TO_DO,2026-07-29 16:51:28,USR-33519
WIN-7326,IN_PROGRESS,2026-07-29 23:51:28,USR-33519
WIN-7326,IN_REVIEW,2026-07-30 14:51:28,USR-33519
WIN-7326,DONE,2026-08-01 14:51:28,USR-33519
ORGA-8249,TO_DO,2025-11-13 20:57:29,USR-28030
ORGA-8249,IN_PROGRESS,2025-11-15 12:57:29,USR-28030
ORGA-8249,IN_REVIEW,2025-11-15 19:57:29,USR-28030
ORGA-8249,DONE,2025-11-16 06:57:29,USR-28030
CHOI-8776,TO_DO,2025-09-30 05:13:39,USR-72973
CHOI-8776,IN_PROGRESS,2025-09-30 12:13:39,USR-72973
CHOI-8776,IN_REVIEW,2025-09-30 14:13:39,USR-72973
CHOI-8776,DONE,2025-10-01 18:13:39,USR-72973
CHOI-7791,TO_DO,2025-10-04 15:01:11,USR-96057
CHOI-7791,IN_PROGRESS,2025-10-05 11:01:11,USR-96057
CHOI-7791,IN_REVIEW,2025-10-07 00:01:11,USR-96057
CHOI-7791,DONE,2025-10-08 09:01:11,USR-96057
CHOI-5979,TO_DO,2026-08-06 21:36:38,USR-79942
CHOI-5979,IN_PROGRESS,2026-08-07 15:36:38,USR-79942
CHOI-5979,IN_REVIEW,2026-08-08 12:36:38,USR-79942
CHOI-5979,DONE,2026-08-10 06:36:38,USR-79942
TERM-3034,TO_DO,2026-06-28 12:03:38,USR-38569
TERM-3034,IN_PROGRESS,2026-06-28 15:03:38,USR-38569
TERM-3034,IN_REVIEW,2026-06-29 00:03:38,USR-38569
TERM-3034,DONE,2026-06-29 19:03:38,USR-38569
THES-6927,TO_DO,2026-06-10 04:46:52,USR-46208
THES-6927,IN_PROGRESS,2026-06-11 05:46:52,USR-46208
THES-6927,IN_REVIEW,2026-06-12 15:46:52,USR-46208
THES-6927,DONE,2026-06-14 15:46:52,USR-46208
DEVE-5252,TO_DO,2026-08-25 04:16:59,USR-81200
DEVE-5252,IN_PROGRESS,2026-08-25 16:16:59,USR-81200
DEVE-5252,IN_REVIEW,2026-08-25 21:16:59,USR-81200
DEVE-5252,DONE,2026-08-26 16:16:59,USR-81200
ORGA-6832,TO_DO,2026-06-23 01:44:14,USR-58689
ORGA-6832,IN_PROGRESS,2026-06-23 09:44:14,USR-58689
ORGA-6832,IN_REVIEW,2026-06-25 01:44:14,USR-58689
ORGA-6832,DONE,2026-06-25 13:44:14,USR-58689
ORGA-6832,REOPENED,2026-06-27 01:44:14,USR-31465
ORGA-6832,IN_PROGRESS,2026-06-27 12:44:14,USR-58689
ORGA-6832,DONE,2026-06-28 12:44:14,USR-58689
CHOI-5447,TO_DO,2026-08-24 13:11:29,USR-91057
CHOI-5447,IN_PROGRESS,2026-08-24 15:11:29,USR-91057
CHOI-5447,IN_REVIEW,2026-08-25 01:11:29,USR-91057
CHOI-5447,DONE,2026-08-26 12:11:29,USR-91057
WIN-8944,TO_DO,2026-07-18 17:14:11,USR-42495
WIN-8944,IN_PROGRESS,2026-07-19 09:14:11,USR-42495
WIN-8944,IN_REVIEW,2026-07-19 23:14:11,USR-42495
WIN-8944,DONE,2026-07-21 12:14:11,USR-42495
LIST-9717,TO_DO,2026-03-09 01:54:13,USR-77286
LIST-9717,IN_PROGRESS,2026-03-09 10:54:13,USR-77286
LIST-9717,IN_REVIEW,2026-03-09 20:54:13,USR-77286
LIST-9717,DONE,2026-03-09 23:54:13,USR-77286
WIN-6104,TO_DO,2026-06-21 17:42:12,USR-78062
WIN-6104,IN_PROGRESS,2026-06-22 06:42:12,USR-78062
WIN-6104,IN_REVIEW,2026-06-24 05:42:12,USR-78062
WIN-6104,DONE,2026-06-25 02:42:12,USR-78062
THES-4643,TO_DO,2025-10-07 18:26:03,USR-76307
THES-4643,IN_PROGRESS,2025-10-08 04:26:03,USR-76307
THES-4643,IN_REVIEW,2025-10-08 11:26:03,USR-76307
THES-4643,DONE,2025-10-09 16:26:03,USR-76307
THES-4643,REOPENED,2025-10-11 14:26:03,USR-84928
THES-4643,IN_PROGRESS,2025-10-11 18:26:03,USR-76307
THES-4643,DONE,2025-10-12 02:26:03,USR-76307
DEVE-8934,TO_DO,2026-02-06 07:08:45,USR-77033
DEVE-8934,IN_PROGRESS,2026-02-07 22:08:45,USR-77033
DEVE-8934,IN_REVIEW,2026-02-08 03:08:45,USR-77033
DEVE-8934,DONE,2026-02-09 11:08:45,USR-77033
CHOI-1709,TO_DO,2025-10-25 06:13:10,USR-10851
CHOI-1709,IN_PROGRESS,2025-10-25 20:13:10,USR-10851
CHOI-1709,IN_REVIEW,2025-10-26 09:13:10,USR-10851
CHOI-1709,DONE,2025-10-28 05:13:10,USR-10851
CHOI-1709,REOPENED,2025-10-29 05:13:10,USR-39041
CHOI-1709,IN_PROGRESS,2025-10-29 06:13:10,USR-10851
CHOI-1709,DONE,2025-10-29 15:13:10,USR-10851
ANIM-5544,TO_DO,2026-08-22 03:42:17,USR-71524
ANIM-5544,IN_PROGRESS,2026-08-22 20:42:17,USR-71524
ANIM-5544,IN_REVIEW,2026-08-24 06:42:17,USR-71524
ANIM-5544,DONE,2026-08-25 20:42:17,USR-71524
THES-1229,TO_DO,2026-05-22 03:08:17,USR-13617
THES-1229,IN_PROGRESS,2026-05-24 03:08:17,USR-13617
THES-1229,IN_REVIEW,2026-05-24 11:08:17,USR-13617
THES-1229,DONE,2026-05-25 02:08:17,USR-13617
TERM-7004,TO_DO,2026-08-28 17:08:11,USR-49132
TERM-7004,IN_PROGRESS,2026-08-29 19:08:11,USR-49132
TERM-7004,IN_REVIEW,2026-08-31 00:08:11,USR-49132
TERM-7004,DONE,2026-08-31 15:08:11,USR-49132
PROF-7677,TO_DO,2026-06-16 09:19:52,USR-21359
PROF-7677,IN_PROGRESS,2026-06-17 18:19:52,USR-21359
PROF-7677,IN_REVIEW,2026-06-18 19:19:52,USR-21359
PROF-7677,DONE,2026-06-20 18:19:52,USR-21359
PROF-7677,REOPENED,2026-06-21 14:19:52,USR-16731
PROF-7677,IN_PROGRESS,2026-06-22 08:19:52,USR-21359
PROF-7677,DONE,2026-06-22 14:19:52,USR-21359
THES-6375,TO_DO,2025-11-05 19:46:42,USR-95426
THES-6375,IN_PROGRESS,2025-11-06 11:46:42,USR-95426
THES-6375,IN_REVIEW,2025-11-08 00:46:42,USR-95426
THES-6375,DONE,2025-11-09 04:46:42,USR-95426
ORGA-4093,TO_DO,2025-12-11 03:15:34,USR-79397
ORGA-4093,IN_PROGRESS,2025-12-13 00:15:34,USR-79397
ORGA-4093,IN_REVIEW,2025-12-14 09:15:34,USR-79397
ORGA-4093,DONE,2025-12-16 06:15:34,USR-79397
ORGA-8177,TO_DO,2025-10-14 01:24:39,USR-95180
ORGA-8177,IN_PROGRESS,2025-10-14 09:24:39,USR-95180
ORGA-8177,IN_REVIEW,2025-10-14 21:24:39,USR-95180
ORGA-8177,DONE,2025-10-15 03:24:39,USR-95180
PROF-6548,TO_DO,2026-02-12 21:03:13,USR-91230
PROF-6548,IN_PROGRESS,2026-02-14 21:03:13,USR-91230
PROF-6548,IN_REVIEW,2026-02-16 06:03:13,USR-91230
PROF-6548,DONE,2026-02-17 01:03:13,USR-91230
CONF-5472,TO_DO,2026-01-17 23:33:14,USR-50425
CONF-5472,IN_PROGRESS,2026-01-19 02:33:14,USR-50425
CONF-5472,IN_REVIEW,2026-01-20 11:33:14,USR-50425
CONF-5472,DONE,2026-01-21 21:33:14,USR-50425
ANIM-8448,TO_DO,2026-05-02 05:05:33,USR-49210
ANIM-8448,IN_PROGRESS,2026-05-02 13:05:33,USR-49210
ANIM-8448,IN_REVIEW,2026-05-02 18:05:33,USR-49210
ANIM-8448,DONE,2026-05-03 00:05:33,USR-49210
ANIM-8448,REOPENED,2026-05-04 09:05:33,USR-51904
ANIM-8448,IN_PROGRESS,2026-05-05 07:05:33,USR-49210
ANIM-8448,DONE,2026-05-05 12:05:33,USR-49210
ANIM-7269,TO_DO,2026-09-14 18:28:37,USR-24029
ANIM-7269,IN_PROGRESS,2026-09-16 14:28:37,USR-24029
ANIM-7269,IN_REVIEW,2026-09-18 01:28:37,USR-24029
ANIM-7269,DONE,2026-09-19 10:28:37,USR-24029
PROF-5809,TO_DO,2026-05-17 20:49:52,USR-34920
PROF-5809,IN_PROGRESS,2026-05-19 08:49:52,USR-34920
PROF-5809,IN_REVIEW,2026-05-19 11:49:52,USR-34920
PROF-5809,DONE,2026-05-19 15:49:52,USR-34920
THES-7285,TO_DO,2026-09-02 04:32:10,USR-47056
THES-7285,IN_PROGRESS,2026-09-03 17:32:10,USR-47056
THES-7285,IN_REVIEW,2026-09-05 13:32:10,USR-47056
THES-7285,DONE,2026-09-06 10:32:10,USR-47056
ANIM-9052,TO_DO,2026-06-23 03:55:31,USR-95990
ANIM-9052,IN_PROGRESS,2026-06-25 00:55:31,USR-95990
ANIM-9052,IN_REVIEW,2026-06-26 09:55:31,USR-95990
ANIM-9052,DONE,2026-06-28 05:55:31,USR-95990
LIST-8697,TO_DO,2026-08-06 10:57:19,USR-93130
LIST-8697,IN_PROGRESS,2026-08-08 01:57:19,USR-93130
LIST-8697,IN_REVIEW,2026-08-09 03:57:19,USR-93130
LIST-8697,DONE,2026-08-10 20:57:19,USR-93130
WIN-5660,TO_DO,2025-11-10 16:17:00,USR-52622
WIN-5660,IN_PROGRESS,2025-11-12 07:17:00,USR-52622
WIN-5660,IN_REVIEW,2025-11-12 10:17:00,USR-52622
WIN-5660,DONE,2025-11-14 04:17:00,USR-52622
ORGA-2594,TO_DO,2025-10-13 23:51:50,USR-62976
ORGA-2594,IN_PROGRESS,2025-10-14 16:51:50,USR-62976
ORGA-2594,IN_REVIEW,2025-10-16 11:51:50,USR-62976
ORGA-2594,DONE,2025-10-17 08:51:50,USR-62976
THES-2073,TO_DO,2026-01-06 16:38:51,USR-35242
THES-2073,IN_PROGRESS,2026-01-07 23:38:51,USR-35242
THES-2073,IN_REVIEW,2026-01-09 19:38:51,USR-35242
THES-2073,DONE,2026-01-11 00:38:51,USR-35242
LIST-7900,TO_DO,2026-08-20 06:51:56,USR-21846
LIST-7900,IN_PROGRESS,2026-08-21 08:51:56,USR-21846
LIST-7900,IN_REVIEW,2026-08-22 06:51:56,USR-21846
LIST-7900,DONE,2026-08-23 20:51:56,USR-21846
TERM-2639,TO_DO,2025-11-09 00:56:51,USR-42951
TERM-2639,IN_PROGRESS,2025-11-09 12:56:51,USR-42951
TERM-2639,IN_REVIEW,2025-11-11 05:56:51,USR-42951
TERM-2639,DONE,2025-11-12 02:56:51,USR-42951
ORGA-4305,TO_DO,2026-08-03 06:04:26,USR-86507
ORGA-4305,IN_PROGRESS,2026-08-03 11:04:26,USR-86507
ORGA-4305,IN_REVIEW,2026-08-04 08:04:26,USR-86507
ORGA-4305,DONE,2026-08-05 22:04:26,USR-86507
PROF-2506,TO_DO,2026-02-19 06:57:13,USR-38080
PROF-2506,IN_PROGRESS,2026-02-20 17:57:13,USR-38080
PROF-2506,IN_REVIEW,2026-02-22 01:57:13,USR-38080
PROF-2506,DONE,2026-02-23 06:57:13,USR-38080
WIN-2256,TO_DO,2026-04-22 21:34:05,USR-34920
WIN-2256,IN_PROGRESS,2026-04-23 11:34:05,USR-34920
WIN-2256,IN_REVIEW,2026-04-24 15:34:05,USR-34920
WIN-2256,DONE,2026-04-25 18:34:05,USR-34920
CONF-9443,TO_DO,2026-08-23 15:13:16,USR-46666
CONF-9443,IN_PROGRESS,2026-08-24 04:13:16,USR-46666
CONF-9443,IN_REVIEW,2026-08-25 18:13:16,USR-46666
CONF-9443,DONE,2026-08-27 03:13:16,USR-46666
TERM-5389,TO_DO,2026-04-12 11:15:56,USR-35048
TERM-5389,IN_PROGRESS,2026-04-13 22:15:56,USR-35048
TERM-5389,IN_REVIEW,2026-04-14 12:15:56,USR-35048
TERM-5389,DONE,2026-04-15 13:15:56,USR-35048
ANIM-4938,TO_DO,2026-02-19 03:26:37,USR-95191
ANIM-4938,IN_PROGRESS,2026-02-20 21:26:37,USR-95191
ANIM-4938,IN_REVIEW,2026-02-21 12:26:37,USR-95191
ANIM-4938,DONE,2026-02-22 16:26:37,USR-95191
CHOI-3631,TO_DO,2025-10-11 03:49:11,USR-83060
CHOI-3631,IN_PROGRESS,2025-10-11 06:49:11,USR-83060
CHOI-3631,IN_REVIEW,2025-10-11 23:49:11,USR-83060
CHOI-3631,DONE,2025-10-12 20:49:11,USR-83060
TERM-8145,TO_DO,2026-09-07 02:00:32,USR-17331
TERM-8145,IN_PROGRESS,2026-09-07 20:00:32,USR-17331
TERM-8145,IN_REVIEW,2026-09-08 15:00:32,USR-17331
TERM-8145,DONE,2026-09-10 11:00:32,USR-17331
ANIM-1691,TO_DO,2026-03-18 13:43:52,USR-28818
ANIM-1691,IN_PROGRESS,2026-03-19 11:43:52,USR-28818
ANIM-1691,IN_REVIEW,2026-03-21 03:43:52,USR-28818
ANIM-1691,DONE,2026-03-22 00:43:52,USR-28818
ORGA-6954,TO_DO,2026-08-05 09:09:59,USR-19305
ORGA-6954,IN_PROGRESS,2026-08-05 18:09:59,USR-19305
ORGA-6954,IN_REVIEW,2026-08-07 08:09:59,USR-19305
ORGA-6954,DONE,2026-08-08 18:09:59,USR-19305
LIST-9605,TO_DO,2026-08-20 04:16:27,USR-19305
LIST-9605,IN_PROGRESS,2026-08-21 03:16:27,USR-19305
LIST-9605,IN_REVIEW,2026-08-22 18:16:27,USR-19305
LIST-9605,DONE,2026-08-23 20:16:27,USR-19305
ORGA-4571,TO_DO,2025-12-13 17:38:03,USR-10053
ORGA-4571,IN_PROGRESS,2025-12-13 22:38:03,USR-10053
ORGA-4571,IN_REVIEW,2025-12-15 07:38:03,USR-10053
ORGA-4571,DONE,2025-12-16 19:38:03,USR-10053
ORGA-4571,REOPENED,2025-12-17 20:38:03,USR-41029
ORGA-4571,IN_PROGRESS,2025-12-18 19:38:03,USR-10053
ORGA-4571,DONE,2025-12-19 06:38:03,USR-10053
WIN-9941,TO_DO,2026-06-27 23:42:26,USR-78327
WIN-9941,IN_PROGRESS,2026-06-28 20:42:26,USR-78327
WIN-9941,IN_REVIEW,2026-06-28 23:42:26,USR-78327
WIN-9941,DONE,2026-06-30 18:42:26,USR-78327
DEVE-1895,TO_DO,2026-07-28 01:55:32,USR-55793
DEVE-1895,IN_PROGRESS,2026-07-29 19:55:32,USR-55793
DEVE-1895,IN_REVIEW,2026-07-31 17:55:32,USR-55793
DEVE-1895,DONE,2026-08-01 18:55:32,USR-55793
THES-9763,TO_DO,2025-11-23 22:02:32,USR-68529
THES-9763,IN_PROGRESS,2025-11-24 19:02:32,USR-68529
THES-9763,IN_REVIEW,2025-11-25 02:02:32,USR-68529
THES-9763,DONE,2025-11-25 19:02:32,USR-68529
PROF-3625,TO_DO,2026-03-27 23:35:57,USR-97580
PROF-3625,IN_PROGRESS,2026-03-28 06:35:57,USR-97580
PROF-3625,IN_REVIEW,2026-03-29 15:35:57,USR-97580
PROF-3625,DONE,2026-03-30 23:35:57,USR-97580
WIN-7920,TO_DO,2026-08-24 04:39:24,USR-56438
WIN-7920,IN_PROGRESS,2026-08-25 04:39:24,USR-56438
WIN-7920,IN_REVIEW,2026-08-26 08:39:24,USR-56438
WIN-7920,DONE,2026-08-28 00:39:24,USR-56438
LIST-6353,TO_DO,2026-02-11 16:20:05,USR-60615
LIST-6353,IN_PROGRESS,2026-02-13 11:20:05,USR-60615
LIST-6353,IN_REVIEW,2026-02-13 21:20:05,USR-60615
LIST-6353,DONE,2026-02-13 23:20:05,USR-60615
PROF-6006,TO_DO,2026-05-12 21:27:33,USR-95477
PROF-6006,IN_PROGRESS,2026-05-14 13:27:33,USR-95477
PROF-6006,IN_REVIEW,2026-05-16 10:27:33,USR-95477
PROF-6006,DONE,2026-05-17 14:27:33,USR-95477
TERM-8837,TO_DO,2026-02-02 04:47:57,USR-85456
TERM-8837,IN_PROGRESS,2026-02-03 00:47:57,USR-85456
TERM-8837,IN_REVIEW,2026-02-03 14:47:57,USR-85456
TERM-8837,DONE,2026-02-03 21:47:57,USR-85456
WIN-3980,TO_DO,2026-04-22 12:27:16,USR-53652
WIN-3980,IN_PROGRESS,2026-04-24 07:27:16,USR-53652
WIN-3980,IN_REVIEW,2026-04-26 00:27:16,USR-53652
WIN-3980,DONE,2026-04-27 18:27:16,USR-53652
THES-8576,TO_DO,2025-11-06 10:54:38,USR-69250
THES-8576,IN_PROGRESS,2025-11-08 02:54:38,USR-69250
THES-8576,IN_REVIEW,2025-11-08 20:54:38,USR-69250
THES-8576,DONE,2025-11-09 07:54:38,USR-69250
WIN-3787,TO_DO,2025-12-15 21:41:48,USR-54118
WIN-3787,IN_PROGRESS,2025-12-17 18:41:48,USR-54118
WIN-3787,IN_REVIEW,2025-12-19 03:41:48,USR-54118
WIN-3787,DONE,2025-12-19 12:41:48,USR-54118
PROF-4121,TO_DO,2026-01-31 20:22:40,USR-85372
PROF-4121,IN_PROGRESS,2026-02-01 06:22:40,USR-85372
PROF-4121,IN_REVIEW,2026-02-02 11:22:40,USR-85372
PROF-4121,DONE,2026-02-03 02:22:40,USR-85372
PROF-5636,TO_DO,2026-09-12 20:41:14,USR-81987
PROF-5636,IN_PROGRESS,2026-09-13 16:41:14,USR-81987
PROF-5636,IN_REVIEW,2026-09-14 10:41:14,USR-81987
PROF-5636,DONE,2026-09-15 03:41:14,USR-81987
TERM-5068,TO_DO,2026-05-19 09:37:16,USR-37686
TERM-5068,IN_PROGRESS,2026-05-20 07:37:16,USR-37686
TERM-5068,IN_REVIEW,2026-05-22 05:37:16,USR-37686
TERM-5068,DONE,2026-05-23 08:37:16,USR-37686
PROF-7283,TO_DO,2025-10-21 18:53:07,USR-38183
PROF-7283,IN_PROGRESS,2025-10-21 23:53:07,USR-38183
PROF-7283,IN_REVIEW,2025-10-22 22:53:07,USR-38183
PROF-7283,DONE,2025-10-23 15:53:07,USR-38183
WIN-1745,TO_DO,2025-10-12 02:56:16,USR-66244
WIN-1745,IN_PROGRESS,2025-10-12 12:56:16,USR-66244
WIN-1745,IN_REVIEW,2025-10-14 01:56:16,USR-66244
WIN-1745,DONE,2025-10-14 05:56:16,USR-66244
WIN-1745,REOPENED,2025-10-15 20:56:16,USR-34920
WIN-1745,IN_PROGRESS,2025-10-16 02:56:16,USR-66244
WIN-1745,DONE,2025-10-16 22:56:16,USR-66244
ANIM-9253,TO_DO,2026-06-30 07:40:51,USR-77908
ANIM-9253,IN_PROGRESS,2026-07-01 12:40:51,USR-77908
ANIM-9253,IN_REVIEW,2026-07-01 23:40:51,USR-77908
ANIM-9253,DONE,2026-07-02 17:40:51,USR-77908
WIN-1723,TO_DO,2026-05-24 20:21:46,USR-68979
WIN-1723,IN_PROGRESS,2026-05-25 16:21:46,USR-68979
WIN-1723,IN_REVIEW,2026-05-26 10:21:46,USR-68979
WIN-1723,DONE,2026-05-28 03:21:46,USR-68979
LIST-6128,TO_DO,2025-12-29 00:45:47,USR-70910
LIST-6128,IN_PROGRESS,2025-12-30 20:45:47,USR-70910
LIST-6128,IN_REVIEW,2026-01-01 14:45:47,USR-70910
LIST-6128,DONE,2026-01-02 20:45:47,USR-70910
PROF-3435,TO_DO,2026-06-25 00:52:58,USR-38785
PROF-3435,IN_PROGRESS,2026-06-26 05:52:58,USR-38785
PROF-3435,IN_REVIEW,2026-06-26 14:52:58,USR-38785
PROF-3435,DONE,2026-06-27 23:52:58,USR-38785
PROF-3435,REOPENED,2026-06-28 03:52:58,USR-39154
PROF-3435,IN_PROGRESS,2026-06-28 18:52:58,USR-38785
PROF-3435,DONE,2026-06-29 20:52:58,USR-38785
LIST-8949,TO_DO,2026-07-17 07:27:01,USR-83619
LIST-8949,IN_PROGRESS,2026-07-17 22:27:01,USR-83619
LIST-8949,IN_REVIEW,2026-07-18 18:27:01,USR-83619
LIST-8949,DONE,2026-07-19 07:27:01,USR-83619
LIST-5469,TO_DO,2025-12-16 11:29:21,USR-68138
LIST-5469,IN_PROGRESS,2025-12-17 00:29:21,USR-68138
LIST-5469,IN_REVIEW,2025-12-18 04:29:21,USR-68138
LIST-5469,DONE,2025-12-18 10:29:21,USR-68138
TERM-2545,TO_DO,2025-12-11 10:36:50,USR-12671
TERM-2545,IN_PROGRESS,2025-12-13 01:36:50,USR-12671
TERM-2545,IN_REVIEW,2025-12-13 09:36:50,USR-12671
TERM-2545,DONE,2025-12-14 07:36:50,USR-12671
DEVE-2328,TO_DO,2026-03-25 02:48:01,USR-25096
DEVE-2328,IN_PROGRESS,2026-03-26 22:48:01,USR-25096
DEVE-2328,IN_REVIEW,2026-03-27 00:48:01,USR-25096
DEVE-2328,DONE,2026-03-27 23:48:01,USR-25096
CONF-8423,TO_DO,2026-03-28 18:42:03,USR-59377
CONF-8423,IN_PROGRESS,2026-03-30 13:42:03,USR-59377
CONF-8423,IN_REVIEW,2026-03-31 09:42:03,USR-59377
CONF-8423,DONE,2026-04-01 07:42:03,USR-59377
THES-9964,TO_DO,2026-04-22 13:58:34,USR-14117
THES-9964,IN_PROGRESS,2026-04-22 20:58:34,USR-14117
THES-9964,IN_REVIEW,2026-04-22 23:58:34,USR-14117
THES-9964,DONE,2026-04-23 14:58:34,USR-14117
ORGA-7592,TO_DO,2026-07-01 09:26:47,USR-51750
ORGA-7592,IN_PROGRESS,2026-07-02 14:26:47,USR-51750
ORGA-7592,IN_REVIEW,2026-07-03 11:26:47,USR-51750
ORGA-7592,DONE,2026-07-05 08:26:47,USR-51750
ANIM-6882,TO_DO,2025-10-15 11:45:35,USR-17894
ANIM-6882,IN_PROGRESS,2025-10-16 19:45:35,USR-17894
ANIM-6882,IN_REVIEW,2025-10-17 14:45:35,USR-17894
ANIM-6882,DONE,2025-10-19 04:45:35,USR-17894
ORGA-2478,TO_DO,2026-07-23 22:01:17,USR-23006
ORGA-2478,IN_PROGRESS,2026-07-24 05:01:17,USR-23006
ORGA-2478,IN_REVIEW,2026-07-24 09:01:17,USR-23006
ORGA-2478,DONE,2026-07-25 19:01:17,USR-23006
TERM-4673,TO_DO,2025-10-02 14:21:00,USR-89276
TERM-4673,IN_PROGRESS,2025-10-02 21:21:00,USR-89276
TERM-4673,IN_REVIEW,2025-10-03 17:21:00,USR-89276
TERM-4673,DONE,2025-10-05 00:21:00,USR-89276
THES-8825,TO_DO,2026-06-11 20:35:01,USR-34356
THES-8825,IN_PROGRESS,2026-06-13 01:35:01,USR-34356
THES-8825,IN_REVIEW,2026-06-13 21:35:01,USR-34356
THES-8825,DONE,2026-06-15 11:35:01,USR-34356
LIST-2253,TO_DO,2026-01-30 06:13:58,USR-46509
LIST-2253,IN_PROGRESS,2026-02-01 02:13:58,USR-46509
LIST-2253,IN_REVIEW,2026-02-03 02:13:58,USR-46509
LIST-2253,DONE,2026-02-04 16:13:58,USR-46509
WIN-5175,TO_DO,2026-01-30 12:38:52,USR-56179
WIN-5175,IN_PROGRESS,2026-01-31 01:38:52,USR-56179
WIN-5175,IN_REVIEW,2026-01-31 14:38:52,USR-56179
WIN-5175,DONE,2026-02-01 17:38:52,USR-56179
THES-7819,TO_DO,2025-12-21 10:05:11,USR-21359
THES-7819,IN_PROGRESS,2025-12-23 03:05:11,USR-21359
THES-7819,IN_REVIEW,2025-12-23 21:05:11,USR-21359
THES-7819,DONE,2025-12-24 20:05:11,USR-21359
PROF-4032,TO_DO,2026-09-05 19:43:38,USR-21188
PROF-4032,IN_PROGRESS,2026-09-05 22:43:38,USR-21188
PROF-4032,IN_REVIEW,2026-09-06 00:43:38,USR-21188
PROF-4032,DONE,2026-09-07 03:43:38,USR-21188
PROF-4032,REOPENED,2026-09-07 12:43:38,USR-85821
PROF-4032,IN_PROGRESS,2026-09-07 13:43:38,USR-21188
PROF-4032,DONE,2026-09-08 03:43:38,USR-21188
TERM-8539,TO_DO,2026-07-31 05:43:01,USR-85156
TERM-8539,IN_PROGRESS,2026-08-01 22:43:01,USR-85156
TERM-8539,IN_REVIEW,2026-08-03 15:43:01,USR-85156
TERM-8539,DONE,2026-08-04 16:43:01,USR-85156
ORGA-5958,TO_DO,2026-06-23 08:35:14,USR-54118
ORGA-5958,IN_PROGRESS,2026-06-23 11:35:14,USR-54118
ORGA-5958,IN_REVIEW,2026-06-24 02:35:14,USR-54118
ORGA-5958,DONE,2026-06-25 10:35:14,USR-54118
ORGA-5958,REOPENED,2026-06-27 05:35:14,USR-51180
ORGA-5958,IN_PROGRESS,2026-06-27 10:35:14,USR-54118
ORGA-5958,DONE,2026-06-29 07:35:14,USR-54118
PROF-8139,TO_DO,2026-08-23 15:42:06,USR-76535
PROF-8139,IN_PROGRESS,2026-08-24 02:42:06,USR-76535
PROF-8139,IN_REVIEW,2026-08-25 10:42:06,USR-76535
PROF-8139,DONE,2026-08-26 15:42:06,USR-76535
THES-3721,TO_DO,2026-06-27 14:15:39,USR-58870
THES-3721,IN_PROGRESS,2026-06-29 05:15:39,USR-58870
THES-3721,IN_REVIEW,2026-06-29 22:15:39,USR-58870
THES-3721,DONE,2026-06-30 12:15:39,USR-58870
CONF-7418,TO_DO,2026-01-24 21:19:09,USR-94696
CONF-7418,IN_PROGRESS,2026-01-26 12:19:09,USR-94696
CONF-7418,IN_REVIEW,2026-01-28 04:19:09,USR-94696
CONF-7418,DONE,2026-01-30 04:19:09,USR-94696
CONF-7418,REOPENED,2026-01-31 17:19:09,USR-64987
CONF-7418,IN_PROGRESS,2026-02-01 03:19:09,USR-94696
CONF-7418,DONE,2026-02-01 09:19:09,USR-94696
TERM-7548,TO_DO,2026-01-20 03:17:27,USR-33627
TERM-7548,IN_PROGRESS,2026-01-20 19:17:27,USR-33627
TERM-7548,IN_REVIEW,2026-01-22 18:17:27,USR-33627
TERM-7548,DONE,2026-01-22 23:17:27,USR-33627
DEVE-7914,TO_DO,2026-03-18 06:28:09,USR-33416
DEVE-7914,IN_PROGRESS,2026-03-18 15:28:09,USR-33416
DEVE-7914,IN_REVIEW,2026-03-20 00:28:09,USR-33416
DEVE-7914,DONE,2026-03-21 17:28:09,USR-33416
WIN-8345,TO_DO,2026-08-08 13:39:09,USR-93507
WIN-8345,IN_PROGRESS,2026-08-09 19:39:09,USR-93507
WIN-8345,IN_REVIEW,2026-08-10 11:39:09,USR-93507
WIN-8345,DONE,2026-08-11 21:39:09,USR-93507
CONF-6556,TO_DO,2025-10-17 22:38:50,USR-51207
CONF-6556,IN_PROGRESS,2025-10-19 22:38:50,USR-51207
CONF-6556,IN_REVIEW,2025-10-21 21:38:50,USR-51207
CONF-6556,DONE,2025-10-22 23:38:50,USR-51207
WIN-8738,TO_DO,2025-12-07 05:24:33,USR-93507
WIN-8738,IN_PROGRESS,2025-12-09 01:24:33,USR-93507
WIN-8738,IN_REVIEW,2025-12-10 09:24:33,USR-93507
WIN-8738,DONE,2025-12-10 19:24:33,USR-93507
PROF-3561,TO_DO,2025-12-15 06:06:35,USR-12128
PROF-3561,IN_PROGRESS,2025-12-16 19:06:35,USR-12128
PROF-3561,IN_REVIEW,2025-12-17 00:06:35,USR-12128
PROF-3561,DONE,2025-12-17 03:06:35,USR-12128
CHOI-6849,TO_DO,2025-12-27 17:12:41,USR-67008
CHOI-6849,IN_PROGRESS,2025-12-28 22:12:41,USR-67008
CHOI-6849,IN_REVIEW,2025-12-29 07:12:41,USR-67008
CHOI-6849,DONE,2025-12-31 00:12:41,USR-67008
THES-4671,TO_DO,2026-01-15 18:19:23,USR-41531
THES-4671,IN_PROGRESS,2026-01-16 13:19:23,USR-41531
THES-4671,IN_REVIEW,2026-01-17 00:19:23,USR-41531
THES-4671,DONE,2026-01-18 22:19:23,USR-41531
CONF-2706,TO_DO,2025-12-01 02:20:03,USR-72094
CONF-2706,IN_PROGRESS,2025-12-01 10:20:03,USR-72094
CONF-2706,IN_REVIEW,2025-12-03 03:20:03,USR-72094
CONF-2706,DONE,2025-12-04 20:20:03,USR-72094
LIST-1687,TO_DO,2026-02-22 01:43:37,USR-38197
LIST-1687,IN_PROGRESS,2026-02-24 00:43:37,USR-38197
LIST-1687,IN_REVIEW,2026-02-25 06:43:37,USR-38197
LIST-1687,DONE,2026-02-26 16:43:37,USR-38197
THES-3527,TO_DO,2026-01-04 20:46:26,USR-20345
THES-3527,IN_PROGRESS,2026-01-06 00:46:26,USR-20345
THES-3527,IN_REVIEW,2026-01-06 02:46:26,USR-20345
THES-3527,DONE,2026-01-06 19:46:26,USR-20345
WIN-5698,TO_DO,2026-03-28 04:26:50,USR-45774
WIN-5698,IN_PROGRESS,2026-03-29 22:26:50,USR-45774
WIN-5698,IN_REVIEW,2026-03-31 18:26:50,USR-45774
WIN-5698,DONE,2026-04-01 11:26:50,USR-45774
LIST-7909,TO_DO,2026-04-05 19:19:19,USR-27675
LIST-7909,IN_PROGRESS,2026-04-07 06:19:19,USR-27675
LIST-7909,IN_REVIEW,2026-04-09 03:19:19,USR-27675
LIST-7909,DONE,2026-04-10 04:19:19,USR-27675
TERM-3385,TO_DO,2026-05-13 10:04:43,USR-77552
TERM-3385,IN_PROGRESS,2026-05-14 13:04:43,USR-77552
TERM-3385,IN_REVIEW,2026-05-15 01:04:43,USR-77552
TERM-3385,DONE,2026-05-16 06:04:43,USR-77552
ORGA-1607,TO_DO,2026-05-04 14:29:44,USR-23577
ORGA-1607,IN_PROGRESS,2026-05-05 10:29:44,USR-23577
ORGA-1607,IN_REVIEW,2026-05-06 14:29:44,USR-23577
ORGA-1607,DONE,2026-05-07 17:29:44,USR-23577
LIST-5986,TO_DO,2026-07-04 10:27:19,USR-26059
LIST-5986,IN_PROGRESS,2026-07-06 03:27:19,USR-26059
LIST-5986,IN_REVIEW,2026-07-06 14:27:19,USR-26059
LIST-5986,DONE,2026-07-08 12:27:19,USR-26059
TERM-4360,TO_DO,2026-07-09 15:31:43,USR-78951
TERM-4360,IN_PROGRESS,2026-07-11 10:31:43,USR-78951
TERM-4360,IN_REVIEW,2026-07-12 13:31:43,USR-78951
TERM-4360,DONE,2026-07-13 03:31:43,USR-78951
THES-1605,TO_DO,2026-06-24 19:32:46,USR-33627
THES-1605,IN_PROGRESS,2026-06-25 15:32:46,USR-33627
THES-1605,IN_REVIEW,2026-06-26 06:32:46,USR-33627
THES-1605,DONE,2026-06-26 13:32:46,USR-33627
LIST-6115,TO_DO,2026-05-18 19:04:47,USR-16895
LIST-6115,IN_PROGRESS,2026-05-20 10:04:47,USR-16895
LIST-6115,IN_REVIEW,2026-05-21 04:04:47,USR-16895
LIST-6115,DONE,2026-05-21 21:04:47,USR-16895
ORGA-9278,TO_DO,2026-09-11 20:31:46,USR-79397
ORGA-9278,IN_PROGRESS,2026-09-12 05:31:46,USR-79397
ORGA-9278,IN_REVIEW,2026-09-12 10:31:46,USR-79397
ORGA-9278,DONE,2026-09-14 05:31:46,USR-79397
ORGA-9278,REOPENED,2026-09-14 14:31:46,USR-94012
ORGA-9278,IN_PROGRESS,2026-09-15 05:31:46,USR-79397
ORGA-9278,DONE,2026-09-16 04:31:46,USR-79397
CONF-1085,TO_DO,2026-01-03 03:34:19,USR-83060
CONF-1085,IN_PROGRESS,2026-01-04 19:34:19,USR-83060
CONF-1085,IN_REVIEW,2026-01-05 11:34:19,USR-83060
CONF-1085,DONE,2026-01-06 11:34:19,USR-83060
CHOI-3293,TO_DO,2026-07-16 04:05:52,USR-15726
CHOI-3293,IN_PROGRESS,2026-07-16 18:05:52,USR-15726
CHOI-3293,IN_REVIEW,2026-07-17 19:05:52,USR-15726
CHOI-3293,DONE,2026-07-19 02:05:52,USR-15726
ANIM-7974,TO_DO,2026-01-09 10:06:07,USR-14117
ANIM-7974,IN_PROGRESS,2026-01-10 16:06:07,USR-14117
ANIM-7974,IN_REVIEW,2026-01-10 22:06:07,USR-14117
ANIM-7974,DONE,2026-01-11 23:06:07,USR-14117
LIST-7598,TO_DO,2025-09-27 13:21:17,USR-69914
LIST-7598,IN_PROGRESS,2025-09-28 19:21:17,USR-69914
LIST-7598,IN_REVIEW,2025-09-30 17:21:17,USR-69914
LIST-7598,DONE,2025-10-02 02:21:17,USR-69914
ORGA-3668,TO_DO,2026-07-08 15:05:24,USR-11231
ORGA-3668,IN_PROGRESS,2026-07-10 02:05:24,USR-11231
ORGA-3668,IN_REVIEW,2026-07-10 11:05:24,USR-11231
ORGA-3668,DONE,2026-07-12 09:05:24,USR-11231
ORGA-3668,REOPENED,2026-07-13 00:05:24,USR-34356
ORGA-3668,IN_PROGRESS,2026-07-13 15:05:24,USR-11231
ORGA-3668,DONE,2026-07-15 01:05:24,USR-11231
DEVE-3569,TO_DO,2026-03-20 23:06:15,USR-76249
DEVE-3569,IN_PROGRESS,2026-03-21 08:06:15,USR-76249
DEVE-3569,IN_REVIEW,2026-03-22 09:06:15,USR-76249
DEVE-3569,DONE,2026-03-23 23:06:15,USR-76249
DEVE-9565,TO_DO,2026-03-04 16:51:45,USR-57472
DEVE-9565,IN_PROGRESS,2026-03-05 03:51:45,USR-57472
DEVE-9565,IN_REVIEW,2026-03-05 14:51:45,USR-57472
DEVE-9565,DONE,2026-03-07 05:51:45,USR-57472
DEVE-5999,TO_DO,2026-01-12 10:15:07,USR-39154
DEVE-5999,IN_PROGRESS,2026-01-13 10:15:07,USR-39154
DEVE-5999,IN_REVIEW,2026-01-13 16:15:07,USR-39154
DEVE-5999,DONE,2026-01-13 20:15:07,USR-39154
TERM-6074,TO_DO,2025-11-05 02:15:02,USR-35242
TERM-6074,IN_PROGRESS,2025-11-05 12:15:02,USR-35242
TERM-6074,IN_REVIEW,2025-11-05 22:15:02,USR-35242
TERM-6074,DONE,2025-11-07 08:15:02,USR-35242
TERM-8371,TO_DO,2026-05-11 03:25:35,USR-62187
TERM-8371,IN_PROGRESS,2026-05-12 23:25:35,USR-62187
TERM-8371,IN_REVIEW,2026-05-14 16:25:35,USR-62187
TERM-8371,DONE,2026-05-15 20:25:35,USR-62187
PROF-7478,TO_DO,2026-05-19 02:52:03,USR-49221
PROF-7478,IN_PROGRESS,2026-05-19 14:52:03,USR-49221
PROF-7478,IN_REVIEW,2026-05-21 13:52:03,USR-49221
PROF-7478,DONE,2026-05-21 16:52:03,USR-49221
CHOI-3028,TO_DO,2026-09-07 15:27:40,USR-44237
CHOI-3028,IN_PROGRESS,2026-09-09 05:27:40,USR-44237
CHOI-3028,IN_REVIEW,2026-09-10 16:27:40,USR-44237
CHOI-3028,DONE,2026-09-11 06:27:40,USR-44237
LIST-1305,TO_DO,2026-02-12 05:04:27,USR-91205
LIST-1305,IN_PROGRESS,2026-02-12 22:04:27,USR-91205
LIST-1305,IN_REVIEW,2026-02-14 21:04:27,USR-91205
LIST-1305,DONE,2026-02-16 12:04:27,USR-91205
LIST-1305,REOPENED,2026-02-17 18:04:27,USR-25572
LIST-1305,IN_PROGRESS,2026-02-17 21:04:27,USR-91205
LIST-1305,DONE,2026-02-19 11:04:27,USR-91205
CONF-6249,TO_DO,2025-10-06 22:00:01,USR-69878
CONF-6249,IN_PROGRESS,2025-10-07 01:00:01,USR-69878
CONF-6249,IN_REVIEW,2025-10-08 12:00:01,USR-69878
CONF-6249,DONE,2025-10-09 10:00:01,USR-69878
CHOI-2491,TO_DO,2026-04-14 21:59:15,USR-27781
CHOI-2491,IN_PROGRESS,2026-04-15 04:59:15,USR-27781
CHOI-2491,IN_REVIEW,2026-04-15 15:59:15,USR-27781
CHOI-2491,DONE,2026-04-16 12:59:15,USR-27781
CHOI-2491,REOPENED,2026-04-17 16:59:15,USR-22704
CHOI-2491,IN_PROGRESS,2026-04-18 14:59:15,USR-27781
CHOI-2491,DONE,2026-04-19 04:59:15,USR-27781
DEVE-6329,TO_DO,2026-09-01 03:38:27,USR-25014
DEVE-6329,IN_PROGRESS,2026-09-02 07:38:27,USR-25014
DEVE-6329,IN_REVIEW,2026-09-03 05:38:27,USR-25014
DEVE-6329,DONE,2026-09-03 23:38:27,USR-25014
THES-1849,TO_DO,2025-12-26 15:33:56,USR-38183
THES-1849,IN_PROGRESS,2025-12-27 17:33:56,USR-38183
THES-1849,IN_REVIEW,2025-12-28 02:33:56,USR-38183
THES-1849,DONE,2025-12-28 21:33:56,USR-38183
WIN-8615,TO_DO,2026-06-25 14:27:05,USR-70236
WIN-8615,IN_PROGRESS,2026-06-26 09:27:05,USR-70236
WIN-8615,IN_REVIEW,2026-06-27 22:27:05,USR-70236
WIN-8615,DONE,2026-06-29 13:27:05,USR-70236
THES-5035,TO_DO,2026-04-16 21:53:59,USR-34551
THES-5035,IN_PROGRESS,2026-04-17 04:53:59,USR-34551
THES-5035,IN_REVIEW,2026-04-18 22:53:59,USR-34551
THES-5035,DONE,2026-04-20 08:53:59,USR-34551
ANIM-7116,TO_DO,2026-09-01 16:14:08,USR-85372
ANIM-7116,IN_PROGRESS,2026-09-02 22:14:08,USR-85372
ANIM-7116,IN_REVIEW,2026-09-03 02:14:08,USR-85372
ANIM-7116,DONE,2026-09-03 04:14:08,USR-85372
CONF-5739,TO_DO,2026-06-10 03:54:41,USR-13278
CONF-5739,IN_PROGRESS,2026-06-12 00:54:41,USR-13278
CONF-5739,IN_REVIEW,2026-06-13 02:54:41,USR-13278
CONF-5739,DONE,2026-06-14 02:54:41,USR-13278
PROF-9361,TO_DO,2026-01-31 17:50:57,USR-98652
PROF-9361,IN_PROGRESS,2026-02-01 20:50:57,USR-98652
PROF-9361,IN_REVIEW,2026-02-03 18:50:57,USR-98652
PROF-9361,DONE,2026-02-04 03:50:57,USR-98652
LIST-5578,TO_DO,2025-11-18 15:58:58,USR-65435
LIST-5578,IN_PROGRESS,2025-11-20 14:58:58,USR-65435
LIST-5578,IN_REVIEW,2025-11-21 20:58:58,USR-65435
LIST-5578,DONE,2025-11-22 15:58:58,USR-65435
WIN-6597,TO_DO,2025-10-22 01:22:54,USR-69441
WIN-6597,IN_PROGRESS,2025-10-23 17:22:54,USR-69441
WIN-6597,IN_REVIEW,2025-10-25 01:22:54,USR-69441
WIN-6597,DONE,2025-10-25 03:22:54,USR-69441
ANIM-7769,TO_DO,2026-08-25 10:27:14,USR-60779
ANIM-7769,IN_PROGRESS,2026-08-26 22:27:14,USR-60779
ANIM-7769,IN_REVIEW,2026-08-27 01:27:14,USR-60779
ANIM-7769,DONE,2026-08-28 21:27:14,USR-60779
THES-6783,TO_DO,2025-12-09 00:23:09,USR-67008
THES-6783,IN_PROGRESS,2025-12-09 09:23:09,USR-67008
THES-6783,IN_REVIEW,2025-12-10 16:23:09,USR-67008
THES-6783,DONE,2025-12-11 17:23:09,USR-67008
TERM-1153,TO_DO,2026-07-10 03:12:50,USR-39102
TERM-1153,IN_PROGRESS,2026-07-10 10:12:50,USR-39102
TERM-1153,IN_REVIEW,2026-07-12 03:12:50,USR-39102
TERM-1153,DONE,2026-07-13 21:12:50,USR-39102
PROF-4838,TO_DO,2026-02-24 16:25:11,USR-91057
PROF-4838,IN_PROGRESS,2026-02-25 07:25:11,USR-91057
PROF-4838,IN_REVIEW,2026-02-25 09:25:11,USR-91057
PROF-4838,DONE,2026-02-25 23:25:11,USR-91057
ORGA-2817,TO_DO,2025-12-22 05:09:02,USR-75107
ORGA-2817,IN_PROGRESS,2025-12-24 02:09:02,USR-75107
ORGA-2817,IN_REVIEW,2025-12-25 23:09:02,USR-75107
ORGA-2817,DONE,2025-12-27 15:09:02,USR-75107
ANIM-2070,TO_DO,2026-01-20 05:14:14,USR-23947
ANIM-2070,IN_PROGRESS,2026-01-21 16:14:14,USR-23947
ANIM-2070,IN_REVIEW,2026-01-23 16:14:14,USR-23947
ANIM-2070,DONE,2026-01-24 11:14:14,USR-23947
DEVE-9731,TO_DO,2026-08-04 03:13:18,USR-84000
DEVE-9731,IN_PROGRESS,2026-08-05 01:13:18,USR-84000
DEVE-9731,IN_REVIEW,2026-08-06 06:13:18,USR-84000
DEVE-9731,DONE,2026-08-07 10:13:18,USR-84000
THES-9491,TO_DO,2025-11-13 21:24:33,USR-43681
THES-9491,IN_PROGRESS,2025-11-15 01:24:33,USR-43681
THES-9491,IN_REVIEW,2025-11-16 13:24:33,USR-43681
THES-9491,DONE,2025-11-17 19:24:33,USR-43681
DEVE-7420,TO_DO,2026-06-27 09:42:22,USR-78012
DEVE-7420,IN_PROGRESS,2026-06-27 15:42:22,USR-78012
DEVE-7420,IN_REVIEW,2026-06-28 08:42:22,USR-78012
DEVE-7420,DONE,2026-06-28 22:42:22,USR-78012
WIN-6092,TO_DO,2025-12-23 08:27:43,USR-41850
WIN-6092,IN_PROGRESS,2025-12-24 23:27:43,USR-41850
WIN-6092,IN_REVIEW,2025-12-26 17:27:43,USR-41850
WIN-6092,DONE,2025-12-27 16:27:43,USR-41850
WIN-6092,REOPENED,2025-12-28 10:27:43,USR-56009
WIN-6092,IN_PROGRESS,2025-12-28 18:27:43,USR-41850
WIN-6092,DONE,2025-12-29 04:27:43,USR-41850
TERM-4905,TO_DO,2026-07-06 10:27:30,USR-60432
TERM-4905,IN_PROGRESS,2026-07-08 02:27:30,USR-60432
TERM-4905,IN_REVIEW,2026-07-09 19:27:30,USR-60432
TERM-4905,DONE,2026-07-11 01:27:30,USR-60432
TERM-3045,TO_DO,2026-03-10 00:02:38,USR-34881
TERM-3045,IN_PROGRESS,2026-03-10 10:02:38,USR-34881
TERM-3045,IN_REVIEW,2026-03-10 15:02:38,USR-34881
TERM-3045,DONE,2026-03-11 21:02:38,USR-34881
TERM-3045,REOPENED,2026-03-12 02:02:38,USR-48469
TERM-3045,IN_PROGRESS,2026-03-12 12:02:38,USR-34881
TERM-3045,DONE,2026-03-14 07:02:38,USR-34881
ORGA-2077,TO_DO,2026-08-25 11:29:25,USR-41925
ORGA-2077,IN_PROGRESS,2026-08-25 19:29:25,USR-41925
ORGA-2077,IN_REVIEW,2026-08-27 12:29:25,USR-41925
ORGA-2077,DONE,2026-08-28 16:29:25,USR-41925
ORGA-2077,REOPENED,2026-08-29 08:29:25,USR-82512
ORGA-2077,IN_PROGRESS,2026-08-30 04:29:25,USR-41925
ORGA-2077,DONE,2026-09-01 02:29:25,USR-41925
CONF-1173,TO_DO,2026-03-23 15:09:12,USR-96127
CONF-1173,IN_PROGRESS,2026-03-25 10:09:12,USR-96127
CONF-1173,IN_REVIEW,2026-03-27 07:09:12,USR-96127
CONF-1173,DONE,2026-03-27 10:09:12,USR-96127
LIST-6377,TO_DO,2025-12-17 09:48:19,USR-94696
LIST-6377,IN_PROGRESS,2025-12-17 23:48:19,USR-94696
LIST-6377,IN_REVIEW,2025-12-19 13:48:19,USR-94696
LIST-6377,DONE,2025-12-19 23:48:19,USR-94696
LIST-5198,TO_DO,2025-11-05 12:51:50,USR-33627
LIST-5198,IN_PROGRESS,2025-11-05 16:51:50,USR-33627
LIST-5198,IN_REVIEW,2025-11-05 21:51:50,USR-33627
LIST-5198,DONE,2025-11-06 07:51:50,USR-33627
CONF-8140,TO_DO,2025-10-18 19:41:20,USR-47363
CONF-8140,IN_PROGRESS,2025-10-19 06:41:20,USR-47363
CONF-8140,IN_REVIEW,2025-10-19 17:41:20,USR-47363
CONF-8140,DONE,2025-10-21 01:41:20,USR-47363
CONF-6618,TO_DO,2026-04-15 02:50:43,USR-64987
CONF-6618,IN_PROGRESS,2026-04-15 07:50:43,USR-64987
CONF-6618,IN_REVIEW,2026-04-16 00:50:43,USR-64987
CONF-6618,DONE,2026-04-17 10:50:43,USR-64987
DEVE-7915,TO_DO,2026-04-04 16:57:53,USR-80575
DEVE-7915,IN_PROGRESS,2026-04-05 06:57:53,USR-80575
DEVE-7915,IN_REVIEW,2026-04-07 02:57:53,USR-80575
DEVE-7915,DONE,2026-04-08 10:57:53,USR-80575
TERM-6425,TO_DO,2026-08-01 19:36:34,USR-79774
TERM-6425,IN_PROGRESS,2026-08-02 07:36:34,USR-79774
TERM-6425,IN_REVIEW,2026-08-02 15:36:34,USR-79774
TERM-6425,DONE,2026-08-03 22:36:34,USR-79774
TERM-4594,TO_DO,2026-06-07 14:51:52,USR-22240
TERM-4594,IN_PROGRESS,2026-06-08 07:51:52,USR-22240
TERM-4594,IN_REVIEW,2026-06-09 15:51:52,USR-22240
TERM-4594,DONE,2026-06-10 14:51:52,USR-22240
PROF-7558,TO_DO,2025-10-05 21:15:58,USR-13478
PROF-7558,IN_PROGRESS,2025-10-07 10:15:58,USR-13478
PROF-7558,IN_REVIEW,2025-10-07 19:15:58,USR-13478
PROF-7558,DONE,2025-10-08 06:15:58,USR-13478
TERM-4185,TO_DO,2026-03-14 08:36:45,USR-95191
TERM-4185,IN_PROGRESS,2026-03-15 04:36:45,USR-95191
TERM-4185,IN_REVIEW,2026-03-15 17:36:45,USR-95191
TERM-4185,DONE,2026-03-16 09:36:45,USR-95191
ANIM-6567,TO_DO,2025-12-07 17:56:22,USR-53540
ANIM-6567,IN_PROGRESS,2025-12-08 01:56:22,USR-53540
ANIM-6567,IN_REVIEW,2025-12-08 04:56:22,USR-53540
ANIM-6567,DONE,2025-12-10 01:56:22,USR-53540
ORGA-2818,TO_DO,2026-04-16 11:09:01,USR-57472
ORGA-2818,IN_PROGRESS,2026-04-18 07:09:01,USR-57472
ORGA-2818,IN_REVIEW,2026-04-18 19:09:01,USR-57472
ORGA-2818,DONE,2026-04-20 06:09:01,USR-57472
ORGA-2071,TO_DO,2026-06-23 22:31:23,USR-88317
ORGA-2071,IN_PROGRESS,2026-06-25 20:31:23,USR-88317
ORGA-2071,IN_REVIEW,2026-06-26 21:31:23,USR-88317
ORGA-2071,DONE,2026-06-27 19:31:23,USR-88317
ORGA-2071,REOPENED,2026-06-29 11:31:23,USR-93238
ORGA-2071,IN_PROGRESS,2026-06-30 01:31:23,USR-88317
ORGA-2071,DONE,2026-07-01 21:31:23,USR-88317
PROF-1756,TO_DO,2026-05-08 06:47:06,USR-46585
PROF-1756,IN_PROGRESS,2026-05-08 23:47:06,USR-46585
PROF-1756,IN_REVIEW,2026-05-09 04:47:06,USR-46585
PROF-1756,DONE,2026-05-10 22:47:06,USR-46585
ANIM-9327,TO_DO,2025-11-14 09:05:21,USR-55293
ANIM-9327,IN_PROGRESS,2025-11-16 05:05:21,USR-55293
ANIM-9327,IN_REVIEW,2025-11-17 22:05:21,USR-55293
ANIM-9327,DONE,2025-11-18 04:05:21,USR-55293
LIST-7358,TO_DO,2026-04-16 16:12:06,USR-58655
LIST-7358,IN_PROGRESS,2026-04-17 05:12:06,USR-58655
LIST-7358,IN_REVIEW,2026-04-18 03:12:06,USR-58655
LIST-7358,DONE,2026-04-20 02:12:06,USR-58655
LIST-8918,TO_DO,2026-02-10 16:36:39,USR-17355
LIST-8918,IN_PROGRESS,2026-02-12 11:36:39,USR-17355
LIST-8918,IN_REVIEW,2026-02-12 15:36:39,USR-17355
LIST-8918,DONE,2026-02-13 06:36:39,USR-17355
PROF-8406,TO_DO,2025-11-18 01:33:02,USR-67954
PROF-8406,IN_PROGRESS,2025-11-19 02:33:02,USR-67954
PROF-8406,IN_REVIEW,2025-11-19 20:33:02,USR-67954
PROF-8406,DONE,2025-11-21 09:33:02,USR-67954
ANIM-2376,TO_DO,2025-11-29 08:53:17,USR-71524
ANIM-2376,IN_PROGRESS,2025-12-01 01:53:17,USR-71524
ANIM-2376,IN_REVIEW,2025-12-02 00:53:17,USR-71524
ANIM-2376,DONE,2025-12-03 05:53:17,USR-71524
TERM-8086,TO_DO,2026-05-29 10:38:32,USR-61879
TERM-8086,IN_PROGRESS,2026-05-30 16:38:32,USR-61879
TERM-8086,IN_REVIEW,2026-05-31 08:38:32,USR-61879
TERM-8086,DONE,2026-06-01 02:38:32,USR-61879
THES-6883,TO_DO,2026-08-11 14:19:55,USR-51207
THES-6883,IN_PROGRESS,2026-08-12 09:19:55,USR-51207
THES-6883,IN_REVIEW,2026-08-13 01:19:55,USR-51207
THES-6883,DONE,2026-08-13 09:19:55,USR-51207
THES-6902,TO_DO,2025-10-27 01:13:22,USR-79588
THES-6902,IN_PROGRESS,2025-10-28 22:13:22,USR-79588
THES-6902,IN_REVIEW,2025-10-29 17:13:22,USR-79588
THES-6902,DONE,2025-10-30 07:13:22,USR-79588
THES-6902,REOPENED,2025-11-01 06:13:22,USR-80575
THES-6902,IN_PROGRESS,2025-11-02 02:13:22,USR-79588
THES-6902,DONE,2025-11-02 14:13:22,USR-79588
LIST-5278,TO_DO,2026-02-14 20:21:50,USR-55870
LIST-5278,IN_PROGRESS,2026-02-16 15:21:50,USR-55870
LIST-5278,IN_REVIEW,2026-02-16 17:21:50,USR-55870
LIST-5278,DONE,2026-02-18 01:21:50,USR-55870
LIST-5278,REOPENED,2026-02-19 20:21:50,USR-84177
LIST-5278,IN_PROGRESS,2026-02-20 13:21:50,USR-55870
LIST-5278,DONE,2026-02-21 02:21:50,USR-55870
ORGA-4728,TO_DO,2025-12-22 05:56:01,USR-82667
ORGA-4728,IN_PROGRESS,2025-12-23 12:56:01,USR-82667
ORGA-4728,IN_REVIEW,2025-12-25 12:56:01,USR-82667
ORGA-4728,DONE,2025-12-26 19:56:01,USR-82667
THES-6129,TO_DO,2026-08-06 06:32:43,USR-71487
THES-6129,IN_PROGRESS,2026-08-07 19:32:43,USR-71487
THES-6129,IN_REVIEW,2026-08-07 22:32:43,USR-71487
THES-6129,DONE,2026-08-08 23:32:43,USR-71487
CONF-3102,TO_DO,2026-01-28 10:34:57,USR-87236
CONF-3102,IN_PROGRESS,2026-01-29 02:34:57,USR-87236
CONF-3102,IN_REVIEW,2026-01-30 06:34:57,USR-87236
CONF-3102,DONE,2026-01-31 11:34:57,USR-87236
ORGA-9808,TO_DO,2026-03-02 07:37:23,USR-19116
ORGA-9808,IN_PROGRESS,2026-03-03 21:37:23,USR-19116
ORGA-9808,IN_REVIEW,2026-03-05 15:37:23,USR-19116
ORGA-9808,DONE,2026-03-07 07:37:23,USR-19116
CONF-7404,TO_DO,2026-01-08 18:42:34,USR-29521
CONF-7404,IN_PROGRESS,2026-01-10 02:42:34,USR-29521
CONF-7404,IN_REVIEW,2026-01-10 10:42:34,USR-29521
CONF-7404,DONE,2026-01-11 09:42:34,USR-29521
TERM-5991,TO_DO,2026-07-25 21:43:44,USR-88957
TERM-5991,IN_PROGRESS,2026-07-27 06:43:44,USR-88957
TERM-5991,IN_REVIEW,2026-07-27 09:43:44,USR-88957
TERM-5991,DONE,2026-07-27 22:43:44,USR-88957
TERM-5991,REOPENED,2026-07-28 12:43:44,USR-62772
TERM-5991,IN_PROGRESS,2026-07-28 15:43:44,USR-88957
TERM-5991,DONE,2026-07-29 19:43:44,USR-88957
CHOI-4373,TO_DO,2026-03-27 22:55:24,USR-98395
CHOI-4373,IN_PROGRESS,2026-03-28 00:55:24,USR-98395
CHOI-4373,IN_REVIEW,2026-03-28 12:55:24,USR-98395
CHOI-4373,DONE,2026-03-29 10:55:24,USR-98395
ORGA-3572,TO_DO,2025-10-30 17:00:07,USR-49608
ORGA-3572,IN_PROGRESS,2025-10-31 08:00:07,USR-49608
ORGA-3572,IN_REVIEW,2025-10-31 18:00:07,USR-49608
ORGA-3572,DONE,2025-11-01 09:00:07,USR-49608
ORGA-8778,TO_DO,2025-11-02 07:22:11,USR-57920
ORGA-8778,IN_PROGRESS,2025-11-03 02:22:11,USR-57920
ORGA-8778,IN_REVIEW,2025-11-03 16:22:11,USR-57920
ORGA-8778,DONE,2025-11-03 18:22:11,USR-57920
TERM-2048,TO_DO,2026-08-06 20:58:50,USR-81176
TERM-2048,IN_PROGRESS,2026-08-08 05:58:50,USR-81176
TERM-2048,IN_REVIEW,2026-08-09 12:58:50,USR-81176
TERM-2048,DONE,2026-08-10 19:58:50,USR-81176
DEVE-2492,TO_DO,2026-07-07 18:09:59,USR-71186
DEVE-2492,IN_PROGRESS,2026-07-08 21:09:59,USR-71186
DEVE-2492,IN_REVIEW,2026-07-10 14:09:59,USR-71186
DEVE-2492,DONE,2026-07-11 03:09:59,USR-71186
PROF-3942,TO_DO,2026-06-24 23:22:21,USR-41946
PROF-3942,IN_PROGRESS,2026-06-25 07:22:21,USR-41946
PROF-3942,IN_REVIEW,2026-06-26 10:22:21,USR-41946
PROF-3942,DONE,2026-06-28 08:22:21,USR-41946
PROF-3587,TO_DO,2026-07-01 07:05:44,USR-25292
PROF-3587,IN_PROGRESS,2026-07-02 16:05:44,USR-25292
PROF-3587,IN_REVIEW,2026-07-03 20:05:44,USR-25292
PROF-3587,DONE,2026-07-05 09:05:44,USR-25292
WIN-2253,TO_DO,2026-09-03 19:55:45,USR-29142
WIN-2253,IN_PROGRESS,2026-09-04 10:55:45,USR-29142
WIN-2253,IN_REVIEW,2026-09-05 20:55:45,USR-29142
WIN-2253,DONE,2026-09-06 00:55:45,USR-29142
DEVE-2199,TO_DO,2025-12-03 20:01:40,USR-28140
DEVE-2199,IN_PROGRESS,2025-12-04 10:01:40,USR-28140
DEVE-2199,IN_REVIEW,2025-12-05 13:01:40,USR-28140
DEVE-2199,DONE,2025-12-05 17:01:40,USR-28140
CHOI-2878,TO_DO,2026-04-07 09:06:33,USR-41499
CHOI-2878,IN_PROGRESS,2026-04-07 15:06:33,USR-41499
CHOI-2878,IN_REVIEW,2026-04-07 22:06:33,USR-41499
CHOI-2878,DONE,2026-04-09 11:06:33,USR-41499
PROF-8171,TO_DO,2026-08-26 01:58:27,USR-65255
PROF-8171,IN_PROGRESS,2026-08-26 09:58:27,USR-65255
PROF-8171,IN_REVIEW,2026-08-26 22:58:27,USR-65255
PROF-8171,DONE,2026-08-27 18:58:27,USR-65255
PROF-8171,REOPENED,2026-08-28 03:58:27,USR-52101
PROF-8171,IN_PROGRESS,2026-08-28 21:58:27,USR-65255
PROF-8171,DONE,2026-08-30 02:58:27,USR-65255
ANIM-2271,TO_DO,2026-05-30 01:37:56,USR-92306
ANIM-2271,IN_PROGRESS,2026-05-30 16:37:56,USR-92306
ANIM-2271,IN_REVIEW,2026-06-01 15:37:56,USR-92306
ANIM-2271,DONE,2026-06-01 19:37:56,USR-92306
LIST-4541,TO_DO,2026-09-08 13:17:15,USR-60181
LIST-4541,IN_PROGRESS,2026-09-09 15:17:15,USR-60181
LIST-4541,IN_REVIEW,2026-09-11 13:17:15,USR-60181
LIST-4541,DONE,2026-09-12 10:17:15,USR-60181
DEVE-1076,TO_DO,2026-03-02 02:11:15,USR-47601
DEVE-1076,IN_PROGRESS,2026-03-02 16:11:15,USR-47601
DEVE-1076,IN_REVIEW,2026-03-02 23:11:15,USR-47601
DEVE-1076,DONE,2026-03-03 02:11:15,USR-47601
DEVE-1076,REOPENED,2026-03-04 06:11:15,USR-69510
DEVE-1076,IN_PROGRESS,2026-03-04 07:11:15,USR-47601
DEVE-1076,DONE,2026-03-04 11:11:15,USR-47601
WIN-4148,TO_DO,2026-09-16 13:26:06,USR-32241
WIN-4148,IN_PROGRESS,2026-09-16 17:26:06,USR-32241
WIN-4148,IN_REVIEW,2026-09-17 21:26:06,USR-32241
WIN-4148,DONE,2026-09-19 07:26:06,USR-32241
WIN-6286,TO_DO,2026-04-23 06:30:25,USR-50499
WIN-6286,IN_PROGRESS,2026-04-23 22:30:25,USR-50499
WIN-6286,IN_REVIEW,2026-04-24 13:30:25,USR-50499
WIN-6286,DONE,2026-04-24 21:30:25,USR-50499
WIN-3844,TO_DO,2026-03-14 11:26:35,USR-70910
WIN-3844,IN_PROGRESS,2026-03-14 17:26:35,USR-70910
WIN-3844,IN_REVIEW,2026-03-16 13:26:35,USR-70910
WIN-3844,DONE,2026-03-17 08:26:35,USR-70910
WIN-3844,REOPENED,2026-03-19 03:26:35,USR-19447
WIN-3844,IN_PROGRESS,2026-03-19 23:26:35,USR-70910
WIN-3844,DONE,2026-03-21 02:26:35,USR-70910
DEVE-2103,TO_DO,2025-12-09 13:32:04,USR-96706
DEVE-2103,IN_PROGRESS,2025-12-11 03:32:04,USR-96706
DEVE-2103,IN_REVIEW,2025-12-11 15:32:04,USR-96706
DEVE-2103,DONE,2025-12-12 09:32:04,USR-96706
CONF-6314,TO_DO,2025-12-13 05:22:49,USR-49857
CONF-6314,IN_PROGRESS,2025-12-14 23:22:49,USR-49857
CONF-6314,IN_REVIEW,2025-12-16 21:22:49,USR-49857
CONF-6314,DONE,2025-12-17 19:22:49,USR-49857
TERM-2106,TO_DO,2026-07-15 15:18:24,USR-16632
TERM-2106,IN_PROGRESS,2026-07-17 01:18:24,USR-16632
TERM-2106,IN_REVIEW,2026-07-18 16:18:24,USR-16632
TERM-2106,DONE,2026-07-20 15:18:24,USR-16632
PROF-1347,TO_DO,2025-10-05 03:47:39,USR-86569
PROF-1347,IN_PROGRESS,2025-10-06 20:47:39,USR-86569
PROF-1347,IN_REVIEW,2025-10-07 03:47:39,USR-86569
PROF-1347,DONE,2025-10-07 08:47:39,USR-86569
WIN-9171,TO_DO,2026-06-17 08:57:06,USR-14278
WIN-9171,IN_PROGRESS,2026-06-18 14:57:06,USR-14278
WIN-9171,IN_REVIEW,2026-06-19 13:57:06,USR-14278
WIN-9171,DONE,2026-06-19 23:57:06,USR-14278
WIN-1648,TO_DO,2026-03-12 12:45:47,USR-17104
WIN-1648,IN_PROGRESS,2026-03-14 12:45:47,USR-17104
WIN-1648,IN_REVIEW,2026-03-15 11:45:47,USR-17104
WIN-1648,DONE,2026-03-16 10:45:47,USR-17104
PROF-9836,TO_DO,2026-01-07 06:55:32,USR-87184
PROF-9836,IN_PROGRESS,2026-01-08 22:55:32,USR-87184
PROF-9836,IN_REVIEW,2026-01-10 00:55:32,USR-87184
PROF-9836,DONE,2026-01-11 11:55:32,USR-87184
PROF-9836,REOPENED,2026-01-12 09:55:32,USR-75308
PROF-9836,IN_PROGRESS,2026-01-12 15:55:32,USR-87184
PROF-9836,DONE,2026-01-13 23:55:32,USR-87184
DEVE-2058,TO_DO,2026-07-07 14:59:29,USR-90356
DEVE-2058,IN_PROGRESS,2026-07-08 00:59:29,USR-90356
DEVE-2058,IN_REVIEW,2026-07-08 07:59:29,USR-90356
DEVE-2058,DONE,2026-07-08 20:59:29,USR-90356
LIST-4348,TO_DO,2026-01-11 07:13:00,USR-24871
LIST-4348,IN_PROGRESS,2026-01-12 00:13:00,USR-24871
LIST-4348,IN_REVIEW,2026-01-13 05:13:00,USR-24871
LIST-4348,DONE,2026-01-13 18:13:00,USR-24871
PROF-5966,TO_DO,2026-03-04 02:55:34,USR-72245
PROF-5966,IN_PROGRESS,2026-03-04 09:55:34,USR-72245
PROF-5966,IN_REVIEW,2026-03-05 10:55:34,USR-72245
PROF-5966,DONE,2026-03-06 13:55:34,USR-72245
ANIM-8712,TO_DO,2026-01-23 02:49:46,USR-56346
ANIM-8712,IN_PROGRESS,2026-01-23 05:49:46,USR-56346
ANIM-8712,IN_REVIEW,2026-01-24 07:49:46,USR-56346
ANIM-8712,DONE,2026-01-25 12:49:46,USR-56346
CHOI-9801,TO_DO,2026-01-29 03:46:28,USR-41029
CHOI-9801,IN_PROGRESS,2026-01-29 23:46:28,USR-41029
CHOI-9801,IN_REVIEW,2026-01-31 01:46:28,USR-41029
CHOI-9801,DONE,2026-02-01 14:46:28,USR-41029
TERM-2178,TO_DO,2026-01-29 20:32:23,USR-21846
TERM-2178,IN_PROGRESS,2026-01-31 06:32:23,USR-21846
TERM-2178,IN_REVIEW,2026-02-02 06:32:23,USR-21846
TERM-2178,DONE,2026-02-04 06:32:23,USR-21846
TERM-7628,TO_DO,2026-04-05 17:45:43,USR-85392
TERM-7628,IN_PROGRESS,2026-04-07 12:45:43,USR-85392
TERM-7628,IN_REVIEW,2026-04-09 03:45:43,USR-85392
TERM-7628,DONE,2026-04-09 09:45:43,USR-85392
DEVE-3039,TO_DO,2026-02-13 23:23:07,USR-31178
DEVE-3039,IN_PROGRESS,2026-02-15 09:23:07,USR-31178
DEVE-3039,IN_REVIEW,2026-02-17 08:23:07,USR-31178
DEVE-3039,DONE,2026-02-18 17:23:07,USR-31178
WIN-1945,TO_DO,2025-10-30 19:41:41,USR-82384
WIN-1945,IN_PROGRESS,2025-10-31 20:41:41,USR-82384
WIN-1945,IN_REVIEW,2025-11-02 14:41:41,USR-82384
WIN-1945,DONE,2025-11-04 13:41:41,USR-82384
DEVE-3422,TO_DO,2026-09-16 04:44:44,USR-27961
DEVE-3422,IN_PROGRESS,2026-09-17 19:44:44,USR-27961
DEVE-3422,IN_REVIEW,2026-09-19 15:44:44,USR-27961
DEVE-3422,DONE,2026-09-20 03:44:44,USR-27961
THES-2512,TO_DO,2026-01-22 00:36:18,USR-31747
THES-2512,IN_PROGRESS,2026-01-23 11:36:18,USR-31747
THES-2512,IN_REVIEW,2026-01-24 01:36:18,USR-31747
THES-2512,DONE,2026-01-25 06:36:18,USR-31747
ORGA-5143,TO_DO,2026-09-02 13:34:33,USR-72245
ORGA-5143,IN_PROGRESS,2026-09-04 13:34:33,USR-72245
ORGA-5143,IN_REVIEW,2026-09-05 17:34:33,USR-72245
ORGA-5143,DONE,2026-09-07 17:34:33,USR-72245
THES-6642,TO_DO,2026-04-10 15:02:41,USR-36174
THES-6642,IN_PROGRESS,2026-04-10 17:02:41,USR-36174
THES-6642,IN_REVIEW,2026-04-11 05:02:41,USR-36174
THES-6642,DONE,2026-04-12 14:02:41,USR-36174
THES-2144,TO_DO,2026-01-17 10:26:03,USR-83048
THES-2144,IN_PROGRESS,2026-01-17 22:26:03,USR-83048
THES-2144,IN_REVIEW,2026-01-18 11:26:03,USR-83048
THES-2144,DONE,2026-01-19 12:26:03,USR-83048
ANIM-4244,TO_DO,2025-12-09 19:20:57,USR-29521
ANIM-4244,IN_PROGRESS,2025-12-10 08:20:57,USR-29521
ANIM-4244,IN_REVIEW,2025-12-10 22:20:57,USR-29521
ANIM-4244,DONE,2025-12-11 03:20:57,USR-29521
PROF-5249,TO_DO,2026-05-03 09:30:29,USR-62488
PROF-5249,IN_PROGRESS,2026-05-03 16:30:29,USR-62488
PROF-5249,IN_REVIEW,2026-05-04 12:30:29,USR-62488
PROF-5249,DONE,2026-05-04 19:30:29,USR-62488
THES-5534,TO_DO,2026-09-03 08:57:36,USR-68138
THES-5534,IN_PROGRESS,2026-09-03 10:57:36,USR-68138
THES-5534,IN_REVIEW,2026-09-03 15:57:36,USR-68138
THES-5534,DONE,2026-09-04 10:57:36,USR-68138
THES-5534,REOPENED,2026-09-04 12:57:36,USR-99593
THES-5534,IN_PROGRESS,2026-09-05 10:57:36,USR-68138
THES-5534,DONE,2026-09-07 03:57:36,USR-68138
DEVE-2586,TO_DO,2025-12-02 09:29:37,USR-95181
DEVE-2586,IN_PROGRESS,2025-12-03 18:29:37,USR-95181
DEVE-2586,IN_REVIEW,2025-12-05 02:29:37,USR-95181
DEVE-2586,DONE,2025-12-06 01:29:37,USR-95181
ORGA-6514,TO_DO,2025-11-17 14:01:28,USR-23176
ORGA-6514,IN_PROGRESS,2025-11-18 16:01:28,USR-23176
ORGA-6514,IN_REVIEW,2025-11-20 09:01:28,USR-23176
ORGA-6514,DONE,2025-11-20 14:01:28,USR-23176
WIN-2641,TO_DO,2025-11-11 01:33:45,USR-21053
WIN-2641,IN_PROGRESS,2025-11-11 04:33:45,USR-21053
WIN-2641,IN_REVIEW,2025-11-12 20:33:45,USR-21053
WIN-2641,DONE,2025-11-13 05:33:45,USR-21053
WIN-2641,REOPENED,2025-11-14 16:33:45,USR-51553
WIN-2641,IN_PROGRESS,2025-11-15 01:33:45,USR-21053
WIN-2641,DONE,2025-11-17 01:33:45,USR-21053
PROF-7036,TO_DO,2026-01-30 23:46:38,USR-93904
PROF-7036,IN_PROGRESS,2026-01-31 01:46:38,USR-93904
PROF-7036,IN_REVIEW,2026-02-01 19:46:38,USR-93904
PROF-7036,DONE,2026-02-02 17:46:38,USR-93904
WIN-1749,TO_DO,2026-09-10 19:44:15,USR-63271
WIN-1749,IN_PROGRESS,2026-09-11 22:44:15,USR-63271
WIN-1749,IN_REVIEW,2026-09-13 15:44:15,USR-63271
WIN-1749,DONE,2026-09-13 22:44:15,USR-63271
ORGA-8800,TO_DO,2025-10-03 00:24:09,USR-32617
ORGA-8800,IN_PROGRESS,2025-10-03 14:24:09,USR-32617
ORGA-8800,IN_REVIEW,2025-10-05 13:24:09,USR-32617
ORGA-8800,DONE,2025-10-06 00:24:09,USR-32617
CONF-9267,TO_DO,2026-01-04 21:16:19,USR-86271
CONF-9267,IN_PROGRESS,2026-01-06 04:16:19,USR-86271
CONF-9267,IN_REVIEW,2026-01-06 16:16:19,USR-86271
CONF-9267,DONE,2026-01-07 22:16:19,USR-86271
CONF-9267,REOPENED,2026-01-08 07:16:19,USR-61879
CONF-9267,IN_PROGRESS,2026-01-08 23:16:19,USR-86271
CONF-9267,DONE,2026-01-10 21:16:19,USR-86271
LIST-4946,TO_DO,2025-11-26 09:19:30,USR-77621
LIST-4946,IN_PROGRESS,2025-11-28 08:19:30,USR-77621
LIST-4946,IN_REVIEW,2025-11-28 11:19:30,USR-77621
LIST-4946,DONE,2025-11-28 23:19:30,USR-77621
ORGA-5593,TO_DO,2026-08-27 20:20:46,USR-20308
ORGA-5593,IN_PROGRESS,2026-08-29 08:20:46,USR-20308
ORGA-5593,IN_REVIEW,2026-08-31 02:20:46,USR-20308
ORGA-5593,DONE,2026-09-02 02:20:46,USR-20308
THES-6452,TO_DO,2025-10-05 02:48:59,USR-57453
THES-6452,IN_PROGRESS,2025-10-07 01:48:59,USR-57453
THES-6452,IN_REVIEW,2025-10-09 01:48:59,USR-57453
THES-6452,DONE,2025-10-10 03:48:59,USR-57453
LIST-8159,TO_DO,2025-10-24 22:11:01,USR-12560
LIST-8159,IN_PROGRESS,2025-10-25 21:11:01,USR-12560
LIST-8159,IN_REVIEW,2025-10-27 12:11:01,USR-12560
LIST-8159,DONE,2025-10-28 02:11:01,USR-12560
CONF-7025,TO_DO,2026-08-06 17:40:46,USR-90356
CONF-7025,IN_PROGRESS,2026-08-06 22:40:46,USR-90356
CONF-7025,IN_REVIEW,2026-08-08 13:40:46,USR-90356
CONF-7025,DONE,2026-08-10 01:40:46,USR-90356
CONF-7025,REOPENED,2026-08-10 15:40:46,USR-42177
CONF-7025,IN_PROGRESS,2026-08-11 04:40:46,USR-90356
CONF-7025,DONE,2026-08-12 11:40:46,USR-90356
WIN-6980,TO_DO,2026-08-13 22:45:35,USR-86271
WIN-6980,IN_PROGRESS,2026-08-14 14:45:35,USR-86271
WIN-6980,IN_REVIEW,2026-08-14 22:45:35,USR-86271
WIN-6980,DONE,2026-08-16 01:45:35,USR-86271
LIST-8546,TO_DO,2026-01-01 09:21:55,USR-15100
LIST-8546,IN_PROGRESS,2026-01-01 20:21:55,USR-15100
LIST-8546,IN_REVIEW,2026-01-03 12:21:55,USR-15100
LIST-8546,DONE,2026-01-04 08:21:55,USR-15100
DEVE-6245,TO_DO,2025-09-30 14:13:12,USR-47627
DEVE-6245,IN_PROGRESS,2025-10-01 22:13:12,USR-47627
DEVE-6245,IN_REVIEW,2025-10-03 16:13:12,USR-47627
DEVE-6245,DONE,2025-10-04 07:13:12,USR-47627
CHOI-7171,TO_DO,2025-11-20 00:21:35,USR-79588
CHOI-7171,IN_PROGRESS,2025-11-21 22:21:35,USR-79588
CHOI-7171,IN_REVIEW,2025-11-22 03:21:35,USR-79588
CHOI-7171,DONE,2025-11-22 16:21:35,USR-79588
CHOI-7171,REOPENED,2025-11-24 01:21:35,USR-16265
CHOI-7171,IN_PROGRESS,2025-11-25 01:21:35,USR-79588
CHOI-7171,DONE,2025-11-26 06:21:35,USR-79588
CHOI-3608,TO_DO,2026-01-08 19:31:04,USR-52247
CHOI-3608,IN_PROGRESS,2026-01-09 22:31:04,USR-52247
CHOI-3608,IN_REVIEW,2026-01-11 01:31:04,USR-52247
CHOI-3608,DONE,2026-01-11 07:31:04,USR-52247
CHOI-5626,TO_DO,2025-12-23 01:23:15,USR-67595
CHOI-5626,IN_PROGRESS,2025-12-24 16:23:15,USR-67595
CHOI-5626,IN_REVIEW,2025-12-24 21:23:15,USR-67595
CHOI-5626,DONE,2025-12-26 20:23:15,USR-67595
TERM-3681,TO_DO,2026-01-16 08:14:30,USR-75715
TERM-3681,IN_PROGRESS,2026-01-16 22:14:30,USR-75715
TERM-3681,IN_REVIEW,2026-01-18 17:14:30,USR-75715
TERM-3681,DONE,2026-01-18 19:14:30,USR-75715
CONF-2670,TO_DO,2026-04-05 22:44:29,USR-93584
CONF-2670,IN_PROGRESS,2026-04-06 03:44:29,USR-93584
CONF-2670,IN_REVIEW,2026-04-06 11:44:29,USR-93584
CONF-2670,DONE,2026-04-07 11:44:29,USR-93584
ANIM-1859,TO_DO,2025-10-26 13:42:54,USR-33028
ANIM-1859,IN_PROGRESS,2025-10-27 06:42:54,USR-33028
ANIM-1859,IN_REVIEW,2025-10-27 10:42:54,USR-33028
ANIM-1859,DONE,2025-10-27 19:42:54,USR-33028
ANIM-1859,REOPENED,2025-10-28 12:42:54,USR-57953
ANIM-1859,IN_PROGRESS,2025-10-29 01:42:54,USR-33028
ANIM-1859,DONE,2025-10-30 12:42:54,USR-33028
CHOI-3826,TO_DO,2025-12-06 09:05:24,USR-41147
CHOI-3826,IN_PROGRESS,2025-12-08 04:05:24,USR-41147
CHOI-3826,IN_REVIEW,2025-12-09 06:05:24,USR-41147
CHOI-3826,DONE,2025-12-10 01:05:24,USR-41147
TERM-7018,TO_DO,2026-09-17 18:33:52,USR-80686
TERM-7018,IN_PROGRESS,2026-09-18 10:33:52,USR-80686
TERM-7018,IN_REVIEW,2026-09-18 13:33:52,USR-80686
TERM-7018,DONE,2026-09-20 04:33:52,USR-80686
TERM-7018,REOPENED,2026-09-21 18:33:52,USR-61173
TERM-7018,IN_PROGRESS,2026-09-22 13:33:52,USR-80686
TERM-7018,DONE,2026-09-23 23:33:52,USR-80686
CHOI-2549,TO_DO,2025-11-23 16:05:38,USR-31747
CHOI-2549,IN_PROGRESS,2025-11-25 06:05:38,USR-31747
CHOI-2549,IN_REVIEW,2025-11-25 16:05:38,USR-31747
CHOI-2549,DONE,2025-11-26 00:05:38,USR-31747
THES-9806,TO_DO,2026-03-31 17:57:03,USR-67595
THES-9806,IN_PROGRESS,2026-04-02 04:57:03,USR-67595
THES-9806,IN_REVIEW,2026-04-03 13:57:03,USR-67595
THES-9806,DONE,2026-04-03 19:57:03,USR-67595
CONF-9830,TO_DO,2026-01-30 09:43:02,USR-75570
CONF-9830,IN_PROGRESS,2026-01-30 22:43:02,USR-75570
CONF-9830,IN_REVIEW,2026-02-01 14:43:02,USR-75570
CONF-9830,DONE,2026-02-03 12:43:02,USR-75570
DEVE-8327,TO_DO,2026-06-23 05:47:31,USR-37653
DEVE-8327,IN_PROGRESS,2026-06-23 12:47:31,USR-37653
DEVE-8327,IN_REVIEW,2026-06-25 01:47:31,USR-37653
DEVE-8327,DONE,2026-06-25 19:47:31,USR-37653
THES-3043,TO_DO,2026-04-28 06:51:15,USR-49294
THES-3043,IN_PROGRESS,2026-04-28 23:51:15,USR-49294
THES-3043,IN_REVIEW,2026-04-29 20:51:15,USR-49294
THES-3043,DONE,2026-04-30 00:51:15,USR-49294
CHOI-9750,TO_DO,2026-07-25 13:00:31,USR-65615
CHOI-9750,IN_PROGRESS,2026-07-27 05:00:31,USR-65615
CHOI-9750,IN_REVIEW,2026-07-28 17:00:31,USR-65615
CHOI-9750,DONE,2026-07-30 03:00:31,USR-65615
THES-1732,TO_DO,2026-05-01 19:04:07,USR-76307
THES-1732,IN_PROGRESS,2026-05-02 10:04:07,USR-76307
THES-1732,IN_REVIEW,2026-05-04 01:04:07,USR-76307
THES-1732,DONE,2026-05-05 01:04:07,USR-76307
ANIM-7914,TO_DO,2026-01-19 09:25:09,USR-85456
ANIM-7914,IN_PROGRESS,2026-01-19 16:25:09,USR-85456
ANIM-7914,IN_REVIEW,2026-01-20 10:25:09,USR-85456
ANIM-7914,DONE,2026-01-22 07:25:09,USR-85456
ANIM-7914,REOPENED,2026-01-23 12:25:09,USR-53369
ANIM-7914,IN_PROGRESS,2026-01-24 11:25:09,USR-85456
ANIM-7914,DONE,2026-01-25 00:25:09,USR-85456
LIST-4338,TO_DO,2025-11-19 11:02:33,USR-62994
LIST-4338,IN_PROGRESS,2025-11-21 01:02:33,USR-62994
LIST-4338,IN_REVIEW,2025-11-22 21:02:33,USR-62994
LIST-4338,DONE,2025-11-24 16:02:33,USR-62994
LIST-4338,REOPENED,2025-11-26 02:02:33,USR-91006
LIST-4338,IN_PROGRESS,2025-11-26 22:02:33,USR-62994
LIST-4338,DONE,2025-11-27 12:02:33,USR-62994
ORGA-3514,TO_DO,2026-03-10 21:12:49,USR-88561
ORGA-3514,IN_PROGRESS,2026-03-11 16:12:49,USR-88561
ORGA-3514,IN_REVIEW,2026-03-12 01:12:49,USR-88561
ORGA-3514,DONE,2026-03-13 13:12:49,USR-88561
LIST-7664,TO_DO,2025-11-22 23:43:27,USR-87128
LIST-7664,IN_PROGRESS,2025-11-23 15:43:27,USR-87128
LIST-7664,IN_REVIEW,2025-11-24 10:43:27,USR-87128
LIST-7664,DONE,2025-11-24 12:43:27,USR-87128
LIST-7664,REOPENED,2025-11-24 20:43:27,USR-77154
LIST-7664,IN_PROGRESS,2025-11-25 09:43:27,USR-87128
LIST-7664,DONE,2025-11-26 03:43:27,USR-87128
ORGA-2720,TO_DO,2026-03-28 09:09:57,USR-41029
ORGA-2720,IN_PROGRESS,2026-03-28 17:09:57,USR-41029
ORGA-2720,IN_REVIEW,2026-03-30 04:09:57,USR-41029
ORGA-2720,DONE,2026-03-31 04:09:57,USR-41029
CONF-5620,TO_DO,2026-02-04 22:51:00,USR-22704
CONF-5620,IN_PROGRESS,2026-02-05 11:51:00,USR-22704
CONF-5620,IN_REVIEW,2026-02-06 11:51:00,USR-22704
CONF-5620,DONE,2026-02-08 08:51:00,USR-22704
LIST-7597,TO_DO,2026-07-15 15:42:27,USR-12560
LIST-7597,IN_PROGRESS,2026-07-17 11:42:27,USR-12560
LIST-7597,IN_REVIEW,2026-07-17 21:42:27,USR-12560
LIST-7597,DONE,2026-07-18 08:42:27,USR-12560
CONF-5380,TO_DO,2026-09-02 03:20:03,USR-64287
CONF-5380,IN_PROGRESS,2026-09-03 07:20:03,USR-64287
CONF-5380,IN_REVIEW,2026-09-05 06:20:03,USR-64287
CONF-5380,DONE,2026-09-06 13:20:03,USR-64287
CONF-5380,REOPENED,2026-09-07 02:20:03,USR-33627
CONF-5380,IN_PROGRESS,2026-09-07 17:20:03,USR-64287
CONF-5380,DONE,2026-09-08 19:20:03,USR-64287
TERM-9228,TO_DO,2025-11-01 15:33:06,USR-30181
TERM-9228,IN_PROGRESS,2025-11-03 09:33:06,USR-30181
TERM-9228,IN_REVIEW,2025-11-03 16:33:06,USR-30181
TERM-9228,DONE,2025-11-04 13:33:06,USR-30181
WIN-2476,TO_DO,2026-05-02 03:38:31,USR-23256
WIN-2476,IN_PROGRESS,2026-05-02 10:38:31,USR-23256
WIN-2476,IN_REVIEW,2026-05-03 06:38:31,USR-23256
WIN-2476,DONE,2026-05-04 19:38:31,USR-23256
DEVE-7946,TO_DO,2026-06-05 01:49:48,USR-80748
DEVE-7946,IN_PROGRESS,2026-06-06 23:49:48,USR-80748
DEVE-7946,IN_REVIEW,2026-06-07 08:49:48,USR-80748
DEVE-7946,DONE,2026-06-08 11:49:48,USR-80748
CONF-4115,TO_DO,2026-01-14 13:00:02,USR-95181
CONF-4115,IN_PROGRESS,2026-01-15 06:00:02,USR-95181
CONF-4115,IN_REVIEW,2026-01-17 02:00:02,USR-95181
CONF-4115,DONE,2026-01-18 13:00:02,USR-95181
CONF-1693,TO_DO,2026-01-24 23:50:58,USR-15482
CONF-1693,IN_PROGRESS,2026-01-26 00:50:58,USR-15482
CONF-1693,IN_REVIEW,2026-01-26 10:50:58,USR-15482
CONF-1693,DONE,2026-01-27 20:50:58,USR-15482
DEVE-7925,TO_DO,2026-05-04 06:55:45,USR-10350
DEVE-7925,IN_PROGRESS,2026-05-04 15:55:45,USR-10350
DEVE-7925,IN_REVIEW,2026-05-05 11:55:45,USR-10350
DEVE-7925,DONE,2026-05-06 08:55:45,USR-10350
CHOI-5337,TO_DO,2026-01-27 02:44:32,USR-69460
CHOI-5337,IN_PROGRESS,2026-01-28 21:44:32,USR-69460
CHOI-5337,IN_REVIEW,2026-01-30 07:44:32,USR-69460
CHOI-5337,DONE,2026-01-30 11:44:32,USR-69460
CONF-8999,TO_DO,2026-02-28 13:32:29,USR-73201
CONF-8999,IN_PROGRESS,2026-02-28 15:32:29,USR-73201
CONF-8999,IN_REVIEW,2026-03-01 15:32:29,USR-73201
CONF-8999,DONE,2026-03-03 15:32:29,USR-73201
CONF-8999,REOPENED,2026-03-04 04:32:29,USR-13478
CONF-8999,IN_PROGRESS,2026-03-04 17:32:29,USR-73201
CONF-8999,DONE,2026-03-05 19:32:29,USR-73201
DEVE-2660,TO_DO,2026-07-11 21:28:07,USR-62296
DEVE-2660,IN_PROGRESS,2026-07-13 06:28:07,USR-62296
DEVE-2660,IN_REVIEW,2026-07-13 08:28:07,USR-62296
DEVE-2660,DONE,2026-07-13 19:28:07,USR-62296
CHOI-4704,TO_DO,2026-01-17 14:45:00,USR-84177
CHOI-4704,IN_PROGRESS,2026-01-17 22:45:00,USR-84177
CHOI-4704,IN_REVIEW,2026-01-19 04:45:00,USR-84177
CHOI-4704,DONE,2026-01-21 00:45:00,USR-84177
ANIM-3291,TO_DO,2026-07-02 23:11:57,USR-40495
ANIM-3291,IN_PROGRESS,2026-07-03 19:11:57,USR-40495
ANIM-3291,IN_REVIEW,2026-07-03 23:11:57,USR-40495
ANIM-3291,DONE,2026-07-04 09:11:57,USR-40495
ORGA-6426,TO_DO,2026-04-09 18:04:40,USR-50668
ORGA-6426,IN_PROGRESS,2026-04-10 22:04:40,USR-50668
ORGA-6426,IN_REVIEW,2026-04-12 07:04:40,USR-50668
ORGA-6426,DONE,2026-04-13 20:04:40,USR-50668
ANIM-6322,TO_DO,2026-05-27 01:48:36,USR-20336
ANIM-6322,IN_PROGRESS,2026-05-27 11:48:36,USR-20336
ANIM-6322,IN_REVIEW,2026-05-27 20:48:36,USR-20336
ANIM-6322,DONE,2026-05-28 04:48:36,USR-20336
ANIM-3548,TO_DO,2025-11-25 03:07:31,USR-47601
ANIM-3548,IN_PROGRESS,2025-11-26 08:07:31,USR-47601
ANIM-3548,IN_REVIEW,2025-11-28 00:07:31,USR-47601
ANIM-3548,DONE,2025-11-28 02:07:31,USR-47601
TERM-5742,TO_DO,2026-07-27 10:14:29,USR-75799
TERM-5742,IN_PROGRESS,2026-07-27 23:14:29,USR-75799
TERM-5742,IN_REVIEW,2026-07-28 16:14:29,USR-75799
TERM-5742,DONE,2026-07-29 11:14:29,USR-75799
CHOI-5052,TO_DO,2025-10-23 09:57:20,USR-15817
CHOI-5052,IN_PROGRESS,2025-10-25 07:57:20,USR-15817
CHOI-5052,IN_REVIEW,2025-10-27 07:57:20,USR-15817
CHOI-5052,DONE,2025-10-28 17:57:20,USR-15817
ANIM-4091,TO_DO,2026-03-29 17:45:11,USR-22026
ANIM-4091,IN_PROGRESS,2026-03-30 20:45:11,USR-22026
ANIM-4091,IN_REVIEW,2026-03-31 00:45:11,USR-22026
ANIM-4091,DONE,2026-03-31 19:45:11,USR-22026
ANIM-7984,TO_DO,2026-04-04 13:32:42,USR-17716
ANIM-7984,IN_PROGRESS,2026-04-06 11:32:42,USR-17716
ANIM-7984,IN_REVIEW,2026-04-08 05:32:42,USR-17716
ANIM-7984,DONE,2026-04-08 21:32:42,USR-17716
ANIM-7984,REOPENED,2026-04-09 13:32:42,USR-10221
ANIM-7984,IN_PROGRESS,2026-04-10 00:32:42,USR-17716
ANIM-7984,DONE,2026-04-11 07:32:42,USR-17716
TERM-2005,TO_DO,2026-05-25 14:30:36,USR-24371
TERM-2005,IN_PROGRESS,2026-05-26 14:30:36,USR-24371
TERM-2005,IN_REVIEW,2026-05-28 13:30:36,USR-24371
TERM-2005,DONE,2026-05-29 17:30:36,USR-24371
WIN-1779,TO_DO,2025-10-29 08:49:46,USR-30969
WIN-1779,IN_PROGRESS,2025-10-30 16:49:46,USR-30969
WIN-1779,IN_REVIEW,2025-10-31 11:49:46,USR-30969
WIN-1779,DONE,2025-11-02 03:49:46,USR-30969
ORGA-4028,TO_DO,2026-07-11 17:39:31,USR-78494
ORGA-4028,IN_PROGRESS,2026-07-13 14:39:31,USR-78494
ORGA-4028,IN_REVIEW,2026-07-15 03:39:31,USR-78494
ORGA-4028,DONE,2026-07-15 13:39:31,USR-78494
WIN-6920,TO_DO,2026-05-06 08:40:22,USR-59941
WIN-6920,IN_PROGRESS,2026-05-06 23:40:22,USR-59941
WIN-6920,IN_REVIEW,2026-05-08 14:40:22,USR-59941
WIN-6920,DONE,2026-05-09 16:40:22,USR-59941
THES-3137,TO_DO,2026-04-22 18:16:54,USR-48890
THES-3137,IN_PROGRESS,2026-04-23 08:16:54,USR-48890
THES-3137,IN_REVIEW,2026-04-25 07:16:54,USR-48890
THES-3137,DONE,2026-04-26 13:16:54,USR-48890
THES-9955,TO_DO,2025-10-21 23:33:34,USR-33627
THES-9955,IN_PROGRESS,2025-10-22 03:33:34,USR-33627
THES-9955,IN_REVIEW,2025-10-22 13:33:34,USR-33627
THES-9955,DONE,2025-10-23 03:33:34,USR-33627
LIST-5137,TO_DO,2026-04-26 15:09:59,USR-68341
LIST-5137,IN_PROGRESS,2026-04-27 20:09:59,USR-68341
LIST-5137,IN_REVIEW,2026-04-28 02:09:59,USR-68341
LIST-5137,DONE,2026-04-29 10:09:59,USR-68341
LIST-9255,TO_DO,2026-05-18 09:05:20,USR-69441
LIST-9255,IN_PROGRESS,2026-05-19 23:05:20,USR-69441
LIST-9255,IN_REVIEW,2026-05-20 04:05:20,USR-69441
LIST-9255,DONE,2026-05-22 02:05:20,USR-69441
ORGA-9110,TO_DO,2025-10-05 20:28:59,USR-64460
ORGA-9110,IN_PROGRESS,2025-10-06 22:28:59,USR-64460
ORGA-9110,IN_REVIEW,2025-10-08 11:28:59,USR-64460
ORGA-9110,DONE,2025-10-09 13:28:59,USR-64460
CONF-5448,TO_DO,2026-06-30 12:53:20,USR-65518
CONF-5448,IN_PROGRESS,2026-07-01 22:53:20,USR-65518
CONF-5448,IN_REVIEW,2026-07-03 05:53:20,USR-65518
CONF-5448,DONE,2026-07-04 15:53:20,USR-65518
LIST-5240,TO_DO,2026-02-06 18:29:27,USR-92213
LIST-5240,IN_PROGRESS,2026-02-07 10:29:27,USR-92213
LIST-5240,IN_REVIEW,2026-02-07 14:29:27,USR-92213
LIST-5240,DONE,2026-02-09 02:29:27,USR-92213
CHOI-1640,TO_DO,2025-11-28 08:22:22,USR-45972
CHOI-1640,IN_PROGRESS,2025-11-30 03:22:22,USR-45972
CHOI-1640,IN_REVIEW,2025-11-30 20:22:22,USR-45972
CHOI-1640,DONE,2025-12-01 11:22:22,USR-45972
THES-1022,TO_DO,2025-10-27 03:52:16,USR-22656
THES-1022,IN_PROGRESS,2025-10-27 21:52:16,USR-22656
THES-1022,IN_REVIEW,2025-10-29 21:52:16,USR-22656
THES-1022,DONE,2025-10-30 07:52:16,USR-22656
CONF-5831,TO_DO,2026-03-24 01:39:13,USR-56009
CONF-5831,IN_PROGRESS,2026-03-24 14:39:13,USR-56009
CONF-5831,IN_REVIEW,2026-03-25 08:39:13,USR-56009
CONF-5831,DONE,2026-03-25 11:39:13,USR-56009
CONF-2743,TO_DO,2026-01-07 00:08:24,USR-29528
CONF-2743,IN_PROGRESS,2026-01-08 13:08:24,USR-29528
CONF-2743,IN_REVIEW,2026-01-09 04:08:24,USR-29528
CONF-2743,DONE,2026-01-10 10:08:24,USR-29528
WIN-5403,TO_DO,2025-10-11 02:42:55,USR-14799
WIN-5403,IN_PROGRESS,2025-10-12 03:42:55,USR-14799
WIN-5403,IN_REVIEW,2025-10-12 14:42:55,USR-14799
WIN-5403,DONE,2025-10-13 22:42:55,USR-14799
TERM-3973,TO_DO,2025-12-19 21:11:12,USR-74752
TERM-3973,IN_PROGRESS,2025-12-21 16:11:12,USR-74752
TERM-3973,IN_REVIEW,2025-12-22 12:11:12,USR-74752
TERM-3973,DONE,2025-12-22 15:11:12,USR-74752
ANIM-3911,TO_DO,2026-01-22 04:58:04,USR-83608
ANIM-3911,IN_PROGRESS,2026-01-22 21:58:04,USR-83608
ANIM-3911,IN_REVIEW,2026-01-24 04:58:04,USR-83608
ANIM-3911,DONE,2026-01-25 23:58:04,USR-83608
THES-9630,TO_DO,2026-03-05 07:43:25,USR-14799
THES-9630,IN_PROGRESS,2026-03-05 10:43:25,USR-14799
THES-9630,IN_REVIEW,2026-03-05 19:43:25,USR-14799
THES-9630,DONE,2026-03-05 21:43:25,USR-14799
THES-9630,REOPENED,2026-03-07 16:43:25,USR-16839
THES-9630,IN_PROGRESS,2026-03-07 18:43:25,USR-14799
THES-9630,DONE,2026-03-08 06:43:25,USR-14799
PROF-2369,TO_DO,2026-03-12 07:27:57,USR-19120
PROF-2369,IN_PROGRESS,2026-03-13 19:27:57,USR-19120
PROF-2369,IN_REVIEW,2026-03-14 18:27:57,USR-19120
PROF-2369,DONE,2026-03-16 17:27:57,USR-19120
PROF-3281,TO_DO,2026-03-15 20:22:40,USR-85598
PROF-3281,IN_PROGRESS,2026-03-16 07:22:40,USR-85598
PROF-3281,IN_REVIEW,2026-03-17 00:22:40,USR-85598
PROF-3281,DONE,2026-03-17 05:22:40,USR-85598
CHOI-9906,TO_DO,2026-08-18 02:13:57,USR-44718
CHOI-9906,IN_PROGRESS,2026-08-19 06:13:57,USR-44718
CHOI-9906,IN_REVIEW,2026-08-19 17:13:57,USR-44718
CHOI-9906,DONE,2026-08-19 19:13:57,USR-44718
CHOI-9906,REOPENED,2026-08-20 11:13:57,USR-68183
CHOI-9906,IN_PROGRESS,2026-08-20 12:13:57,USR-44718
CHOI-9906,DONE,2026-08-21 06:13:57,USR-44718
ORGA-7314,TO_DO,2026-07-15 04:37:23,USR-97747
ORGA-7314,IN_PROGRESS,2026-07-16 13:37:23,USR-97747
ORGA-7314,IN_REVIEW,2026-07-17 01:37:23,USR-97747
ORGA-7314,DONE,2026-07-17 10:37:23,USR-97747
ORGA-7314,REOPENED,2026-07-18 02:37:23,USR-70260
ORGA-7314,IN_PROGRESS,2026-07-18 06:37:23,USR-97747
ORGA-7314,DONE,2026-07-19 04:37:23,USR-97747
WIN-2249,TO_DO,2026-03-22 12:05:56,USR-42530
WIN-2249,IN_PROGRESS,2026-03-23 17:05:56,USR-42530
WIN-2249,IN_REVIEW,2026-03-25 04:05:56,USR-42530
WIN-2249,DONE,2026-03-26 03:05:56,USR-42530
ANIM-7967,TO_DO,2026-08-11 13:29:28,USR-50685
ANIM-7967,IN_PROGRESS,2026-08-11 21:29:28,USR-50685
ANIM-7967,IN_REVIEW,2026-08-12 16:29:28,USR-50685
ANIM-7967,DONE,2026-08-14 01:29:28,USR-50685
WIN-5348,TO_DO,2026-08-18 13:52:49,USR-56176
WIN-5348,IN_PROGRESS,2026-08-20 08:52:49,USR-56176
WIN-5348,IN_REVIEW,2026-08-20 19:52:49,USR-56176
WIN-5348,DONE,2026-08-21 17:52:49,USR-56176
ORGA-8318,TO_DO,2026-08-19 11:10:56,USR-92478
ORGA-8318,IN_PROGRESS,2026-08-21 11:10:56,USR-92478
ORGA-8318,IN_REVIEW,2026-08-22 06:10:56,USR-92478
ORGA-8318,DONE,2026-08-22 17:10:56,USR-92478
WIN-3089,TO_DO,2025-12-10 18:21:59,USR-54657
WIN-3089,IN_PROGRESS,2025-12-12 10:21:59,USR-54657
WIN-3089,IN_REVIEW,2025-12-14 04:21:59,USR-54657
WIN-3089,DONE,2025-12-15 03:21:59,USR-54657
PROF-7278,TO_DO,2026-09-13 02:07:45,USR-14877
PROF-7278,IN_PROGRESS,2026-09-14 04:07:45,USR-14877
PROF-7278,IN_REVIEW,2026-09-14 11:07:45,USR-14877
PROF-7278,DONE,2026-09-16 02:07:45,USR-14877
ORGA-9633,TO_DO,2026-07-28 12:40:22,USR-53506
ORGA-9633,IN_PROGRESS,2026-07-29 13:40:22,USR-53506
ORGA-9633,IN_REVIEW,2026-07-29 15:40:22,USR-53506
ORGA-9633,DONE,2026-07-30 06:40:22,USR-53506
WIN-8764,TO_DO,2025-11-02 03:56:16,USR-82132
WIN-8764,IN_PROGRESS,2025-11-02 23:56:16,USR-82132
WIN-8764,IN_REVIEW,2025-11-04 06:56:16,USR-82132
WIN-8764,DONE,2025-11-04 17:56:16,USR-82132
ORGA-4973,TO_DO,2025-10-07 17:55:37,USR-82512
ORGA-4973,IN_PROGRESS,2025-10-08 19:55:37,USR-82512
ORGA-4973,IN_REVIEW,2025-10-10 19:55:37,USR-82512
ORGA-4973,DONE,2025-10-10 22:55:37,USR-82512
ORGA-7089,TO_DO,2026-02-13 00:34:27,USR-57428
ORGA-7089,IN_PROGRESS,2026-02-13 12:34:27,USR-57428
ORGA-7089,IN_REVIEW,2026-02-13 15:34:27,USR-57428
ORGA-7089,DONE,2026-02-14 02:34:27,USR-57428
ORGA-7089,REOPENED,2026-02-15 03:34:27,USR-34931
ORGA-7089,IN_PROGRESS,2026-02-15 08:34:27,USR-57428
ORGA-7089,DONE,2026-02-15 17:34:27,USR-57428
PROF-2262,TO_DO,2025-12-31 04:34:41,USR-60678
PROF-2262,IN_PROGRESS,2025-12-31 14:34:41,USR-60678
PROF-2262,IN_REVIEW,2026-01-02 01:34:41,USR-60678
PROF-2262,DONE,2026-01-03 23:34:41,USR-60678
PROF-2262,REOPENED,2026-01-04 20:34:41,USR-99051
PROF-2262,IN_PROGRESS,2026-01-05 12:34:41,USR-60678
PROF-2262,DONE,2026-01-06 18:34:41,USR-60678
WIN-8274,TO_DO,2026-05-09 22:37:02,USR-38221
WIN-8274,IN_PROGRESS,2026-05-11 14:37:02,USR-38221
WIN-8274,IN_REVIEW,2026-05-12 03:37:02,USR-38221
WIN-8274,DONE,2026-05-13 13:37:02,USR-38221
DEVE-7494,TO_DO,2026-01-06 16:36:31,USR-69898
DEVE-7494,IN_PROGRESS,2026-01-08 06:36:31,USR-69898
DEVE-7494,IN_REVIEW,2026-01-09 16:36:31,USR-69898
DEVE-7494,DONE,2026-01-10 13:36:31,USR-69898
PROF-7941,TO_DO,2026-02-25 17:09:48,USR-64596
PROF-7941,IN_PROGRESS,2026-02-26 20:09:48,USR-64596
PROF-7941,IN_REVIEW,2026-02-28 13:09:48,USR-64596
PROF-7941,DONE,2026-02-28 18:09:48,USR-64596
ORGA-4009,TO_DO,2025-10-26 13:55:37,USR-41925
ORGA-4009,IN_PROGRESS,2025-10-27 21:55:37,USR-41925
ORGA-4009,IN_REVIEW,2025-10-28 19:55:37,USR-41925
ORGA-4009,DONE,2025-10-30 14:55:37,USR-41925
ORGA-7233,TO_DO,2025-12-05 18:33:31,USR-30585
ORGA-7233,IN_PROGRESS,2025-12-06 02:33:31,USR-30585
ORGA-7233,IN_REVIEW,2025-12-06 08:33:31,USR-30585
ORGA-7233,DONE,2025-12-07 09:33:31,USR-30585
WIN-1459,TO_DO,2026-02-07 01:51:58,USR-27781
WIN-1459,IN_PROGRESS,2026-02-07 22:51:58,USR-27781
WIN-1459,IN_REVIEW,2026-02-08 12:51:58,USR-27781
WIN-1459,DONE,2026-02-10 01:51:58,USR-27781
DEVE-4937,TO_DO,2025-12-10 20:05:22,USR-56955
DEVE-4937,IN_PROGRESS,2025-12-11 00:05:22,USR-56955
DEVE-4937,IN_REVIEW,2025-12-11 05:05:22,USR-56955
DEVE-4937,DONE,2025-12-12 03:05:22,USR-56955
CHOI-1138,TO_DO,2025-12-21 06:57:48,USR-18993
CHOI-1138,IN_PROGRESS,2025-12-23 06:57:48,USR-18993
CHOI-1138,IN_REVIEW,2025-12-24 06:57:48,USR-18993
CHOI-1138,DONE,2025-12-24 16:57:48,USR-18993
THES-6428,TO_DO,2025-11-01 15:51:44,USR-56179
THES-6428,IN_PROGRESS,2025-11-01 18:51:44,USR-56179
THES-6428,IN_REVIEW,2025-11-03 09:51:44,USR-56179
THES-6428,DONE,2025-11-04 11:51:44,USR-56179
CONF-1612,TO_DO,2026-09-20 03:32:55,USR-92210
CONF-1612,IN_PROGRESS,2026-09-20 18:32:55,USR-92210
CONF-1612,IN_REVIEW,2026-09-22 15:32:55,USR-92210
CONF-1612,DONE,2026-09-24 10:32:55,USR-92210
ANIM-9218,TO_DO,2025-11-05 21:41:18,USR-97819
ANIM-9218,IN_PROGRESS,2025-11-06 07:41:18,USR-97819
ANIM-9218,IN_REVIEW,2025-11-07 06:41:18,USR-97819
ANIM-9218,DONE,2025-11-08 02:41:18,USR-97819
CONF-8059,TO_DO,2026-01-10 10:49:33,USR-89807
CONF-8059,IN_PROGRESS,2026-01-12 02:49:33,USR-89807
CONF-8059,IN_REVIEW,2026-01-12 08:49:33,USR-89807
CONF-8059,DONE,2026-01-12 19:49:33,USR-89807
CONF-8059,REOPENED,2026-01-14 09:49:33,USR-53694
CONF-8059,IN_PROGRESS,2026-01-15 06:49:33,USR-89807
CONF-8059,DONE,2026-01-16 17:49:33,USR-89807
THES-1244,TO_DO,2025-10-21 21:38:46,USR-45400
THES-1244,IN_PROGRESS,2025-10-22 19:38:46,USR-45400
THES-1244,IN_REVIEW,2025-10-23 07:38:46,USR-45400
THES-1244,DONE,2025-10-24 03:38:46,USR-45400
THES-1244,REOPENED,2025-10-24 15:38:46,USR-51553
THES-1244,IN_PROGRESS,2025-10-24 18:38:46,USR-45400
THES-1244,DONE,2025-10-25 15:38:46,USR-45400
CONF-6952,TO_DO,2026-04-20 23:14:34,USR-63964
CONF-6952,IN_PROGRESS,2026-04-22 05:14:34,USR-63964
CONF-6952,IN_REVIEW,2026-04-24 00:14:34,USR-63964
CONF-6952,DONE,2026-04-24 10:14:34,USR-63964
CONF-8999,TO_DO,2025-12-19 12:18:11,USR-97747
CONF-8999,IN_PROGRESS,2025-12-20 18:18:11,USR-97747
CONF-8999,IN_REVIEW,2025-12-21 19:18:11,USR-97747
CONF-8999,DONE,2025-12-23 05:18:11,USR-97747
CONF-8999,REOPENED,2025-12-24 22:18:11,USR-93584
CONF-8999,IN_PROGRESS,2025-12-25 09:18:11,USR-97747
CONF-8999,DONE,2025-12-26 12:18:11,USR-97747
THES-7769,TO_DO,2026-03-26 16:15:57,USR-77908
THES-7769,IN_PROGRESS,2026-03-27 09:15:57,USR-77908
THES-7769,IN_REVIEW,2026-03-29 07:15:57,USR-77908
THES-7769,DONE,2026-03-30 20:15:57,USR-77908
ANIM-2725,TO_DO,2026-01-12 22:14:27,USR-56955
ANIM-2725,IN_PROGRESS,2026-01-14 18:14:27,USR-56955
ANIM-2725,IN_REVIEW,2026-01-15 01:14:27,USR-56955
ANIM-2725,DONE,2026-01-16 01:14:27,USR-56955
TERM-9767,TO_DO,2025-12-12 21:32:13,USR-19880
TERM-9767,IN_PROGRESS,2025-12-14 02:32:13,USR-19880
TERM-9767,IN_REVIEW,2025-12-14 16:32:13,USR-19880
TERM-9767,DONE,2025-12-15 19:32:13,USR-19880
THES-6198,TO_DO,2026-03-21 18:54:16,USR-70981
THES-6198,IN_PROGRESS,2026-03-22 13:54:16,USR-70981
THES-6198,IN_REVIEW,2026-03-23 20:54:16,USR-70981
THES-6198,DONE,2026-03-24 00:54:16,USR-70981
ANIM-8699,TO_DO,2025-10-03 20:53:15,USR-37802
ANIM-8699,IN_PROGRESS,2025-10-04 01:53:15,USR-37802
ANIM-8699,IN_REVIEW,2025-10-05 02:53:15,USR-37802
ANIM-8699,DONE,2025-10-06 07:53:15,USR-37802
ANIM-8699,REOPENED,2025-10-07 15:53:15,USR-49446
ANIM-8699,IN_PROGRESS,2025-10-07 22:53:15,USR-37802
ANIM-8699,DONE,2025-10-08 05:53:15,USR-37802
PROF-1375,TO_DO,2025-10-12 03:16:06,USR-50730
PROF-1375,IN_PROGRESS,2025-10-12 14:16:06,USR-50730
PROF-1375,IN_REVIEW,2025-10-12 20:16:06,USR-50730
PROF-1375,DONE,2025-10-13 15:16:06,USR-50730
THES-5887,TO_DO,2026-07-16 15:33:45,USR-68979
THES-5887,IN_PROGRESS,2026-07-17 04:33:45,USR-68979
THES-5887,IN_REVIEW,2026-07-17 09:33:45,USR-68979
THES-5887,DONE,2026-07-17 16:33:45,USR-68979
WIN-5864,TO_DO,2026-03-22 11:39:01,USR-15938
WIN-5864,IN_PROGRESS,2026-03-24 09:39:01,USR-15938
WIN-5864,IN_REVIEW,2026-03-25 14:39:01,USR-15938
WIN-5864,DONE,2026-03-26 14:39:01,USR-15938
CONF-7375,TO_DO,2025-09-30 23:32:21,USR-28818
CONF-7375,IN_PROGRESS,2025-10-02 16:32:21,USR-28818
CONF-7375,IN_REVIEW,2025-10-03 03:32:21,USR-28818
CONF-7375,DONE,2025-10-04 01:32:21,USR-28818
WIN-1232,TO_DO,2025-12-02 00:56:26,USR-82070
WIN-1232,IN_PROGRESS,2025-12-03 21:56:26,USR-82070
WIN-1232,IN_REVIEW,2025-12-05 01:56:26,USR-82070
WIN-1232,DONE,2025-12-05 19:56:26,USR-82070
DEVE-8381,TO_DO,2025-09-28 20:41:53,USR-79615
DEVE-8381,IN_PROGRESS,2025-09-29 00:41:53,USR-79615
DEVE-8381,IN_REVIEW,2025-09-29 15:41:53,USR-79615
DEVE-8381,DONE,2025-09-30 05:41:53,USR-79615
LIST-3721,TO_DO,2026-01-23 02:49:50,USR-82529
LIST-3721,IN_PROGRESS,2026-01-24 03:49:50,USR-82529
LIST-3721,IN_REVIEW,2026-01-25 04:49:50,USR-82529
LIST-3721,DONE,2026-01-25 07:49:50,USR-82529
CHOI-9226,TO_DO,2026-06-25 06:40:10,USR-32617
CHOI-9226,IN_PROGRESS,2026-06-26 06:40:10,USR-32617
CHOI-9226,IN_REVIEW,2026-06-27 06:40:10,USR-32617
CHOI-9226,DONE,2026-06-28 18:40:10,USR-32617
LIST-6502,TO_DO,2025-11-23 10:06:54,USR-95823
LIST-6502,IN_PROGRESS,2025-11-23 22:06:54,USR-95823
LIST-6502,IN_REVIEW,2025-11-25 10:06:54,USR-95823
LIST-6502,DONE,2025-11-26 15:06:54,USR-95823
LIST-6502,REOPENED,2025-11-27 17:06:54,USR-33206
LIST-6502,IN_PROGRESS,2025-11-28 03:06:54,USR-95823
LIST-6502,DONE,2025-11-30 01:06:54,USR-95823
ORGA-5640,TO_DO,2026-01-13 21:28:43,USR-95755
ORGA-5640,IN_PROGRESS,2026-01-14 04:28:43,USR-95755
ORGA-5640,IN_REVIEW,2026-01-15 23:28:43,USR-95755
ORGA-5640,DONE,2026-01-16 02:28:43,USR-95755
ORGA-2698,TO_DO,2026-08-17 10:27:29,USR-45054
ORGA-2698,IN_PROGRESS,2026-08-19 01:27:29,USR-45054
ORGA-2698,IN_REVIEW,2026-08-19 05:27:29,USR-45054
ORGA-2698,DONE,2026-08-21 01:27:29,USR-45054
ORGA-4471,TO_DO,2025-10-20 08:22:11,USR-58147
ORGA-4471,IN_PROGRESS,2025-10-20 17:22:11,USR-58147
ORGA-4471,IN_REVIEW,2025-10-21 17:22:11,USR-58147
ORGA-4471,DONE,2025-10-23 00:22:11,USR-58147
ORGA-1124,TO_DO,2025-12-16 23:30:25,USR-40784
ORGA-1124,IN_PROGRESS,2025-12-17 20:30:25,USR-40784
ORGA-1124,IN_REVIEW,2025-12-19 00:30:25,USR-40784
ORGA-1124,DONE,2025-12-20 21:30:25,USR-40784
DEVE-7792,TO_DO,2025-11-16 10:53:35,USR-30374
DEVE-7792,IN_PROGRESS,2025-11-17 08:53:35,USR-30374
DEVE-7792,IN_REVIEW,2025-11-18 07:53:35,USR-30374
DEVE-7792,DONE,2025-11-18 19:53:35,USR-30374
DEVE-7792,REOPENED,2025-11-20 09:53:35,USR-59823
DEVE-7792,IN_PROGRESS,2025-11-20 23:53:35,USR-30374
DEVE-7792,DONE,2025-11-21 18:53:35,USR-30374
LIST-7412,TO_DO,2026-03-01 08:49:17,USR-13390
LIST-7412,IN_PROGRESS,2026-03-03 08:49:17,USR-13390
LIST-7412,IN_REVIEW,2026-03-03 21:49:17,USR-13390
LIST-7412,DONE,2026-03-05 00:49:17,USR-13390
LIST-3595,TO_DO,2025-11-05 13:57:00,USR-96057
LIST-3595,IN_PROGRESS,2025-11-06 16:57:00,USR-96057
LIST-3595,IN_REVIEW,2025-11-08 10:57:00,USR-96057
LIST-3595,DONE,2025-11-09 04:57:00,USR-96057
ANIM-6282,TO_DO,2026-03-24 22:02:42,USR-59823
ANIM-6282,IN_PROGRESS,2026-03-25 09:02:42,USR-59823
ANIM-6282,IN_REVIEW,2026-03-25 12:02:42,USR-59823
ANIM-6282,DONE,2026-03-27 05:02:42,USR-59823
LIST-2290,TO_DO,2025-11-11 21:31:17,USR-71474
LIST-2290,IN_PROGRESS,2025-11-12 10:31:17,USR-71474
LIST-2290,IN_REVIEW,2025-11-13 03:31:17,USR-71474
LIST-2290,DONE,2025-11-14 22:31:17,USR-71474
CHOI-4175,TO_DO,2025-11-03 22:19:18,USR-54791
CHOI-4175,IN_PROGRESS,2025-11-04 05:19:18,USR-54791
CHOI-4175,IN_REVIEW,2025-11-04 16:19:18,USR-54791
CHOI-4175,DONE,2025-11-06 10:19:18,USR-54791
CONF-2694,TO_DO,2026-01-19 02:58:29,USR-82264
CONF-2694,IN_PROGRESS,2026-01-19 15:58:29,USR-82264
CONF-2694,IN_REVIEW,2026-01-19 22:58:29,USR-82264
CONF-2694,DONE,2026-01-20 04:58:29,USR-82264
CONF-2694,REOPENED,2026-01-21 13:58:29,USR-24089
CONF-2694,IN_PROGRESS,2026-01-22 01:58:29,USR-82264
CONF-2694,DONE,2026-01-22 18:58:29,USR-82264
ORGA-2649,TO_DO,2026-06-18 11:31:03,USR-81118
ORGA-2649,IN_PROGRESS,2026-06-20 08:31:03,USR-81118
ORGA-2649,IN_REVIEW,2026-06-21 12:31:03,USR-81118
ORGA-2649,DONE,2026-06-22 14:31:03,USR-81118
TERM-3639,TO_DO,2025-10-17 13:55:16,USR-28830
TERM-3639,IN_PROGRESS,2025-10-17 17:55:16,USR-28830
TERM-3639,IN_REVIEW,2025-10-18 02:55:16,USR-28830
TERM-3639,DONE,2025-10-19 01:55:16,USR-28830
TERM-9953,TO_DO,2026-01-11 22:06:35,USR-41348
TERM-9953,IN_PROGRESS,2026-01-13 10:06:35,USR-41348
TERM-9953,IN_REVIEW,2026-01-13 13:06:35,USR-41348
TERM-9953,DONE,2026-01-15 00:06:35,USR-41348
TERM-9953,REOPENED,2026-01-16 10:06:35,USR-28449
TERM-9953,IN_PROGRESS,2026-01-16 15:06:35,USR-41348
TERM-9953,DONE,2026-01-17 08:06:35,USR-41348
WIN-2880,TO_DO,2026-08-12 23:31:04,USR-94659
WIN-2880,IN_PROGRESS,2026-08-13 18:31:04,USR-94659
WIN-2880,IN_REVIEW,2026-08-14 13:31:04,USR-94659
WIN-2880,DONE,2026-08-15 21:31:04,USR-94659
THES-6710,TO_DO,2026-01-16 18:47:48,USR-59192
THES-6710,IN_PROGRESS,2026-01-18 04:47:48,USR-59192
THES-6710,IN_REVIEW,2026-01-19 07:47:48,USR-59192
THES-6710,DONE,2026-01-19 21:47:48,USR-59192
ANIM-4242,TO_DO,2026-03-31 02:21:03,USR-21104
ANIM-4242,IN_PROGRESS,2026-03-31 23:21:03,USR-21104
ANIM-4242,IN_REVIEW,2026-04-01 11:21:03,USR-21104
ANIM-4242,DONE,2026-04-02 02:21:03,USR-21104
TERM-8101,TO_DO,2026-02-02 22:33:11,USR-82264
TERM-8101,IN_PROGRESS,2026-02-03 06:33:11,USR-82264
TERM-8101,IN_REVIEW,2026-02-04 22:33:11,USR-82264
TERM-8101,DONE,2026-02-06 00:33:11,USR-82264
PROF-6782,TO_DO,2026-06-17 17:16:17,USR-33652
PROF-6782,IN_PROGRESS,2026-06-19 03:16:17,USR-33652
PROF-6782,IN_REVIEW,2026-06-19 21:16:17,USR-33652
PROF-6782,DONE,2026-06-21 12:16:17,USR-33652
CHOI-9691,TO_DO,2026-04-04 13:59:44,USR-62565
CHOI-9691,IN_PROGRESS,2026-04-05 13:59:44,USR-62565
CHOI-9691,IN_REVIEW,2026-04-06 06:59:44,USR-62565
CHOI-9691,DONE,2026-04-06 12:59:44,USR-62565
WIN-7094,TO_DO,2025-12-24 14:26:12,USR-81066
WIN-7094,IN_PROGRESS,2025-12-25 05:26:12,USR-81066
WIN-7094,IN_REVIEW,2025-12-26 12:26:12,USR-81066
WIN-7094,DONE,2025-12-28 02:26:12,USR-81066
WIN-7094,REOPENED,2025-12-29 00:26:12,USR-21359
WIN-7094,IN_PROGRESS,2025-12-29 08:26:12,USR-81066
WIN-7094,DONE,2025-12-30 23:26:12,USR-81066
THES-7317,TO_DO,2026-02-10 04:09:27,USR-69609
THES-7317,IN_PROGRESS,2026-02-12 00:09:27,USR-69609
THES-7317,IN_REVIEW,2026-02-12 06:09:27,USR-69609
THES-7317,DONE,2026-02-13 20:09:27,USR-69609
ORGA-8130,TO_DO,2026-07-24 17:44:58,USR-85574
ORGA-8130,IN_PROGRESS,2026-07-24 21:44:58,USR-85574
ORGA-8130,IN_REVIEW,2026-07-25 16:44:58,USR-85574
ORGA-8130,DONE,2026-07-26 20:44:58,USR-85574
THES-8418,TO_DO,2026-02-12 15:56:04,USR-88301
THES-8418,IN_PROGRESS,2026-02-12 18:56:04,USR-88301
THES-8418,IN_REVIEW,2026-02-14 13:56:04,USR-88301
THES-8418,DONE,2026-02-16 03:56:04,USR-88301
TERM-5659,TO_DO,2026-02-20 15:47:23,USR-74451
TERM-5659,IN_PROGRESS,2026-02-22 10:47:23,USR-74451
TERM-5659,IN_REVIEW,2026-02-22 13:47:23,USR-74451
TERM-5659,DONE,2026-02-22 19:47:23,USR-74451
TERM-5659,REOPENED,2026-02-24 03:47:23,USR-72245
TERM-5659,IN_PROGRESS,2026-02-24 07:47:23,USR-74451
TERM-5659,DONE,2026-02-25 13:47:23,USR-74451
CHOI-5500,TO_DO,2026-03-20 10:08:06,USR-67963
CHOI-5500,IN_PROGRESS,2026-03-22 03:08:06,USR-67963
CHOI-5500,IN_REVIEW,2026-03-22 08:08:06,USR-67963
CHOI-5500,DONE,2026-03-23 11:08:06,USR-67963
TERM-9082,TO_DO,2025-12-09 22:54:26,USR-42495
TERM-9082,IN_PROGRESS,2025-12-10 14:54:26,USR-42495
TERM-9082,IN_REVIEW,2025-12-10 19:54:26,USR-42495
TERM-9082,DONE,2025-12-10 21:54:26,USR-42495
THES-6289,TO_DO,2025-11-13 16:43:24,USR-46208
THES-6289,IN_PROGRESS,2025-11-15 04:43:24,USR-46208
THES-6289,IN_REVIEW,2025-11-15 06:43:24,USR-46208
THES-6289,DONE,2025-11-17 04:43:24,USR-46208
CHOI-1705,TO_DO,2026-06-20 04:12:48,USR-74251
CHOI-1705,IN_PROGRESS,2026-06-21 06:12:48,USR-74251
CHOI-1705,IN_REVIEW,2026-06-22 01:12:48,USR-74251
CHOI-1705,DONE,2026-06-23 23:12:48,USR-74251
CHOI-1705,REOPENED,2026-06-24 11:12:48,USR-78069
CHOI-1705,IN_PROGRESS,2026-06-24 16:12:48,USR-74251
CHOI-1705,DONE,2026-06-26 09:12:48,USR-74251
TERM-2964,TO_DO,2026-06-11 22:33:20,USR-95717
TERM-2964,IN_PROGRESS,2026-06-13 09:33:20,USR-95717
TERM-2964,IN_REVIEW,2026-06-14 20:33:20,USR-95717
TERM-2964,DONE,2026-06-15 13:33:20,USR-95717
TERM-2964,REOPENED,2026-06-17 03:33:20,USR-28202
TERM-2964,IN_PROGRESS,2026-06-17 19:33:20,USR-95717
TERM-2964,DONE,2026-06-19 17:33:20,USR-95717
TERM-5596,TO_DO,2025-10-12 20:21:06,USR-70443
TERM-5596,IN_PROGRESS,2025-10-14 19:21:06,USR-70443
TERM-5596,IN_REVIEW,2025-10-15 02:21:06,USR-70443
TERM-5596,DONE,2025-10-16 02:21:06,USR-70443
PROF-4373,TO_DO,2026-06-10 08:38:53,USR-24366
PROF-4373,IN_PROGRESS,2026-06-11 15:38:53,USR-24366
PROF-4373,IN_REVIEW,2026-06-12 17:38:53,USR-24366
PROF-4373,DONE,2026-06-13 07:38:53,USR-24366
THES-6577,TO_DO,2026-07-28 21:49:32,USR-75799
THES-6577,IN_PROGRESS,2026-07-30 20:49:32,USR-75799
THES-6577,IN_REVIEW,2026-08-01 03:49:32,USR-75799
THES-6577,DONE,2026-08-02 22:49:32,USR-75799
LIST-2731,TO_DO,2026-05-12 05:19:55,USR-34881
LIST-2731,IN_PROGRESS,2026-05-13 15:19:55,USR-34881
LIST-2731,IN_REVIEW,2026-05-14 05:19:55,USR-34881
LIST-2731,DONE,2026-05-15 08:19:55,USR-34881
THES-5552,TO_DO,2026-06-17 10:43:20,USR-67080
THES-5552,IN_PROGRESS,2026-06-17 18:43:20,USR-67080
THES-5552,IN_REVIEW,2026-06-18 03:43:20,USR-67080
THES-5552,DONE,2026-06-18 20:43:20,USR-67080
TERM-4064,TO_DO,2026-05-03 22:38:28,USR-91018
TERM-4064,IN_PROGRESS,2026-05-05 11:38:28,USR-91018
TERM-4064,IN_REVIEW,2026-05-05 18:38:28,USR-91018
TERM-4064,DONE,2026-05-06 18:38:28,USR-91018
PROF-3467,TO_DO,2026-04-30 04:56:26,USR-92242
PROF-3467,IN_PROGRESS,2026-04-30 12:56:26,USR-92242
PROF-3467,IN_REVIEW,2026-04-30 17:56:26,USR-92242
PROF-3467,DONE,2026-05-02 12:56:26,USR-92242
ORGA-4177,TO_DO,2026-02-19 22:53:52,USR-33206
ORGA-4177,IN_PROGRESS,2026-02-21 09:53:52,USR-33206
ORGA-4177,IN_REVIEW,2026-02-22 14:53:52,USR-33206
ORGA-4177,DONE,2026-02-22 22:53:52,USR-33206
DEVE-5078,TO_DO,2026-02-11 11:58:02,USR-62565
DEVE-5078,IN_PROGRESS,2026-02-11 17:58:02,USR-62565
DEVE-5078,IN_REVIEW,2026-02-13 05:58:02,USR-62565
DEVE-5078,DONE,2026-02-13 13:58:02,USR-62565
PROF-7628,TO_DO,2025-10-31 06:51:33,USR-32241
PROF-7628,IN_PROGRESS,2025-10-31 18:51:33,USR-32241
PROF-7628,IN_REVIEW,2025-11-01 09:51:33,USR-32241
PROF-7628,DONE,2025-11-02 09:51:33,USR-32241
CHOI-5718,TO_DO,2025-11-15 08:55:44,USR-39831
CHOI-5718,IN_PROGRESS,2025-11-17 06:55:44,USR-39831
CHOI-5718,IN_REVIEW,2025-11-17 23:55:44,USR-39831
CHOI-5718,DONE,2025-11-18 11:55:44,USR-39831
THES-3730,TO_DO,2026-09-01 17:24:06,USR-23154
THES-3730,IN_PROGRESS,2026-09-02 16:24:06,USR-23154
THES-3730,IN_REVIEW,2026-09-02 19:24:06,USR-23154
THES-3730,DONE,2026-09-03 08:24:06,USR-23154
THES-3797,TO_DO,2026-01-17 19:00:52,USR-87236
THES-3797,IN_PROGRESS,2026-01-19 04:00:52,USR-87236
THES-3797,IN_REVIEW,2026-01-19 21:00:52,USR-87236
THES-3797,DONE,2026-01-21 05:00:52,USR-87236
DEVE-1284,TO_DO,2025-12-15 13:58:50,USR-25012
DEVE-1284,IN_PROGRESS,2025-12-15 21:58:50,USR-25012
DEVE-1284,IN_REVIEW,2025-12-16 05:58:50,USR-25012
DEVE-1284,DONE,2025-12-17 02:58:50,USR-25012
TERM-9039,TO_DO,2026-01-25 16:21:14,USR-95841
TERM-9039,IN_PROGRESS,2026-01-26 23:21:14,USR-95841
TERM-9039,IN_REVIEW,2026-01-27 01:21:14,USR-95841
TERM-9039,DONE,2026-01-28 01:21:14,USR-95841
WIN-9484,TO_DO,2025-10-23 00:27:02,USR-82305
WIN-9484,IN_PROGRESS,2025-10-25 00:27:02,USR-82305
WIN-9484,IN_REVIEW,2025-10-26 18:27:02,USR-82305
WIN-9484,DONE,2025-10-26 21:27:02,USR-82305
ORGA-4608,TO_DO,2025-12-31 22:46:08,USR-19710
ORGA-4608,IN_PROGRESS,2026-01-01 23:46:08,USR-19710
ORGA-4608,IN_REVIEW,2026-01-02 14:46:08,USR-19710
ORGA-4608,DONE,2026-01-02 21:46:08,USR-19710
ORGA-2768,TO_DO,2026-01-21 10:08:00,USR-84228
ORGA-2768,IN_PROGRESS,2026-01-21 23:08:00,USR-84228
ORGA-2768,IN_REVIEW,2026-01-22 17:08:00,USR-84228
ORGA-2768,DONE,2026-01-24 14:08:00,USR-84228
WIN-7406,TO_DO,2026-03-16 11:37:41,USR-59689
WIN-7406,IN_PROGRESS,2026-03-18 09:37:41,USR-59689
WIN-7406,IN_REVIEW,2026-03-19 08:37:41,USR-59689
WIN-7406,DONE,2026-03-21 01:37:41,USR-59689
ORGA-8455,TO_DO,2025-12-13 18:02:54,USR-58929
ORGA-8455,IN_PROGRESS,2025-12-15 15:02:54,USR-58929
ORGA-8455,IN_REVIEW,2025-12-16 02:02:54,USR-58929
ORGA-8455,DONE,2025-12-17 09:02:54,USR-58929
ANIM-9571,TO_DO,2026-08-03 13:49:55,USR-16629
ANIM-9571,IN_PROGRESS,2026-08-03 19:49:55,USR-16629
ANIM-9571,IN_REVIEW,2026-08-04 15:49:55,USR-16629
ANIM-9571,DONE,2026-08-04 17:49:55,USR-16629
DEVE-4560,TO_DO,2025-11-12 14:18:05,USR-51104
DEVE-4560,IN_PROGRESS,2025-11-13 14:18:05,USR-51104
DEVE-4560,IN_REVIEW,2025-11-15 10:18:05,USR-51104
DEVE-4560,DONE,2025-11-15 12:18:05,USR-51104
CHOI-3256,TO_DO,2026-02-11 16:56:07,USR-34551
CHOI-3256,IN_PROGRESS,2026-02-11 23:56:07,USR-34551
CHOI-3256,IN_REVIEW,2026-02-13 22:56:07,USR-34551
CHOI-3256,DONE,2026-02-14 17:56:07,USR-34551
PROF-8078,TO_DO,2026-02-12 21:05:28,USR-25012
PROF-8078,IN_PROGRESS,2026-02-13 14:05:28,USR-25012
PROF-8078,IN_REVIEW,2026-02-15 11:05:28,USR-25012
PROF-8078,DONE,2026-02-17 05:05:28,USR-25012
ORGA-7539,TO_DO,2026-02-10 14:16:46,USR-37631
ORGA-7539,IN_PROGRESS,2026-02-12 04:16:46,USR-37631
ORGA-7539,IN_REVIEW,2026-02-13 09:16:46,USR-37631
ORGA-7539,DONE,2026-02-15 06:16:46,USR-37631
CONF-3280,TO_DO,2026-09-17 17:52:18,USR-51904
CONF-3280,IN_PROGRESS,2026-09-18 14:52:18,USR-51904
CONF-3280,IN_REVIEW,2026-09-18 21:52:18,USR-51904
CONF-3280,DONE,2026-09-19 18:52:18,USR-51904
TERM-9942,TO_DO,2025-11-16 04:56:29,USR-26912
TERM-9942,IN_PROGRESS,2025-11-18 02:56:29,USR-26912
TERM-9942,IN_REVIEW,2025-11-19 00:56:29,USR-26912
TERM-9942,DONE,2025-11-20 10:56:29,USR-26912
WIN-8673,TO_DO,2026-07-08 13:33:17,USR-73532
WIN-8673,IN_PROGRESS,2026-07-08 16:33:17,USR-73532
WIN-8673,IN_REVIEW,2026-07-09 20:33:17,USR-73532
WIN-8673,DONE,2026-07-10 03:33:17,USR-73532
CONF-5954,TO_DO,2026-01-30 15:21:55,USR-48680
CONF-5954,IN_PROGRESS,2026-01-31 11:21:55,USR-48680
CONF-5954,IN_REVIEW,2026-01-31 16:21:55,USR-48680
CONF-5954,DONE,2026-02-01 19:21:55,USR-48680
ORGA-1097,TO_DO,2025-12-03 12:25:11,USR-33850
ORGA-1097,IN_PROGRESS,2025-12-03 17:25:11,USR-33850
ORGA-1097,IN_REVIEW,2025-12-04 12:25:11,USR-33850
ORGA-1097,DONE,2025-12-06 07:25:11,USR-33850
WIN-2595,TO_DO,2025-10-25 05:56:52,USR-86435
WIN-2595,IN_PROGRESS,2025-10-26 20:56:52,USR-86435
WIN-2595,IN_REVIEW,2025-10-28 17:56:52,USR-86435
WIN-2595,DONE,2025-10-30 03:56:52,USR-86435
DEVE-4359,TO_DO,2026-02-20 14:23:53,USR-68841
DEVE-4359,IN_PROGRESS,2026-02-21 11:23:53,USR-68841
DEVE-4359,IN_REVIEW,2026-02-23 05:23:53,USR-68841
DEVE-4359,DONE,2026-02-24 02:23:53,USR-68841
DEVE-8945,TO_DO,2026-03-15 20:34:31,USR-62565
DEVE-8945,IN_PROGRESS,2026-03-17 07:34:31,USR-62565
DEVE-8945,IN_REVIEW,2026-03-17 15:34:31,USR-62565
DEVE-8945,DONE,2026-03-18 08:34:31,USR-62565
THES-8761,TO_DO,2025-10-30 08:23:24,USR-55236
THES-8761,IN_PROGRESS,2025-10-31 16:23:24,USR-55236
THES-8761,IN_REVIEW,2025-11-01 05:23:24,USR-55236
THES-8761,DONE,2025-11-01 22:23:24,USR-55236
THES-8761,REOPENED,2025-11-03 10:23:24,USR-98835
THES-8761,IN_PROGRESS,2025-11-03 19:23:24,USR-55236
THES-8761,DONE,2025-11-05 14:23:24,USR-55236
TERM-3018,TO_DO,2026-08-28 16:16:58,USR-57400
TERM-3018,IN_PROGRESS,2026-08-29 04:16:58,USR-57400
TERM-3018,IN_REVIEW,2026-08-30 14:16:58,USR-57400
TERM-3018,DONE,2026-09-01 12:16:58,USR-57400
PROF-8801,TO_DO,2026-04-20 01:23:53,USR-39041
PROF-8801,IN_PROGRESS,2026-04-21 04:23:53,USR-39041
PROF-8801,IN_REVIEW,2026-04-22 06:23:53,USR-39041
PROF-8801,DONE,2026-04-24 04:23:53,USR-39041
TERM-7830,TO_DO,2026-08-04 06:03:23,USR-31319
TERM-7830,IN_PROGRESS,2026-08-04 08:03:23,USR-31319
TERM-7830,IN_REVIEW,2026-08-05 23:03:23,USR-31319
TERM-7830,DONE,2026-08-06 20:03:23,USR-31319
CONF-8282,TO_DO,2025-11-15 08:09:37,USR-72616
CONF-8282,IN_PROGRESS,2025-11-15 10:09:37,USR-72616
CONF-8282,IN_REVIEW,2025-11-15 22:09:37,USR-72616
CONF-8282,DONE,2025-11-16 22:09:37,USR-72616
CONF-8282,REOPENED,2025-11-18 08:09:37,USR-27139
CONF-8282,IN_PROGRESS,2025-11-19 01:09:37,USR-72616
CONF-8282,DONE,2025-11-19 18:09:37,USR-72616
WIN-9602,TO_DO,2026-09-20 02:51:06,USR-30257
WIN-9602,IN_PROGRESS,2026-09-21 01:51:06,USR-30257
WIN-9602,IN_REVIEW,2026-09-22 08:51:06,USR-30257
WIN-9602,DONE,2026-09-24 07:51:06,USR-30257
CHOI-5963,TO_DO,2026-04-22 11:49:56,USR-34881
CHOI-5963,IN_PROGRESS,2026-04-24 07:49:56,USR-34881
CHOI-5963,IN_REVIEW,2026-04-24 20:49:56,USR-34881
CHOI-5963,DONE,2026-04-26 10:49:56,USR-34881
LIST-9608,TO_DO,2026-05-11 06:28:29,USR-77715
LIST-9608,IN_PROGRESS,2026-05-12 09:28:29,USR-77715
LIST-9608,IN_REVIEW,2026-05-12 15:28:29,USR-77715
LIST-9608,DONE,2026-05-12 19:28:29,USR-77715
ANIM-4796,TO_DO,2025-10-20 00:12:52,USR-16428
ANIM-4796,IN_PROGRESS,2025-10-22 00:12:52,USR-16428
ANIM-4796,IN_REVIEW,2025-10-22 17:12:52,USR-16428
ANIM-4796,DONE,2025-10-23 01:12:52,USR-16428
ANIM-4796,REOPENED,2025-10-23 14:12:52,USR-34931
ANIM-4796,IN_PROGRESS,2025-10-24 14:12:52,USR-16428
ANIM-4796,DONE,2025-10-25 18:12:52,USR-16428
ORGA-2054,TO_DO,2026-09-16 06:04:32,USR-62565
ORGA-2054,IN_PROGRESS,2026-09-17 22:04:32,USR-62565
ORGA-2054,IN_REVIEW,2026-09-19 16:04:32,USR-62565
ORGA-2054,DONE,2026-09-19 19:04:32,USR-62565
ORGA-2054,REOPENED,2026-09-20 08:04:32,USR-51904
ORGA-2054,IN_PROGRESS,2026-09-20 19:04:32,USR-62565
ORGA-2054,DONE,2026-09-21 05:04:32,USR-62565
TERM-7187,TO_DO,2026-06-26 23:55:22,USR-65176
TERM-7187,IN_PROGRESS,2026-06-28 05:55:22,USR-65176
TERM-7187,IN_REVIEW,2026-06-30 02:55:22,USR-65176
TERM-7187,DONE,2026-06-30 22:55:22,USR-65176
TERM-7187,REOPENED,2026-07-01 14:55:22,USR-68079
TERM-7187,IN_PROGRESS,2026-07-01 21:55:22,USR-65176
TERM-7187,DONE,2026-07-02 11:55:22,USR-65176
ORGA-9659,TO_DO,2026-07-11 01:19:04,USR-77839
ORGA-9659,IN_PROGRESS,2026-07-11 16:19:04,USR-77839
ORGA-9659,IN_REVIEW,2026-07-11 20:19:04,USR-77839
ORGA-9659,DONE,2026-07-12 06:19:04,USR-77839
WIN-7685,TO_DO,2026-02-09 23:16:46,USR-12552
WIN-7685,IN_PROGRESS,2026-02-11 08:16:46,USR-12552
WIN-7685,IN_REVIEW,2026-02-11 22:16:46,USR-12552
WIN-7685,DONE,2026-02-12 13:16:46,USR-12552
TERM-9205,TO_DO,2026-07-27 13:45:20,USR-69446
TERM-9205,IN_PROGRESS,2026-07-28 18:45:20,USR-69446
TERM-9205,IN_REVIEW,2026-07-30 12:45:20,USR-69446
TERM-9205,DONE,2026-07-31 14:45:20,USR-69446
CONF-2280,TO_DO,2025-10-17 04:37:31,USR-88697
CONF-2280,IN_PROGRESS,2025-10-18 20:37:31,USR-88697
CONF-2280,IN_REVIEW,2025-10-20 08:37:31,USR-88697
CONF-2280,DONE,2025-10-21 07:37:31,USR-88697
CONF-2280,REOPENED,2025-10-21 10:37:31,USR-43681
CONF-2280,IN_PROGRESS,2025-10-21 18:37:31,USR-88697
CONF-2280,DONE,2025-10-22 16:37:31,USR-88697
CHOI-7396,TO_DO,2026-09-10 08:39:17,USR-77811
CHOI-7396,IN_PROGRESS,2026-09-11 01:39:17,USR-77811
CHOI-7396,IN_REVIEW,2026-09-12 12:39:17,USR-77811
CHOI-7396,DONE,2026-09-14 05:39:17,USR-77811
CHOI-7540,TO_DO,2026-07-14 05:37:11,USR-55015
CHOI-7540,IN_PROGRESS,2026-07-16 00:37:11,USR-55015
CHOI-7540,IN_REVIEW,2026-07-16 03:37:11,USR-55015
CHOI-7540,DONE,2026-07-16 07:37:11,USR-55015
ORGA-5274,TO_DO,2025-12-06 01:53:40,USR-95191
ORGA-5274,IN_PROGRESS,2025-12-07 21:53:40,USR-95191
ORGA-5274,IN_REVIEW,2025-12-08 02:53:40,USR-95191
ORGA-5274,DONE,2025-12-08 19:53:40,USR-95191
THES-1579,TO_DO,2026-05-20 08:07:30,USR-89463
THES-1579,IN_PROGRESS,2026-05-21 21:07:30,USR-89463
THES-1579,IN_REVIEW,2026-05-23 05:07:30,USR-89463
THES-1579,DONE,2026-05-23 15:07:30,USR-89463
DEVE-2704,TO_DO,2026-07-09 11:22:32,USR-39444
DEVE-2704,IN_PROGRESS,2026-07-10 03:22:32,USR-39444
DEVE-2704,IN_REVIEW,2026-07-10 06:22:32,USR-39444
DEVE-2704,DONE,2026-07-10 11:22:32,USR-39444
DEVE-2704,REOPENED,2026-07-10 14:22:32,USR-27927
DEVE-2704,IN_PROGRESS,2026-07-10 21:22:32,USR-39444
DEVE-2704,DONE,2026-07-12 11:22:32,USR-39444
CONF-7215,TO_DO,2026-08-30 10:02:15,USR-80284
CONF-7215,IN_PROGRESS,2026-09-01 08:02:15,USR-80284
CONF-7215,IN_REVIEW,2026-09-01 18:02:15,USR-80284
CONF-7215,DONE,2026-09-02 23:02:15,USR-80284
ORGA-3257,TO_DO,2026-09-11 15:12:51,USR-94136
ORGA-3257,IN_PROGRESS,2026-09-12 20:12:51,USR-94136
ORGA-3257,IN_REVIEW,2026-09-13 01:12:51,USR-94136
ORGA-3257,DONE,2026-09-13 18:12:51,USR-94136
ORGA-3257,REOPENED,2026-09-14 10:12:51,USR-69638
ORGA-3257,IN_PROGRESS,2026-09-14 13:12:51,USR-94136
ORGA-3257,DONE,2026-09-16 06:12:51,USR-94136
DEVE-4721,TO_DO,2025-12-25 11:23:31,USR-96341
DEVE-4721,IN_PROGRESS,2025-12-27 11:23:31,USR-96341
DEVE-4721,IN_REVIEW,2025-12-28 04:23:31,USR-96341
DEVE-4721,DONE,2025-12-28 09:23:31,USR-96341
DEVE-3076,TO_DO,2025-12-27 05:58:51,USR-94259
DEVE-3076,IN_PROGRESS,2025-12-28 01:58:51,USR-94259
DEVE-3076,IN_REVIEW,2025-12-28 11:58:51,USR-94259
DEVE-3076,DONE,2025-12-30 03:58:51,USR-94259
TERM-3005,TO_DO,2026-02-23 03:25:38,USR-51904
TERM-3005,IN_PROGRESS,2026-02-23 19:25:38,USR-51904
TERM-3005,IN_REVIEW,2026-02-25 01:25:38,USR-51904
TERM-3005,DONE,2026-02-27 00:25:38,USR-51904
WIN-5795,TO_DO,2026-08-28 00:16:00,USR-69609
WIN-5795,IN_PROGRESS,2026-08-28 08:16:00,USR-69609
WIN-5795,IN_REVIEW,2026-08-28 13:16:00,USR-69609
WIN-5795,DONE,2026-08-29 13:16:00,USR-69609
CONF-8966,TO_DO,2026-01-23 10:49:39,USR-16632
CONF-8966,IN_PROGRESS,2026-01-24 01:49:39,USR-16632
CONF-8966,IN_REVIEW,2026-01-24 10:49:39,USR-16632
CONF-8966,DONE,2026-01-25 11:49:39,USR-16632
ANIM-1587,TO_DO,2026-05-21 08:30:10,USR-49132
ANIM-1587,IN_PROGRESS,2026-05-21 12:30:10,USR-49132
ANIM-1587,IN_REVIEW,2026-05-22 07:30:10,USR-49132
ANIM-1587,DONE,2026-05-23 02:30:10,USR-49132
ORGA-5921,TO_DO,2026-08-14 23:42:47,USR-94012
ORGA-5921,IN_PROGRESS,2026-08-16 01:42:47,USR-94012
ORGA-5921,IN_REVIEW,2026-08-17 03:42:47,USR-94012
ORGA-5921,DONE,2026-08-18 09:42:47,USR-94012
PROF-4370,TO_DO,2026-06-17 05:46:31,USR-73242
PROF-4370,IN_PROGRESS,2026-06-18 17:46:31,USR-73242
PROF-4370,IN_REVIEW,2026-06-19 17:46:31,USR-73242
PROF-4370,DONE,2026-06-19 20:46:31,USR-73242
WIN-5301,TO_DO,2026-04-16 11:15:35,USR-86019
WIN-5301,IN_PROGRESS,2026-04-17 16:15:35,USR-86019
WIN-5301,IN_REVIEW,2026-04-18 21:15:35,USR-86019
WIN-5301,DONE,2026-04-20 21:15:35,USR-86019
THES-7358,TO_DO,2025-10-02 20:09:39,USR-83889
THES-7358,IN_PROGRESS,2025-10-04 20:09:39,USR-83889
THES-7358,IN_REVIEW,2025-10-06 10:09:39,USR-83889
THES-7358,DONE,2025-10-07 21:09:39,USR-83889
ANIM-7247,TO_DO,2026-02-05 00:40:15,USR-70901
ANIM-7247,IN_PROGRESS,2026-02-05 07:40:15,USR-70901
ANIM-7247,IN_REVIEW,2026-02-06 00:40:15,USR-70901
ANIM-7247,DONE,2026-02-07 12:40:15,USR-70901
WIN-7465,TO_DO,2025-11-14 05:15:40,USR-64548
WIN-7465,IN_PROGRESS,2025-11-14 07:15:40,USR-64548
WIN-7465,IN_REVIEW,2025-11-14 16:15:40,USR-64548
WIN-7465,DONE,2025-11-15 13:15:40,USR-64548
WIN-7465,REOPENED,2025-11-17 03:15:40,USR-27786
WIN-7465,IN_PROGRESS,2025-11-18 01:15:40,USR-64548
WIN-7465,DONE,2025-11-19 01:15:40,USR-64548
CHOI-3929,TO_DO,2026-03-16 18:53:35,USR-49132
CHOI-3929,IN_PROGRESS,2026-03-18 12:53:35,USR-49132
CHOI-3929,IN_REVIEW,2026-03-20 01:53:35,USR-49132
CHOI-3929,DONE,2026-03-20 16:53:35,USR-49132
DEVE-2303,TO_DO,2026-08-20 20:19:25,USR-58147
DEVE-2303,IN_PROGRESS,2026-08-21 15:19:25,USR-58147
DEVE-2303,IN_REVIEW,2026-08-22 09:19:25,USR-58147
DEVE-2303,DONE,2026-08-23 18:19:25,USR-58147
PROF-3858,TO_DO,2025-12-05 18:32:07,USR-70260
PROF-3858,IN_PROGRESS,2025-12-06 07:32:07,USR-70260
PROF-3858,IN_REVIEW,2025-12-08 04:32:07,USR-70260
PROF-3858,DONE,2025-12-09 14:32:07,USR-70260
PROF-3858,REOPENED,2025-12-10 20:32:07,USR-82910
PROF-3858,IN_PROGRESS,2025-12-11 15:32:07,USR-70260
PROF-3858,DONE,2025-12-12 15:32:07,USR-70260
DEVE-4734,TO_DO,2025-11-22 23:51:54,USR-12560
DEVE-4734,IN_PROGRESS,2025-11-24 11:51:54,USR-12560
DEVE-4734,IN_REVIEW,2025-11-26 10:51:54,USR-12560
DEVE-4734,DONE,2025-11-26 14:51:54,USR-12560
DEVE-4734,REOPENED,2025-11-28 06:51:54,USR-55851
DEVE-4734,IN_PROGRESS,2025-11-28 14:51:54,USR-12560
DEVE-4734,DONE,2025-11-29 16:51:54,USR-12560
THES-2269,TO_DO,2025-12-24 11:18:43,USR-27224
THES-2269,IN_PROGRESS,2025-12-25 12:18:43,USR-27224
THES-2269,IN_REVIEW,2025-12-27 09:18:43,USR-27224
THES-2269,DONE,2025-12-28 13:18:43,USR-27224
ORGA-5638,TO_DO,2026-08-21 01:58:05,USR-82924
ORGA-5638,IN_PROGRESS,2026-08-22 09:58:05,USR-82924
ORGA-5638,IN_REVIEW,2026-08-23 05:58:05,USR-82924
ORGA-5638,DONE,2026-08-24 22:58:05,USR-82924
ORGA-5638,REOPENED,2026-08-25 01:58:05,USR-41499
ORGA-5638,IN_PROGRESS,2026-08-25 07:58:05,USR-82924
ORGA-5638,DONE,2026-08-26 10:58:05,USR-82924
DEVE-5765,TO_DO,2025-10-27 00:31:47,USR-88301
DEVE-5765,IN_PROGRESS,2025-10-28 10:31:47,USR-88301
DEVE-5765,IN_REVIEW,2025-10-30 09:31:47,USR-88301
DEVE-5765,DONE,2025-10-31 19:31:47,USR-88301
WIN-4520,TO_DO,2026-03-11 13:40:46,USR-31417
WIN-4520,IN_PROGRESS,2026-03-11 19:40:46,USR-31417
WIN-4520,IN_REVIEW,2026-03-12 11:40:46,USR-31417
WIN-4520,DONE,2026-03-14 01:40:46,USR-31417
CONF-9982,TO_DO,2026-06-07 03:31:07,USR-91006
CONF-9982,IN_PROGRESS,2026-06-08 11:31:07,USR-91006
CONF-9982,IN_REVIEW,2026-06-10 07:31:07,USR-91006
CONF-9982,DONE,2026-06-11 18:31:07,USR-91006
TERM-6192,TO_DO,2026-09-16 01:54:38,USR-57453
TERM-6192,IN_PROGRESS,2026-09-16 17:54:38,USR-57453
TERM-6192,IN_REVIEW,2026-09-18 00:54:38,USR-57453
TERM-6192,DONE,2026-09-18 22:54:38,USR-57453
PROF-8291,TO_DO,2025-12-19 09:21:46,USR-82102
PROF-8291,IN_PROGRESS,2025-12-19 15:21:46,USR-82102
PROF-8291,IN_REVIEW,2025-12-20 16:21:46,USR-82102
PROF-8291,DONE,2025-12-22 11:21:46,USR-82102
CONF-4774,TO_DO,2025-10-26 23:14:10,USR-60328
CONF-4774,IN_PROGRESS,2025-10-28 20:14:10,USR-60328
CONF-4774,IN_REVIEW,2025-10-30 11:14:10,USR-60328
CONF-4774,DONE,2025-11-01 07:14:10,USR-60328
CONF-5264,TO_DO,2025-11-13 00:42:07,USR-21359
CONF-5264,IN_PROGRESS,2025-11-13 11:42:07,USR-21359
CONF-5264,IN_REVIEW,2025-11-15 01:42:07,USR-21359
CONF-5264,DONE,2025-11-16 10:42:07,USR-21359
PROF-3947,TO_DO,2026-09-15 18:25:29,USR-58393
PROF-3947,IN_PROGRESS,2026-09-17 17:25:29,USR-58393
PROF-3947,IN_REVIEW,2026-09-19 01:25:29,USR-58393
PROF-3947,DONE,2026-09-19 09:25:29,USR-58393
DEVE-8068,TO_DO,2025-11-10 18:24:18,USR-92447
DEVE-8068,IN_PROGRESS,2025-11-11 20:24:18,USR-92447
DEVE-8068,IN_REVIEW,2025-11-13 01:24:18,USR-92447
DEVE-8068,DONE,2025-11-14 01:24:18,USR-92447
DEVE-8068,REOPENED,2025-11-14 11:24:18,USR-58393
DEVE-8068,IN_PROGRESS,2025-11-15 00:24:18,USR-92447
DEVE-8068,DONE,2025-11-17 00:24:18,USR-92447
LIST-4955,TO_DO,2025-10-26 15:08:56,USR-42951
LIST-4955,IN_PROGRESS,2025-10-28 15:08:56,USR-42951
LIST-4955,IN_REVIEW,2025-10-28 19:08:56,USR-42951
LIST-4955,DONE,2025-10-29 01:08:56,USR-42951
TERM-7699,TO_DO,2025-11-14 14:20:50,USR-67432
TERM-7699,IN_PROGRESS,2025-11-16 14:20:50,USR-67432
TERM-7699,IN_REVIEW,2025-11-17 03:20:50,USR-67432
TERM-7699,DONE,2025-11-19 03:20:50,USR-67432
LIST-2372,TO_DO,2025-11-11 18:08:44,USR-66387
LIST-2372,IN_PROGRESS,2025-11-12 20:08:44,USR-66387
LIST-2372,IN_REVIEW,2025-11-13 18:08:44,USR-66387
LIST-2372,DONE,2025-11-15 00:08:44,USR-66387
LIST-5576,TO_DO,2026-09-04 06:16:09,USR-10726
LIST-5576,IN_PROGRESS,2026-09-05 17:16:09,USR-10726
LIST-5576,IN_REVIEW,2026-09-07 04:16:09,USR-10726
LIST-5576,DONE,2026-09-08 19:16:09,USR-10726
ORGA-5673,TO_DO,2026-04-30 07:41:24,USR-67340
ORGA-5673,IN_PROGRESS,2026-05-01 12:41:24,USR-67340
ORGA-5673,IN_REVIEW,2026-05-02 23:41:24,USR-67340
ORGA-5673,DONE,2026-05-03 18:41:24,USR-67340
CONF-6150,TO_DO,2026-08-29 14:32:54,USR-29536
CONF-6150,IN_PROGRESS,2026-08-30 06:32:54,USR-29536
CONF-6150,IN_REVIEW,2026-08-30 18:32:54,USR-29536
CONF-6150,DONE,2026-08-31 14:32:54,USR-29536
CONF-6150,REOPENED,2026-09-01 08:32:54,USR-12671
CONF-6150,IN_PROGRESS,2026-09-02 04:32:54,USR-29536
CONF-6150,DONE,2026-09-02 14:32:54,USR-29536
PROF-5565,TO_DO,2026-09-10 11:15:39,USR-94518
PROF-5565,IN_PROGRESS,2026-09-11 23:15:39,USR-94518
PROF-5565,IN_REVIEW,2026-09-13 11:15:39,USR-94518
PROF-5565,DONE,2026-09-14 01:15:39,USR-94518
PROF-5565,REOPENED,2026-09-14 03:15:39,USR-49363
PROF-5565,IN_PROGRESS,2026-09-14 19:15:39,USR-94518
PROF-5565,DONE,2026-09-15 00:15:39,USR-94518
WIN-4328,TO_DO,2026-03-20 06:38:57,USR-41186
WIN-4328,IN_PROGRESS,2026-03-21 13:38:57,USR-41186
WIN-4328,IN_REVIEW,2026-03-22 09:38:57,USR-41186
WIN-4328,DONE,2026-03-22 18:38:57,USR-41186
THES-8281,TO_DO,2026-07-05 00:05:01,USR-64921
THES-8281,IN_PROGRESS,2026-07-06 00:05:01,USR-64921
THES-8281,IN_REVIEW,2026-07-06 07:05:01,USR-64921
THES-8281,DONE,2026-07-06 23:05:01,USR-64921
THES-6359,TO_DO,2026-03-16 06:34:08,USR-59689
THES-6359,IN_PROGRESS,2026-03-18 05:34:08,USR-59689
THES-6359,IN_REVIEW,2026-03-20 03:34:08,USR-59689
THES-6359,DONE,2026-03-21 01:34:08,USR-59689
ORGA-2645,TO_DO,2026-01-20 10:07:50,USR-71385
ORGA-2645,IN_PROGRESS,2026-01-22 04:07:50,USR-71385
ORGA-2645,IN_REVIEW,2026-01-23 22:07:50,USR-71385
ORGA-2645,DONE,2026-01-24 00:07:50,USR-71385
ANIM-7163,TO_DO,2026-01-28 16:00:22,USR-40968
ANIM-7163,IN_PROGRESS,2026-01-29 05:00:22,USR-40968
ANIM-7163,IN_REVIEW,2026-01-31 05:00:22,USR-40968
ANIM-7163,DONE,2026-02-01 14:00:22,USR-40968
ANIM-4253,TO_DO,2026-07-07 19:54:51,USR-77568
ANIM-4253,IN_PROGRESS,2026-07-09 00:54:51,USR-77568
ANIM-4253,IN_REVIEW,2026-07-09 06:54:51,USR-77568
ANIM-4253,DONE,2026-07-10 15:54:51,USR-77568
CONF-4416,TO_DO,2025-11-30 06:04:32,USR-81987
CONF-4416,IN_PROGRESS,2025-11-30 23:04:32,USR-81987
CONF-4416,IN_REVIEW,2025-12-02 17:04:32,USR-81987
CONF-4416,DONE,2025-12-03 17:04:32,USR-81987
LIST-3950,TO_DO,2026-09-18 08:09:38,USR-10726
LIST-3950,IN_PROGRESS,2026-09-20 00:09:38,USR-10726
LIST-3950,IN_REVIEW,2026-09-21 00:09:38,USR-10726
LIST-3950,DONE,2026-09-22 12:09:38,USR-10726
CHOI-2581,TO_DO,2025-12-16 06:33:32,USR-20336
CHOI-2581,IN_PROGRESS,2025-12-18 02:33:32,USR-20336
CHOI-2581,IN_REVIEW,2025-12-19 07:33:32,USR-20336
CHOI-2581,DONE,2025-12-19 16:33:32,USR-20336
TERM-6224,TO_DO,2025-09-29 12:45:52,USR-18109
TERM-6224,IN_PROGRESS,2025-09-30 21:45:52,USR-18109
TERM-6224,IN_REVIEW,2025-10-02 13:45:52,USR-18109
TERM-6224,DONE,2025-10-03 17:45:52,USR-18109
PROF-1474,TO_DO,2026-08-15 16:28:30,USR-37549
PROF-1474,IN_PROGRESS,2026-08-16 10:28:30,USR-37549
PROF-1474,IN_REVIEW,2026-08-18 07:28:30,USR-37549
PROF-1474,DONE,2026-08-19 05:28:30,USR-37549
ORGA-8240,TO_DO,2026-08-28 16:23:27,USR-60351
ORGA-8240,IN_PROGRESS,2026-08-29 15:23:27,USR-60351
ORGA-8240,IN_REVIEW,2026-08-31 09:23:27,USR-60351
ORGA-8240,DONE,2026-08-31 13:23:27,USR-60351
TERM-7714,TO_DO,2025-10-27 15:35:59,USR-58393
TERM-7714,IN_PROGRESS,2025-10-29 08:35:59,USR-58393
TERM-7714,IN_REVIEW,2025-10-31 01:35:59,USR-58393
TERM-7714,DONE,2025-11-01 00:35:59,USR-58393
CONF-9843,TO_DO,2026-04-14 02:41:41,USR-91070
CONF-9843,IN_PROGRESS,2026-04-15 02:41:41,USR-91070
CONF-9843,IN_REVIEW,2026-04-16 15:41:41,USR-91070
CONF-9843,DONE,2026-04-16 21:41:41,USR-91070
CONF-9843,REOPENED,2026-04-18 16:41:41,USR-22249
CONF-9843,IN_PROGRESS,2026-04-18 18:41:41,USR-91070
CONF-9843,DONE,2026-04-20 07:41:41,USR-91070
PROF-6932,TO_DO,2026-06-27 18:41:02,USR-93130
PROF-6932,IN_PROGRESS,2026-06-28 14:41:02,USR-93130
PROF-6932,IN_REVIEW,2026-06-29 02:41:02,USR-93130
PROF-6932,DONE,2026-06-30 03:41:02,USR-93130
ORGA-4532,TO_DO,2025-11-19 02:24:20,USR-36090
ORGA-4532,IN_PROGRESS,2025-11-19 10:24:20,USR-36090
ORGA-4532,IN_REVIEW,2025-11-20 20:24:20,USR-36090
ORGA-4532,DONE,2025-11-21 23:24:20,USR-36090
DEVE-3571,TO_DO,2025-12-13 01:28:32,USR-60328
DEVE-3571,IN_PROGRESS,2025-12-13 10:28:32,USR-60328
DEVE-3571,IN_REVIEW,2025-12-14 12:28:32,USR-60328
DEVE-3571,DONE,2025-12-16 07:28:32,USR-60328
ANIM-5423,TO_DO,2025-10-23 01:33:42,USR-50306
ANIM-5423,IN_PROGRESS,2025-10-23 04:33:42,USR-50306
ANIM-5423,IN_REVIEW,2025-10-23 06:33:42,USR-50306
ANIM-5423,DONE,2025-10-24 18:33:42,USR-50306
ANIM-2565,TO_DO,2026-06-01 14:34:21,USR-88385
ANIM-2565,IN_PROGRESS,2026-06-02 19:34:21,USR-88385
ANIM-2565,IN_REVIEW,2026-06-04 05:34:21,USR-88385
ANIM-2565,DONE,2026-06-04 08:34:21,USR-88385
CHOI-8518,TO_DO,2026-04-03 07:43:40,USR-58281
CHOI-8518,IN_PROGRESS,2026-04-04 12:43:40,USR-58281
CHOI-8518,IN_REVIEW,2026-04-04 19:43:40,USR-58281
CHOI-8518,DONE,2026-04-05 11:43:40,USR-58281
LIST-5563,TO_DO,2026-07-17 03:23:19,USR-58870
LIST-5563,IN_PROGRESS,2026-07-18 12:23:19,USR-58870
LIST-5563,IN_REVIEW,2026-07-20 12:23:19,USR-58870
LIST-5563,DONE,2026-07-21 15:23:19,USR-58870
LIST-2774,TO_DO,2026-01-28 19:03:37,USR-50327
LIST-2774,IN_PROGRESS,2026-01-29 20:03:37,USR-50327
LIST-2774,IN_REVIEW,2026-01-31 04:03:37,USR-50327
LIST-2774,DONE,2026-02-01 18:03:37,USR-50327
CHOI-6446,TO_DO,2026-08-19 05:08:06,USR-92478
CHOI-6446,IN_PROGRESS,2026-08-20 14:08:06,USR-92478
CHOI-6446,IN_REVIEW,2026-08-22 05:08:06,USR-92478
CHOI-6446,DONE,2026-08-22 22:08:06,USR-92478
CHOI-6446,REOPENED,2026-08-23 05:08:06,USR-38197
CHOI-6446,IN_PROGRESS,2026-08-23 10:08:06,USR-92478
CHOI-6446,DONE,2026-08-24 15:08:06,USR-92478
CONF-8758,TO_DO,2026-05-03 07:15:33,USR-80807
CONF-8758,IN_PROGRESS,2026-05-04 11:15:33,USR-80807
CONF-8758,IN_REVIEW,2026-05-05 08:15:33,USR-80807
CONF-8758,DONE,2026-05-06 07:15:33,USR-80807
DEVE-6266,TO_DO,2026-01-09 03:32:21,USR-53228
DEVE-6266,IN_PROGRESS,2026-01-10 12:32:21,USR-53228
DEVE-6266,IN_REVIEW,2026-01-12 00:32:21,USR-53228
DEVE-6266,DONE,2026-01-13 09:32:21,USR-53228
PROF-6272,TO_DO,2025-12-16 00:34:20,USR-27322
PROF-6272,IN_PROGRESS,2025-12-17 05:34:20,USR-27322
PROF-6272,IN_REVIEW,2025-12-19 03:34:20,USR-27322
PROF-6272,DONE,2025-12-19 09:34:20,USR-27322
ANIM-1223,TO_DO,2026-07-27 00:48:32,USR-17665
ANIM-1223,IN_PROGRESS,2026-07-27 04:48:32,USR-17665
ANIM-1223,IN_REVIEW,2026-07-28 09:48:32,USR-17665
ANIM-1223,DONE,2026-07-29 18:48:32,USR-17665
LIST-8982,TO_DO,2025-12-13 00:14:04,USR-46666
LIST-8982,IN_PROGRESS,2025-12-14 05:14:04,USR-46666
LIST-8982,IN_REVIEW,2025-12-15 01:14:04,USR-46666
LIST-8982,DONE,2025-12-17 01:14:04,USR-46666
LIST-8982,REOPENED,2025-12-18 22:14:04,USR-33850
LIST-8982,IN_PROGRESS,2025-12-19 07:14:04,USR-46666
LIST-8982,DONE,2025-12-20 20:14:04,USR-46666
WIN-7088,TO_DO,2025-11-28 15:02:14,USR-19602
WIN-7088,IN_PROGRESS,2025-11-30 14:02:14,USR-19602
WIN-7088,IN_REVIEW,2025-12-01 15:02:14,USR-19602
WIN-7088,DONE,2025-12-03 02:02:14,USR-19602
CHOI-8735,TO_DO,2026-04-19 10:29:35,USR-63005
CHOI-8735,IN_PROGRESS,2026-04-19 22:29:35,USR-63005
CHOI-8735,IN_REVIEW,2026-04-21 09:29:35,USR-63005
CHOI-8735,DONE,2026-04-23 08:29:35,USR-63005
DEVE-6205,TO_DO,2025-10-06 08:36:54,USR-22903
DEVE-6205,IN_PROGRESS,2025-10-06 22:36:54,USR-22903
DEVE-6205,IN_REVIEW,2025-10-08 20:36:54,USR-22903
DEVE-6205,DONE,2025-10-09 04:36:54,USR-22903
TERM-6423,TO_DO,2026-02-20 16:31:17,USR-47667
TERM-6423,IN_PROGRESS,2026-02-21 08:31:17,USR-47667
TERM-6423,IN_REVIEW,2026-02-22 08:31:17,USR-47667
TERM-6423,DONE,2026-02-24 02:31:17,USR-47667
TERM-6423,REOPENED,2026-02-24 04:31:17,USR-50499
TERM-6423,IN_PROGRESS,2026-02-24 11:31:17,USR-47667
TERM-6423,DONE,2026-02-25 08:31:17,USR-47667
CHOI-7982,TO_DO,2026-07-20 00:35:37,USR-17894
CHOI-7982,IN_PROGRESS,2026-07-21 19:35:37,USR-17894
CHOI-7982,IN_REVIEW,2026-07-23 15:35:37,USR-17894
CHOI-7982,DONE,2026-07-24 05:35:37,USR-17894
CONF-3497,TO_DO,2026-02-25 20:10:49,USR-20735
CONF-3497,IN_PROGRESS,2026-02-27 07:10:49,USR-20735
CONF-3497,IN_REVIEW,2026-02-28 22:10:49,USR-20735
CONF-3497,DONE,2026-03-02 17:10:49,USR-20735
CONF-3497,REOPENED,2026-03-03 19:10:49,USR-86019
CONF-3497,IN_PROGRESS,2026-03-04 06:10:49,USR-20735
CONF-3497,DONE,2026-03-05 22:10:49,USR-20735
CONF-5542,TO_DO,2026-01-22 06:55:14,USR-68979
CONF-5542,IN_PROGRESS,2026-01-22 08:55:14,USR-68979
CONF-5542,IN_REVIEW,2026-01-23 00:55:14,USR-68979
CONF-5542,DONE,2026-01-23 15:55:14,USR-68979
CONF-3400,TO_DO,2026-03-12 18:11:37,USR-33850
CONF-3400,IN_PROGRESS,2026-03-13 04:11:37,USR-33850
CONF-3400,IN_REVIEW,2026-03-14 14:11:37,USR-33850
CONF-3400,DONE,2026-03-15 20:11:37,USR-33850
CONF-3400,REOPENED,2026-03-17 01:11:37,USR-59131
CONF-3400,IN_PROGRESS,2026-03-17 23:11:37,USR-33850
CONF-3400,DONE,2026-03-19 09:11:37,USR-33850
WIN-5957,TO_DO,2026-06-26 21:57:10,USR-76162
WIN-5957,IN_PROGRESS,2026-06-28 20:57:10,USR-76162
WIN-5957,IN_REVIEW,2026-06-30 04:57:10,USR-76162
WIN-5957,DONE,2026-07-01 04:57:10,USR-76162
LIST-6193,TO_DO,2026-03-21 14:06:23,USR-22656
LIST-6193,IN_PROGRESS,2026-03-23 13:06:23,USR-22656
LIST-6193,IN_REVIEW,2026-03-24 00:06:23,USR-22656
LIST-6193,DONE,2026-03-25 05:06:23,USR-22656
TERM-9029,TO_DO,2025-11-08 06:06:52,USR-46002
TERM-9029,IN_PROGRESS,2025-11-08 19:06:52,USR-46002
TERM-9029,IN_REVIEW,2025-11-08 22:06:52,USR-46002
TERM-9029,DONE,2025-11-09 23:06:52,USR-46002
WIN-7948,TO_DO,2026-08-28 19:25:11,USR-17263
WIN-7948,IN_PROGRESS,2026-08-29 09:25:11,USR-17263
WIN-7948,IN_REVIEW,2026-08-30 15:25:11,USR-17263
WIN-7948,DONE,2026-08-31 16:25:11,USR-17263
PROF-1091,TO_DO,2025-10-19 19:56:10,USR-46500
PROF-1091,IN_PROGRESS,2025-10-21 11:56:10,USR-46500
PROF-1091,IN_REVIEW,2025-10-22 06:56:10,USR-46500
PROF-1091,DONE,2025-10-22 10:56:10,USR-46500
CHOI-8843,TO_DO,2025-09-29 02:34:26,USR-54350
CHOI-8843,IN_PROGRESS,2025-09-29 05:34:26,USR-54350
CHOI-8843,IN_REVIEW,2025-10-01 04:34:26,USR-54350
CHOI-8843,DONE,2025-10-02 12:34:26,USR-54350
TERM-9033,TO_DO,2026-06-07 03:48:08,USR-33850
TERM-9033,IN_PROGRESS,2026-06-08 04:48:08,USR-33850
TERM-9033,IN_REVIEW,2026-06-08 07:48:08,USR-33850
TERM-9033,DONE,2026-06-10 00:48:08,USR-33850
ANIM-3898,TO_DO,2025-10-28 13:39:50,USR-80686
ANIM-3898,IN_PROGRESS,2025-10-29 11:39:50,USR-80686
ANIM-3898,IN_REVIEW,2025-10-29 19:39:50,USR-80686
ANIM-3898,DONE,2025-10-31 07:39:50,USR-80686
PROF-1273,TO_DO,2026-04-16 20:49:27,USR-38124
PROF-1273,IN_PROGRESS,2026-04-18 20:49:27,USR-38124
PROF-1273,IN_REVIEW,2026-04-19 21:49:27,USR-38124
PROF-1273,DONE,2026-04-21 08:49:27,USR-38124
ORGA-7821,TO_DO,2026-03-10 16:18:22,USR-48469
ORGA-7821,IN_PROGRESS,2026-03-11 03:18:22,USR-48469
ORGA-7821,IN_REVIEW,2026-03-13 03:18:22,USR-48469
ORGA-7821,DONE,2026-03-13 22:18:22,USR-48469
ANIM-8264,TO_DO,2026-03-15 01:36:12,USR-15817
ANIM-8264,IN_PROGRESS,2026-03-15 22:36:12,USR-15817
ANIM-8264,IN_REVIEW,2026-03-16 17:36:12,USR-15817
ANIM-8264,DONE,2026-03-18 06:36:12,USR-15817
ANIM-8264,REOPENED,2026-03-19 06:36:12,USR-97819
ANIM-8264,IN_PROGRESS,2026-03-19 10:36:12,USR-15817
ANIM-8264,DONE,2026-03-20 11:36:12,USR-15817
TERM-2410,TO_DO,2026-05-03 21:44:06,USR-54313
TERM-2410,IN_PROGRESS,2026-05-04 10:44:06,USR-54313
TERM-2410,IN_REVIEW,2026-05-05 08:44:06,USR-54313
TERM-2410,DONE,2026-05-06 23:44:06,USR-54313
DEVE-3774,TO_DO,2026-07-01 10:01:45,USR-73656
DEVE-3774,IN_PROGRESS,2026-07-02 07:01:45,USR-73656
DEVE-3774,IN_REVIEW,2026-07-04 04:01:45,USR-73656
DEVE-3774,DONE,2026-07-05 23:01:45,USR-73656
ANIM-6087,TO_DO,2026-08-23 23:32:58,USR-97747
ANIM-6087,IN_PROGRESS,2026-08-25 03:32:58,USR-97747
ANIM-6087,IN_REVIEW,2026-08-25 19:32:58,USR-97747
ANIM-6087,DONE,2026-08-26 09:32:58,USR-97747
ANIM-6087,REOPENED,2026-08-27 04:32:58,USR-16863
ANIM-6087,IN_PROGRESS,2026-08-27 11:32:58,USR-97747
ANIM-6087,DONE,2026-08-28 02:32:58,USR-97747
CHOI-5249,TO_DO,2025-12-05 13:08:48,USR-14117
CHOI-5249,IN_PROGRESS,2025-12-07 08:08:48,USR-14117
CHOI-5249,IN_REVIEW,2025-12-08 19:08:48,USR-14117
CHOI-5249,DONE,2025-12-10 01:08:48,USR-14117
ANIM-1601,TO_DO,2025-12-13 07:57:01,USR-87993
ANIM-1601,IN_PROGRESS,2025-12-14 07:57:01,USR-87993
ANIM-1601,IN_REVIEW,2025-12-16 02:57:01,USR-87993
ANIM-1601,DONE,2025-12-17 23:57:01,USR-87993
PROF-6606,TO_DO,2025-11-26 16:53:21,USR-58147
PROF-6606,IN_PROGRESS,2025-11-27 10:53:21,USR-58147
PROF-6606,IN_REVIEW,2025-11-28 01:53:21,USR-58147
PROF-6606,DONE,2025-11-29 08:53:21,USR-58147
DEVE-2889,TO_DO,2025-12-10 18:10:57,USR-96511
DEVE-2889,IN_PROGRESS,2025-12-11 19:10:57,USR-96511
DEVE-2889,IN_REVIEW,2025-12-13 09:10:57,USR-96511
DEVE-2889,DONE,2025-12-14 11:10:57,USR-96511
CONF-1554,TO_DO,2026-07-21 19:29:43,USR-22026
CONF-1554,IN_PROGRESS,2026-07-22 18:29:43,USR-22026
CONF-1554,IN_REVIEW,2026-07-23 17:29:43,USR-22026
CONF-1554,DONE,2026-07-25 12:29:43,USR-22026
ANIM-6865,TO_DO,2025-12-20 00:01:19,USR-74139
ANIM-6865,IN_PROGRESS,2025-12-21 07:01:19,USR-74139
ANIM-6865,IN_REVIEW,2025-12-22 22:01:19,USR-74139
ANIM-6865,DONE,2025-12-24 12:01:19,USR-74139
ORGA-7542,TO_DO,2026-02-22 15:57:41,USR-40311
ORGA-7542,IN_PROGRESS,2026-02-24 12:57:41,USR-40311
ORGA-7542,IN_REVIEW,2026-02-25 15:57:41,USR-40311
ORGA-7542,DONE,2026-02-26 12:57:41,USR-40311
PROF-9306,TO_DO,2026-09-15 01:16:36,USR-89807
PROF-9306,IN_PROGRESS,2026-09-15 13:16:36,USR-89807
PROF-9306,IN_REVIEW,2026-09-16 23:16:36,USR-89807
PROF-9306,DONE,2026-09-17 11:16:36,USR-89807
PROF-9306,REOPENED,2026-09-18 08:16:36,USR-24871
PROF-9306,IN_PROGRESS,2026-09-19 04:16:36,USR-89807
PROF-9306,DONE,2026-09-21 04:16:36,USR-89807
LIST-4251,TO_DO,2026-03-30 14:17:13,USR-58655
LIST-4251,IN_PROGRESS,2026-03-30 21:17:13,USR-58655
LIST-4251,IN_REVIEW,2026-03-31 18:17:13,USR-58655
LIST-4251,DONE,2026-04-01 05:17:13,USR-58655
TERM-7487,TO_DO,2026-04-13 16:04:48,USR-93904
TERM-7487,IN_PROGRESS,2026-04-13 23:04:48,USR-93904
TERM-7487,IN_REVIEW,2026-04-14 12:04:48,USR-93904
TERM-7487,DONE,2026-04-15 05:04:48,USR-93904
ORGA-2477,TO_DO,2026-07-24 12:05:42,USR-46002
ORGA-2477,IN_PROGRESS,2026-07-25 12:05:42,USR-46002
ORGA-2477,IN_REVIEW,2026-07-25 20:05:42,USR-46002
ORGA-2477,DONE,2026-07-27 04:05:42,USR-46002
ORGA-4481,TO_DO,2025-12-19 00:19:40,USR-47056
ORGA-4481,IN_PROGRESS,2025-12-20 02:19:40,USR-47056
ORGA-4481,IN_REVIEW,2025-12-20 12:19:40,USR-47056
ORGA-4481,DONE,2025-12-21 10:19:40,USR-47056
ORGA-6359,TO_DO,2026-05-02 14:44:53,USR-43550
ORGA-6359,IN_PROGRESS,2026-05-02 20:44:53,USR-43550
ORGA-6359,IN_REVIEW,2026-05-03 20:44:53,USR-43550
ORGA-6359,DONE,2026-05-05 05:44:53,USR-43550
CONF-1440,TO_DO,2025-10-06 18:24:46,USR-53540
CONF-1440,IN_PROGRESS,2025-10-06 20:24:46,USR-53540
CONF-1440,IN_REVIEW,2025-10-08 13:24:46,USR-53540
CONF-1440,DONE,2025-10-10 05:24:46,USR-53540
THES-4769,TO_DO,2026-09-19 11:18:46,USR-44718
THES-4769,IN_PROGRESS,2026-09-20 13:18:46,USR-44718
THES-4769,IN_REVIEW,2026-09-22 08:18:46,USR-44718
THES-4769,DONE,2026-09-22 21:18:46,USR-44718
THES-4769,REOPENED,2026-09-24 02:18:46,USR-19099
THES-4769,IN_PROGRESS,2026-09-24 07:18:46,USR-44718
THES-4769,DONE,2026-09-25 05:18:46,USR-44718
CHOI-7337,TO_DO,2026-04-19 05:20:27,USR-93886
CHOI-7337,IN_PROGRESS,2026-04-21 02:20:27,USR-93886
CHOI-7337,IN_REVIEW,2026-04-22 13:20:27,USR-93886
CHOI-7337,DONE,2026-04-22 21:20:27,USR-93886
THES-6673,TO_DO,2026-09-19 20:14:24,USR-70260
THES-6673,IN_PROGRESS,2026-09-21 10:14:24,USR-70260
THES-6673,IN_REVIEW,2026-09-22 20:14:24,USR-70260
THES-6673,DONE,2026-09-23 22:14:24,USR-70260
TERM-1189,TO_DO,2026-03-31 20:46:25,USR-76840
TERM-1189,IN_PROGRESS,2026-04-02 01:46:25,USR-76840
TERM-1189,IN_REVIEW,2026-04-02 19:46:25,USR-76840
TERM-1189,DONE,2026-04-04 13:46:25,USR-76840
CONF-8377,TO_DO,2026-08-28 04:06:42,USR-16028
CONF-8377,IN_PROGRESS,2026-08-28 13:06:42,USR-16028
CONF-8377,IN_REVIEW,2026-08-29 02:06:42,USR-16028
CONF-8377,DONE,2026-08-30 07:06:42,USR-16028
ORGA-2310,TO_DO,2025-10-11 18:37:53,USR-69898
ORGA-2310,IN_PROGRESS,2025-10-13 11:37:53,USR-69898
ORGA-2310,IN_REVIEW,2025-10-15 11:37:53,USR-69898
ORGA-2310,DONE,2025-10-16 18:37:53,USR-69898
DEVE-8614,TO_DO,2026-03-08 21:20:28,USR-72739
DEVE-8614,IN_PROGRESS,2026-03-10 18:20:28,USR-72739
DEVE-8614,IN_REVIEW,2026-03-11 19:20:28,USR-72739
DEVE-8614,DONE,2026-03-12 13:20:28,USR-72739
WIN-5852,TO_DO,2026-04-26 05:52:01,USR-58629
WIN-5852,IN_PROGRESS,2026-04-26 08:52:01,USR-58629
WIN-5852,IN_REVIEW,2026-04-27 14:52:01,USR-58629
WIN-5852,DONE,2026-04-28 12:52:01,USR-58629
DEVE-2829,TO_DO,2026-08-22 08:43:05,USR-91205
DEVE-2829,IN_PROGRESS,2026-08-23 20:43:05,USR-91205
DEVE-2829,IN_REVIEW,2026-08-24 04:43:05,USR-91205
DEVE-2829,DONE,2026-08-24 14:43:05,USR-91205
ANIM-9084,TO_DO,2026-06-12 00:11:12,USR-33519
ANIM-9084,IN_PROGRESS,2026-06-13 14:11:12,USR-33519
ANIM-9084,IN_REVIEW,2026-06-14 21:11:12,USR-33519
ANIM-9084,DONE,2026-06-15 01:11:12,USR-33519
WIN-7107,TO_DO,2026-01-08 11:52:06,USR-13492
WIN-7107,IN_PROGRESS,2026-01-09 13:52:06,USR-13492
WIN-7107,IN_REVIEW,2026-01-10 23:52:06,USR-13492
WIN-7107,DONE,2026-01-12 23:52:06,USR-13492
WIN-7107,REOPENED,2026-01-13 06:52:06,USR-97819
WIN-7107,IN_PROGRESS,2026-01-13 17:52:06,USR-13492
WIN-7107,DONE,2026-01-15 13:52:06,USR-13492
CHOI-7922,TO_DO,2026-03-04 21:08:31,USR-77568
CHOI-7922,IN_PROGRESS,2026-03-06 02:08:31,USR-77568
CHOI-7922,IN_REVIEW,2026-03-06 11:08:31,USR-77568
CHOI-7922,DONE,2026-03-07 01:08:31,USR-77568
CHOI-5967,TO_DO,2026-05-02 15:26:00,USR-99381
CHOI-5967,IN_PROGRESS,2026-05-04 05:26:00,USR-99381
CHOI-5967,IN_REVIEW,2026-05-05 13:26:00,USR-99381
CHOI-5967,DONE,2026-05-06 04:26:00,USR-99381
CHOI-4042,TO_DO,2026-09-18 11:07:29,USR-83579
CHOI-4042,IN_PROGRESS,2026-09-19 06:07:29,USR-83579
CHOI-4042,IN_REVIEW,2026-09-19 08:07:29,USR-83579
CHOI-4042,DONE,2026-09-20 12:07:29,USR-83579
DEVE-7788,TO_DO,2025-10-04 18:03:20,USR-13804
DEVE-7788,IN_PROGRESS,2025-10-05 02:03:20,USR-13804
DEVE-7788,IN_REVIEW,2025-10-05 18:03:20,USR-13804
DEVE-7788,DONE,2025-10-06 10:03:20,USR-13804
WIN-4621,TO_DO,2026-07-05 05:23:24,USR-28030
WIN-4621,IN_PROGRESS,2026-07-06 09:23:24,USR-28030
WIN-4621,IN_REVIEW,2026-07-08 03:23:24,USR-28030
WIN-4621,DONE,2026-07-09 19:23:24,USR-28030
WIN-4621,REOPENED,2026-07-10 18:23:24,USR-38569
WIN-4621,IN_PROGRESS,2026-07-11 12:23:24,USR-28030
WIN-4621,DONE,2026-07-12 16:23:24,USR-28030
TERM-1205,TO_DO,2026-07-10 14:19:46,USR-80010
TERM-1205,IN_PROGRESS,2026-07-11 05:19:46,USR-80010
TERM-1205,IN_REVIEW,2026-07-12 17:19:46,USR-80010
TERM-1205,DONE,2026-07-14 15:19:46,USR-80010
ORGA-5189,TO_DO,2026-05-04 09:11:43,USR-69250
ORGA-5189,IN_PROGRESS,2026-05-05 09:11:43,USR-69250
ORGA-5189,IN_REVIEW,2026-05-05 16:11:43,USR-69250
ORGA-5189,DONE,2026-05-06 07:11:43,USR-69250
WIN-5981,TO_DO,2026-03-16 15:59:41,USR-95461
WIN-5981,IN_PROGRESS,2026-03-18 06:59:41,USR-95461
WIN-5981,IN_REVIEW,2026-03-18 18:59:41,USR-95461
WIN-5981,DONE,2026-03-20 11:59:41,USR-95461
CONF-8070,TO_DO,2026-08-15 02:08:32,USR-19116
CONF-8070,IN_PROGRESS,2026-08-16 04:08:32,USR-19116
CONF-8070,IN_REVIEW,2026-08-17 16:08:32,USR-19116
CONF-8070,DONE,2026-08-18 02:08:32,USR-19116
CONF-3023,TO_DO,2026-06-04 19:52:19,USR-59695
CONF-3023,IN_PROGRESS,2026-06-05 22:52:19,USR-59695
CONF-3023,IN_REVIEW,2026-06-07 11:52:19,USR-59695
CONF-3023,DONE,2026-06-08 15:52:19,USR-59695
CONF-3023,REOPENED,2026-06-09 15:52:19,USR-67954
CONF-3023,IN_PROGRESS,2026-06-09 22:52:19,USR-59695
CONF-3023,DONE,2026-06-11 04:52:19,USR-59695
CONF-5569,TO_DO,2025-11-01 04:33:45,USR-38197
CONF-5569,IN_PROGRESS,2025-11-02 14:33:45,USR-38197
CONF-5569,IN_REVIEW,2025-11-04 02:33:45,USR-38197
CONF-5569,DONE,2025-11-05 14:33:45,USR-38197
PROF-7618,TO_DO,2025-11-20 05:48:51,USR-97747
PROF-7618,IN_PROGRESS,2025-11-21 01:48:51,USR-97747
PROF-7618,IN_REVIEW,2025-11-21 03:48:51,USR-97747
PROF-7618,DONE,2025-11-22 15:48:51,USR-97747
TERM-3822,TO_DO,2026-08-30 13:22:33,USR-28643
TERM-3822,IN_PROGRESS,2026-08-31 03:22:33,USR-28643
TERM-3822,IN_REVIEW,2026-09-01 21:22:33,USR-28643
TERM-3822,DONE,2026-09-02 00:22:33,USR-28643
PROF-3270,TO_DO,2026-09-12 15:01:25,USR-79163
PROF-3270,IN_PROGRESS,2026-09-13 13:01:25,USR-79163
PROF-3270,IN_REVIEW,2026-09-15 06:01:25,USR-79163
PROF-3270,DONE,2026-09-15 23:01:25,USR-79163
CONF-8731,TO_DO,2026-07-16 00:12:37,USR-44687
CONF-8731,IN_PROGRESS,2026-07-17 13:12:37,USR-44687
CONF-8731,IN_REVIEW,2026-07-18 23:12:37,USR-44687
CONF-8731,DONE,2026-07-19 13:12:37,USR-44687
TERM-7046,TO_DO,2026-06-23 15:50:09,USR-41029
TERM-7046,IN_PROGRESS,2026-06-24 11:50:09,USR-41029
TERM-7046,IN_REVIEW,2026-06-24 17:50:09,USR-41029
TERM-7046,DONE,2026-06-24 20:50:09,USR-41029
CONF-8555,TO_DO,2026-03-01 17:39:33,USR-72163
CONF-8555,IN_PROGRESS,2026-03-03 03:39:33,USR-72163
CONF-8555,IN_REVIEW,2026-03-04 22:39:33,USR-72163
CONF-8555,DONE,2026-03-05 07:39:33,USR-72163
WIN-3609,TO_DO,2025-11-07 19:55:32,USR-76809
WIN-3609,IN_PROGRESS,2025-11-09 06:55:32,USR-76809
WIN-3609,IN_REVIEW,2025-11-10 14:55:32,USR-76809
WIN-3609,DONE,2025-11-11 16:55:32,USR-76809
ORGA-5260,TO_DO,2026-01-21 16:16:32,USR-48890
ORGA-5260,IN_PROGRESS,2026-01-22 22:16:32,USR-48890
ORGA-5260,IN_REVIEW,2026-01-24 06:16:32,USR-48890
ORGA-5260,DONE,2026-01-26 06:16:32,USR-48890
CHOI-7527,TO_DO,2025-11-01 01:13:04,USR-28191
CHOI-7527,IN_PROGRESS,2025-11-02 19:13:04,USR-28191
CHOI-7527,IN_REVIEW,2025-11-04 14:13:04,USR-28191
CHOI-7527,DONE,2025-11-05 20:13:04,USR-28191
THES-2697,TO_DO,2026-06-09 17:19:06,USR-39102
THES-2697,IN_PROGRESS,2026-06-10 21:19:06,USR-39102
THES-2697,IN_REVIEW,2026-06-12 17:19:06,USR-39102
THES-2697,DONE,2026-06-13 16:19:06,USR-39102
THES-2697,REOPENED,2026-06-14 03:19:06,USR-49139
THES-2697,IN_PROGRESS,2026-06-14 11:19:06,USR-39102
THES-2697,DONE,2026-06-15 21:19:06,USR-39102
PROF-5333,TO_DO,2026-08-26 01:33:52,USR-84928
PROF-5333,IN_PROGRESS,2026-08-26 19:33:52,USR-84928
PROF-5333,IN_REVIEW,2026-08-27 18:33:52,USR-84928
PROF-5333,DONE,2026-08-28 14:33:52,USR-84928
PROF-5333,REOPENED,2026-08-30 12:33:52,USR-98895
PROF-5333,IN_PROGRESS,2026-08-31 03:33:52,USR-84928
PROF-5333,DONE,2026-09-01 04:33:52,USR-84928
TERM-5225,TO_DO,2025-09-28 20:43:48,USR-38785
TERM-5225,IN_PROGRESS,2025-09-29 12:43:48,USR-38785
TERM-5225,IN_REVIEW,2025-09-30 13:43:48,USR-38785
TERM-5225,DONE,2025-10-02 03:43:48,USR-38785
CHOI-6024,TO_DO,2026-03-25 22:37:30,USR-32871
CHOI-6024,IN_PROGRESS,2026-03-27 19:37:30,USR-32871
CHOI-6024,IN_REVIEW,2026-03-28 15:37:30,USR-32871
CHOI-6024,DONE,2026-03-29 02:37:30,USR-32871
ANIM-3400,TO_DO,2026-07-24 05:57:03,USR-31747
ANIM-3400,IN_PROGRESS,2026-07-25 20:57:03,USR-31747
ANIM-3400,IN_REVIEW,2026-07-26 17:57:03,USR-31747
ANIM-3400,DONE,2026-07-27 04:57:03,USR-31747
DEVE-5250,TO_DO,2026-04-04 14:00:51,USR-70513
DEVE-5250,IN_PROGRESS,2026-04-05 14:00:51,USR-70513
DEVE-5250,IN_REVIEW,2026-04-07 09:00:51,USR-70513
DEVE-5250,DONE,2026-04-07 20:00:51,USR-70513
LIST-6149,TO_DO,2026-02-28 13:57:18,USR-21300
LIST-6149,IN_PROGRESS,2026-03-01 21:57:18,USR-21300
LIST-6149,IN_REVIEW,2026-03-02 10:57:18,USR-21300
LIST-6149,DONE,2026-03-03 18:57:18,USR-21300
DEVE-2060,TO_DO,2026-03-15 00:52:09,USR-49363
DEVE-2060,IN_PROGRESS,2026-03-16 19:52:09,USR-49363
DEVE-2060,IN_REVIEW,2026-03-17 09:52:09,USR-49363
DEVE-2060,DONE,2026-03-18 09:52:09,USR-49363
TERM-1199,TO_DO,2026-02-24 04:01:23,USR-20345
TERM-1199,IN_PROGRESS,2026-02-26 00:01:23,USR-20345
TERM-1199,IN_REVIEW,2026-02-26 04:01:23,USR-20345
TERM-1199,DONE,2026-02-27 07:01:23,USR-20345
THES-6398,TO_DO,2025-10-29 00:54:23,USR-62184
THES-6398,IN_PROGRESS,2025-10-29 05:54:23,USR-62184
THES-6398,IN_REVIEW,2025-10-30 11:54:23,USR-62184
THES-6398,DONE,2025-11-01 01:54:23,USR-62184
PROF-5009,TO_DO,2026-05-08 03:04:04,USR-39154
PROF-5009,IN_PROGRESS,2026-05-10 01:04:04,USR-39154
PROF-5009,IN_REVIEW,2026-05-12 00:04:04,USR-39154
PROF-5009,DONE,2026-05-13 07:04:04,USR-39154
DEVE-5354,TO_DO,2026-01-05 09:25:30,USR-71474
DEVE-5354,IN_PROGRESS,2026-01-05 19:25:30,USR-71474
DEVE-5354,IN_REVIEW,2026-01-07 06:25:30,USR-71474
DEVE-5354,DONE,2026-01-08 03:25:30,USR-71474
PROF-4728,TO_DO,2026-03-29 20:25:19,USR-14082
PROF-4728,IN_PROGRESS,2026-03-30 18:25:19,USR-14082
PROF-4728,IN_REVIEW,2026-04-01 12:25:19,USR-14082
PROF-4728,DONE,2026-04-01 18:25:19,USR-14082
TERM-2907,TO_DO,2026-08-30 22:33:30,USR-85574
TERM-2907,IN_PROGRESS,2026-09-01 07:33:30,USR-85574
TERM-2907,IN_REVIEW,2026-09-02 04:33:30,USR-85574
TERM-2907,DONE,2026-09-03 18:33:30,USR-85574
CONF-8041,TO_DO,2025-12-12 16:31:42,USR-97833
CONF-8041,IN_PROGRESS,2025-12-13 23:31:42,USR-97833
CONF-8041,IN_REVIEW,2025-12-14 01:31:42,USR-97833
CONF-8041,DONE,2025-12-14 19:31:42,USR-97833
CONF-5435,TO_DO,2026-02-16 12:17:59,USR-68743
CONF-5435,IN_PROGRESS,2026-02-17 06:17:59,USR-68743
CONF-5435,IN_REVIEW,2026-02-18 18:17:59,USR-68743
CONF-5435,DONE,2026-02-19 11:17:59,USR-68743
CHOI-9242,TO_DO,2026-02-05 00:00:46,USR-11934
CHOI-9242,IN_PROGRESS,2026-02-06 08:00:46,USR-11934
CHOI-9242,IN_REVIEW,2026-02-07 17:00:46,USR-11934
CHOI-9242,DONE,2026-02-08 05:00:46,USR-11934
THES-8078,TO_DO,2026-03-19 10:50:27,USR-95755
THES-8078,IN_PROGRESS,2026-03-19 23:50:27,USR-95755
THES-8078,IN_REVIEW,2026-03-20 13:50:27,USR-95755
THES-8078,DONE,2026-03-20 21:50:27,USR-95755
PROF-6033,TO_DO,2025-12-03 23:56:14,USR-29142
PROF-6033,IN_PROGRESS,2025-12-05 16:56:14,USR-29142
PROF-6033,IN_REVIEW,2025-12-06 07:56:14,USR-29142
PROF-6033,DONE,2025-12-07 21:56:14,USR-29142
ANIM-6304,TO_DO,2026-09-08 15:21:50,USR-12719
ANIM-6304,IN_PROGRESS,2026-09-09 13:21:50,USR-12719
ANIM-6304,IN_REVIEW,2026-09-11 00:21:50,USR-12719
ANIM-6304,DONE,2026-09-12 08:21:50,USR-12719
CONF-7830,TO_DO,2026-07-08 11:47:11,USR-92544
CONF-7830,IN_PROGRESS,2026-07-09 12:47:11,USR-92544
CONF-7830,IN_REVIEW,2026-07-09 23:47:11,USR-92544
CONF-7830,DONE,2026-07-10 20:47:11,USR-92544
WIN-6166,TO_DO,2025-11-05 05:10:24,USR-40539
WIN-6166,IN_PROGRESS,2025-11-05 10:10:24,USR-40539
WIN-6166,IN_REVIEW,2025-11-06 14:10:24,USR-40539
WIN-6166,DONE,2025-11-07 14:10:24,USR-40539
ANIM-8485,TO_DO,2025-12-07 08:59:47,USR-20345
ANIM-8485,IN_PROGRESS,2025-12-08 04:59:47,USR-20345
ANIM-8485,IN_REVIEW,2025-12-09 05:59:47,USR-20345
ANIM-8485,DONE,2025-12-09 08:59:47,USR-20345
ORGA-7265,TO_DO,2026-08-01 03:56:49,USR-98652
ORGA-7265,IN_PROGRESS,2026-08-01 22:56:49,USR-98652
ORGA-7265,IN_REVIEW,2026-08-02 06:56:49,USR-98652
ORGA-7265,DONE,2026-08-02 12:56:49,USR-98652
ANIM-6332,TO_DO,2026-06-23 13:35:12,USR-99838
ANIM-6332,IN_PROGRESS,2026-06-25 11:35:12,USR-99838
ANIM-6332,IN_REVIEW,2026-06-27 10:35:12,USR-99838
ANIM-6332,DONE,2026-06-28 19:35:12,USR-99838
CHOI-7144,TO_DO,2026-03-15 15:16:11,USR-64287
CHOI-7144,IN_PROGRESS,2026-03-16 11:16:11,USR-64287
CHOI-7144,IN_REVIEW,2026-03-16 20:16:11,USR-64287
CHOI-7144,DONE,2026-03-18 04:16:11,USR-64287
CHOI-7144,REOPENED,2026-03-18 14:16:11,USR-82512
CHOI-7144,IN_PROGRESS,2026-03-19 14:16:11,USR-64287
CHOI-7144,DONE,2026-03-19 22:16:11,USR-64287
WIN-7779,TO_DO,2026-09-15 06:05:33,USR-23577
WIN-7779,IN_PROGRESS,2026-09-15 13:05:33,USR-23577
WIN-7779,IN_REVIEW,2026-09-16 19:05:33,USR-23577
WIN-7779,DONE,2026-09-17 12:05:33,USR-23577
CONF-9955,TO_DO,2026-03-06 20:25:43,USR-88269
CONF-9955,IN_PROGRESS,2026-03-07 02:25:43,USR-88269
CONF-9955,IN_REVIEW,2026-03-09 00:25:43,USR-88269
CONF-9955,DONE,2026-03-10 23:25:43,USR-88269
WIN-8304,TO_DO,2025-11-03 16:07:24,USR-70332
WIN-8304,IN_PROGRESS,2025-11-04 15:07:24,USR-70332
WIN-8304,IN_REVIEW,2025-11-05 05:07:24,USR-70332
WIN-8304,DONE,2025-11-07 02:07:24,USR-70332
CHOI-5183,TO_DO,2026-05-21 13:52:46,USR-19116
CHOI-5183,IN_PROGRESS,2026-05-22 16:52:46,USR-19116
CHOI-5183,IN_REVIEW,2026-05-24 01:52:46,USR-19116
CHOI-5183,DONE,2026-05-24 06:52:46,USR-19116
DEVE-9392,TO_DO,2026-02-08 11:00:33,USR-64387
DEVE-9392,IN_PROGRESS,2026-02-09 23:00:33,USR-64387
DEVE-9392,IN_REVIEW,2026-02-11 08:00:33,USR-64387
DEVE-9392,DONE,2026-02-12 04:00:33,USR-64387
WIN-2099,TO_DO,2026-03-02 10:17:52,USR-14117
WIN-2099,IN_PROGRESS,2026-03-02 17:17:52,USR-14117
WIN-2099,IN_REVIEW,2026-03-04 07:17:52,USR-14117
WIN-2099,DONE,2026-03-05 14:17:52,USR-14117
PROF-2197,TO_DO,2026-04-03 21:30:32,USR-20828
PROF-2197,IN_PROGRESS,2026-04-05 16:30:32,USR-20828
PROF-2197,IN_REVIEW,2026-04-06 15:30:32,USR-20828
PROF-2197,DONE,2026-04-06 21:30:32,USR-20828
CONF-6567,TO_DO,2026-03-27 10:56:23,USR-15376
CONF-6567,IN_PROGRESS,2026-03-28 06:56:23,USR-15376
CONF-6567,IN_REVIEW,2026-03-28 08:56:23,USR-15376
CONF-6567,DONE,2026-03-30 01:56:23,USR-15376
DEVE-1139,TO_DO,2026-05-04 07:49:13,USR-23577
DEVE-1139,IN_PROGRESS,2026-05-05 19:49:13,USR-23577
DEVE-1139,IN_REVIEW,2026-05-07 02:49:13,USR-23577
DEVE-1139,DONE,2026-05-08 21:49:13,USR-23577
PROF-6810,TO_DO,2026-02-19 16:32:41,USR-72739
PROF-6810,IN_PROGRESS,2026-02-20 07:32:41,USR-72739
PROF-6810,IN_REVIEW,2026-02-21 04:32:41,USR-72739
PROF-6810,DONE,2026-02-21 17:32:41,USR-72739
DEVE-9739,TO_DO,2025-12-05 07:31:23,USR-37653
DEVE-9739,IN_PROGRESS,2025-12-06 05:31:23,USR-37653
DEVE-9739,IN_REVIEW,2025-12-06 21:31:23,USR-37653
DEVE-9739,DONE,2025-12-08 17:31:23,USR-37653
PROF-5963,TO_DO,2026-02-10 15:44:55,USR-91560
PROF-5963,IN_PROGRESS,2026-02-11 01:44:55,USR-91560
PROF-5963,IN_REVIEW,2026-02-12 07:44:55,USR-91560
PROF-5963,DONE,2026-02-12 16:44:55,USR-91560
DEVE-8273,TO_DO,2026-09-05 13:10:56,USR-68222
DEVE-8273,IN_PROGRESS,2026-09-06 16:10:56,USR-68222
DEVE-8273,IN_REVIEW,2026-09-07 06:10:56,USR-68222
DEVE-8273,DONE,2026-09-07 21:10:56,USR-68222
CONF-3042,TO_DO,2026-09-21 00:04:30,USR-96400
CONF-3042,IN_PROGRESS,2026-09-21 15:04:30,USR-96400
CONF-3042,IN_REVIEW,2026-09-22 00:04:30,USR-96400
CONF-3042,DONE,2026-09-23 09:04:30,USR-96400
CONF-3042,REOPENED,2026-09-25 01:04:30,USR-41029
CONF-3042,IN_PROGRESS,2026-09-25 13:04:30,USR-96400
CONF-3042,DONE,2026-09-26 13:04:30,USR-96400
ORGA-4129,TO_DO,2026-06-19 07:56:29,USR-94252
ORGA-4129,IN_PROGRESS,2026-06-19 16:56:29,USR-94252
ORGA-4129,IN_REVIEW,2026-06-20 23:56:29,USR-94252
ORGA-4129,DONE,2026-06-21 02:56:29,USR-94252
ORGA-7881,TO_DO,2026-06-01 02:28:35,USR-56438
ORGA-7881,IN_PROGRESS,2026-06-02 07:28:35,USR-56438
ORGA-7881,IN_REVIEW,2026-06-04 02:28:35,USR-56438
ORGA-7881,DONE,2026-06-04 23:28:35,USR-56438
THES-7384,TO_DO,2025-10-28 05:00:35,USR-28321
THES-7384,IN_PROGRESS,2025-10-28 09:00:35,USR-28321
THES-7384,IN_REVIEW,2025-10-28 20:00:35,USR-28321
THES-7384,DONE,2025-10-29 13:00:35,USR-28321
CONF-1151,TO_DO,2025-10-05 18:24:09,USR-83792
CONF-1151,IN_PROGRESS,2025-10-07 10:24:09,USR-83792
CONF-1151,IN_REVIEW,2025-10-08 01:24:09,USR-83792
CONF-1151,DONE,2025-10-09 21:24:09,USR-83792
CONF-1151,REOPENED,2025-10-10 17:24:09,USR-54942
CONF-1151,IN_PROGRESS,2025-10-11 05:24:09,USR-83792
CONF-1151,DONE,2025-10-13 00:24:09,USR-83792
ORGA-3580,TO_DO,2025-12-03 23:43:34,USR-25572
ORGA-3580,IN_PROGRESS,2025-12-05 00:43:34,USR-25572
ORGA-3580,IN_REVIEW,2025-12-05 09:43:34,USR-25572
ORGA-3580,DONE,2025-12-05 21:43:34,USR-25572
TERM-4343,TO_DO,2025-12-31 02:38:40,USR-10350
TERM-4343,IN_PROGRESS,2026-01-01 01:38:40,USR-10350
TERM-4343,IN_REVIEW,2026-01-01 04:38:40,USR-10350
TERM-4343,DONE,2026-01-02 12:38:40,USR-10350
ANIM-7679,TO_DO,2026-09-14 22:00:15,USR-60615
ANIM-7679,IN_PROGRESS,2026-09-15 06:00:15,USR-60615
ANIM-7679,IN_REVIEW,2026-09-15 08:00:15,USR-60615
ANIM-7679,DONE,2026-09-16 08:00:15,USR-60615
ANIM-7679,REOPENED,2026-09-17 00:00:15,USR-69510
ANIM-7679,IN_PROGRESS,2026-09-17 03:00:15,USR-60615
ANIM-7679,DONE,2026-09-18 09:00:15,USR-60615
THES-2841,TO_DO,2026-06-18 19:33:43,USR-85711
THES-2841,IN_PROGRESS,2026-06-20 13:33:43,USR-85711
THES-2841,IN_REVIEW,2026-06-20 15:33:43,USR-85711
THES-2841,DONE,2026-06-21 12:33:43,USR-85711
TERM-5208,TO_DO,2026-07-02 00:01:36,USR-74569
TERM-5208,IN_PROGRESS,2026-07-03 08:01:36,USR-74569
TERM-5208,IN_REVIEW,2026-07-04 17:01:36,USR-74569
TERM-5208,DONE,2026-07-06 07:01:36,USR-74569
TERM-5208,REOPENED,2026-07-06 21:01:36,USR-51033
TERM-5208,IN_PROGRESS,2026-07-07 02:01:36,USR-74569
TERM-5208,DONE,2026-07-07 20:01:36,USR-74569
LIST-3126,TO_DO,2026-01-18 17:15:18,USR-39444
LIST-3126,IN_PROGRESS,2026-01-19 13:15:18,USR-39444
LIST-3126,IN_REVIEW,2026-01-21 06:15:18,USR-39444
LIST-3126,DONE,2026-01-21 14:15:18,USR-39444
PROF-5106,TO_DO,2026-03-16 20:09:56,USR-96706
PROF-5106,IN_PROGRESS,2026-03-18 07:09:56,USR-96706
PROF-5106,IN_REVIEW,2026-03-19 18:09:56,USR-96706
PROF-5106,DONE,2026-03-21 08:09:56,USR-96706
ANIM-6373,TO_DO,2026-07-04 08:06:54,USR-30676
ANIM-6373,IN_PROGRESS,2026-07-06 02:06:54,USR-30676
ANIM-6373,IN_REVIEW,2026-07-06 07:06:54,USR-30676
ANIM-6373,DONE,2026-07-06 21:06:54,USR-30676
DEVE-3342,TO_DO,2026-04-02 08:42:56,USR-18855
DEVE-3342,IN_PROGRESS,2026-04-03 22:42:56,USR-18855
DEVE-3342,IN_REVIEW,2026-04-05 06:42:56,USR-18855
DEVE-3342,DONE,2026-04-06 14:42:56,USR-18855
PROF-7646,TO_DO,2026-07-16 04:28:22,USR-26547
PROF-7646,IN_PROGRESS,2026-07-16 23:28:22,USR-26547
PROF-7646,IN_REVIEW,2026-07-18 18:28:22,USR-26547
PROF-7646,DONE,2026-07-20 04:28:22,USR-26547
WIN-4052,TO_DO,2026-01-05 02:38:47,USR-68979
WIN-4052,IN_PROGRESS,2026-01-06 22:38:47,USR-68979
WIN-4052,IN_REVIEW,2026-01-07 21:38:47,USR-68979
WIN-4052,DONE,2026-01-09 08:38:47,USR-68979
THES-6987,TO_DO,2026-07-01 03:46:07,USR-74205
THES-6987,IN_PROGRESS,2026-07-01 12:46:07,USR-74205
THES-6987,IN_REVIEW,2026-07-01 21:46:07,USR-74205
THES-6987,DONE,2026-07-03 10:46:07,USR-74205
CHOI-3069,TO_DO,2026-06-15 10:03:13,USR-74923
CHOI-3069,IN_PROGRESS,2026-06-15 23:03:13,USR-74923
CHOI-3069,IN_REVIEW,2026-06-17 02:03:13,USR-74923
CHOI-3069,DONE,2026-06-18 12:03:13,USR-74923
ANIM-4634,TO_DO,2026-01-04 20:54:17,USR-59377
ANIM-4634,IN_PROGRESS,2026-01-06 10:54:17,USR-59377
ANIM-4634,IN_REVIEW,2026-01-07 21:54:17,USR-59377
ANIM-4634,DONE,2026-01-09 08:54:17,USR-59377
LIST-6941,TO_DO,2026-07-04 00:08:50,USR-78069
LIST-6941,IN_PROGRESS,2026-07-05 21:08:50,USR-78069
LIST-6941,IN_REVIEW,2026-07-06 09:08:50,USR-78069
LIST-6941,DONE,2026-07-08 03:08:50,USR-78069
CONF-4707,TO_DO,2026-08-24 01:32:49,USR-61374
CONF-4707,IN_PROGRESS,2026-08-24 20:32:49,USR-61374
CONF-4707,IN_REVIEW,2026-08-25 01:32:49,USR-61374
CONF-4707,DONE,2026-08-26 04:32:49,USR-61374
ORGA-9548,TO_DO,2026-09-10 08:31:57,USR-42007
ORGA-9548,IN_PROGRESS,2026-09-10 10:31:57,USR-42007
ORGA-9548,IN_REVIEW,2026-09-10 16:31:57,USR-42007
ORGA-9548,DONE,2026-09-11 10:31:57,USR-42007
LIST-6105,TO_DO,2026-07-26 02:15:38,USR-88696
LIST-6105,IN_PROGRESS,2026-07-26 12:15:38,USR-88696
LIST-6105,IN_REVIEW,2026-07-26 23:15:38,USR-88696
LIST-6105,DONE,2026-07-28 07:15:38,USR-88696
PROF-7410,TO_DO,2026-09-13 21:59:18,USR-47752
PROF-7410,IN_PROGRESS,2026-09-14 03:59:18,USR-47752
PROF-7410,IN_REVIEW,2026-09-14 19:59:18,USR-47752
PROF-7410,DONE,2026-09-15 14:59:18,USR-47752
ORGA-3022,TO_DO,2026-04-18 11:46:41,USR-53652
ORGA-3022,IN_PROGRESS,2026-04-20 08:46:41,USR-53652
ORGA-3022,IN_REVIEW,2026-04-21 03:46:41,USR-53652
ORGA-3022,DONE,2026-04-22 01:46:41,USR-53652
THES-9529,TO_DO,2026-04-12 00:06:21,USR-12490
THES-9529,IN_PROGRESS,2026-04-12 21:06:21,USR-12490
THES-9529,IN_REVIEW,2026-04-13 06:06:21,USR-12490
THES-9529,DONE,2026-04-14 18:06:21,USR-12490
TERM-3517,TO_DO,2025-10-27 19:08:37,USR-47363
TERM-3517,IN_PROGRESS,2025-10-28 13:08:37,USR-47363
TERM-3517,IN_REVIEW,2025-10-28 22:08:37,USR-47363
TERM-3517,DONE,2025-10-30 16:08:37,USR-47363
TERM-3517,REOPENED,2025-10-31 23:08:37,USR-72205
TERM-3517,IN_PROGRESS,2025-11-01 13:08:37,USR-47363
TERM-3517,DONE,2025-11-03 06:08:37,USR-47363
ANIM-8983,TO_DO,2025-12-06 21:23:08,USR-39571
ANIM-8983,IN_PROGRESS,2025-12-07 22:23:08,USR-39571
ANIM-8983,IN_REVIEW,2025-12-08 15:23:08,USR-39571
ANIM-8983,DONE,2025-12-10 11:23:08,USR-39571
ORGA-7908,TO_DO,2026-01-12 16:54:37,USR-82305
ORGA-7908,IN_PROGRESS,2026-01-14 10:54:37,USR-82305
ORGA-7908,IN_REVIEW,2026-01-15 20:54:37,USR-82305
ORGA-7908,DONE,2026-01-16 19:54:37,USR-82305
ORGA-7908,REOPENED,2026-01-17 23:54:37,USR-24322
ORGA-7908,IN_PROGRESS,2026-01-18 21:54:37,USR-82305
ORGA-7908,DONE,2026-01-19 17:54:37,USR-82305
WIN-2361,TO_DO,2025-11-17 10:05:13,USR-77552
WIN-2361,IN_PROGRESS,2025-11-19 01:05:13,USR-77552
WIN-2361,IN_REVIEW,2025-11-20 06:05:13,USR-77552
WIN-2361,DONE,2025-11-22 02:05:13,USR-77552
WIN-2361,REOPENED,2025-11-22 21:05:13,USR-96980
WIN-2361,IN_PROGRESS,2025-11-23 01:05:13,USR-77552
WIN-2361,DONE,2025-11-24 12:05:13,USR-77552
LIST-7157,TO_DO,2025-10-16 18:46:03,USR-95755
LIST-7157,IN_PROGRESS,2025-10-18 09:46:03,USR-95755
LIST-7157,IN_REVIEW,2025-10-20 04:46:03,USR-95755
LIST-7157,DONE,2025-10-20 12:46:03,USR-95755
THES-2924,TO_DO,2026-05-13 20:01:21,USR-42530
THES-2924,IN_PROGRESS,2026-05-15 00:01:21,USR-42530
THES-2924,IN_REVIEW,2026-05-16 03:01:21,USR-42530
THES-2924,DONE,2026-05-18 02:01:21,USR-42530
WIN-8212,TO_DO,2026-07-03 13:21:17,USR-58353
WIN-8212,IN_PROGRESS,2026-07-05 09:21:17,USR-58353
WIN-8212,IN_REVIEW,2026-07-05 12:21:17,USR-58353
WIN-8212,DONE,2026-07-06 03:21:17,USR-58353
ANIM-1395,TO_DO,2026-07-16 23:39:09,USR-22704
ANIM-1395,IN_PROGRESS,2026-07-17 17:39:09,USR-22704
ANIM-1395,IN_REVIEW,2026-07-18 17:39:09,USR-22704
ANIM-1395,DONE,2026-07-20 14:39:09,USR-22704
WIN-5074,TO_DO,2026-01-21 07:27:47,USR-86484
WIN-5074,IN_PROGRESS,2026-01-21 19:27:47,USR-86484
WIN-5074,IN_REVIEW,2026-01-22 10:27:47,USR-86484
WIN-5074,DONE,2026-01-23 23:27:47,USR-86484
WIN-7575,TO_DO,2026-03-16 20:08:48,USR-75211
WIN-7575,IN_PROGRESS,2026-03-17 20:08:48,USR-75211
WIN-7575,IN_REVIEW,2026-03-19 13:08:48,USR-75211
WIN-7575,DONE,2026-03-21 01:08:48,USR-75211
WIN-6010,TO_DO,2026-04-12 19:58:20,USR-19305
WIN-6010,IN_PROGRESS,2026-04-14 13:58:20,USR-19305
WIN-6010,IN_REVIEW,2026-04-15 02:58:20,USR-19305
WIN-6010,DONE,2026-04-16 04:58:20,USR-19305
WIN-6010,REOPENED,2026-04-16 18:58:20,USR-22249
WIN-6010,IN_PROGRESS,2026-04-17 03:58:20,USR-19305
WIN-6010,DONE,2026-04-18 14:58:20,USR-19305
WIN-6521,TO_DO,2026-06-20 17:33:45,USR-64548
WIN-6521,IN_PROGRESS,2026-06-21 07:33:45,USR-64548
WIN-6521,IN_REVIEW,2026-06-22 22:33:45,USR-64548
WIN-6521,DONE,2026-06-23 19:33:45,USR-64548
LIST-5853,TO_DO,2026-03-29 04:50:28,USR-53540
LIST-5853,IN_PROGRESS,2026-03-29 11:50:28,USR-53540
LIST-5853,IN_REVIEW,2026-03-29 18:50:28,USR-53540
LIST-5853,DONE,2026-03-31 17:50:28,USR-53540
ORGA-5315,TO_DO,2026-01-30 16:21:14,USR-83584
ORGA-5315,IN_PROGRESS,2026-01-31 00:21:14,USR-83584
ORGA-5315,IN_REVIEW,2026-01-31 20:21:14,USR-83584
ORGA-5315,DONE,2026-02-02 13:21:14,USR-83584
ORGA-5315,REOPENED,2026-02-04 03:21:14,USR-73464
ORGA-5315,IN_PROGRESS,2026-02-04 06:21:14,USR-83584
ORGA-5315,DONE,2026-02-05 06:21:14,USR-83584
PROF-8250,TO_DO,2026-06-11 06:26:05,USR-68115
PROF-8250,IN_PROGRESS,2026-06-11 22:26:05,USR-68115
PROF-8250,IN_REVIEW,2026-06-13 20:26:05,USR-68115
PROF-8250,DONE,2026-06-14 12:26:05,USR-68115
PROF-8214,TO_DO,2026-03-07 20:30:59,USR-30676
PROF-8214,IN_PROGRESS,2026-03-09 04:30:59,USR-30676
PROF-8214,IN_REVIEW,2026-03-10 10:30:59,USR-30676
PROF-8214,DONE,2026-03-11 14:30:59,USR-30676
LIST-4149,TO_DO,2026-01-23 20:56:02,USR-48684
LIST-4149,IN_PROGRESS,2026-01-24 14:56:02,USR-48684
LIST-4149,IN_REVIEW,2026-01-26 13:56:02,USR-48684
LIST-4149,DONE,2026-01-27 14:56:02,USR-48684
ORGA-7065,TO_DO,2025-09-29 03:30:47,USR-22672
ORGA-7065,IN_PROGRESS,2025-10-01 01:30:47,USR-22672
ORGA-7065,IN_REVIEW,2025-10-01 11:30:47,USR-22672
ORGA-7065,DONE,2025-10-02 09:30:47,USR-22672
PROF-9819,TO_DO,2026-08-10 19:55:21,USR-95929
PROF-9819,IN_PROGRESS,2026-08-11 03:55:21,USR-95929
PROF-9819,IN_REVIEW,2026-08-12 19:55:21,USR-95929
PROF-9819,DONE,2026-08-13 11:55:21,USR-95929
WIN-4669,TO_DO,2026-07-31 02:32:59,USR-60181
WIN-4669,IN_PROGRESS,2026-08-01 17:32:59,USR-60181
WIN-4669,IN_REVIEW,2026-08-02 22:32:59,USR-60181
WIN-4669,DONE,2026-08-03 04:32:59,USR-60181
DEVE-8347,TO_DO,2025-11-07 10:24:42,USR-92203
DEVE-8347,IN_PROGRESS,2025-11-07 16:24:42,USR-92203
DEVE-8347,IN_REVIEW,2025-11-09 13:24:42,USR-92203
DEVE-8347,DONE,2025-11-10 13:24:42,USR-92203
CHOI-5128,TO_DO,2026-03-28 10:09:48,USR-31319
CHOI-5128,IN_PROGRESS,2026-03-29 13:09:48,USR-31319
CHOI-5128,IN_REVIEW,2026-03-30 04:09:48,USR-31319
CHOI-5128,DONE,2026-04-01 00:09:48,USR-31319
CHOI-9821,TO_DO,2026-06-28 07:35:34,USR-63005
CHOI-9821,IN_PROGRESS,2026-06-29 11:35:34,USR-63005
CHOI-9821,IN_REVIEW,2026-06-29 22:35:34,USR-63005
CHOI-9821,DONE,2026-07-01 10:35:34,USR-63005
CONF-6152,TO_DO,2026-03-16 02:15:23,USR-56346
CONF-6152,IN_PROGRESS,2026-03-16 11:15:23,USR-56346
CONF-6152,IN_REVIEW,2026-03-16 17:15:23,USR-56346
CONF-6152,DONE,2026-03-18 10:15:23,USR-56346
LIST-7778,TO_DO,2026-03-06 15:19:33,USR-55309
LIST-7778,IN_PROGRESS,2026-03-07 04:19:33,USR-55309
LIST-7778,IN_REVIEW,2026-03-07 07:19:33,USR-55309
LIST-7778,DONE,2026-03-09 02:19:33,USR-55309
THES-6436,TO_DO,2026-03-16 03:31:54,USR-71605
THES-6436,IN_PROGRESS,2026-03-17 05:31:54,USR-71605
THES-6436,IN_REVIEW,2026-03-19 03:31:54,USR-71605
THES-6436,DONE,2026-03-20 11:31:54,USR-71605
THES-6436,REOPENED,2026-03-20 21:31:54,USR-72094
THES-6436,IN_PROGRESS,2026-03-21 08:31:54,USR-71605
THES-6436,DONE,2026-03-21 23:31:54,USR-71605
THES-6098,TO_DO,2026-06-21 17:54:03,USR-45838
THES-6098,IN_PROGRESS,2026-06-22 20:54:03,USR-45838
THES-6098,IN_REVIEW,2026-06-23 10:54:03,USR-45838
THES-6098,DONE,2026-06-24 02:54:03,USR-45838
THES-6565,TO_DO,2026-06-25 12:08:09,USR-98395
THES-6565,IN_PROGRESS,2026-06-25 17:08:09,USR-98395
THES-6565,IN_REVIEW,2026-06-27 14:08:09,USR-98395
THES-6565,DONE,2026-06-28 15:08:09,USR-98395
ANIM-1028,TO_DO,2025-12-24 08:47:38,USR-54597
ANIM-1028,IN_PROGRESS,2025-12-25 22:47:38,USR-54597
ANIM-1028,IN_REVIEW,2025-12-27 12:47:38,USR-54597
ANIM-1028,DONE,2025-12-28 13:47:38,USR-54597
ANIM-4088,TO_DO,2026-06-03 08:45:15,USR-15075
ANIM-4088,IN_PROGRESS,2026-06-05 00:45:15,USR-15075
ANIM-4088,IN_REVIEW,2026-06-06 01:45:15,USR-15075
ANIM-4088,DONE,2026-06-07 15:45:15,USR-15075
TERM-3908,TO_DO,2026-02-18 23:40:29,USR-20345
TERM-3908,IN_PROGRESS,2026-02-19 08:40:29,USR-20345
TERM-3908,IN_REVIEW,2026-02-20 05:40:29,USR-20345
TERM-3908,DONE,2026-02-21 01:40:29,USR-20345
WIN-3955,TO_DO,2026-09-01 00:20:42,USR-69446
WIN-3955,IN_PROGRESS,2026-09-02 17:20:42,USR-69446
WIN-3955,IN_REVIEW,2026-09-03 16:20:42,USR-69446
WIN-3955,DONE,2026-09-04 23:20:42,USR-69446
LIST-7370,TO_DO,2026-05-01 18:17:14,USR-61173
LIST-7370,IN_PROGRESS,2026-05-02 19:17:14,USR-61173
LIST-7370,IN_REVIEW,2026-05-03 06:17:14,USR-61173
LIST-7370,DONE,2026-05-03 23:17:14,USR-61173
PROF-7623,TO_DO,2026-09-20 04:56:07,USR-34881
PROF-7623,IN_PROGRESS,2026-09-20 12:56:07,USR-34881
PROF-7623,IN_REVIEW,2026-09-21 23:56:07,USR-34881
PROF-7623,DONE,2026-09-22 06:56:07,USR-34881
PROF-7623,REOPENED,2026-09-24 02:56:07,USR-80381
PROF-7623,IN_PROGRESS,2026-09-24 23:56:07,USR-34881
PROF-7623,DONE,2026-09-25 23:56:07,USR-34881
LIST-9715,TO_DO,2026-09-03 21:52:28,USR-74139
LIST-9715,IN_PROGRESS,2026-09-05 03:52:28,USR-74139
LIST-9715,IN_REVIEW,2026-09-05 17:52:28,USR-74139
LIST-9715,DONE,2026-09-06 13:52:28,USR-74139
ORGA-7623,TO_DO,2026-04-19 21:17:31,USR-65615
ORGA-7623,IN_PROGRESS,2026-04-21 05:17:31,USR-65615
ORGA-7623,IN_REVIEW,2026-04-22 22:17:31,USR-65615
ORGA-7623,DONE,2026-04-24 00:17:31,USR-65615
TERM-5705,TO_DO,2026-01-30 03:28:51,USR-71348
TERM-5705,IN_PROGRESS,2026-01-31 18:28:51,USR-71348
TERM-5705,IN_REVIEW,2026-02-02 08:28:51,USR-71348
TERM-5705,DONE,2026-02-03 20:28:51,USR-71348
WIN-1785,TO_DO,2025-12-13 17:52:00,USR-49294
WIN-1785,IN_PROGRESS,2025-12-13 22:52:00,USR-49294
WIN-1785,IN_REVIEW,2025-12-15 19:52:00,USR-49294
WIN-1785,DONE,2025-12-17 00:52:00,USR-49294
LIST-3921,TO_DO,2025-11-05 03:03:53,USR-21053
LIST-3921,IN_PROGRESS,2025-11-05 19:03:53,USR-21053
LIST-3921,IN_REVIEW,2025-11-07 18:03:53,USR-21053
LIST-3921,DONE,2025-11-08 16:03:53,USR-21053
PROF-9114,TO_DO,2025-11-15 09:22:58,USR-88696
PROF-9114,IN_PROGRESS,2025-11-16 05:22:58,USR-88696
PROF-9114,IN_REVIEW,2025-11-16 07:22:58,USR-88696
PROF-9114,DONE,2025-11-17 00:22:58,USR-88696
WIN-3900,TO_DO,2026-01-10 05:16:15,USR-19545
WIN-3900,IN_PROGRESS,2026-01-11 21:16:15,USR-19545
WIN-3900,IN_REVIEW,2026-01-12 14:16:15,USR-19545
WIN-3900,DONE,2026-01-14 07:16:15,USR-19545
CHOI-7927,TO_DO,2026-03-16 16:23:31,USR-58353
CHOI-7927,IN_PROGRESS,2026-03-17 20:23:31,USR-58353
CHOI-7927,IN_REVIEW,2026-03-19 18:23:31,USR-58353
CHOI-7927,DONE,2026-03-19 20:23:31,USR-58353
ORGA-7178,TO_DO,2026-07-11 07:07:41,USR-76768
ORGA-7178,IN_PROGRESS,2026-07-11 11:07:41,USR-76768
ORGA-7178,IN_REVIEW,2026-07-13 09:07:41,USR-76768
ORGA-7178,DONE,2026-07-14 15:07:41,USR-76768
PROF-2155,TO_DO,2026-08-09 06:19:34,USR-16658
PROF-2155,IN_PROGRESS,2026-08-09 18:19:34,USR-16658
PROF-2155,IN_REVIEW,2026-08-10 12:19:34,USR-16658
PROF-2155,DONE,2026-08-12 09:19:34,USR-16658
ORGA-5666,TO_DO,2025-11-13 05:00:09,USR-18511
ORGA-5666,IN_PROGRESS,2025-11-14 08:00:09,USR-18511
ORGA-5666,IN_REVIEW,2025-11-14 22:00:09,USR-18511
ORGA-5666,DONE,2025-11-15 05:00:09,USR-18511
TERM-4289,TO_DO,2026-07-15 02:11:22,USR-21846
TERM-4289,IN_PROGRESS,2026-07-16 04:11:22,USR-21846
TERM-4289,IN_REVIEW,2026-07-16 17:11:22,USR-21846
TERM-4289,DONE,2026-07-17 00:11:22,USR-21846
TERM-4289,REOPENED,2026-07-18 22:11:22,USR-38785
TERM-4289,IN_PROGRESS,2026-07-19 01:11:22,USR-21846
TERM-4289,DONE,2026-07-19 20:11:22,USR-21846
ORGA-7076,TO_DO,2026-03-23 09:45:32,USR-74178
ORGA-7076,IN_PROGRESS,2026-03-23 23:45:32,USR-74178
ORGA-7076,IN_REVIEW,2026-03-24 14:45:32,USR-74178
ORGA-7076,DONE,2026-03-26 14:45:32,USR-74178
DEVE-1232,TO_DO,2026-08-25 23:03:22,USR-57381
DEVE-1232,IN_PROGRESS,2026-08-27 18:03:22,USR-57381
DEVE-1232,IN_REVIEW,2026-08-27 23:03:22,USR-57381
DEVE-1232,DONE,2026-08-29 02:03:22,USR-57381
ANIM-5780,TO_DO,2026-08-22 04:47:10,USR-70332
ANIM-5780,IN_PROGRESS,2026-08-22 07:47:10,USR-70332
ANIM-5780,IN_REVIEW,2026-08-23 13:47:10,USR-70332
ANIM-5780,DONE,2026-08-23 19:47:10,USR-70332
CONF-9659,TO_DO,2025-10-03 02:22:27,USR-55745
CONF-9659,IN_PROGRESS,2025-10-04 06:22:27,USR-55745
CONF-9659,IN_REVIEW,2025-10-05 17:22:27,USR-55745
CONF-9659,DONE,2025-10-07 05:22:27,USR-55745
CONF-3783,TO_DO,2025-09-30 13:04:51,USR-44687
CONF-3783,IN_PROGRESS,2025-09-30 15:04:51,USR-44687
CONF-3783,IN_REVIEW,2025-10-01 17:04:51,USR-44687
CONF-3783,DONE,2025-10-01 19:04:51,USR-44687
DEVE-7349,TO_DO,2026-05-16 11:40:11,USR-48058
DEVE-7349,IN_PROGRESS,2026-05-16 17:40:11,USR-48058
DEVE-7349,IN_REVIEW,2026-05-16 20:40:11,USR-48058
DEVE-7349,DONE,2026-05-18 15:40:11,USR-48058
CONF-7325,TO_DO,2025-12-02 21:42:43,USR-67560
CONF-7325,IN_PROGRESS,2025-12-04 14:42:43,USR-67560
CONF-7325,IN_REVIEW,2025-12-05 08:42:43,USR-67560
CONF-7325,DONE,2025-12-06 08:42:43,USR-67560
TERM-8850,TO_DO,2025-12-06 11:24:46,USR-87356
TERM-8850,IN_PROGRESS,2025-12-08 05:24:46,USR-87356
TERM-8850,IN_REVIEW,2025-12-10 05:24:46,USR-87356
TERM-8850,DONE,2025-12-10 18:24:46,USR-87356
CHOI-3626,TO_DO,2026-09-14 22:57:25,USR-41946
CHOI-3626,IN_PROGRESS,2026-09-16 21:57:25,USR-41946
CHOI-3626,IN_REVIEW,2026-09-18 09:57:25,USR-41946
CHOI-3626,DONE,2026-09-19 01:57:25,USR-41946
ANIM-6782,TO_DO,2026-07-09 08:52:46,USR-92578
ANIM-6782,IN_PROGRESS,2026-07-10 10:52:46,USR-92578
ANIM-6782,IN_REVIEW,2026-07-11 17:52:46,USR-92578
ANIM-6782,DONE,2026-07-12 18:52:46,USR-92578
WIN-7535,TO_DO,2026-04-18 21:54:11,USR-26334
WIN-7535,IN_PROGRESS,2026-04-19 11:54:11,USR-26334
WIN-7535,IN_REVIEW,2026-04-21 11:54:11,USR-26334
WIN-7535,DONE,2026-04-23 07:54:11,USR-26334
WIN-7535,REOPENED,2026-04-25 00:54:11,USR-58689
WIN-7535,IN_PROGRESS,2026-04-25 12:54:11,USR-26334
WIN-7535,DONE,2026-04-26 21:54:11,USR-26334
LIST-7688,TO_DO,2025-10-22 16:50:31,USR-49446
LIST-7688,IN_PROGRESS,2025-10-24 11:50:31,USR-49446
LIST-7688,IN_REVIEW,2025-10-25 17:50:31,USR-49446
LIST-7688,DONE,2025-10-26 14:50:31,USR-49446
ORGA-1833,TO_DO,2026-03-16 23:36:52,USR-58147
ORGA-1833,IN_PROGRESS,2026-03-18 04:36:52,USR-58147
ORGA-1833,IN_REVIEW,2026-03-18 17:36:52,USR-58147
ORGA-1833,DONE,2026-03-19 23:36:52,USR-58147
PROF-7323,TO_DO,2026-09-11 07:02:44,USR-96900
PROF-7323,IN_PROGRESS,2026-09-13 02:02:44,USR-96900
PROF-7323,IN_REVIEW,2026-09-14 05:02:44,USR-96900
PROF-7323,DONE,2026-09-15 19:02:44,USR-96900
ANIM-7738,TO_DO,2026-03-31 11:57:55,USR-72739
ANIM-7738,IN_PROGRESS,2026-04-01 09:57:55,USR-72739
ANIM-7738,IN_REVIEW,2026-04-03 02:57:55,USR-72739
ANIM-7738,DONE,2026-04-04 19:57:55,USR-72739
DEVE-2590,TO_DO,2025-10-28 20:41:53,USR-91070
DEVE-2590,IN_PROGRESS,2025-10-29 18:41:53,USR-91070
DEVE-2590,IN_REVIEW,2025-10-30 18:41:53,USR-91070
DEVE-2590,DONE,2025-10-31 08:41:53,USR-91070
PROF-6039,TO_DO,2026-01-02 07:03:42,USR-45054
PROF-6039,IN_PROGRESS,2026-01-03 06:03:42,USR-45054
PROF-6039,IN_REVIEW,2026-01-05 05:03:42,USR-45054
PROF-6039,DONE,2026-01-05 18:03:42,USR-45054
CHOI-2662,TO_DO,2026-05-14 09:09:12,USR-17852
CHOI-2662,IN_PROGRESS,2026-05-16 02:09:12,USR-17852
CHOI-2662,IN_REVIEW,2026-05-17 06:09:12,USR-17852
CHOI-2662,DONE,2026-05-17 18:09:12,USR-17852
LIST-8693,TO_DO,2026-07-09 22:28:59,USR-21835
LIST-8693,IN_PROGRESS,2026-07-10 06:28:59,USR-21835
LIST-8693,IN_REVIEW,2026-07-10 10:28:59,USR-21835
LIST-8693,DONE,2026-07-10 20:28:59,USR-21835
TERM-7215,TO_DO,2026-08-01 09:04:26,USR-48427
TERM-7215,IN_PROGRESS,2026-08-03 00:04:26,USR-48427
TERM-7215,IN_REVIEW,2026-08-04 14:04:26,USR-48427
TERM-7215,DONE,2026-08-05 03:04:26,USR-48427
DEVE-9057,TO_DO,2026-02-28 00:44:46,USR-48829
DEVE-9057,IN_PROGRESS,2026-02-28 10:44:46,USR-48829
DEVE-9057,IN_REVIEW,2026-03-02 03:44:46,USR-48829
DEVE-9057,DONE,2026-03-03 00:44:46,USR-48829
ORGA-3449,TO_DO,2026-03-03 11:38:14,USR-61177
ORGA-3449,IN_PROGRESS,2026-03-05 10:38:14,USR-61177
ORGA-3449,IN_REVIEW,2026-03-05 17:38:14,USR-61177
ORGA-3449,DONE,2026-03-06 17:38:14,USR-61177
ORGA-3449,REOPENED,2026-03-08 09:38:14,USR-91689
ORGA-3449,IN_PROGRESS,2026-03-09 01:38:14,USR-61177
ORGA-3449,DONE,2026-03-09 06:38:14,USR-61177
CONF-7844,TO_DO,2026-02-04 22:58:28,USR-27790
CONF-7844,IN_PROGRESS,2026-02-05 01:58:28,USR-27790
CONF-7844,IN_REVIEW,2026-02-06 10:58:28,USR-27790
CONF-7844,DONE,2026-02-07 08:58:28,USR-27790
DEVE-4912,TO_DO,2025-11-03 10:07:06,USR-63841
DEVE-4912,IN_PROGRESS,2025-11-05 06:07:06,USR-63841
DEVE-4912,IN_REVIEW,2025-11-05 13:07:06,USR-63841
DEVE-4912,DONE,2025-11-06 12:07:06,USR-63841
DEVE-3140,TO_DO,2025-11-02 16:13:25,USR-50499
DEVE-3140,IN_PROGRESS,2025-11-03 18:13:25,USR-50499
DEVE-3140,IN_REVIEW,2025-11-04 08:13:25,USR-50499
DEVE-3140,DONE,2025-11-05 16:13:25,USR-50499
ORGA-1589,TO_DO,2026-02-08 22:44:03,USR-18109
ORGA-1589,IN_PROGRESS,2026-02-10 03:44:03,USR-18109
ORGA-1589,IN_REVIEW,2026-02-11 07:44:03,USR-18109
ORGA-1589,DONE,2026-02-13 06:44:03,USR-18109
ANIM-6672,TO_DO,2025-12-06 20:42:43,USR-44237
ANIM-6672,IN_PROGRESS,2025-12-08 16:42:43,USR-44237
ANIM-6672,IN_REVIEW,2025-12-08 23:42:43,USR-44237
ANIM-6672,DONE,2025-12-10 19:42:43,USR-44237
LIST-2859,TO_DO,2025-12-13 02:26:46,USR-77552
LIST-2859,IN_PROGRESS,2025-12-13 08:26:46,USR-77552
LIST-2859,IN_REVIEW,2025-12-13 19:26:46,USR-77552
LIST-2859,DONE,2025-12-15 09:26:46,USR-77552
LIST-2859,REOPENED,2025-12-16 02:26:46,USR-18907
LIST-2859,IN_PROGRESS,2025-12-16 05:26:46,USR-77552
LIST-2859,DONE,2025-12-16 13:26:46,USR-77552
DEVE-1220,TO_DO,2026-04-24 10:44:49,USR-51553
DEVE-1220,IN_PROGRESS,2026-04-26 04:44:49,USR-51553
DEVE-1220,IN_REVIEW,2026-04-27 03:44:49,USR-51553
DEVE-1220,DONE,2026-04-28 23:44:49,USR-51553
CONF-2998,TO_DO,2026-05-31 12:24:24,USR-10221
CONF-2998,IN_PROGRESS,2026-05-31 14:24:24,USR-10221
CONF-2998,IN_REVIEW,2026-06-01 19:24:24,USR-10221
CONF-2998,DONE,2026-06-03 16:24:24,USR-10221
CONF-2998,REOPENED,2026-06-04 08:24:24,USR-19508
CONF-2998,IN_PROGRESS,2026-06-04 15:24:24,USR-10221
CONF-2998,DONE,2026-06-04 22:24:24,USR-10221
THES-7338,TO_DO,2026-03-01 15:02:49,USR-44237
THES-7338,IN_PROGRESS,2026-03-03 14:02:49,USR-44237
THES-7338,IN_REVIEW,2026-03-04 03:02:49,USR-44237
THES-7338,DONE,2026-03-05 11:02:49,USR-44237
CONF-2003,TO_DO,2026-07-04 03:57:10,USR-13478
CONF-2003,IN_PROGRESS,2026-07-05 15:57:10,USR-13478
CONF-2003,IN_REVIEW,2026-07-07 05:57:10,USR-13478
CONF-2003,DONE,2026-07-07 19:57:10,USR-13478
THES-2241,TO_DO,2026-05-23 01:18:30,USR-88139
THES-2241,IN_PROGRESS,2026-05-23 21:18:30,USR-88139
THES-2241,IN_REVIEW,2026-05-25 13:18:30,USR-88139
THES-2241,DONE,2026-05-26 17:18:30,USR-88139
CHOI-4575,TO_DO,2025-12-30 02:33:39,USR-33519
CHOI-4575,IN_PROGRESS,2025-12-30 22:33:39,USR-33519
CHOI-4575,IN_REVIEW,2025-12-31 10:33:39,USR-33519
CHOI-4575,DONE,2025-12-31 16:33:39,USR-33519
THES-9092,TO_DO,2026-01-12 05:10:42,USR-94012
THES-9092,IN_PROGRESS,2026-01-12 07:10:42,USR-94012
THES-9092,IN_REVIEW,2026-01-14 04:10:42,USR-94012
THES-9092,DONE,2026-01-14 11:10:42,USR-94012
CONF-6922,TO_DO,2025-11-24 21:57:02,USR-83889
CONF-6922,IN_PROGRESS,2025-11-26 03:57:02,USR-83889
CONF-6922,IN_REVIEW,2025-11-27 03:57:02,USR-83889
CONF-6922,DONE,2025-11-28 11:57:02,USR-83889
TERM-5919,TO_DO,2026-01-25 18:52:05,USR-74139
TERM-5919,IN_PROGRESS,2026-01-25 22:52:05,USR-74139
TERM-5919,IN_REVIEW,2026-01-27 20:52:05,USR-74139
TERM-5919,DONE,2026-01-28 20:52:05,USR-74139
TERM-8563,TO_DO,2026-03-22 09:39:10,USR-83619
TERM-8563,IN_PROGRESS,2026-03-23 15:39:10,USR-83619
TERM-8563,IN_REVIEW,2026-03-24 02:39:10,USR-83619
TERM-8563,DONE,2026-03-24 13:39:10,USR-83619
ORGA-1401,TO_DO,2026-01-10 14:49:23,USR-97580
ORGA-1401,IN_PROGRESS,2026-01-10 16:49:23,USR-97580
ORGA-1401,IN_REVIEW,2026-01-11 21:49:23,USR-97580
ORGA-1401,DONE,2026-01-13 17:49:23,USR-97580
ANIM-4013,TO_DO,2026-03-27 02:58:33,USR-88385
ANIM-4013,IN_PROGRESS,2026-03-27 05:58:33,USR-88385
ANIM-4013,IN_REVIEW,2026-03-28 14:58:33,USR-88385
ANIM-4013,DONE,2026-03-29 17:58:33,USR-88385
CHOI-5549,TO_DO,2025-11-05 23:08:18,USR-82924
CHOI-5549,IN_PROGRESS,2025-11-07 08:08:18,USR-82924
CHOI-5549,IN_REVIEW,2025-11-09 04:08:18,USR-82924
CHOI-5549,DONE,2025-11-09 09:08:18,USR-82924
THES-2096,TO_DO,2026-08-30 13:40:33,USR-84177
THES-2096,IN_PROGRESS,2026-08-31 22:40:33,USR-84177
THES-2096,IN_REVIEW,2026-09-01 13:40:33,USR-84177
THES-2096,DONE,2026-09-02 17:40:33,USR-84177
DEVE-6046,TO_DO,2026-01-12 01:53:43,USR-38197
DEVE-6046,IN_PROGRESS,2026-01-12 10:53:43,USR-38197
DEVE-6046,IN_REVIEW,2026-01-14 02:53:43,USR-38197
DEVE-6046,DONE,2026-01-14 12:53:43,USR-38197
CHOI-6588,TO_DO,2025-10-01 23:07:17,USR-47627
CHOI-6588,IN_PROGRESS,2025-10-02 02:07:17,USR-47627
CHOI-6588,IN_REVIEW,2025-10-03 08:07:17,USR-47627
CHOI-6588,DONE,2025-10-04 09:07:17,USR-47627
PROF-4431,TO_DO,2026-03-14 09:38:35,USR-38683
PROF-4431,IN_PROGRESS,2026-03-15 22:38:35,USR-38683
PROF-4431,IN_REVIEW,2026-03-16 21:38:35,USR-38683
PROF-4431,DONE,2026-03-18 11:38:35,USR-38683
PROF-3082,TO_DO,2026-02-19 21:33:34,USR-58503
PROF-3082,IN_PROGRESS,2026-02-20 14:33:34,USR-58503
PROF-3082,IN_REVIEW,2026-02-21 07:33:34,USR-58503
PROF-3082,DONE,2026-02-22 16:33:34,USR-58503
TERM-1317,TO_DO,2025-11-11 13:34:20,USR-38080
TERM-1317,IN_PROGRESS,2025-11-13 00:34:20,USR-38080
TERM-1317,IN_REVIEW,2025-11-14 09:34:20,USR-38080
TERM-1317,DONE,2025-11-15 16:34:20,USR-38080
CHOI-2096,TO_DO,2026-07-13 00:06:40,USR-44237
CHOI-2096,IN_PROGRESS,2026-07-14 08:06:40,USR-44237
CHOI-2096,IN_REVIEW,2026-07-15 01:06:40,USR-44237
CHOI-2096,DONE,2026-07-15 17:06:40,USR-44237
DEVE-6361,TO_DO,2026-05-07 14:36:12,USR-70443
DEVE-6361,IN_PROGRESS,2026-05-08 23:36:12,USR-70443
DEVE-6361,IN_REVIEW,2026-05-09 21:36:12,USR-70443
DEVE-6361,DONE,2026-05-11 13:36:12,USR-70443
PROF-4083,TO_DO,2025-12-06 03:14:19,USR-22656
PROF-4083,IN_PROGRESS,2025-12-07 14:14:19,USR-22656
PROF-4083,IN_REVIEW,2025-12-09 00:14:19,USR-22656
PROF-4083,DONE,2025-12-09 20:14:19,USR-22656
ORGA-7930,TO_DO,2026-03-06 00:06:03,USR-30926
ORGA-7930,IN_PROGRESS,2026-03-06 03:06:03,USR-30926
ORGA-7930,IN_REVIEW,2026-03-06 06:06:03,USR-30926
ORGA-7930,DONE,2026-03-08 01:06:03,USR-30926
ORGA-2289,TO_DO,2026-08-10 18:23:16,USR-26059
ORGA-2289,IN_PROGRESS,2026-08-11 06:23:16,USR-26059
ORGA-2289,IN_REVIEW,2026-08-12 22:23:16,USR-26059
ORGA-2289,DONE,2026-08-14 04:23:16,USR-26059
THES-5481,TO_DO,2026-05-31 11:28:28,USR-94843
THES-5481,IN_PROGRESS,2026-05-31 21:28:28,USR-94843
THES-5481,IN_REVIEW,2026-06-01 19:28:28,USR-94843
THES-5481,DONE,2026-06-01 22:28:28,USR-94843
DEVE-6349,TO_DO,2026-07-11 14:30:36,USR-76307
DEVE-6349,IN_PROGRESS,2026-07-13 08:30:36,USR-76307
DEVE-6349,IN_REVIEW,2026-07-14 13:30:36,USR-76307
DEVE-6349,DONE,2026-07-16 08:30:36,USR-76307
ORGA-3916,TO_DO,2026-04-23 23:21:10,USR-64381
ORGA-3916,IN_PROGRESS,2026-04-25 13:21:10,USR-64381
ORGA-3916,IN_REVIEW,2026-04-25 17:21:10,USR-64381
ORGA-3916,DONE,2026-04-27 03:21:10,USR-64381
ANIM-9137,TO_DO,2026-05-26 10:14:05,USR-83792
ANIM-9137,IN_PROGRESS,2026-05-26 17:14:05,USR-83792
ANIM-9137,IN_REVIEW,2026-05-27 18:14:05,USR-83792
ANIM-9137,DONE,2026-05-28 18:14:05,USR-83792
ANIM-9137,REOPENED,2026-05-29 17:14:05,USR-30032
ANIM-9137,IN_PROGRESS,2026-05-29 20:14:05,USR-83792
ANIM-9137,DONE,2026-05-31 02:14:05,USR-83792
WIN-2139,TO_DO,2026-02-14 07:43:21,USR-69470
WIN-2139,IN_PROGRESS,2026-02-16 05:43:21,USR-69470
WIN-2139,IN_REVIEW,2026-02-16 16:43:21,USR-69470
WIN-2139,DONE,2026-02-18 05:43:21,USR-69470
PROF-8348,TO_DO,2026-09-14 21:33:14,USR-16632
PROF-8348,IN_PROGRESS,2026-09-15 00:33:14,USR-16632
PROF-8348,IN_REVIEW,2026-09-15 05:33:14,USR-16632
PROF-8348,DONE,2026-09-17 00:33:14,USR-16632
PROF-8842,TO_DO,2025-11-01 02:33:21,USR-39102
PROF-8842,IN_PROGRESS,2025-11-02 00:33:21,USR-39102
PROF-8842,IN_REVIEW,2025-11-02 22:33:21,USR-39102
PROF-8842,DONE,2025-11-04 00:33:21,USR-39102
PROF-8842,REOPENED,2025-11-05 18:33:21,USR-77000
PROF-8842,IN_PROGRESS,2025-11-06 16:33:21,USR-39102
PROF-8842,DONE,2025-11-07 21:33:21,USR-39102
DEVE-9359,TO_DO,2026-08-21 02:42:02,USR-47930
DEVE-9359,IN_PROGRESS,2026-08-21 08:42:02,USR-47930
DEVE-9359,IN_REVIEW,2026-08-21 12:42:02,USR-47930
DEVE-9359,DONE,2026-08-22 02:42:02,USR-47930
DEVE-4421,TO_DO,2025-12-31 10:37:44,USR-95181
DEVE-4421,IN_PROGRESS,2026-01-01 20:37:44,USR-95181
DEVE-4421,IN_REVIEW,2026-01-02 08:37:44,USR-95181
DEVE-4421,DONE,2026-01-03 11:37:44,USR-95181
ANIM-9785,TO_DO,2026-03-16 23:03:21,USR-84766
ANIM-9785,IN_PROGRESS,2026-03-18 09:03:21,USR-84766
ANIM-9785,IN_REVIEW,2026-03-19 11:03:21,USR-84766
ANIM-9785,DONE,2026-03-19 23:03:21,USR-84766
ANIM-9785,REOPENED,2026-03-20 13:03:21,USR-19120
ANIM-9785,IN_PROGRESS,2026-03-21 09:03:21,USR-84766
ANIM-9785,DONE,2026-03-22 05:03:21,USR-84766
WIN-4207,TO_DO,2026-03-16 09:57:03,USR-13390
WIN-4207,IN_PROGRESS,2026-03-17 15:57:03,USR-13390
WIN-4207,IN_REVIEW,2026-03-19 07:57:03,USR-13390
WIN-4207,DONE,2026-03-21 02:57:03,USR-13390
LIST-7646,TO_DO,2026-05-08 10:17:17,USR-51245
LIST-7646,IN_PROGRESS,2026-05-09 00:17:17,USR-51245
LIST-7646,IN_REVIEW,2026-05-10 14:17:17,USR-51245
LIST-7646,DONE,2026-05-11 11:17:17,USR-51245
PROF-5970,TO_DO,2026-09-11 11:44:31,USR-43491
PROF-5970,IN_PROGRESS,2026-09-12 02:44:31,USR-43491
PROF-5970,IN_REVIEW,2026-09-13 12:44:31,USR-43491
PROF-5970,DONE,2026-09-13 15:44:31,USR-43491
DEVE-4545,TO_DO,2026-06-26 17:48:30,USR-79588
DEVE-4545,IN_PROGRESS,2026-06-28 00:48:30,USR-79588
DEVE-4545,IN_REVIEW,2026-06-29 03:48:30,USR-79588
DEVE-4545,DONE,2026-06-30 19:48:30,USR-79588
TERM-8867,TO_DO,2026-06-29 00:58:42,USR-96127
TERM-8867,IN_PROGRESS,2026-06-29 02:58:42,USR-96127
TERM-8867,IN_REVIEW,2026-06-29 05:58:42,USR-96127
TERM-8867,DONE,2026-06-30 22:58:42,USR-96127
DEVE-5493,TO_DO,2026-08-11 19:38:19,USR-81228
DEVE-5493,IN_PROGRESS,2026-08-12 00:38:19,USR-81228
DEVE-5493,IN_REVIEW,2026-08-13 01:38:19,USR-81228
DEVE-5493,DONE,2026-08-13 16:38:19,USR-81228
PROF-7933,TO_DO,2026-03-15 08:10:23,USR-20322
PROF-7933,IN_PROGRESS,2026-03-15 12:10:23,USR-20322
PROF-7933,IN_REVIEW,2026-03-15 21:10:23,USR-20322
PROF-7933,DONE,2026-03-16 18:10:23,USR-20322
CHOI-8486,TO_DO,2025-10-19 07:00:24,USR-85711
CHOI-8486,IN_PROGRESS,2025-10-20 15:00:24,USR-85711
CHOI-8486,IN_REVIEW,2025-10-21 04:00:24,USR-85711
CHOI-8486,DONE,2025-10-21 06:00:24,USR-85711
THES-4847,TO_DO,2026-01-02 19:33:50,USR-96363
THES-4847,IN_PROGRESS,2026-01-04 17:33:50,USR-96363
THES-4847,IN_REVIEW,2026-01-06 07:33:50,USR-96363
THES-4847,DONE,2026-01-07 15:33:50,USR-96363
ANIM-4530,TO_DO,2025-11-17 17:37:00,USR-69510
ANIM-4530,IN_PROGRESS,2025-11-18 21:37:00,USR-69510
ANIM-4530,IN_REVIEW,2025-11-19 10:37:00,USR-69510
ANIM-4530,DONE,2025-11-19 12:37:00,USR-69510
ANIM-4530,REOPENED,2025-11-21 02:37:00,USR-83889
ANIM-4530,IN_PROGRESS,2025-11-21 04:37:00,USR-69510
ANIM-4530,DONE,2025-11-23 02:37:00,USR-69510
THES-5601,TO_DO,2026-09-02 03:15:41,USR-20350
THES-5601,IN_PROGRESS,2026-09-02 17:15:41,USR-20350
THES-5601,IN_REVIEW,2026-09-03 10:15:41,USR-20350
THES-5601,DONE,2026-09-05 08:15:41,USR-20350
DEVE-1722,TO_DO,2026-06-30 12:01:20,USR-48058
DEVE-1722,IN_PROGRESS,2026-07-02 11:01:20,USR-48058
DEVE-1722,IN_REVIEW,2026-07-02 16:01:20,USR-48058
DEVE-1722,DONE,2026-07-03 12:01:20,USR-48058
THES-7017,TO_DO,2025-12-11 12:37:17,USR-30253
THES-7017,IN_PROGRESS,2025-12-13 12:37:17,USR-30253
THES-7017,IN_REVIEW,2025-12-15 01:37:17,USR-30253
THES-7017,DONE,2025-12-16 13:37:17,USR-30253
WIN-6681,TO_DO,2026-04-07 04:08:35,USR-67132
WIN-6681,IN_PROGRESS,2026-04-07 15:08:35,USR-67132
WIN-6681,IN_REVIEW,2026-04-09 12:08:35,USR-67132
WIN-6681,DONE,2026-04-10 21:08:35,USR-67132
LIST-7681,TO_DO,2026-06-20 02:35:41,USR-77839
LIST-7681,IN_PROGRESS,2026-06-21 21:35:41,USR-77839
LIST-7681,IN_REVIEW,2026-06-23 04:35:41,USR-77839
LIST-7681,DONE,2026-06-24 10:35:41,USR-77839
ANIM-1700,TO_DO,2025-12-04 20:13:52,USR-57381
ANIM-1700,IN_PROGRESS,2025-12-06 14:13:52,USR-57381
ANIM-1700,IN_REVIEW,2025-12-07 02:13:52,USR-57381
ANIM-1700,DONE,2025-12-08 16:13:52,USR-57381
PROF-7493,TO_DO,2026-05-30 18:41:50,USR-78012
PROF-7493,IN_PROGRESS,2026-05-31 02:41:50,USR-78012
PROF-7493,IN_REVIEW,2026-06-01 16:41:50,USR-78012
PROF-7493,DONE,2026-06-01 18:41:50,USR-78012
PROF-7493,REOPENED,2026-06-02 12:41:50,USR-47752
PROF-7493,IN_PROGRESS,2026-06-03 06:41:50,USR-78012
PROF-7493,DONE,2026-06-05 04:41:50,USR-78012
ANIM-4715,TO_DO,2026-05-20 08:27:24,USR-82140
ANIM-4715,IN_PROGRESS,2026-05-21 21:27:24,USR-82140
ANIM-4715,IN_REVIEW,2026-05-23 00:27:24,USR-82140
ANIM-4715,DONE,2026-05-24 11:27:24,USR-82140
ORGA-4589,TO_DO,2026-04-20 10:24:22,USR-74942
ORGA-4589,IN_PROGRESS,2026-04-20 21:24:22,USR-74942
ORGA-4589,IN_REVIEW,2026-04-22 19:24:22,USR-74942
ORGA-4589,DONE,2026-04-23 09:24:22,USR-74942
DEVE-9265,TO_DO,2026-09-13 11:12:16,USR-42018
DEVE-9265,IN_PROGRESS,2026-09-14 08:12:16,USR-42018
DEVE-9265,IN_REVIEW,2026-09-14 23:12:16,USR-42018
DEVE-9265,DONE,2026-09-16 11:12:16,USR-42018
THES-4129,TO_DO,2026-02-08 00:35:08,USR-35995
THES-4129,IN_PROGRESS,2026-02-08 06:35:08,USR-35995
THES-4129,IN_REVIEW,2026-02-09 00:35:08,USR-35995
THES-4129,DONE,2026-02-10 06:35:08,USR-35995
THES-4129,REOPENED,2026-02-10 15:35:08,USR-89840
THES-4129,IN_PROGRESS,2026-02-11 05:35:08,USR-35995
THES-4129,DONE,2026-02-12 07:35:08,USR-35995
ORGA-1173,TO_DO,2026-09-08 03:26:03,USR-23176
ORGA-1173,IN_PROGRESS,2026-09-09 20:26:03,USR-23176
ORGA-1173,IN_REVIEW,2026-09-11 11:26:03,USR-23176
ORGA-1173,DONE,2026-09-12 19:26:03,USR-23176
CONF-1686,TO_DO,2025-10-12 00:02:37,USR-80010
CONF-1686,IN_PROGRESS,2025-10-13 22:02:37,USR-80010
CONF-1686,IN_REVIEW,2025-10-15 06:02:37,USR-80010
CONF-1686,DONE,2025-10-16 08:02:37,USR-80010
THES-7925,TO_DO,2026-05-14 02:49:51,USR-78012
THES-7925,IN_PROGRESS,2026-05-14 06:49:51,USR-78012
THES-7925,IN_REVIEW,2026-05-15 15:49:51,USR-78012
THES-7925,DONE,2026-05-15 22:49:51,USR-78012
CHOI-9908,TO_DO,2026-06-09 16:11:39,USR-12389
CHOI-9908,IN_PROGRESS,2026-06-10 15:11:39,USR-12389
CHOI-9908,IN_REVIEW,2026-06-11 08:11:39,USR-12389
CHOI-9908,DONE,2026-06-13 00:11:39,USR-12389
CHOI-9908,REOPENED,2026-06-14 08:11:39,USR-46347
CHOI-9908,IN_PROGRESS,2026-06-14 10:11:39,USR-12389
CHOI-9908,DONE,2026-06-15 10:11:39,USR-12389
CHOI-8392,TO_DO,2026-08-10 11:05:26,USR-38080
CHOI-8392,IN_PROGRESS,2026-08-11 21:05:26,USR-38080
CHOI-8392,IN_REVIEW,2026-08-13 03:05:26,USR-38080
CHOI-8392,DONE,2026-08-13 09:05:26,USR-38080
ANIM-8588,TO_DO,2026-06-28 18:18:01,USR-49857
ANIM-8588,IN_PROGRESS,2026-06-30 09:18:01,USR-49857
ANIM-8588,IN_REVIEW,2026-06-30 18:18:01,USR-49857
ANIM-8588,DONE,2026-07-02 16:18:01,USR-49857
TERM-3849,TO_DO,2026-04-27 03:16:57,USR-99381
TERM-3849,IN_PROGRESS,2026-04-28 08:16:57,USR-99381
TERM-3849,IN_REVIEW,2026-04-28 17:16:57,USR-99381
TERM-3849,DONE,2026-04-30 14:16:57,USR-99381
THES-4262,TO_DO,2026-03-02 22:24:48,USR-40495
THES-4262,IN_PROGRESS,2026-03-04 00:24:48,USR-40495
THES-4262,IN_REVIEW,2026-03-04 04:24:48,USR-40495
THES-4262,DONE,2026-03-05 01:24:48,USR-40495
PROF-6571,TO_DO,2026-04-08 04:44:44,USR-75410
PROF-6571,IN_PROGRESS,2026-04-08 12:44:44,USR-75410
PROF-6571,IN_REVIEW,2026-04-09 00:44:44,USR-75410
PROF-6571,DONE,2026-04-09 10:44:44,USR-75410
CONF-1387,TO_DO,2026-01-24 05:12:20,USR-18855
CONF-1387,IN_PROGRESS,2026-01-26 03:12:20,USR-18855
CONF-1387,IN_REVIEW,2026-01-27 04:12:20,USR-18855
CONF-1387,DONE,2026-01-28 22:12:20,USR-18855
THES-7858,TO_DO,2026-02-10 13:20:04,USR-46208
THES-7858,IN_PROGRESS,2026-02-10 20:20:04,USR-46208
THES-7858,IN_REVIEW,2026-02-11 14:20:04,USR-46208
THES-7858,DONE,2026-02-13 10:20:04,USR-46208
TERM-7575,TO_DO,2026-06-25 11:30:01,USR-27139
TERM-7575,IN_PROGRESS,2026-06-27 01:30:01,USR-27139
TERM-7575,IN_REVIEW,2026-06-27 14:30:01,USR-27139
TERM-7575,DONE,2026-06-29 10:30:01,USR-27139
TERM-9944,TO_DO,2026-09-08 12:00:10,USR-33600
TERM-9944,IN_PROGRESS,2026-09-08 21:00:10,USR-33600
TERM-9944,IN_REVIEW,2026-09-10 10:00:10,USR-33600
TERM-9944,DONE,2026-09-10 14:00:10,USR-33600
PROF-3414,TO_DO,2025-10-02 23:58:33,USR-89928
PROF-3414,IN_PROGRESS,2025-10-03 01:58:33,USR-89928
PROF-3414,IN_REVIEW,2025-10-03 10:58:33,USR-89928
PROF-3414,DONE,2025-10-04 21:58:33,USR-89928
CHOI-9692,TO_DO,2026-09-20 21:51:21,USR-53506
CHOI-9692,IN_PROGRESS,2026-09-21 12:51:21,USR-53506
CHOI-9692,IN_REVIEW,2026-09-22 02:51:21,USR-53506
CHOI-9692,DONE,2026-09-23 22:51:21,USR-53506
CHOI-9692,REOPENED,2026-09-25 06:51:21,USR-78012
CHOI-9692,IN_PROGRESS,2026-09-25 22:51:21,USR-53506
CHOI-9692,DONE,2026-09-27 08:51:21,USR-53506
PROF-2622,TO_DO,2026-02-25 08:55:11,USR-52517
PROF-2622,IN_PROGRESS,2026-02-25 19:55:11,USR-52517
PROF-2622,IN_REVIEW,2026-02-27 15:55:11,USR-52517
PROF-2622,DONE,2026-02-28 01:55:11,USR-52517
ANIM-2114,TO_DO,2026-06-13 13:49:07,USR-32349
ANIM-2114,IN_PROGRESS,2026-06-15 07:49:07,USR-32349
ANIM-2114,IN_REVIEW,2026-06-16 08:49:07,USR-32349
ANIM-2114,DONE,2026-06-17 00:49:07,USR-32349
ORGA-1977,TO_DO,2025-12-15 12:13:36,USR-51553
ORGA-1977,IN_PROGRESS,2025-12-16 15:13:36,USR-51553
ORGA-1977,IN_REVIEW,2025-12-17 21:13:36,USR-51553
ORGA-1977,DONE,2025-12-19 13:13:36,USR-51553
ANIM-8853,TO_DO,2025-12-09 12:52:36,USR-50492
ANIM-8853,IN_PROGRESS,2025-12-10 05:52:36,USR-50492
ANIM-8853,IN_REVIEW,2025-12-11 21:52:36,USR-50492
ANIM-8853,DONE,2025-12-13 08:52:36,USR-50492
TERM-2229,TO_DO,2025-10-24 07:58:33,USR-16764
TERM-2229,IN_PROGRESS,2025-10-26 02:58:33,USR-16764
TERM-2229,IN_REVIEW,2025-10-26 06:58:33,USR-16764
TERM-2229,DONE,2025-10-27 07:58:33,USR-16764
ORGA-5601,TO_DO,2026-02-01 02:01:50,USR-72973
ORGA-5601,IN_PROGRESS,2026-02-02 00:01:50,USR-72973
ORGA-5601,IN_REVIEW,2026-02-02 21:01:50,USR-72973
ORGA-5601,DONE,2026-02-04 05:01:50,USR-72973
TERM-7325,TO_DO,2026-02-28 14:10:36,USR-14929
TERM-7325,IN_PROGRESS,2026-03-02 06:10:36,USR-14929
TERM-7325,IN_REVIEW,2026-03-04 02:10:36,USR-14929
TERM-7325,DONE,2026-03-05 16:10:36,USR-14929
TERM-6522,TO_DO,2026-08-12 12:24:55,USR-50327
TERM-6522,IN_PROGRESS,2026-08-13 06:24:55,USR-50327
TERM-6522,IN_REVIEW,2026-08-15 00:24:55,USR-50327
TERM-6522,DONE,2026-08-15 19:24:55,USR-50327
TERM-6522,REOPENED,2026-08-16 14:24:55,USR-49210
TERM-6522,IN_PROGRESS,2026-08-17 00:24:55,USR-50327
TERM-6522,DONE,2026-08-18 18:24:55,USR-50327
LIST-4732,TO_DO,2026-03-28 01:38:14,USR-77715
LIST-4732,IN_PROGRESS,2026-03-28 15:38:14,USR-77715
LIST-4732,IN_REVIEW,2026-03-29 14:38:14,USR-77715
LIST-4732,DONE,2026-03-31 01:38:14,USR-77715
ORGA-5563,TO_DO,2026-05-23 21:50:49,USR-92998
ORGA-5563,IN_PROGRESS,2026-05-25 19:50:49,USR-92998
ORGA-5563,IN_REVIEW,2026-05-26 15:50:49,USR-92998
ORGA-5563,DONE,2026-05-27 05:50:49,USR-92998
WIN-9892,TO_DO,2025-12-09 07:57:50,USR-56176
WIN-9892,IN_PROGRESS,2025-12-11 07:57:50,USR-56176
WIN-9892,IN_REVIEW,2025-12-13 07:57:50,USR-56176
WIN-9892,DONE,2025-12-14 03:57:50,USR-56176
PROF-4370,TO_DO,2026-01-02 08:17:13,USR-77251
PROF-4370,IN_PROGRESS,2026-01-03 09:17:13,USR-77251
PROF-4370,IN_REVIEW,2026-01-04 02:17:13,USR-77251
PROF-4370,DONE,2026-01-05 05:17:13,USR-77251
CHOI-8521,TO_DO,2025-11-25 09:36:49,USR-18418
CHOI-8521,IN_PROGRESS,2025-11-26 22:36:49,USR-18418
CHOI-8521,IN_REVIEW,2025-11-28 01:36:49,USR-18418
CHOI-8521,DONE,2025-11-28 03:36:49,USR-18418
PROF-5174,TO_DO,2025-10-06 18:32:40,USR-91689
PROF-5174,IN_PROGRESS,2025-10-08 08:32:40,USR-91689
PROF-5174,IN_REVIEW,2025-10-09 12:32:40,USR-91689
PROF-5174,DONE,2025-10-10 02:32:40,USR-91689
DEVE-8007,TO_DO,2025-10-18 23:14:45,USR-95316
DEVE-8007,IN_PROGRESS,2025-10-19 08:14:45,USR-95316
DEVE-8007,IN_REVIEW,2025-10-19 18:14:45,USR-95316
DEVE-8007,DONE,2025-10-20 07:14:45,USR-95316
WIN-1892,TO_DO,2025-12-01 22:21:58,USR-59692
WIN-1892,IN_PROGRESS,2025-12-02 06:21:58,USR-59692
WIN-1892,IN_REVIEW,2025-12-04 03:21:58,USR-59692
WIN-1892,DONE,2025-12-05 08:21:58,USR-59692
WIN-1892,REOPENED,2025-12-05 23:21:58,USR-79514
WIN-1892,IN_PROGRESS,2025-12-06 01:21:58,USR-59692
WIN-1892,DONE,2025-12-07 23:21:58,USR-59692
CONF-1981,TO_DO,2026-08-08 22:55:53,USR-13492
CONF-1981,IN_PROGRESS,2026-08-09 15:55:53,USR-13492
CONF-1981,IN_REVIEW,2026-08-10 07:55:53,USR-13492
CONF-1981,DONE,2026-08-10 23:55:53,USR-13492
CONF-1981,REOPENED,2026-08-12 16:55:53,USR-35242
CONF-1981,IN_PROGRESS,2026-08-13 12:55:53,USR-13492
CONF-1981,DONE,2026-08-15 04:55:53,USR-13492
CHOI-6792,TO_DO,2026-06-05 22:28:45,USR-19116
CHOI-6792,IN_PROGRESS,2026-06-06 10:28:45,USR-19116
CHOI-6792,IN_REVIEW,2026-06-07 12:28:45,USR-19116
CHOI-6792,DONE,2026-06-08 03:28:45,USR-19116
CONF-1285,TO_DO,2026-05-22 20:33:59,USR-41186
CONF-1285,IN_PROGRESS,2026-05-23 05:33:59,USR-41186
CONF-1285,IN_REVIEW,2026-05-23 13:33:59,USR-41186
CONF-1285,DONE,2026-05-24 06:33:59,USR-41186
PROF-4965,TO_DO,2026-04-23 06:45:40,USR-85598
PROF-4965,IN_PROGRESS,2026-04-23 23:45:40,USR-85598
PROF-4965,IN_REVIEW,2026-04-25 19:45:40,USR-85598
PROF-4965,DONE,2026-04-26 16:45:40,USR-85598
CONF-7335,TO_DO,2025-11-28 04:54:03,USR-56438
CONF-7335,IN_PROGRESS,2025-11-28 15:54:03,USR-56438
CONF-7335,IN_REVIEW,2025-11-29 17:54:03,USR-56438
CONF-7335,DONE,2025-12-01 10:54:03,USR-56438
DEVE-9868,TO_DO,2026-08-23 16:54:30,USR-20336
DEVE-9868,IN_PROGRESS,2026-08-24 15:54:30,USR-20336
DEVE-9868,IN_REVIEW,2026-08-25 13:54:30,USR-20336
DEVE-9868,DONE,2026-08-25 16:54:30,USR-20336
LIST-7355,TO_DO,2026-09-05 02:35:36,USR-26334
LIST-7355,IN_PROGRESS,2026-09-07 00:35:36,USR-26334
LIST-7355,IN_REVIEW,2026-09-08 21:35:36,USR-26334
LIST-7355,DONE,2026-09-09 23:35:36,USR-26334
ORGA-4393,TO_DO,2025-11-17 15:21:36,USR-53687
ORGA-4393,IN_PROGRESS,2025-11-18 17:21:36,USR-53687
ORGA-4393,IN_REVIEW,2025-11-20 09:21:36,USR-53687
ORGA-4393,DONE,2025-11-21 17:21:36,USR-53687
CONF-4998,TO_DO,2026-09-11 14:33:07,USR-74923
CONF-4998,IN_PROGRESS,2026-09-12 15:33:07,USR-74923
CONF-4998,IN_REVIEW,2026-09-13 17:33:07,USR-74923
CONF-4998,DONE,2026-09-13 20:33:07,USR-74923
ORGA-8296,TO_DO,2026-06-07 05:56:05,USR-64387
ORGA-8296,IN_PROGRESS,2026-06-07 23:56:05,USR-64387
ORGA-8296,IN_REVIEW,2026-06-09 07:56:05,USR-64387
ORGA-8296,DONE,2026-06-09 19:56:05,USR-64387
PROF-9473,TO_DO,2025-11-26 19:22:17,USR-51114
PROF-9473,IN_PROGRESS,2025-11-27 02:22:17,USR-51114
PROF-9473,IN_REVIEW,2025-11-29 01:22:17,USR-51114
PROF-9473,DONE,2025-11-29 13:22:17,USR-51114
CONF-1820,TO_DO,2025-12-02 20:58:26,USR-82512
CONF-1820,IN_PROGRESS,2025-12-04 01:58:26,USR-82512
CONF-1820,IN_REVIEW,2025-12-04 20:58:26,USR-82512
CONF-1820,DONE,2025-12-05 09:58:26,USR-82512
ORGA-6105,TO_DO,2026-08-03 22:58:53,USR-10726
ORGA-6105,IN_PROGRESS,2026-08-04 18:58:53,USR-10726
ORGA-6105,IN_REVIEW,2026-08-06 07:58:53,USR-10726
ORGA-6105,DONE,2026-08-07 15:58:53,USR-10726
ANIM-4870,TO_DO,2026-04-03 22:52:27,USR-51114
ANIM-4870,IN_PROGRESS,2026-04-04 17:52:27,USR-51114
ANIM-4870,IN_REVIEW,2026-04-05 06:52:27,USR-51114
ANIM-4870,DONE,2026-04-06 18:52:27,USR-51114
ANIM-4870,REOPENED,2026-04-07 03:52:27,USR-76494
ANIM-4870,IN_PROGRESS,2026-04-07 18:52:27,USR-51114
ANIM-4870,DONE,2026-04-09 09:52:27,USR-51114
WIN-3931,TO_DO,2025-10-22 07:49:54,USR-53025
WIN-3931,IN_PROGRESS,2025-10-23 02:49:54,USR-53025
WIN-3931,IN_REVIEW,2025-10-24 12:49:54,USR-53025
WIN-3931,DONE,2025-10-24 15:49:54,USR-53025
LIST-1931,TO_DO,2025-10-31 21:00:28,USR-38746
LIST-1931,IN_PROGRESS,2025-11-02 13:00:28,USR-38746
LIST-1931,IN_REVIEW,2025-11-03 14:00:28,USR-38746
LIST-1931,DONE,2025-11-05 04:00:28,USR-38746
TERM-5027,TO_DO,2026-05-26 23:34:54,USR-82132
TERM-5027,IN_PROGRESS,2026-05-27 03:34:54,USR-82132
TERM-5027,IN_REVIEW,2026-05-27 09:34:54,USR-82132
TERM-5027,DONE,2026-05-28 11:34:54,USR-82132
DEVE-5705,TO_DO,2026-05-03 03:48:46,USR-49210
DEVE-5705,IN_PROGRESS,2026-05-04 14:48:46,USR-49210
DEVE-5705,IN_REVIEW,2026-05-05 21:48:46,USR-49210
DEVE-5705,DONE,2026-05-07 16:48:46,USR-49210
WIN-7638,TO_DO,2026-05-25 01:30:41,USR-22672
WIN-7638,IN_PROGRESS,2026-05-25 11:30:41,USR-22672
WIN-7638,IN_REVIEW,2026-05-25 15:30:41,USR-22672
WIN-7638,DONE,2026-05-26 06:30:41,USR-22672
CONF-7021,TO_DO,2025-11-09 23:14:14,USR-21188
CONF-7021,IN_PROGRESS,2025-11-10 02:14:14,USR-21188
CONF-7021,IN_REVIEW,2025-11-11 00:14:14,USR-21188
CONF-7021,DONE,2025-11-12 09:14:14,USR-21188
DEVE-4531,TO_DO,2026-03-29 13:34:43,USR-16839
DEVE-4531,IN_PROGRESS,2026-03-31 08:34:43,USR-16839
DEVE-4531,IN_REVIEW,2026-04-01 05:34:43,USR-16839
DEVE-4531,DONE,2026-04-02 08:34:43,USR-16839
ANIM-1268,TO_DO,2026-05-07 01:13:52,USR-10336
ANIM-1268,IN_PROGRESS,2026-05-08 02:13:52,USR-10336
ANIM-1268,IN_REVIEW,2026-05-08 17:13:52,USR-10336
ANIM-1268,DONE,2026-05-10 00:13:52,USR-10336
ORGA-1841,TO_DO,2026-02-07 11:21:29,USR-94136
ORGA-1841,IN_PROGRESS,2026-02-08 11:21:29,USR-94136
ORGA-1841,IN_REVIEW,2026-02-09 18:21:29,USR-94136
ORGA-1841,DONE,2026-02-10 20:21:29,USR-94136
ORGA-2279,TO_DO,2025-11-23 23:57:06,USR-52101
ORGA-2279,IN_PROGRESS,2025-11-24 05:57:06,USR-52101
ORGA-2279,IN_REVIEW,2025-11-25 05:57:06,USR-52101
ORGA-2279,DONE,2025-11-26 04:57:06,USR-52101
CHOI-9302,TO_DO,2026-01-29 11:46:07,USR-81200
CHOI-9302,IN_PROGRESS,2026-01-29 14:46:07,USR-81200
CHOI-9302,IN_REVIEW,2026-01-31 00:46:07,USR-81200
CHOI-9302,DONE,2026-01-31 15:46:07,USR-81200
LIST-7082,TO_DO,2025-10-03 03:21:27,USR-82140
LIST-7082,IN_PROGRESS,2025-10-03 23:21:27,USR-82140
LIST-7082,IN_REVIEW,2025-10-05 00:21:27,USR-82140
LIST-7082,DONE,2025-10-05 05:21:27,USR-82140
LIST-7082,REOPENED,2025-10-06 16:21:27,USR-71605
LIST-7082,IN_PROGRESS,2025-10-07 11:21:27,USR-82140
LIST-7082,DONE,2025-10-07 22:21:27,USR-82140
TERM-8987,TO_DO,2026-04-05 02:07:42,USR-17331
TERM-8987,IN_PROGRESS,2026-04-06 12:07:42,USR-17331
TERM-8987,IN_REVIEW,2026-04-06 18:07:42,USR-17331
TERM-8987,DONE,2026-04-07 05:07:42,USR-17331
WIN-8206,TO_DO,2025-10-12 15:42:58,USR-13804
WIN-8206,IN_PROGRESS,2025-10-12 22:42:58,USR-13804
WIN-8206,IN_REVIEW,2025-10-14 15:42:58,USR-13804
WIN-8206,DONE,2025-10-15 17:42:58,USR-13804
ORGA-4608,TO_DO,2025-11-16 16:23:10,USR-54597
ORGA-4608,IN_PROGRESS,2025-11-17 20:23:10,USR-54597
ORGA-4608,IN_REVIEW,2025-11-18 07:23:10,USR-54597
ORGA-4608,DONE,2025-11-19 12:23:10,USR-54597
ORGA-4608,REOPENED,2025-11-21 01:23:10,USR-11658
ORGA-4608,IN_PROGRESS,2025-11-21 20:23:10,USR-54597
ORGA-4608,DONE,2025-11-22 16:23:10,USR-54597
PROF-1009,TO_DO,2026-02-19 15:13:04,USR-93584
PROF-1009,IN_PROGRESS,2026-02-20 07:13:04,USR-93584
PROF-1009,IN_REVIEW,2026-02-21 14:13:04,USR-93584
PROF-1009,DONE,2026-02-22 02:13:04,USR-93584
TERM-2871,TO_DO,2026-02-08 09:49:25,USR-58237
TERM-2871,IN_PROGRESS,2026-02-09 03:49:25,USR-58237
TERM-2871,IN_REVIEW,2026-02-10 17:49:25,USR-58237
TERM-2871,DONE,2026-02-12 06:49:25,USR-58237
TERM-2871,REOPENED,2026-02-13 19:49:25,USR-19807
TERM-2871,IN_PROGRESS,2026-02-14 19:49:25,USR-58237
TERM-2871,DONE,2026-02-15 20:49:25,USR-58237
WIN-9629,TO_DO,2025-10-29 20:59:27,USR-94562
WIN-9629,IN_PROGRESS,2025-10-31 12:59:27,USR-94562
WIN-9629,IN_REVIEW,2025-11-01 05:59:27,USR-94562
WIN-9629,DONE,2025-11-01 21:59:27,USR-94562
ORGA-8919,TO_DO,2025-12-04 17:24:01,USR-50492
ORGA-8919,IN_PROGRESS,2025-12-06 08:24:01,USR-50492
ORGA-8919,IN_REVIEW,2025-12-07 05:24:01,USR-50492
ORGA-8919,DONE,2025-12-07 23:24:01,USR-50492
ANIM-4663,TO_DO,2026-07-09 23:21:06,USR-78012
ANIM-4663,IN_PROGRESS,2026-07-11 21:21:06,USR-78012
ANIM-4663,IN_REVIEW,2026-07-13 09:21:06,USR-78012
ANIM-4663,DONE,2026-07-14 19:21:06,USR-78012
ORGA-7551,TO_DO,2026-09-01 03:19:58,USR-84177
ORGA-7551,IN_PROGRESS,2026-09-02 23:19:58,USR-84177
ORGA-7551,IN_REVIEW,2026-09-03 05:19:58,USR-84177
ORGA-7551,DONE,2026-09-04 03:19:58,USR-84177
ORGA-7650,TO_DO,2025-10-28 11:03:59,USR-17104
ORGA-7650,IN_PROGRESS,2025-10-29 08:03:59,USR-17104
ORGA-7650,IN_REVIEW,2025-10-30 01:03:59,USR-17104
ORGA-7650,DONE,2025-10-31 10:03:59,USR-17104
ORGA-4506,TO_DO,2025-12-26 11:03:53,USR-77889
ORGA-4506,IN_PROGRESS,2025-12-27 10:03:53,USR-77889
ORGA-4506,IN_REVIEW,2025-12-27 22:03:53,USR-77889
ORGA-4506,DONE,2025-12-29 14:03:53,USR-77889
CONF-7174,TO_DO,2025-12-12 13:36:30,USR-80686
CONF-7174,IN_PROGRESS,2025-12-13 18:36:30,USR-80686
CONF-7174,IN_REVIEW,2025-12-15 03:36:30,USR-80686
CONF-7174,DONE,2025-12-15 10:36:30,USR-80686
ANIM-1841,TO_DO,2025-09-29 09:29:11,USR-31417
ANIM-1841,IN_PROGRESS,2025-10-01 05:29:11,USR-31417
ANIM-1841,IN_REVIEW,2025-10-02 19:29:11,USR-31417
ANIM-1841,DONE,2025-10-03 02:29:11,USR-31417
ANIM-1841,REOPENED,2025-10-03 06:29:11,USR-13248
ANIM-1841,IN_PROGRESS,2025-10-03 12:29:11,USR-31417
ANIM-1841,DONE,2025-10-04 11:29:11,USR-31417
WIN-2637,TO_DO,2025-12-09 11:28:12,USR-80686
WIN-2637,IN_PROGRESS,2025-12-09 23:28:12,USR-80686
WIN-2637,IN_REVIEW,2025-12-11 02:28:12,USR-80686
WIN-2637,DONE,2025-12-12 11:28:12,USR-80686
WIN-2637,REOPENED,2025-12-12 19:28:12,USR-72781
WIN-2637,IN_PROGRESS,2025-12-13 04:28:12,USR-80686
WIN-2637,DONE,2025-12-14 21:28:12,USR-80686
CHOI-9619,TO_DO,2025-12-24 09:06:14,USR-12671
CHOI-9619,IN_PROGRESS,2025-12-24 21:06:14,USR-12671
CHOI-9619,IN_REVIEW,2025-12-26 16:06:14,USR-12671
CHOI-9619,DONE,2025-12-28 14:06:14,USR-12671
CHOI-9619,REOPENED,2025-12-30 00:06:14,USR-88696
CHOI-9619,IN_PROGRESS,2025-12-30 04:06:14,USR-12671
CHOI-9619,DONE,2025-12-31 15:06:14,USR-12671
CONF-4666,TO_DO,2026-06-02 17:25:09,USR-13390
CONF-4666,IN_PROGRESS,2026-06-03 23:25:09,USR-13390
CONF-4666,IN_REVIEW,2026-06-04 23:25:09,USR-13390
CONF-4666,DONE,2026-06-06 09:25:09,USR-13390
CHOI-7571,TO_DO,2026-09-07 19:13:32,USR-77889
CHOI-7571,IN_PROGRESS,2026-09-09 02:13:32,USR-77889
CHOI-7571,IN_REVIEW,2026-09-09 13:13:32,USR-77889
CHOI-7571,DONE,2026-09-11 12:13:32,USR-77889
DEVE-2301,TO_DO,2025-10-20 09:38:50,USR-69638
DEVE-2301,IN_PROGRESS,2025-10-22 09:38:50,USR-69638
DEVE-2301,IN_REVIEW,2025-10-22 15:38:50,USR-69638
DEVE-2301,DONE,2025-10-23 11:38:50,USR-69638
DEVE-2301,REOPENED,2025-10-24 10:38:50,USR-26912
DEVE-2301,IN_PROGRESS,2025-10-25 09:38:50,USR-69638
DEVE-2301,DONE,2025-10-26 09:38:50,USR-69638
CONF-4919,TO_DO,2026-07-23 12:28:51,USR-82102
CONF-4919,IN_PROGRESS,2026-07-25 12:28:51,USR-82102
CONF-4919,IN_REVIEW,2026-07-27 03:28:51,USR-82102
CONF-4919,DONE,2026-07-28 00:28:51,USR-82102
PROF-8753,TO_DO,2026-02-13 00:29:31,USR-93130
PROF-8753,IN_PROGRESS,2026-02-13 04:29:31,USR-93130
PROF-8753,IN_REVIEW,2026-02-13 22:29:31,USR-93130
PROF-8753,DONE,2026-02-15 00:29:31,USR-93130
TERM-8594,TO_DO,2026-06-22 05:57:58,USR-10205
TERM-8594,IN_PROGRESS,2026-06-24 04:57:58,USR-10205
TERM-8594,IN_REVIEW,2026-06-25 09:57:58,USR-10205
TERM-8594,DONE,2026-06-27 05:57:58,USR-10205
CONF-4014,TO_DO,2026-08-30 07:20:51,USR-83519
CONF-4014,IN_PROGRESS,2026-08-30 18:20:51,USR-83519
CONF-4014,IN_REVIEW,2026-08-30 22:20:51,USR-83519
CONF-4014,DONE,2026-08-31 08:20:51,USR-83519
CONF-4014,REOPENED,2026-09-01 01:20:51,USR-10205
CONF-4014,IN_PROGRESS,2026-09-01 18:20:51,USR-83519
CONF-4014,DONE,2026-09-03 12:20:51,USR-83519
TERM-5552,TO_DO,2026-08-30 21:57:50,USR-42527
TERM-5552,IN_PROGRESS,2026-09-01 20:57:50,USR-42527
TERM-5552,IN_REVIEW,2026-09-02 19:57:50,USR-42527
TERM-5552,DONE,2026-09-04 12:57:50,USR-42527
WIN-1044,TO_DO,2025-10-03 07:24:04,USR-68183
WIN-1044,IN_PROGRESS,2025-10-05 04:24:04,USR-68183
WIN-1044,IN_REVIEW,2025-10-07 00:24:04,USR-68183
WIN-1044,DONE,2025-10-08 10:24:04,USR-68183
WIN-1044,REOPENED,2025-10-09 05:24:04,USR-12490
WIN-1044,IN_PROGRESS,2025-10-09 22:24:04,USR-68183
WIN-1044,DONE,2025-10-11 03:24:04,USR-68183
LIST-4222,TO_DO,2026-08-24 12:46:14,USR-80748
LIST-4222,IN_PROGRESS,2026-08-25 08:46:14,USR-80748
LIST-4222,IN_REVIEW,2026-08-26 20:46:14,USR-80748
LIST-4222,DONE,2026-08-28 03:46:14,USR-80748
CHOI-6449,TO_DO,2026-06-12 12:14:47,USR-19120
CHOI-6449,IN_PROGRESS,2026-06-13 19:14:47,USR-19120
CHOI-6449,IN_REVIEW,2026-06-15 11:14:47,USR-19120
CHOI-6449,DONE,2026-06-17 01:14:47,USR-19120
CHOI-6449,REOPENED,2026-06-17 17:14:47,USR-86724
CHOI-6449,IN_PROGRESS,2026-06-18 04:14:47,USR-19120
CHOI-6449,DONE,2026-06-19 21:14:47,USR-19120
PROF-8360,TO_DO,2026-05-20 23:54:45,USR-75570
PROF-8360,IN_PROGRESS,2026-05-21 17:54:45,USR-75570
PROF-8360,IN_REVIEW,2026-05-22 20:54:45,USR-75570
PROF-8360,DONE,2026-05-23 14:54:45,USR-75570
LIST-4755,TO_DO,2026-01-24 13:28:51,USR-52981
LIST-4755,IN_PROGRESS,2026-01-24 18:28:51,USR-52981
LIST-4755,IN_REVIEW,2026-01-25 00:28:51,USR-52981
LIST-4755,DONE,2026-01-25 19:28:51,USR-52981
LIST-4755,REOPENED,2026-01-27 07:28:51,USR-28321
LIST-4755,IN_PROGRESS,2026-01-28 01:28:51,USR-52981
LIST-4755,DONE,2026-01-29 07:28:51,USR-52981
DEVE-9220,TO_DO,2026-08-06 09:35:05,USR-18855
DEVE-9220,IN_PROGRESS,2026-08-07 18:35:05,USR-18855
DEVE-9220,IN_REVIEW,2026-08-09 09:35:05,USR-18855
DEVE-9220,DONE,2026-08-10 00:35:05,USR-18855
LIST-5711,TO_DO,2026-03-07 21:22:06,USR-77889
LIST-5711,IN_PROGRESS,2026-03-09 09:22:06,USR-77889
LIST-5711,IN_REVIEW,2026-03-11 04:22:06,USR-77889
LIST-5711,DONE,2026-03-11 18:22:06,USR-77889
ORGA-2305,TO_DO,2026-09-17 13:56:14,USR-78069
ORGA-2305,IN_PROGRESS,2026-09-18 01:56:14,USR-78069
ORGA-2305,IN_REVIEW,2026-09-19 21:56:14,USR-78069
ORGA-2305,DONE,2026-09-20 17:56:14,USR-78069
CHOI-7808,TO_DO,2026-05-30 15:39:45,USR-97062
CHOI-7808,IN_PROGRESS,2026-05-31 12:39:45,USR-97062
CHOI-7808,IN_REVIEW,2026-06-02 00:39:45,USR-97062
CHOI-7808,DONE,2026-06-03 22:39:45,USR-97062
THES-2248,TO_DO,2025-10-04 11:26:14,USR-17665
THES-2248,IN_PROGRESS,2025-10-05 00:26:14,USR-17665
THES-2248,IN_REVIEW,2025-10-05 09:26:14,USR-17665
THES-2248,DONE,2025-10-06 15:26:14,USR-17665
THES-9199,TO_DO,2026-05-18 23:16:42,USR-18285
THES-9199,IN_PROGRESS,2026-05-19 18:16:42,USR-18285
THES-9199,IN_REVIEW,2026-05-20 01:16:42,USR-18285
THES-9199,DONE,2026-05-21 01:16:42,USR-18285
WIN-3890,TO_DO,2026-02-15 05:20:22,USR-95841
WIN-3890,IN_PROGRESS,2026-02-15 12:20:22,USR-95841
WIN-3890,IN_REVIEW,2026-02-15 18:20:22,USR-95841
WIN-3890,DONE,2026-02-16 06:20:22,USR-95841
WIN-3627,TO_DO,2026-05-25 23:32:31,USR-18285
WIN-3627,IN_PROGRESS,2026-05-26 02:32:31,USR-18285
WIN-3627,IN_REVIEW,2026-05-27 01:32:31,USR-18285
WIN-3627,DONE,2026-05-28 03:32:31,USR-18285
THES-9395,TO_DO,2026-08-07 19:10:46,USR-32810
THES-9395,IN_PROGRESS,2026-08-09 10:10:46,USR-32810
THES-9395,IN_REVIEW,2026-08-11 08:10:46,USR-32810
THES-9395,DONE,2026-08-11 14:10:46,USR-32810
TERM-8501,TO_DO,2025-12-11 15:38:33,USR-23006
TERM-8501,IN_PROGRESS,2025-12-11 17:38:33,USR-23006
TERM-8501,IN_REVIEW,2025-12-13 07:38:33,USR-23006
TERM-8501,DONE,2025-12-14 07:38:33,USR-23006
WIN-6549,TO_DO,2025-11-21 21:22:27,USR-95181
WIN-6549,IN_PROGRESS,2025-11-23 13:22:27,USR-95181
WIN-6549,IN_REVIEW,2025-11-25 00:22:27,USR-95181
WIN-6549,DONE,2025-11-26 13:22:27,USR-95181
CONF-3224,TO_DO,2026-09-15 06:39:13,USR-58147
CONF-3224,IN_PROGRESS,2026-09-17 00:39:13,USR-58147
CONF-3224,IN_REVIEW,2026-09-17 22:39:13,USR-58147
CONF-3224,DONE,2026-09-18 15:39:13,USR-58147
LIST-7973,TO_DO,2026-01-26 22:08:40,USR-28373
LIST-7973,IN_PROGRESS,2026-01-28 00:08:40,USR-28373
LIST-7973,IN_REVIEW,2026-01-28 11:08:40,USR-28373
LIST-7973,DONE,2026-01-29 06:08:40,USR-28373
ORGA-2218,TO_DO,2026-01-15 12:49:22,USR-41571
ORGA-2218,IN_PROGRESS,2026-01-15 15:49:22,USR-41571
ORGA-2218,IN_REVIEW,2026-01-15 18:49:22,USR-41571
ORGA-2218,DONE,2026-01-16 14:49:22,USR-41571
ANIM-2524,TO_DO,2026-01-31 18:11:47,USR-83048
ANIM-2524,IN_PROGRESS,2026-02-01 03:11:47,USR-83048
ANIM-2524,IN_REVIEW,2026-02-01 11:11:47,USR-83048
ANIM-2524,DONE,2026-02-02 05:11:47,USR-83048
WIN-3027,TO_DO,2025-12-05 01:42:25,USR-72781
WIN-3027,IN_PROGRESS,2025-12-06 14:42:25,USR-72781
WIN-3027,IN_REVIEW,2025-12-08 02:42:25,USR-72781
WIN-3027,DONE,2025-12-08 09:42:25,USR-72781
LIST-9946,TO_DO,2026-04-13 16:06:32,USR-85156
LIST-9946,IN_PROGRESS,2026-04-14 13:06:32,USR-85156
LIST-9946,IN_REVIEW,2026-04-15 17:06:32,USR-85156
LIST-9946,DONE,2026-04-16 00:06:32,USR-85156
WIN-5408,TO_DO,2025-11-20 06:42:37,USR-31174
WIN-5408,IN_PROGRESS,2025-11-20 10:42:37,USR-31174
WIN-5408,IN_REVIEW,2025-11-21 18:42:37,USR-31174
WIN-5408,DONE,2025-11-22 19:42:37,USR-31174
LIST-2751,TO_DO,2026-02-13 21:02:18,USR-36090
LIST-2751,IN_PROGRESS,2026-02-14 10:02:18,USR-36090
LIST-2751,IN_REVIEW,2026-02-16 05:02:18,USR-36090
LIST-2751,DONE,2026-02-17 19:02:18,USR-36090
THES-1275,TO_DO,2026-06-03 04:49:31,USR-98916
THES-1275,IN_PROGRESS,2026-06-03 21:49:31,USR-98916
THES-1275,IN_REVIEW,2026-06-05 01:49:31,USR-98916
THES-1275,DONE,2026-06-05 03:49:31,USR-98916
LIST-5477,TO_DO,2026-08-30 07:11:11,USR-41147
LIST-5477,IN_PROGRESS,2026-08-31 12:11:11,USR-41147
LIST-5477,IN_REVIEW,2026-09-01 03:11:11,USR-41147
LIST-5477,DONE,2026-09-02 20:11:11,USR-41147
ORGA-4153,TO_DO,2026-06-24 17:50:04,USR-48829
ORGA-4153,IN_PROGRESS,2026-06-25 13:50:04,USR-48829
ORGA-4153,IN_REVIEW,2026-06-26 08:50:04,USR-48829
ORGA-4153,DONE,2026-06-27 01:50:04,USR-48829
THES-7884,TO_DO,2025-11-19 09:50:52,USR-61879
THES-7884,IN_PROGRESS,2025-11-20 03:50:52,USR-61879
THES-7884,IN_REVIEW,2025-11-22 01:50:52,USR-61879
THES-7884,DONE,2025-11-22 11:50:52,USR-61879
ANIM-2965,TO_DO,2026-07-01 12:31:16,USR-96163
ANIM-2965,IN_PROGRESS,2026-07-03 12:31:16,USR-96163
ANIM-2965,IN_REVIEW,2026-07-03 18:31:16,USR-96163
ANIM-2965,DONE,2026-07-05 15:31:16,USR-96163
ANIM-4573,TO_DO,2026-06-26 12:07:01,USR-18330
ANIM-4573,IN_PROGRESS,2026-06-28 10:07:01,USR-18330
ANIM-4573,IN_REVIEW,2026-06-28 12:07:01,USR-18330
ANIM-4573,DONE,2026-06-29 16:07:01,USR-18330
WIN-4380,TO_DO,2025-12-18 13:52:45,USR-12389
WIN-4380,IN_PROGRESS,2025-12-19 17:52:45,USR-12389
WIN-4380,IN_REVIEW,2025-12-20 19:52:45,USR-12389
WIN-4380,DONE,2025-12-22 15:52:45,USR-12389
CHOI-8264,TO_DO,2026-04-30 23:23:08,USR-16895
CHOI-8264,IN_PROGRESS,2026-05-02 19:23:08,USR-16895
CHOI-8264,IN_REVIEW,2026-05-04 15:23:08,USR-16895
CHOI-8264,DONE,2026-05-05 08:23:08,USR-16895
TERM-5487,TO_DO,2026-01-06 01:12:11,USR-81482
TERM-5487,IN_PROGRESS,2026-01-07 08:12:11,USR-81482
TERM-5487,IN_REVIEW,2026-01-08 19:12:11,USR-81482
TERM-5487,DONE,2026-01-09 15:12:11,USR-81482
ORGA-2809,TO_DO,2026-03-03 11:57:14,USR-95426
ORGA-2809,IN_PROGRESS,2026-03-04 19:57:14,USR-95426
ORGA-2809,IN_REVIEW,2026-03-06 06:57:14,USR-95426
ORGA-2809,DONE,2026-03-06 12:57:14,USR-95426
TERM-6699,TO_DO,2025-12-13 16:06:21,USR-59968
TERM-6699,IN_PROGRESS,2025-12-14 18:06:21,USR-59968
TERM-6699,IN_REVIEW,2025-12-15 13:06:21,USR-59968
TERM-6699,DONE,2025-12-16 01:06:21,USR-59968
PROF-8178,TO_DO,2026-06-05 12:51:19,USR-12154
PROF-8178,IN_PROGRESS,2026-06-07 01:51:19,USR-12154
PROF-8178,IN_REVIEW,2026-06-08 11:51:19,USR-12154
PROF-8178,DONE,2026-06-10 06:51:19,USR-12154
THES-5385,TO_DO,2025-12-16 01:59:16,USR-18418
THES-5385,IN_PROGRESS,2025-12-16 22:59:16,USR-18418
THES-5385,IN_REVIEW,2025-12-18 01:59:16,USR-18418
THES-5385,DONE,2025-12-18 04:59:16,USR-18418
CONF-2755,TO_DO,2026-05-02 17:57:16,USR-40311
CONF-2755,IN_PROGRESS,2026-05-04 07:57:16,USR-40311
CONF-2755,IN_REVIEW,2026-05-05 18:57:16,USR-40311
CONF-2755,DONE,2026-05-06 07:57:16,USR-40311
TERM-9656,TO_DO,2026-08-25 20:00:26,USR-48427
TERM-9656,IN_PROGRESS,2026-08-27 10:00:26,USR-48427
TERM-9656,IN_REVIEW,2026-08-28 09:00:26,USR-48427
TERM-9656,DONE,2026-08-28 11:00:26,USR-48427
TERM-9656,REOPENED,2026-08-29 19:00:26,USR-49221
TERM-9656,IN_PROGRESS,2026-08-30 02:00:26,USR-48427
TERM-9656,DONE,2026-08-30 17:00:26,USR-48427
THES-6019,TO_DO,2026-02-22 01:44:31,USR-20561
THES-6019,IN_PROGRESS,2026-02-23 21:44:31,USR-20561
THES-6019,IN_REVIEW,2026-02-25 13:44:31,USR-20561
THES-6019,DONE,2026-02-27 03:44:31,USR-20561
WIN-2574,TO_DO,2026-01-13 16:13:54,USR-51114
WIN-2574,IN_PROGRESS,2026-01-14 16:13:54,USR-51114
WIN-2574,IN_REVIEW,2026-01-16 00:13:54,USR-51114
WIN-2574,DONE,2026-01-16 17:13:54,USR-51114
WIN-9079,TO_DO,2026-09-06 13:27:15,USR-38305
WIN-9079,IN_PROGRESS,2026-09-06 23:27:15,USR-38305
WIN-9079,IN_REVIEW,2026-09-07 15:27:15,USR-38305
WIN-9079,DONE,2026-09-08 19:27:15,USR-38305
PROF-8652,TO_DO,2026-03-30 23:59:17,USR-57576
PROF-8652,IN_PROGRESS,2026-03-31 15:59:17,USR-57576
PROF-8652,IN_REVIEW,2026-04-01 06:59:17,USR-57576
PROF-8652,DONE,2026-04-01 21:59:17,USR-57576
THES-1599,TO_DO,2026-05-10 02:33:17,USR-29442
THES-1599,IN_PROGRESS,2026-05-11 08:33:17,USR-29442
THES-1599,IN_REVIEW,2026-05-11 23:33:17,USR-29442
THES-1599,DONE,2026-05-12 06:33:17,USR-29442
PROF-2946,TO_DO,2026-02-20 12:29:51,USR-15706
PROF-2946,IN_PROGRESS,2026-02-20 16:29:51,USR-15706
PROF-2946,IN_REVIEW,2026-02-22 00:29:51,USR-15706
PROF-2946,DONE,2026-02-23 22:29:51,USR-15706
PROF-2946,REOPENED,2026-02-24 17:29:51,USR-51904
PROF-2946,IN_PROGRESS,2026-02-25 11:29:51,USR-15706
PROF-2946,DONE,2026-02-26 01:29:51,USR-15706
DEVE-9020,TO_DO,2025-12-03 21:58:22,USR-96127
DEVE-9020,IN_PROGRESS,2025-12-05 12:58:22,USR-96127
DEVE-9020,IN_REVIEW,2025-12-06 04:58:22,USR-96127
DEVE-9020,DONE,2025-12-07 18:58:22,USR-96127
DEVE-7997,TO_DO,2026-07-22 19:12:33,USR-19710
DEVE-7997,IN_PROGRESS,2026-07-23 03:12:33,USR-19710
DEVE-7997,IN_REVIEW,2026-07-24 21:12:33,USR-19710
DEVE-7997,DONE,2026-07-26 11:12:33,USR-19710
CHOI-4154,TO_DO,2026-08-31 14:11:30,USR-38683
CHOI-4154,IN_PROGRESS,2026-09-01 05:11:30,USR-38683
CHOI-4154,IN_REVIEW,2026-09-01 19:11:30,USR-38683
CHOI-4154,DONE,2026-09-02 05:11:30,USR-38683
TERM-2003,TO_DO,2026-08-17 09:03:49,USR-46512
TERM-2003,IN_PROGRESS,2026-08-18 10:03:49,USR-46512
TERM-2003,IN_REVIEW,2026-08-20 04:03:49,USR-46512
TERM-2003,DONE,2026-08-21 01:03:49,USR-46512
ORGA-3521,TO_DO,2025-10-31 06:44:17,USR-17852
ORGA-3521,IN_PROGRESS,2025-11-01 07:44:17,USR-17852
ORGA-3521,IN_REVIEW,2025-11-01 11:44:17,USR-17852
ORGA-3521,DONE,2025-11-02 23:44:17,USR-17852
ORGA-2778,TO_DO,2026-06-02 05:28:53,USR-59695
ORGA-2778,IN_PROGRESS,2026-06-02 21:28:53,USR-59695
ORGA-2778,IN_REVIEW,2026-06-04 19:28:53,USR-59695
ORGA-2778,DONE,2026-06-05 07:28:53,USR-59695
ORGA-2778,REOPENED,2026-06-06 02:28:53,USR-76244
ORGA-2778,IN_PROGRESS,2026-06-07 01:28:53,USR-59695
ORGA-2778,DONE,2026-06-08 14:28:53,USR-59695
LIST-9697,TO_DO,2026-06-15 04:16:04,USR-88301
LIST-9697,IN_PROGRESS,2026-06-16 16:16:04,USR-88301
LIST-9697,IN_REVIEW,2026-06-18 12:16:04,USR-88301
LIST-9697,DONE,2026-06-20 02:16:04,USR-88301
TERM-7961,TO_DO,2026-06-04 14:48:11,USR-18855
TERM-7961,IN_PROGRESS,2026-06-05 05:48:11,USR-18855
TERM-7961,IN_REVIEW,2026-06-07 05:48:11,USR-18855
TERM-7961,DONE,2026-06-07 08:48:11,USR-18855
ORGA-5842,TO_DO,2025-11-22 06:36:35,USR-73956
ORGA-5842,IN_PROGRESS,2025-11-22 11:36:35,USR-73956
ORGA-5842,IN_REVIEW,2025-11-23 03:36:35,USR-73956
ORGA-5842,DONE,2025-11-25 01:36:35,USR-73956
THES-8853,TO_DO,2026-02-27 20:53:34,USR-70036
THES-8853,IN_PROGRESS,2026-03-01 07:53:34,USR-70036
THES-8853,IN_REVIEW,2026-03-01 20:53:34,USR-70036
THES-8853,DONE,2026-03-03 08:53:34,USR-70036
ANIM-4940,TO_DO,2026-04-16 17:22:26,USR-30644
ANIM-4940,IN_PROGRESS,2026-04-18 06:22:26,USR-30644
ANIM-4940,IN_REVIEW,2026-04-18 13:22:26,USR-30644
ANIM-4940,DONE,2026-04-19 12:22:26,USR-30644
LIST-2532,TO_DO,2026-07-11 05:15:00,USR-40947
LIST-2532,IN_PROGRESS,2026-07-11 20:15:00,USR-40947
LIST-2532,IN_REVIEW,2026-07-12 06:15:00,USR-40947
LIST-2532,DONE,2026-07-12 22:15:00,USR-40947
THES-9486,TO_DO,2026-02-18 22:15:20,USR-12552
THES-9486,IN_PROGRESS,2026-02-19 20:15:20,USR-12552
THES-9486,IN_REVIEW,2026-02-21 03:15:20,USR-12552
THES-9486,DONE,2026-02-21 15:15:20,USR-12552
THES-9486,REOPENED,2026-02-23 12:15:20,USR-74178
THES-9486,IN_PROGRESS,2026-02-23 21:15:20,USR-12552
THES-9486,DONE,2026-02-24 22:15:20,USR-12552
DEVE-1542,TO_DO,2025-11-07 06:36:34,USR-93320
DEVE-1542,IN_PROGRESS,2025-11-07 13:36:34,USR-93320
DEVE-1542,IN_REVIEW,2025-11-08 11:36:34,USR-93320
DEVE-1542,DONE,2025-11-08 23:36:34,USR-93320
CONF-2328,TO_DO,2025-09-27 04:11:51,USR-41566
CONF-2328,IN_PROGRESS,2025-09-28 23:11:51,USR-41566
CONF-2328,IN_REVIEW,2025-09-30 00:11:51,USR-41566
CONF-2328,DONE,2025-09-30 05:11:51,USR-41566
CONF-2328,REOPENED,2025-10-01 23:11:51,USR-76768
CONF-2328,IN_PROGRESS,2025-10-02 23:11:51,USR-41566
CONF-2328,DONE,2025-10-04 17:11:51,USR-41566
DEVE-3453,TO_DO,2025-12-17 04:56:13,USR-91927
DEVE-3453,IN_PROGRESS,2025-12-18 23:56:13,USR-91927
DEVE-3453,IN_REVIEW,2025-12-19 19:56:13,USR-91927
DEVE-3453,DONE,2025-12-20 15:56:13,USR-91927
ANIM-2393,TO_DO,2026-06-18 05:11:19,USR-22463
ANIM-2393,IN_PROGRESS,2026-06-19 14:11:19,USR-22463
ANIM-2393,IN_REVIEW,2026-06-21 01:11:19,USR-22463
ANIM-2393,DONE,2026-06-21 07:11:19,USR-22463
ANIM-5734,TO_DO,2026-06-10 21:03:39,USR-75435
ANIM-5734,IN_PROGRESS,2026-06-12 02:03:39,USR-75435
ANIM-5734,IN_REVIEW,2026-06-13 09:03:39,USR-75435
ANIM-5734,DONE,2026-06-13 12:03:39,USR-75435
CONF-1800,TO_DO,2026-09-19 01:31:17,USR-32103
CONF-1800,IN_PROGRESS,2026-09-19 08:31:17,USR-32103
CONF-1800,IN_REVIEW,2026-09-20 09:31:17,USR-32103
CONF-1800,DONE,2026-09-22 09:31:17,USR-32103
CONF-1800,REOPENED,2026-09-23 20:31:17,USR-10772
CONF-1800,IN_PROGRESS,2026-09-24 05:31:17,USR-32103
CONF-1800,DONE,2026-09-25 18:31:17,USR-32103
ANIM-7638,TO_DO,2026-03-29 20:53:23,USR-83060
ANIM-7638,IN_PROGRESS,2026-03-30 12:53:23,USR-83060
ANIM-7638,IN_REVIEW,2026-03-31 10:53:23,USR-83060
ANIM-7638,DONE,2026-04-01 11:53:23,USR-83060
DEVE-6999,TO_DO,2026-06-19 21:53:20,USR-41531
DEVE-6999,IN_PROGRESS,2026-06-21 20:53:20,USR-41531
DEVE-6999,IN_REVIEW,2026-06-22 00:53:20,USR-41531
DEVE-6999,DONE,2026-06-23 18:53:20,USR-41531
DEVE-7663,TO_DO,2025-12-31 05:50:14,USR-59060
DEVE-7663,IN_PROGRESS,2025-12-31 08:50:14,USR-59060
DEVE-7663,IN_REVIEW,2026-01-02 01:50:14,USR-59060
DEVE-7663,DONE,2026-01-03 19:50:14,USR-59060
ANIM-3060,TO_DO,2026-08-24 20:29:02,USR-27675
ANIM-3060,IN_PROGRESS,2026-08-26 07:29:02,USR-27675
ANIM-3060,IN_REVIEW,2026-08-26 16:29:02,USR-27675
ANIM-3060,DONE,2026-08-28 05:29:02,USR-27675
ANIM-3060,REOPENED,2026-08-29 16:29:02,USR-97670
ANIM-3060,IN_PROGRESS,2026-08-30 16:29:02,USR-27675
ANIM-3060,DONE,2026-08-30 20:29:02,USR-27675
CHOI-5237,TO_DO,2026-03-18 13:01:44,USR-13248
CHOI-5237,IN_PROGRESS,2026-03-20 00:01:44,USR-13248
CHOI-5237,IN_REVIEW,2026-03-20 14:01:44,USR-13248
CHOI-5237,DONE,2026-03-21 16:01:44,USR-13248
PROF-9656,TO_DO,2026-09-21 04:05:03,USR-97670
PROF-9656,IN_PROGRESS,2026-09-23 02:05:03,USR-97670
PROF-9656,IN_REVIEW,2026-09-24 05:05:03,USR-97670
PROF-9656,DONE,2026-09-25 22:05:03,USR-97670
CHOI-3799,TO_DO,2025-11-29 03:32:44,USR-92998
CHOI-3799,IN_PROGRESS,2025-11-29 15:32:44,USR-92998
CHOI-3799,IN_REVIEW,2025-11-29 18:32:44,USR-92998
CHOI-3799,DONE,2025-11-30 11:32:44,USR-92998
ANIM-7033,TO_DO,2025-11-26 01:26:47,USR-59941
ANIM-7033,IN_PROGRESS,2025-11-26 08:26:47,USR-59941
ANIM-7033,IN_REVIEW,2025-11-27 15:26:47,USR-59941
ANIM-7033,DONE,2025-11-27 19:26:47,USR-59941
CHOI-7387,TO_DO,2026-08-06 06:35:13,USR-16839
CHOI-7387,IN_PROGRESS,2026-08-06 19:35:13,USR-16839
CHOI-7387,IN_REVIEW,2026-08-07 22:35:13,USR-16839
CHOI-7387,DONE,2026-08-08 14:35:13,USR-16839
WIN-6569,TO_DO,2026-06-19 04:58:17,USR-50888
WIN-6569,IN_PROGRESS,2026-06-20 12:58:17,USR-50888
WIN-6569,IN_REVIEW,2026-06-21 14:58:17,USR-50888
WIN-6569,DONE,2026-06-22 11:58:17,USR-50888
CHOI-5761,TO_DO,2026-05-19 23:34:11,USR-34486
CHOI-5761,IN_PROGRESS,2026-05-21 23:34:11,USR-34486
CHOI-5761,IN_REVIEW,2026-05-22 07:34:11,USR-34486
CHOI-5761,DONE,2026-05-23 08:34:11,USR-34486
LIST-9207,TO_DO,2026-04-26 00:17:07,USR-85821
LIST-9207,IN_PROGRESS,2026-04-27 17:17:07,USR-85821
LIST-9207,IN_REVIEW,2026-04-29 15:17:07,USR-85821
LIST-9207,DONE,2026-04-29 20:17:07,USR-85821
WIN-1615,TO_DO,2025-10-22 22:33:14,USR-11504
WIN-1615,IN_PROGRESS,2025-10-23 13:33:14,USR-11504
WIN-1615,IN_REVIEW,2025-10-24 13:33:14,USR-11504
WIN-1615,DONE,2025-10-25 03:33:14,USR-11504
CHOI-6162,TO_DO,2026-04-11 21:16:56,USR-85392
CHOI-6162,IN_PROGRESS,2026-04-12 04:16:56,USR-85392
CHOI-6162,IN_REVIEW,2026-04-12 12:16:56,USR-85392
CHOI-6162,DONE,2026-04-14 11:16:56,USR-85392
TERM-9621,TO_DO,2026-06-12 01:32:38,USR-57265
TERM-9621,IN_PROGRESS,2026-06-12 18:32:38,USR-57265
TERM-9621,IN_REVIEW,2026-06-14 09:32:38,USR-57265
TERM-9621,DONE,2026-06-14 16:32:38,USR-57265
PROF-9070,TO_DO,2026-07-30 17:57:28,USR-50425
PROF-9070,IN_PROGRESS,2026-07-30 21:57:28,USR-50425
PROF-9070,IN_REVIEW,2026-08-01 21:57:28,USR-50425
PROF-9070,DONE,2026-08-02 03:57:28,USR-50425
CONF-9272,TO_DO,2026-01-21 14:02:31,USR-94659
CONF-9272,IN_PROGRESS,2026-01-23 03:02:31,USR-94659
CONF-9272,IN_REVIEW,2026-01-25 03:02:31,USR-94659
CONF-9272,DONE,2026-01-26 14:02:31,USR-94659
DEVE-4028,TO_DO,2025-10-01 16:01:52,USR-53506
DEVE-4028,IN_PROGRESS,2025-10-02 01:01:52,USR-53506
DEVE-4028,IN_REVIEW,2025-10-03 14:01:52,USR-53506
DEVE-4028,DONE,2025-10-04 00:01:52,USR-53506
LIST-1214,TO_DO,2026-08-08 02:00:46,USR-79588
LIST-1214,IN_PROGRESS,2026-08-10 02:00:46,USR-79588
LIST-1214,IN_REVIEW,2026-08-10 22:00:46,USR-79588
LIST-1214,DONE,2026-08-12 14:00:46,USR-79588
ORGA-1050,TO_DO,2026-06-11 19:54:31,USR-49446
ORGA-1050,IN_PROGRESS,2026-06-12 05:54:31,USR-49446
ORGA-1050,IN_REVIEW,2026-06-12 10:54:31,USR-49446
ORGA-1050,DONE,2026-06-12 16:54:31,USR-49446
CONF-2161,TO_DO,2026-06-13 00:17:58,USR-61717
CONF-2161,IN_PROGRESS,2026-06-13 20:17:58,USR-61717
CONF-2161,IN_REVIEW,2026-06-14 12:17:58,USR-61717
CONF-2161,DONE,2026-06-15 04:17:58,USR-61717
LIST-8820,TO_DO,2025-10-25 03:13:48,USR-20589
LIST-8820,IN_PROGRESS,2025-10-25 18:13:48,USR-20589
LIST-8820,IN_REVIEW,2025-10-27 10:13:48,USR-20589
LIST-8820,DONE,2025-10-29 02:13:48,USR-20589
ANIM-2204,TO_DO,2026-07-16 03:14:48,USR-69473
ANIM-2204,IN_PROGRESS,2026-07-16 07:14:48,USR-69473
ANIM-2204,IN_REVIEW,2026-07-18 05:14:48,USR-69473
ANIM-2204,DONE,2026-07-20 05:14:48,USR-69473
ANIM-9514,TO_DO,2026-03-20 15:20:43,USR-64874
ANIM-9514,IN_PROGRESS,2026-03-21 08:20:43,USR-64874
ANIM-9514,IN_REVIEW,2026-03-22 17:20:43,USR-64874
ANIM-9514,DONE,2026-03-23 20:20:43,USR-64874
ORGA-1759,TO_DO,2026-05-31 16:28:51,USR-61173
ORGA-1759,IN_PROGRESS,2026-05-31 20:28:51,USR-61173
ORGA-1759,IN_REVIEW,2026-06-01 10:28:51,USR-61173
ORGA-1759,DONE,2026-06-01 15:28:51,USR-61173
PROF-6919,TO_DO,2026-05-17 21:23:08,USR-83608
PROF-6919,IN_PROGRESS,2026-05-18 03:23:08,USR-83608
PROF-6919,IN_REVIEW,2026-05-19 01:23:08,USR-83608
PROF-6919,DONE,2026-05-19 16:23:08,USR-83608
ANIM-4581,TO_DO,2026-07-25 17:15:13,USR-18564
ANIM-4581,IN_PROGRESS,2026-07-26 22:15:13,USR-18564
ANIM-4581,IN_REVIEW,2026-07-28 12:15:13,USR-18564
ANIM-4581,DONE,2026-07-28 20:15:13,USR-18564
TERM-7954,TO_DO,2026-06-06 10:38:08,USR-36741
TERM-7954,IN_PROGRESS,2026-06-07 06:38:08,USR-36741
TERM-7954,IN_REVIEW,2026-06-07 10:38:08,USR-36741
TERM-7954,DONE,2026-06-07 19:38:08,USR-36741
CHOI-1081,TO_DO,2026-02-23 21:17:48,USR-40613
CHOI-1081,IN_PROGRESS,2026-02-25 17:17:48,USR-40613
CHOI-1081,IN_REVIEW,2026-02-27 06:17:48,USR-40613
CHOI-1081,DONE,2026-02-28 17:17:48,USR-40613
ORGA-1755,TO_DO,2026-02-06 22:08:02,USR-87832
ORGA-1755,IN_PROGRESS,2026-02-08 18:08:02,USR-87832
ORGA-1755,IN_REVIEW,2026-02-09 19:08:02,USR-87832
ORGA-1755,DONE,2026-02-11 01:08:02,USR-87832
DEVE-1778,TO_DO,2026-01-26 12:29:38,USR-70036
DEVE-1778,IN_PROGRESS,2026-01-28 02:29:38,USR-70036
DEVE-1778,IN_REVIEW,2026-01-28 15:29:38,USR-70036
DEVE-1778,DONE,2026-01-28 18:29:38,USR-70036
TERM-5181,TO_DO,2026-03-05 18:27:54,USR-74451
TERM-5181,IN_PROGRESS,2026-03-07 11:27:54,USR-74451
TERM-5181,IN_REVIEW,2026-03-09 01:27:54,USR-74451
TERM-5181,DONE,2026-03-10 03:27:54,USR-74451
CHOI-8474,TO_DO,2025-11-20 00:48:12,USR-35995
CHOI-8474,IN_PROGRESS,2025-11-21 02:48:12,USR-35995
CHOI-8474,IN_REVIEW,2025-11-22 20:48:12,USR-35995
CHOI-8474,DONE,2025-11-24 10:48:12,USR-35995
CHOI-8474,REOPENED,2025-11-25 03:48:12,USR-28449
CHOI-8474,IN_PROGRESS,2025-11-25 08:48:12,USR-35995
CHOI-8474,DONE,2025-11-26 09:48:12,USR-35995
CONF-2686,TO_DO,2026-03-25 15:13:43,USR-75107
CONF-2686,IN_PROGRESS,2026-03-26 04:13:43,USR-75107
CONF-2686,IN_REVIEW,2026-03-26 18:13:43,USR-75107
CONF-2686,DONE,2026-03-27 02:13:43,USR-75107
PROF-5823,TO_DO,2026-09-06 12:37:39,USR-58281
PROF-5823,IN_PROGRESS,2026-09-07 16:37:39,USR-58281
PROF-5823,IN_REVIEW,2026-09-09 09:37:39,USR-58281
PROF-5823,DONE,2026-09-11 07:37:39,USR-58281
LIST-8749,TO_DO,2025-10-24 22:11:54,USR-69638
LIST-8749,IN_PROGRESS,2025-10-25 11:11:54,USR-69638
LIST-8749,IN_REVIEW,2025-10-26 02:11:54,USR-69638
LIST-8749,DONE,2025-10-26 23:11:54,USR-69638
PROF-9519,TO_DO,2026-08-08 06:56:51,USR-76840
PROF-9519,IN_PROGRESS,2026-08-09 17:56:51,USR-76840
PROF-9519,IN_REVIEW,2026-08-10 03:56:51,USR-76840
PROF-9519,DONE,2026-08-11 23:56:51,USR-76840
DEVE-5664,TO_DO,2026-05-05 07:41:33,USR-48829
DEVE-5664,IN_PROGRESS,2026-05-07 00:41:33,USR-48829
DEVE-5664,IN_REVIEW,2026-05-08 05:41:33,USR-48829
DEVE-5664,DONE,2026-05-09 04:41:33,USR-48829
LIST-3412,TO_DO,2026-02-24 04:40:05,USR-29555
LIST-3412,IN_PROGRESS,2026-02-24 11:40:05,USR-29555
LIST-3412,IN_REVIEW,2026-02-26 00:40:05,USR-29555
LIST-3412,DONE,2026-02-27 02:40:05,USR-29555
ORGA-6647,TO_DO,2026-01-12 15:47:12,USR-56254
ORGA-6647,IN_PROGRESS,2026-01-12 23:47:12,USR-56254
ORGA-6647,IN_REVIEW,2026-01-14 20:47:12,USR-56254
ORGA-6647,DONE,2026-01-16 17:47:12,USR-56254
PROF-9659,TO_DO,2026-06-20 15:22:31,USR-95929
PROF-9659,IN_PROGRESS,2026-06-21 18:22:31,USR-95929
PROF-9659,IN_REVIEW,2026-06-23 06:22:31,USR-95929
PROF-9659,DONE,2026-06-23 17:22:31,USR-95929
CONF-6091,TO_DO,2026-01-12 14:05:18,USR-84228
CONF-6091,IN_PROGRESS,2026-01-13 06:05:18,USR-84228
CONF-6091,IN_REVIEW,2026-01-13 08:05:18,USR-84228
CONF-6091,DONE,2026-01-13 10:05:18,USR-84228
LIST-8114,TO_DO,2026-04-29 13:23:38,USR-22245
LIST-8114,IN_PROGRESS,2026-04-30 23:23:38,USR-22245
LIST-8114,IN_REVIEW,2026-05-01 13:23:38,USR-22245
LIST-8114,DONE,2026-05-01 19:23:38,USR-22245
PROF-6486,TO_DO,2026-08-13 09:18:40,USR-99381
PROF-6486,IN_PROGRESS,2026-08-13 14:18:40,USR-99381
PROF-6486,IN_REVIEW,2026-08-15 07:18:40,USR-99381
PROF-6486,DONE,2026-08-17 02:18:40,USR-99381
THES-5801,TO_DO,2026-01-09 16:41:57,USR-30644
THES-5801,IN_PROGRESS,2026-01-10 05:41:57,USR-30644
THES-5801,IN_REVIEW,2026-01-11 23:41:57,USR-30644
THES-5801,DONE,2026-01-13 10:41:57,USR-30644
CONF-8263,TO_DO,2026-01-13 11:29:49,USR-42018
CONF-8263,IN_PROGRESS,2026-01-14 06:29:49,USR-42018
CONF-8263,IN_REVIEW,2026-01-14 09:29:49,USR-42018
CONF-8263,DONE,2026-01-15 18:29:49,USR-42018
TERM-5612,TO_DO,2026-08-22 21:23:23,USR-55851
TERM-5612,IN_PROGRESS,2026-08-24 17:23:23,USR-55851
TERM-5612,IN_REVIEW,2026-08-25 03:23:23,USR-55851
TERM-5612,DONE,2026-08-26 19:23:23,USR-55851
WIN-1318,TO_DO,2026-09-06 20:30:17,USR-70513
WIN-1318,IN_PROGRESS,2026-09-07 22:30:17,USR-70513
WIN-1318,IN_REVIEW,2026-09-08 03:30:17,USR-70513
WIN-1318,DONE,2026-09-08 15:30:17,USR-70513
CONF-2094,TO_DO,2026-03-15 12:31:01,USR-19116
CONF-2094,IN_PROGRESS,2026-03-15 18:31:01,USR-19116
CONF-2094,IN_REVIEW,2026-03-16 08:31:01,USR-19116
CONF-2094,DONE,2026-03-16 22:31:01,USR-19116
TERM-4802,TO_DO,2025-10-26 23:39:37,USR-51750
TERM-4802,IN_PROGRESS,2025-10-27 13:39:37,USR-51750
TERM-4802,IN_REVIEW,2025-10-28 13:39:37,USR-51750
TERM-4802,DONE,2025-10-29 16:39:37,USR-51750
TERM-4802,REOPENED,2025-10-30 00:39:37,USR-96163
TERM-4802,IN_PROGRESS,2025-10-30 15:39:37,USR-51750
TERM-4802,DONE,2025-11-01 05:39:37,USR-51750
THES-8606,TO_DO,2026-09-10 20:49:35,USR-99783
THES-8606,IN_PROGRESS,2026-09-11 08:49:35,USR-99783
THES-8606,IN_REVIEW,2026-09-11 10:49:35,USR-99783
THES-8606,DONE,2026-09-12 12:49:35,USR-99783
THES-8606,REOPENED,2026-09-12 21:49:35,USR-47431
THES-8606,IN_PROGRESS,2026-09-13 05:49:35,USR-99783
THES-8606,DONE,2026-09-14 12:49:35,USR-99783
PROF-9409,TO_DO,2026-06-04 14:55:31,USR-96163
PROF-9409,IN_PROGRESS,2026-06-05 16:55:31,USR-96163
PROF-9409,IN_REVIEW,2026-06-06 01:55:31,USR-96163
PROF-9409,DONE,2026-06-06 15:55:31,USR-96163
TERM-2217,TO_DO,2026-02-21 21:32:52,USR-92213
TERM-2217,IN_PROGRESS,2026-02-23 12:32:52,USR-92213
TERM-2217,IN_REVIEW,2026-02-24 10:32:52,USR-92213
TERM-2217,DONE,2026-02-24 15:32:52,USR-92213
ORGA-5817,TO_DO,2025-10-31 16:28:38,USR-20828
ORGA-5817,IN_PROGRESS,2025-11-01 09:28:38,USR-20828
ORGA-5817,IN_REVIEW,2025-11-02 15:28:38,USR-20828
ORGA-5817,DONE,2025-11-03 06:28:38,USR-20828
CHOI-2664,TO_DO,2026-08-24 11:12:27,USR-46509
CHOI-2664,IN_PROGRESS,2026-08-26 07:12:27,USR-46509
CHOI-2664,IN_REVIEW,2026-08-27 17:12:27,USR-46509
CHOI-2664,DONE,2026-08-28 05:12:27,USR-46509
THES-1229,TO_DO,2026-09-17 14:58:52,USR-14117
THES-1229,IN_PROGRESS,2026-09-17 22:58:52,USR-14117
THES-1229,IN_REVIEW,2026-09-19 16:58:52,USR-14117
THES-1229,DONE,2026-09-20 06:58:52,USR-14117
LIST-7879,TO_DO,2026-01-04 00:46:05,USR-73464
LIST-7879,IN_PROGRESS,2026-01-05 06:46:05,USR-73464
LIST-7879,IN_REVIEW,2026-01-05 22:46:05,USR-73464
LIST-7879,DONE,2026-01-07 03:46:05,USR-73464
LIST-4981,TO_DO,2025-10-22 21:03:57,USR-57953
LIST-4981,IN_PROGRESS,2025-10-23 00:03:57,USR-57953
LIST-4981,IN_REVIEW,2025-10-23 23:03:57,USR-57953
LIST-4981,DONE,2025-10-24 15:03:57,USR-57953
TERM-1375,TO_DO,2026-08-29 13:52:07,USR-46046
TERM-1375,IN_PROGRESS,2026-08-31 10:52:07,USR-46046
TERM-1375,IN_REVIEW,2026-08-31 19:52:07,USR-46046
TERM-1375,DONE,2026-09-02 02:52:07,USR-46046
DEVE-7597,TO_DO,2025-10-03 14:47:14,USR-83060
DEVE-7597,IN_PROGRESS,2025-10-03 16:47:14,USR-83060
DEVE-7597,IN_REVIEW,2025-10-04 17:47:14,USR-83060
DEVE-7597,DONE,2025-10-04 19:47:14,USR-83060
LIST-3353,TO_DO,2026-04-22 07:26:49,USR-97416
LIST-3353,IN_PROGRESS,2026-04-24 04:26:49,USR-97416
LIST-3353,IN_REVIEW,2026-04-24 16:26:49,USR-97416
LIST-3353,DONE,2026-04-24 23:26:49,USR-97416
LIST-3353,REOPENED,2026-04-26 02:26:49,USR-20077
LIST-3353,IN_PROGRESS,2026-04-27 00:26:49,USR-97416
LIST-3353,DONE,2026-04-28 22:26:49,USR-97416
WIN-1243,TO_DO,2026-04-22 04:41:17,USR-78712
WIN-1243,IN_PROGRESS,2026-04-23 18:41:17,USR-78712
WIN-1243,IN_REVIEW,2026-04-24 05:41:17,USR-78712
WIN-1243,DONE,2026-04-26 05:41:17,USR-78712
LIST-3854,TO_DO,2026-04-14 06:26:23,USR-19508
LIST-3854,IN_PROGRESS,2026-04-14 10:26:23,USR-19508
LIST-3854,IN_REVIEW,2026-04-15 23:26:23,USR-19508
LIST-3854,DONE,2026-04-17 14:26:23,USR-19508
LIST-3854,REOPENED,2026-04-19 02:26:23,USR-41186
LIST-3854,IN_PROGRESS,2026-04-20 00:26:23,USR-19508
LIST-3854,DONE,2026-04-20 21:26:23,USR-19508
PROF-8044,TO_DO,2025-11-30 19:12:21,USR-43586
PROF-8044,IN_PROGRESS,2025-12-01 18:12:21,USR-43586
PROF-8044,IN_REVIEW,2025-12-01 22:12:21,USR-43586
PROF-8044,DONE,2025-12-03 14:12:21,USR-43586
PROF-9884,TO_DO,2026-05-21 10:38:41,USR-39949
PROF-9884,IN_PROGRESS,2026-05-23 05:38:41,USR-39949
PROF-9884,IN_REVIEW,2026-05-23 15:38:41,USR-39949
PROF-9884,DONE,2026-05-24 12:38:41,USR-39949
WIN-9391,TO_DO,2026-06-02 13:08:32,USR-37686
WIN-9391,IN_PROGRESS,2026-06-03 23:08:32,USR-37686
WIN-9391,IN_REVIEW,2026-06-05 06:08:32,USR-37686
WIN-9391,DONE,2026-06-05 10:08:32,USR-37686
TERM-2501,TO_DO,2026-04-25 05:29:52,USR-77889
TERM-2501,IN_PROGRESS,2026-04-25 19:29:52,USR-77889
TERM-2501,IN_REVIEW,2026-04-27 07:29:52,USR-77889
TERM-2501,DONE,2026-04-29 03:29:52,USR-77889
DEVE-8405,TO_DO,2026-08-18 05:53:51,USR-79822
DEVE-8405,IN_PROGRESS,2026-08-19 14:53:51,USR-79822
DEVE-8405,IN_REVIEW,2026-08-21 07:53:51,USR-79822
DEVE-8405,DONE,2026-08-22 19:53:51,USR-79822
ORGA-9879,TO_DO,2025-12-16 07:01:26,USR-18330
ORGA-9879,IN_PROGRESS,2025-12-16 17:01:26,USR-18330
ORGA-9879,IN_REVIEW,2025-12-17 15:01:26,USR-18330
ORGA-9879,DONE,2025-12-19 02:01:26,USR-18330
ORGA-9879,REOPENED,2025-12-20 16:01:26,USR-45054
ORGA-9879,IN_PROGRESS,2025-12-20 23:01:26,USR-18330
ORGA-9879,DONE,2025-12-22 10:01:26,USR-18330
DEVE-9718,TO_DO,2026-03-06 02:36:33,USR-13278
DEVE-9718,IN_PROGRESS,2026-03-07 03:36:33,USR-13278
DEVE-9718,IN_REVIEW,2026-03-07 08:36:33,USR-13278
DEVE-9718,DONE,2026-03-09 06:36:33,USR-13278
DEVE-6904,TO_DO,2026-06-01 21:27:39,USR-81376
DEVE-6904,IN_PROGRESS,2026-06-03 11:27:39,USR-81376
DEVE-6904,IN_REVIEW,2026-06-03 15:27:39,USR-81376
DEVE-6904,DONE,2026-06-03 18:27:39,USR-81376
THES-3751,TO_DO,2026-08-01 05:01:32,USR-33206
THES-3751,IN_PROGRESS,2026-08-01 23:01:32,USR-33206
THES-3751,IN_REVIEW,2026-08-02 12:01:32,USR-33206
THES-3751,DONE,2026-08-03 23:01:32,USR-33206
TERM-7456,TO_DO,2026-02-28 23:49:13,USR-56210
TERM-7456,IN_PROGRESS,2026-03-02 17:49:13,USR-56210
TERM-7456,IN_REVIEW,2026-03-03 03:49:13,USR-56210
TERM-7456,DONE,2026-03-05 00:49:13,USR-56210
CONF-5411,TO_DO,2026-06-02 12:05:12,USR-62187
CONF-5411,IN_PROGRESS,2026-06-02 20:05:12,USR-62187
CONF-5411,IN_REVIEW,2026-06-03 19:05:12,USR-62187
CONF-5411,DONE,2026-06-04 22:05:12,USR-62187
CHOI-2304,TO_DO,2026-06-07 17:04:09,USR-94659
CHOI-2304,IN_PROGRESS,2026-06-08 06:04:09,USR-94659
CHOI-2304,IN_REVIEW,2026-06-09 05:04:09,USR-94659
CHOI-2304,DONE,2026-06-10 07:04:09,USR-94659
CONF-3815,TO_DO,2026-08-21 22:52:50,USR-47196
CONF-3815,IN_PROGRESS,2026-08-23 19:52:50,USR-47196
CONF-3815,IN_REVIEW,2026-08-24 20:52:50,USR-47196
CONF-3815,DONE,2026-08-25 04:52:50,USR-47196
LIST-2740,TO_DO,2026-05-03 01:02:26,USR-37235
LIST-2740,IN_PROGRESS,2026-05-03 19:02:26,USR-37235
LIST-2740,IN_REVIEW,2026-05-04 21:02:26,USR-37235
LIST-2740,DONE,2026-05-06 10:02:26,USR-37235
DEVE-6250,TO_DO,2026-02-03 16:07:42,USR-83989
DEVE-6250,IN_PROGRESS,2026-02-04 13:07:42,USR-83989
DEVE-6250,IN_REVIEW,2026-02-06 07:07:42,USR-83989
DEVE-6250,DONE,2026-02-08 00:07:42,USR-83989
LIST-2220,TO_DO,2026-07-20 12:16:43,USR-64805
LIST-2220,IN_PROGRESS,2026-07-21 02:16:43,USR-64805
LIST-2220,IN_REVIEW,2026-07-22 13:16:43,USR-64805
LIST-2220,DONE,2026-07-24 12:16:43,USR-64805
CONF-4866,TO_DO,2026-02-20 17:09:27,USR-77839
CONF-4866,IN_PROGRESS,2026-02-21 15:09:27,USR-77839
CONF-4866,IN_REVIEW,2026-02-22 11:09:27,USR-77839
CONF-4866,DONE,2026-02-23 18:09:27,USR-77839
WIN-6370,TO_DO,2025-11-02 03:13:53,USR-48770
WIN-6370,IN_PROGRESS,2025-11-03 07:13:53,USR-48770
WIN-6370,IN_REVIEW,2025-11-04 15:13:53,USR-48770
WIN-6370,DONE,2025-11-06 15:13:53,USR-48770
THES-4901,TO_DO,2026-08-13 16:47:36,USR-27790
THES-4901,IN_PROGRESS,2026-08-14 03:47:36,USR-27790
THES-4901,IN_REVIEW,2026-08-16 01:47:36,USR-27790
THES-4901,DONE,2026-08-17 20:47:36,USR-27790
CHOI-2427,TO_DO,2025-10-22 15:56:00,USR-13248
CHOI-2427,IN_PROGRESS,2025-10-24 13:56:00,USR-13248
CHOI-2427,IN_REVIEW,2025-10-26 04:56:00,USR-13248
CHOI-2427,DONE,2025-10-27 15:56:00,USR-13248
CHOI-2427,REOPENED,2025-10-28 23:56:00,USR-16734
CHOI-2427,IN_PROGRESS,2025-10-29 17:56:00,USR-13248
CHOI-2427,DONE,2025-10-30 00:56:00,USR-13248
CONF-3156,TO_DO,2026-03-27 19:34:31,USR-61645
CONF-3156,IN_PROGRESS,2026-03-29 06:34:31,USR-61645
CONF-3156,IN_REVIEW,2026-03-30 19:34:31,USR-61645
CONF-3156,DONE,2026-03-31 19:34:31,USR-61645
ANIM-3242,TO_DO,2026-09-11 05:42:23,USR-35048
ANIM-3242,IN_PROGRESS,2026-09-12 15:42:23,USR-35048
ANIM-3242,IN_REVIEW,2026-09-13 19:42:23,USR-35048
ANIM-3242,DONE,2026-09-15 01:42:23,USR-35048
TERM-5579,TO_DO,2026-09-07 06:18:33,USR-51441
TERM-5579,IN_PROGRESS,2026-09-09 02:18:33,USR-51441
TERM-5579,IN_REVIEW,2026-09-09 21:18:33,USR-51441
TERM-5579,DONE,2026-09-11 09:18:33,USR-51441
WIN-7913,TO_DO,2026-01-13 06:46:48,USR-62187
WIN-7913,IN_PROGRESS,2026-01-13 19:46:48,USR-62187
WIN-7913,IN_REVIEW,2026-01-15 05:46:48,USR-62187
WIN-7913,DONE,2026-01-15 15:46:48,USR-62187
CONF-2944,TO_DO,2026-03-03 02:48:12,USR-15376
CONF-2944,IN_PROGRESS,2026-03-03 06:48:12,USR-15376
CONF-2944,IN_REVIEW,2026-03-03 10:48:12,USR-15376
CONF-2944,DONE,2026-03-03 21:48:12,USR-15376
WIN-4761,TO_DO,2025-11-07 07:15:48,USR-10726
WIN-4761,IN_PROGRESS,2025-11-08 05:15:48,USR-10726
WIN-4761,IN_REVIEW,2025-11-09 03:15:48,USR-10726
WIN-4761,DONE,2025-11-09 09:15:48,USR-10726
DEVE-6308,TO_DO,2026-03-26 06:40:28,USR-28449
DEVE-6308,IN_PROGRESS,2026-03-26 19:40:28,USR-28449
DEVE-6308,IN_REVIEW,2026-03-28 16:40:28,USR-28449
DEVE-6308,DONE,2026-03-29 00:40:28,USR-28449
CHOI-5659,TO_DO,2026-03-01 05:31:12,USR-24184
CHOI-5659,IN_PROGRESS,2026-03-01 16:31:12,USR-24184
CHOI-5659,IN_REVIEW,2026-03-03 01:31:12,USR-24184
CHOI-5659,DONE,2026-03-04 23:31:12,USR-24184
ORGA-8356,TO_DO,2026-07-24 21:50:54,USR-86011
ORGA-8356,IN_PROGRESS,2026-07-24 23:50:54,USR-86011
ORGA-8356,IN_REVIEW,2026-07-25 09:50:54,USR-86011
ORGA-8356,DONE,2026-07-26 10:50:54,USR-86011
ANIM-7042,TO_DO,2026-02-03 13:45:03,USR-49221
ANIM-7042,IN_PROGRESS,2026-02-05 12:45:03,USR-49221
ANIM-7042,IN_REVIEW,2026-02-07 00:45:03,USR-49221
ANIM-7042,DONE,2026-02-07 08:45:03,USR-49221
PROF-2030,TO_DO,2026-03-03 08:28:34,USR-55745
PROF-2030,IN_PROGRESS,2026-03-03 15:28:34,USR-55745
PROF-2030,IN_REVIEW,2026-03-03 20:28:34,USR-55745
PROF-2030,DONE,2026-03-04 22:28:34,USR-55745
PROF-2030,REOPENED,2026-03-05 00:28:34,USR-82924
PROF-2030,IN_PROGRESS,2026-03-05 03:28:34,USR-55745
PROF-2030,DONE,2026-03-06 16:28:34,USR-55745
PROF-7805,TO_DO,2026-02-20 07:06:57,USR-97062
PROF-7805,IN_PROGRESS,2026-02-21 19:06:57,USR-97062
PROF-7805,IN_REVIEW,2026-02-22 07:06:57,USR-97062
PROF-7805,DONE,2026-02-23 15:06:57,USR-97062
LIST-2426,TO_DO,2026-03-12 08:56:53,USR-21221
LIST-2426,IN_PROGRESS,2026-03-13 02:56:53,USR-21221
LIST-2426,IN_REVIEW,2026-03-14 03:56:53,USR-21221
LIST-2426,DONE,2026-03-15 16:56:53,USR-21221
CHOI-8927,TO_DO,2025-10-09 15:17:03,USR-74752
CHOI-8927,IN_PROGRESS,2025-10-09 22:17:03,USR-74752
CHOI-8927,IN_REVIEW,2025-10-11 08:17:03,USR-74752
CHOI-8927,DONE,2025-10-13 04:17:03,USR-74752
CHOI-8927,REOPENED,2025-10-14 11:17:03,USR-89276
CHOI-8927,IN_PROGRESS,2025-10-15 00:17:03,USR-74752
CHOI-8927,DONE,2025-10-16 22:17:03,USR-74752
LIST-4950,TO_DO,2026-06-25 18:58:07,USR-65333
LIST-4950,IN_PROGRESS,2026-06-27 13:58:07,USR-65333
LIST-4950,IN_REVIEW,2026-06-28 21:58:07,USR-65333
LIST-4950,DONE,2026-06-29 10:58:07,USR-65333
TERM-4523,TO_DO,2025-10-28 22:09:35,USR-21104
TERM-4523,IN_PROGRESS,2025-10-29 11:09:35,USR-21104
TERM-4523,IN_REVIEW,2025-10-29 14:09:35,USR-21104
TERM-4523,DONE,2025-10-30 12:09:35,USR-21104
ANIM-3542,TO_DO,2025-12-01 22:32:40,USR-26059
ANIM-3542,IN_PROGRESS,2025-12-02 06:32:40,USR-26059
ANIM-3542,IN_REVIEW,2025-12-04 06:32:40,USR-26059
ANIM-3542,DONE,2025-12-05 11:32:40,USR-26059
CONF-2234,TO_DO,2026-05-22 21:45:49,USR-62184
CONF-2234,IN_PROGRESS,2026-05-23 19:45:49,USR-62184
CONF-2234,IN_REVIEW,2026-05-25 14:45:49,USR-62184
CONF-2234,DONE,2026-05-26 15:45:49,USR-62184
PROF-9850,TO_DO,2026-04-14 21:46:39,USR-36090
PROF-9850,IN_PROGRESS,2026-04-16 21:46:39,USR-36090
PROF-9850,IN_REVIEW,2026-04-18 16:46:39,USR-36090
PROF-9850,DONE,2026-04-19 23:46:39,USR-36090
PROF-3647,TO_DO,2026-02-05 11:09:32,USR-41358
PROF-3647,IN_PROGRESS,2026-02-07 01:09:32,USR-41358
PROF-3647,IN_REVIEW,2026-02-08 10:09:32,USR-41358
PROF-3647,DONE,2026-02-10 03:09:32,USR-41358
THES-3956,TO_DO,2026-01-18 23:41:17,USR-68183
THES-3956,IN_PROGRESS,2026-01-19 12:41:17,USR-68183
THES-3956,IN_REVIEW,2026-01-20 18:41:17,USR-68183
THES-3956,DONE,2026-01-21 00:41:17,USR-68183
DEVE-6424,TO_DO,2026-03-25 02:08:44,USR-82264
DEVE-6424,IN_PROGRESS,2026-03-25 17:08:44,USR-82264
DEVE-6424,IN_REVIEW,2026-03-27 02:08:44,USR-82264
DEVE-6424,DONE,2026-03-29 01:08:44,USR-82264
ANIM-9502,TO_DO,2025-11-23 07:07:06,USR-31319
ANIM-9502,IN_PROGRESS,2025-11-24 10:07:06,USR-31319
ANIM-9502,IN_REVIEW,2025-11-26 10:07:06,USR-31319
ANIM-9502,DONE,2025-11-28 10:07:06,USR-31319
LIST-4087,TO_DO,2026-02-03 03:53:35,USR-44718
LIST-4087,IN_PROGRESS,2026-02-04 14:53:35,USR-44718
LIST-4087,IN_REVIEW,2026-02-06 00:53:35,USR-44718
LIST-4087,DONE,2026-02-07 10:53:35,USR-44718
TERM-6723,TO_DO,2026-04-29 08:46:29,USR-68222
TERM-6723,IN_PROGRESS,2026-04-30 08:46:29,USR-68222
TERM-6723,IN_REVIEW,2026-04-30 21:46:29,USR-68222
TERM-6723,DONE,2026-05-01 14:46:29,USR-68222
LIST-7460,TO_DO,2026-08-19 14:27:38,USR-14244
LIST-7460,IN_PROGRESS,2026-08-20 07:27:38,USR-14244
LIST-7460,IN_REVIEW,2026-08-21 09:27:38,USR-14244
LIST-7460,DONE,2026-08-23 04:27:38,USR-14244
CONF-6254,TO_DO,2026-08-27 22:25:03,USR-15965
CONF-6254,IN_PROGRESS,2026-08-28 05:25:03,USR-15965
CONF-6254,IN_REVIEW,2026-08-28 08:25:03,USR-15965
CONF-6254,DONE,2026-08-28 19:25:03,USR-15965
CONF-6254,REOPENED,2026-08-30 14:25:03,USR-76540
CONF-6254,IN_PROGRESS,2026-08-31 09:25:03,USR-15965
CONF-6254,DONE,2026-08-31 23:25:03,USR-15965
CONF-6705,TO_DO,2026-07-15 19:15:38,USR-11658
CONF-6705,IN_PROGRESS,2026-07-16 09:15:38,USR-11658
CONF-6705,IN_REVIEW,2026-07-16 14:15:38,USR-11658
CONF-6705,DONE,2026-07-18 07:15:38,USR-11658
DEVE-7808,TO_DO,2026-02-03 20:55:54,USR-65108
DEVE-7808,IN_PROGRESS,2026-02-04 05:55:54,USR-65108
DEVE-7808,IN_REVIEW,2026-02-04 16:55:54,USR-65108
DEVE-7808,DONE,2026-02-05 19:55:54,USR-65108
ANIM-3486,TO_DO,2026-01-12 20:30:20,USR-69638
ANIM-3486,IN_PROGRESS,2026-01-14 16:30:20,USR-69638
ANIM-3486,IN_REVIEW,2026-01-15 02:30:20,USR-69638
ANIM-3486,DONE,2026-01-15 07:30:20,USR-69638
ANIM-3486,REOPENED,2026-01-15 16:30:20,USR-76244
ANIM-3486,IN_PROGRESS,2026-01-16 12:30:20,USR-69638
ANIM-3486,DONE,2026-01-18 11:30:20,USR-69638
THES-2899,TO_DO,2026-08-03 17:07:34,USR-24322
THES-2899,IN_PROGRESS,2026-08-05 17:07:34,USR-24322
THES-2899,IN_REVIEW,2026-08-05 21:07:34,USR-24322
THES-2899,DONE,2026-08-07 03:07:34,USR-24322
THES-2899,REOPENED,2026-08-07 13:07:34,USR-74451
THES-2899,IN_PROGRESS,2026-08-08 13:07:34,USR-24322
THES-2899,DONE,2026-08-09 14:07:34,USR-24322
LIST-8170,TO_DO,2026-07-09 23:44:33,USR-95755
LIST-8170,IN_PROGRESS,2026-07-10 19:44:33,USR-95755
LIST-8170,IN_REVIEW,2026-07-12 09:44:33,USR-95755
LIST-8170,DONE,2026-07-12 23:44:33,USR-95755
ORGA-6526,TO_DO,2026-07-07 22:34:54,USR-52568
ORGA-6526,IN_PROGRESS,2026-07-09 09:34:54,USR-52568
ORGA-6526,IN_REVIEW,2026-07-09 17:34:54,USR-52568
ORGA-6526,DONE,2026-07-10 04:34:54,USR-52568
ANIM-2645,TO_DO,2026-04-24 04:32:56,USR-76535
ANIM-2645,IN_PROGRESS,2026-04-24 14:32:56,USR-76535
ANIM-2645,IN_REVIEW,2026-04-25 13:32:56,USR-76535
ANIM-2645,DONE,2026-04-25 15:32:56,USR-76535
ANIM-2645,REOPENED,2026-04-27 05:32:56,USR-19116
ANIM-2645,IN_PROGRESS,2026-04-28 03:32:56,USR-76535
ANIM-2645,DONE,2026-04-29 03:32:56,USR-76535
ANIM-3459,TO_DO,2026-03-25 23:10:33,USR-18907
ANIM-3459,IN_PROGRESS,2026-03-26 23:10:33,USR-18907
ANIM-3459,IN_REVIEW,2026-03-28 23:10:33,USR-18907
ANIM-3459,DONE,2026-03-30 01:10:33,USR-18907
DEVE-4516,TO_DO,2026-06-13 12:52:52,USR-82264
DEVE-4516,IN_PROGRESS,2026-06-14 21:52:52,USR-82264
DEVE-4516,IN_REVIEW,2026-06-15 00:52:52,USR-82264
DEVE-4516,DONE,2026-06-15 08:52:52,USR-82264
TERM-2943,TO_DO,2025-10-26 11:59:52,USR-82384
TERM-2943,IN_PROGRESS,2025-10-27 13:59:52,USR-82384
TERM-2943,IN_REVIEW,2025-10-28 10:59:52,USR-82384
TERM-2943,DONE,2025-10-28 20:59:52,USR-82384
TERM-2943,REOPENED,2025-10-29 11:59:52,USR-80282
TERM-2943,IN_PROGRESS,2025-10-29 12:59:52,USR-82384
TERM-2943,DONE,2025-10-30 08:59:52,USR-82384
THES-3558,TO_DO,2026-07-08 12:22:02,USR-86435
THES-3558,IN_PROGRESS,2026-07-09 00:22:02,USR-86435
THES-3558,IN_REVIEW,2026-07-10 08:22:02,USR-86435
THES-3558,DONE,2026-07-11 00:22:02,USR-86435
THES-3558,REOPENED,2026-07-12 13:22:02,USR-92447
THES-3558,IN_PROGRESS,2026-07-13 05:22:02,USR-86435
THES-3558,DONE,2026-07-14 02:22:02,USR-86435
DEVE-3725,TO_DO,2026-04-29 11:00:10,USR-68529
DEVE-3725,IN_PROGRESS,2026-05-01 02:00:10,USR-68529
DEVE-3725,IN_REVIEW,2026-05-01 05:00:10,USR-68529
DEVE-3725,DONE,2026-05-02 09:00:10,USR-68529
ANIM-3072,TO_DO,2025-12-04 18:36:26,USR-33028
ANIM-3072,IN_PROGRESS,2025-12-06 15:36:26,USR-33028
ANIM-3072,IN_REVIEW,2025-12-08 09:36:26,USR-33028
ANIM-3072,DONE,2025-12-10 04:36:26,USR-33028
PROF-5676,TO_DO,2026-07-14 23:39:04,USR-86569
PROF-5676,IN_PROGRESS,2026-07-16 08:39:04,USR-86569
PROF-5676,IN_REVIEW,2026-07-17 22:39:04,USR-86569
PROF-5676,DONE,2026-07-19 16:39:04,USR-86569
PROF-5676,REOPENED,2026-07-20 22:39:04,USR-80381
PROF-5676,IN_PROGRESS,2026-07-21 10:39:04,USR-86569
PROF-5676,DONE,2026-07-22 17:39:04,USR-86569
CHOI-2063,TO_DO,2026-07-07 02:55:18,USR-92306
CHOI-2063,IN_PROGRESS,2026-07-07 19:55:18,USR-92306
CHOI-2063,IN_REVIEW,2026-07-08 13:55:18,USR-92306
CHOI-2063,DONE,2026-07-09 21:55:18,USR-92306
ANIM-5114,TO_DO,2026-06-22 12:25:27,USR-95477
ANIM-5114,IN_PROGRESS,2026-06-23 22:25:27,USR-95477
ANIM-5114,IN_REVIEW,2026-06-24 07:25:27,USR-95477
ANIM-5114,DONE,2026-06-24 11:25:27,USR-95477
DEVE-7759,TO_DO,2026-07-23 02:43:31,USR-59968
DEVE-7759,IN_PROGRESS,2026-07-23 14:43:31,USR-59968
DEVE-7759,IN_REVIEW,2026-07-24 19:43:31,USR-59968
DEVE-7759,DONE,2026-07-26 06:43:31,USR-59968
LIST-1215,TO_DO,2026-07-26 16:27:27,USR-73736
LIST-1215,IN_PROGRESS,2026-07-28 07:27:27,USR-73736
LIST-1215,IN_REVIEW,2026-07-28 10:27:27,USR-73736
LIST-1215,DONE,2026-07-30 10:27:27,USR-73736
WIN-1996,TO_DO,2026-02-24 13:57:04,USR-92242
WIN-1996,IN_PROGRESS,2026-02-24 18:57:04,USR-92242
WIN-1996,IN_REVIEW,2026-02-26 01:57:04,USR-92242
WIN-1996,DONE,2026-02-28 00:57:04,USR-92242
WIN-2305,TO_DO,2026-08-01 00:49:29,USR-51553
WIN-2305,IN_PROGRESS,2026-08-01 21:49:29,USR-51553
WIN-2305,IN_REVIEW,2026-08-02 11:49:29,USR-51553
WIN-2305,DONE,2026-08-03 14:49:29,USR-51553
THES-4220,TO_DO,2026-06-21 17:31:29,USR-27892
THES-4220,IN_PROGRESS,2026-06-23 14:31:29,USR-27892
THES-4220,IN_REVIEW,2026-06-24 14:31:29,USR-27892
THES-4220,DONE,2026-06-25 20:31:29,USR-27892
THES-4220,REOPENED,2026-06-27 01:31:29,USR-88116
THES-4220,IN_PROGRESS,2026-06-28 00:31:29,USR-27892
THES-4220,DONE,2026-06-29 07:31:29,USR-27892
CONF-5157,TO_DO,2025-11-06 03:58:40,USR-48890
CONF-5157,IN_PROGRESS,2025-11-07 19:58:40,USR-48890
CONF-5157,IN_REVIEW,2025-11-08 22:58:40,USR-48890
CONF-5157,DONE,2025-11-09 10:58:40,USR-48890
CHOI-8167,TO_DO,2026-07-13 03:17:39,USR-50173
CHOI-8167,IN_PROGRESS,2026-07-14 14:17:39,USR-50173
CHOI-8167,IN_REVIEW,2026-07-15 07:17:39,USR-50173
CHOI-8167,DONE,2026-07-15 17:17:39,USR-50173
TERM-1310,TO_DO,2026-01-30 01:53:36,USR-45774
TERM-1310,IN_PROGRESS,2026-01-31 00:53:36,USR-45774
TERM-1310,IN_REVIEW,2026-02-01 18:53:36,USR-45774
TERM-1310,DONE,2026-02-03 09:53:36,USR-45774
TERM-1310,REOPENED,2026-02-03 12:53:36,USR-44803
TERM-1310,IN_PROGRESS,2026-02-03 15:53:36,USR-45774
TERM-1310,DONE,2026-02-04 02:53:36,USR-45774
DEVE-8322,TO_DO,2026-02-18 14:56:29,USR-40771
DEVE-8322,IN_PROGRESS,2026-02-20 05:56:29,USR-40771
DEVE-8322,IN_REVIEW,2026-02-20 22:56:29,USR-40771
DEVE-8322,DONE,2026-02-22 10:56:29,USR-40771
THES-5416,TO_DO,2026-05-15 21:10:01,USR-40735
THES-5416,IN_PROGRESS,2026-05-16 01:10:01,USR-40735
THES-5416,IN_REVIEW,2026-05-16 19:10:01,USR-40735
THES-5416,DONE,2026-05-18 12:10:01,USR-40735
LIST-1620,TO_DO,2026-05-27 15:33:55,USR-37686
LIST-1620,IN_PROGRESS,2026-05-29 02:33:55,USR-37686
LIST-1620,IN_REVIEW,2026-05-30 11:33:55,USR-37686
LIST-1620,DONE,2026-06-01 05:33:55,USR-37686
THES-4254,TO_DO,2026-04-23 12:36:14,USR-46002
THES-4254,IN_PROGRESS,2026-04-24 08:36:14,USR-46002
THES-4254,IN_REVIEW,2026-04-24 16:36:14,USR-46002
THES-4254,DONE,2026-04-25 20:36:14,USR-46002
THES-3432,TO_DO,2026-01-05 05:59:54,USR-52987
THES-3432,IN_PROGRESS,2026-01-05 22:59:54,USR-52987
THES-3432,IN_REVIEW,2026-01-06 14:59:54,USR-52987
THES-3432,DONE,2026-01-07 03:59:54,USR-52987
ORGA-3998,TO_DO,2026-04-08 11:00:47,USR-72245
ORGA-3998,IN_PROGRESS,2026-04-10 02:00:47,USR-72245
ORGA-3998,IN_REVIEW,2026-04-11 16:00:47,USR-72245
ORGA-3998,DONE,2026-04-12 01:00:47,USR-72245
TERM-1240,TO_DO,2025-11-02 02:10:29,USR-42495
TERM-1240,IN_PROGRESS,2025-11-02 05:10:29,USR-42495
TERM-1240,IN_REVIEW,2025-11-02 20:10:29,USR-42495
TERM-1240,DONE,2025-11-04 03:10:29,USR-42495
TERM-1240,REOPENED,2025-11-04 08:10:29,USR-50173
TERM-1240,IN_PROGRESS,2025-11-05 01:10:29,USR-42495
TERM-1240,DONE,2025-11-06 10:10:29,USR-42495
LIST-3810,TO_DO,2025-11-02 21:34:16,USR-71348
LIST-3810,IN_PROGRESS,2025-11-04 15:34:16,USR-71348
LIST-3810,IN_REVIEW,2025-11-06 11:34:16,USR-71348
LIST-3810,DONE,2025-11-08 05:34:16,USR-71348
LIST-3810,REOPENED,2025-11-08 23:34:16,USR-43082
LIST-3810,IN_PROGRESS,2025-11-09 03:34:16,USR-71348
LIST-3810,DONE,2025-11-10 17:34:16,USR-71348
THES-4853,TO_DO,2025-10-27 13:28:22,USR-16839
THES-4853,IN_PROGRESS,2025-10-29 04:28:22,USR-16839
THES-4853,IN_REVIEW,2025-10-30 10:28:22,USR-16839
THES-4853,DONE,2025-10-30 21:28:22,USR-16839
THES-8281,TO_DO,2025-10-27 21:09:20,USR-60181
THES-8281,IN_PROGRESS,2025-10-29 17:09:20,USR-60181
THES-8281,IN_REVIEW,2025-10-31 03:09:20,USR-60181
THES-8281,DONE,2025-10-31 06:09:20,USR-60181
LIST-7537,TO_DO,2025-10-12 18:20:30,USR-18285
LIST-7537,IN_PROGRESS,2025-10-13 18:20:30,USR-18285
LIST-7537,IN_REVIEW,2025-10-15 05:20:30,USR-18285
LIST-7537,DONE,2025-10-16 15:20:30,USR-18285
CONF-8214,TO_DO,2025-10-23 15:24:54,USR-76550
CONF-8214,IN_PROGRESS,2025-10-24 09:24:54,USR-76550
CONF-8214,IN_REVIEW,2025-10-25 21:24:54,USR-76550
CONF-8214,DONE,2025-10-26 01:24:54,USR-76550
TERM-6246,TO_DO,2026-03-28 04:07:04,USR-17518
TERM-6246,IN_PROGRESS,2026-03-29 01:07:04,USR-17518
TERM-6246,IN_REVIEW,2026-03-30 17:07:04,USR-17518
TERM-6246,DONE,2026-03-31 20:07:04,USR-17518
THES-3585,TO_DO,2026-02-03 16:19:57,USR-43550
THES-3585,IN_PROGRESS,2026-02-05 12:19:57,USR-43550
THES-3585,IN_REVIEW,2026-02-06 17:19:57,USR-43550
THES-3585,DONE,2026-02-08 06:19:57,USR-43550
ANIM-8591,TO_DO,2026-08-08 09:20:36,USR-15683
ANIM-8591,IN_PROGRESS,2026-08-09 04:20:36,USR-15683
ANIM-8591,IN_REVIEW,2026-08-09 08:20:36,USR-15683
ANIM-8591,DONE,2026-08-10 23:20:36,USR-15683
PROF-2931,TO_DO,2026-07-10 12:00:38,USR-54313
PROF-2931,IN_PROGRESS,2026-07-10 16:00:38,USR-54313
PROF-2931,IN_REVIEW,2026-07-12 01:00:38,USR-54313
PROF-2931,DONE,2026-07-13 14:00:38,USR-54313
PROF-3900,TO_DO,2026-04-06 06:29:54,USR-64602
PROF-3900,IN_PROGRESS,2026-04-08 06:29:54,USR-64602
PROF-3900,IN_REVIEW,2026-04-09 08:29:54,USR-64602
PROF-3900,DONE,2026-04-10 08:29:54,USR-64602
TERM-7523,TO_DO,2026-05-14 09:01:05,USR-83579
TERM-7523,IN_PROGRESS,2026-05-16 02:01:05,USR-83579
TERM-7523,IN_REVIEW,2026-05-17 04:01:05,USR-83579
TERM-7523,DONE,2026-05-18 06:01:05,USR-83579
PROF-5338,TO_DO,2026-06-05 17:35:09,USR-59823
PROF-5338,IN_PROGRESS,2026-06-05 23:35:09,USR-59823
PROF-5338,IN_REVIEW,2026-06-07 05:35:09,USR-59823
PROF-5338,DONE,2026-06-07 07:35:09,USR-59823
LIST-6538,TO_DO,2025-11-12 12:54:36,USR-65518
LIST-6538,IN_PROGRESS,2025-11-13 07:54:36,USR-65518
LIST-6538,IN_REVIEW,2025-11-14 19:54:36,USR-65518
LIST-6538,DONE,2025-11-16 07:54:36,USR-65518
LIST-6538,REOPENED,2025-11-16 17:54:36,USR-76307
LIST-6538,IN_PROGRESS,2025-11-16 18:54:36,USR-65518
LIST-6538,DONE,2025-11-18 06:54:36,USR-65518
CONF-4637,TO_DO,2026-06-19 14:37:07,USR-83584
CONF-4637,IN_PROGRESS,2026-06-20 19:37:07,USR-83584
CONF-4637,IN_REVIEW,2026-06-21 05:37:07,USR-83584
CONF-4637,DONE,2026-06-21 23:37:07,USR-83584
TERM-3479,TO_DO,2026-08-15 06:31:44,USR-69609
TERM-3479,IN_PROGRESS,2026-08-15 09:31:44,USR-69609
TERM-3479,IN_REVIEW,2026-08-17 02:31:44,USR-69609
TERM-3479,DONE,2026-08-17 08:31:44,USR-69609
CHOI-2210,TO_DO,2025-11-23 00:39:52,USR-40982
CHOI-2210,IN_PROGRESS,2025-11-24 18:39:52,USR-40982
CHOI-2210,IN_REVIEW,2025-11-25 06:39:52,USR-40982
CHOI-2210,DONE,2025-11-25 21:39:52,USR-40982
ORGA-2768,TO_DO,2026-06-18 03:37:56,USR-53054
ORGA-2768,IN_PROGRESS,2026-06-18 07:37:56,USR-53054
ORGA-2768,IN_REVIEW,2026-06-19 01:37:56,USR-53054
ORGA-2768,DONE,2026-06-19 23:37:56,USR-53054
LIST-2546,TO_DO,2026-08-30 19:10:23,USR-93560
LIST-2546,IN_PROGRESS,2026-08-31 16:10:23,USR-93560
LIST-2546,IN_REVIEW,2026-09-02 01:10:23,USR-93560
LIST-2546,DONE,2026-09-02 12:10:23,USR-93560
THES-2595,TO_DO,2025-11-27 12:56:53,USR-80010
THES-2595,IN_PROGRESS,2025-11-29 02:56:53,USR-80010
THES-2595,IN_REVIEW,2025-11-30 06:56:53,USR-80010
THES-2595,DONE,2025-12-01 09:56:53,USR-80010
TERM-8933,TO_DO,2025-12-15 02:34:00,USR-64874
TERM-8933,IN_PROGRESS,2025-12-16 18:34:00,USR-64874
TERM-8933,IN_REVIEW,2025-12-18 06:34:00,USR-64874
TERM-8933,DONE,2025-12-19 20:34:00,USR-64874
DEVE-9957,TO_DO,2026-07-20 02:53:57,USR-48770
DEVE-9957,IN_PROGRESS,2026-07-20 13:53:57,USR-48770
DEVE-9957,IN_REVIEW,2026-07-20 21:53:57,USR-48770
DEVE-9957,DONE,2026-07-21 16:53:57,USR-48770
TERM-5437,TO_DO,2026-02-25 15:14:59,USR-24322
TERM-5437,IN_PROGRESS,2026-02-27 09:14:59,USR-24322
TERM-5437,IN_REVIEW,2026-02-28 11:14:59,USR-24322
TERM-5437,DONE,2026-03-01 05:14:59,USR-24322
ORGA-9821,TO_DO,2026-04-03 15:34:53,USR-20155
ORGA-9821,IN_PROGRESS,2026-04-05 04:34:53,USR-20155
ORGA-9821,IN_REVIEW,2026-04-06 10:34:53,USR-20155
ORGA-9821,DONE,2026-04-07 07:34:53,USR-20155
ORGA-6117,TO_DO,2026-04-17 16:17:49,USR-19305
ORGA-6117,IN_PROGRESS,2026-04-19 12:17:49,USR-19305
ORGA-6117,IN_REVIEW,2026-04-19 17:17:49,USR-19305
ORGA-6117,DONE,2026-04-20 02:17:49,USR-19305
CONF-3208,TO_DO,2025-10-04 19:50:49,USR-42527
CONF-3208,IN_PROGRESS,2025-10-05 12:50:49,USR-42527
CONF-3208,IN_REVIEW,2025-10-07 10:50:49,USR-42527
CONF-3208,DONE,2025-10-08 12:50:49,USR-42527
DEVE-6755,TO_DO,2026-08-07 09:41:13,USR-26828
DEVE-6755,IN_PROGRESS,2026-08-09 01:41:13,USR-26828
DEVE-6755,IN_REVIEW,2026-08-10 13:41:13,USR-26828
DEVE-6755,DONE,2026-08-12 02:41:13,USR-26828
DEVE-6755,REOPENED,2026-08-13 05:41:13,USR-17355
DEVE-6755,IN_PROGRESS,2026-08-13 12:41:13,USR-26828
DEVE-6755,DONE,2026-08-14 18:41:13,USR-26828
WIN-5072,TO_DO,2026-04-20 17:50:50,USR-43491
WIN-5072,IN_PROGRESS,2026-04-21 15:50:50,USR-43491
WIN-5072,IN_REVIEW,2026-04-22 16:50:50,USR-43491
WIN-5072,DONE,2026-04-24 08:50:50,USR-43491
ORGA-8954,TO_DO,2026-02-01 02:00:47,USR-24996
ORGA-8954,IN_PROGRESS,2026-02-01 23:00:47,USR-24996
ORGA-8954,IN_REVIEW,2026-02-03 10:00:47,USR-24996
ORGA-8954,DONE,2026-02-05 01:00:47,USR-24996
ORGA-8954,REOPENED,2026-02-05 19:00:47,USR-40512
ORGA-8954,IN_PROGRESS,2026-02-06 01:00:47,USR-24996
ORGA-8954,DONE,2026-02-06 08:00:47,USR-24996
CHOI-7165,TO_DO,2026-06-24 06:04:57,USR-82305
CHOI-7165,IN_PROGRESS,2026-06-25 11:04:57,USR-82305
CHOI-7165,IN_REVIEW,2026-06-26 16:04:57,USR-82305
CHOI-7165,DONE,2026-06-28 01:04:57,USR-82305
DEVE-6355,TO_DO,2026-02-12 13:04:26,USR-93507
DEVE-6355,IN_PROGRESS,2026-02-13 22:04:26,USR-93507
DEVE-6355,IN_REVIEW,2026-02-15 04:04:26,USR-93507
DEVE-6355,DONE,2026-02-16 03:04:26,USR-93507
DEVE-8382,TO_DO,2026-08-26 01:53:01,USR-71925
DEVE-8382,IN_PROGRESS,2026-08-27 17:53:01,USR-71925
DEVE-8382,IN_REVIEW,2026-08-27 20:53:01,USR-71925
DEVE-8382,DONE,2026-08-29 01:53:01,USR-71925
PROF-7054,TO_DO,2026-06-21 19:23:03,USR-26912
PROF-7054,IN_PROGRESS,2026-06-22 23:23:03,USR-26912
PROF-7054,IN_REVIEW,2026-06-23 22:23:03,USR-26912
PROF-7054,DONE,2026-06-25 20:23:03,USR-26912
DEVE-2776,TO_DO,2025-12-15 13:00:03,USR-21188
DEVE-2776,IN_PROGRESS,2025-12-15 15:00:03,USR-21188
DEVE-2776,IN_REVIEW,2025-12-17 13:00:03,USR-21188
DEVE-2776,DONE,2025-12-19 10:00:03,USR-21188
ANIM-4059,TO_DO,2026-07-10 13:31:41,USR-59192
ANIM-4059,IN_PROGRESS,2026-07-12 11:31:41,USR-59192
ANIM-4059,IN_REVIEW,2026-07-14 07:31:41,USR-59192
ANIM-4059,DONE,2026-07-15 15:31:41,USR-59192
ANIM-4059,REOPENED,2026-07-16 12:31:41,USR-27601
ANIM-4059,IN_PROGRESS,2026-07-17 01:31:41,USR-59192
ANIM-4059,DONE,2026-07-17 13:31:41,USR-59192
WIN-2103,TO_DO,2026-01-13 20:15:37,USR-26828
WIN-2103,IN_PROGRESS,2026-01-14 21:15:37,USR-26828
WIN-2103,IN_REVIEW,2026-01-16 07:15:37,USR-26828
WIN-2103,DONE,2026-01-17 01:15:37,USR-26828
LIST-7361,TO_DO,2026-07-13 19:45:32,USR-64381
LIST-7361,IN_PROGRESS,2026-07-15 06:45:32,USR-64381
LIST-7361,IN_REVIEW,2026-07-16 09:45:32,USR-64381
LIST-7361,DONE,2026-07-17 17:45:32,USR-64381
TERM-3094,TO_DO,2026-04-05 01:34:22,USR-63264
TERM-3094,IN_PROGRESS,2026-04-05 20:34:22,USR-63264
TERM-3094,IN_REVIEW,2026-04-07 02:34:22,USR-63264
TERM-3094,DONE,2026-04-07 12:34:22,USR-63264
ORGA-5310,TO_DO,2026-05-08 12:19:09,USR-58237
ORGA-5310,IN_PROGRESS,2026-05-09 00:19:09,USR-58237
ORGA-5310,IN_REVIEW,2026-05-09 05:19:09,USR-58237
ORGA-5310,DONE,2026-05-09 20:19:09,USR-58237
CHOI-4748,TO_DO,2025-11-29 17:58:32,USR-20350
CHOI-4748,IN_PROGRESS,2025-12-01 17:58:32,USR-20350
CHOI-4748,IN_REVIEW,2025-12-02 19:58:32,USR-20350
CHOI-4748,DONE,2025-12-04 07:58:32,USR-20350
TERM-6740,TO_DO,2026-06-13 02:18:54,USR-15482
TERM-6740,IN_PROGRESS,2026-06-13 12:18:54,USR-15482
TERM-6740,IN_REVIEW,2026-06-13 21:18:54,USR-15482
TERM-6740,DONE,2026-06-15 17:18:54,USR-15482
PROF-9248,TO_DO,2026-08-14 05:25:34,USR-64548
PROF-9248,IN_PROGRESS,2026-08-14 23:25:34,USR-64548
PROF-9248,IN_REVIEW,2026-08-15 20:25:34,USR-64548
PROF-9248,DONE,2026-08-17 15:25:34,USR-64548
CHOI-8654,TO_DO,2025-10-09 04:09:28,USR-19666
CHOI-8654,IN_PROGRESS,2025-10-09 15:09:28,USR-19666
CHOI-8654,IN_REVIEW,2025-10-11 14:09:28,USR-19666
CHOI-8654,DONE,2025-10-12 20:09:28,USR-19666
LIST-9048,TO_DO,2026-07-19 12:32:19,USR-59377
LIST-9048,IN_PROGRESS,2026-07-20 03:32:19,USR-59377
LIST-9048,IN_REVIEW,2026-07-20 20:32:19,USR-59377
LIST-9048,DONE,2026-07-22 16:32:19,USR-59377
ANIM-9016,TO_DO,2026-02-20 18:39:34,USR-72739
ANIM-9016,IN_PROGRESS,2026-02-21 00:39:34,USR-72739
ANIM-9016,IN_REVIEW,2026-02-22 08:39:34,USR-72739
ANIM-9016,DONE,2026-02-23 08:39:34,USR-72739
DEVE-9894,TO_DO,2026-08-20 07:06:38,USR-76540
DEVE-9894,IN_PROGRESS,2026-08-21 01:06:38,USR-76540
DEVE-9894,IN_REVIEW,2026-08-22 00:06:38,USR-76540
DEVE-9894,DONE,2026-08-23 23:06:38,USR-76540
DEVE-9894,REOPENED,2026-08-25 17:06:38,USR-44116
DEVE-9894,IN_PROGRESS,2026-08-26 00:06:38,USR-76540
DEVE-9894,DONE,2026-08-26 06:06:38,USR-76540
ORGA-4760,TO_DO,2026-08-08 12:37:05,USR-56179
ORGA-4760,IN_PROGRESS,2026-08-09 11:37:05,USR-56179
ORGA-4760,IN_REVIEW,2026-08-10 03:37:05,USR-56179
ORGA-4760,DONE,2026-08-11 00:37:05,USR-56179
DEVE-2701,TO_DO,2026-09-11 19:46:01,USR-77811
DEVE-2701,IN_PROGRESS,2026-09-13 05:46:01,USR-77811
DEVE-2701,IN_REVIEW,2026-09-13 11:46:01,USR-77811
DEVE-2701,DONE,2026-09-14 16:46:01,USR-77811
ANIM-5568,TO_DO,2026-03-20 08:10:14,USR-76840
ANIM-5568,IN_PROGRESS,2026-03-21 20:10:14,USR-76840
ANIM-5568,IN_REVIEW,2026-03-22 11:10:14,USR-76840
ANIM-5568,DONE,2026-03-23 23:10:14,USR-76840
THES-8784,TO_DO,2026-08-02 23:21:22,USR-96991
THES-8784,IN_PROGRESS,2026-08-03 16:21:22,USR-96991
THES-8784,IN_REVIEW,2026-08-05 11:21:22,USR-96991
THES-8784,DONE,2026-08-07 03:21:22,USR-96991
ANIM-9792,TO_DO,2026-03-26 11:31:43,USR-48680
ANIM-9792,IN_PROGRESS,2026-03-28 04:31:43,USR-48680
ANIM-9792,IN_REVIEW,2026-03-29 18:31:43,USR-48680
ANIM-9792,DONE,2026-03-31 09:31:43,USR-48680
CONF-9645,TO_DO,2025-12-25 03:57:11,USR-22245
CONF-9645,IN_PROGRESS,2025-12-26 11:57:11,USR-22245
CONF-9645,IN_REVIEW,2025-12-28 02:57:11,USR-22245
CONF-9645,DONE,2025-12-30 00:57:11,USR-22245
TERM-2714,TO_DO,2026-04-16 02:19:35,USR-91857
TERM-2714,IN_PROGRESS,2026-04-16 09:19:35,USR-91857
TERM-2714,IN_REVIEW,2026-04-18 09:19:35,USR-91857
TERM-2714,DONE,2026-04-20 01:19:35,USR-91857
ORGA-5139,TO_DO,2026-04-12 09:25:18,USR-51853
ORGA-5139,IN_PROGRESS,2026-04-13 15:25:18,USR-51853
ORGA-5139,IN_REVIEW,2026-04-14 03:25:18,USR-51853
ORGA-5139,DONE,2026-04-15 14:25:18,USR-51853
PROF-2690,TO_DO,2026-08-14 13:11:13,USR-16731
PROF-2690,IN_PROGRESS,2026-08-15 16:11:13,USR-16731
PROF-2690,IN_REVIEW,2026-08-16 04:11:13,USR-16731
PROF-2690,DONE,2026-08-17 18:11:13,USR-16731
ANIM-9471,TO_DO,2026-07-30 18:14:14,USR-28131
ANIM-9471,IN_PROGRESS,2026-07-31 06:14:14,USR-28131
ANIM-9471,IN_REVIEW,2026-07-31 17:14:14,USR-28131
ANIM-9471,DONE,2026-08-01 02:14:14,USR-28131
THES-1244,TO_DO,2026-05-31 02:35:35,USR-89316
THES-1244,IN_PROGRESS,2026-06-01 04:35:35,USR-89316
THES-1244,IN_REVIEW,2026-06-02 11:35:35,USR-89316
THES-1244,DONE,2026-06-03 16:35:35,USR-89316
THES-1742,TO_DO,2025-10-01 10:06:18,USR-79397
THES-1742,IN_PROGRESS,2025-10-03 07:06:18,USR-79397
THES-1742,IN_REVIEW,2025-10-04 15:06:18,USR-79397
THES-1742,DONE,2025-10-06 14:06:18,USR-79397
THES-1183,TO_DO,2026-07-04 18:19:44,USR-35995
THES-1183,IN_PROGRESS,2026-07-05 14:19:44,USR-35995
THES-1183,IN_REVIEW,2026-07-05 19:19:44,USR-35995
THES-1183,DONE,2026-07-07 19:19:44,USR-35995
LIST-5740,TO_DO,2026-06-01 08:16:37,USR-72216
LIST-5740,IN_PROGRESS,2026-06-02 16:16:37,USR-72216
LIST-5740,IN_REVIEW,2026-06-03 11:16:37,USR-72216
LIST-5740,DONE,2026-06-04 15:16:37,USR-72216
ANIM-4194,TO_DO,2026-05-29 22:33:09,USR-62187
ANIM-4194,IN_PROGRESS,2026-05-30 02:33:09,USR-62187
ANIM-4194,IN_REVIEW,2026-05-30 04:33:09,USR-62187
ANIM-4194,DONE,2026-05-30 18:33:09,USR-62187
DEVE-8488,TO_DO,2026-01-06 05:30:41,USR-85718
DEVE-8488,IN_PROGRESS,2026-01-07 04:30:41,USR-85718
DEVE-8488,IN_REVIEW,2026-01-08 19:30:41,USR-85718
DEVE-8488,DONE,2026-01-09 21:30:41,USR-85718
THES-6429,TO_DO,2026-03-31 02:32:15,USR-86622
THES-6429,IN_PROGRESS,2026-03-31 21:32:15,USR-86622
THES-6429,IN_REVIEW,2026-04-01 04:32:15,USR-86622
THES-6429,DONE,2026-04-01 10:32:15,USR-86622
THES-6429,REOPENED,2026-04-01 12:32:15,USR-47627
THES-6429,IN_PROGRESS,2026-04-02 09:32:15,USR-86622
THES-6429,DONE,2026-04-03 14:32:15,USR-86622
WIN-5900,TO_DO,2026-04-09 16:10:18,USR-19305
WIN-5900,IN_PROGRESS,2026-04-11 04:10:18,USR-19305
WIN-5900,IN_REVIEW,2026-04-12 02:10:18,USR-19305
WIN-5900,DONE,2026-04-12 10:10:18,USR-19305
CONF-5405,TO_DO,2026-09-05 22:49:42,USR-51245
CONF-5405,IN_PROGRESS,2026-09-06 12:49:42,USR-51245
CONF-5405,IN_REVIEW,2026-09-07 17:49:42,USR-51245
CONF-5405,DONE,2026-09-08 21:49:42,USR-51245
PROF-5820,TO_DO,2025-11-24 04:21:24,USR-18285
PROF-5820,IN_PROGRESS,2025-11-24 16:21:24,USR-18285
PROF-5820,IN_REVIEW,2025-11-25 18:21:24,USR-18285
PROF-5820,DONE,2025-11-27 10:21:24,USR-18285
DEVE-9650,TO_DO,2026-02-17 11:14:56,USR-16629
DEVE-9650,IN_PROGRESS,2026-02-18 19:14:56,USR-16629
DEVE-9650,IN_REVIEW,2026-02-20 06:14:56,USR-16629
DEVE-9650,DONE,2026-02-22 03:14:56,USR-16629
TERM-2190,TO_DO,2026-02-19 16:55:43,USR-69988
TERM-2190,IN_PROGRESS,2026-02-19 22:55:43,USR-69988
TERM-2190,IN_REVIEW,2026-02-21 12:55:43,USR-69988
TERM-2190,DONE,2026-02-22 19:55:43,USR-69988
DEVE-4878,TO_DO,2026-03-03 21:39:27,USR-42493
DEVE-4878,IN_PROGRESS,2026-03-05 04:39:27,USR-42493
DEVE-4878,IN_REVIEW,2026-03-06 22:39:27,USR-42493
DEVE-4878,DONE,2026-03-08 09:39:27,USR-42493
DEVE-4878,REOPENED,2026-03-09 23:39:27,USR-15100
DEVE-4878,IN_PROGRESS,2026-03-10 17:39:27,USR-42493
DEVE-4878,DONE,2026-03-11 08:39:27,USR-42493
ORGA-1240,TO_DO,2025-10-03 13:02:25,USR-62184
ORGA-1240,IN_PROGRESS,2025-10-03 19:02:25,USR-62184
ORGA-1240,IN_REVIEW,2025-10-05 02:02:25,USR-62184
ORGA-1240,DONE,2025-10-06 03:02:25,USR-62184
LIST-6150,TO_DO,2026-08-28 23:22:05,USR-44737
LIST-6150,IN_PROGRESS,2026-08-30 19:22:05,USR-44737
LIST-6150,IN_REVIEW,2026-08-31 05:22:05,USR-44737
LIST-6150,DONE,2026-09-01 14:22:05,USR-44737
ORGA-4029,TO_DO,2026-07-08 17:21:10,USR-27781
ORGA-4029,IN_PROGRESS,2026-07-09 00:21:10,USR-27781
ORGA-4029,IN_REVIEW,2026-07-10 16:21:10,USR-27781
ORGA-4029,DONE,2026-07-12 15:21:10,USR-27781
ORGA-3257,TO_DO,2026-01-01 15:37:57,USR-31178
ORGA-3257,IN_PROGRESS,2026-01-03 06:37:57,USR-31178
ORGA-3257,IN_REVIEW,2026-01-03 12:37:57,USR-31178
ORGA-3257,DONE,2026-01-04 18:37:57,USR-31178
CHOI-7003,TO_DO,2025-11-20 21:31:33,USR-24322
CHOI-7003,IN_PROGRESS,2025-11-22 06:31:33,USR-24322
CHOI-7003,IN_REVIEW,2025-11-22 10:31:33,USR-24322
CHOI-7003,DONE,2025-11-23 08:31:33,USR-24322
LIST-3071,TO_DO,2026-03-04 06:07:58,USR-19602
LIST-3071,IN_PROGRESS,2026-03-06 05:07:58,USR-19602
LIST-3071,IN_REVIEW,2026-03-07 19:07:58,USR-19602
LIST-3071,DONE,2026-03-07 22:07:58,USR-19602
LIST-3071,REOPENED,2026-03-09 22:07:58,USR-39038
LIST-3071,IN_PROGRESS,2026-03-10 00:07:58,USR-19602
LIST-3071,DONE,2026-03-10 08:07:58,USR-19602
ORGA-4597,TO_DO,2026-07-05 14:15:40,USR-78765
ORGA-4597,IN_PROGRESS,2026-07-06 05:15:40,USR-78765
ORGA-4597,IN_REVIEW,2026-07-06 15:15:40,USR-78765
ORGA-4597,DONE,2026-07-07 10:15:40,USR-78765
ANIM-9242,TO_DO,2026-05-30 05:52:52,USR-65435
ANIM-9242,IN_PROGRESS,2026-05-30 10:52:52,USR-65435
ANIM-9242,IN_REVIEW,2026-05-30 17:52:52,USR-65435
ANIM-9242,DONE,2026-06-01 02:52:52,USR-65435
LIST-3994,TO_DO,2026-07-30 05:28:34,USR-21104
LIST-3994,IN_PROGRESS,2026-07-30 11:28:34,USR-21104
LIST-3994,IN_REVIEW,2026-07-31 13:28:34,USR-21104
LIST-3994,DONE,2026-08-02 01:28:34,USR-21104
DEVE-8888,TO_DO,2026-08-29 01:23:17,USR-11607
DEVE-8888,IN_PROGRESS,2026-08-29 08:23:17,USR-11607
DEVE-8888,IN_REVIEW,2026-08-29 17:23:17,USR-11607
DEVE-8888,DONE,2026-08-31 07:23:17,USR-11607
DEVE-8888,REOPENED,2026-09-01 08:23:17,USR-21221
DEVE-8888,IN_PROGRESS,2026-09-01 09:23:17,USR-11607
DEVE-8888,DONE,2026-09-03 04:23:17,USR-11607
ANIM-8599,TO_DO,2026-07-31 13:29:25,USR-95929
ANIM-8599,IN_PROGRESS,2026-07-31 20:29:25,USR-95929
ANIM-8599,IN_REVIEW,2026-08-01 00:29:25,USR-95929
ANIM-8599,DONE,2026-08-02 01:29:25,USR-95929
TERM-1872,TO_DO,2025-10-05 16:16:54,USR-10221
TERM-1872,IN_PROGRESS,2025-10-07 07:16:54,USR-10221
TERM-1872,IN_REVIEW,2025-10-08 05:16:54,USR-10221
TERM-1872,DONE,2025-10-10 02:16:54,USR-10221
DEVE-8927,TO_DO,2026-01-11 21:51:53,USR-93560
DEVE-8927,IN_PROGRESS,2026-01-13 10:51:53,USR-93560
DEVE-8927,IN_REVIEW,2026-01-15 09:51:53,USR-93560
DEVE-8927,DONE,2026-01-16 07:51:53,USR-93560
CHOI-4719,TO_DO,2026-01-17 10:48:20,USR-53583
CHOI-4719,IN_PROGRESS,2026-01-18 23:48:20,USR-53583
CHOI-4719,IN_REVIEW,2026-01-20 13:48:20,USR-53583
CHOI-4719,DONE,2026-01-21 04:48:20,USR-53583
WIN-3154,TO_DO,2026-07-21 01:23:27,USR-61505
WIN-3154,IN_PROGRESS,2026-07-22 18:23:27,USR-61505
WIN-3154,IN_REVIEW,2026-07-24 18:23:27,USR-61505
WIN-3154,DONE,2026-07-26 04:23:27,USR-61505
TERM-4312,TO_DO,2026-08-06 05:40:36,USR-14877
TERM-4312,IN_PROGRESS,2026-08-06 09:40:36,USR-14877
TERM-4312,IN_REVIEW,2026-08-07 03:40:36,USR-14877
TERM-4312,DONE,2026-08-08 02:40:36,USR-14877
ANIM-6763,TO_DO,2026-03-27 02:16:14,USR-65435
ANIM-6763,IN_PROGRESS,2026-03-28 09:16:14,USR-65435
ANIM-6763,IN_REVIEW,2026-03-29 05:16:14,USR-65435
ANIM-6763,DONE,2026-03-29 20:16:14,USR-65435
WIN-8173,TO_DO,2026-05-29 22:48:34,USR-20336
WIN-8173,IN_PROGRESS,2026-05-31 02:48:34,USR-20336
WIN-8173,IN_REVIEW,2026-06-01 13:48:34,USR-20336
WIN-8173,DONE,2026-06-01 18:48:34,USR-20336
CHOI-9940,TO_DO,2026-03-03 20:51:55,USR-48254
CHOI-9940,IN_PROGRESS,2026-03-05 19:51:55,USR-48254
CHOI-9940,IN_REVIEW,2026-03-06 13:51:55,USR-48254
CHOI-9940,DONE,2026-03-07 10:51:55,USR-48254
LIST-4198,TO_DO,2026-05-22 13:43:52,USR-13248
LIST-4198,IN_PROGRESS,2026-05-23 16:43:52,USR-13248
LIST-4198,IN_REVIEW,2026-05-24 02:43:52,USR-13248
LIST-4198,DONE,2026-05-25 14:43:52,USR-13248
WIN-6472,TO_DO,2026-07-03 16:11:38,USR-55236
WIN-6472,IN_PROGRESS,2026-07-04 22:11:38,USR-55236
WIN-6472,IN_REVIEW,2026-07-06 15:11:38,USR-55236
WIN-6472,DONE,2026-07-07 14:11:38,USR-55236
WIN-6472,REOPENED,2026-07-08 14:11:38,USR-75211
WIN-6472,IN_PROGRESS,2026-07-08 17:11:38,USR-55236
WIN-6472,DONE,2026-07-09 20:11:38,USR-55236
ORGA-3612,TO_DO,2026-07-26 08:01:37,USR-48770
ORGA-3612,IN_PROGRESS,2026-07-27 06:01:37,USR-48770
ORGA-3612,IN_REVIEW,2026-07-27 14:01:37,USR-48770
ORGA-3612,DONE,2026-07-27 18:01:37,USR-48770
CHOI-1451,TO_DO,2026-03-29 08:32:41,USR-17100
CHOI-1451,IN_PROGRESS,2026-03-30 18:32:41,USR-17100
CHOI-1451,IN_REVIEW,2026-03-31 20:32:41,USR-17100
CHOI-1451,DONE,2026-04-01 04:32:41,USR-17100
DEVE-3331,TO_DO,2026-05-26 03:19:20,USR-54350
DEVE-3331,IN_PROGRESS,2026-05-26 15:19:20,USR-54350
DEVE-3331,IN_REVIEW,2026-05-28 09:19:20,USR-54350
DEVE-3331,DONE,2026-05-28 12:19:20,USR-54350
CONF-7077,TO_DO,2026-05-19 09:27:11,USR-20828
CONF-7077,IN_PROGRESS,2026-05-19 11:27:11,USR-20828
CONF-7077,IN_REVIEW,2026-05-19 18:27:11,USR-20828
CONF-7077,DONE,2026-05-21 14:27:11,USR-20828
ANIM-8171,TO_DO,2025-11-08 05:15:14,USR-12128
ANIM-8171,IN_PROGRESS,2025-11-08 17:15:14,USR-12128
ANIM-8171,IN_REVIEW,2025-11-09 21:15:14,USR-12128
ANIM-8171,DONE,2025-11-11 19:15:14,USR-12128
THES-6234,TO_DO,2025-12-11 13:25:55,USR-74752
THES-6234,IN_PROGRESS,2025-12-12 07:25:55,USR-74752
THES-6234,IN_REVIEW,2025-12-13 13:25:55,USR-74752
THES-6234,DONE,2025-12-15 07:25:55,USR-74752
THES-6234,REOPENED,2025-12-17 00:25:55,USR-10053
THES-6234,IN_PROGRESS,2025-12-17 11:25:55,USR-74752
THES-6234,DONE,2025-12-17 17:25:55,USR-74752
TERM-5628,TO_DO,2025-11-23 09:00:16,USR-36111
TERM-5628,IN_PROGRESS,2025-11-24 16:00:16,USR-36111
TERM-5628,IN_REVIEW,2025-11-26 08:00:16,USR-36111
TERM-5628,DONE,2025-11-27 21:00:16,USR-36111
TERM-5628,REOPENED,2025-11-28 02:00:16,USR-67432
TERM-5628,IN_PROGRESS,2025-11-28 14:00:16,USR-36111
TERM-5628,DONE,2025-11-30 07:00:16,USR-36111
WIN-1459,TO_DO,2026-01-04 00:47:12,USR-58655
WIN-1459,IN_PROGRESS,2026-01-05 21:47:12,USR-58655
WIN-1459,IN_REVIEW,2026-01-07 14:47:12,USR-58655
WIN-1459,DONE,2026-01-08 05:47:12,USR-58655
DEVE-4330,TO_DO,2026-04-16 18:24:44,USR-82845
DEVE-4330,IN_PROGRESS,2026-04-17 09:24:44,USR-82845
DEVE-4330,IN_REVIEW,2026-04-18 14:24:44,USR-82845
DEVE-4330,DONE,2026-04-18 18:24:44,USR-82845
CONF-5656,TO_DO,2026-02-27 12:56:11,USR-55508
CONF-5656,IN_PROGRESS,2026-03-01 05:56:11,USR-55508
CONF-5656,IN_REVIEW,2026-03-02 22:56:11,USR-55508
CONF-5656,DONE,2026-03-03 11:56:11,USR-55508
CONF-5656,REOPENED,2026-03-04 23:56:11,USR-58629
CONF-5656,IN_PROGRESS,2026-03-05 11:56:11,USR-55508
CONF-5656,DONE,2026-03-06 13:56:11,USR-55508
PROF-7124,TO_DO,2026-07-26 23:37:39,USR-90173
PROF-7124,IN_PROGRESS,2026-07-27 04:37:39,USR-90173
PROF-7124,IN_REVIEW,2026-07-28 08:37:39,USR-90173
PROF-7124,DONE,2026-07-29 17:37:39,USR-90173
CONF-1213,TO_DO,2025-10-18 10:53:23,USR-41186
CONF-1213,IN_PROGRESS,2025-10-19 12:53:23,USR-41186
CONF-1213,IN_REVIEW,2025-10-21 11:53:23,USR-41186
CONF-1213,DONE,2025-10-22 17:53:23,USR-41186
CHOI-1722,TO_DO,2026-06-19 22:26:51,USR-81810
CHOI-1722,IN_PROGRESS,2026-06-21 21:26:51,USR-81810
CHOI-1722,IN_REVIEW,2026-06-22 12:26:51,USR-81810
CHOI-1722,DONE,2026-06-24 08:26:51,USR-81810
CONF-5734,TO_DO,2025-10-17 03:48:06,USR-79774
CONF-5734,IN_PROGRESS,2025-10-18 12:48:06,USR-79774
CONF-5734,IN_REVIEW,2025-10-19 19:48:06,USR-79774
CONF-5734,DONE,2025-10-20 21:48:06,USR-79774
WIN-6375,TO_DO,2026-05-02 22:59:49,USR-52517
WIN-6375,IN_PROGRESS,2026-05-04 00:59:49,USR-52517
WIN-6375,IN_REVIEW,2026-05-04 22:59:49,USR-52517
WIN-6375,DONE,2026-05-05 16:59:49,USR-52517
WIN-6375,REOPENED,2026-05-06 02:59:49,USR-15778
WIN-6375,IN_PROGRESS,2026-05-06 15:59:49,USR-52517
WIN-6375,DONE,2026-05-07 06:59:49,USR-52517
CHOI-2732,TO_DO,2025-10-12 14:39:16,USR-70332
CHOI-2732,IN_PROGRESS,2025-10-14 12:39:16,USR-70332
CHOI-2732,IN_REVIEW,2025-10-14 23:39:16,USR-70332
CHOI-2732,DONE,2025-10-15 15:39:16,USR-70332
CHOI-6423,TO_DO,2026-03-19 16:59:28,USR-59797
CHOI-6423,IN_PROGRESS,2026-03-21 13:59:28,USR-59797
CHOI-6423,IN_REVIEW,2026-03-21 17:59:28,USR-59797
CHOI-6423,DONE,2026-03-22 17:59:28,USR-59797
DEVE-9863,TO_DO,2026-04-20 05:37:28,USR-14373
DEVE-9863,IN_PROGRESS,2026-04-20 12:37:28,USR-14373
DEVE-9863,IN_REVIEW,2026-04-21 14:37:28,USR-14373
DEVE-9863,DONE,2026-04-22 17:37:28,USR-14373
PROF-3229,TO_DO,2025-11-14 03:40:59,USR-55870
PROF-3229,IN_PROGRESS,2025-11-15 16:40:59,USR-55870
PROF-3229,IN_REVIEW,2025-11-17 04:40:59,USR-55870
PROF-3229,DONE,2025-11-18 10:40:59,USR-55870
CONF-4048,TO_DO,2025-10-03 22:55:06,USR-31697
CONF-4048,IN_PROGRESS,2025-10-04 02:55:06,USR-31697
CONF-4048,IN_REVIEW,2025-10-04 18:55:06,USR-31697
CONF-4048,DONE,2025-10-05 11:55:06,USR-31697
CONF-4048,REOPENED,2025-10-06 15:55:06,USR-66387
CONF-4048,IN_PROGRESS,2025-10-07 13:55:06,USR-31697
CONF-4048,DONE,2025-10-08 04:55:06,USR-31697
DEVE-3317,TO_DO,2026-07-01 11:41:16,USR-71385
DEVE-3317,IN_PROGRESS,2026-07-01 14:41:16,USR-71385
DEVE-3317,IN_REVIEW,2026-07-03 12:41:16,USR-71385
DEVE-3317,DONE,2026-07-05 04:41:16,USR-71385
DEVE-8289,TO_DO,2026-07-21 16:08:12,USR-48829
DEVE-8289,IN_PROGRESS,2026-07-21 18:08:12,USR-48829
DEVE-8289,IN_REVIEW,2026-07-22 07:08:12,USR-48829
DEVE-8289,DONE,2026-07-22 21:08:12,USR-48829
DEVE-8289,REOPENED,2026-07-24 02:08:12,USR-72722
DEVE-8289,IN_PROGRESS,2026-07-25 01:08:12,USR-48829
DEVE-8289,DONE,2026-07-25 15:08:12,USR-48829
THES-3800,TO_DO,2026-06-17 08:39:45,USR-42495
THES-3800,IN_PROGRESS,2026-06-19 08:39:45,USR-42495
THES-3800,IN_REVIEW,2026-06-19 10:39:45,USR-42495
THES-3800,DONE,2026-06-21 07:39:45,USR-42495
THES-3800,REOPENED,2026-06-22 08:39:45,USR-27139
THES-3800,IN_PROGRESS,2026-06-23 03:39:45,USR-42495
THES-3800,DONE,2026-06-23 13:39:45,USR-42495
ORGA-2743,TO_DO,2025-11-23 00:08:43,USR-64387
ORGA-2743,IN_PROGRESS,2025-11-24 13:08:43,USR-64387
ORGA-2743,IN_REVIEW,2025-11-24 20:08:43,USR-64387
ORGA-2743,DONE,2025-11-26 20:08:43,USR-64387
WIN-8598,TO_DO,2026-08-25 16:55:08,USR-29410
WIN-8598,IN_PROGRESS,2026-08-27 03:55:08,USR-29410
WIN-8598,IN_REVIEW,2026-08-27 07:55:08,USR-29410
WIN-8598,DONE,2026-08-29 06:55:08,USR-29410
WIN-4872,TO_DO,2025-12-22 13:24:43,USR-14799
WIN-4872,IN_PROGRESS,2025-12-24 02:24:43,USR-14799
WIN-4872,IN_REVIEW,2025-12-25 04:24:43,USR-14799
WIN-4872,DONE,2025-12-26 20:24:43,USR-14799
LIST-8857,TO_DO,2025-10-18 05:09:29,USR-50492
LIST-8857,IN_PROGRESS,2025-10-20 01:09:29,USR-50492
LIST-8857,IN_REVIEW,2025-10-20 09:09:29,USR-50492
LIST-8857,DONE,2025-10-21 19:09:29,USR-50492
ANIM-8811,TO_DO,2026-03-08 03:55:17,USR-13248
ANIM-8811,IN_PROGRESS,2026-03-08 13:55:17,USR-13248
ANIM-8811,IN_REVIEW,2026-03-10 07:55:17,USR-13248
ANIM-8811,DONE,2026-03-10 23:55:17,USR-13248
ANIM-1969,TO_DO,2026-05-03 01:41:19,USR-65255
ANIM-1969,IN_PROGRESS,2026-05-04 12:41:19,USR-65255
ANIM-1969,IN_REVIEW,2026-05-04 21:41:19,USR-65255
ANIM-1969,DONE,2026-05-05 03:41:19,USR-65255
WIN-4215,TO_DO,2025-12-30 16:31:48,USR-76562
WIN-4215,IN_PROGRESS,2025-12-30 20:31:48,USR-76562
WIN-4215,IN_REVIEW,2026-01-01 14:31:48,USR-76562
WIN-4215,DONE,2026-01-02 05:31:48,USR-76562
CHOI-3445,TO_DO,2026-03-04 04:33:26,USR-84668
CHOI-3445,IN_PROGRESS,2026-03-06 02:33:26,USR-84668
CHOI-3445,IN_REVIEW,2026-03-06 10:33:26,USR-84668
CHOI-3445,DONE,2026-03-07 03:33:26,USR-84668
PROF-1678,TO_DO,2025-10-08 13:42:05,USR-84668
PROF-1678,IN_PROGRESS,2025-10-09 17:42:05,USR-84668
PROF-1678,IN_REVIEW,2025-10-10 11:42:05,USR-84668
PROF-1678,DONE,2025-10-11 14:42:05,USR-84668
DEVE-1941,TO_DO,2025-11-02 06:06:00,USR-95316
DEVE-1941,IN_PROGRESS,2025-11-03 09:06:00,USR-95316
DEVE-1941,IN_REVIEW,2025-11-05 00:06:00,USR-95316
DEVE-1941,DONE,2025-11-05 08:06:00,USR-95316
LIST-4674,TO_DO,2026-03-11 08:49:07,USR-67961
LIST-4674,IN_PROGRESS,2026-03-12 12:49:07,USR-67961
LIST-4674,IN_REVIEW,2026-03-14 09:49:07,USR-67961
LIST-4674,DONE,2026-03-16 06:49:07,USR-67961
LIST-4674,REOPENED,2026-03-16 12:49:07,USR-88504
LIST-4674,IN_PROGRESS,2026-03-17 04:49:07,USR-67961
LIST-4674,DONE,2026-03-18 03:49:07,USR-67961
ORGA-1669,TO_DO,2026-04-20 04:39:41,USR-72781
ORGA-1669,IN_PROGRESS,2026-04-20 22:39:41,USR-72781
ORGA-1669,IN_REVIEW,2026-04-21 15:39:41,USR-72781
ORGA-1669,DONE,2026-04-23 03:39:41,USR-72781
THES-7342,TO_DO,2026-04-25 05:29:23,USR-32871
THES-7342,IN_PROGRESS,2026-04-25 07:29:23,USR-32871
THES-7342,IN_REVIEW,2026-04-26 17:29:23,USR-32871
THES-7342,DONE,2026-04-26 22:29:23,USR-32871
ORGA-7038,TO_DO,2026-05-28 01:46:08,USR-79397
ORGA-7038,IN_PROGRESS,2026-05-29 03:46:08,USR-79397
ORGA-7038,IN_REVIEW,2026-05-29 19:46:08,USR-79397
ORGA-7038,DONE,2026-05-31 17:46:08,USR-79397
ANIM-2378,TO_DO,2026-07-16 02:53:30,USR-98381
ANIM-2378,IN_PROGRESS,2026-07-16 22:53:30,USR-98381
ANIM-2378,IN_REVIEW,2026-07-17 16:53:30,USR-98381
ANIM-2378,DONE,2026-07-18 13:53:30,USR-98381
DEVE-8224,TO_DO,2026-02-25 03:03:09,USR-44803
DEVE-8224,IN_PROGRESS,2026-02-27 02:03:09,USR-44803
DEVE-8224,IN_REVIEW,2026-02-27 18:03:09,USR-44803
DEVE-8224,DONE,2026-03-01 08:03:09,USR-44803
WIN-1139,TO_DO,2025-12-14 09:57:53,USR-47056
WIN-1139,IN_PROGRESS,2025-12-15 11:57:53,USR-47056
WIN-1139,IN_REVIEW,2025-12-15 21:57:53,USR-47056
WIN-1139,DONE,2025-12-17 02:57:53,USR-47056
THES-5841,TO_DO,2026-08-12 16:35:04,USR-86019
THES-5841,IN_PROGRESS,2026-08-14 11:35:04,USR-86019
THES-5841,IN_REVIEW,2026-08-16 00:35:04,USR-86019
THES-5841,DONE,2026-08-17 22:35:04,USR-86019
CHOI-3478,TO_DO,2026-05-22 15:31:30,USR-74382
CHOI-3478,IN_PROGRESS,2026-05-24 07:31:30,USR-74382
CHOI-3478,IN_REVIEW,2026-05-26 04:31:30,USR-74382
CHOI-3478,DONE,2026-05-27 21:31:30,USR-74382
CHOI-3478,REOPENED,2026-05-28 05:31:30,USR-57953
CHOI-3478,IN_PROGRESS,2026-05-29 05:31:30,USR-74382
CHOI-3478,DONE,2026-05-31 00:31:30,USR-74382
ORGA-3416,TO_DO,2026-03-04 07:31:45,USR-70931
ORGA-3416,IN_PROGRESS,2026-03-06 04:31:45,USR-70931
ORGA-3416,IN_REVIEW,2026-03-07 06:31:45,USR-70931
ORGA-3416,DONE,2026-03-08 00:31:45,USR-70931
PROF-6551,TO_DO,2026-06-03 07:11:51,USR-44179
PROF-6551,IN_PROGRESS,2026-06-05 03:11:51,USR-44179
PROF-6551,IN_REVIEW,2026-06-05 08:11:51,USR-44179
PROF-6551,DONE,2026-06-06 09:11:51,USR-44179
PROF-4684,TO_DO,2026-03-17 01:47:34,USR-66531
PROF-4684,IN_PROGRESS,2026-03-19 00:47:34,USR-66531
PROF-4684,IN_REVIEW,2026-03-20 01:47:34,USR-66531
PROF-4684,DONE,2026-03-21 21:47:34,USR-66531
TERM-7646,TO_DO,2026-07-20 06:00:11,USR-53054
TERM-7646,IN_PROGRESS,2026-07-22 04:00:11,USR-53054
TERM-7646,IN_REVIEW,2026-07-23 18:00:11,USR-53054
TERM-7646,DONE,2026-07-25 15:00:11,USR-53054
TERM-7646,REOPENED,2026-07-26 10:00:11,USR-44803
TERM-7646,IN_PROGRESS,2026-07-27 02:00:11,USR-53054
TERM-7646,DONE,2026-07-28 03:00:11,USR-53054
TERM-7576,TO_DO,2026-07-05 12:01:15,USR-97833
TERM-7576,IN_PROGRESS,2026-07-06 02:01:15,USR-97833
TERM-7576,IN_REVIEW,2026-07-07 03:01:15,USR-97833
TERM-7576,DONE,2026-07-07 20:01:15,USR-97833
WIN-8736,TO_DO,2025-10-05 18:32:51,USR-13390
WIN-8736,IN_PROGRESS,2025-10-06 20:32:51,USR-13390
WIN-8736,IN_REVIEW,2025-10-07 02:32:51,USR-13390
WIN-8736,DONE,2025-10-08 07:32:51,USR-13390
CHOI-3072,TO_DO,2025-10-31 13:55:22,USR-41266
CHOI-3072,IN_PROGRESS,2025-11-02 03:55:22,USR-41266
CHOI-3072,IN_REVIEW,2025-11-03 02:55:22,USR-41266
CHOI-3072,DONE,2025-11-04 19:55:22,USR-41266
CHOI-3072,REOPENED,2025-11-05 16:55:22,USR-23176
CHOI-3072,IN_PROGRESS,2025-11-06 09:55:22,USR-41266
CHOI-3072,DONE,2025-11-06 18:55:22,USR-41266
WIN-4037,TO_DO,2026-02-07 19:51:41,USR-55745
WIN-4037,IN_PROGRESS,2026-02-08 16:51:41,USR-55745
WIN-4037,IN_REVIEW,2026-02-09 22:51:41,USR-55745
WIN-4037,DONE,2026-02-10 11:51:41,USR-55745
PROF-1221,TO_DO,2025-11-29 17:46:31,USR-59689
PROF-1221,IN_PROGRESS,2025-11-30 02:46:31,USR-59689
PROF-1221,IN_REVIEW,2025-11-30 21:46:31,USR-59689
PROF-1221,DONE,2025-12-01 10:46:31,USR-59689
THES-5684,TO_DO,2026-03-09 19:01:49,USR-90356
THES-5684,IN_PROGRESS,2026-03-10 12:01:49,USR-90356
THES-5684,IN_REVIEW,2026-03-11 00:01:49,USR-90356
THES-5684,DONE,2026-03-12 04:01:49,USR-90356
THES-5684,REOPENED,2026-03-12 13:01:49,USR-39041
THES-5684,IN_PROGRESS,2026-03-12 23:01:49,USR-90356
THES-5684,DONE,2026-03-13 23:01:49,USR-90356
CHOI-4497,TO_DO,2026-02-07 21:57:01,USR-74923
CHOI-4497,IN_PROGRESS,2026-02-08 13:57:01,USR-74923
CHOI-4497,IN_REVIEW,2026-02-08 21:57:01,USR-74923
CHOI-4497,DONE,2026-02-10 18:57:01,USR-74923
DEVE-9751,TO_DO,2025-10-16 01:04:17,USR-17665
DEVE-9751,IN_PROGRESS,2025-10-16 12:04:17,USR-17665
DEVE-9751,IN_REVIEW,2025-10-16 21:04:17,USR-17665
DEVE-9751,DONE,2025-10-17 04:04:17,USR-17665
LIST-8317,TO_DO,2026-04-13 02:41:22,USR-88269
LIST-8317,IN_PROGRESS,2026-04-14 22:41:22,USR-88269
LIST-8317,IN_REVIEW,2026-04-15 17:41:22,USR-88269
LIST-8317,DONE,2026-04-16 06:41:22,USR-88269
LIST-8317,REOPENED,2026-04-17 11:41:22,USR-82512
LIST-8317,IN_PROGRESS,2026-04-18 04:41:22,USR-88269
LIST-8317,DONE,2026-04-19 13:41:22,USR-88269
CHOI-5375,TO_DO,2025-10-17 11:42:22,USR-83874
CHOI-5375,IN_PROGRESS,2025-10-18 01:42:22,USR-83874
CHOI-5375,IN_REVIEW,2025-10-19 20:42:22,USR-83874
CHOI-5375,DONE,2025-10-20 08:42:22,USR-83874
DEVE-9667,TO_DO,2025-11-21 00:03:49,USR-26912
DEVE-9667,IN_PROGRESS,2025-11-22 07:03:49,USR-26912
DEVE-9667,IN_REVIEW,2025-11-23 13:03:49,USR-26912
DEVE-9667,DONE,2025-11-23 23:03:49,USR-26912
ORGA-7558,TO_DO,2026-09-02 23:53:09,USR-19099
ORGA-7558,IN_PROGRESS,2026-09-03 04:53:09,USR-19099
ORGA-7558,IN_REVIEW,2026-09-04 23:53:09,USR-19099
ORGA-7558,DONE,2026-09-05 03:53:09,USR-19099
WIN-3498,TO_DO,2025-12-02 14:15:07,USR-49608
WIN-3498,IN_PROGRESS,2025-12-04 10:15:07,USR-49608
WIN-3498,IN_REVIEW,2025-12-04 14:15:07,USR-49608
WIN-3498,DONE,2025-12-04 18:15:07,USR-49608
ANIM-8927,TO_DO,2026-08-13 20:37:47,USR-48770
ANIM-8927,IN_PROGRESS,2026-08-15 03:37:47,USR-48770
ANIM-8927,IN_REVIEW,2026-08-16 23:37:47,USR-48770
ANIM-8927,DONE,2026-08-17 13:37:47,USR-48770
ORGA-1433,TO_DO,2026-06-18 14:58:39,USR-72245
ORGA-1433,IN_PROGRESS,2026-06-19 17:58:39,USR-72245
ORGA-1433,IN_REVIEW,2026-06-21 04:58:39,USR-72245
ORGA-1433,DONE,2026-06-22 22:58:39,USR-72245
THES-9099,TO_DO,2026-06-26 21:23:32,USR-93886
THES-9099,IN_PROGRESS,2026-06-27 21:23:32,USR-93886
THES-9099,IN_REVIEW,2026-06-28 21:23:32,USR-93886
THES-9099,DONE,2026-06-30 20:23:32,USR-93886
LIST-7402,TO_DO,2026-04-07 18:01:30,USR-93320
LIST-7402,IN_PROGRESS,2026-04-08 11:01:30,USR-93320
LIST-7402,IN_REVIEW,2026-04-09 11:01:30,USR-93320
LIST-7402,DONE,2026-04-09 21:01:30,USR-93320
WIN-6771,TO_DO,2026-07-20 20:38:01,USR-25096
WIN-6771,IN_PROGRESS,2026-07-21 07:38:01,USR-25096
WIN-6771,IN_REVIEW,2026-07-23 01:38:01,USR-25096
WIN-6771,DONE,2026-07-24 23:38:01,USR-25096
PROF-4114,TO_DO,2025-12-02 07:55:12,USR-83608
PROF-4114,IN_PROGRESS,2025-12-04 05:55:12,USR-83608
PROF-4114,IN_REVIEW,2025-12-06 03:55:12,USR-83608
PROF-4114,DONE,2025-12-06 19:55:12,USR-83608
PROF-3116,TO_DO,2026-02-26 16:59:31,USR-42493
PROF-3116,IN_PROGRESS,2026-02-26 23:59:31,USR-42493
PROF-3116,IN_REVIEW,2026-02-27 04:59:31,USR-42493
PROF-3116,DONE,2026-02-28 17:59:31,USR-42493
DEVE-9379,TO_DO,2025-11-24 07:54:59,USR-61879
DEVE-9379,IN_PROGRESS,2025-11-25 09:54:59,USR-61879
DEVE-9379,IN_REVIEW,2025-11-25 13:54:59,USR-61879
DEVE-9379,DONE,2025-11-25 21:54:59,USR-61879
TERM-3042,TO_DO,2025-11-19 19:49:48,USR-16734
TERM-3042,IN_PROGRESS,2025-11-21 16:49:48,USR-16734
TERM-3042,IN_REVIEW,2025-11-23 05:49:48,USR-16734
TERM-3042,DONE,2025-11-24 23:49:48,USR-16734
THES-9077,TO_DO,2026-06-18 18:03:21,USR-38197
THES-9077,IN_PROGRESS,2026-06-19 12:03:21,USR-38197
THES-9077,IN_REVIEW,2026-06-20 15:03:21,USR-38197
THES-9077,DONE,2026-06-21 23:03:21,USR-38197
WIN-8251,TO_DO,2025-11-27 10:26:55,USR-30676
WIN-8251,IN_PROGRESS,2025-11-27 22:26:55,USR-30676
WIN-8251,IN_REVIEW,2025-11-29 21:26:55,USR-30676
WIN-8251,DONE,2025-12-01 07:26:55,USR-30676
THES-5784,TO_DO,2026-05-19 23:12:08,USR-80010
THES-5784,IN_PROGRESS,2026-05-20 10:12:08,USR-80010
THES-5784,IN_REVIEW,2026-05-22 09:12:08,USR-80010
THES-5784,DONE,2026-05-24 05:12:08,USR-80010
ANIM-3926,TO_DO,2026-04-11 23:35:26,USR-53687
ANIM-3926,IN_PROGRESS,2026-04-12 22:35:26,USR-53687
ANIM-3926,IN_REVIEW,2026-04-13 13:35:26,USR-53687
ANIM-3926,DONE,2026-04-14 14:35:26,USR-53687
DEVE-7383,TO_DO,2026-04-29 22:00:58,USR-16895
DEVE-7383,IN_PROGRESS,2026-04-30 04:00:58,USR-16895
DEVE-7383,IN_REVIEW,2026-05-01 23:00:58,USR-16895
DEVE-7383,DONE,2026-05-02 08:00:58,USR-16895
DEVE-5449,TO_DO,2026-06-08 06:07:34,USR-69878
DEVE-5449,IN_PROGRESS,2026-06-09 15:07:34,USR-69878
DEVE-5449,IN_REVIEW,2026-06-11 11:07:34,USR-69878
DEVE-5449,DONE,2026-06-12 09:07:34,USR-69878
LIST-5995,TO_DO,2026-04-24 09:00:10,USR-38305
LIST-5995,IN_PROGRESS,2026-04-25 01:00:10,USR-38305
LIST-5995,IN_REVIEW,2026-04-26 03:00:10,USR-38305
LIST-5995,DONE,2026-04-26 16:00:10,USR-38305
DEVE-9334,TO_DO,2026-05-23 09:45:42,USR-71669
DEVE-9334,IN_PROGRESS,2026-05-25 05:45:42,USR-71669
DEVE-9334,IN_REVIEW,2026-05-26 06:45:42,USR-71669
DEVE-9334,DONE,2026-05-27 08:45:42,USR-71669
WIN-5535,TO_DO,2026-04-06 04:48:19,USR-64548
WIN-5535,IN_PROGRESS,2026-04-07 22:48:19,USR-64548
WIN-5535,IN_REVIEW,2026-04-09 18:48:19,USR-64548
WIN-5535,DONE,2026-04-10 00:48:19,USR-64548
THES-8014,TO_DO,2026-08-18 00:27:58,USR-12552
THES-8014,IN_PROGRESS,2026-08-18 23:27:58,USR-12552
THES-8014,IN_REVIEW,2026-08-20 04:27:58,USR-12552
THES-8014,DONE,2026-08-20 23:27:58,USR-12552
CONF-2496,TO_DO,2026-07-30 22:53:47,USR-69469
CONF-2496,IN_PROGRESS,2026-08-01 07:53:47,USR-69469
CONF-2496,IN_REVIEW,2026-08-02 07:53:47,USR-69469
CONF-2496,DONE,2026-08-02 20:53:47,USR-69469
TERM-1008,TO_DO,2026-01-09 12:57:10,USR-30028
TERM-1008,IN_PROGRESS,2026-01-09 18:57:10,USR-30028
TERM-1008,IN_REVIEW,2026-01-11 11:57:10,USR-30028
TERM-1008,DONE,2026-01-13 06:57:10,USR-30028
THES-3227,TO_DO,2026-02-25 11:08:39,USR-49240
THES-3227,IN_PROGRESS,2026-02-27 10:08:39,USR-49240
THES-3227,IN_REVIEW,2026-02-28 15:08:39,USR-49240
THES-3227,DONE,2026-03-02 08:08:39,USR-49240
TERM-9715,TO_DO,2026-09-11 09:04:31,USR-23710
TERM-9715,IN_PROGRESS,2026-09-11 15:04:31,USR-23710
TERM-9715,IN_REVIEW,2026-09-12 03:04:31,USR-23710
TERM-9715,DONE,2026-09-13 08:04:31,USR-23710
TERM-4790,TO_DO,2026-02-26 23:36:43,USR-16731
TERM-4790,IN_PROGRESS,2026-02-28 20:36:43,USR-16731
TERM-4790,IN_REVIEW,2026-02-28 23:36:43,USR-16731
TERM-4790,DONE,2026-03-02 06:36:43,USR-16731
TERM-4790,REOPENED,2026-03-03 05:36:43,USR-59060
TERM-4790,IN_PROGRESS,2026-03-04 04:36:43,USR-16731
TERM-4790,DONE,2026-03-05 20:36:43,USR-16731
LIST-9761,TO_DO,2025-11-17 15:12:13,USR-30253
LIST-9761,IN_PROGRESS,2025-11-19 09:12:13,USR-30253
LIST-9761,IN_REVIEW,2025-11-21 06:12:13,USR-30253
LIST-9761,DONE,2025-11-22 20:12:13,USR-30253
CHOI-4326,TO_DO,2026-09-12 01:23:49,USR-38197
CHOI-4326,IN_PROGRESS,2026-09-13 11:23:49,USR-38197
CHOI-4326,IN_REVIEW,2026-09-15 08:23:49,USR-38197
CHOI-4326,DONE,2026-09-17 08:23:49,USR-38197
CHOI-4326,REOPENED,2026-09-18 23:23:49,USR-17716
CHOI-4326,IN_PROGRESS,2026-09-19 20:23:49,USR-38197
CHOI-4326,DONE,2026-09-20 21:23:49,USR-38197
ANIM-4820,TO_DO,2026-02-05 03:59:06,USR-16658
ANIM-4820,IN_PROGRESS,2026-02-06 03:59:06,USR-16658
ANIM-4820,IN_REVIEW,2026-02-07 12:59:06,USR-16658
ANIM-4820,DONE,2026-02-08 14:59:06,USR-16658
ANIM-4820,REOPENED,2026-02-09 09:59:06,USR-83579
ANIM-4820,IN_PROGRESS,2026-02-09 19:59:06,USR-16658
ANIM-4820,DONE,2026-02-11 11:59:06,USR-16658
TERM-5654,TO_DO,2026-06-23 16:45:39,USR-21915
TERM-5654,IN_PROGRESS,2026-06-24 19:45:39,USR-21915
TERM-5654,IN_REVIEW,2026-06-25 16:45:39,USR-21915
TERM-5654,DONE,2026-06-26 13:45:39,USR-21915
ORGA-9133,TO_DO,2026-04-10 20:44:50,USR-40613
ORGA-9133,IN_PROGRESS,2026-04-12 00:44:50,USR-40613
ORGA-9133,IN_REVIEW,2026-04-12 14:44:50,USR-40613
ORGA-9133,DONE,2026-04-13 16:44:50,USR-40613
ORGA-1553,TO_DO,2026-04-05 02:20:36,USR-31417
ORGA-1553,IN_PROGRESS,2026-04-07 00:20:36,USR-31417
ORGA-1553,IN_REVIEW,2026-04-07 16:20:36,USR-31417
ORGA-1553,DONE,2026-04-09 00:20:36,USR-31417
DEVE-7326,TO_DO,2026-01-16 12:30:56,USR-24871
DEVE-7326,IN_PROGRESS,2026-01-16 21:30:56,USR-24871
DEVE-7326,IN_REVIEW,2026-01-18 15:30:56,USR-24871
DEVE-7326,DONE,2026-01-20 05:30:56,USR-24871
WIN-3250,TO_DO,2026-04-13 21:43:06,USR-22240
WIN-3250,IN_PROGRESS,2026-04-15 12:43:06,USR-22240
WIN-3250,IN_REVIEW,2026-04-16 19:43:06,USR-22240
WIN-3250,DONE,2026-04-18 19:43:06,USR-22240
ANIM-7029,TO_DO,2026-02-03 12:09:35,USR-59941
ANIM-7029,IN_PROGRESS,2026-02-04 17:09:35,USR-59941
ANIM-7029,IN_REVIEW,2026-02-05 14:09:35,USR-59941
ANIM-7029,DONE,2026-02-06 07:09:35,USR-59941
WIN-5751,TO_DO,2026-08-14 08:25:34,USR-74382
WIN-5751,IN_PROGRESS,2026-08-15 11:25:34,USR-74382
WIN-5751,IN_REVIEW,2026-08-16 11:25:34,USR-74382
WIN-5751,DONE,2026-08-17 07:25:34,USR-74382
ORGA-5063,TO_DO,2026-07-06 14:37:02,USR-77621
ORGA-5063,IN_PROGRESS,2026-07-08 13:37:02,USR-77621
ORGA-5063,IN_REVIEW,2026-07-09 07:37:02,USR-77621
ORGA-5063,DONE,2026-07-09 13:37:02,USR-77621
CONF-2987,TO_DO,2025-11-24 01:49:14,USR-72163
CONF-2987,IN_PROGRESS,2025-11-26 00:49:14,USR-72163
CONF-2987,IN_REVIEW,2025-11-26 18:49:14,USR-72163
CONF-2987,DONE,2025-11-27 13:49:14,USR-72163
TERM-5670,TO_DO,2025-12-04 19:25:40,USR-71261
TERM-5670,IN_PROGRESS,2025-12-05 07:25:40,USR-71261
TERM-5670,IN_REVIEW,2025-12-05 18:25:40,USR-71261
TERM-5670,DONE,2025-12-06 10:25:40,USR-71261
CONF-6377,TO_DO,2026-08-17 04:35:12,USR-22656
CONF-6377,IN_PROGRESS,2026-08-18 18:35:12,USR-22656
CONF-6377,IN_REVIEW,2026-08-20 14:35:12,USR-22656
CONF-6377,DONE,2026-08-22 02:35:12,USR-22656
LIST-5417,TO_DO,2026-04-14 15:51:09,USR-62772
LIST-5417,IN_PROGRESS,2026-04-16 13:51:09,USR-62772
LIST-5417,IN_REVIEW,2026-04-17 02:51:09,USR-62772
LIST-5417,DONE,2026-04-17 11:51:09,USR-62772
LIST-5417,REOPENED,2026-04-18 19:51:09,USR-76244
LIST-5417,IN_PROGRESS,2026-04-18 21:51:09,USR-62772
LIST-5417,DONE,2026-04-20 07:51:09,USR-62772
WIN-5937,TO_DO,2026-07-25 06:10:21,USR-82529
WIN-5937,IN_PROGRESS,2026-07-26 07:10:21,USR-82529
WIN-5937,IN_REVIEW,2026-07-27 06:10:21,USR-82529
WIN-5937,DONE,2026-07-28 14:10:21,USR-82529
ANIM-3058,TO_DO,2026-04-24 05:41:32,USR-75435
ANIM-3058,IN_PROGRESS,2026-04-25 07:41:32,USR-75435
ANIM-3058,IN_REVIEW,2026-04-25 13:41:32,USR-75435
ANIM-3058,DONE,2026-04-26 00:41:32,USR-75435
ANIM-3058,REOPENED,2026-04-28 00:41:32,USR-10851
ANIM-3058,IN_PROGRESS,2026-04-28 20:41:32,USR-75435
ANIM-3058,DONE,2026-04-29 14:41:32,USR-75435
CONF-1894,TO_DO,2026-09-08 19:35:53,USR-94136
CONF-1894,IN_PROGRESS,2026-09-09 10:35:53,USR-94136
CONF-1894,IN_REVIEW,2026-09-11 10:35:53,USR-94136
CONF-1894,DONE,2026-09-12 17:35:53,USR-94136
ORGA-6836,TO_DO,2026-01-28 04:20:45,USR-52247
ORGA-6836,IN_PROGRESS,2026-01-28 06:20:45,USR-52247
ORGA-6836,IN_REVIEW,2026-01-29 19:20:45,USR-52247
ORGA-6836,DONE,2026-01-31 00:20:45,USR-52247
CONF-4578,TO_DO,2025-10-06 19:20:48,USR-16863
CONF-4578,IN_PROGRESS,2025-10-08 17:20:48,USR-16863
CONF-4578,IN_REVIEW,2025-10-09 15:20:48,USR-16863
CONF-4578,DONE,2025-10-10 18:20:48,USR-16863
PROF-2386,TO_DO,2026-01-24 02:36:33,USR-58629
PROF-2386,IN_PROGRESS,2026-01-24 22:36:33,USR-58629
PROF-2386,IN_REVIEW,2026-01-25 11:36:33,USR-58629
PROF-2386,DONE,2026-01-26 01:36:33,USR-58629
PROF-2386,REOPENED,2026-01-27 05:36:33,USR-82070
PROF-2386,IN_PROGRESS,2026-01-27 11:36:33,USR-58629
PROF-2386,DONE,2026-01-29 09:36:33,USR-58629
ANIM-1548,TO_DO,2026-08-13 15:49:04,USR-80539
ANIM-1548,IN_PROGRESS,2026-08-14 06:49:04,USR-80539
ANIM-1548,IN_REVIEW,2026-08-16 01:49:04,USR-80539
ANIM-1548,DONE,2026-08-16 09:49:04,USR-80539
CHOI-4800,TO_DO,2026-02-05 23:00:59,USR-96363
CHOI-4800,IN_PROGRESS,2026-02-07 11:00:59,USR-96363
CHOI-4800,IN_REVIEW,2026-02-07 14:00:59,USR-96363
CHOI-4800,DONE,2026-02-07 18:00:59,USR-96363
WIN-3307,TO_DO,2026-08-23 11:40:28,USR-81376
WIN-3307,IN_PROGRESS,2026-08-25 06:40:28,USR-81376
WIN-3307,IN_REVIEW,2026-08-27 02:40:28,USR-81376
WIN-3307,DONE,2026-08-28 11:40:28,USR-81376
CHOI-2055,TO_DO,2025-12-22 04:37:42,USR-14207
CHOI-2055,IN_PROGRESS,2025-12-22 15:37:42,USR-14207
CHOI-2055,IN_REVIEW,2025-12-23 07:37:42,USR-14207
CHOI-2055,DONE,2025-12-24 19:37:42,USR-14207
DEVE-3676,TO_DO,2025-09-29 09:58:15,USR-56346
DEVE-3676,IN_PROGRESS,2025-09-30 15:58:15,USR-56346
DEVE-3676,IN_REVIEW,2025-10-01 14:58:15,USR-56346
DEVE-3676,DONE,2025-10-03 14:58:15,USR-56346
PROF-4293,TO_DO,2026-02-17 04:25:35,USR-45054
PROF-4293,IN_PROGRESS,2026-02-18 03:25:35,USR-45054
PROF-4293,IN_REVIEW,2026-02-19 06:25:35,USR-45054
PROF-4293,DONE,2026-02-20 20:25:35,USR-45054
PROF-4293,REOPENED,2026-02-21 04:25:35,USR-24029
PROF-4293,IN_PROGRESS,2026-02-21 11:25:35,USR-45054
PROF-4293,DONE,2026-02-22 04:25:35,USR-45054
DEVE-4763,TO_DO,2026-04-25 23:10:03,USR-30028
DEVE-4763,IN_PROGRESS,2026-04-27 19:10:03,USR-30028
DEVE-4763,IN_REVIEW,2026-04-29 00:10:03,USR-30028
DEVE-4763,DONE,2026-04-30 07:10:03,USR-30028
DEVE-4763,REOPENED,2026-05-01 08:10:03,USR-85574
DEVE-4763,IN_PROGRESS,2026-05-01 09:10:03,USR-30028
DEVE-4763,DONE,2026-05-02 17:10:03,USR-30028
ORGA-3326,TO_DO,2025-11-21 13:28:46,USR-56346
ORGA-3326,IN_PROGRESS,2025-11-22 02:28:46,USR-56346
ORGA-3326,IN_REVIEW,2025-11-22 21:28:46,USR-56346
ORGA-3326,DONE,2025-11-24 16:28:46,USR-56346
PROF-1918,TO_DO,2026-07-10 16:03:47,USR-63264
PROF-1918,IN_PROGRESS,2026-07-12 01:03:47,USR-63264
PROF-1918,IN_REVIEW,2026-07-12 13:03:47,USR-63264
PROF-1918,DONE,2026-07-13 06:03:47,USR-63264
PROF-1918,REOPENED,2026-07-13 09:03:47,USR-28830
PROF-1918,IN_PROGRESS,2026-07-13 16:03:47,USR-63264
PROF-1918,DONE,2026-07-14 13:03:47,USR-63264
ANIM-1764,TO_DO,2026-04-05 01:27:53,USR-95823
ANIM-1764,IN_PROGRESS,2026-04-05 08:27:53,USR-95823
ANIM-1764,IN_REVIEW,2026-04-06 15:27:53,USR-95823
ANIM-1764,DONE,2026-04-08 14:27:53,USR-95823
ANIM-1764,REOPENED,2026-04-09 02:27:53,USR-92213
ANIM-1764,IN_PROGRESS,2026-04-09 08:27:53,USR-95823
ANIM-1764,DONE,2026-04-11 06:27:53,USR-95823
ANIM-5795,TO_DO,2026-07-21 18:59:37,USR-25014
ANIM-5795,IN_PROGRESS,2026-07-23 14:59:37,USR-25014
ANIM-5795,IN_REVIEW,2026-07-25 02:59:37,USR-25014
ANIM-5795,DONE,2026-07-26 09:59:37,USR-25014
ANIM-5795,REOPENED,2026-07-28 09:59:37,USR-10350
ANIM-5795,IN_PROGRESS,2026-07-28 13:59:37,USR-25014
ANIM-5795,DONE,2026-07-29 23:59:37,USR-25014
TERM-6261,TO_DO,2026-01-06 01:11:32,USR-34931
TERM-6261,IN_PROGRESS,2026-01-06 06:11:32,USR-34931
TERM-6261,IN_REVIEW,2026-01-07 08:11:32,USR-34931
TERM-6261,DONE,2026-01-08 09:11:32,USR-34931
LIST-4725,TO_DO,2025-11-21 06:19:55,USR-86011
LIST-4725,IN_PROGRESS,2025-11-22 05:19:55,USR-86011
LIST-4725,IN_REVIEW,2025-11-23 15:19:55,USR-86011
LIST-4725,DONE,2025-11-23 21:19:55,USR-86011
ANIM-6188,TO_DO,2025-10-17 13:32:10,USR-31299
ANIM-6188,IN_PROGRESS,2025-10-19 01:32:10,USR-31299
ANIM-6188,IN_REVIEW,2025-10-19 21:32:10,USR-31299
ANIM-6188,DONE,2025-10-21 20:32:10,USR-31299
LIST-3415,TO_DO,2026-03-17 22:45:10,USR-40735
LIST-3415,IN_PROGRESS,2026-03-18 11:45:10,USR-40735
LIST-3415,IN_REVIEW,2026-03-18 19:45:10,USR-40735
LIST-3415,DONE,2026-03-19 05:45:10,USR-40735
THES-1772,TO_DO,2026-01-31 11:31:41,USR-49294
THES-1772,IN_PROGRESS,2026-02-02 09:31:41,USR-49294
THES-1772,IN_REVIEW,2026-02-03 22:31:41,USR-49294
THES-1772,DONE,2026-02-05 02:31:41,USR-49294
THES-1772,REOPENED,2026-02-06 19:31:41,USR-69890
THES-1772,IN_PROGRESS,2026-02-06 21:31:41,USR-49294
THES-1772,DONE,2026-02-08 19:31:41,USR-49294
THES-8445,TO_DO,2026-07-11 17:12:41,USR-68183
THES-8445,IN_PROGRESS,2026-07-13 09:12:41,USR-68183
THES-8445,IN_REVIEW,2026-07-13 20:12:41,USR-68183
THES-8445,DONE,2026-07-14 20:12:41,USR-68183
CONF-5125,TO_DO,2026-06-02 15:12:21,USR-39949
CONF-5125,IN_PROGRESS,2026-06-02 23:12:21,USR-39949
CONF-5125,IN_REVIEW,2026-06-03 12:12:21,USR-39949
CONF-5125,DONE,2026-06-04 01:12:21,USR-39949
TERM-7353,TO_DO,2026-06-26 18:08:19,USR-32241
TERM-7353,IN_PROGRESS,2026-06-27 19:08:19,USR-32241
TERM-7353,IN_REVIEW,2026-06-28 15:08:19,USR-32241
TERM-7353,DONE,2026-06-29 02:08:19,USR-32241
THES-7155,TO_DO,2026-01-08 13:11:42,USR-43862
THES-7155,IN_PROGRESS,2026-01-09 03:11:42,USR-43862
THES-7155,IN_REVIEW,2026-01-09 17:11:42,USR-43862
THES-7155,DONE,2026-01-09 19:11:42,USR-43862
LIST-4203,TO_DO,2026-02-26 14:25:45,USR-59192
LIST-4203,IN_PROGRESS,2026-02-28 00:25:45,USR-59192
LIST-4203,IN_REVIEW,2026-03-01 11:25:45,USR-59192
LIST-4203,DONE,2026-03-02 20:25:45,USR-59192
CONF-6416,TO_DO,2026-07-24 21:31:17,USR-91070
CONF-6416,IN_PROGRESS,2026-07-26 18:31:17,USR-91070
CONF-6416,IN_REVIEW,2026-07-27 20:31:17,USR-91070
CONF-6416,DONE,2026-07-29 06:31:17,USR-91070
CONF-6416,REOPENED,2026-07-31 03:31:17,USR-51505
CONF-6416,IN_PROGRESS,2026-07-31 15:31:17,USR-91070
CONF-6416,DONE,2026-07-31 23:31:17,USR-91070
CONF-6131,TO_DO,2025-12-08 11:41:39,USR-40613
CONF-6131,IN_PROGRESS,2025-12-09 14:41:39,USR-40613
CONF-6131,IN_REVIEW,2025-12-10 19:41:39,USR-40613
CONF-6131,DONE,2025-12-12 13:41:39,USR-40613
PROF-3620,TO_DO,2026-04-08 05:33:00,USR-68841
PROF-3620,IN_PROGRESS,2026-04-09 11:33:00,USR-68841
PROF-3620,IN_REVIEW,2026-04-10 20:33:00,USR-68841
PROF-3620,DONE,2026-04-12 04:33:00,USR-68841
ANIM-3621,TO_DO,2026-05-01 18:29:19,USR-30374
ANIM-3621,IN_PROGRESS,2026-05-02 18:29:19,USR-30374
ANIM-3621,IN_REVIEW,2026-05-04 06:29:19,USR-30374
ANIM-3621,DONE,2026-05-04 13:29:19,USR-30374
CONF-3192,TO_DO,2026-07-30 23:26:04,USR-16868
CONF-3192,IN_PROGRESS,2026-07-31 08:26:04,USR-16868
CONF-3192,IN_REVIEW,2026-07-31 14:26:04,USR-16868
CONF-3192,DONE,2026-08-01 12:26:04,USR-16868
CONF-3192,REOPENED,2026-08-02 16:26:04,USR-23006
CONF-3192,IN_PROGRESS,2026-08-02 23:26:04,USR-16868
CONF-3192,DONE,2026-08-03 05:26:04,USR-16868
ANIM-6205,TO_DO,2026-01-07 23:31:27,USR-67595
ANIM-6205,IN_PROGRESS,2026-01-09 06:31:27,USR-67595
ANIM-6205,IN_REVIEW,2026-01-11 02:31:27,USR-67595
ANIM-6205,DONE,2026-01-13 02:31:27,USR-67595
ORGA-3823,TO_DO,2026-06-19 10:13:48,USR-92213
ORGA-3823,IN_PROGRESS,2026-06-19 16:13:48,USR-92213
ORGA-3823,IN_REVIEW,2026-06-20 15:13:48,USR-92213
ORGA-3823,DONE,2026-06-22 11:13:48,USR-92213
CONF-9427,TO_DO,2025-12-27 21:44:19,USR-58147
CONF-9427,IN_PROGRESS,2025-12-28 13:44:19,USR-58147
CONF-9427,IN_REVIEW,2025-12-30 08:44:19,USR-58147
CONF-9427,DONE,2025-12-31 20:44:19,USR-58147
CONF-9427,REOPENED,2026-01-01 00:44:19,USR-32037
CONF-9427,IN_PROGRESS,2026-01-01 02:44:19,USR-58147
CONF-9427,DONE,2026-01-01 23:44:19,USR-58147
CONF-9756,TO_DO,2026-01-12 23:00:09,USR-54350
CONF-9756,IN_PROGRESS,2026-01-13 12:00:09,USR-54350
CONF-9756,IN_REVIEW,2026-01-13 23:00:09,USR-54350
CONF-9756,DONE,2026-01-14 07:00:09,USR-54350
THES-7096,TO_DO,2026-01-29 12:06:00,USR-57428
THES-7096,IN_PROGRESS,2026-01-30 17:06:00,USR-57428
THES-7096,IN_REVIEW,2026-02-01 05:06:00,USR-57428
THES-7096,DONE,2026-02-02 09:06:00,USR-57428
TERM-7577,TO_DO,2026-08-31 14:19:55,USR-62772
TERM-7577,IN_PROGRESS,2026-09-02 03:19:55,USR-62772
TERM-7577,IN_REVIEW,2026-09-03 15:19:55,USR-62772
TERM-7577,DONE,2026-09-03 20:19:55,USR-62772
CHOI-6006,TO_DO,2026-05-12 20:45:17,USR-60181
CHOI-6006,IN_PROGRESS,2026-05-13 09:45:17,USR-60181
CHOI-6006,IN_REVIEW,2026-05-14 23:45:17,USR-60181
CHOI-6006,DONE,2026-05-16 09:45:17,USR-60181
TERM-9592,TO_DO,2025-10-18 23:01:04,USR-21359
TERM-9592,IN_PROGRESS,2025-10-20 17:01:04,USR-21359
TERM-9592,IN_REVIEW,2025-10-21 20:01:04,USR-21359
TERM-9592,DONE,2025-10-22 16:01:04,USR-21359
CHOI-2945,TO_DO,2025-11-10 16:06:17,USR-40828
CHOI-2945,IN_PROGRESS,2025-11-12 09:06:17,USR-40828
CHOI-2945,IN_REVIEW,2025-11-12 20:06:17,USR-40828
CHOI-2945,DONE,2025-11-14 19:06:17,USR-40828
ANIM-3933,TO_DO,2025-11-27 01:45:29,USR-15695
ANIM-3933,IN_PROGRESS,2025-11-27 13:45:29,USR-15695
ANIM-3933,IN_REVIEW,2025-11-29 06:45:29,USR-15695
ANIM-3933,DONE,2025-11-30 00:45:29,USR-15695
ANIM-3933,REOPENED,2025-12-01 12:45:29,USR-39154
ANIM-3933,IN_PROGRESS,2025-12-01 19:45:29,USR-15695
ANIM-3933,DONE,2025-12-02 06:45:29,USR-15695
CHOI-8956,TO_DO,2026-07-16 05:56:22,USR-78012
CHOI-8956,IN_PROGRESS,2026-07-17 13:56:22,USR-78012
CHOI-8956,IN_REVIEW,2026-07-19 06:56:22,USR-78012
CHOI-8956,DONE,2026-07-20 12:56:22,USR-78012
ORGA-5549,TO_DO,2025-11-09 17:10:15,USR-84847
ORGA-5549,IN_PROGRESS,2025-11-10 02:10:15,USR-84847
ORGA-5549,IN_REVIEW,2025-11-11 15:10:15,USR-84847
ORGA-5549,DONE,2025-11-11 18:10:15,USR-84847
PROF-8077,TO_DO,2026-07-04 17:29:01,USR-15726
PROF-8077,IN_PROGRESS,2026-07-04 22:29:01,USR-15726
PROF-8077,IN_REVIEW,2026-07-05 00:29:01,USR-15726
PROF-8077,DONE,2026-07-06 00:29:01,USR-15726
ANIM-9834,TO_DO,2026-07-07 07:45:38,USR-12719
ANIM-9834,IN_PROGRESS,2026-07-08 05:45:38,USR-12719
ANIM-9834,IN_REVIEW,2026-07-08 18:45:38,USR-12719
ANIM-9834,DONE,2026-07-09 13:45:38,USR-12719
LIST-4849,TO_DO,2026-06-10 09:25:49,USR-91689
LIST-4849,IN_PROGRESS,2026-06-12 02:25:49,USR-91689
LIST-4849,IN_REVIEW,2026-06-12 14:25:49,USR-91689
LIST-4849,DONE,2026-06-14 10:25:49,USR-91689
CONF-2023,TO_DO,2025-11-06 04:32:20,USR-89964
CONF-2023,IN_PROGRESS,2025-11-07 09:32:20,USR-89964
CONF-2023,IN_REVIEW,2025-11-08 02:32:20,USR-89964
CONF-2023,DONE,2025-11-08 18:32:20,USR-89964
CONF-2023,REOPENED,2025-11-09 07:32:20,USR-85529
CONF-2023,IN_PROGRESS,2025-11-10 01:32:20,USR-89964
CONF-2023,DONE,2025-11-10 18:32:20,USR-89964
LIST-7313,TO_DO,2026-07-30 16:27:20,USR-87820
LIST-7313,IN_PROGRESS,2026-07-30 23:27:20,USR-87820
LIST-7313,IN_REVIEW,2026-08-01 09:27:20,USR-87820
LIST-7313,DONE,2026-08-02 08:27:20,USR-87820
THES-9885,TO_DO,2025-11-24 05:56:11,USR-67008
THES-9885,IN_PROGRESS,2025-11-24 22:56:11,USR-67008
THES-9885,IN_REVIEW,2025-11-26 03:56:11,USR-67008
THES-9885,DONE,2025-11-27 16:56:11,USR-67008
THES-1013,TO_DO,2026-08-19 00:42:35,USR-89276
THES-1013,IN_PROGRESS,2026-08-19 16:42:35,USR-89276
THES-1013,IN_REVIEW,2026-08-21 15:42:35,USR-89276
THES-1013,DONE,2026-08-23 07:42:35,USR-89276
THES-9856,TO_DO,2026-07-01 21:12:01,USR-98317
THES-9856,IN_PROGRESS,2026-07-03 21:12:01,USR-98317
THES-9856,IN_REVIEW,2026-07-04 03:12:01,USR-98317
THES-9856,DONE,2026-07-05 14:12:01,USR-98317
WIN-1324,TO_DO,2025-11-12 00:32:33,USR-86435
WIN-1324,IN_PROGRESS,2025-11-13 05:32:33,USR-86435
WIN-1324,IN_REVIEW,2025-11-14 23:32:33,USR-86435
WIN-1324,DONE,2025-11-16 23:32:33,USR-86435
CONF-3736,TO_DO,2026-02-16 08:26:44,USR-82070
CONF-3736,IN_PROGRESS,2026-02-17 01:26:44,USR-82070
CONF-3736,IN_REVIEW,2026-02-17 07:26:44,USR-82070
CONF-3736,DONE,2026-02-19 00:26:44,USR-82070
CONF-3736,REOPENED,2026-02-19 10:26:44,USR-99783
CONF-3736,IN_PROGRESS,2026-02-20 01:26:44,USR-82070
CONF-3736,DONE,2026-02-21 19:26:44,USR-82070
TERM-7713,TO_DO,2026-07-26 06:59:01,USR-56179
TERM-7713,IN_PROGRESS,2026-07-27 21:59:01,USR-56179
TERM-7713,IN_REVIEW,2026-07-29 09:59:01,USR-56179
TERM-7713,DONE,2026-07-31 04:59:01,USR-56179
TERM-7713,REOPENED,2026-07-31 21:59:01,USR-71186
TERM-7713,IN_PROGRESS,2026-08-01 15:59:01,USR-56179
TERM-7713,DONE,2026-08-03 15:59:01,USR-56179
CHOI-6733,TO_DO,2026-02-14 11:04:20,USR-33703
CHOI-6733,IN_PROGRESS,2026-02-16 09:04:20,USR-33703
CHOI-6733,IN_REVIEW,2026-02-17 12:04:20,USR-33703
CHOI-6733,DONE,2026-02-18 14:04:20,USR-33703
ORGA-9746,TO_DO,2026-03-13 09:55:14,USR-16743
ORGA-9746,IN_PROGRESS,2026-03-14 07:55:14,USR-16743
ORGA-9746,IN_REVIEW,2026-03-15 13:55:14,USR-16743
ORGA-9746,DONE,2026-03-16 04:55:14,USR-16743
CONF-9310,TO_DO,2026-09-11 21:41:18,USR-52987
CONF-9310,IN_PROGRESS,2026-09-12 16:41:18,USR-52987
CONF-9310,IN_REVIEW,2026-09-14 12:41:18,USR-52987
CONF-9310,DONE,2026-09-15 17:41:18,USR-52987
DEVE-8280,TO_DO,2026-06-19 18:09:56,USR-61876
DEVE-8280,IN_PROGRESS,2026-06-21 12:09:56,USR-61876
DEVE-8280,IN_REVIEW,2026-06-22 20:09:56,USR-61876
DEVE-8280,DONE,2026-06-23 07:09:56,USR-61876
ORGA-7931,TO_DO,2026-03-03 10:32:53,USR-44522
ORGA-7931,IN_PROGRESS,2026-03-03 13:32:53,USR-44522
ORGA-7931,IN_REVIEW,2026-03-05 02:32:53,USR-44522
ORGA-7931,DONE,2026-03-05 04:32:53,USR-44522
CONF-8492,TO_DO,2026-05-14 02:59:07,USR-61879
CONF-8492,IN_PROGRESS,2026-05-15 16:59:07,USR-61879
CONF-8492,IN_REVIEW,2026-05-16 12:59:07,USR-61879
CONF-8492,DONE,2026-05-17 15:59:07,USR-61879
THES-9340,TO_DO,2026-08-17 21:54:17,USR-27675
THES-9340,IN_PROGRESS,2026-08-18 14:54:17,USR-27675
THES-9340,IN_REVIEW,2026-08-19 10:54:17,USR-27675
THES-9340,DONE,2026-08-20 17:54:17,USR-27675
WIN-4379,TO_DO,2026-07-28 06:19:42,USR-49608
WIN-4379,IN_PROGRESS,2026-07-29 18:19:42,USR-49608
WIN-4379,IN_REVIEW,2026-07-29 21:19:42,USR-49608
WIN-4379,DONE,2026-07-30 15:19:42,USR-49608
WIN-1161,TO_DO,2026-01-12 04:43:56,USR-57428
WIN-1161,IN_PROGRESS,2026-01-13 02:43:56,USR-57428
WIN-1161,IN_REVIEW,2026-01-13 14:43:56,USR-57428
WIN-1161,DONE,2026-01-13 23:43:56,USR-57428
ANIM-7528,TO_DO,2025-11-03 18:44:21,USR-37653
ANIM-7528,IN_PROGRESS,2025-11-03 23:44:21,USR-37653
ANIM-7528,IN_REVIEW,2025-11-04 02:44:21,USR-37653
ANIM-7528,DONE,2025-11-05 14:44:21,USR-37653
ANIM-7528,REOPENED,2025-11-06 03:44:21,USR-95823
ANIM-7528,IN_PROGRESS,2025-11-06 12:44:21,USR-37653
ANIM-7528,DONE,2025-11-08 02:44:21,USR-37653
CHOI-6874,TO_DO,2026-03-25 22:21:29,USR-47196
CHOI-6874,IN_PROGRESS,2026-03-26 12:21:29,USR-47196
CHOI-6874,IN_REVIEW,2026-03-28 08:21:29,USR-47196
CHOI-6874,DONE,2026-03-28 12:21:29,USR-47196
TERM-5999,TO_DO,2026-03-25 08:17:30,USR-58147
TERM-5999,IN_PROGRESS,2026-03-26 02:17:30,USR-58147
TERM-5999,IN_REVIEW,2026-03-26 10:17:30,USR-58147
TERM-5999,DONE,2026-03-27 23:17:30,USR-58147
ORGA-4875,TO_DO,2026-01-11 22:55:58,USR-54089
ORGA-4875,IN_PROGRESS,2026-01-12 13:55:58,USR-54089
ORGA-4875,IN_REVIEW,2026-01-12 17:55:58,USR-54089
ORGA-4875,DONE,2026-01-14 14:55:58,USR-54089
ORGA-4875,REOPENED,2026-01-15 14:55:58,USR-95755
ORGA-4875,IN_PROGRESS,2026-01-16 14:55:58,USR-54089
ORGA-4875,DONE,2026-01-17 18:55:58,USR-54089
ORGA-2668,TO_DO,2026-04-21 10:22:01,USR-69914
ORGA-2668,IN_PROGRESS,2026-04-22 10:22:01,USR-69914
ORGA-2668,IN_REVIEW,2026-04-23 12:22:01,USR-69914
ORGA-2668,DONE,2026-04-24 08:22:01,USR-69914
LIST-5277,TO_DO,2026-02-03 13:32:07,USR-15551
LIST-5277,IN_PROGRESS,2026-02-04 18:32:07,USR-15551
LIST-5277,IN_REVIEW,2026-02-06 00:32:07,USR-15551
LIST-5277,DONE,2026-02-07 14:32:07,USR-15551
LIST-8861,TO_DO,2026-08-07 11:08:24,USR-59615
LIST-8861,IN_PROGRESS,2026-08-08 15:08:24,USR-59615
LIST-8861,IN_REVIEW,2026-08-10 10:08:24,USR-59615
LIST-8861,DONE,2026-08-10 14:08:24,USR-59615
THES-4343,TO_DO,2025-10-21 19:51:34,USR-14929
THES-4343,IN_PROGRESS,2025-10-22 16:51:34,USR-14929
THES-4343,IN_REVIEW,2025-10-23 10:51:34,USR-14929
THES-4343,DONE,2025-10-23 20:51:34,USR-14929
CONF-1708,TO_DO,2025-11-04 20:16:01,USR-20308
CONF-1708,IN_PROGRESS,2025-11-05 21:16:01,USR-20308
CONF-1708,IN_REVIEW,2025-11-06 09:16:01,USR-20308
CONF-1708,DONE,2025-11-07 06:16:01,USR-20308
ORGA-3322,TO_DO,2026-03-19 12:20:37,USR-61173
ORGA-3322,IN_PROGRESS,2026-03-20 20:20:37,USR-61173
ORGA-3322,IN_REVIEW,2026-03-21 06:20:37,USR-61173
ORGA-3322,DONE,2026-03-22 04:20:37,USR-61173
ANIM-4018,TO_DO,2026-04-29 07:58:37,USR-86569
ANIM-4018,IN_PROGRESS,2026-05-01 01:58:37,USR-86569
ANIM-4018,IN_REVIEW,2026-05-02 20:58:37,USR-86569
ANIM-4018,DONE,2026-05-04 16:58:37,USR-86569
TERM-1481,TO_DO,2026-06-24 09:54:52,USR-60140
TERM-1481,IN_PROGRESS,2026-06-25 10:54:52,USR-60140
TERM-1481,IN_REVIEW,2026-06-27 02:54:52,USR-60140
TERM-1481,DONE,2026-06-27 18:54:52,USR-60140
ORGA-6345,TO_DO,2025-12-02 18:55:17,USR-65851
ORGA-6345,IN_PROGRESS,2025-12-04 03:55:17,USR-65851
ORGA-6345,IN_REVIEW,2025-12-04 10:55:17,USR-65851
ORGA-6345,DONE,2025-12-04 20:55:17,USR-65851
WIN-6696,TO_DO,2026-05-13 22:32:16,USR-89928
WIN-6696,IN_PROGRESS,2026-05-15 01:32:16,USR-89928
WIN-6696,IN_REVIEW,2026-05-15 11:32:16,USR-89928
WIN-6696,DONE,2026-05-17 07:32:16,USR-89928
THES-2113,TO_DO,2026-04-20 11:01:48,USR-49251
THES-2113,IN_PROGRESS,2026-04-21 20:01:48,USR-49251
THES-2113,IN_REVIEW,2026-04-22 08:01:48,USR-49251
THES-2113,DONE,2026-04-23 13:01:48,USR-49251
LIST-9938,TO_DO,2026-05-01 01:59:20,USR-80010
LIST-9938,IN_PROGRESS,2026-05-02 14:59:20,USR-80010
LIST-9938,IN_REVIEW,2026-05-03 12:59:20,USR-80010
LIST-9938,DONE,2026-05-04 00:59:20,USR-80010
CONF-6001,TO_DO,2025-10-16 00:19:31,USR-80010
CONF-6001,IN_PROGRESS,2025-10-17 03:19:31,USR-80010
CONF-6001,IN_REVIEW,2025-10-17 12:19:31,USR-80010
CONF-6001,DONE,2025-10-18 22:19:31,USR-80010
TERM-7033,TO_DO,2026-04-15 02:24:24,USR-76540
TERM-7033,IN_PROGRESS,2026-04-16 03:24:24,USR-76540
TERM-7033,IN_REVIEW,2026-04-17 00:24:24,USR-76540
TERM-7033,DONE,2026-04-18 16:24:24,USR-76540
CHOI-8343,TO_DO,2025-11-30 01:52:59,USR-23173
CHOI-8343,IN_PROGRESS,2025-11-30 12:52:59,USR-23173
CHOI-8343,IN_REVIEW,2025-12-01 09:52:59,USR-23173
CHOI-8343,DONE,2025-12-02 15:52:59,USR-23173
CHOI-2837,TO_DO,2026-09-13 01:14:41,USR-62098
CHOI-2837,IN_PROGRESS,2026-09-14 08:14:41,USR-62098
CHOI-2837,IN_REVIEW,2026-09-14 22:14:41,USR-62098
CHOI-2837,DONE,2026-09-15 16:14:41,USR-62098
CONF-4328,TO_DO,2026-06-10 10:23:22,USR-55293
CONF-4328,IN_PROGRESS,2026-06-10 19:23:22,USR-55293
CONF-4328,IN_REVIEW,2026-06-12 06:23:22,USR-55293
CONF-4328,DONE,2026-06-12 21:23:22,USR-55293
CONF-4328,REOPENED,2026-06-14 01:23:22,USR-41979
CONF-4328,IN_PROGRESS,2026-06-14 04:23:22,USR-55293
CONF-4328,DONE,2026-06-14 12:23:22,USR-55293
PROF-4926,TO_DO,2026-05-23 20:48:33,USR-71186
PROF-4926,IN_PROGRESS,2026-05-25 06:48:33,USR-71186
PROF-4926,IN_REVIEW,2026-05-26 14:48:33,USR-71186
PROF-4926,DONE,2026-05-28 00:48:33,USR-71186
ANIM-2119,TO_DO,2026-03-18 13:16:44,USR-60140
ANIM-2119,IN_PROGRESS,2026-03-20 02:16:44,USR-60140
ANIM-2119,IN_REVIEW,2026-03-21 07:16:44,USR-60140
ANIM-2119,DONE,2026-03-21 20:16:44,USR-60140
THES-6135,TO_DO,2026-01-17 11:27:44,USR-86064
THES-6135,IN_PROGRESS,2026-01-18 09:27:44,USR-86064
THES-6135,IN_REVIEW,2026-01-20 09:27:44,USR-86064
THES-6135,DONE,2026-01-21 01:27:44,USR-86064
LIST-1819,TO_DO,2025-11-28 08:37:33,USR-58353
LIST-1819,IN_PROGRESS,2025-11-28 22:37:33,USR-58353
LIST-1819,IN_REVIEW,2025-11-29 18:37:33,USR-58353
LIST-1819,DONE,2025-11-30 13:37:33,USR-58353
LIST-1819,REOPENED,2025-12-01 15:37:33,USR-88116
LIST-1819,IN_PROGRESS,2025-12-02 07:37:33,USR-58353
LIST-1819,DONE,2025-12-02 16:37:33,USR-58353
TERM-8253,TO_DO,2025-12-26 11:38:36,USR-31178
TERM-8253,IN_PROGRESS,2025-12-27 08:38:36,USR-31178
TERM-8253,IN_REVIEW,2025-12-28 00:38:36,USR-31178
TERM-8253,DONE,2025-12-28 15:38:36,USR-31178
ANIM-5209,TO_DO,2026-04-24 16:41:29,USR-12128
ANIM-5209,IN_PROGRESS,2026-04-26 07:41:29,USR-12128
ANIM-5209,IN_REVIEW,2026-04-27 21:41:29,USR-12128
ANIM-5209,DONE,2026-04-29 12:41:29,USR-12128
DEVE-2837,TO_DO,2026-08-14 19:42:59,USR-26011
DEVE-2837,IN_PROGRESS,2026-08-16 07:42:59,USR-26011
DEVE-2837,IN_REVIEW,2026-08-16 23:42:59,USR-26011
DEVE-2837,DONE,2026-08-18 20:42:59,USR-26011
DEVE-2837,REOPENED,2026-08-20 19:42:59,USR-95316
DEVE-2837,IN_PROGRESS,2026-08-21 06:42:59,USR-26011
DEVE-2837,DONE,2026-08-21 20:42:59,USR-26011
THES-2392,TO_DO,2025-11-01 11:31:03,USR-23875
THES-2392,IN_PROGRESS,2025-11-02 13:31:03,USR-23875
THES-2392,IN_REVIEW,2025-11-03 08:31:03,USR-23875
THES-2392,DONE,2025-11-04 18:31:03,USR-23875
CHOI-8500,TO_DO,2026-01-09 23:06:08,USR-37535
CHOI-8500,IN_PROGRESS,2026-01-10 22:06:08,USR-37535
CHOI-8500,IN_REVIEW,2026-01-12 16:06:08,USR-37535
CHOI-8500,DONE,2026-01-14 15:06:08,USR-37535
WIN-9518,TO_DO,2026-07-05 23:22:00,USR-41348
WIN-9518,IN_PROGRESS,2026-07-06 05:22:00,USR-41348
WIN-9518,IN_REVIEW,2026-07-07 11:22:00,USR-41348
WIN-9518,DONE,2026-07-09 02:22:00,USR-41348
WIN-9518,REOPENED,2026-07-10 09:22:00,USR-73156
WIN-9518,IN_PROGRESS,2026-07-11 09:22:00,USR-41348
WIN-9518,DONE,2026-07-12 23:22:00,USR-41348
CONF-2212,TO_DO,2026-05-13 15:02:37,USR-59941
CONF-2212,IN_PROGRESS,2026-05-13 22:02:37,USR-59941
CONF-2212,IN_REVIEW,2026-05-15 05:02:37,USR-59941
CONF-2212,DONE,2026-05-15 07:02:37,USR-59941
CONF-9669,TO_DO,2026-03-11 19:57:53,USR-49139
CONF-9669,IN_PROGRESS,2026-03-13 00:57:53,USR-49139
CONF-9669,IN_REVIEW,2026-03-14 09:57:53,USR-49139
CONF-9669,DONE,2026-03-14 21:57:53,USR-49139
ORGA-9574,TO_DO,2026-04-04 06:32:02,USR-54791
ORGA-9574,IN_PROGRESS,2026-04-05 16:32:02,USR-54791
ORGA-9574,IN_REVIEW,2026-04-06 15:32:02,USR-54791
ORGA-9574,DONE,2026-04-07 20:32:02,USR-54791
ORGA-9574,REOPENED,2026-04-09 08:32:02,USR-15075
ORGA-9574,IN_PROGRESS,2026-04-09 12:32:02,USR-54791
ORGA-9574,DONE,2026-04-09 21:32:02,USR-54791
CONF-5026,TO_DO,2026-02-11 10:33:26,USR-69878
CONF-5026,IN_PROGRESS,2026-02-13 00:33:26,USR-69878
CONF-5026,IN_REVIEW,2026-02-13 02:33:26,USR-69878
CONF-5026,DONE,2026-02-13 05:33:26,USR-69878
CONF-3734,TO_DO,2026-06-14 03:45:33,USR-47667
CONF-3734,IN_PROGRESS,2026-06-15 16:45:33,USR-47667
CONF-3734,IN_REVIEW,2026-06-16 21:45:33,USR-47667
CONF-3734,DONE,2026-06-18 02:45:33,USR-47667
PROF-4621,TO_DO,2026-05-21 18:37:13,USR-87128
PROF-4621,IN_PROGRESS,2026-05-23 06:37:13,USR-87128
PROF-4621,IN_REVIEW,2026-05-23 09:37:13,USR-87128
PROF-4621,DONE,2026-05-25 09:37:13,USR-87128
DEVE-6216,TO_DO,2026-01-26 06:21:41,USR-85392
DEVE-6216,IN_PROGRESS,2026-01-27 20:21:41,USR-85392
DEVE-6216,IN_REVIEW,2026-01-28 13:21:41,USR-85392
DEVE-6216,DONE,2026-01-30 04:21:41,USR-85392
DEVE-5073,TO_DO,2025-11-21 05:20:36,USR-79615
DEVE-5073,IN_PROGRESS,2025-11-22 05:20:36,USR-79615
DEVE-5073,IN_REVIEW,2025-11-22 14:20:36,USR-79615
DEVE-5073,DONE,2025-11-23 07:20:36,USR-79615
ORGA-1692,TO_DO,2026-03-03 20:42:59,USR-40647
ORGA-1692,IN_PROGRESS,2026-03-05 19:42:59,USR-40647
ORGA-1692,IN_REVIEW,2026-03-06 04:42:59,USR-40647
ORGA-1692,DONE,2026-03-06 08:42:59,USR-40647
WIN-1999,TO_DO,2025-12-22 03:51:19,USR-32810
WIN-1999,IN_PROGRESS,2025-12-23 02:51:19,USR-32810
WIN-1999,IN_REVIEW,2025-12-25 00:51:19,USR-32810
WIN-1999,DONE,2025-12-26 11:51:19,USR-32810
PROF-7211,TO_DO,2025-11-19 07:51:20,USR-30932
PROF-7211,IN_PROGRESS,2025-11-20 17:51:20,USR-30932
PROF-7211,IN_REVIEW,2025-11-22 17:51:20,USR-30932
PROF-7211,DONE,2025-11-24 09:51:20,USR-30932
CONF-5019,TO_DO,2025-10-23 09:50:38,USR-56176
CONF-5019,IN_PROGRESS,2025-10-24 21:50:38,USR-56176
CONF-5019,IN_REVIEW,2025-10-25 19:50:38,USR-56176
CONF-5019,DONE,2025-10-27 00:50:38,USR-56176
WIN-5782,TO_DO,2026-09-09 22:31:24,USR-77839
WIN-5782,IN_PROGRESS,2026-09-10 15:31:24,USR-77839
WIN-5782,IN_REVIEW,2026-09-12 06:31:24,USR-77839
WIN-5782,DONE,2026-09-13 15:31:24,USR-77839
ANIM-6850,TO_DO,2026-09-01 00:49:44,USR-31579
ANIM-6850,IN_PROGRESS,2026-09-02 21:49:44,USR-31579
ANIM-6850,IN_REVIEW,2026-09-04 14:49:44,USR-31579
ANIM-6850,DONE,2026-09-04 18:49:44,USR-31579
ANIM-9324,TO_DO,2026-02-06 15:47:12,USR-70981
ANIM-9324,IN_PROGRESS,2026-02-08 03:47:12,USR-70981
ANIM-9324,IN_REVIEW,2026-02-09 19:47:12,USR-70981
ANIM-9324,DONE,2026-02-10 23:47:12,USR-70981
ORGA-7715,TO_DO,2025-11-02 14:28:18,USR-40735
ORGA-7715,IN_PROGRESS,2025-11-03 08:28:18,USR-40735
ORGA-7715,IN_REVIEW,2025-11-04 02:28:18,USR-40735
ORGA-7715,DONE,2025-11-04 08:28:18,USR-40735
ORGA-7715,REOPENED,2025-11-06 07:28:18,USR-30932
ORGA-7715,IN_PROGRESS,2025-11-07 05:28:18,USR-40735
ORGA-7715,DONE,2025-11-08 11:28:18,USR-40735
THES-1572,TO_DO,2026-01-22 06:18:25,USR-18109
THES-1572,IN_PROGRESS,2026-01-23 05:18:25,USR-18109
THES-1572,IN_REVIEW,2026-01-24 17:18:25,USR-18109
THES-1572,DONE,2026-01-26 11:18:25,USR-18109
ORGA-5351,TO_DO,2025-10-07 21:59:48,USR-79774
ORGA-5351,IN_PROGRESS,2025-10-09 09:59:48,USR-79774
ORGA-5351,IN_REVIEW,2025-10-09 11:59:48,USR-79774
ORGA-5351,DONE,2025-10-09 21:59:48,USR-79774
ORGA-5351,REOPENED,2025-10-11 06:59:48,USR-10350
ORGA-5351,IN_PROGRESS,2025-10-11 13:59:48,USR-79774
ORGA-5351,DONE,2025-10-11 17:59:48,USR-79774
CHOI-3338,TO_DO,2026-04-15 06:07:36,USR-41365
CHOI-3338,IN_PROGRESS,2026-04-17 00:07:36,USR-41365
CHOI-3338,IN_REVIEW,2026-04-17 18:07:36,USR-41365
CHOI-3338,DONE,2026-04-19 15:07:36,USR-41365
TERM-2901,TO_DO,2025-10-13 04:32:01,USR-60328
TERM-2901,IN_PROGRESS,2025-10-14 18:32:01,USR-60328
TERM-2901,IN_REVIEW,2025-10-15 22:32:01,USR-60328
TERM-2901,DONE,2025-10-17 12:32:01,USR-60328
ORGA-9114,TO_DO,2026-03-17 22:18:41,USR-77286
ORGA-9114,IN_PROGRESS,2026-03-19 12:18:41,USR-77286
ORGA-9114,IN_REVIEW,2026-03-20 01:18:41,USR-77286
ORGA-9114,DONE,2026-03-20 14:18:41,USR-77286
LIST-5558,TO_DO,2025-12-07 16:14:39,USR-87356
LIST-5558,IN_PROGRESS,2025-12-09 15:14:39,USR-87356
LIST-5558,IN_REVIEW,2025-12-10 08:14:39,USR-87356
LIST-5558,DONE,2025-12-11 07:14:39,USR-87356
TERM-3224,TO_DO,2026-01-01 15:15:49,USR-26547
TERM-3224,IN_PROGRESS,2026-01-03 04:15:49,USR-26547
TERM-3224,IN_REVIEW,2026-01-04 17:15:49,USR-26547
TERM-3224,DONE,2026-01-05 02:15:49,USR-26547
ORGA-5439,TO_DO,2026-02-06 02:19:38,USR-17518
ORGA-5439,IN_PROGRESS,2026-02-07 12:19:38,USR-17518
ORGA-5439,IN_REVIEW,2026-02-08 23:19:38,USR-17518
ORGA-5439,DONE,2026-02-09 05:19:38,USR-17518
TERM-4367,TO_DO,2026-06-20 22:09:51,USR-75570
TERM-4367,IN_PROGRESS,2026-06-21 13:09:51,USR-75570
TERM-4367,IN_REVIEW,2026-06-22 16:09:51,USR-75570
TERM-4367,DONE,2026-06-23 12:09:51,USR-75570
TERM-1228,TO_DO,2026-03-10 00:27:37,USR-23970
TERM-1228,IN_PROGRESS,2026-03-10 09:27:37,USR-23970
TERM-1228,IN_REVIEW,2026-03-11 09:27:37,USR-23970
TERM-1228,DONE,2026-03-11 23:27:37,USR-23970
ORGA-1379,TO_DO,2026-02-27 07:14:36,USR-12719
ORGA-1379,IN_PROGRESS,2026-02-27 11:14:36,USR-12719
ORGA-1379,IN_REVIEW,2026-02-28 05:14:36,USR-12719
ORGA-1379,DONE,2026-02-28 11:14:36,USR-12719
ANIM-4811,TO_DO,2026-05-09 21:49:06,USR-93886
ANIM-4811,IN_PROGRESS,2026-05-10 07:49:06,USR-93886
ANIM-4811,IN_REVIEW,2026-05-10 09:49:06,USR-93886
ANIM-4811,DONE,2026-05-11 04:49:06,USR-93886
THES-1322,TO_DO,2026-06-08 17:36:03,USR-59986
THES-1322,IN_PROGRESS,2026-06-09 01:36:03,USR-59986
THES-1322,IN_REVIEW,2026-06-10 15:36:03,USR-59986
THES-1322,DONE,2026-06-11 06:36:03,USR-59986
THES-1322,REOPENED,2026-06-11 18:36:03,USR-21835
THES-1322,IN_PROGRESS,2026-06-12 03:36:03,USR-59986
THES-1322,DONE,2026-06-13 06:36:03,USR-59986
PROF-2233,TO_DO,2026-02-19 14:18:39,USR-55851
PROF-2233,IN_PROGRESS,2026-02-20 01:18:39,USR-55851
PROF-2233,IN_REVIEW,2026-02-20 20:18:39,USR-55851
PROF-2233,DONE,2026-02-22 08:18:39,USR-55851
PROF-2233,REOPENED,2026-02-23 15:18:39,USR-70443
PROF-2233,IN_PROGRESS,2026-02-23 16:18:39,USR-55851
PROF-2233,DONE,2026-02-25 09:18:39,USR-55851
LIST-8776,TO_DO,2025-10-16 08:41:49,USR-85711
LIST-8776,IN_PROGRESS,2025-10-16 21:41:49,USR-85711
LIST-8776,IN_REVIEW,2025-10-17 22:41:49,USR-85711
LIST-8776,DONE,2025-10-18 05:41:49,USR-85711
CHOI-3361,TO_DO,2026-02-15 09:06:54,USR-38906
CHOI-3361,IN_PROGRESS,2026-02-16 13:06:54,USR-38906
CHOI-3361,IN_REVIEW,2026-02-16 21:06:54,USR-38906
CHOI-3361,DONE,2026-02-17 05:06:54,USR-38906
CONF-1845,TO_DO,2025-12-21 16:01:08,USR-29528
CONF-1845,IN_PROGRESS,2025-12-22 07:01:08,USR-29528
CONF-1845,IN_REVIEW,2025-12-22 12:01:08,USR-29528
CONF-1845,DONE,2025-12-23 20:01:08,USR-29528
CONF-1845,REOPENED,2025-12-23 22:01:08,USR-57472
CONF-1845,IN_PROGRESS,2025-12-24 03:01:08,USR-29528
CONF-1845,DONE,2025-12-25 17:01:08,USR-29528
ORGA-8350,TO_DO,2026-02-17 10:54:27,USR-82512
ORGA-8350,IN_PROGRESS,2026-02-18 03:54:27,USR-82512
ORGA-8350,IN_REVIEW,2026-02-19 06:54:27,USR-82512
ORGA-8350,DONE,2026-02-20 10:54:27,USR-82512
ANIM-2148,TO_DO,2026-03-08 13:31:29,USR-82102
ANIM-2148,IN_PROGRESS,2026-03-09 20:31:29,USR-82102
ANIM-2148,IN_REVIEW,2026-03-11 04:31:29,USR-82102
ANIM-2148,DONE,2026-03-12 20:31:29,USR-82102
DEVE-1981,TO_DO,2025-10-17 19:09:10,USR-61876
DEVE-1981,IN_PROGRESS,2025-10-18 10:09:10,USR-61876
DEVE-1981,IN_REVIEW,2025-10-20 03:09:10,USR-61876
DEVE-1981,DONE,2025-10-21 10:09:10,USR-61876
DEVE-1981,REOPENED,2025-10-21 17:09:10,USR-72216
DEVE-1981,IN_PROGRESS,2025-10-22 00:09:10,USR-61876
DEVE-1981,DONE,2025-10-22 06:09:10,USR-61876
TERM-3812,TO_DO,2025-12-08 11:09:58,USR-91678
TERM-3812,IN_PROGRESS,2025-12-09 19:09:58,USR-91678
TERM-3812,IN_REVIEW,2025-12-10 01:09:58,USR-91678
TERM-3812,DONE,2025-12-11 20:09:58,USR-91678
TERM-3335,TO_DO,2026-03-12 05:35:12,USR-36144
TERM-3335,IN_PROGRESS,2026-03-13 09:35:12,USR-36144
TERM-3335,IN_REVIEW,2026-03-13 18:35:12,USR-36144
TERM-3335,DONE,2026-03-15 03:35:12,USR-36144
CONF-3739,TO_DO,2025-12-04 15:15:33,USR-31174
CONF-3739,IN_PROGRESS,2025-12-05 08:15:33,USR-31174
CONF-3739,IN_REVIEW,2025-12-06 12:15:33,USR-31174
CONF-3739,DONE,2025-12-06 17:15:33,USR-31174
PROF-5940,TO_DO,2026-01-02 12:00:17,USR-83638
PROF-5940,IN_PROGRESS,2026-01-04 07:00:17,USR-83638
PROF-5940,IN_REVIEW,2026-01-05 10:00:17,USR-83638
PROF-5940,DONE,2026-01-05 12:00:17,USR-83638
WIN-3966,TO_DO,2026-05-13 14:44:51,USR-71261
WIN-3966,IN_PROGRESS,2026-05-15 05:44:51,USR-71261
WIN-3966,IN_REVIEW,2026-05-16 00:44:51,USR-71261
WIN-3966,DONE,2026-05-16 21:44:51,USR-71261
TERM-3953,TO_DO,2026-09-04 15:56:15,USR-62743
TERM-3953,IN_PROGRESS,2026-09-05 13:56:15,USR-62743
TERM-3953,IN_REVIEW,2026-09-05 21:56:15,USR-62743
TERM-3953,DONE,2026-09-06 13:56:15,USR-62743
TERM-7700,TO_DO,2026-03-04 14:35:27,USR-72163
TERM-7700,IN_PROGRESS,2026-03-05 09:35:27,USR-72163
TERM-7700,IN_REVIEW,2026-03-06 09:35:27,USR-72163
TERM-7700,DONE,2026-03-08 07:35:27,USR-72163
TERM-7700,REOPENED,2026-03-09 07:35:27,USR-73956
TERM-7700,IN_PROGRESS,2026-03-10 02:35:27,USR-72163
TERM-7700,DONE,2026-03-11 16:35:27,USR-72163
WIN-2834,TO_DO,2025-11-29 21:02:50,USR-34931
WIN-2834,IN_PROGRESS,2025-12-01 09:02:50,USR-34931
WIN-2834,IN_REVIEW,2025-12-03 00:02:50,USR-34931
WIN-2834,DONE,2025-12-03 07:02:50,USR-34931
ORGA-9855,TO_DO,2026-09-05 10:45:35,USR-58870
ORGA-9855,IN_PROGRESS,2026-09-06 14:45:35,USR-58870
ORGA-9855,IN_REVIEW,2026-09-07 08:45:35,USR-58870
ORGA-9855,DONE,2026-09-08 16:45:35,USR-58870
ORGA-9416,TO_DO,2026-02-10 00:10:52,USR-10053
ORGA-9416,IN_PROGRESS,2026-02-11 10:10:52,USR-10053
ORGA-9416,IN_REVIEW,2026-02-12 21:10:52,USR-10053
ORGA-9416,DONE,2026-02-13 16:10:52,USR-10053
TERM-5240,TO_DO,2025-11-13 20:52:03,USR-41979
TERM-5240,IN_PROGRESS,2025-11-14 05:52:03,USR-41979
TERM-5240,IN_REVIEW,2025-11-15 19:52:03,USR-41979
TERM-5240,DONE,2025-11-15 23:52:03,USR-41979
TERM-5240,REOPENED,2025-11-17 08:52:03,USR-28140
TERM-5240,IN_PROGRESS,2025-11-17 18:52:03,USR-41979
TERM-5240,DONE,2025-11-19 13:52:03,USR-41979
CONF-3140,TO_DO,2025-10-09 03:38:30,USR-94259
CONF-3140,IN_PROGRESS,2025-10-09 17:38:30,USR-94259
CONF-3140,IN_REVIEW,2025-10-10 20:38:30,USR-94259
CONF-3140,DONE,2025-10-12 12:38:30,USR-94259
CONF-3140,REOPENED,2025-10-14 12:38:30,USR-55508
CONF-3140,IN_PROGRESS,2025-10-15 09:38:30,USR-94259
CONF-3140,DONE,2025-10-15 21:38:30,USR-94259
PROF-6341,TO_DO,2026-08-21 07:21:54,USR-40775
PROF-6341,IN_PROGRESS,2026-08-21 11:21:54,USR-40775
PROF-6341,IN_REVIEW,2026-08-22 21:21:54,USR-40775
PROF-6341,DONE,2026-08-23 09:21:54,USR-40775
PROF-9647,TO_DO,2026-03-19 17:10:19,USR-41946
PROF-9647,IN_PROGRESS,2026-03-20 05:10:19,USR-41946
PROF-9647,IN_REVIEW,2026-03-20 11:10:19,USR-41946
PROF-9647,DONE,2026-03-20 23:10:19,USR-41946
TERM-3431,TO_DO,2026-05-26 00:49:25,USR-36741
TERM-3431,IN_PROGRESS,2026-05-26 02:49:25,USR-36741
TERM-3431,IN_REVIEW,2026-05-26 07:49:25,USR-36741
TERM-3431,DONE,2026-05-26 10:49:25,USR-36741
LIST-9503,TO_DO,2026-06-12 00:12:43,USR-31465
LIST-9503,IN_PROGRESS,2026-06-13 15:12:43,USR-31465
LIST-9503,IN_REVIEW,2026-06-14 00:12:43,USR-31465
LIST-9503,DONE,2026-06-15 17:12:43,USR-31465
DEVE-9456,TO_DO,2026-08-16 07:04:24,USR-93748
DEVE-9456,IN_PROGRESS,2026-08-17 10:04:24,USR-93748
DEVE-9456,IN_REVIEW,2026-08-17 12:04:24,USR-93748
DEVE-9456,DONE,2026-08-17 15:04:24,USR-93748
THES-7299,TO_DO,2026-08-04 02:19:49,USR-19120
THES-7299,IN_PROGRESS,2026-08-04 16:19:49,USR-19120
THES-7299,IN_REVIEW,2026-08-05 23:19:49,USR-19120
THES-7299,DONE,2026-08-07 14:19:49,USR-19120
LIST-8533,TO_DO,2026-02-01 16:41:23,USR-44718
LIST-8533,IN_PROGRESS,2026-02-02 13:41:23,USR-44718
LIST-8533,IN_REVIEW,2026-02-04 01:41:23,USR-44718
LIST-8533,DONE,2026-02-04 08:41:23,USR-44718
ORGA-8864,TO_DO,2026-04-10 07:19:34,USR-42406
ORGA-8864,IN_PROGRESS,2026-04-11 22:19:34,USR-42406
ORGA-8864,IN_REVIEW,2026-04-13 08:19:34,USR-42406
ORGA-8864,DONE,2026-04-14 03:19:34,USR-42406
PROF-5080,TO_DO,2026-01-23 14:53:16,USR-41850
PROF-5080,IN_PROGRESS,2026-01-25 01:53:16,USR-41850
PROF-5080,IN_REVIEW,2026-01-25 08:53:16,USR-41850
PROF-5080,DONE,2026-01-26 06:53:16,USR-41850
CONF-7051,TO_DO,2026-05-31 07:23:26,USR-47512
CONF-7051,IN_PROGRESS,2026-05-31 10:23:26,USR-47512
CONF-7051,IN_REVIEW,2026-06-01 00:23:26,USR-47512
CONF-7051,DONE,2026-06-02 18:23:26,USR-47512
DEVE-2120,TO_DO,2026-01-16 06:00:01,USR-60615
DEVE-2120,IN_PROGRESS,2026-01-17 12:00:01,USR-60615
DEVE-2120,IN_REVIEW,2026-01-18 10:00:01,USR-60615
DEVE-2120,DONE,2026-01-19 12:00:01,USR-60615
CONF-5102,TO_DO,2026-01-06 13:25:18,USR-60779
CONF-5102,IN_PROGRESS,2026-01-08 12:25:18,USR-60779
CONF-5102,IN_REVIEW,2026-01-08 17:25:18,USR-60779
CONF-5102,DONE,2026-01-09 01:25:18,USR-60779
LIST-3260,TO_DO,2025-10-22 13:24:31,USR-99838
LIST-3260,IN_PROGRESS,2025-10-22 20:24:31,USR-99838
LIST-3260,IN_REVIEW,2025-10-24 18:24:31,USR-99838
LIST-3260,DONE,2025-10-26 04:24:31,USR-99838
ANIM-4645,TO_DO,2026-08-03 19:24:16,USR-41552
ANIM-4645,IN_PROGRESS,2026-08-04 06:24:16,USR-41552
ANIM-4645,IN_REVIEW,2026-08-04 10:24:16,USR-41552
ANIM-4645,DONE,2026-08-05 21:24:16,USR-41552
LIST-2147,TO_DO,2026-09-01 10:09:20,USR-21221
LIST-2147,IN_PROGRESS,2026-09-03 04:09:20,USR-21221
LIST-2147,IN_REVIEW,2026-09-03 18:09:20,USR-21221
LIST-2147,DONE,2026-09-04 22:09:20,USR-21221
ANIM-4641,TO_DO,2026-09-06 07:30:56,USR-15695
ANIM-4641,IN_PROGRESS,2026-09-06 15:30:56,USR-15695
ANIM-4641,IN_REVIEW,2026-09-08 04:30:56,USR-15695
ANIM-4641,DONE,2026-09-08 14:30:56,USR-15695
WIN-2756,TO_DO,2025-11-19 08:30:59,USR-81987
WIN-2756,IN_PROGRESS,2025-11-20 08:30:59,USR-81987
WIN-2756,IN_REVIEW,2025-11-21 22:30:59,USR-81987
WIN-2756,DONE,2025-11-22 01:30:59,USR-81987
ORGA-2874,TO_DO,2026-07-14 07:42:03,USR-51505
ORGA-2874,IN_PROGRESS,2026-07-15 12:42:03,USR-51505
ORGA-2874,IN_REVIEW,2026-07-16 16:42:03,USR-51505
ORGA-2874,DONE,2026-07-16 19:42:03,USR-51505
THES-3093,TO_DO,2026-03-20 12:34:08,USR-55745
THES-3093,IN_PROGRESS,2026-03-21 02:34:08,USR-55745
THES-3093,IN_REVIEW,2026-03-21 12:34:08,USR-55745
THES-3093,DONE,2026-03-23 02:34:08,USR-55745
ORGA-2124,TO_DO,2025-11-09 17:21:27,USR-99593
ORGA-2124,IN_PROGRESS,2025-11-09 19:21:27,USR-99593
ORGA-2124,IN_REVIEW,2025-11-11 04:21:27,USR-99593
ORGA-2124,DONE,2025-11-12 09:21:27,USR-99593
WIN-4676,TO_DO,2026-04-14 19:50:36,USR-20646
WIN-4676,IN_PROGRESS,2026-04-15 16:50:36,USR-20646
WIN-4676,IN_REVIEW,2026-04-17 11:50:36,USR-20646
WIN-4676,DONE,2026-04-18 00:50:36,USR-20646
TERM-7864,TO_DO,2025-11-22 12:43:00,USR-84395
TERM-7864,IN_PROGRESS,2025-11-24 05:43:00,USR-84395
TERM-7864,IN_REVIEW,2025-11-24 12:43:00,USR-84395
TERM-7864,DONE,2025-11-25 11:43:00,USR-84395
DEVE-6995,TO_DO,2025-09-27 18:19:56,USR-56176
DEVE-6995,IN_PROGRESS,2025-09-28 05:19:56,USR-56176
DEVE-6995,IN_REVIEW,2025-09-28 23:19:56,USR-56176
DEVE-6995,DONE,2025-09-29 16:19:56,USR-56176
LIST-7911,TO_DO,2026-02-21 06:55:41,USR-18285
LIST-7911,IN_PROGRESS,2026-02-23 03:55:41,USR-18285
LIST-7911,IN_REVIEW,2026-02-23 13:55:41,USR-18285
LIST-7911,DONE,2026-02-24 20:55:41,USR-18285
LIST-7911,REOPENED,2026-02-26 16:55:41,USR-82102
LIST-7911,IN_PROGRESS,2026-02-26 22:55:41,USR-18285
LIST-7911,DONE,2026-02-28 03:55:41,USR-18285
TERM-1062,TO_DO,2026-08-29 23:27:22,USR-81987
TERM-1062,IN_PROGRESS,2026-08-30 10:27:22,USR-81987
TERM-1062,IN_REVIEW,2026-08-30 20:27:22,USR-81987
TERM-1062,DONE,2026-08-31 15:27:22,USR-81987
CONF-8240,TO_DO,2026-02-22 23:07:57,USR-69250
CONF-8240,IN_PROGRESS,2026-02-24 16:07:57,USR-69250
CONF-8240,IN_REVIEW,2026-02-25 12:07:57,USR-69250
CONF-8240,DONE,2026-02-26 20:07:57,USR-69250
THES-3615,TO_DO,2026-01-28 22:57:47,USR-97410
THES-3615,IN_PROGRESS,2026-01-30 08:57:47,USR-97410
THES-3615,IN_REVIEW,2026-01-31 05:57:47,USR-97410
THES-3615,DONE,2026-02-01 15:57:47,USR-97410
TERM-5937,TO_DO,2026-03-09 11:57:07,USR-77889
TERM-5937,IN_PROGRESS,2026-03-09 16:57:07,USR-77889
TERM-5937,IN_REVIEW,2026-03-10 13:57:07,USR-77889
TERM-5937,DONE,2026-03-12 13:57:07,USR-77889
ORGA-9973,TO_DO,2025-10-10 11:38:45,USR-23577
ORGA-9973,IN_PROGRESS,2025-10-11 05:38:45,USR-23577
ORGA-9973,IN_REVIEW,2025-10-12 21:38:45,USR-23577
ORGA-9973,DONE,2025-10-13 21:38:45,USR-23577
WIN-5207,TO_DO,2026-08-17 08:12:42,USR-15695
WIN-5207,IN_PROGRESS,2026-08-19 03:12:42,USR-15695
WIN-5207,IN_REVIEW,2026-08-19 10:12:42,USR-15695
WIN-5207,DONE,2026-08-19 19:12:42,USR-15695
CONF-9078,TO_DO,2026-02-21 04:56:34,USR-23022
CONF-9078,IN_PROGRESS,2026-02-21 06:56:34,USR-23022
CONF-9078,IN_REVIEW,2026-02-23 02:56:34,USR-23022
CONF-9078,DONE,2026-02-24 07:56:34,USR-23022
CHOI-4692,TO_DO,2026-02-25 09:05:24,USR-78951
CHOI-4692,IN_PROGRESS,2026-02-25 22:05:24,USR-78951
CHOI-4692,IN_REVIEW,2026-02-27 22:05:24,USR-78951
CHOI-4692,DONE,2026-02-28 04:05:24,USR-78951
LIST-5542,TO_DO,2026-06-29 06:36:57,USR-49608
LIST-5542,IN_PROGRESS,2026-06-30 06:36:57,USR-49608
LIST-5542,IN_REVIEW,2026-06-30 14:36:57,USR-49608
LIST-5542,DONE,2026-06-30 22:36:57,USR-49608
ANIM-2492,TO_DO,2025-09-27 13:25:14,USR-44687
ANIM-2492,IN_PROGRESS,2025-09-27 20:25:14,USR-44687
ANIM-2492,IN_REVIEW,2025-09-29 20:25:14,USR-44687
ANIM-2492,DONE,2025-09-30 09:25:14,USR-44687
DEVE-2940,TO_DO,2026-04-17 23:25:22,USR-70931
DEVE-2940,IN_PROGRESS,2026-04-18 16:25:22,USR-70931
DEVE-2940,IN_REVIEW,2026-04-20 01:25:22,USR-70931
DEVE-2940,DONE,2026-04-20 12:25:22,USR-70931
LIST-7308,TO_DO,2026-05-05 07:49:37,USR-66531
LIST-7308,IN_PROGRESS,2026-05-06 23:49:37,USR-66531
LIST-7308,IN_REVIEW,2026-05-08 05:49:37,USR-66531
LIST-7308,DONE,2026-05-09 18:49:37,USR-66531
LIST-7308,REOPENED,2026-05-11 09:49:37,USR-25014
LIST-7308,IN_PROGRESS,2026-05-12 05:49:37,USR-66531
LIST-7308,DONE,2026-05-13 23:49:37,USR-66531
DEVE-2313,TO_DO,2026-04-16 21:45:22,USR-31417
DEVE-2313,IN_PROGRESS,2026-04-17 06:45:22,USR-31417
DEVE-2313,IN_REVIEW,2026-04-17 23:45:22,USR-31417
DEVE-2313,DONE,2026-04-18 07:45:22,USR-31417
DEVE-2313,REOPENED,2026-04-20 05:45:22,USR-59689
DEVE-2313,IN_PROGRESS,2026-04-20 21:45:22,USR-31417
DEVE-2313,DONE,2026-04-21 07:45:22,USR-31417
CONF-8645,TO_DO,2026-08-04 17:45:09,USR-17104
CONF-8645,IN_PROGRESS,2026-08-05 04:45:09,USR-17104
CONF-8645,IN_REVIEW,2026-08-06 04:45:09,USR-17104
CONF-8645,DONE,2026-08-08 01:45:09,USR-17104
CONF-1834,TO_DO,2025-10-30 17:18:41,USR-63354
CONF-1834,IN_PROGRESS,2025-11-01 04:18:41,USR-63354
CONF-1834,IN_REVIEW,2025-11-02 03:18:41,USR-63354
CONF-1834,DONE,2025-11-03 04:18:41,USR-63354
THES-2262,TO_DO,2026-05-30 00:32:40,USR-73464
THES-2262,IN_PROGRESS,2026-05-30 03:32:40,USR-73464
THES-2262,IN_REVIEW,2026-05-31 11:32:40,USR-73464
THES-2262,DONE,2026-05-31 23:32:40,USR-73464
LIST-8268,TO_DO,2026-09-10 10:17:30,USR-23173
LIST-8268,IN_PROGRESS,2026-09-12 09:17:30,USR-23173
LIST-8268,IN_REVIEW,2026-09-13 01:17:30,USR-23173
LIST-8268,DONE,2026-09-14 08:17:30,USR-23173
ORGA-2733,TO_DO,2026-03-24 19:28:15,USR-21835
ORGA-2733,IN_PROGRESS,2026-03-25 06:28:15,USR-21835
ORGA-2733,IN_REVIEW,2026-03-25 16:28:15,USR-21835
ORGA-2733,DONE,2026-03-26 06:28:15,USR-21835
CONF-7294,TO_DO,2025-11-03 10:45:27,USR-24573
CONF-7294,IN_PROGRESS,2025-11-04 02:45:27,USR-24573
CONF-7294,IN_REVIEW,2025-11-04 06:45:27,USR-24573
CONF-7294,DONE,2025-11-05 12:45:27,USR-24573
LIST-2737,TO_DO,2026-03-15 04:03:19,USR-15075
LIST-2737,IN_PROGRESS,2026-03-16 05:03:19,USR-15075
LIST-2737,IN_REVIEW,2026-03-17 05:03:19,USR-15075
LIST-2737,DONE,2026-03-18 12:03:19,USR-15075
DEVE-1241,TO_DO,2026-03-20 10:13:34,USR-92998
DEVE-1241,IN_PROGRESS,2026-03-21 01:13:34,USR-92998
DEVE-1241,IN_REVIEW,2026-03-22 04:13:34,USR-92998
DEVE-1241,DONE,2026-03-22 17:13:34,USR-92998
THES-7401,TO_DO,2026-01-07 14:24:39,USR-31747
THES-7401,IN_PROGRESS,2026-01-08 14:24:39,USR-31747
THES-7401,IN_REVIEW,2026-01-09 21:24:39,USR-31747
THES-7401,DONE,2026-01-10 15:24:39,USR-31747
TERM-1326,TO_DO,2026-08-17 05:28:59,USR-92210
TERM-1326,IN_PROGRESS,2026-08-19 03:28:59,USR-92210
TERM-1326,IN_REVIEW,2026-08-19 12:28:59,USR-92210
TERM-1326,DONE,2026-08-20 05:28:59,USR-92210
WIN-3327,TO_DO,2026-08-21 01:53:01,USR-91885
WIN-3327,IN_PROGRESS,2026-08-22 03:53:01,USR-91885
WIN-3327,IN_REVIEW,2026-08-22 09:53:01,USR-91885
WIN-3327,DONE,2026-08-22 11:53:01,USR-91885
WIN-3327,REOPENED,2026-08-23 19:53:01,USR-71348
WIN-3327,IN_PROGRESS,2026-08-23 20:53:01,USR-91885
WIN-3327,DONE,2026-08-24 13:53:01,USR-91885
PROF-6963,TO_DO,2025-10-21 13:17:10,USR-51750
PROF-6963,IN_PROGRESS,2025-10-22 09:17:10,USR-51750
PROF-6963,IN_REVIEW,2025-10-23 00:17:10,USR-51750
PROF-6963,DONE,2025-10-24 22:17:10,USR-51750
PROF-6963,REOPENED,2025-10-26 20:17:10,USR-62610
PROF-6963,IN_PROGRESS,2025-10-27 00:17:10,USR-51750
PROF-6963,DONE,2025-10-28 19:17:10,USR-51750
LIST-4639,TO_DO,2026-08-22 03:01:00,USR-27781
LIST-4639,IN_PROGRESS,2026-08-22 05:01:00,USR-27781
LIST-4639,IN_REVIEW,2026-08-23 02:01:00,USR-27781
LIST-4639,DONE,2026-08-23 10:01:00,USR-27781
CONF-2222,TO_DO,2025-10-19 15:04:09,USR-30644
CONF-2222,IN_PROGRESS,2025-10-19 21:04:09,USR-30644
CONF-2222,IN_REVIEW,2025-10-20 23:04:09,USR-30644
CONF-2222,DONE,2025-10-22 07:04:09,USR-30644
WIN-7359,TO_DO,2025-11-28 10:30:13,USR-96980
WIN-7359,IN_PROGRESS,2025-11-29 09:30:13,USR-96980
WIN-7359,IN_REVIEW,2025-11-30 01:30:13,USR-96980
WIN-7359,DONE,2025-11-30 22:30:13,USR-96980
THES-2531,TO_DO,2026-04-25 12:43:49,USR-33652
THES-2531,IN_PROGRESS,2026-04-25 23:43:49,USR-33652
THES-2531,IN_REVIEW,2026-04-27 08:43:49,USR-33652
THES-2531,DONE,2026-04-28 18:43:49,USR-33652
THES-2531,REOPENED,2026-04-30 09:43:49,USR-15695
THES-2531,IN_PROGRESS,2026-04-30 23:43:49,USR-33652
THES-2531,DONE,2026-05-01 10:43:49,USR-33652
WIN-8740,TO_DO,2025-10-19 20:34:42,USR-43862
WIN-8740,IN_PROGRESS,2025-10-21 02:34:42,USR-43862
WIN-8740,IN_REVIEW,2025-10-22 11:34:42,USR-43862
WIN-8740,DONE,2025-10-23 10:34:42,USR-43862
ANIM-4837,TO_DO,2026-03-26 01:46:27,USR-40539
ANIM-4837,IN_PROGRESS,2026-03-26 19:46:27,USR-40539
ANIM-4837,IN_REVIEW,2026-03-27 06:46:27,USR-40539
ANIM-4837,DONE,2026-03-28 08:46:27,USR-40539
DEVE-8567,TO_DO,2026-07-14 06:08:24,USR-28643
DEVE-8567,IN_PROGRESS,2026-07-15 11:08:24,USR-28643
DEVE-8567,IN_REVIEW,2026-07-16 12:08:24,USR-28643
DEVE-8567,DONE,2026-07-17 07:08:24,USR-28643
TERM-8676,TO_DO,2026-08-01 06:44:45,USR-23947
TERM-8676,IN_PROGRESS,2026-08-01 11:44:45,USR-23947
TERM-8676,IN_REVIEW,2026-08-02 21:44:45,USR-23947
TERM-8676,DONE,2026-08-04 04:44:45,USR-23947
TERM-8676,REOPENED,2026-08-04 13:44:45,USR-99974
TERM-8676,IN_PROGRESS,2026-08-05 01:44:45,USR-23947
TERM-8676,DONE,2026-08-06 05:44:45,USR-23947
CHOI-8875,TO_DO,2026-01-26 20:29:44,USR-23446
CHOI-8875,IN_PROGRESS,2026-01-27 11:29:44,USR-23446
CHOI-8875,IN_REVIEW,2026-01-27 19:29:44,USR-23446
CHOI-8875,DONE,2026-01-29 04:29:44,USR-23446
CHOI-4739,TO_DO,2026-08-15 06:35:19,USR-96511
CHOI-4739,IN_PROGRESS,2026-08-16 16:35:19,USR-96511
CHOI-4739,IN_REVIEW,2026-08-17 14:35:19,USR-96511
CHOI-4739,DONE,2026-08-19 13:35:19,USR-96511
ANIM-7280,TO_DO,2026-06-25 10:58:33,USR-83385
ANIM-7280,IN_PROGRESS,2026-06-27 07:58:33,USR-83385
ANIM-7280,IN_REVIEW,2026-06-28 18:58:33,USR-83385
ANIM-7280,DONE,2026-06-29 21:58:33,USR-83385
ANIM-7280,REOPENED,2026-06-30 08:58:33,USR-40539
ANIM-7280,IN_PROGRESS,2026-06-30 23:58:33,USR-83385
ANIM-7280,DONE,2026-07-01 14:58:33,USR-83385
LIST-9457,TO_DO,2026-04-30 14:43:09,USR-63841
LIST-9457,IN_PROGRESS,2026-05-01 20:43:09,USR-63841
LIST-9457,IN_REVIEW,2026-05-03 15:43:09,USR-63841
LIST-9457,DONE,2026-05-04 17:43:09,USR-63841
PROF-3356,TO_DO,2026-08-17 17:49:26,USR-57381
PROF-3356,IN_PROGRESS,2026-08-18 20:49:26,USR-57381
PROF-3356,IN_REVIEW,2026-08-20 04:49:26,USR-57381
PROF-3356,DONE,2026-08-21 08:49:26,USR-57381
ANIM-6867,TO_DO,2026-03-30 01:53:57,USR-37631
ANIM-6867,IN_PROGRESS,2026-03-31 17:53:57,USR-37631
ANIM-6867,IN_REVIEW,2026-03-31 22:53:57,USR-37631
ANIM-6867,DONE,2026-04-02 02:53:57,USR-37631
DEVE-5313,TO_DO,2025-10-24 09:49:47,USR-39571
DEVE-5313,IN_PROGRESS,2025-10-24 14:49:47,USR-39571
DEVE-5313,IN_REVIEW,2025-10-26 12:49:47,USR-39571
DEVE-5313,DONE,2025-10-27 11:49:47,USR-39571
PROF-5255,TO_DO,2026-05-03 00:01:02,USR-59823
PROF-5255,IN_PROGRESS,2026-05-04 08:01:02,USR-59823
PROF-5255,IN_REVIEW,2026-05-04 22:01:02,USR-59823
PROF-5255,DONE,2026-05-06 12:01:02,USR-59823
PROF-5255,REOPENED,2026-05-07 16:01:02,USR-78951
PROF-5255,IN_PROGRESS,2026-05-08 16:01:02,USR-59823
PROF-5255,DONE,2026-05-09 01:01:02,USR-59823
WIN-8362,TO_DO,2026-01-04 09:02:50,USR-16258
WIN-8362,IN_PROGRESS,2026-01-05 13:02:50,USR-16258
WIN-8362,IN_REVIEW,2026-01-06 19:02:50,USR-16258
WIN-8362,DONE,2026-01-07 00:02:50,USR-16258
LIST-8591,TO_DO,2026-04-26 20:39:16,USR-48829
LIST-8591,IN_PROGRESS,2026-04-28 11:39:16,USR-48829
LIST-8591,IN_REVIEW,2026-04-30 10:39:16,USR-48829
LIST-8591,DONE,2026-04-30 13:39:16,USR-48829
LIST-5254,TO_DO,2026-09-07 23:19:25,USR-84177
LIST-5254,IN_PROGRESS,2026-09-09 06:19:25,USR-84177
LIST-5254,IN_REVIEW,2026-09-11 06:19:25,USR-84177
LIST-5254,DONE,2026-09-11 21:19:25,USR-84177
LIST-5254,REOPENED,2026-09-12 10:19:25,USR-24168
LIST-5254,IN_PROGRESS,2026-09-12 12:19:25,USR-84177
LIST-5254,DONE,2026-09-13 03:19:25,USR-84177
ANIM-3412,TO_DO,2025-12-24 10:22:16,USR-75799
ANIM-3412,IN_PROGRESS,2025-12-25 15:22:16,USR-75799
ANIM-3412,IN_REVIEW,2025-12-27 07:22:16,USR-75799
ANIM-3412,DONE,2025-12-27 16:22:16,USR-75799
THES-7929,TO_DO,2025-10-15 08:44:51,USR-59192
THES-7929,IN_PROGRESS,2025-10-16 04:44:51,USR-59192
THES-7929,IN_REVIEW,2025-10-16 23:44:51,USR-59192
THES-7929,DONE,2025-10-18 12:44:51,USR-59192
CONF-4812,TO_DO,2026-05-25 16:17:30,USR-36090
CONF-4812,IN_PROGRESS,2026-05-27 07:17:30,USR-36090
CONF-4812,IN_REVIEW,2026-05-27 20:17:30,USR-36090
CONF-4812,DONE,2026-05-28 09:17:30,USR-36090
CONF-4812,REOPENED,2026-05-28 12:17:30,USR-41029
CONF-4812,IN_PROGRESS,2026-05-28 18:17:30,USR-36090
CONF-4812,DONE,2026-05-30 00:17:30,USR-36090
CONF-1227,TO_DO,2026-05-15 15:44:37,USR-83874
CONF-1227,IN_PROGRESS,2026-05-17 00:44:37,USR-83874
CONF-1227,IN_REVIEW,2026-05-17 06:44:37,USR-83874
CONF-1227,DONE,2026-05-17 11:44:37,USR-83874
CONF-1227,REOPENED,2026-05-18 16:44:37,USR-72205
CONF-1227,IN_PROGRESS,2026-05-19 10:44:37,USR-83874
CONF-1227,DONE,2026-05-19 15:44:37,USR-83874
THES-8382,TO_DO,2025-11-07 13:15:35,USR-55820
THES-8382,IN_PROGRESS,2025-11-08 03:15:35,USR-55820
THES-8382,IN_REVIEW,2025-11-09 09:15:35,USR-55820
THES-8382,DONE,2025-11-09 13:15:35,USR-55820
DEVE-1539,TO_DO,2026-06-12 14:58:45,USR-62743
DEVE-1539,IN_PROGRESS,2026-06-13 08:58:45,USR-62743
DEVE-1539,IN_REVIEW,2026-06-14 03:58:45,USR-62743
DEVE-1539,DONE,2026-06-15 05:58:45,USR-62743
PROF-2853,TO_DO,2026-06-20 14:56:41,USR-65518
PROF-2853,IN_PROGRESS,2026-06-21 07:56:41,USR-65518
PROF-2853,IN_REVIEW,2026-06-22 20:56:41,USR-65518
PROF-2853,DONE,2026-06-22 22:56:41,USR-65518
PROF-1532,TO_DO,2026-03-18 20:04:05,USR-62855
PROF-1532,IN_PROGRESS,2026-03-20 13:04:05,USR-62855
PROF-1532,IN_REVIEW,2026-03-22 13:04:05,USR-62855
PROF-1532,DONE,2026-03-24 06:04:05,USR-62855
WIN-2781,TO_DO,2025-12-26 17:53:18,USR-15726
WIN-2781,IN_PROGRESS,2025-12-28 02:53:18,USR-15726
WIN-2781,IN_REVIEW,2025-12-28 15:53:18,USR-15726
WIN-2781,DONE,2025-12-30 03:53:18,USR-15726
ANIM-2931,TO_DO,2025-10-29 01:23:45,USR-82529
ANIM-2931,IN_PROGRESS,2025-10-30 06:23:45,USR-82529
ANIM-2931,IN_REVIEW,2025-10-30 11:23:45,USR-82529
ANIM-2931,DONE,2025-10-30 21:23:45,USR-82529
ORGA-8414,TO_DO,2026-02-12 17:19:57,USR-65851
ORGA-8414,IN_PROGRESS,2026-02-14 12:19:57,USR-65851
ORGA-8414,IN_REVIEW,2026-02-15 09:19:57,USR-65851
ORGA-8414,DONE,2026-02-16 09:19:57,USR-65851
CONF-9015,TO_DO,2025-10-16 15:53:18,USR-84228
CONF-9015,IN_PROGRESS,2025-10-18 01:53:18,USR-84228
CONF-9015,IN_REVIEW,2025-10-19 13:53:18,USR-84228
CONF-9015,DONE,2025-10-20 18:53:18,USR-84228
DEVE-7859,TO_DO,2026-09-13 23:53:09,USR-77621
DEVE-7859,IN_PROGRESS,2026-09-14 01:53:09,USR-77621
DEVE-7859,IN_REVIEW,2026-09-15 21:53:09,USR-77621
DEVE-7859,DONE,2026-09-17 20:53:09,USR-77621
CONF-3814,TO_DO,2025-10-09 08:48:56,USR-96511
CONF-3814,IN_PROGRESS,2025-10-10 01:48:56,USR-96511
CONF-3814,IN_REVIEW,2025-10-11 18:48:56,USR-96511
CONF-3814,DONE,2025-10-11 22:48:56,USR-96511
CHOI-9883,TO_DO,2026-03-26 00:35:51,USR-74260
CHOI-9883,IN_PROGRESS,2026-03-26 17:35:51,USR-74260
CHOI-9883,IN_REVIEW,2026-03-27 08:35:51,USR-74260
CHOI-9883,DONE,2026-03-27 21:35:51,USR-74260
ANIM-5008,TO_DO,2025-10-22 11:35:44,USR-30374
ANIM-5008,IN_PROGRESS,2025-10-22 16:35:44,USR-30374
ANIM-5008,IN_REVIEW,2025-10-23 01:35:44,USR-30374
ANIM-5008,DONE,2025-10-24 18:35:44,USR-30374
PROF-6531,TO_DO,2026-05-26 12:28:51,USR-59372
PROF-6531,IN_PROGRESS,2026-05-28 03:28:51,USR-59372
PROF-6531,IN_REVIEW,2026-05-29 13:28:51,USR-59372
PROF-6531,DONE,2026-05-31 02:28:51,USR-59372
CHOI-4410,TO_DO,2025-09-28 02:38:33,USR-41147
CHOI-4410,IN_PROGRESS,2025-09-29 05:38:33,USR-41147
CHOI-4410,IN_REVIEW,2025-09-29 17:38:33,USR-41147
CHOI-4410,DONE,2025-10-01 08:38:33,USR-41147
ANIM-1118,TO_DO,2026-06-25 07:16:26,USR-15965
ANIM-1118,IN_PROGRESS,2026-06-25 16:16:26,USR-15965
ANIM-1118,IN_REVIEW,2026-06-26 02:16:26,USR-15965
ANIM-1118,DONE,2026-06-26 21:16:26,USR-15965
THES-3649,TO_DO,2026-06-07 21:48:55,USR-55236
THES-3649,IN_PROGRESS,2026-06-09 13:48:55,USR-55236
THES-3649,IN_REVIEW,2026-06-11 06:48:55,USR-55236
THES-3649,DONE,2026-06-11 16:48:55,USR-55236
THES-3337,TO_DO,2026-09-15 01:57:20,USR-67132
THES-3337,IN_PROGRESS,2026-09-16 16:57:20,USR-67132
THES-3337,IN_REVIEW,2026-09-17 17:57:20,USR-67132
THES-3337,DONE,2026-09-18 12:57:20,USR-67132
THES-1243,TO_DO,2026-04-04 00:48:39,USR-24573
THES-1243,IN_PROGRESS,2026-04-05 06:48:39,USR-24573
THES-1243,IN_REVIEW,2026-04-06 05:48:39,USR-24573
THES-1243,DONE,2026-04-07 22:48:39,USR-24573
CONF-3169,TO_DO,2025-10-25 13:27:39,USR-20322
CONF-3169,IN_PROGRESS,2025-10-26 05:27:39,USR-20322
CONF-3169,IN_REVIEW,2025-10-28 05:27:39,USR-20322
CONF-3169,DONE,2025-10-29 08:27:39,USR-20322
ORGA-5490,TO_DO,2026-06-23 14:48:30,USR-39041
ORGA-5490,IN_PROGRESS,2026-06-23 22:48:30,USR-39041
ORGA-5490,IN_REVIEW,2026-06-24 09:48:30,USR-39041
ORGA-5490,DONE,2026-06-26 07:48:30,USR-39041
CONF-7975,TO_DO,2026-01-17 04:05:35,USR-29142
CONF-7975,IN_PROGRESS,2026-01-17 16:05:35,USR-29142
CONF-7975,IN_REVIEW,2026-01-19 12:05:35,USR-29142
CONF-7975,DONE,2026-01-21 00:05:35,USR-29142
CONF-7975,REOPENED,2026-01-21 19:05:35,USR-35048
CONF-7975,IN_PROGRESS,2026-01-22 06:05:35,USR-29142
CONF-7975,DONE,2026-01-22 18:05:35,USR-29142
CHOI-2000,TO_DO,2026-04-05 13:00:36,USR-34931
CHOI-2000,IN_PROGRESS,2026-04-06 13:00:36,USR-34931
CHOI-2000,IN_REVIEW,2026-04-06 15:00:36,USR-34931
CHOI-2000,DONE,2026-04-07 13:00:36,USR-34931
CHOI-4438,TO_DO,2025-10-25 05:55:06,USR-56438
CHOI-4438,IN_PROGRESS,2025-10-27 01:55:06,USR-56438
CHOI-4438,IN_REVIEW,2025-10-27 06:55:06,USR-56438
CHOI-4438,DONE,2025-10-28 17:55:06,USR-56438
TERM-8552,TO_DO,2025-12-07 07:30:15,USR-14705
TERM-8552,IN_PROGRESS,2025-12-07 17:30:15,USR-14705
TERM-8552,IN_REVIEW,2025-12-08 04:30:15,USR-14705
TERM-8552,DONE,2025-12-08 11:30:15,USR-14705
LIST-4870,TO_DO,2025-10-24 00:42:09,USR-92991
LIST-4870,IN_PROGRESS,2025-10-24 09:42:09,USR-92991
LIST-4870,IN_REVIEW,2025-10-26 00:42:09,USR-92991
LIST-4870,DONE,2025-10-26 13:42:09,USR-92991
CHOI-9892,TO_DO,2026-09-09 12:55:39,USR-73242
CHOI-9892,IN_PROGRESS,2026-09-10 02:55:39,USR-73242
CHOI-9892,IN_REVIEW,2026-09-10 17:55:39,USR-73242
CHOI-9892,DONE,2026-09-11 10:55:39,USR-73242
CONF-8045,TO_DO,2026-03-06 17:26:36,USR-77811
CONF-8045,IN_PROGRESS,2026-03-08 16:26:36,USR-77811
CONF-8045,IN_REVIEW,2026-03-10 04:26:36,USR-77811
CONF-8045,DONE,2026-03-12 00:26:36,USR-77811
ORGA-5504,TO_DO,2026-05-24 06:39:34,USR-79588
ORGA-5504,IN_PROGRESS,2026-05-25 17:39:34,USR-79588
ORGA-5504,IN_REVIEW,2026-05-27 04:39:34,USR-79588
ORGA-5504,DONE,2026-05-27 18:39:34,USR-79588
ORGA-5504,REOPENED,2026-05-29 06:39:34,USR-54396
ORGA-5504,IN_PROGRESS,2026-05-29 12:39:34,USR-79588
ORGA-5504,DONE,2026-05-30 12:39:34,USR-79588
ORGA-8828,TO_DO,2026-09-20 14:33:40,USR-83385
ORGA-8828,IN_PROGRESS,2026-09-21 22:33:40,USR-83385
ORGA-8828,IN_REVIEW,2026-09-22 08:33:40,USR-83385
ORGA-8828,DONE,2026-09-24 04:33:40,USR-83385
ORGA-8828,REOPENED,2026-09-25 19:33:40,USR-78951
ORGA-8828,IN_PROGRESS,2026-09-26 01:33:40,USR-83385
ORGA-8828,DONE,2026-09-27 04:33:40,USR-83385
CHOI-4550,TO_DO,2025-12-08 04:55:16,USR-33850
CHOI-4550,IN_PROGRESS,2025-12-09 07:55:16,USR-33850
CHOI-4550,IN_REVIEW,2025-12-09 19:55:16,USR-33850
CHOI-4550,DONE,2025-12-11 08:55:16,USR-33850
ANIM-4007,TO_DO,2026-02-27 10:33:27,USR-31012
ANIM-4007,IN_PROGRESS,2026-02-27 22:33:27,USR-31012
ANIM-4007,IN_REVIEW,2026-02-28 19:33:27,USR-31012
ANIM-4007,DONE,2026-03-02 01:33:27,USR-31012
LIST-7736,TO_DO,2026-08-05 05:27:37,USR-20561
LIST-7736,IN_PROGRESS,2026-08-05 17:27:37,USR-20561
LIST-7736,IN_REVIEW,2026-08-06 10:27:37,USR-20561
LIST-7736,DONE,2026-08-07 05:27:37,USR-20561
CHOI-3867,TO_DO,2026-04-17 03:33:04,USR-38221
CHOI-3867,IN_PROGRESS,2026-04-17 15:33:04,USR-38221
CHOI-3867,IN_REVIEW,2026-04-19 13:33:04,USR-38221
CHOI-3867,DONE,2026-04-20 19:33:04,USR-38221
ANIM-7715,TO_DO,2026-05-16 08:15:05,USR-71186
ANIM-7715,IN_PROGRESS,2026-05-16 22:15:05,USR-71186
ANIM-7715,IN_REVIEW,2026-05-17 11:15:05,USR-71186
ANIM-7715,DONE,2026-05-17 17:15:05,USR-71186
CHOI-1644,TO_DO,2025-11-28 21:32:51,USR-37884
CHOI-1644,IN_PROGRESS,2025-11-30 11:32:51,USR-37884
CHOI-1644,IN_REVIEW,2025-12-01 03:32:51,USR-37884
CHOI-1644,DONE,2025-12-01 20:32:51,USR-37884
CHOI-1644,REOPENED,2025-12-02 21:32:51,USR-10726
CHOI-1644,IN_PROGRESS,2025-12-03 04:32:51,USR-37884
CHOI-1644,DONE,2025-12-04 18:32:51,USR-37884
CONF-3910,TO_DO,2025-11-04 09:09:07,USR-60181
CONF-3910,IN_PROGRESS,2025-11-05 11:09:07,USR-60181
CONF-3910,IN_REVIEW,2025-11-05 13:09:07,USR-60181
CONF-3910,DONE,2025-11-07 11:09:07,USR-60181
CONF-3910,REOPENED,2025-11-07 15:09:07,USR-88697
CONF-3910,IN_PROGRESS,2025-11-08 05:09:07,USR-60181
CONF-3910,DONE,2025-11-08 10:09:07,USR-60181
LIST-3352,TO_DO,2026-06-20 12:18:38,USR-14207
LIST-3352,IN_PROGRESS,2026-06-22 09:18:38,USR-14207
LIST-3352,IN_REVIEW,2026-06-23 13:18:38,USR-14207
LIST-3352,DONE,2026-06-23 18:18:38,USR-14207
ORGA-3126,TO_DO,2026-04-28 15:13:55,USR-98916
ORGA-3126,IN_PROGRESS,2026-04-30 05:13:55,USR-98916
ORGA-3126,IN_REVIEW,2026-05-01 03:13:55,USR-98916
ORGA-3126,DONE,2026-05-01 19:13:55,USR-98916
ANIM-4274,TO_DO,2025-11-02 12:36:54,USR-81228
ANIM-4274,IN_PROGRESS,2025-11-04 09:36:54,USR-81228
ANIM-4274,IN_REVIEW,2025-11-04 18:36:54,USR-81228
ANIM-4274,DONE,2025-11-05 09:36:54,USR-81228
ORGA-2878,TO_DO,2026-04-22 16:59:51,USR-58929
ORGA-2878,IN_PROGRESS,2026-04-23 21:59:51,USR-58929
ORGA-2878,IN_REVIEW,2026-04-24 18:59:51,USR-58929
ORGA-2878,DONE,2026-04-25 04:59:51,USR-58929
ORGA-2878,REOPENED,2026-04-25 18:59:51,USR-22672
ORGA-2878,IN_PROGRESS,2026-04-26 17:59:51,USR-58929
ORGA-2878,DONE,2026-04-27 03:59:51,USR-58929
ORGA-6717,TO_DO,2026-04-12 15:27:59,USR-38569
ORGA-6717,IN_PROGRESS,2026-04-13 22:27:59,USR-38569
ORGA-6717,IN_REVIEW,2026-04-15 06:27:59,USR-38569
ORGA-6717,DONE,2026-04-17 02:27:59,USR-38569
LIST-6931,TO_DO,2025-11-19 13:50:46,USR-64602
LIST-6931,IN_PROGRESS,2025-11-20 07:50:46,USR-64602
LIST-6931,IN_REVIEW,2025-11-21 23:50:46,USR-64602
LIST-6931,DONE,2025-11-22 19:50:46,USR-64602
CONF-1737,TO_DO,2025-12-18 22:56:57,USR-30181
CONF-1737,IN_PROGRESS,2025-12-19 06:56:57,USR-30181
CONF-1737,IN_REVIEW,2025-12-20 16:56:57,USR-30181
CONF-1737,DONE,2025-12-22 05:56:57,USR-30181
DEVE-2417,TO_DO,2026-01-13 04:43:46,USR-66244
DEVE-2417,IN_PROGRESS,2026-01-15 02:43:46,USR-66244
DEVE-2417,IN_REVIEW,2026-01-15 15:43:46,USR-66244
DEVE-2417,DONE,2026-01-15 19:43:46,USR-66244
CHOI-4591,TO_DO,2026-02-13 17:10:00,USR-12490
CHOI-4591,IN_PROGRESS,2026-02-14 09:10:00,USR-12490
CHOI-4591,IN_REVIEW,2026-02-15 04:10:00,USR-12490
CHOI-4591,DONE,2026-02-16 04:10:00,USR-12490
WIN-4217,TO_DO,2025-12-16 16:00:54,USR-16868
WIN-4217,IN_PROGRESS,2025-12-17 04:00:54,USR-16868
WIN-4217,IN_REVIEW,2025-12-18 04:00:54,USR-16868
WIN-4217,DONE,2025-12-19 00:00:54,USR-16868
WIN-4692,TO_DO,2026-08-23 23:21:18,USR-94607
WIN-4692,IN_PROGRESS,2026-08-25 21:21:18,USR-94607
WIN-4692,IN_REVIEW,2026-08-27 04:21:18,USR-94607
WIN-4692,DONE,2026-08-27 17:21:18,USR-94607
LIST-8108,TO_DO,2026-06-24 00:43:45,USR-44522
LIST-8108,IN_PROGRESS,2026-06-24 16:43:45,USR-44522
LIST-8108,IN_REVIEW,2026-06-26 02:43:45,USR-44522
LIST-8108,DONE,2026-06-27 01:43:45,USR-44522
WIN-8892,TO_DO,2025-11-16 16:19:13,USR-30257
WIN-8892,IN_PROGRESS,2025-11-17 14:19:13,USR-30257
WIN-8892,IN_REVIEW,2025-11-19 05:19:13,USR-30257
WIN-8892,DONE,2025-11-20 21:19:13,USR-30257
DEVE-4610,TO_DO,2026-02-07 17:00:07,USR-49139
DEVE-4610,IN_PROGRESS,2026-02-09 12:00:07,USR-49139
DEVE-4610,IN_REVIEW,2026-02-11 06:00:07,USR-49139
DEVE-4610,DONE,2026-02-12 10:00:07,USR-49139
CHOI-4639,TO_DO,2025-10-24 12:45:37,USR-27139
CHOI-4639,IN_PROGRESS,2025-10-24 17:45:37,USR-27139
CHOI-4639,IN_REVIEW,2025-10-25 20:45:37,USR-27139
CHOI-4639,DONE,2025-10-27 20:45:37,USR-27139
THES-9883,TO_DO,2026-06-19 01:16:19,USR-75570
THES-9883,IN_PROGRESS,2026-06-20 08:16:19,USR-75570
THES-9883,IN_REVIEW,2026-06-20 18:16:19,USR-75570
THES-9883,DONE,2026-06-22 15:16:19,USR-75570
PROF-7621,TO_DO,2025-11-27 17:45:35,USR-17852
PROF-7621,IN_PROGRESS,2025-11-29 04:45:35,USR-17852
PROF-7621,IN_REVIEW,2025-11-30 05:45:35,USR-17852
PROF-7621,DONE,2025-12-01 16:45:35,USR-17852
CONF-1549,TO_DO,2025-10-22 22:00:57,USR-74923
CONF-1549,IN_PROGRESS,2025-10-23 00:00:57,USR-74923
CONF-1549,IN_REVIEW,2025-10-24 11:00:57,USR-74923
CONF-1549,DONE,2025-10-25 08:00:57,USR-74923
DEVE-8445,TO_DO,2026-02-16 10:19:38,USR-38305
DEVE-8445,IN_PROGRESS,2026-02-17 14:19:38,USR-38305
DEVE-8445,IN_REVIEW,2026-02-18 19:19:38,USR-38305
DEVE-8445,DONE,2026-02-18 23:19:38,USR-38305
DEVE-4733,TO_DO,2026-07-16 10:26:31,USR-13804
DEVE-4733,IN_PROGRESS,2026-07-16 13:26:31,USR-13804
DEVE-4733,IN_REVIEW,2026-07-17 16:26:31,USR-13804
DEVE-4733,DONE,2026-07-19 00:26:31,USR-13804
TERM-4456,TO_DO,2025-10-29 14:37:41,USR-23173
TERM-4456,IN_PROGRESS,2025-10-30 03:37:41,USR-23173
TERM-4456,IN_REVIEW,2025-10-30 16:37:41,USR-23173
TERM-4456,DONE,2025-10-31 20:37:41,USR-23173
TERM-4456,REOPENED,2025-11-02 00:37:41,USR-53687
TERM-4456,IN_PROGRESS,2025-11-02 16:37:41,USR-23173
TERM-4456,DONE,2025-11-04 08:37:41,USR-23173
CHOI-2331,TO_DO,2026-06-08 17:15:25,USR-48680
CHOI-2331,IN_PROGRESS,2026-06-09 16:15:25,USR-48680
CHOI-2331,IN_REVIEW,2026-06-10 07:15:25,USR-48680
CHOI-2331,DONE,2026-06-11 17:15:25,USR-48680
CONF-1764,TO_DO,2026-06-19 21:58:43,USR-26334
CONF-1764,IN_PROGRESS,2026-06-21 19:58:43,USR-26334
CONF-1764,IN_REVIEW,2026-06-23 05:58:43,USR-26334
CONF-1764,DONE,2026-06-25 03:58:43,USR-26334
LIST-8890,TO_DO,2026-06-05 07:11:56,USR-41348
LIST-8890,IN_PROGRESS,2026-06-07 03:11:56,USR-41348
LIST-8890,IN_REVIEW,2026-06-08 21:11:56,USR-41348
LIST-8890,DONE,2026-06-09 18:11:56,USR-41348
ANIM-3277,TO_DO,2025-11-22 23:27:27,USR-23154
ANIM-3277,IN_PROGRESS,2025-11-24 04:27:27,USR-23154
ANIM-3277,IN_REVIEW,2025-11-26 02:27:27,USR-23154
ANIM-3277,DONE,2025-11-26 08:27:27,USR-23154
ORGA-8254,TO_DO,2026-06-08 03:27:09,USR-26334
ORGA-8254,IN_PROGRESS,2026-06-08 15:27:09,USR-26334
ORGA-8254,IN_REVIEW,2026-06-10 05:27:09,USR-26334
ORGA-8254,DONE,2026-06-12 02:27:09,USR-26334
ORGA-8254,REOPENED,2026-06-12 04:27:09,USR-88385
ORGA-8254,IN_PROGRESS,2026-06-12 20:27:09,USR-26334
ORGA-8254,DONE,2026-06-13 12:27:09,USR-26334
CONF-3905,TO_DO,2026-04-22 06:01:36,USR-58623
CONF-3905,IN_PROGRESS,2026-04-22 18:01:36,USR-58623
CONF-3905,IN_REVIEW,2026-04-24 03:01:36,USR-58623
CONF-3905,DONE,2026-04-24 12:01:36,USR-58623
ANIM-7859,TO_DO,2026-07-05 06:07:05,USR-45972
ANIM-7859,IN_PROGRESS,2026-07-05 08:07:05,USR-45972
ANIM-7859,IN_REVIEW,2026-07-06 20:07:05,USR-45972
ANIM-7859,DONE,2026-07-08 01:07:05,USR-45972
CONF-5299,TO_DO,2025-12-21 14:48:42,USR-31465
CONF-5299,IN_PROGRESS,2025-12-23 02:48:42,USR-31465
CONF-5299,IN_REVIEW,2025-12-24 23:48:42,USR-31465
CONF-5299,DONE,2025-12-26 19:48:42,USR-31465
THES-4889,TO_DO,2026-01-14 08:35:15,USR-50685
THES-4889,IN_PROGRESS,2026-01-15 04:35:15,USR-50685
THES-4889,IN_REVIEW,2026-01-16 04:35:15,USR-50685
THES-4889,DONE,2026-01-17 18:35:15,USR-50685
ORGA-8366,TO_DO,2025-12-14 12:16:41,USR-69441
ORGA-8366,IN_PROGRESS,2025-12-15 18:16:41,USR-69441
ORGA-8366,IN_REVIEW,2025-12-16 08:16:41,USR-69441
ORGA-8366,DONE,2025-12-16 10:16:41,USR-69441
ORGA-8366,REOPENED,2025-12-17 11:16:41,USR-35928
ORGA-8366,IN_PROGRESS,2025-12-17 20:16:41,USR-69441
ORGA-8366,DONE,2025-12-19 14:16:41,USR-69441
LIST-3660,TO_DO,2026-08-17 00:18:53,USR-10726
LIST-3660,IN_PROGRESS,2026-08-18 20:18:53,USR-10726
LIST-3660,IN_REVIEW,2026-08-19 13:18:53,USR-10726
LIST-3660,DONE,2026-08-19 18:18:53,USR-10726
ANIM-2234,TO_DO,2026-03-27 06:30:23,USR-11934
ANIM-2234,IN_PROGRESS,2026-03-28 08:30:23,USR-11934
ANIM-2234,IN_REVIEW,2026-03-30 02:30:23,USR-11934
ANIM-2234,DONE,2026-03-31 04:30:23,USR-11934
CHOI-4633,TO_DO,2026-09-09 11:50:56,USR-45972
CHOI-4633,IN_PROGRESS,2026-09-09 19:50:56,USR-45972
CHOI-4633,IN_REVIEW,2026-09-10 21:50:56,USR-45972
CHOI-4633,DONE,2026-09-12 16:50:56,USR-45972
CONF-3325,TO_DO,2025-12-29 02:56:35,USR-27224
CONF-3325,IN_PROGRESS,2025-12-29 06:56:35,USR-27224
CONF-3325,IN_REVIEW,2025-12-29 15:56:35,USR-27224
CONF-3325,DONE,2025-12-30 23:56:35,USR-27224
CONF-3557,TO_DO,2026-04-10 04:58:53,USR-75435
CONF-3557,IN_PROGRESS,2026-04-11 22:58:53,USR-75435
CONF-3557,IN_REVIEW,2026-04-13 10:58:53,USR-75435
CONF-3557,DONE,2026-04-13 14:58:53,USR-75435
THES-8442,TO_DO,2026-02-17 14:43:25,USR-59941
THES-8442,IN_PROGRESS,2026-02-19 09:43:25,USR-59941
THES-8442,IN_REVIEW,2026-02-20 05:43:25,USR-59941
THES-8442,DONE,2026-02-21 02:43:25,USR-59941
WIN-1494,TO_DO,2026-09-21 06:59:51,USR-69890
WIN-1494,IN_PROGRESS,2026-09-22 05:59:51,USR-69890
WIN-1494,IN_REVIEW,2026-09-23 19:59:51,USR-69890
WIN-1494,DONE,2026-09-24 08:59:51,USR-69890
TERM-5515,TO_DO,2026-05-08 12:42:31,USR-74569
TERM-5515,IN_PROGRESS,2026-05-10 12:42:31,USR-74569
TERM-5515,IN_REVIEW,2026-05-12 04:42:31,USR-74569
TERM-5515,DONE,2026-05-13 06:42:31,USR-74569
TERM-5515,REOPENED,2026-05-13 15:42:31,USR-47752
TERM-5515,IN_PROGRESS,2026-05-13 21:42:31,USR-74569
TERM-5515,DONE,2026-05-15 07:42:31,USR-74569
ORGA-7421,TO_DO,2026-01-12 04:51:42,USR-31417
ORGA-7421,IN_PROGRESS,2026-01-13 21:51:42,USR-31417
ORGA-7421,IN_REVIEW,2026-01-14 06:51:42,USR-31417
ORGA-7421,DONE,2026-01-15 13:51:42,USR-31417
ORGA-7421,REOPENED,2026-01-15 18:51:42,USR-88269
ORGA-7421,IN_PROGRESS,2026-01-16 15:51:42,USR-31417
ORGA-7421,DONE,2026-01-17 06:51:42,USR-31417
ORGA-4188,TO_DO,2025-12-06 11:12:27,USR-81582
ORGA-4188,IN_PROGRESS,2025-12-07 13:12:27,USR-81582
ORGA-4188,IN_REVIEW,2025-12-09 07:12:27,USR-81582
ORGA-4188,DONE,2025-12-11 02:12:27,USR-81582
CHOI-6472,TO_DO,2025-12-11 20:01:32,USR-52981
CHOI-6472,IN_PROGRESS,2025-12-12 16:01:32,USR-52981
CHOI-6472,IN_REVIEW,2025-12-14 12:01:32,USR-52981
CHOI-6472,DONE,2025-12-16 08:01:32,USR-52981
CHOI-3659,TO_DO,2026-09-06 01:58:47,USR-37549
CHOI-3659,IN_PROGRESS,2026-09-06 12:58:47,USR-37549
CHOI-3659,IN_REVIEW,2026-09-07 04:58:47,USR-37549
CHOI-3659,DONE,2026-09-08 11:58:47,USR-37549
PROF-1146,TO_DO,2026-03-23 18:33:28,USR-45774
PROF-1146,IN_PROGRESS,2026-03-24 11:33:28,USR-45774
PROF-1146,IN_REVIEW,2026-03-26 04:33:28,USR-45774
PROF-1146,DONE,2026-03-27 06:33:28,USR-45774
TERM-1012,TO_DO,2026-07-07 18:50:58,USR-50888
TERM-1012,IN_PROGRESS,2026-07-07 22:50:58,USR-50888
TERM-1012,IN_REVIEW,2026-07-08 22:50:58,USR-50888
TERM-1012,DONE,2026-07-09 22:50:58,USR-50888
TERM-1012,REOPENED,2026-07-10 14:50:58,USR-47363
TERM-1012,IN_PROGRESS,2026-07-11 13:50:58,USR-50888
TERM-1012,DONE,2026-07-12 20:50:58,USR-50888
CHOI-9212,TO_DO,2025-11-12 15:25:37,USR-83584
CHOI-9212,IN_PROGRESS,2025-11-13 08:25:37,USR-83584
CHOI-9212,IN_REVIEW,2025-11-14 11:25:37,USR-83584
CHOI-9212,DONE,2025-11-16 09:25:37,USR-83584
LIST-9958,TO_DO,2026-01-14 00:21:55,USR-33850
LIST-9958,IN_PROGRESS,2026-01-15 11:21:55,USR-33850
LIST-9958,IN_REVIEW,2026-01-16 12:21:55,USR-33850
LIST-9958,DONE,2026-01-17 07:21:55,USR-33850
LIST-9958,REOPENED,2026-01-19 06:21:55,USR-71524
LIST-9958,IN_PROGRESS,2026-01-19 19:21:55,USR-33850
LIST-9958,DONE,2026-01-21 01:21:55,USR-33850
ANIM-4237,TO_DO,2026-09-13 17:42:55,USR-30181
ANIM-4237,IN_PROGRESS,2026-09-15 09:42:55,USR-30181
ANIM-4237,IN_REVIEW,2026-09-17 02:42:55,USR-30181
ANIM-4237,DONE,2026-09-18 13:42:55,USR-30181
CHOI-2207,TO_DO,2026-06-03 14:07:08,USR-80539
CHOI-2207,IN_PROGRESS,2026-06-04 00:07:08,USR-80539
CHOI-2207,IN_REVIEW,2026-06-04 05:07:08,USR-80539
CHOI-2207,DONE,2026-06-04 23:07:08,USR-80539
CHOI-2207,REOPENED,2026-06-05 12:07:08,USR-14082
CHOI-2207,IN_PROGRESS,2026-06-06 08:07:08,USR-80539
CHOI-2207,DONE,2026-06-07 21:07:08,USR-80539
ORGA-4023,TO_DO,2026-03-05 12:42:47,USR-29340
ORGA-4023,IN_PROGRESS,2026-03-06 15:42:47,USR-29340
ORGA-4023,IN_REVIEW,2026-03-06 21:42:47,USR-29340
ORGA-4023,DONE,2026-03-08 04:42:47,USR-29340
CONF-7687,TO_DO,2026-03-01 09:45:15,USR-33519
CONF-7687,IN_PROGRESS,2026-03-03 05:45:15,USR-33519
CONF-7687,IN_REVIEW,2026-03-03 16:45:15,USR-33519
CONF-7687,DONE,2026-03-05 07:45:15,USR-33519
LIST-5062,TO_DO,2026-09-21 04:16:11,USR-62184
LIST-5062,IN_PROGRESS,2026-09-22 14:16:11,USR-62184
LIST-5062,IN_REVIEW,2026-09-23 21:16:11,USR-62184
LIST-5062,DONE,2026-09-25 20:16:11,USR-62184
TERM-4068,TO_DO,2026-06-09 14:18:18,USR-88561
TERM-4068,IN_PROGRESS,2026-06-11 01:18:18,USR-88561
TERM-4068,IN_REVIEW,2026-06-11 14:18:18,USR-88561
TERM-4068,DONE,2026-06-11 19:18:18,USR-88561
CHOI-5047,TO_DO,2026-06-18 23:14:32,USR-72163
CHOI-5047,IN_PROGRESS,2026-06-19 06:14:32,USR-72163
CHOI-5047,IN_REVIEW,2026-06-19 17:14:32,USR-72163
CHOI-5047,DONE,2026-06-20 03:14:32,USR-72163
CHOI-5047,REOPENED,2026-06-21 06:14:32,USR-10221
CHOI-5047,IN_PROGRESS,2026-06-21 07:14:32,USR-72163
CHOI-5047,DONE,2026-06-21 12:14:32,USR-72163
DEVE-2089,TO_DO,2026-08-21 18:17:18,USR-97562
DEVE-2089,IN_PROGRESS,2026-08-22 05:17:18,USR-97562
DEVE-2089,IN_REVIEW,2026-08-23 22:17:18,USR-97562
DEVE-2089,DONE,2026-08-25 22:17:18,USR-97562
CHOI-4716,TO_DO,2025-11-13 20:58:46,USR-12671
CHOI-4716,IN_PROGRESS,2025-11-14 05:58:46,USR-12671
CHOI-4716,IN_REVIEW,2025-11-14 08:58:46,USR-12671
CHOI-4716,DONE,2025-11-14 23:58:46,USR-12671
CONF-9121,TO_DO,2026-09-14 17:51:06,USR-16895
CONF-9121,IN_PROGRESS,2026-09-16 10:51:06,USR-16895
CONF-9121,IN_REVIEW,2026-09-17 22:51:06,USR-16895
CONF-9121,DONE,2026-09-19 03:51:06,USR-16895
WIN-7287,TO_DO,2026-02-10 06:47:56,USR-34551
WIN-7287,IN_PROGRESS,2026-02-11 05:47:56,USR-34551
WIN-7287,IN_REVIEW,2026-02-12 22:47:56,USR-34551
WIN-7287,DONE,2026-02-14 21:47:56,USR-34551
ANIM-1911,TO_DO,2026-06-04 09:18:54,USR-42951
ANIM-1911,IN_PROGRESS,2026-06-05 14:18:54,USR-42951
ANIM-1911,IN_REVIEW,2026-06-06 19:18:54,USR-42951
ANIM-1911,DONE,2026-06-08 11:18:54,USR-42951
CONF-5276,TO_DO,2025-11-15 14:00:53,USR-33788
CONF-5276,IN_PROGRESS,2025-11-15 18:00:53,USR-33788
CONF-5276,IN_REVIEW,2025-11-17 13:00:53,USR-33788
CONF-5276,DONE,2025-11-18 14:00:53,USR-33788
LIST-3157,TO_DO,2025-12-01 13:36:41,USR-17355
LIST-3157,IN_PROGRESS,2025-12-02 19:36:41,USR-17355
LIST-3157,IN_REVIEW,2025-12-04 12:36:41,USR-17355
LIST-3157,DONE,2025-12-05 16:36:41,USR-17355
THES-9621,TO_DO,2025-12-09 18:32:24,USR-88238
THES-9621,IN_PROGRESS,2025-12-09 20:32:24,USR-88238
THES-9621,IN_REVIEW,2025-12-10 17:32:24,USR-88238
THES-9621,DONE,2025-12-11 10:32:24,USR-88238
TERM-5220,TO_DO,2025-12-22 04:23:10,USR-13761
TERM-5220,IN_PROGRESS,2025-12-24 00:23:10,USR-13761
TERM-5220,IN_REVIEW,2025-12-25 17:23:10,USR-13761
TERM-5220,DONE,2025-12-26 15:23:10,USR-13761
TERM-5220,REOPENED,2025-12-27 18:23:10,USR-82309
TERM-5220,IN_PROGRESS,2025-12-27 22:23:10,USR-13761
TERM-5220,DONE,2025-12-28 02:23:10,USR-13761
DEVE-9129,TO_DO,2025-11-01 12:46:11,USR-98895
DEVE-9129,IN_PROGRESS,2025-11-02 04:46:11,USR-98895
DEVE-9129,IN_REVIEW,2025-11-03 08:46:11,USR-98895
DEVE-9129,DONE,2025-11-03 15:46:11,USR-98895
ANIM-1737,TO_DO,2026-02-25 01:13:21,USR-89635
ANIM-1737,IN_PROGRESS,2026-02-27 01:13:21,USR-89635
ANIM-1737,IN_REVIEW,2026-02-27 07:13:21,USR-89635
ANIM-1737,DONE,2026-02-28 22:13:21,USR-89635
ANIM-1737,REOPENED,2026-03-01 12:13:21,USR-79588
ANIM-1737,IN_PROGRESS,2026-03-02 05:13:21,USR-89635
ANIM-1737,DONE,2026-03-03 15:13:21,USR-89635
PROF-4440,TO_DO,2025-11-14 08:45:18,USR-88697
PROF-4440,IN_PROGRESS,2025-11-15 03:45:18,USR-88697
PROF-4440,IN_REVIEW,2025-11-16 09:45:18,USR-88697
PROF-4440,DONE,2025-11-17 05:45:18,USR-88697
CONF-1001,TO_DO,2026-04-29 22:46:21,USR-73242
CONF-1001,IN_PROGRESS,2026-04-30 08:46:21,USR-73242
CONF-1001,IN_REVIEW,2026-05-01 00:46:21,USR-73242
CONF-1001,DONE,2026-05-01 22:46:21,USR-73242
DEVE-8707,TO_DO,2026-08-26 13:22:57,USR-93748
DEVE-8707,IN_PROGRESS,2026-08-28 11:22:57,USR-93748
DEVE-8707,IN_REVIEW,2026-08-30 00:22:57,USR-93748
DEVE-8707,DONE,2026-08-31 00:22:57,USR-93748
TERM-4914,TO_DO,2026-03-31 18:21:51,USR-58353
TERM-4914,IN_PROGRESS,2026-04-01 18:21:51,USR-58353
TERM-4914,IN_REVIEW,2026-04-02 20:21:51,USR-58353
TERM-4914,DONE,2026-04-03 10:21:51,USR-58353
DEVE-2202,TO_DO,2025-12-20 02:20:50,USR-50492
DEVE-2202,IN_PROGRESS,2025-12-22 02:20:50,USR-50492
DEVE-2202,IN_REVIEW,2025-12-22 10:20:50,USR-50492
DEVE-2202,DONE,2025-12-23 08:20:50,USR-50492
CHOI-5444,TO_DO,2025-11-07 03:51:00,USR-52247
CHOI-5444,IN_PROGRESS,2025-11-08 06:51:00,USR-52247
CHOI-5444,IN_REVIEW,2025-11-08 11:51:00,USR-52247
CHOI-5444,DONE,2025-11-10 06:51:00,USR-52247
TERM-1044,TO_DO,2026-06-20 02:21:43,USR-29442
TERM-1044,IN_PROGRESS,2026-06-20 23:21:43,USR-29442
TERM-1044,IN_REVIEW,2026-06-21 08:21:43,USR-29442
TERM-1044,DONE,2026-06-22 20:21:43,USR-29442
TERM-1044,REOPENED,2026-06-23 15:21:43,USR-30926
TERM-1044,IN_PROGRESS,2026-06-23 16:21:43,USR-29442
TERM-1044,DONE,2026-06-24 11:21:43,USR-29442
CONF-9944,TO_DO,2025-12-17 21:53:46,USR-36144
CONF-9944,IN_PROGRESS,2025-12-18 23:53:46,USR-36144
CONF-9944,IN_REVIEW,2025-12-20 02:53:46,USR-36144
CONF-9944,DONE,2025-12-20 14:53:46,USR-36144
CONF-9944,REOPENED,2025-12-22 14:53:46,USR-65461
CONF-9944,IN_PROGRESS,2025-12-22 16:53:46,USR-36144
CONF-9944,DONE,2025-12-23 11:53:46,USR-36144
LIST-7090,TO_DO,2026-08-03 03:25:10,USR-26011
LIST-7090,IN_PROGRESS,2026-08-04 23:25:10,USR-26011
LIST-7090,IN_REVIEW,2026-08-06 05:25:10,USR-26011
LIST-7090,DONE,2026-08-07 17:25:10,USR-26011
DEVE-3483,TO_DO,2026-04-05 22:19:43,USR-83608
DEVE-3483,IN_PROGRESS,2026-04-06 18:19:43,USR-83608
DEVE-3483,IN_REVIEW,2026-04-08 16:19:43,USR-83608
DEVE-3483,DONE,2026-04-09 21:19:43,USR-83608
CONF-4385,TO_DO,2026-01-23 08:25:35,USR-25906
CONF-4385,IN_PROGRESS,2026-01-23 13:25:35,USR-25906
CONF-4385,IN_REVIEW,2026-01-24 03:25:35,USR-25906
CONF-4385,DONE,2026-01-25 19:25:35,USR-25906
CHOI-5319,TO_DO,2025-12-21 06:52:27,USR-77499
CHOI-5319,IN_PROGRESS,2025-12-22 15:52:27,USR-77499
CHOI-5319,IN_REVIEW,2025-12-22 19:52:27,USR-77499
CHOI-5319,DONE,2025-12-24 05:52:27,USR-77499
CONF-8912,TO_DO,2026-07-03 14:24:51,USR-82264
CONF-8912,IN_PROGRESS,2026-07-05 06:24:51,USR-82264
CONF-8912,IN_REVIEW,2026-07-07 04:24:51,USR-82264
CONF-8912,DONE,2026-07-08 21:24:51,USR-82264
LIST-5622,TO_DO,2025-10-25 04:27:16,USR-14117
LIST-5622,IN_PROGRESS,2025-10-26 06:27:16,USR-14117
LIST-5622,IN_REVIEW,2025-10-27 08:27:16,USR-14117
LIST-5622,DONE,2025-10-27 16:27:16,USR-14117
WIN-9800,TO_DO,2026-07-03 17:04:06,USR-82641
WIN-9800,IN_PROGRESS,2026-07-04 10:04:06,USR-82641
WIN-9800,IN_REVIEW,2026-07-04 23:04:06,USR-82641
WIN-9800,DONE,2026-07-06 19:04:06,USR-82641
THES-7607,TO_DO,2025-10-03 12:13:33,USR-56176
THES-7607,IN_PROGRESS,2025-10-04 10:13:33,USR-56176
THES-7607,IN_REVIEW,2025-10-05 02:13:33,USR-56176
THES-7607,DONE,2025-10-06 18:13:33,USR-56176
THES-7607,REOPENED,2025-10-08 02:13:33,USR-87356
THES-7607,IN_PROGRESS,2025-10-09 00:13:33,USR-56176
THES-7607,DONE,2025-10-09 04:13:33,USR-56176
TERM-8821,TO_DO,2026-02-12 21:08:17,USR-88997
TERM-8821,IN_PROGRESS,2026-02-14 09:08:17,USR-88997
TERM-8821,IN_REVIEW,2026-02-16 06:08:17,USR-88997
TERM-8821,DONE,2026-02-18 03:08:17,USR-88997
PROF-2309,TO_DO,2025-12-01 11:17:36,USR-31992
PROF-2309,IN_PROGRESS,2025-12-03 01:17:36,USR-31992
PROF-2309,IN_REVIEW,2025-12-04 00:17:36,USR-31992
PROF-2309,DONE,2025-12-06 00:17:36,USR-31992
CONF-5461,TO_DO,2026-06-10 21:30:08,USR-70981
CONF-5461,IN_PROGRESS,2026-06-11 10:30:08,USR-70981
CONF-5461,IN_REVIEW,2026-06-12 03:30:08,USR-70981
CONF-5461,DONE,2026-06-13 01:30:08,USR-70981
CONF-7159,TO_DO,2026-07-02 04:27:45,USR-10726
CONF-7159,IN_PROGRESS,2026-07-03 16:27:45,USR-10726
CONF-7159,IN_REVIEW,2026-07-04 13:27:45,USR-10726
CONF-7159,DONE,2026-07-04 16:27:45,USR-10726
WIN-8965,TO_DO,2026-04-18 03:24:13,USR-63841
WIN-8965,IN_PROGRESS,2026-04-18 08:24:13,USR-63841
WIN-8965,IN_REVIEW,2026-04-19 07:24:13,USR-63841
WIN-8965,DONE,2026-04-19 12:24:13,USR-63841
PROF-1680,TO_DO,2025-11-17 03:35:14,USR-88561
PROF-1680,IN_PROGRESS,2025-11-18 22:35:14,USR-88561
PROF-1680,IN_REVIEW,2025-11-19 05:35:14,USR-88561
PROF-1680,DONE,2025-11-21 00:35:14,USR-88561
ORGA-5357,TO_DO,2026-04-22 15:00:50,USR-95841
ORGA-5357,IN_PROGRESS,2026-04-24 06:00:50,USR-95841
ORGA-5357,IN_REVIEW,2026-04-24 10:00:50,USR-95841
ORGA-5357,DONE,2026-04-26 01:00:50,USR-95841
ANIM-1961,TO_DO,2026-06-25 03:06:58,USR-64287
ANIM-1961,IN_PROGRESS,2026-06-26 19:06:58,USR-64287
ANIM-1961,IN_REVIEW,2026-06-27 13:06:58,USR-64287
ANIM-1961,DONE,2026-06-28 12:06:58,USR-64287
PROF-8537,TO_DO,2025-10-08 22:26:16,USR-40771
PROF-8537,IN_PROGRESS,2025-10-10 12:26:16,USR-40771
PROF-8537,IN_REVIEW,2025-10-12 07:26:16,USR-40771
PROF-8537,DONE,2025-10-12 20:26:16,USR-40771
DEVE-1811,TO_DO,2025-10-23 20:07:36,USR-45838
DEVE-1811,IN_PROGRESS,2025-10-25 05:07:36,USR-45838
DEVE-1811,IN_REVIEW,2025-10-26 01:07:36,USR-45838
DEVE-1811,DONE,2025-10-27 21:07:36,USR-45838
CHOI-5478,TO_DO,2026-03-23 01:45:11,USR-28321
CHOI-5478,IN_PROGRESS,2026-03-24 17:45:11,USR-28321
CHOI-5478,IN_REVIEW,2026-03-25 13:45:11,USR-28321
CHOI-5478,DONE,2026-03-27 11:45:11,USR-28321
WIN-4688,TO_DO,2026-02-27 14:18:12,USR-88269
WIN-4688,IN_PROGRESS,2026-03-01 06:18:12,USR-88269
WIN-4688,IN_REVIEW,2026-03-02 08:18:12,USR-88269
WIN-4688,DONE,2026-03-03 08:18:12,USR-88269
WIN-9673,TO_DO,2026-05-15 06:36:08,USR-58623
WIN-9673,IN_PROGRESS,2026-05-15 18:36:08,USR-58623
WIN-9673,IN_REVIEW,2026-05-17 10:36:08,USR-58623
WIN-9673,DONE,2026-05-19 07:36:08,USR-58623
ANIM-3020,TO_DO,2025-10-10 01:26:40,USR-30969
ANIM-3020,IN_PROGRESS,2025-10-10 18:26:40,USR-30969
ANIM-3020,IN_REVIEW,2025-10-11 22:26:40,USR-30969
ANIM-3020,DONE,2025-10-12 06:26:40,USR-30969
ANIM-6072,TO_DO,2026-03-28 13:46:48,USR-40613
ANIM-6072,IN_PROGRESS,2026-03-29 17:46:48,USR-40613
ANIM-6072,IN_REVIEW,2026-03-30 20:46:48,USR-40613
ANIM-6072,DONE,2026-03-30 23:46:48,USR-40613
PROF-6788,TO_DO,2026-03-26 07:11:30,USR-87139
PROF-6788,IN_PROGRESS,2026-03-26 21:11:30,USR-87139
PROF-6788,IN_REVIEW,2026-03-28 18:11:30,USR-87139
PROF-6788,DONE,2026-03-28 20:11:30,USR-87139
TERM-4774,TO_DO,2026-01-29 15:28:30,USR-77568
TERM-4774,IN_PROGRESS,2026-01-30 13:28:30,USR-77568
TERM-4774,IN_REVIEW,2026-01-31 18:28:30,USR-77568
TERM-4774,DONE,2026-01-31 23:28:30,USR-77568
LIST-8209,TO_DO,2025-11-08 17:03:08,USR-40828
LIST-8209,IN_PROGRESS,2025-11-09 10:03:08,USR-40828
LIST-8209,IN_REVIEW,2025-11-11 01:03:08,USR-40828
LIST-8209,DONE,2025-11-11 23:03:08,USR-40828
TERM-5347,TO_DO,2025-12-27 02:51:47,USR-12180
TERM-5347,IN_PROGRESS,2025-12-27 10:51:47,USR-12180
TERM-5347,IN_REVIEW,2025-12-29 07:51:47,USR-12180
TERM-5347,DONE,2025-12-30 05:51:47,USR-12180
TERM-5347,REOPENED,2026-01-01 03:51:47,USR-14278
TERM-5347,IN_PROGRESS,2026-01-01 18:51:47,USR-12180
TERM-5347,DONE,2026-01-03 11:51:47,USR-12180
DEVE-6231,TO_DO,2026-05-02 06:24:30,USR-16868
DEVE-6231,IN_PROGRESS,2026-05-04 00:24:30,USR-16868
DEVE-6231,IN_REVIEW,2026-05-05 14:24:30,USR-16868
DEVE-6231,DONE,2026-05-07 02:24:30,USR-16868
ORGA-5920,TO_DO,2026-07-16 15:48:50,USR-70036
ORGA-5920,IN_PROGRESS,2026-07-18 04:48:50,USR-70036
ORGA-5920,IN_REVIEW,2026-07-18 21:48:50,USR-70036
ORGA-5920,DONE,2026-07-19 11:48:50,USR-70036
CONF-9108,TO_DO,2026-07-29 00:38:02,USR-41925
CONF-9108,IN_PROGRESS,2026-07-30 21:38:02,USR-41925
CONF-9108,IN_REVIEW,2026-08-01 04:38:02,USR-41925
CONF-9108,DONE,2026-08-01 09:38:02,USR-41925
PROF-8835,TO_DO,2026-05-19 07:29:18,USR-80748
PROF-8835,IN_PROGRESS,2026-05-21 02:29:18,USR-80748
PROF-8835,IN_REVIEW,2026-05-21 10:29:18,USR-80748
PROF-8835,DONE,2026-05-23 00:29:18,USR-80748
ANIM-1418,TO_DO,2026-01-09 15:51:39,USR-55293
ANIM-1418,IN_PROGRESS,2026-01-11 13:51:39,USR-55293
ANIM-1418,IN_REVIEW,2026-01-13 12:51:39,USR-55293
ANIM-1418,DONE,2026-01-15 04:51:39,USR-55293
TERM-4484,TO_DO,2025-10-15 11:38:59,USR-65108
TERM-4484,IN_PROGRESS,2025-10-16 00:38:59,USR-65108
TERM-4484,IN_REVIEW,2025-10-17 13:38:59,USR-65108
TERM-4484,DONE,2025-10-17 23:38:59,USR-65108
PROF-3684,TO_DO,2026-07-23 04:34:01,USR-36144
PROF-3684,IN_PROGRESS,2026-07-24 23:34:01,USR-36144
PROF-3684,IN_REVIEW,2026-07-25 12:34:01,USR-36144
PROF-3684,DONE,2026-07-26 06:34:01,USR-36144
TERM-8756,TO_DO,2026-03-18 23:24:13,USR-60639
TERM-8756,IN_PROGRESS,2026-03-19 22:24:13,USR-60639
TERM-8756,IN_REVIEW,2026-03-21 17:24:13,USR-60639
TERM-8756,DONE,2026-03-22 04:24:13,USR-60639
ANIM-4904,TO_DO,2026-03-31 22:35:39,USR-57453
ANIM-4904,IN_PROGRESS,2026-04-02 03:35:39,USR-57453
ANIM-4904,IN_REVIEW,2026-04-03 20:35:39,USR-57453
ANIM-4904,DONE,2026-04-04 10:35:39,USR-57453
ANIM-9458,TO_DO,2026-02-04 16:42:32,USR-32810
ANIM-9458,IN_PROGRESS,2026-02-06 07:42:32,USR-32810
ANIM-9458,IN_REVIEW,2026-02-07 18:42:32,USR-32810
ANIM-9458,DONE,2026-02-08 05:42:32,USR-32810
DEVE-8917,TO_DO,2026-08-22 08:57:56,USR-28202
DEVE-8917,IN_PROGRESS,2026-08-22 18:57:56,USR-28202
DEVE-8917,IN_REVIEW,2026-08-23 20:57:56,USR-28202
DEVE-8917,DONE,2026-08-24 01:57:56,USR-28202
WIN-8150,TO_DO,2025-10-07 13:53:44,USR-89822
WIN-8150,IN_PROGRESS,2025-10-07 16:53:44,USR-89822
WIN-8150,IN_REVIEW,2025-10-07 18:53:44,USR-89822
WIN-8150,DONE,2025-10-09 17:53:44,USR-89822
CHOI-5028,TO_DO,2025-12-15 04:26:00,USR-70332
CHOI-5028,IN_PROGRESS,2025-12-15 14:26:00,USR-70332
CHOI-5028,IN_REVIEW,2025-12-16 23:26:00,USR-70332
CHOI-5028,DONE,2025-12-18 05:26:00,USR-70332
TERM-4577,TO_DO,2026-06-17 01:46:46,USR-17104
TERM-4577,IN_PROGRESS,2026-06-18 04:46:46,USR-17104
TERM-4577,IN_REVIEW,2026-06-19 01:46:46,USR-17104
TERM-4577,DONE,2026-06-21 01:46:46,USR-17104
DEVE-8257,TO_DO,2026-01-06 08:11:24,USR-64548
DEVE-8257,IN_PROGRESS,2026-01-07 07:11:24,USR-64548
DEVE-8257,IN_REVIEW,2026-01-09 00:11:24,USR-64548
DEVE-8257,DONE,2026-01-09 22:11:24,USR-64548
DEVE-8257,REOPENED,2026-01-10 10:11:24,USR-16629
DEVE-8257,IN_PROGRESS,2026-01-11 06:11:24,USR-64548
DEVE-8257,DONE,2026-01-12 18:11:24,USR-64548
CHOI-3216,TO_DO,2026-04-25 10:49:05,USR-28030
CHOI-3216,IN_PROGRESS,2026-04-27 10:49:05,USR-28030
CHOI-3216,IN_REVIEW,2026-04-27 15:49:05,USR-28030
CHOI-3216,DONE,2026-04-28 01:49:05,USR-28030
CHOI-1303,TO_DO,2025-11-18 15:45:14,USR-88561
CHOI-1303,IN_PROGRESS,2025-11-19 22:45:14,USR-88561
CHOI-1303,IN_REVIEW,2025-11-21 02:45:14,USR-88561
CHOI-1303,DONE,2025-11-21 12:45:14,USR-88561
CONF-1039,TO_DO,2025-12-07 01:21:54,USR-77251
CONF-1039,IN_PROGRESS,2025-12-09 00:21:54,USR-77251
CONF-1039,IN_REVIEW,2025-12-10 03:21:54,USR-77251
CONF-1039,DONE,2025-12-10 17:21:54,USR-77251
WIN-7611,TO_DO,2026-05-09 23:27:55,USR-49139
WIN-7611,IN_PROGRESS,2026-05-11 05:27:55,USR-49139
WIN-7611,IN_REVIEW,2026-05-12 00:27:55,USR-49139
WIN-7611,DONE,2026-05-12 22:27:55,USR-49139
TERM-4422,TO_DO,2025-10-09 15:08:36,USR-52237
TERM-4422,IN_PROGRESS,2025-10-11 05:08:36,USR-52237
TERM-4422,IN_REVIEW,2025-10-12 17:08:36,USR-52237
TERM-4422,DONE,2025-10-14 16:08:36,USR-52237
TERM-4422,REOPENED,2025-10-15 11:08:36,USR-95755
TERM-4422,IN_PROGRESS,2025-10-16 07:08:36,USR-52237
TERM-4422,DONE,2025-10-16 15:08:36,USR-52237
CHOI-9291,TO_DO,2026-07-16 11:33:49,USR-68222
CHOI-9291,IN_PROGRESS,2026-07-17 07:33:49,USR-68222
CHOI-9291,IN_REVIEW,2026-07-18 23:33:49,USR-68222
CHOI-9291,DONE,2026-07-20 21:33:49,USR-68222
PROF-3341,TO_DO,2026-01-07 06:36:06,USR-77811
PROF-3341,IN_PROGRESS,2026-01-07 22:36:06,USR-77811
PROF-3341,IN_REVIEW,2026-01-09 13:36:06,USR-77811
PROF-3341,DONE,2026-01-10 07:36:06,USR-77811
THES-3142,TO_DO,2026-08-01 06:41:28,USR-68115
THES-3142,IN_PROGRESS,2026-08-03 02:41:28,USR-68115
THES-3142,IN_REVIEW,2026-08-03 10:41:28,USR-68115
THES-3142,DONE,2026-08-04 09:41:28,USR-68115
THES-3142,REOPENED,2026-08-06 02:41:28,USR-59372
THES-3142,IN_PROGRESS,2026-08-06 12:41:28,USR-68115
THES-3142,DONE,2026-08-08 03:41:28,USR-68115
WIN-4735,TO_DO,2025-12-06 07:18:20,USR-32617
WIN-4735,IN_PROGRESS,2025-12-08 05:18:20,USR-32617
WIN-4735,IN_REVIEW,2025-12-08 17:18:20,USR-32617
WIN-4735,DONE,2025-12-09 03:18:20,USR-32617
CONF-9700,TO_DO,2026-05-27 03:05:37,USR-57920
CONF-9700,IN_PROGRESS,2026-05-28 02:05:37,USR-57920
CONF-9700,IN_REVIEW,2026-05-29 05:05:37,USR-57920
CONF-9700,DONE,2026-05-31 04:05:37,USR-57920
LIST-9055,TO_DO,2025-12-15 07:53:29,USR-89807
LIST-9055,IN_PROGRESS,2025-12-15 22:53:29,USR-89807
LIST-9055,IN_REVIEW,2025-12-17 04:53:29,USR-89807
LIST-9055,DONE,2025-12-18 15:53:29,USR-89807
LIST-9055,REOPENED,2025-12-20 10:53:29,USR-64460
LIST-9055,IN_PROGRESS,2025-12-21 04:53:29,USR-89807
LIST-9055,DONE,2025-12-23 01:53:29,USR-89807
TERM-1947,TO_DO,2026-03-27 20:52:29,USR-24366
TERM-1947,IN_PROGRESS,2026-03-28 22:52:29,USR-24366
TERM-1947,IN_REVIEW,2026-03-30 20:52:29,USR-24366
TERM-1947,DONE,2026-03-31 02:52:29,USR-24366
PROF-5184,TO_DO,2025-10-01 02:25:48,USR-33788
PROF-5184,IN_PROGRESS,2025-10-02 14:25:48,USR-33788
PROF-5184,IN_REVIEW,2025-10-03 09:25:48,USR-33788
PROF-5184,DONE,2025-10-04 12:25:48,USR-33788
WIN-9442,TO_DO,2026-09-10 22:37:11,USR-45054
WIN-9442,IN_PROGRESS,2026-09-11 12:37:11,USR-45054
WIN-9442,IN_REVIEW,2026-09-13 09:37:11,USR-45054
WIN-9442,DONE,2026-09-14 21:37:11,USR-45054
DEVE-8287,TO_DO,2026-09-12 19:58:44,USR-36144
DEVE-8287,IN_PROGRESS,2026-09-14 09:58:44,USR-36144
DEVE-8287,IN_REVIEW,2026-09-14 20:58:44,USR-36144
DEVE-8287,DONE,2026-09-16 00:58:44,USR-36144
ORGA-7566,TO_DO,2026-04-04 07:44:26,USR-81987
ORGA-7566,IN_PROGRESS,2026-04-06 04:44:26,USR-81987
ORGA-7566,IN_REVIEW,2026-04-07 14:44:26,USR-81987
ORGA-7566,DONE,2026-04-08 18:44:26,USR-81987
ORGA-7566,REOPENED,2026-04-09 13:44:26,USR-22704
ORGA-7566,IN_PROGRESS,2026-04-10 00:44:26,USR-81987
ORGA-7566,DONE,2026-04-11 11:44:26,USR-81987
LIST-7530,TO_DO,2025-11-17 03:11:58,USR-39102
LIST-7530,IN_PROGRESS,2025-11-17 21:11:58,USR-39102
LIST-7530,IN_REVIEW,2025-11-19 05:11:58,USR-39102
LIST-7530,DONE,2025-11-20 10:11:58,USR-39102
DEVE-1112,TO_DO,2026-08-03 11:02:00,USR-41300
DEVE-1112,IN_PROGRESS,2026-08-04 22:02:00,USR-41300
DEVE-1112,IN_REVIEW,2026-08-05 08:02:00,USR-41300
DEVE-1112,DONE,2026-08-06 04:02:00,USR-41300
DEVE-1112,REOPENED,2026-08-08 01:02:00,USR-98395
DEVE-1112,IN_PROGRESS,2026-08-08 03:02:00,USR-41300
DEVE-1112,DONE,2026-08-09 05:02:00,USR-41300
THES-7794,TO_DO,2026-01-18 14:33:41,USR-21221
THES-7794,IN_PROGRESS,2026-01-19 11:33:41,USR-21221
THES-7794,IN_REVIEW,2026-01-20 05:33:41,USR-21221
THES-7794,DONE,2026-01-20 11:33:41,USR-21221
CONF-8738,TO_DO,2026-07-04 10:08:53,USR-42018
CONF-8738,IN_PROGRESS,2026-07-05 15:08:53,USR-42018
CONF-8738,IN_REVIEW,2026-07-05 18:08:53,USR-42018
CONF-8738,DONE,2026-07-07 04:08:53,USR-42018
WIN-8699,TO_DO,2026-09-18 04:54:35,USR-33416
WIN-8699,IN_PROGRESS,2026-09-18 08:54:35,USR-33416
WIN-8699,IN_REVIEW,2026-09-20 01:54:35,USR-33416
WIN-8699,DONE,2026-09-20 22:54:35,USR-33416
ANIM-4476,TO_DO,2026-08-27 19:32:18,USR-48469
ANIM-4476,IN_PROGRESS,2026-08-29 19:32:18,USR-48469
ANIM-4476,IN_REVIEW,2026-08-30 00:32:18,USR-48469
ANIM-4476,DONE,2026-08-31 12:32:18,USR-48469
LIST-4659,TO_DO,2026-04-23 10:11:37,USR-16258
LIST-4659,IN_PROGRESS,2026-04-25 06:11:37,USR-16258
LIST-4659,IN_REVIEW,2026-04-26 21:11:37,USR-16258
LIST-4659,DONE,2026-04-26 23:11:37,USR-16258
LIST-4659,REOPENED,2026-04-28 14:11:37,USR-97819
LIST-4659,IN_PROGRESS,2026-04-29 04:11:37,USR-16258
LIST-4659,DONE,2026-05-01 00:11:37,USR-16258
THES-8792,TO_DO,2025-11-26 08:29:22,USR-13396
THES-8792,IN_PROGRESS,2025-11-27 07:29:22,USR-13396
THES-8792,IN_REVIEW,2025-11-27 18:29:22,USR-13396
THES-8792,DONE,2025-11-29 07:29:22,USR-13396
THES-4436,TO_DO,2026-01-14 08:43:03,USR-71261
THES-4436,IN_PROGRESS,2026-01-15 15:43:03,USR-71261
THES-4436,IN_REVIEW,2026-01-16 06:43:03,USR-71261
THES-4436,DONE,2026-01-17 06:43:03,USR-71261
TERM-5901,TO_DO,2025-12-08 19:26:49,USR-39824
TERM-5901,IN_PROGRESS,2025-12-10 09:26:49,USR-39824
TERM-5901,IN_REVIEW,2025-12-11 03:26:49,USR-39824
TERM-5901,DONE,2025-12-13 00:26:49,USR-39824
WIN-9986,TO_DO,2026-03-23 18:28:54,USR-85711
WIN-9986,IN_PROGRESS,2026-03-24 12:28:54,USR-85711
WIN-9986,IN_REVIEW,2026-03-25 07:28:54,USR-85711
WIN-9986,DONE,2026-03-25 18:28:54,USR-85711
WIN-9986,REOPENED,2026-03-27 13:28:54,USR-85156
WIN-9986,IN_PROGRESS,2026-03-27 15:28:54,USR-85711
WIN-9986,DONE,2026-03-28 09:28:54,USR-85711
THES-6796,TO_DO,2026-09-17 19:27:47,USR-50327
THES-6796,IN_PROGRESS,2026-09-17 22:27:47,USR-50327
THES-6796,IN_REVIEW,2026-09-19 05:27:47,USR-50327
THES-6796,DONE,2026-09-19 19:27:47,USR-50327
ANIM-1669,TO_DO,2025-10-10 22:41:09,USR-35430
ANIM-1669,IN_PROGRESS,2025-10-12 10:41:09,USR-35430
ANIM-1669,IN_REVIEW,2025-10-13 15:41:09,USR-35430
ANIM-1669,DONE,2025-10-14 22:41:09,USR-35430
CONF-6985,TO_DO,2026-07-09 11:22:33,USR-51033
CONF-6985,IN_PROGRESS,2026-07-10 06:22:33,USR-51033
CONF-6985,IN_REVIEW,2026-07-12 03:22:33,USR-51033
CONF-6985,DONE,2026-07-13 14:22:33,USR-51033
ANIM-4300,TO_DO,2026-02-24 13:17:47,USR-47363
ANIM-4300,IN_PROGRESS,2026-02-26 08:17:47,USR-47363
ANIM-4300,IN_REVIEW,2026-02-27 19:17:47,USR-47363
ANIM-4300,DONE,2026-02-28 22:17:47,USR-47363
ANIM-4300,REOPENED,2026-03-02 20:17:47,USR-28449
ANIM-4300,IN_PROGRESS,2026-03-03 13:17:47,USR-47363
ANIM-4300,DONE,2026-03-04 10:17:47,USR-47363
THES-7885,TO_DO,2025-11-24 01:30:47,USR-29142
THES-7885,IN_PROGRESS,2025-11-26 01:30:47,USR-29142
THES-7885,IN_REVIEW,2025-11-27 14:30:47,USR-29142
THES-7885,DONE,2025-11-28 16:30:47,USR-29142
CONF-5586,TO_DO,2026-01-06 04:17:26,USR-99006
CONF-5586,IN_PROGRESS,2026-01-07 10:17:26,USR-99006
CONF-5586,IN_REVIEW,2026-01-08 00:17:26,USR-99006
CONF-5586,DONE,2026-01-09 22:17:26,USR-99006
ORGA-7600,TO_DO,2026-01-17 12:40:30,USR-49446
ORGA-7600,IN_PROGRESS,2026-01-17 19:40:30,USR-49446
ORGA-7600,IN_REVIEW,2026-01-19 06:40:30,USR-49446
ORGA-7600,DONE,2026-01-19 13:40:30,USR-49446
LIST-9202,TO_DO,2026-04-08 18:33:03,USR-90173
LIST-9202,IN_PROGRESS,2026-04-09 15:33:03,USR-90173
LIST-9202,IN_REVIEW,2026-04-10 19:33:03,USR-90173
LIST-9202,DONE,2026-04-12 12:33:03,USR-90173
LIST-9202,REOPENED,2026-04-14 01:33:03,USR-69914
LIST-9202,IN_PROGRESS,2026-04-14 20:33:03,USR-90173
LIST-9202,DONE,2026-04-15 01:33:03,USR-90173
ORGA-3502,TO_DO,2026-06-19 05:44:57,USR-33627
ORGA-3502,IN_PROGRESS,2026-06-20 11:44:57,USR-33627
ORGA-3502,IN_REVIEW,2026-06-22 04:44:57,USR-33627
ORGA-3502,DONE,2026-06-23 14:44:57,USR-33627
DEVE-3482,TO_DO,2026-03-20 00:07:19,USR-23173
DEVE-3482,IN_PROGRESS,2026-03-20 22:07:19,USR-23173
DEVE-3482,IN_REVIEW,2026-03-21 17:07:19,USR-23173
DEVE-3482,DONE,2026-03-23 16:07:19,USR-23173
TERM-1911,TO_DO,2026-07-11 18:00:57,USR-80702
TERM-1911,IN_PROGRESS,2026-07-12 00:00:57,USR-80702
TERM-1911,IN_REVIEW,2026-07-13 18:00:57,USR-80702
TERM-1911,DONE,2026-07-15 00:00:57,USR-80702
TERM-6143,TO_DO,2026-09-16 03:32:59,USR-83048
TERM-6143,IN_PROGRESS,2026-09-17 09:32:59,USR-83048
TERM-6143,IN_REVIEW,2026-09-18 00:32:59,USR-83048
TERM-6143,DONE,2026-09-19 07:32:59,USR-83048
THES-6779,TO_DO,2026-05-19 17:47:45,USR-73335
THES-6779,IN_PROGRESS,2026-05-20 18:47:45,USR-73335
THES-6779,IN_REVIEW,2026-05-22 04:47:45,USR-73335
THES-6779,DONE,2026-05-23 20:47:45,USR-73335
ORGA-3746,TO_DO,2026-05-15 01:24:48,USR-65108
ORGA-3746,IN_PROGRESS,2026-05-16 05:24:48,USR-65108
ORGA-3746,IN_REVIEW,2026-05-16 20:24:48,USR-65108
ORGA-3746,DONE,2026-05-18 07:24:48,USR-65108
ANIM-1276,TO_DO,2025-10-13 06:29:48,USR-82063
ANIM-1276,IN_PROGRESS,2025-10-13 19:29:48,USR-82063
ANIM-1276,IN_REVIEW,2025-10-14 04:29:48,USR-82063
ANIM-1276,DONE,2025-10-15 22:29:48,USR-82063
CONF-1456,TO_DO,2025-12-26 06:33:00,USR-15726
CONF-1456,IN_PROGRESS,2025-12-26 17:33:00,USR-15726
CONF-1456,IN_REVIEW,2025-12-28 07:33:00,USR-15726
CONF-1456,DONE,2025-12-30 02:33:00,USR-15726
LIST-7340,TO_DO,2026-01-20 03:42:12,USR-60615
LIST-7340,IN_PROGRESS,2026-01-21 22:42:12,USR-60615
LIST-7340,IN_REVIEW,2026-01-23 07:42:12,USR-60615
LIST-7340,DONE,2026-01-23 09:42:12,USR-60615
ORGA-1600,TO_DO,2026-04-14 16:56:11,USR-87356
ORGA-1600,IN_PROGRESS,2026-04-16 07:56:11,USR-87356
ORGA-1600,IN_REVIEW,2026-04-17 20:56:11,USR-87356
ORGA-1600,DONE,2026-04-18 07:56:11,USR-87356
LIST-4784,TO_DO,2025-12-15 11:10:05,USR-94843
LIST-4784,IN_PROGRESS,2025-12-17 03:10:05,USR-94843
LIST-4784,IN_REVIEW,2025-12-18 10:10:05,USR-94843
LIST-4784,DONE,2025-12-18 14:10:05,USR-94843
WIN-1724,TO_DO,2026-05-07 19:44:44,USR-44737
WIN-1724,IN_PROGRESS,2026-05-09 19:44:44,USR-44737
WIN-1724,IN_REVIEW,2026-05-10 11:44:44,USR-44737
WIN-1724,DONE,2026-05-11 01:44:44,USR-44737
WIN-8308,TO_DO,2026-08-14 19:56:59,USR-74178
WIN-8308,IN_PROGRESS,2026-08-16 15:56:59,USR-74178
WIN-8308,IN_REVIEW,2026-08-17 06:56:59,USR-74178
WIN-8308,DONE,2026-08-17 14:56:59,USR-74178
WIN-8308,REOPENED,2026-08-18 12:56:59,USR-98815
WIN-8308,IN_PROGRESS,2026-08-18 23:56:59,USR-74178
WIN-8308,DONE,2026-08-20 00:56:59,USR-74178
DEVE-6214,TO_DO,2026-09-05 00:51:34,USR-31417
DEVE-6214,IN_PROGRESS,2026-09-06 08:51:34,USR-31417
DEVE-6214,IN_REVIEW,2026-09-08 01:51:34,USR-31417
DEVE-6214,DONE,2026-09-09 17:51:34,USR-31417
PROF-9463,TO_DO,2026-04-23 00:31:25,USR-20735
PROF-9463,IN_PROGRESS,2026-04-24 12:31:25,USR-20735
PROF-9463,IN_REVIEW,2026-04-25 03:31:25,USR-20735
PROF-9463,DONE,2026-04-25 11:31:25,USR-20735
CHOI-2046,TO_DO,2025-10-19 15:47:08,USR-77568
CHOI-2046,IN_PROGRESS,2025-10-20 07:47:08,USR-77568
CHOI-2046,IN_REVIEW,2025-10-22 02:47:08,USR-77568
CHOI-2046,DONE,2025-10-23 00:47:08,USR-77568
PROF-7563,TO_DO,2025-12-04 22:33:55,USR-73653
PROF-7563,IN_PROGRESS,2025-12-06 14:33:55,USR-73653
PROF-7563,IN_REVIEW,2025-12-06 20:33:55,USR-73653
PROF-7563,DONE,2025-12-07 00:33:55,USR-73653
TERM-8378,TO_DO,2026-07-25 06:54:40,USR-65333
TERM-8378,IN_PROGRESS,2026-07-26 06:54:40,USR-65333
TERM-8378,IN_REVIEW,2026-07-27 11:54:40,USR-65333
TERM-8378,DONE,2026-07-28 21:54:40,USR-65333
CHOI-7750,TO_DO,2026-03-15 00:20:43,USR-16265
CHOI-7750,IN_PROGRESS,2026-03-17 00:20:43,USR-16265
CHOI-7750,IN_REVIEW,2026-03-18 05:20:43,USR-16265
CHOI-7750,DONE,2026-03-19 02:20:43,USR-16265
THES-8077,TO_DO,2026-03-15 07:33:44,USR-88696
THES-8077,IN_PROGRESS,2026-03-16 17:33:44,USR-88696
THES-8077,IN_REVIEW,2026-03-18 13:33:44,USR-88696
THES-8077,DONE,2026-03-19 04:33:44,USR-88696
WIN-9162,TO_DO,2025-10-14 14:28:20,USR-75308
WIN-9162,IN_PROGRESS,2025-10-16 10:28:20,USR-75308
WIN-9162,IN_REVIEW,2025-10-17 16:28:20,USR-75308
WIN-9162,DONE,2025-10-18 08:28:20,USR-75308
LIST-7447,TO_DO,2026-04-03 12:44:18,USR-71474
LIST-7447,IN_PROGRESS,2026-04-03 19:44:18,USR-71474
LIST-7447,IN_REVIEW,2026-04-04 18:44:18,USR-71474
LIST-7447,DONE,2026-04-06 07:44:18,USR-71474
CHOI-3681,TO_DO,2026-08-13 11:45:44,USR-72277
CHOI-3681,IN_PROGRESS,2026-08-13 17:45:44,USR-72277
CHOI-3681,IN_REVIEW,2026-08-15 06:45:44,USR-72277
CHOI-3681,DONE,2026-08-16 06:45:44,USR-72277
CHOI-9807,TO_DO,2026-04-14 10:33:13,USR-53583
CHOI-9807,IN_PROGRESS,2026-04-15 07:33:13,USR-53583
CHOI-9807,IN_REVIEW,2026-04-16 03:33:13,USR-53583
CHOI-9807,DONE,2026-04-17 05:33:13,USR-53583
CHOI-7369,TO_DO,2025-10-05 01:47:10,USR-33519
CHOI-7369,IN_PROGRESS,2025-10-05 21:47:10,USR-33519
CHOI-7369,IN_REVIEW,2025-10-07 16:47:10,USR-33519
CHOI-7369,DONE,2025-10-07 23:47:10,USR-33519
TERM-5386,TO_DO,2025-11-28 14:00:25,USR-62855
TERM-5386,IN_PROGRESS,2025-11-28 16:00:25,USR-62855
TERM-5386,IN_REVIEW,2025-11-29 15:00:25,USR-62855
TERM-5386,DONE,2025-11-29 17:00:25,USR-62855
ANIM-2260,TO_DO,2026-01-09 20:38:52,USR-53687
ANIM-2260,IN_PROGRESS,2026-01-10 04:38:52,USR-53687
ANIM-2260,IN_REVIEW,2026-01-10 20:38:52,USR-53687
ANIM-2260,DONE,2026-01-11 17:38:52,USR-53687
TERM-7334,TO_DO,2026-06-21 13:38:06,USR-16863
TERM-7334,IN_PROGRESS,2026-06-23 11:38:06,USR-16863
TERM-7334,IN_REVIEW,2026-06-24 20:38:06,USR-16863
TERM-7334,DONE,2026-06-26 02:38:06,USR-16863
DEVE-3104,TO_DO,2026-05-04 04:40:39,USR-57381
DEVE-3104,IN_PROGRESS,2026-05-04 18:40:39,USR-57381
DEVE-3104,IN_REVIEW,2026-05-04 21:40:39,USR-57381
DEVE-3104,DONE,2026-05-05 08:40:39,USR-57381
WIN-1484,TO_DO,2025-12-04 19:17:38,USR-68138
WIN-1484,IN_PROGRESS,2025-12-06 08:17:38,USR-68138
WIN-1484,IN_REVIEW,2025-12-06 22:17:38,USR-68138
WIN-1484,DONE,2025-12-08 02:17:38,USR-68138
TERM-8531,TO_DO,2025-12-19 05:50:04,USR-69510
TERM-8531,IN_PROGRESS,2025-12-19 15:50:04,USR-69510
TERM-8531,IN_REVIEW,2025-12-20 13:50:04,USR-69510
TERM-8531,DONE,2025-12-21 16:50:04,USR-69510
TERM-8531,REOPENED,2025-12-22 09:50:04,USR-60052
TERM-8531,IN_PROGRESS,2025-12-22 18:50:04,USR-69510
TERM-8531,DONE,2025-12-23 09:50:04,USR-69510
DEVE-3202,TO_DO,2026-07-15 05:32:40,USR-18907
DEVE-3202,IN_PROGRESS,2026-07-16 22:32:40,USR-18907
DEVE-3202,IN_REVIEW,2026-07-18 13:32:40,USR-18907
DEVE-3202,DONE,2026-07-20 01:32:40,USR-18907
THES-4420,TO_DO,2025-10-25 19:57:55,USR-50730
THES-4420,IN_PROGRESS,2025-10-27 12:57:55,USR-50730
THES-4420,IN_REVIEW,2025-10-27 15:57:55,USR-50730
THES-4420,DONE,2025-10-27 23:57:55,USR-50730
TERM-2182,TO_DO,2025-11-25 02:41:19,USR-74251
TERM-2182,IN_PROGRESS,2025-11-25 05:41:19,USR-74251
TERM-2182,IN_REVIEW,2025-11-26 22:41:19,USR-74251
TERM-2182,DONE,2025-11-27 10:41:19,USR-74251
PROF-6741,TO_DO,2026-09-10 13:55:08,USR-27790
PROF-6741,IN_PROGRESS,2026-09-10 23:55:08,USR-27790
PROF-6741,IN_REVIEW,2026-09-12 01:55:08,USR-27790
PROF-6741,DONE,2026-09-12 06:55:08,USR-27790
PROF-6741,REOPENED,2026-09-12 15:55:08,USR-74251
PROF-6741,IN_PROGRESS,2026-09-13 09:55:08,USR-27790
PROF-6741,DONE,2026-09-14 13:55:08,USR-27790
PROF-9021,TO_DO,2026-01-31 07:16:48,USR-67954
PROF-9021,IN_PROGRESS,2026-02-02 02:16:48,USR-67954
PROF-9021,IN_REVIEW,2026-02-03 04:16:48,USR-67954
PROF-9021,DONE,2026-02-04 21:16:48,USR-67954
WIN-6832,TO_DO,2025-11-02 19:50:37,USR-64287
WIN-6832,IN_PROGRESS,2025-11-03 13:50:37,USR-64287
WIN-6832,IN_REVIEW,2025-11-03 20:50:37,USR-64287
WIN-6832,DONE,2025-11-04 17:50:37,USR-64287
DEVE-1431,TO_DO,2026-05-10 23:17:07,USR-12180
DEVE-1431,IN_PROGRESS,2026-05-11 22:17:07,USR-12180
DEVE-1431,IN_REVIEW,2026-05-12 04:17:07,USR-12180
DEVE-1431,DONE,2026-05-14 04:17:07,USR-12180
PROF-5441,TO_DO,2026-06-08 00:07:35,USR-67640
PROF-5441,IN_PROGRESS,2026-06-08 13:07:35,USR-67640
PROF-5441,IN_REVIEW,2026-06-10 01:07:35,USR-67640
PROF-5441,DONE,2026-06-11 13:07:35,USR-67640
CONF-1013,TO_DO,2025-11-11 07:05:58,USR-76162
CONF-1013,IN_PROGRESS,2025-11-12 02:05:58,USR-76162
CONF-1013,IN_REVIEW,2025-11-13 04:05:58,USR-76162
CONF-1013,DONE,2025-11-15 04:05:58,USR-76162
THES-7124,TO_DO,2026-06-22 23:48:38,USR-70036
THES-7124,IN_PROGRESS,2026-06-23 17:48:38,USR-70036
THES-7124,IN_REVIEW,2026-06-25 15:48:38,USR-70036
THES-7124,DONE,2026-06-27 06:48:38,USR-70036
LIST-9471,TO_DO,2026-07-08 04:17:52,USR-97580
LIST-9471,IN_PROGRESS,2026-07-09 00:17:52,USR-97580
LIST-9471,IN_REVIEW,2026-07-09 02:17:52,USR-97580
LIST-9471,DONE,2026-07-10 17:17:52,USR-97580
CHOI-4995,TO_DO,2026-04-22 06:38:18,USR-27892
CHOI-4995,IN_PROGRESS,2026-04-24 04:38:18,USR-27892
CHOI-4995,IN_REVIEW,2026-04-25 15:38:18,USR-27892
CHOI-4995,DONE,2026-04-26 16:38:18,USR-27892
DEVE-1979,TO_DO,2026-01-24 13:51:21,USR-70852
DEVE-1979,IN_PROGRESS,2026-01-26 04:51:21,USR-70852
DEVE-1979,IN_REVIEW,2026-01-26 11:51:21,USR-70852
DEVE-1979,DONE,2026-01-27 09:51:21,USR-70852
DEVE-1979,REOPENED,2026-01-27 16:51:21,USR-18109
DEVE-1979,IN_PROGRESS,2026-01-27 19:51:21,USR-70852
DEVE-1979,DONE,2026-01-28 15:51:21,USR-70852
PROF-8096,TO_DO,2026-07-20 15:36:10,USR-37535
PROF-8096,IN_PROGRESS,2026-07-22 04:36:10,USR-37535
PROF-8096,IN_REVIEW,2026-07-22 10:36:10,USR-37535
PROF-8096,DONE,2026-07-23 23:36:10,USR-37535
THES-1742,TO_DO,2025-11-21 08:52:56,USR-69460
THES-1742,IN_PROGRESS,2025-11-22 07:52:56,USR-69460
THES-1742,IN_REVIEW,2025-11-23 14:52:56,USR-69460
THES-1742,DONE,2025-11-23 19:52:56,USR-69460
LIST-1037,TO_DO,2026-04-29 19:15:57,USR-52981
LIST-1037,IN_PROGRESS,2026-04-30 20:15:57,USR-52981
LIST-1037,IN_REVIEW,2026-05-01 14:15:57,USR-52981
LIST-1037,DONE,2026-05-02 03:15:57,USR-52981
LIST-1037,REOPENED,2026-05-04 02:15:57,USR-30181
LIST-1037,IN_PROGRESS,2026-05-05 02:15:57,USR-52981
LIST-1037,DONE,2026-05-05 18:15:57,USR-52981
DEVE-7623,TO_DO,2026-04-12 15:24:52,USR-55309
DEVE-7623,IN_PROGRESS,2026-04-14 10:24:52,USR-55309
DEVE-7623,IN_REVIEW,2026-04-16 08:24:52,USR-55309
DEVE-7623,DONE,2026-04-17 07:24:52,USR-55309
DEVE-7623,REOPENED,2026-04-19 05:24:52,USR-39831
DEVE-7623,IN_PROGRESS,2026-04-19 06:24:52,USR-55309
DEVE-7623,DONE,2026-04-21 05:24:52,USR-55309
WIN-3262,TO_DO,2026-01-17 04:05:09,USR-38080
WIN-3262,IN_PROGRESS,2026-01-18 07:05:09,USR-38080
WIN-3262,IN_REVIEW,2026-01-19 11:05:09,USR-38080
WIN-3262,DONE,2026-01-20 19:05:09,USR-38080
THES-6161,TO_DO,2026-01-18 17:17:40,USR-98652
THES-6161,IN_PROGRESS,2026-01-19 20:17:40,USR-98652
THES-6161,IN_REVIEW,2026-01-21 01:17:40,USR-98652
THES-6161,DONE,2026-01-21 18:17:40,USR-98652
THES-6161,REOPENED,2026-01-22 09:17:40,USR-37802
THES-6161,IN_PROGRESS,2026-01-23 09:17:40,USR-98652
THES-6161,DONE,2026-01-24 22:17:40,USR-98652
ANIM-3109,TO_DO,2026-01-31 19:23:55,USR-59692
ANIM-3109,IN_PROGRESS,2026-02-01 05:23:55,USR-59692
ANIM-3109,IN_REVIEW,2026-02-01 18:23:55,USR-59692
ANIM-3109,DONE,2026-02-03 14:23:55,USR-59692
ANIM-3109,REOPENED,2026-02-04 03:23:55,USR-61876
ANIM-3109,IN_PROGRESS,2026-02-04 05:23:55,USR-59692
ANIM-3109,DONE,2026-02-05 08:23:55,USR-59692
ORGA-3291,TO_DO,2026-03-24 01:51:27,USR-54089
ORGA-3291,IN_PROGRESS,2026-03-24 07:51:27,USR-54089
ORGA-3291,IN_REVIEW,2026-03-24 16:51:27,USR-54089
ORGA-3291,DONE,2026-03-25 07:51:27,USR-54089
LIST-6025,TO_DO,2025-10-20 17:07:40,USR-71213
LIST-6025,IN_PROGRESS,2025-10-21 06:07:40,USR-71213
LIST-6025,IN_REVIEW,2025-10-22 17:07:40,USR-71213
LIST-6025,DONE,2025-10-23 19:07:40,USR-71213
PROF-3593,TO_DO,2026-01-03 01:37:41,USR-18418
PROF-3593,IN_PROGRESS,2026-01-03 11:37:41,USR-18418
PROF-3593,IN_REVIEW,2026-01-04 02:37:41,USR-18418
PROF-3593,DONE,2026-01-04 23:37:41,USR-18418
LIST-7549,TO_DO,2026-06-12 11:39:06,USR-88697
LIST-7549,IN_PROGRESS,2026-06-13 00:39:06,USR-88697
LIST-7549,IN_REVIEW,2026-06-13 18:39:06,USR-88697
LIST-7549,DONE,2026-06-15 09:39:06,USR-88697
ORGA-8035,TO_DO,2026-04-28 22:56:29,USR-70513
ORGA-8035,IN_PROGRESS,2026-04-29 15:56:29,USR-70513
ORGA-8035,IN_REVIEW,2026-04-30 20:56:29,USR-70513
ORGA-8035,DONE,2026-05-02 03:56:29,USR-70513
TERM-4973,TO_DO,2026-04-29 20:04:17,USR-23022
TERM-4973,IN_PROGRESS,2026-05-01 04:04:17,USR-23022
TERM-4973,IN_REVIEW,2026-05-01 20:04:17,USR-23022
TERM-4973,DONE,2026-05-02 20:04:17,USR-23022
THES-6482,TO_DO,2025-10-01 21:15:01,USR-85821
THES-6482,IN_PROGRESS,2025-10-02 03:15:01,USR-85821
THES-6482,IN_REVIEW,2025-10-02 22:15:01,USR-85821
THES-6482,DONE,2025-10-04 07:15:01,USR-85821
ANIM-7057,TO_DO,2026-02-25 13:13:18,USR-64287
ANIM-7057,IN_PROGRESS,2026-02-26 17:13:18,USR-64287
ANIM-7057,IN_REVIEW,2026-02-27 14:13:18,USR-64287
ANIM-7057,DONE,2026-02-27 22:13:18,USR-64287
TERM-7053,TO_DO,2026-02-12 18:11:24,USR-47431
TERM-7053,IN_PROGRESS,2026-02-14 00:11:24,USR-47431
TERM-7053,IN_REVIEW,2026-02-14 19:11:24,USR-47431
TERM-7053,DONE,2026-02-15 22:11:24,USR-47431
WIN-4822,TO_DO,2026-08-20 23:32:35,USR-70036
WIN-4822,IN_PROGRESS,2026-08-21 09:32:35,USR-70036
WIN-4822,IN_REVIEW,2026-08-23 03:32:35,USR-70036
WIN-4822,DONE,2026-08-24 17:32:35,USR-70036
WIN-5093,TO_DO,2025-10-04 12:26:50,USR-77908
WIN-5093,IN_PROGRESS,2025-10-04 23:26:50,USR-77908
WIN-5093,IN_REVIEW,2025-10-05 20:26:50,USR-77908
WIN-5093,DONE,2025-10-06 04:26:50,USR-77908
TERM-2340,TO_DO,2025-10-09 01:43:34,USR-58353
TERM-2340,IN_PROGRESS,2025-10-09 17:43:34,USR-58353
TERM-2340,IN_REVIEW,2025-10-10 15:43:34,USR-58353
TERM-2340,DONE,2025-10-11 10:43:34,USR-58353
CHOI-7730,TO_DO,2025-10-15 10:21:22,USR-28140
CHOI-7730,IN_PROGRESS,2025-10-16 14:21:22,USR-28140
CHOI-7730,IN_REVIEW,2025-10-16 22:21:22,USR-28140
CHOI-7730,DONE,2025-10-18 01:21:22,USR-28140
LIST-3410,TO_DO,2025-10-13 17:54:30,USR-52622
LIST-3410,IN_PROGRESS,2025-10-15 13:54:30,USR-52622
LIST-3410,IN_REVIEW,2025-10-15 19:54:30,USR-52622
LIST-3410,DONE,2025-10-16 23:54:30,USR-52622
WIN-4679,TO_DO,2026-02-19 06:40:24,USR-36365
WIN-4679,IN_PROGRESS,2026-02-21 04:40:24,USR-36365
WIN-4679,IN_REVIEW,2026-02-22 11:40:24,USR-36365
WIN-4679,DONE,2026-02-22 18:40:24,USR-36365
PROF-1378,TO_DO,2025-11-11 07:34:04,USR-17355
PROF-1378,IN_PROGRESS,2025-11-11 09:34:04,USR-17355
PROF-1378,IN_REVIEW,2025-11-11 17:34:04,USR-17355
PROF-1378,DONE,2025-11-12 12:34:04,USR-17355
CONF-7940,TO_DO,2025-12-05 04:08:56,USR-26011
CONF-7940,IN_PROGRESS,2025-12-06 06:08:56,USR-26011
CONF-7940,IN_REVIEW,2025-12-08 06:08:56,USR-26011
CONF-7940,DONE,2025-12-09 01:08:56,USR-26011
PROF-2930,TO_DO,2025-12-19 14:49:34,USR-72205
PROF-2930,IN_PROGRESS,2025-12-20 11:49:34,USR-72205
PROF-2930,IN_REVIEW,2025-12-21 17:49:34,USR-72205
PROF-2930,DONE,2025-12-22 20:49:34,USR-72205
PROF-2930,REOPENED,2025-12-23 09:49:34,USR-81066
PROF-2930,IN_PROGRESS,2025-12-23 20:49:34,USR-72205
PROF-2930,DONE,2025-12-25 17:49:34,USR-72205
CHOI-3361,TO_DO,2026-04-25 02:50:25,USR-52517
CHOI-3361,IN_PROGRESS,2026-04-26 02:50:25,USR-52517
CHOI-3361,IN_REVIEW,2026-04-27 05:50:25,USR-52517
CHOI-3361,DONE,2026-04-27 20:50:25,USR-52517
CONF-2783,TO_DO,2025-11-03 09:03:03,USR-83638
CONF-2783,IN_PROGRESS,2025-11-03 11:03:03,USR-83638
CONF-2783,IN_REVIEW,2025-11-04 02:03:03,USR-83638
CONF-2783,DONE,2025-11-05 05:03:03,USR-83638
CHOI-9284,TO_DO,2026-02-03 06:35:03,USR-39041
CHOI-9284,IN_PROGRESS,2026-02-05 05:35:03,USR-39041
CHOI-9284,IN_REVIEW,2026-02-06 01:35:03,USR-39041
CHOI-9284,DONE,2026-02-07 15:35:03,USR-39041
THES-7717,TO_DO,2026-02-27 02:35:22,USR-59823
THES-7717,IN_PROGRESS,2026-02-28 01:35:22,USR-59823
THES-7717,IN_REVIEW,2026-02-28 17:35:22,USR-59823
THES-7717,DONE,2026-03-02 09:35:22,USR-59823
DEVE-2718,TO_DO,2026-07-02 10:47:17,USR-15229
DEVE-2718,IN_PROGRESS,2026-07-04 09:47:17,USR-15229
DEVE-2718,IN_REVIEW,2026-07-05 02:47:17,USR-15229
DEVE-2718,DONE,2026-07-06 16:47:17,USR-15229
CHOI-1555,TO_DO,2026-06-03 11:31:48,USR-55309
CHOI-1555,IN_PROGRESS,2026-06-04 19:31:48,USR-55309
CHOI-1555,IN_REVIEW,2026-06-06 15:31:48,USR-55309
CHOI-1555,DONE,2026-06-07 19:31:48,USR-55309
PROF-5483,TO_DO,2026-06-13 14:23:00,USR-55870
PROF-5483,IN_PROGRESS,2026-06-13 21:23:00,USR-55870
PROF-5483,IN_REVIEW,2026-06-15 21:23:00,USR-55870
PROF-5483,DONE,2026-06-16 02:23:00,USR-55870
ORGA-9087,TO_DO,2025-11-10 20:38:05,USR-50306
ORGA-9087,IN_PROGRESS,2025-11-10 22:38:05,USR-50306
ORGA-9087,IN_REVIEW,2025-11-11 18:38:05,USR-50306
ORGA-9087,DONE,2025-11-13 09:38:05,USR-50306
CONF-2360,TO_DO,2025-10-15 06:14:17,USR-38124
CONF-2360,IN_PROGRESS,2025-10-15 17:14:17,USR-38124
CONF-2360,IN_REVIEW,2025-10-17 04:14:17,USR-38124
CONF-2360,DONE,2025-10-18 17:14:17,USR-38124
ORGA-2950,TO_DO,2026-06-01 23:05:28,USR-31417
ORGA-2950,IN_PROGRESS,2026-06-02 16:05:28,USR-31417
ORGA-2950,IN_REVIEW,2026-06-03 12:05:28,USR-31417
ORGA-2950,DONE,2026-06-03 23:05:28,USR-31417
PROF-5224,TO_DO,2026-07-08 07:41:37,USR-82070
PROF-5224,IN_PROGRESS,2026-07-08 12:41:37,USR-82070
PROF-5224,IN_REVIEW,2026-07-09 03:41:37,USR-82070
PROF-5224,DONE,2026-07-10 01:41:37,USR-82070
THES-7970,TO_DO,2026-08-05 21:02:00,USR-28964
THES-7970,IN_PROGRESS,2026-08-06 05:02:00,USR-28964
THES-7970,IN_REVIEW,2026-08-06 20:02:00,USR-28964
THES-7970,DONE,2026-08-08 08:02:00,USR-28964
THES-7970,REOPENED,2026-08-09 10:02:00,USR-33600
THES-7970,IN_PROGRESS,2026-08-09 12:02:00,USR-28964
THES-7970,DONE,2026-08-09 21:02:00,USR-28964
WIN-8873,TO_DO,2025-10-08 16:55:10,USR-45972
WIN-8873,IN_PROGRESS,2025-10-10 15:55:10,USR-45972
WIN-8873,IN_REVIEW,2025-10-10 23:55:10,USR-45972
WIN-8873,DONE,2025-10-12 14:55:10,USR-45972
WIN-8873,REOPENED,2025-10-14 11:55:10,USR-89928
WIN-8873,IN_PROGRESS,2025-10-14 21:55:10,USR-45972
WIN-8873,DONE,2025-10-15 02:55:10,USR-45972
ANIM-5971,TO_DO,2025-12-14 00:27:46,USR-72739
ANIM-5971,IN_PROGRESS,2025-12-14 20:27:46,USR-72739
ANIM-5971,IN_REVIEW,2025-12-15 03:27:46,USR-72739
ANIM-5971,DONE,2025-12-15 12:27:46,USR-72739
LIST-8526,TO_DO,2026-04-14 03:57:36,USR-97580
LIST-8526,IN_PROGRESS,2026-04-14 18:57:36,USR-97580
LIST-8526,IN_REVIEW,2026-04-15 23:57:36,USR-97580
LIST-8526,DONE,2026-04-17 07:57:36,USR-97580
WIN-9042,TO_DO,2025-12-12 04:16:59,USR-30181
WIN-9042,IN_PROGRESS,2025-12-12 11:16:59,USR-30181
WIN-9042,IN_REVIEW,2025-12-12 15:16:59,USR-30181
WIN-9042,DONE,2025-12-14 09:16:59,USR-30181
CHOI-2821,TO_DO,2026-06-19 16:30:40,USR-81066
CHOI-2821,IN_PROGRESS,2026-06-20 01:30:40,USR-81066
CHOI-2821,IN_REVIEW,2026-06-21 01:30:40,USR-81066
CHOI-2821,DONE,2026-06-21 21:30:40,USR-81066
THES-4890,TO_DO,2026-08-15 22:56:51,USR-67954
THES-4890,IN_PROGRESS,2026-08-17 18:56:51,USR-67954
THES-4890,IN_REVIEW,2026-08-18 07:56:51,USR-67954
THES-4890,DONE,2026-08-19 09:56:51,USR-67954
THES-4890,REOPENED,2026-08-19 15:56:51,USR-69473
THES-4890,IN_PROGRESS,2026-08-20 05:56:51,USR-67954
THES-4890,DONE,2026-08-21 20:56:51,USR-67954
CHOI-6642,TO_DO,2025-11-05 08:56:35,USR-41029
CHOI-6642,IN_PROGRESS,2025-11-05 10:56:35,USR-41029
CHOI-6642,IN_REVIEW,2025-11-05 20:56:35,USR-41029
CHOI-6642,DONE,2025-11-07 14:56:35,USR-41029
CHOI-8971,TO_DO,2026-07-09 11:23:40,USR-82070
CHOI-8971,IN_PROGRESS,2026-07-11 10:23:40,USR-82070
CHOI-8971,IN_REVIEW,2026-07-13 03:23:40,USR-82070
CHOI-8971,DONE,2026-07-13 22:23:40,USR-82070
LIST-6880,TO_DO,2025-12-17 11:03:09,USR-18993
LIST-6880,IN_PROGRESS,2025-12-17 14:03:09,USR-18993
LIST-6880,IN_REVIEW,2025-12-18 15:03:09,USR-18993
LIST-6880,DONE,2025-12-18 23:03:09,USR-18993
WIN-8089,TO_DO,2026-09-13 19:30:05,USR-23875
WIN-8089,IN_PROGRESS,2026-09-14 15:30:05,USR-23875
WIN-8089,IN_REVIEW,2026-09-15 02:30:05,USR-23875
WIN-8089,DONE,2026-09-15 15:30:05,USR-23875
THES-8465,TO_DO,2026-05-16 05:49:29,USR-78522
THES-8465,IN_PROGRESS,2026-05-16 23:49:29,USR-78522
THES-8465,IN_REVIEW,2026-05-18 01:49:29,USR-78522
THES-8465,DONE,2026-05-18 03:49:29,USR-78522
DEVE-1701,TO_DO,2025-11-02 21:57:59,USR-19447
DEVE-1701,IN_PROGRESS,2025-11-03 23:57:59,USR-19447
DEVE-1701,IN_REVIEW,2025-11-05 09:57:59,USR-19447
DEVE-1701,DONE,2025-11-07 04:57:59,USR-19447
DEVE-1701,REOPENED,2025-11-08 08:57:59,USR-93584
DEVE-1701,IN_PROGRESS,2025-11-08 14:57:59,USR-19447
DEVE-1701,DONE,2025-11-09 10:57:59,USR-19447
DEVE-9387,TO_DO,2025-12-02 01:01:53,USR-94696
DEVE-9387,IN_PROGRESS,2025-12-03 05:01:53,USR-94696
DEVE-9387,IN_REVIEW,2025-12-04 17:01:53,USR-94696
DEVE-9387,DONE,2025-12-06 09:01:53,USR-94696
CHOI-2643,TO_DO,2026-09-11 20:02:53,USR-19602
CHOI-2643,IN_PROGRESS,2026-09-13 06:02:53,USR-19602
CHOI-2643,IN_REVIEW,2026-09-15 06:02:53,USR-19602
CHOI-2643,DONE,2026-09-15 15:02:53,USR-19602
WIN-3643,TO_DO,2026-06-29 16:07:22,USR-94518
WIN-3643,IN_PROGRESS,2026-06-30 12:07:22,USR-94518
WIN-3643,IN_REVIEW,2026-06-30 14:07:22,USR-94518
WIN-3643,DONE,2026-07-02 02:07:22,USR-94518
WIN-3643,REOPENED,2026-07-02 21:07:22,USR-55745
WIN-3643,IN_PROGRESS,2026-07-03 13:07:22,USR-94518
WIN-3643,DONE,2026-07-04 13:07:22,USR-94518
ANIM-9618,TO_DO,2026-03-17 06:03:36,USR-88301
ANIM-9618,IN_PROGRESS,2026-03-17 13:03:36,USR-88301
ANIM-9618,IN_REVIEW,2026-03-17 17:03:36,USR-88301
ANIM-9618,DONE,2026-03-19 17:03:36,USR-88301
CHOI-8411,TO_DO,2025-12-08 18:33:39,USR-19545
CHOI-8411,IN_PROGRESS,2025-12-09 18:33:39,USR-19545
CHOI-8411,IN_REVIEW,2025-12-11 14:33:39,USR-19545
CHOI-8411,DONE,2025-12-11 17:33:39,USR-19545
PROF-6221,TO_DO,2026-09-21 08:22:20,USR-68529
PROF-6221,IN_PROGRESS,2026-09-22 23:22:20,USR-68529
PROF-6221,IN_REVIEW,2026-09-23 09:22:20,USR-68529
PROF-6221,DONE,2026-09-23 11:22:20,USR-68529
CHOI-2927,TO_DO,2026-04-18 02:01:42,USR-87184
CHOI-2927,IN_PROGRESS,2026-04-19 09:01:42,USR-87184
CHOI-2927,IN_REVIEW,2026-04-20 20:01:42,USR-87184
CHOI-2927,DONE,2026-04-21 13:01:42,USR-87184
ANIM-9854,TO_DO,2026-02-06 15:41:36,USR-47930
ANIM-9854,IN_PROGRESS,2026-02-07 08:41:36,USR-47930
ANIM-9854,IN_REVIEW,2026-02-08 05:41:36,USR-47930
ANIM-9854,DONE,2026-02-08 11:41:36,USR-47930
ANIM-9854,REOPENED,2026-02-10 04:41:36,USR-57576
ANIM-9854,IN_PROGRESS,2026-02-10 15:41:36,USR-47930
ANIM-9854,DONE,2026-02-11 03:41:36,USR-47930
LIST-2566,TO_DO,2026-04-24 04:20:50,USR-38569
LIST-2566,IN_PROGRESS,2026-04-25 00:20:50,USR-38569
LIST-2566,IN_REVIEW,2026-04-27 00:20:50,USR-38569
LIST-2566,DONE,2026-04-28 18:20:50,USR-38569
LIST-1596,TO_DO,2025-10-05 17:53:03,USR-14373
LIST-1596,IN_PROGRESS,2025-10-06 19:53:03,USR-14373
LIST-1596,IN_REVIEW,2025-10-07 11:53:03,USR-14373
LIST-1596,DONE,2025-10-08 11:53:03,USR-14373
LIST-1408,TO_DO,2026-02-17 19:04:49,USR-51505
LIST-1408,IN_PROGRESS,2026-02-18 03:04:49,USR-51505
LIST-1408,IN_REVIEW,2026-02-18 19:04:49,USR-51505
LIST-1408,DONE,2026-02-20 15:04:49,USR-51505
TERM-5105,TO_DO,2025-10-31 16:11:30,USR-68008
TERM-5105,IN_PROGRESS,2025-11-01 14:11:30,USR-68008
TERM-5105,IN_REVIEW,2025-11-02 13:11:30,USR-68008
TERM-5105,DONE,2025-11-04 02:11:30,USR-68008
WIN-9077,TO_DO,2026-06-13 17:34:35,USR-12068
WIN-9077,IN_PROGRESS,2026-06-14 12:34:35,USR-12068
WIN-9077,IN_REVIEW,2026-06-15 01:34:35,USR-12068
WIN-9077,DONE,2026-06-16 15:34:35,USR-12068
ORGA-8043,TO_DO,2026-05-11 22:30:40,USR-21835
ORGA-8043,IN_PROGRESS,2026-05-13 10:30:40,USR-21835
ORGA-8043,IN_REVIEW,2026-05-14 15:30:40,USR-21835
ORGA-8043,DONE,2026-05-14 17:30:40,USR-21835
THES-1794,TO_DO,2026-03-30 03:32:10,USR-19807
THES-1794,IN_PROGRESS,2026-03-31 04:32:10,USR-19807
THES-1794,IN_REVIEW,2026-04-01 10:32:10,USR-19807
THES-1794,DONE,2026-04-01 14:32:10,USR-19807
ORGA-6215,TO_DO,2026-05-07 20:24:31,USR-19287
ORGA-6215,IN_PROGRESS,2026-05-08 17:24:31,USR-19287
ORGA-6215,IN_REVIEW,2026-05-10 08:24:31,USR-19287
ORGA-6215,DONE,2026-05-11 21:24:31,USR-19287
ORGA-6215,REOPENED,2026-05-12 02:24:31,USR-17104
ORGA-6215,IN_PROGRESS,2026-05-12 07:24:31,USR-19287
ORGA-6215,DONE,2026-05-13 09:24:31,USR-19287
PROF-1335,TO_DO,2026-04-10 00:18:33,USR-20350
PROF-1335,IN_PROGRESS,2026-04-11 18:18:33,USR-20350
PROF-1335,IN_REVIEW,2026-04-13 11:18:33,USR-20350
PROF-1335,DONE,2026-04-14 14:18:33,USR-20350
CHOI-5936,TO_DO,2026-07-01 11:30:35,USR-84177
CHOI-5936,IN_PROGRESS,2026-07-02 23:30:35,USR-84177
CHOI-5936,IN_REVIEW,2026-07-03 19:30:35,USR-84177
CHOI-5936,DONE,2026-07-05 16:30:35,USR-84177
PROF-3307,TO_DO,2026-03-02 02:05:02,USR-32810
PROF-3307,IN_PROGRESS,2026-03-02 21:05:02,USR-32810
PROF-3307,IN_REVIEW,2026-03-03 04:05:02,USR-32810
PROF-3307,DONE,2026-03-04 11:05:02,USR-32810
ANIM-6043,TO_DO,2026-05-17 19:10:04,USR-78765
ANIM-6043,IN_PROGRESS,2026-05-19 07:10:04,USR-78765
ANIM-6043,IN_REVIEW,2026-05-20 06:10:04,USR-78765
ANIM-6043,DONE,2026-05-21 04:10:04,USR-78765
ANIM-6043,REOPENED,2026-05-22 11:10:04,USR-63005
ANIM-6043,IN_PROGRESS,2026-05-22 21:10:04,USR-78765
ANIM-6043,DONE,2026-05-24 14:10:04,USR-78765
DEVE-7294,TO_DO,2026-04-26 10:14:24,USR-40539
DEVE-7294,IN_PROGRESS,2026-04-27 11:14:24,USR-40539
DEVE-7294,IN_REVIEW,2026-04-28 17:14:24,USR-40539
DEVE-7294,DONE,2026-04-28 22:14:24,USR-40539
PROF-4631,TO_DO,2026-03-20 20:19:35,USR-18855
PROF-4631,IN_PROGRESS,2026-03-21 09:19:35,USR-18855
PROF-4631,IN_REVIEW,2026-03-22 01:19:35,USR-18855
PROF-4631,DONE,2026-03-22 08:19:35,USR-18855
LIST-3282,TO_DO,2026-05-05 13:42:55,USR-86622
LIST-3282,IN_PROGRESS,2026-05-06 18:42:55,USR-86622
LIST-3282,IN_REVIEW,2026-05-07 21:42:55,USR-86622
LIST-3282,DONE,2026-05-08 10:42:55,USR-86622
CONF-2485,TO_DO,2025-12-31 12:27:12,USR-70981
CONF-2485,IN_PROGRESS,2025-12-31 15:27:12,USR-70981
CONF-2485,IN_REVIEW,2026-01-01 12:27:12,USR-70981
CONF-2485,DONE,2026-01-01 19:27:12,USR-70981
TERM-9873,TO_DO,2025-12-06 12:18:30,USR-51853
TERM-9873,IN_PROGRESS,2025-12-07 01:18:30,USR-51853
TERM-9873,IN_REVIEW,2025-12-08 04:18:30,USR-51853
TERM-9873,DONE,2025-12-09 06:18:30,USR-51853
PROF-8779,TO_DO,2026-01-01 18:58:32,USR-40495
PROF-8779,IN_PROGRESS,2026-01-01 22:58:32,USR-40495
PROF-8779,IN_REVIEW,2026-01-02 13:58:32,USR-40495
PROF-8779,DONE,2026-01-02 22:58:32,USR-40495
CONF-3570,TO_DO,2026-06-19 04:16:05,USR-91205
CONF-3570,IN_PROGRESS,2026-06-20 08:16:05,USR-91205
CONF-3570,IN_REVIEW,2026-06-20 16:16:05,USR-91205
CONF-3570,DONE,2026-06-22 12:16:05,USR-91205
DEVE-2740,TO_DO,2026-09-08 05:21:45,USR-72216
DEVE-2740,IN_PROGRESS,2026-09-09 21:21:45,USR-72216
DEVE-2740,IN_REVIEW,2026-09-11 06:21:45,USR-72216
DEVE-2740,DONE,2026-09-11 13:21:45,USR-72216
DEVE-1033,TO_DO,2025-10-13 14:04:00,USR-70332
DEVE-1033,IN_PROGRESS,2025-10-13 22:04:00,USR-70332
DEVE-1033,IN_REVIEW,2025-10-15 00:04:00,USR-70332
DEVE-1033,DONE,2025-10-15 11:04:00,USR-70332
DEVE-1033,REOPENED,2025-10-16 00:04:00,USR-57400
DEVE-1033,IN_PROGRESS,2025-10-16 11:04:00,USR-70332
DEVE-1033,DONE,2025-10-17 15:04:00,USR-70332
CHOI-9064,TO_DO,2025-09-30 03:44:50,USR-23006
CHOI-9064,IN_PROGRESS,2025-10-01 18:44:50,USR-23006
CHOI-9064,IN_REVIEW,2025-10-03 11:44:50,USR-23006
CHOI-9064,DONE,2025-10-03 22:44:50,USR-23006
CHOI-9064,REOPENED,2025-10-04 14:44:50,USR-68222
CHOI-9064,IN_PROGRESS,2025-10-04 15:44:50,USR-23006
CHOI-9064,DONE,2025-10-05 13:44:50,USR-23006
WIN-4558,TO_DO,2025-11-05 17:31:53,USR-80686
WIN-4558,IN_PROGRESS,2025-11-07 05:31:53,USR-80686
WIN-4558,IN_REVIEW,2025-11-07 11:31:53,USR-80686
WIN-4558,DONE,2025-11-08 07:31:53,USR-80686
WIN-4558,REOPENED,2025-11-09 06:31:53,USR-38683
WIN-4558,IN_PROGRESS,2025-11-09 19:31:53,USR-80686
WIN-4558,DONE,2025-11-10 17:31:53,USR-80686
TERM-5717,TO_DO,2026-05-14 20:16:23,USR-38221
TERM-5717,IN_PROGRESS,2026-05-15 10:16:23,USR-38221
TERM-5717,IN_REVIEW,2026-05-17 07:16:23,USR-38221
TERM-5717,DONE,2026-05-19 00:16:23,USR-38221
THES-2315,TO_DO,2026-01-05 23:12:27,USR-84177
THES-2315,IN_PROGRESS,2026-01-06 04:12:27,USR-84177
THES-2315,IN_REVIEW,2026-01-07 04:12:27,USR-84177
THES-2315,DONE,2026-01-07 17:12:27,USR-84177
TERM-7849,TO_DO,2026-03-22 09:26:28,USR-10205
TERM-7849,IN_PROGRESS,2026-03-23 17:26:28,USR-10205
TERM-7849,IN_REVIEW,2026-03-25 06:26:28,USR-10205
TERM-7849,DONE,2026-03-25 11:26:28,USR-10205
TERM-7849,REOPENED,2026-03-26 15:26:28,USR-93320
TERM-7849,IN_PROGRESS,2026-03-27 13:26:28,USR-10205
TERM-7849,DONE,2026-03-27 21:26:28,USR-10205
CONF-1980,TO_DO,2026-08-15 20:09:19,USR-31174
CONF-1980,IN_PROGRESS,2026-08-17 17:09:19,USR-31174
CONF-1980,IN_REVIEW,2026-08-18 23:09:19,USR-31174
CONF-1980,DONE,2026-08-19 02:09:19,USR-31174
TERM-8005,TO_DO,2025-10-05 04:55:11,USR-51180
TERM-8005,IN_PROGRESS,2025-10-06 16:55:11,USR-51180
TERM-8005,IN_REVIEW,2025-10-07 16:55:11,USR-51180
TERM-8005,DONE,2025-10-09 07:55:11,USR-51180
THES-3261,TO_DO,2026-08-11 16:41:15,USR-43681
THES-3261,IN_PROGRESS,2026-08-12 20:41:15,USR-43681
THES-3261,IN_REVIEW,2026-08-13 12:41:15,USR-43681
THES-3261,DONE,2026-08-14 21:41:15,USR-43681
THES-5686,TO_DO,2026-04-10 15:06:48,USR-87656
THES-5686,IN_PROGRESS,2026-04-11 22:06:48,USR-87656
THES-5686,IN_REVIEW,2026-04-12 21:06:48,USR-87656
THES-5686,DONE,2026-04-13 14:06:48,USR-87656
LIST-3433,TO_DO,2026-07-08 08:09:15,USR-55015
LIST-3433,IN_PROGRESS,2026-07-09 08:09:15,USR-55015
LIST-3433,IN_REVIEW,2026-07-11 00:09:15,USR-55015
LIST-3433,DONE,2026-07-12 20:09:15,USR-55015
LIST-7227,TO_DO,2025-12-26 06:08:50,USR-76562
LIST-7227,IN_PROGRESS,2025-12-27 15:08:50,USR-76562
LIST-7227,IN_REVIEW,2025-12-29 11:08:50,USR-76562
LIST-7227,DONE,2025-12-31 00:08:50,USR-76562
TERM-7762,TO_DO,2026-02-09 12:33:03,USR-93238
TERM-7762,IN_PROGRESS,2026-02-09 20:33:03,USR-93238
TERM-7762,IN_REVIEW,2026-02-10 04:33:03,USR-93238
TERM-7762,DONE,2026-02-10 23:33:03,USR-93238
DEVE-7354,TO_DO,2026-02-27 16:40:41,USR-67595
DEVE-7354,IN_PROGRESS,2026-02-28 22:40:41,USR-67595
DEVE-7354,IN_REVIEW,2026-03-01 14:40:41,USR-67595
DEVE-7354,DONE,2026-03-02 15:40:41,USR-67595
ANIM-8992,TO_DO,2025-10-23 06:46:13,USR-70910
ANIM-8992,IN_PROGRESS,2025-10-24 15:46:13,USR-70910
ANIM-8992,IN_REVIEW,2025-10-25 16:46:13,USR-70910
ANIM-8992,DONE,2025-10-27 13:46:13,USR-70910
WIN-7322,TO_DO,2026-06-07 07:11:49,USR-43082
WIN-7322,IN_PROGRESS,2026-06-08 22:11:49,USR-43082
WIN-7322,IN_REVIEW,2026-06-10 03:11:49,USR-43082
WIN-7322,DONE,2026-06-10 15:11:49,USR-43082
CHOI-5718,TO_DO,2026-04-07 02:01:34,USR-48890
CHOI-5718,IN_PROGRESS,2026-04-08 00:01:34,USR-48890
CHOI-5718,IN_REVIEW,2026-04-08 02:01:34,USR-48890
CHOI-5718,DONE,2026-04-09 06:01:34,USR-48890
ANIM-7861,TO_DO,2025-10-20 01:11:44,USR-62855
ANIM-7861,IN_PROGRESS,2025-10-21 05:11:44,USR-62855
ANIM-7861,IN_REVIEW,2025-10-21 15:11:44,USR-62855
ANIM-7861,DONE,2025-10-22 21:11:44,USR-62855
TERM-3938,TO_DO,2026-05-13 01:26:08,USR-68222
TERM-3938,IN_PROGRESS,2026-05-14 16:26:08,USR-68222
TERM-3938,IN_REVIEW,2026-05-15 07:26:08,USR-68222
TERM-3938,DONE,2026-05-16 01:26:08,USR-68222
CHOI-3268,TO_DO,2025-10-27 06:51:10,USR-82132
CHOI-3268,IN_PROGRESS,2025-10-27 08:51:10,USR-82132
CHOI-3268,IN_REVIEW,2025-10-27 21:51:10,USR-82132
CHOI-3268,DONE,2025-10-28 08:51:10,USR-82132
CHOI-3268,REOPENED,2025-10-28 22:51:10,USR-57453
CHOI-3268,IN_PROGRESS,2025-10-29 08:51:10,USR-82132
CHOI-3268,DONE,2025-10-30 19:51:10,USR-82132
TERM-1102,TO_DO,2025-12-02 21:26:42,USR-24366
TERM-1102,IN_PROGRESS,2025-12-03 22:26:42,USR-24366
TERM-1102,IN_REVIEW,2025-12-04 07:26:42,USR-24366
TERM-1102,DONE,2025-12-05 18:26:42,USR-24366
DEVE-8519,TO_DO,2025-11-04 11:24:31,USR-33028
DEVE-8519,IN_PROGRESS,2025-11-05 17:24:31,USR-33028
DEVE-8519,IN_REVIEW,2025-11-07 06:24:31,USR-33028
DEVE-8519,DONE,2025-11-09 03:24:31,USR-33028
DEVE-8519,REOPENED,2025-11-09 14:24:31,USR-60328
DEVE-8519,IN_PROGRESS,2025-11-09 22:24:31,USR-33028
DEVE-8519,DONE,2025-11-10 14:24:31,USR-33028
TERM-3556,TO_DO,2025-11-24 18:13:27,USR-32871
TERM-3556,IN_PROGRESS,2025-11-26 17:13:27,USR-32871
TERM-3556,IN_REVIEW,2025-11-27 20:13:27,USR-32871
TERM-3556,DONE,2025-11-29 05:13:27,USR-32871
TERM-1192,TO_DO,2026-02-25 18:18:52,USR-38197
TERM-1192,IN_PROGRESS,2026-02-26 23:18:52,USR-38197
TERM-1192,IN_REVIEW,2026-02-27 13:18:52,USR-38197
TERM-1192,DONE,2026-02-27 15:18:52,USR-38197
THES-3266,TO_DO,2026-02-05 14:00:58,USR-27601
THES-3266,IN_PROGRESS,2026-02-06 10:00:58,USR-27601
THES-3266,IN_REVIEW,2026-02-07 20:00:58,USR-27601
THES-3266,DONE,2026-02-08 15:00:58,USR-27601
ORGA-5147,TO_DO,2025-10-01 17:30:42,USR-80804
ORGA-5147,IN_PROGRESS,2025-10-02 23:30:42,USR-80804
ORGA-5147,IN_REVIEW,2025-10-04 20:30:42,USR-80804
ORGA-5147,DONE,2025-10-06 10:30:42,USR-80804
DEVE-9347,TO_DO,2025-12-09 12:58:13,USR-76462
DEVE-9347,IN_PROGRESS,2025-12-11 10:58:13,USR-76462
DEVE-9347,IN_REVIEW,2025-12-12 01:58:13,USR-76462
DEVE-9347,DONE,2025-12-13 03:58:13,USR-76462
WIN-5148,TO_DO,2025-12-15 05:51:57,USR-20646
WIN-5148,IN_PROGRESS,2025-12-16 06:51:57,USR-20646
WIN-5148,IN_REVIEW,2025-12-17 10:51:57,USR-20646
WIN-5148,DONE,2025-12-18 05:51:57,USR-20646
DEVE-2863,TO_DO,2025-11-12 12:39:33,USR-10772
DEVE-2863,IN_PROGRESS,2025-11-14 02:39:33,USR-10772
DEVE-2863,IN_REVIEW,2025-11-14 17:39:33,USR-10772
DEVE-2863,DONE,2025-11-15 18:39:33,USR-10772
DEVE-2268,TO_DO,2026-06-29 15:48:37,USR-31465
DEVE-2268,IN_PROGRESS,2026-07-01 14:48:37,USR-31465
DEVE-2268,IN_REVIEW,2026-07-03 12:48:37,USR-31465
DEVE-2268,DONE,2026-07-05 11:48:37,USR-31465
DEVE-2268,REOPENED,2026-07-07 06:48:37,USR-50135
DEVE-2268,IN_PROGRESS,2026-07-07 08:48:37,USR-31465
DEVE-2268,DONE,2026-07-08 22:48:37,USR-31465
DEVE-4551,TO_DO,2026-08-06 15:21:09,USR-50492
DEVE-4551,IN_PROGRESS,2026-08-07 11:21:09,USR-50492
DEVE-4551,IN_REVIEW,2026-08-08 05:21:09,USR-50492
DEVE-4551,DONE,2026-08-09 23:21:09,USR-50492
DEVE-5617,TO_DO,2025-10-17 20:02:01,USR-33416
DEVE-5617,IN_PROGRESS,2025-10-18 19:02:01,USR-33416
DEVE-5617,IN_REVIEW,2025-10-19 01:02:01,USR-33416
DEVE-5617,DONE,2025-10-20 22:02:01,USR-33416
DEVE-5617,REOPENED,2025-10-21 13:02:01,USR-81810
DEVE-5617,IN_PROGRESS,2025-10-22 00:02:01,USR-33416
DEVE-5617,DONE,2025-10-22 16:02:01,USR-33416
LIST-2688,TO_DO,2026-09-12 09:32:22,USR-52237
LIST-2688,IN_PROGRESS,2026-09-13 19:32:22,USR-52237
LIST-2688,IN_REVIEW,2026-09-14 00:32:22,USR-52237
LIST-2688,DONE,2026-09-14 14:32:22,USR-52237
CONF-1196,TO_DO,2026-02-06 21:18:23,USR-45720
CONF-1196,IN_PROGRESS,2026-02-08 06:18:23,USR-45720
CONF-1196,IN_REVIEW,2026-02-09 12:18:23,USR-45720
CONF-1196,DONE,2026-02-11 01:18:23,USR-45720
CONF-1196,REOPENED,2026-02-11 19:18:23,USR-74451
CONF-1196,IN_PROGRESS,2026-02-11 21:18:23,USR-45720
CONF-1196,DONE,2026-02-12 06:18:23,USR-45720
CONF-1609,TO_DO,2026-07-08 10:40:24,USR-61177
CONF-1609,IN_PROGRESS,2026-07-09 21:40:24,USR-61177
CONF-1609,IN_REVIEW,2026-07-11 19:40:24,USR-61177
CONF-1609,DONE,2026-07-13 08:40:24,USR-61177
PROF-8925,TO_DO,2026-08-02 19:00:52,USR-19287
PROF-8925,IN_PROGRESS,2026-08-04 00:00:52,USR-19287
PROF-8925,IN_REVIEW,2026-08-05 11:00:52,USR-19287
PROF-8925,DONE,2026-08-06 16:00:52,USR-19287
THES-8700,TO_DO,2025-12-23 04:31:28,USR-10336
THES-8700,IN_PROGRESS,2025-12-23 18:31:28,USR-10336
THES-8700,IN_REVIEW,2025-12-25 14:31:28,USR-10336
THES-8700,DONE,2025-12-26 04:31:28,USR-10336
ORGA-2075,TO_DO,2026-07-03 15:23:34,USR-53054
ORGA-2075,IN_PROGRESS,2026-07-04 16:23:34,USR-53054
ORGA-2075,IN_REVIEW,2026-07-05 06:23:34,USR-53054
ORGA-2075,DONE,2026-07-06 00:23:34,USR-53054
LIST-2097,TO_DO,2025-11-09 10:03:38,USR-94659
LIST-2097,IN_PROGRESS,2025-11-10 03:03:38,USR-94659
LIST-2097,IN_REVIEW,2025-11-11 04:03:38,USR-94659
LIST-2097,DONE,2025-11-11 21:03:38,USR-94659
CONF-9342,TO_DO,2026-09-20 02:03:01,USR-49857
CONF-9342,IN_PROGRESS,2026-09-22 00:03:01,USR-49857
CONF-9342,IN_REVIEW,2026-09-23 08:03:01,USR-49857
CONF-9342,DONE,2026-09-24 07:03:01,USR-49857
DEVE-2090,TO_DO,2026-06-27 00:10:57,USR-60678
DEVE-2090,IN_PROGRESS,2026-06-28 16:10:57,USR-60678
DEVE-2090,IN_REVIEW,2026-06-29 07:10:57,USR-60678
DEVE-2090,DONE,2026-06-29 09:10:57,USR-60678
DEVE-3484,TO_DO,2026-07-31 04:49:17,USR-91678
DEVE-3484,IN_PROGRESS,2026-08-01 09:49:17,USR-91678
DEVE-3484,IN_REVIEW,2026-08-03 00:49:17,USR-91678
DEVE-3484,DONE,2026-08-04 13:49:17,USR-91678
PROF-5178,TO_DO,2026-03-23 02:36:28,USR-44687
PROF-5178,IN_PROGRESS,2026-03-23 12:36:28,USR-44687
PROF-5178,IN_REVIEW,2026-03-24 23:36:28,USR-44687
PROF-5178,DONE,2026-03-26 00:36:28,USR-44687
ORGA-2744,TO_DO,2026-05-04 04:40:35,USR-36144
ORGA-2744,IN_PROGRESS,2026-05-05 16:40:35,USR-36144
ORGA-2744,IN_REVIEW,2026-05-07 06:40:35,USR-36144
ORGA-2744,DONE,2026-05-08 14:40:35,USR-36144
DEVE-8482,TO_DO,2025-10-30 05:55:36,USR-69600
DEVE-8482,IN_PROGRESS,2025-10-31 13:55:36,USR-69600
DEVE-8482,IN_REVIEW,2025-11-01 20:55:36,USR-69600
DEVE-8482,DONE,2025-11-02 05:55:36,USR-69600
LIST-5792,TO_DO,2026-09-09 00:50:40,USR-15376
LIST-5792,IN_PROGRESS,2026-09-09 14:50:40,USR-15376
LIST-5792,IN_REVIEW,2026-09-09 16:50:40,USR-15376
LIST-5792,DONE,2026-09-11 08:50:40,USR-15376
LIST-5792,REOPENED,2026-09-11 13:50:40,USR-18907
LIST-5792,IN_PROGRESS,2026-09-11 14:50:40,USR-15376
LIST-5792,DONE,2026-09-12 22:50:40,USR-15376
THES-3399,TO_DO,2025-12-25 10:41:44,USR-19602
THES-3399,IN_PROGRESS,2025-12-27 07:41:44,USR-19602
THES-3399,IN_REVIEW,2025-12-28 03:41:44,USR-19602
THES-3399,DONE,2025-12-29 12:41:44,USR-19602
THES-3399,REOPENED,2025-12-30 03:41:44,USR-67008
THES-3399,IN_PROGRESS,2025-12-31 01:41:44,USR-19602
THES-3399,DONE,2025-12-31 08:41:44,USR-19602
WIN-8920,TO_DO,2025-11-27 04:42:05,USR-57428
WIN-8920,IN_PROGRESS,2025-11-29 03:42:05,USR-57428
WIN-8920,IN_REVIEW,2025-11-30 08:42:05,USR-57428
WIN-8920,DONE,2025-11-30 17:42:05,USR-57428
CONF-8778,TO_DO,2025-12-08 18:11:25,USR-43029
CONF-8778,IN_PROGRESS,2025-12-09 21:11:25,USR-43029
CONF-8778,IN_REVIEW,2025-12-11 04:11:25,USR-43029
CONF-8778,DONE,2025-12-12 08:11:25,USR-43029
CONF-8778,REOPENED,2025-12-13 04:11:25,USR-68028
CONF-8778,IN_PROGRESS,2025-12-13 06:11:25,USR-43029
CONF-8778,DONE,2025-12-15 00:11:25,USR-43029
CONF-7187,TO_DO,2026-07-12 16:22:48,USR-55309
CONF-7187,IN_PROGRESS,2026-07-14 15:22:48,USR-55309
CONF-7187,IN_REVIEW,2026-07-15 16:22:48,USR-55309
CONF-7187,DONE,2026-07-16 03:22:48,USR-55309
CHOI-3267,TO_DO,2025-09-27 17:04:51,USR-92210
CHOI-3267,IN_PROGRESS,2025-09-29 10:04:51,USR-92210
CHOI-3267,IN_REVIEW,2025-09-30 00:04:51,USR-92210
CHOI-3267,DONE,2025-10-01 22:04:51,USR-92210
ANIM-2445,TO_DO,2026-07-12 19:08:34,USR-86556
ANIM-2445,IN_PROGRESS,2026-07-12 22:08:34,USR-86556
ANIM-2445,IN_REVIEW,2026-07-13 23:08:34,USR-86556
ANIM-2445,DONE,2026-07-15 21:08:34,USR-86556
TERM-4985,TO_DO,2026-05-05 13:58:45,USR-73653
TERM-4985,IN_PROGRESS,2026-05-05 22:58:45,USR-73653
TERM-4985,IN_REVIEW,2026-05-06 05:58:45,USR-73653
TERM-4985,DONE,2026-05-07 04:58:45,USR-73653
THES-1718,TO_DO,2026-08-25 07:57:53,USR-17518
THES-1718,IN_PROGRESS,2026-08-25 11:57:53,USR-17518
THES-1718,IN_REVIEW,2026-08-25 21:57:53,USR-17518
THES-1718,DONE,2026-08-27 00:57:53,USR-17518
THES-1718,REOPENED,2026-08-28 00:57:53,USR-98916
THES-1718,IN_PROGRESS,2026-08-28 18:57:53,USR-17518
THES-1718,DONE,2026-08-30 10:57:53,USR-17518
PROF-5286,TO_DO,2025-11-19 20:56:42,USR-42951
PROF-5286,IN_PROGRESS,2025-11-20 12:56:42,USR-42951
PROF-5286,IN_REVIEW,2025-11-21 10:56:42,USR-42951
PROF-5286,DONE,2025-11-22 06:56:42,USR-42951
LIST-4391,TO_DO,2026-07-02 03:36:30,USR-87128
LIST-4391,IN_PROGRESS,2026-07-03 06:36:30,USR-87128
LIST-4391,IN_REVIEW,2026-07-04 14:36:30,USR-87128
LIST-4391,DONE,2026-07-06 04:36:30,USR-87128
CHOI-7298,TO_DO,2026-09-15 06:02:30,USR-96057
CHOI-7298,IN_PROGRESS,2026-09-17 03:02:30,USR-96057
CHOI-7298,IN_REVIEW,2026-09-17 20:02:30,USR-96057
CHOI-7298,DONE,2026-09-18 07:02:30,USR-96057
PROF-2501,TO_DO,2026-05-13 21:03:12,USR-59986
PROF-2501,IN_PROGRESS,2026-05-15 02:03:12,USR-59986
PROF-2501,IN_REVIEW,2026-05-16 03:03:12,USR-59986
PROF-2501,DONE,2026-05-16 14:03:12,USR-59986
ANIM-6085,TO_DO,2025-11-03 06:33:24,USR-81582
ANIM-6085,IN_PROGRESS,2025-11-04 02:33:24,USR-81582
ANIM-6085,IN_REVIEW,2025-11-04 04:33:24,USR-81582
ANIM-6085,DONE,2025-11-04 08:33:24,USR-81582
ANIM-1340,TO_DO,2026-07-18 19:10:26,USR-28131
ANIM-1340,IN_PROGRESS,2026-07-18 22:10:26,USR-28131
ANIM-1340,IN_REVIEW,2026-07-19 20:10:26,USR-28131
ANIM-1340,DONE,2026-07-20 03:10:26,USR-28131
DEVE-6536,TO_DO,2026-02-14 22:13:19,USR-55745
DEVE-6536,IN_PROGRESS,2026-02-16 22:13:19,USR-55745
DEVE-6536,IN_REVIEW,2026-02-17 03:13:19,USR-55745
DEVE-6536,DONE,2026-02-18 22:13:19,USR-55745
PROF-4841,TO_DO,2026-05-08 03:44:17,USR-75410
PROF-4841,IN_PROGRESS,2026-05-08 05:44:17,USR-75410
PROF-4841,IN_REVIEW,2026-05-08 12:44:17,USR-75410
PROF-4841,DONE,2026-05-08 17:44:17,USR-75410
DEVE-1858,TO_DO,2026-04-28 18:00:46,USR-46046
DEVE-1858,IN_PROGRESS,2026-04-29 03:00:46,USR-46046
DEVE-1858,IN_REVIEW,2026-05-01 03:00:46,USR-46046
DEVE-1858,DONE,2026-05-01 05:00:46,USR-46046
LIST-1734,TO_DO,2026-07-22 23:28:40,USR-85821
LIST-1734,IN_PROGRESS,2026-07-23 22:28:40,USR-85821
LIST-1734,IN_REVIEW,2026-07-25 10:28:40,USR-85821
LIST-1734,DONE,2026-07-27 02:28:40,USR-85821
CONF-1828,TO_DO,2026-01-17 04:11:08,USR-28131
CONF-1828,IN_PROGRESS,2026-01-18 08:11:08,USR-28131
CONF-1828,IN_REVIEW,2026-01-19 13:11:08,USR-28131
CONF-1828,DONE,2026-01-19 20:11:08,USR-28131
ORGA-7453,TO_DO,2026-04-21 02:47:13,USR-73783
ORGA-7453,IN_PROGRESS,2026-04-21 12:47:13,USR-73783
ORGA-7453,IN_REVIEW,2026-04-21 22:47:13,USR-73783
ORGA-7453,DONE,2026-04-23 19:47:13,USR-73783
ORGA-9518,TO_DO,2026-09-16 10:01:12,USR-39824
ORGA-9518,IN_PROGRESS,2026-09-17 17:01:12,USR-39824
ORGA-9518,IN_REVIEW,2026-09-17 19:01:12,USR-39824
ORGA-9518,DONE,2026-09-18 19:01:12,USR-39824
ORGA-9518,REOPENED,2026-09-20 18:01:12,USR-68341
ORGA-9518,IN_PROGRESS,2026-09-21 02:01:12,USR-39824
ORGA-9518,DONE,2026-09-21 10:01:12,USR-39824
THES-1595,TO_DO,2025-10-03 16:47:30,USR-68115
THES-1595,IN_PROGRESS,2025-10-03 18:47:30,USR-68115
THES-1595,IN_REVIEW,2025-10-05 11:47:30,USR-68115
THES-1595,DONE,2025-10-06 16:47:30,USR-68115
PROF-8337,TO_DO,2026-07-23 14:22:37,USR-72205
PROF-8337,IN_PROGRESS,2026-07-24 11:22:37,USR-72205
PROF-8337,IN_REVIEW,2026-07-24 21:22:37,USR-72205
PROF-8337,DONE,2026-07-26 17:22:37,USR-72205
CONF-4813,TO_DO,2026-07-29 07:30:18,USR-59377
CONF-4813,IN_PROGRESS,2026-07-30 10:30:18,USR-59377
CONF-4813,IN_REVIEW,2026-07-31 19:30:18,USR-59377
CONF-4813,DONE,2026-08-02 00:30:18,USR-59377
THES-9340,TO_DO,2025-12-03 02:07:16,USR-19666
THES-9340,IN_PROGRESS,2025-12-04 06:07:16,USR-19666
THES-9340,IN_REVIEW,2025-12-04 23:07:16,USR-19666
THES-9340,DONE,2025-12-06 04:07:16,USR-19666
LIST-6857,TO_DO,2026-04-17 19:29:51,USR-15544
LIST-6857,IN_PROGRESS,2026-04-18 08:29:51,USR-15544
LIST-6857,IN_REVIEW,2026-04-19 23:29:51,USR-15544
LIST-6857,DONE,2026-04-20 11:29:51,USR-15544
LIST-6857,REOPENED,2026-04-21 00:29:51,USR-48770
LIST-6857,IN_PROGRESS,2026-04-21 14:29:51,USR-15544
LIST-6857,DONE,2026-04-22 21:29:51,USR-15544
ORGA-8272,TO_DO,2025-12-04 05:02:21,USR-57953
ORGA-8272,IN_PROGRESS,2025-12-05 11:02:21,USR-57953
ORGA-8272,IN_REVIEW,2025-12-07 06:02:21,USR-57953
ORGA-8272,DONE,2025-12-08 09:02:21,USR-57953
ORGA-6322,TO_DO,2026-02-10 04:46:37,USR-34881
ORGA-6322,IN_PROGRESS,2026-02-11 20:46:37,USR-34881
ORGA-6322,IN_REVIEW,2026-02-11 22:46:37,USR-34881
ORGA-6322,DONE,2026-02-13 05:46:37,USR-34881
CONF-4962,TO_DO,2026-02-19 07:00:33,USR-70852
CONF-4962,IN_PROGRESS,2026-02-20 15:00:33,USR-70852
CONF-4962,IN_REVIEW,2026-02-21 23:00:33,USR-70852
CONF-4962,DONE,2026-02-23 06:00:33,USR-70852
ORGA-6287,TO_DO,2025-12-23 02:05:32,USR-85341
ORGA-6287,IN_PROGRESS,2025-12-24 15:05:32,USR-85341
ORGA-6287,IN_REVIEW,2025-12-25 16:05:32,USR-85341
ORGA-6287,DONE,2025-12-27 04:05:32,USR-85341
WIN-1480,TO_DO,2025-11-21 23:51:44,USR-96057
WIN-1480,IN_PROGRESS,2025-11-23 01:51:44,USR-96057
WIN-1480,IN_REVIEW,2025-11-24 00:51:44,USR-96057
WIN-1480,DONE,2025-11-25 08:51:44,USR-96057
CONF-4087,TO_DO,2025-10-31 03:54:36,USR-50173
CONF-4087,IN_PROGRESS,2025-11-01 03:54:36,USR-50173
CONF-4087,IN_REVIEW,2025-11-01 10:54:36,USR-50173
CONF-4087,DONE,2025-11-02 22:54:36,USR-50173
TERM-2315,TO_DO,2026-01-24 23:55:11,USR-13492
TERM-2315,IN_PROGRESS,2026-01-26 18:55:11,USR-13492
TERM-2315,IN_REVIEW,2026-01-27 19:55:11,USR-13492
TERM-2315,DONE,2026-01-27 23:55:11,USR-13492
CONF-4008,TO_DO,2025-11-29 07:36:24,USR-60779
CONF-4008,IN_PROGRESS,2025-11-30 16:36:24,USR-60779
CONF-4008,IN_REVIEW,2025-12-01 16:36:24,USR-60779
CONF-4008,DONE,2025-12-03 10:36:24,USR-60779
DEVE-4816,TO_DO,2025-09-28 09:59:52,USR-19602
DEVE-4816,IN_PROGRESS,2025-09-30 09:59:52,USR-19602
DEVE-4816,IN_REVIEW,2025-09-30 20:59:52,USR-19602
DEVE-4816,DONE,2025-10-01 19:59:52,USR-19602
DEVE-2045,TO_DO,2026-08-25 08:26:50,USR-94562
DEVE-2045,IN_PROGRESS,2026-08-26 22:26:50,USR-94562
DEVE-2045,IN_REVIEW,2026-08-27 01:26:50,USR-94562
DEVE-2045,DONE,2026-08-28 04:26:50,USR-94562
CONF-6646,TO_DO,2026-09-05 04:56:43,USR-93507
CONF-6646,IN_PROGRESS,2026-09-05 13:56:43,USR-93507
CONF-6646,IN_REVIEW,2026-09-07 07:56:43,USR-93507
CONF-6646,DONE,2026-09-08 20:56:43,USR-93507
CONF-6646,REOPENED,2026-09-08 23:56:43,USR-24168
CONF-6646,IN_PROGRESS,2026-09-09 12:56:43,USR-93507
CONF-6646,DONE,2026-09-10 02:56:43,USR-93507
DEVE-1223,TO_DO,2026-08-15 05:35:03,USR-64287
DEVE-1223,IN_PROGRESS,2026-08-15 18:35:03,USR-64287
DEVE-1223,IN_REVIEW,2026-08-16 20:35:03,USR-64287
DEVE-1223,DONE,2026-08-18 15:35:03,USR-64287
ORGA-3275,TO_DO,2025-10-11 02:50:26,USR-65176
ORGA-3275,IN_PROGRESS,2025-10-11 05:50:26,USR-65176
ORGA-3275,IN_REVIEW,2025-10-13 03:50:26,USR-65176
ORGA-3275,DONE,2025-10-14 01:50:26,USR-65176
THES-5539,TO_DO,2025-11-22 11:29:36,USR-23875
THES-5539,IN_PROGRESS,2025-11-23 05:29:36,USR-23875
THES-5539,IN_REVIEW,2025-11-23 10:29:36,USR-23875
THES-5539,DONE,2025-11-25 10:29:36,USR-23875
LIST-9076,TO_DO,2026-01-24 06:18:44,USR-36794
LIST-9076,IN_PROGRESS,2026-01-25 05:18:44,USR-36794
LIST-9076,IN_REVIEW,2026-01-27 05:18:44,USR-36794
LIST-9076,DONE,2026-01-27 11:18:44,USR-36794
ORGA-8030,TO_DO,2026-06-01 09:45:33,USR-49608
ORGA-8030,IN_PROGRESS,2026-06-01 23:45:33,USR-49608
ORGA-8030,IN_REVIEW,2026-06-03 19:45:33,USR-49608
ORGA-8030,DONE,2026-06-04 14:45:33,USR-49608
PROF-5860,TO_DO,2025-10-03 14:52:53,USR-92544
PROF-5860,IN_PROGRESS,2025-10-05 08:52:53,USR-92544
PROF-5860,IN_REVIEW,2025-10-05 20:52:53,USR-92544
PROF-5860,DONE,2025-10-07 00:52:53,USR-92544
PROF-8113,TO_DO,2026-06-29 18:43:14,USR-84177
PROF-8113,IN_PROGRESS,2026-07-01 14:43:14,USR-84177
PROF-8113,IN_REVIEW,2026-07-02 21:43:14,USR-84177
PROF-8113,DONE,2026-07-04 05:43:14,USR-84177
LIST-8716,TO_DO,2025-12-23 11:01:49,USR-17852
LIST-8716,IN_PROGRESS,2025-12-25 04:01:49,USR-17852
LIST-8716,IN_REVIEW,2025-12-26 17:01:49,USR-17852
LIST-8716,DONE,2025-12-27 08:01:49,USR-17852
LIST-8716,REOPENED,2025-12-29 04:01:49,USR-92242
LIST-8716,IN_PROGRESS,2025-12-30 01:01:49,USR-17852
LIST-8716,DONE,2025-12-30 21:01:49,USR-17852
CHOI-4995,TO_DO,2026-04-20 02:08:57,USR-45838
CHOI-4995,IN_PROGRESS,2026-04-20 06:08:57,USR-45838
CHOI-4995,IN_REVIEW,2026-04-21 06:08:57,USR-45838
CHOI-4995,DONE,2026-04-21 09:08:57,USR-45838
CHOI-6228,TO_DO,2026-08-21 18:51:04,USR-99838
CHOI-6228,IN_PROGRESS,2026-08-22 21:51:04,USR-99838
CHOI-6228,IN_REVIEW,2026-08-24 04:51:04,USR-99838
CHOI-6228,DONE,2026-08-24 16:51:04,USR-99838
DEVE-1837,TO_DO,2026-09-02 23:42:38,USR-83385
DEVE-1837,IN_PROGRESS,2026-09-04 05:42:38,USR-83385
DEVE-1837,IN_REVIEW,2026-09-04 21:42:38,USR-83385
DEVE-1837,DONE,2026-09-06 06:42:38,USR-83385
CONF-6156,TO_DO,2025-11-11 22:48:16,USR-41552
CONF-6156,IN_PROGRESS,2025-11-12 15:48:16,USR-41552
CONF-6156,IN_REVIEW,2025-11-14 04:48:16,USR-41552
CONF-6156,DONE,2025-11-14 07:48:16,USR-41552
ORGA-3256,TO_DO,2025-11-21 04:45:53,USR-82132
ORGA-3256,IN_PROGRESS,2025-11-22 01:45:53,USR-82132
ORGA-3256,IN_REVIEW,2025-11-23 00:45:53,USR-82132
ORGA-3256,DONE,2025-11-23 03:45:53,USR-82132
ANIM-2543,TO_DO,2025-10-19 15:28:25,USR-72277
ANIM-2543,IN_PROGRESS,2025-10-21 12:28:25,USR-72277
ANIM-2543,IN_REVIEW,2025-10-23 09:28:25,USR-72277
ANIM-2543,DONE,2025-10-25 06:28:25,USR-72277
PROF-4666,TO_DO,2026-05-14 22:35:38,USR-93584
PROF-4666,IN_PROGRESS,2026-05-15 07:35:38,USR-93584
PROF-4666,IN_REVIEW,2026-05-15 18:35:38,USR-93584
PROF-4666,DONE,2026-05-16 11:35:38,USR-93584
WIN-1478,TO_DO,2026-08-08 19:03:59,USR-58393
WIN-1478,IN_PROGRESS,2026-08-09 13:03:59,USR-58393
WIN-1478,IN_REVIEW,2026-08-10 00:03:59,USR-58393
WIN-1478,DONE,2026-08-11 13:03:59,USR-58393
ORGA-4001,TO_DO,2026-08-12 10:09:41,USR-95477
ORGA-4001,IN_PROGRESS,2026-08-13 02:09:41,USR-95477
ORGA-4001,IN_REVIEW,2026-08-14 13:09:41,USR-95477
ORGA-4001,DONE,2026-08-15 03:09:41,USR-95477
WIN-6710,TO_DO,2025-11-26 08:49:38,USR-79163
WIN-6710,IN_PROGRESS,2025-11-28 00:49:38,USR-79163
WIN-6710,IN_REVIEW,2025-11-29 18:49:38,USR-79163
WIN-6710,DONE,2025-11-30 01:49:38,USR-79163
PROF-6311,TO_DO,2026-06-05 14:34:16,USR-20308
PROF-6311,IN_PROGRESS,2026-06-07 11:34:16,USR-20308
PROF-6311,IN_REVIEW,2026-06-08 03:34:16,USR-20308
PROF-6311,DONE,2026-06-10 01:34:16,USR-20308
PROF-6311,REOPENED,2026-06-11 08:34:16,USR-84177
PROF-6311,IN_PROGRESS,2026-06-12 07:34:16,USR-20308
PROF-6311,DONE,2026-06-12 13:34:16,USR-20308
ORGA-3223,TO_DO,2025-09-30 14:29:39,USR-75410
ORGA-3223,IN_PROGRESS,2025-10-01 20:29:39,USR-75410
ORGA-3223,IN_REVIEW,2025-10-02 14:29:39,USR-75410
ORGA-3223,DONE,2025-10-03 16:29:39,USR-75410
ANIM-2423,TO_DO,2026-05-01 16:37:10,USR-42007
ANIM-2423,IN_PROGRESS,2026-05-02 21:37:10,USR-42007
ANIM-2423,IN_REVIEW,2026-05-03 15:37:10,USR-42007
ANIM-2423,DONE,2026-05-03 23:37:10,USR-42007
ORGA-1470,TO_DO,2026-07-01 15:28:23,USR-82845
ORGA-1470,IN_PROGRESS,2026-07-01 17:28:23,USR-82845
ORGA-1470,IN_REVIEW,2026-07-03 08:28:23,USR-82845
ORGA-1470,DONE,2026-07-05 01:28:23,USR-82845
ORGA-4834,TO_DO,2025-11-09 01:52:19,USR-73242
ORGA-4834,IN_PROGRESS,2025-11-10 18:52:19,USR-73242
ORGA-4834,IN_REVIEW,2025-11-12 10:52:19,USR-73242
ORGA-4834,DONE,2025-11-13 09:52:19,USR-73242
ORGA-4834,REOPENED,2025-11-13 15:52:19,USR-14081
ORGA-4834,IN_PROGRESS,2025-11-14 05:52:19,USR-73242
ORGA-4834,DONE,2025-11-15 16:52:19,USR-73242
DEVE-6091,TO_DO,2026-04-01 19:01:16,USR-22196
DEVE-6091,IN_PROGRESS,2026-04-02 06:01:16,USR-22196
DEVE-6091,IN_REVIEW,2026-04-02 16:01:16,USR-22196
DEVE-6091,DONE,2026-04-04 13:01:16,USR-22196
ORGA-8220,TO_DO,2025-11-07 03:01:40,USR-56438
ORGA-8220,IN_PROGRESS,2025-11-08 14:01:40,USR-56438
ORGA-8220,IN_REVIEW,2025-11-10 03:01:40,USR-56438
ORGA-8220,DONE,2025-11-11 14:01:40,USR-56438
CHOI-9226,TO_DO,2026-07-04 15:34:38,USR-19305
CHOI-9226,IN_PROGRESS,2026-07-05 02:34:38,USR-19305
CHOI-9226,IN_REVIEW,2026-07-06 03:34:38,USR-19305
CHOI-9226,DONE,2026-07-07 19:34:38,USR-19305
ORGA-5878,TO_DO,2026-01-18 19:05:33,USR-68838
ORGA-5878,IN_PROGRESS,2026-01-19 03:05:33,USR-68838
ORGA-5878,IN_REVIEW,2026-01-19 20:05:33,USR-68838
ORGA-5878,DONE,2026-01-20 14:05:33,USR-68838
TERM-6927,TO_DO,2026-08-13 01:07:11,USR-40595
TERM-6927,IN_PROGRESS,2026-08-13 10:07:11,USR-40595
TERM-6927,IN_REVIEW,2026-08-15 09:07:11,USR-40595
TERM-6927,DONE,2026-08-16 08:07:11,USR-40595
CONF-1397,TO_DO,2026-07-20 10:12:58,USR-86556
CONF-1397,IN_PROGRESS,2026-07-22 05:12:58,USR-86556
CONF-1397,IN_REVIEW,2026-07-23 02:12:58,USR-86556
CONF-1397,DONE,2026-07-23 19:12:58,USR-86556
CONF-7103,TO_DO,2026-06-18 21:34:53,USR-62296
CONF-7103,IN_PROGRESS,2026-06-20 17:34:53,USR-62296
CONF-7103,IN_REVIEW,2026-06-22 08:34:53,USR-62296
CONF-7103,DONE,2026-06-23 16:34:53,USR-62296
THES-2756,TO_DO,2026-06-24 14:58:45,USR-90173
THES-2756,IN_PROGRESS,2026-06-26 06:58:45,USR-90173
THES-2756,IN_REVIEW,2026-06-26 16:58:45,USR-90173
THES-2756,DONE,2026-06-27 18:58:45,USR-90173
THES-8404,TO_DO,2026-01-20 17:59:25,USR-50492
THES-8404,IN_PROGRESS,2026-01-21 00:59:25,USR-50492
THES-8404,IN_REVIEW,2026-01-21 05:59:25,USR-50492
THES-8404,DONE,2026-01-23 05:59:25,USR-50492
TERM-4745,TO_DO,2026-02-15 07:10:06,USR-93130
TERM-4745,IN_PROGRESS,2026-02-16 21:10:06,USR-93130
TERM-4745,IN_REVIEW,2026-02-17 03:10:06,USR-93130
TERM-4745,DONE,2026-02-18 01:10:06,USR-93130
PROF-8544,TO_DO,2026-07-21 18:08:35,USR-73653
PROF-8544,IN_PROGRESS,2026-07-23 15:08:35,USR-73653
PROF-8544,IN_REVIEW,2026-07-24 21:08:35,USR-73653
PROF-8544,DONE,2026-07-26 06:08:35,USR-73653
TERM-5784,TO_DO,2026-05-25 17:29:10,USR-68841
TERM-5784,IN_PROGRESS,2026-05-25 22:29:10,USR-68841
TERM-5784,IN_REVIEW,2026-05-26 16:29:10,USR-68841
TERM-5784,DONE,2026-05-27 11:29:10,USR-68841
DEVE-1169,TO_DO,2026-09-16 11:15:01,USR-13478
DEVE-1169,IN_PROGRESS,2026-09-17 04:15:01,USR-13478
DEVE-1169,IN_REVIEW,2026-09-18 17:15:01,USR-13478
DEVE-1169,DONE,2026-09-20 02:15:01,USR-13478
CONF-1560,TO_DO,2026-01-27 19:38:10,USR-36090
CONF-1560,IN_PROGRESS,2026-01-28 07:38:10,USR-36090
CONF-1560,IN_REVIEW,2026-01-29 23:38:10,USR-36090
CONF-1560,DONE,2026-01-30 21:38:10,USR-36090
ORGA-8415,TO_DO,2026-07-20 12:22:53,USR-70901
ORGA-8415,IN_PROGRESS,2026-07-22 12:22:53,USR-70901
ORGA-8415,IN_REVIEW,2026-07-23 03:22:53,USR-70901
ORGA-8415,DONE,2026-07-23 22:22:53,USR-70901
TERM-6701,TO_DO,2026-02-02 02:24:58,USR-49608
TERM-6701,IN_PROGRESS,2026-02-03 14:24:58,USR-49608
TERM-6701,IN_REVIEW,2026-02-05 00:24:58,USR-49608
TERM-6701,DONE,2026-02-05 08:24:58,USR-49608
THES-4990,TO_DO,2026-07-19 12:10:45,USR-96163
THES-4990,IN_PROGRESS,2026-07-19 20:10:45,USR-96163
THES-4990,IN_REVIEW,2026-07-20 13:10:45,USR-96163
THES-4990,DONE,2026-07-21 06:10:45,USR-96163
ORGA-1984,TO_DO,2026-08-06 21:20:02,USR-65518
ORGA-1984,IN_PROGRESS,2026-08-08 17:20:02,USR-65518
ORGA-1984,IN_REVIEW,2026-08-10 06:20:02,USR-65518
ORGA-1984,DONE,2026-08-10 18:20:02,USR-65518
ORGA-1984,REOPENED,2026-08-11 19:20:02,USR-80539
ORGA-1984,IN_PROGRESS,2026-08-12 03:20:02,USR-65518
ORGA-1984,DONE,2026-08-12 18:20:02,USR-65518
DEVE-4227,TO_DO,2025-11-19 01:51:23,USR-20336
DEVE-4227,IN_PROGRESS,2025-11-19 17:51:23,USR-20336
DEVE-4227,IN_REVIEW,2025-11-20 21:51:23,USR-20336
DEVE-4227,DONE,2025-11-20 23:51:23,USR-20336
LIST-2408,TO_DO,2026-05-03 12:11:54,USR-20350
LIST-2408,IN_PROGRESS,2026-05-04 19:11:54,USR-20350
LIST-2408,IN_REVIEW,2026-05-06 05:11:54,USR-20350
LIST-2408,DONE,2026-05-07 20:11:54,USR-20350
CHOI-8964,TO_DO,2026-05-17 09:36:20,USR-86622
CHOI-8964,IN_PROGRESS,2026-05-18 03:36:20,USR-86622
CHOI-8964,IN_REVIEW,2026-05-20 01:36:20,USR-86622
CHOI-8964,DONE,2026-05-22 00:36:20,USR-86622
DEVE-8764,TO_DO,2026-02-17 13:32:11,USR-73653
DEVE-8764,IN_PROGRESS,2026-02-17 16:32:11,USR-73653
DEVE-8764,IN_REVIEW,2026-02-19 11:32:11,USR-73653
DEVE-8764,DONE,2026-02-21 07:32:11,USR-73653
CONF-6253,TO_DO,2025-10-07 13:14:57,USR-95823
CONF-6253,IN_PROGRESS,2025-10-09 04:14:57,USR-95823
CONF-6253,IN_REVIEW,2025-10-09 11:14:57,USR-95823
CONF-6253,DONE,2025-10-11 04:14:57,USR-95823
CONF-6253,REOPENED,2025-10-11 22:14:57,USR-86019
CONF-6253,IN_PROGRESS,2025-10-12 19:14:57,USR-95823
CONF-6253,DONE,2025-10-13 18:14:57,USR-95823
WIN-5252,TO_DO,2026-06-02 23:13:12,USR-58843
WIN-5252,IN_PROGRESS,2026-06-03 22:13:12,USR-58843
WIN-5252,IN_REVIEW,2026-06-05 00:13:12,USR-58843
WIN-5252,DONE,2026-06-05 09:13:12,USR-58843
ANIM-8430,TO_DO,2025-12-24 14:16:49,USR-83060
ANIM-8430,IN_PROGRESS,2025-12-26 12:16:49,USR-83060
ANIM-8430,IN_REVIEW,2025-12-28 09:16:49,USR-83060
ANIM-8430,DONE,2025-12-29 19:16:49,USR-83060
ORGA-3316,TO_DO,2026-03-24 05:00:22,USR-74260
ORGA-3316,IN_PROGRESS,2026-03-25 07:00:22,USR-74260
ORGA-3316,IN_REVIEW,2026-03-26 13:00:22,USR-74260
ORGA-3316,DONE,2026-03-28 01:00:22,USR-74260
DEVE-7099,TO_DO,2026-07-15 21:22:24,USR-95823
DEVE-7099,IN_PROGRESS,2026-07-17 05:22:24,USR-95823
DEVE-7099,IN_REVIEW,2026-07-18 01:22:24,USR-95823
DEVE-7099,DONE,2026-07-18 05:22:24,USR-95823
ANIM-4562,TO_DO,2025-10-14 16:31:59,USR-21104
ANIM-4562,IN_PROGRESS,2025-10-15 13:31:59,USR-21104
ANIM-4562,IN_REVIEW,2025-10-16 16:31:59,USR-21104
ANIM-4562,DONE,2025-10-17 18:31:59,USR-21104
TERM-7951,TO_DO,2025-10-23 04:41:54,USR-13278
TERM-7951,IN_PROGRESS,2025-10-24 08:41:54,USR-13278
TERM-7951,IN_REVIEW,2025-10-24 16:41:54,USR-13278
TERM-7951,DONE,2025-10-26 13:41:54,USR-13278
ANIM-2675,TO_DO,2026-06-22 13:05:12,USR-27224
ANIM-2675,IN_PROGRESS,2026-06-23 17:05:12,USR-27224
ANIM-2675,IN_REVIEW,2026-06-24 08:05:12,USR-27224
ANIM-2675,DONE,2026-06-25 12:05:12,USR-27224
TERM-1445,TO_DO,2026-04-10 15:47:34,USR-42177
TERM-1445,IN_PROGRESS,2026-04-12 01:47:34,USR-42177
TERM-1445,IN_REVIEW,2026-04-13 09:47:34,USR-42177
TERM-1445,DONE,2026-04-13 12:47:34,USR-42177
ORGA-4790,TO_DO,2026-02-26 17:14:56,USR-27781
ORGA-4790,IN_PROGRESS,2026-02-27 20:14:56,USR-27781
ORGA-4790,IN_REVIEW,2026-03-01 20:14:56,USR-27781
ORGA-4790,DONE,2026-03-02 12:14:56,USR-27781
ORGA-4790,REOPENED,2026-03-04 10:14:56,USR-59692
ORGA-4790,IN_PROGRESS,2026-03-04 13:14:56,USR-27781
ORGA-4790,DONE,2026-03-05 15:14:56,USR-27781
CONF-3967,TO_DO,2026-04-18 18:22:37,USR-75513
CONF-3967,IN_PROGRESS,2026-04-20 02:22:37,USR-75513
CONF-3967,IN_REVIEW,2026-04-20 07:22:37,USR-75513
CONF-3967,DONE,2026-04-21 09:22:37,USR-75513
CONF-4654,TO_DO,2026-01-04 21:31:32,USR-77499
CONF-4654,IN_PROGRESS,2026-01-06 12:31:32,USR-77499
CONF-4654,IN_REVIEW,2026-01-06 20:31:32,USR-77499
CONF-4654,DONE,2026-01-07 03:31:32,USR-77499
TERM-3790,TO_DO,2026-03-05 18:02:32,USR-80702
TERM-3790,IN_PROGRESS,2026-03-06 01:02:32,USR-80702
TERM-3790,IN_REVIEW,2026-03-07 13:02:32,USR-80702
TERM-3790,DONE,2026-03-07 22:02:32,USR-80702
TERM-3790,REOPENED,2026-03-09 04:02:32,USR-93130
TERM-3790,IN_PROGRESS,2026-03-10 03:02:32,USR-80702
TERM-3790,DONE,2026-03-11 20:02:32,USR-80702
ORGA-1875,TO_DO,2026-08-23 06:14:01,USR-82140
ORGA-1875,IN_PROGRESS,2026-08-25 01:14:01,USR-82140
ORGA-1875,IN_REVIEW,2026-08-25 19:14:01,USR-82140
ORGA-1875,DONE,2026-08-27 09:14:01,USR-82140
CHOI-8353,TO_DO,2026-01-05 18:57:34,USR-70910
CHOI-8353,IN_PROGRESS,2026-01-06 03:57:34,USR-70910
CHOI-8353,IN_REVIEW,2026-01-06 22:57:34,USR-70910
CHOI-8353,DONE,2026-01-08 10:57:34,USR-70910
WIN-7840,TO_DO,2025-11-16 12:32:48,USR-38080
WIN-7840,IN_PROGRESS,2025-11-16 14:32:48,USR-38080
WIN-7840,IN_REVIEW,2025-11-17 19:32:48,USR-38080
WIN-7840,DONE,2025-11-18 01:32:48,USR-38080
PROF-6134,TO_DO,2025-10-26 01:47:49,USR-46500
PROF-6134,IN_PROGRESS,2025-10-27 17:47:49,USR-46500
PROF-6134,IN_REVIEW,2025-10-29 00:47:49,USR-46500
PROF-6134,DONE,2025-10-30 01:47:49,USR-46500
TERM-3916,TO_DO,2026-07-26 15:31:42,USR-17104
TERM-3916,IN_PROGRESS,2026-07-27 19:31:42,USR-17104
TERM-3916,IN_REVIEW,2026-07-28 10:31:42,USR-17104
TERM-3916,DONE,2026-07-29 19:31:42,USR-17104
LIST-2163,TO_DO,2026-03-02 21:34:36,USR-85598
LIST-2163,IN_PROGRESS,2026-03-04 16:34:36,USR-85598
LIST-2163,IN_REVIEW,2026-03-06 07:34:36,USR-85598
LIST-2163,DONE,2026-03-07 22:34:36,USR-85598
LIST-2163,REOPENED,2026-03-08 03:34:36,USR-58623
LIST-2163,IN_PROGRESS,2026-03-08 16:34:36,USR-85598
LIST-2163,DONE,2026-03-10 05:34:36,USR-85598
ANIM-1775,TO_DO,2026-08-25 13:35:38,USR-73783
ANIM-1775,IN_PROGRESS,2026-08-26 13:35:38,USR-73783
ANIM-1775,IN_REVIEW,2026-08-27 03:35:38,USR-73783
ANIM-1775,DONE,2026-08-29 00:35:38,USR-73783
ANIM-1775,REOPENED,2026-08-30 22:35:38,USR-97410
ANIM-1775,IN_PROGRESS,2026-08-31 04:35:38,USR-73783
ANIM-1775,DONE,2026-08-31 15:35:38,USR-73783
ORGA-4634,TO_DO,2026-05-05 18:44:24,USR-55309
ORGA-4634,IN_PROGRESS,2026-05-06 00:44:24,USR-55309
ORGA-4634,IN_REVIEW,2026-05-07 08:44:24,USR-55309
ORGA-4634,DONE,2026-05-09 01:44:24,USR-55309
WIN-5386,TO_DO,2026-03-09 22:47:22,USR-38124
WIN-5386,IN_PROGRESS,2026-03-10 15:47:22,USR-38124
WIN-5386,IN_REVIEW,2026-03-11 23:47:22,USR-38124
WIN-5386,DONE,2026-03-13 20:47:22,USR-38124
CONF-6853,TO_DO,2026-03-01 07:29:25,USR-45720
CONF-6853,IN_PROGRESS,2026-03-02 00:29:25,USR-45720
CONF-6853,IN_REVIEW,2026-03-03 21:29:25,USR-45720
CONF-6853,DONE,2026-03-05 13:29:25,USR-45720
LIST-3026,TO_DO,2026-01-18 00:52:17,USR-65255
LIST-3026,IN_PROGRESS,2026-01-18 11:52:17,USR-65255
LIST-3026,IN_REVIEW,2026-01-19 09:52:17,USR-65255
LIST-3026,DONE,2026-01-20 08:52:17,USR-65255
TERM-5461,TO_DO,2026-08-06 20:54:55,USR-67595
TERM-5461,IN_PROGRESS,2026-08-08 14:54:55,USR-67595
TERM-5461,IN_REVIEW,2026-08-09 08:54:55,USR-67595
TERM-5461,DONE,2026-08-10 17:54:55,USR-67595
TERM-5461,REOPENED,2026-08-11 21:54:55,USR-22463
TERM-5461,IN_PROGRESS,2026-08-12 03:54:55,USR-67595
TERM-5461,DONE,2026-08-12 13:54:55,USR-67595
ANIM-4078,TO_DO,2025-12-22 06:33:24,USR-17665
ANIM-4078,IN_PROGRESS,2025-12-23 22:33:24,USR-17665
ANIM-4078,IN_REVIEW,2025-12-24 16:33:24,USR-17665
ANIM-4078,DONE,2025-12-25 16:33:24,USR-17665
THES-4406,TO_DO,2026-08-10 11:26:46,USR-20561
THES-4406,IN_PROGRESS,2026-08-11 02:26:46,USR-20561
THES-4406,IN_REVIEW,2026-08-11 07:26:46,USR-20561
THES-4406,DONE,2026-08-12 23:26:46,USR-20561
DEVE-8705,TO_DO,2026-04-06 12:07:23,USR-91018
DEVE-8705,IN_PROGRESS,2026-04-08 07:07:23,USR-91018
DEVE-8705,IN_REVIEW,2026-04-09 22:07:23,USR-91018
DEVE-8705,DONE,2026-04-11 03:07:23,USR-91018
CHOI-6936,TO_DO,2026-02-24 11:29:27,USR-14877
CHOI-6936,IN_PROGRESS,2026-02-26 00:29:27,USR-14877
CHOI-6936,IN_REVIEW,2026-02-27 17:29:27,USR-14877
CHOI-6936,DONE,2026-03-01 09:29:27,USR-14877
THES-8551,TO_DO,2025-11-14 15:48:51,USR-85598
THES-8551,IN_PROGRESS,2025-11-15 19:48:51,USR-85598
THES-8551,IN_REVIEW,2025-11-16 22:48:51,USR-85598
THES-8551,DONE,2025-11-18 08:48:51,USR-85598
THES-4378,TO_DO,2026-06-04 06:00:54,USR-22903
THES-4378,IN_PROGRESS,2026-06-06 04:00:54,USR-22903
THES-4378,IN_REVIEW,2026-06-06 14:00:54,USR-22903
THES-4378,DONE,2026-06-06 23:00:54,USR-22903
PROF-5812,TO_DO,2026-02-19 01:10:10,USR-50441
PROF-5812,IN_PROGRESS,2026-02-20 20:10:10,USR-50441
PROF-5812,IN_REVIEW,2026-02-21 08:10:10,USR-50441
PROF-5812,DONE,2026-02-22 03:10:10,USR-50441
CONF-9605,TO_DO,2026-03-14 19:43:42,USR-22249
CONF-9605,IN_PROGRESS,2026-03-15 08:43:42,USR-22249
CONF-9605,IN_REVIEW,2026-03-17 08:43:42,USR-22249
CONF-9605,DONE,2026-03-18 01:43:42,USR-22249
WIN-6055,TO_DO,2026-08-31 05:17:51,USR-20646
WIN-6055,IN_PROGRESS,2026-09-01 01:17:51,USR-20646
WIN-6055,IN_REVIEW,2026-09-01 20:17:51,USR-20646
WIN-6055,DONE,2026-09-02 08:17:51,USR-20646
LIST-5435,TO_DO,2026-09-20 03:42:58,USR-32037
LIST-5435,IN_PROGRESS,2026-09-21 04:42:58,USR-32037
LIST-5435,IN_REVIEW,2026-09-21 06:42:58,USR-32037
LIST-5435,DONE,2026-09-23 04:42:58,USR-32037
CHOI-8196,TO_DO,2025-12-08 05:52:43,USR-64602
CHOI-8196,IN_PROGRESS,2025-12-09 10:52:43,USR-64602
CHOI-8196,IN_REVIEW,2025-12-11 06:52:43,USR-64602
CHOI-8196,DONE,2025-12-11 12:52:43,USR-64602
ORGA-5488,TO_DO,2025-12-28 10:47:40,USR-57453
ORGA-5488,IN_PROGRESS,2025-12-29 00:47:40,USR-57453
ORGA-5488,IN_REVIEW,2025-12-30 17:47:40,USR-57453
ORGA-5488,DONE,2026-01-01 05:47:40,USR-57453
ORGA-5488,REOPENED,2026-01-02 22:47:40,USR-27675
ORGA-5488,IN_PROGRESS,2026-01-03 21:47:40,USR-57453
ORGA-5488,DONE,2026-01-04 05:47:40,USR-57453
PROF-8658,TO_DO,2025-12-16 01:24:11,USR-77251
PROF-8658,IN_PROGRESS,2025-12-16 08:24:11,USR-77251
PROF-8658,IN_REVIEW,2025-12-18 05:24:11,USR-77251
PROF-8658,DONE,2025-12-19 23:24:11,USR-77251
PROF-8658,REOPENED,2025-12-21 16:24:11,USR-70931
PROF-8658,IN_PROGRESS,2025-12-21 18:24:11,USR-77251
PROF-8658,DONE,2025-12-23 06:24:11,USR-77251
ANIM-7316,TO_DO,2026-08-07 08:32:37,USR-64476
ANIM-7316,IN_PROGRESS,2026-08-08 10:32:37,USR-64476
ANIM-7316,IN_REVIEW,2026-08-09 08:32:37,USR-64476
ANIM-7316,DONE,2026-08-11 01:32:37,USR-64476
ANIM-3874,TO_DO,2025-12-23 19:22:13,USR-30257
ANIM-3874,IN_PROGRESS,2025-12-25 00:22:13,USR-30257
ANIM-3874,IN_REVIEW,2025-12-26 15:22:13,USR-30257
ANIM-3874,DONE,2025-12-28 11:22:13,USR-30257
ANIM-3874,REOPENED,2025-12-29 16:22:13,USR-61505
ANIM-3874,IN_PROGRESS,2025-12-30 12:22:13,USR-30257
ANIM-3874,DONE,2025-12-31 03:22:13,USR-30257
ANIM-6684,TO_DO,2026-08-08 17:50:10,USR-28643
ANIM-6684,IN_PROGRESS,2026-08-10 11:50:10,USR-28643
ANIM-6684,IN_REVIEW,2026-08-11 23:50:10,USR-28643
ANIM-6684,DONE,2026-08-12 13:50:10,USR-28643
DEVE-4776,TO_DO,2026-01-19 07:59:00,USR-76562
DEVE-4776,IN_PROGRESS,2026-01-20 03:59:00,USR-76562
DEVE-4776,IN_REVIEW,2026-01-20 05:59:00,USR-76562
DEVE-4776,DONE,2026-01-21 07:59:00,USR-76562
ANIM-9394,TO_DO,2026-02-08 15:14:04,USR-82102
ANIM-9394,IN_PROGRESS,2026-02-10 03:14:04,USR-82102
ANIM-9394,IN_REVIEW,2026-02-11 19:14:04,USR-82102
ANIM-9394,DONE,2026-02-12 11:14:04,USR-82102
CHOI-4419,TO_DO,2025-11-01 01:50:39,USR-57920
CHOI-4419,IN_PROGRESS,2025-11-01 19:50:39,USR-57920
CHOI-4419,IN_REVIEW,2025-11-03 19:50:39,USR-57920
CHOI-4419,DONE,2025-11-03 23:50:39,USR-57920
ORGA-6930,TO_DO,2026-02-26 12:00:21,USR-12671
ORGA-6930,IN_PROGRESS,2026-02-28 05:00:21,USR-12671
ORGA-6930,IN_REVIEW,2026-02-28 15:00:21,USR-12671
ORGA-6930,DONE,2026-03-02 04:00:21,USR-12671
WIN-1341,TO_DO,2026-04-07 17:32:44,USR-73464
WIN-1341,IN_PROGRESS,2026-04-09 06:32:44,USR-73464
WIN-1341,IN_REVIEW,2026-04-11 00:32:44,USR-73464
WIN-1341,DONE,2026-04-12 11:32:44,USR-73464
WIN-5456,TO_DO,2026-02-23 01:08:08,USR-60140
WIN-5456,IN_PROGRESS,2026-02-24 17:08:08,USR-60140
WIN-5456,IN_REVIEW,2026-02-25 22:08:08,USR-60140
WIN-5456,DONE,2026-02-26 18:08:08,USR-60140
PROF-6287,TO_DO,2026-09-12 02:58:25,USR-28202
PROF-6287,IN_PROGRESS,2026-09-13 09:58:25,USR-28202
PROF-6287,IN_REVIEW,2026-09-13 18:58:25,USR-28202
PROF-6287,DONE,2026-09-15 07:58:25,USR-28202
PROF-1074,TO_DO,2026-04-01 23:38:33,USR-56176
PROF-1074,IN_PROGRESS,2026-04-03 09:38:33,USR-56176
PROF-1074,IN_REVIEW,2026-04-04 16:38:33,USR-56176
PROF-1074,DONE,2026-04-05 07:38:33,USR-56176
PROF-1074,REOPENED,2026-04-06 02:38:33,USR-69469
PROF-1074,IN_PROGRESS,2026-04-06 12:38:33,USR-56176
PROF-1074,DONE,2026-04-08 07:38:33,USR-56176
ORGA-7181,TO_DO,2026-06-13 06:48:00,USR-45838
ORGA-7181,IN_PROGRESS,2026-06-14 00:48:00,USR-45838
ORGA-7181,IN_REVIEW,2026-06-15 07:48:00,USR-45838
ORGA-7181,DONE,2026-06-15 10:48:00,USR-45838
THES-8496,TO_DO,2025-11-12 17:27:41,USR-98895
THES-8496,IN_PROGRESS,2025-11-13 11:27:41,USR-98895
THES-8496,IN_REVIEW,2025-11-15 04:27:41,USR-98895
THES-8496,DONE,2025-11-16 10:27:41,USR-98895
THES-1431,TO_DO,2026-01-27 10:25:46,USR-56176
THES-1431,IN_PROGRESS,2026-01-27 18:25:46,USR-56176
THES-1431,IN_REVIEW,2026-01-28 17:25:46,USR-56176
THES-1431,DONE,2026-01-29 20:25:46,USR-56176
WIN-7862,TO_DO,2026-06-22 08:00:14,USR-13278
WIN-7862,IN_PROGRESS,2026-06-23 13:00:14,USR-13278
WIN-7862,IN_REVIEW,2026-06-23 16:00:14,USR-13278
WIN-7862,DONE,2026-06-25 13:00:14,USR-13278
ORGA-9051,TO_DO,2025-11-20 03:33:55,USR-40539
ORGA-9051,IN_PROGRESS,2025-11-22 01:33:55,USR-40539
ORGA-9051,IN_REVIEW,2025-11-22 16:33:55,USR-40539
ORGA-9051,DONE,2025-11-23 17:33:55,USR-40539
ORGA-9472,TO_DO,2026-04-15 21:23:21,USR-92478
ORGA-9472,IN_PROGRESS,2026-04-17 16:23:21,USR-92478
ORGA-9472,IN_REVIEW,2026-04-18 15:23:21,USR-92478
ORGA-9472,DONE,2026-04-19 19:23:21,USR-92478
CONF-4757,TO_DO,2026-06-22 20:30:07,USR-83579
CONF-4757,IN_PROGRESS,2026-06-23 09:30:07,USR-83579
CONF-4757,IN_REVIEW,2026-06-24 22:30:07,USR-83579
CONF-4757,DONE,2026-06-26 03:30:07,USR-83579
TERM-9799,TO_DO,2026-01-03 17:33:48,USR-50135
TERM-9799,IN_PROGRESS,2026-01-04 16:33:48,USR-50135
TERM-9799,IN_REVIEW,2026-01-04 21:33:48,USR-50135
TERM-9799,DONE,2026-01-06 18:33:48,USR-50135
LIST-6303,TO_DO,2026-04-25 17:15:57,USR-30181
LIST-6303,IN_PROGRESS,2026-04-27 03:15:57,USR-30181
LIST-6303,IN_REVIEW,2026-04-27 09:15:57,USR-30181
LIST-6303,DONE,2026-04-29 03:15:57,USR-30181
PROF-9475,TO_DO,2025-12-02 00:36:21,USR-42406
PROF-9475,IN_PROGRESS,2025-12-03 20:36:21,USR-42406
PROF-9475,IN_REVIEW,2025-12-04 22:36:21,USR-42406
PROF-9475,DONE,2025-12-05 12:36:21,USR-42406
LIST-6747,TO_DO,2026-06-12 09:39:51,USR-20077
LIST-6747,IN_PROGRESS,2026-06-13 15:39:51,USR-20077
LIST-6747,IN_REVIEW,2026-06-15 04:39:51,USR-20077
LIST-6747,DONE,2026-06-16 18:39:51,USR-20077
CONF-6463,TO_DO,2026-07-28 13:40:01,USR-65435
CONF-6463,IN_PROGRESS,2026-07-30 08:40:01,USR-65435
CONF-6463,IN_REVIEW,2026-07-31 18:40:01,USR-65435
CONF-6463,DONE,2026-08-01 19:40:01,USR-65435
CONF-6463,REOPENED,2026-08-02 06:40:01,USR-77552
CONF-6463,IN_PROGRESS,2026-08-03 05:40:01,USR-65435
CONF-6463,DONE,2026-08-04 16:40:01,USR-65435
TERM-6738,TO_DO,2026-03-15 18:02:33,USR-59131
TERM-6738,IN_PROGRESS,2026-03-16 05:02:33,USR-59131
TERM-6738,IN_REVIEW,2026-03-16 10:02:33,USR-59131
TERM-6738,DONE,2026-03-17 00:02:33,USR-59131
PROF-5157,TO_DO,2025-12-01 07:08:27,USR-59695
PROF-5157,IN_PROGRESS,2025-12-02 23:08:27,USR-59695
PROF-5157,IN_REVIEW,2025-12-04 01:08:27,USR-59695
PROF-5157,DONE,2025-12-06 00:08:27,USR-59695
PROF-2719,TO_DO,2026-05-12 08:50:59,USR-79774
PROF-2719,IN_PROGRESS,2026-05-14 05:50:59,USR-79774
PROF-2719,IN_REVIEW,2026-05-15 09:50:59,USR-79774
PROF-2719,DONE,2026-05-15 16:50:59,USR-79774
DEVE-8348,TO_DO,2026-02-10 21:45:08,USR-86569
DEVE-8348,IN_PROGRESS,2026-02-12 04:45:08,USR-86569
DEVE-8348,IN_REVIEW,2026-02-13 11:45:08,USR-86569
DEVE-8348,DONE,2026-02-14 16:45:08,USR-86569
ORGA-3226,TO_DO,2026-01-02 19:00:16,USR-52247
ORGA-3226,IN_PROGRESS,2026-01-04 05:00:16,USR-52247
ORGA-3226,IN_REVIEW,2026-01-05 22:00:16,USR-52247
ORGA-3226,DONE,2026-01-07 11:00:16,USR-52247
TERM-9124,TO_DO,2025-12-31 08:34:51,USR-49294
TERM-9124,IN_PROGRESS,2026-01-02 03:34:51,USR-49294
TERM-9124,IN_REVIEW,2026-01-02 20:34:51,USR-49294
TERM-9124,DONE,2026-01-03 16:34:51,USR-49294
WIN-3266,TO_DO,2026-06-26 15:17:58,USR-76768
WIN-3266,IN_PROGRESS,2026-06-26 18:17:58,USR-76768
WIN-3266,IN_REVIEW,2026-06-27 11:17:58,USR-76768
WIN-3266,DONE,2026-06-28 19:17:58,USR-76768
TERM-7879,TO_DO,2026-08-15 16:32:03,USR-40512
TERM-7879,IN_PROGRESS,2026-08-16 20:32:03,USR-40512
TERM-7879,IN_REVIEW,2026-08-18 03:32:03,USR-40512
TERM-7879,DONE,2026-08-19 03:32:03,USR-40512
CHOI-8293,TO_DO,2026-01-15 15:24:35,USR-54313
CHOI-8293,IN_PROGRESS,2026-01-17 10:24:35,USR-54313
CHOI-8293,IN_REVIEW,2026-01-18 01:24:35,USR-54313
CHOI-8293,DONE,2026-01-18 06:24:35,USR-54313
CONF-1953,TO_DO,2026-07-10 06:59:51,USR-21104
CONF-1953,IN_PROGRESS,2026-07-11 10:59:51,USR-21104
CONF-1953,IN_REVIEW,2026-07-12 11:59:51,USR-21104
CONF-1953,DONE,2026-07-13 14:59:51,USR-21104
LIST-3457,TO_DO,2025-12-04 22:20:03,USR-22249
LIST-3457,IN_PROGRESS,2025-12-06 17:20:03,USR-22249
LIST-3457,IN_REVIEW,2025-12-08 13:20:03,USR-22249
LIST-3457,DONE,2025-12-09 18:20:03,USR-22249
PROF-6602,TO_DO,2025-12-22 05:37:41,USR-80575
PROF-6602,IN_PROGRESS,2025-12-23 23:37:41,USR-80575
PROF-6602,IN_REVIEW,2025-12-25 20:37:41,USR-80575
PROF-6602,DONE,2025-12-27 16:37:41,USR-80575
DEVE-5263,TO_DO,2026-06-09 21:40:24,USR-41186
DEVE-5263,IN_PROGRESS,2026-06-10 18:40:24,USR-41186
DEVE-5263,IN_REVIEW,2026-06-12 09:40:24,USR-41186
DEVE-5263,DONE,2026-06-14 05:40:24,USR-41186
ORGA-2274,TO_DO,2026-06-20 00:07:05,USR-95191
ORGA-2274,IN_PROGRESS,2026-06-20 22:07:05,USR-95191
ORGA-2274,IN_REVIEW,2026-06-21 05:07:05,USR-95191
ORGA-2274,DONE,2026-06-21 12:07:05,USR-95191
ORGA-2274,REOPENED,2026-06-23 01:07:05,USR-47627
ORGA-2274,IN_PROGRESS,2026-06-23 05:07:05,USR-95191
ORGA-2274,DONE,2026-06-25 04:07:05,USR-95191
WIN-9231,TO_DO,2026-04-19 02:43:17,USR-40613
WIN-9231,IN_PROGRESS,2026-04-21 02:43:17,USR-40613
WIN-9231,IN_REVIEW,2026-04-21 23:43:17,USR-40613
WIN-9231,DONE,2026-04-23 07:43:17,USR-40613
ORGA-2523,TO_DO,2026-08-13 19:01:57,USR-43491
ORGA-2523,IN_PROGRESS,2026-08-14 14:01:57,USR-43491
ORGA-2523,IN_REVIEW,2026-08-16 14:01:57,USR-43491
ORGA-2523,DONE,2026-08-17 21:01:57,USR-43491
CONF-7743,TO_DO,2026-03-05 07:32:07,USR-93584
CONF-7743,IN_PROGRESS,2026-03-05 10:32:07,USR-93584
CONF-7743,IN_REVIEW,2026-03-06 11:32:07,USR-93584
CONF-7743,DONE,2026-03-08 10:32:07,USR-93584
WIN-7621,TO_DO,2025-11-02 02:53:41,USR-20589
WIN-7621,IN_PROGRESS,2025-11-02 08:53:41,USR-20589
WIN-7621,IN_REVIEW,2025-11-03 03:53:41,USR-20589
WIN-7621,DONE,2025-11-05 02:53:41,USR-20589
PROF-4793,TO_DO,2025-11-11 02:40:30,USR-18330
PROF-4793,IN_PROGRESS,2025-11-11 05:40:30,USR-18330
PROF-4793,IN_REVIEW,2025-11-12 03:40:30,USR-18330
PROF-4793,DONE,2025-11-12 22:40:30,USR-18330
PROF-4793,REOPENED,2025-11-14 06:40:30,USR-42527
PROF-4793,IN_PROGRESS,2025-11-15 04:40:30,USR-18330
PROF-4793,DONE,2025-11-15 23:40:30,USR-18330
CONF-9765,TO_DO,2026-03-09 03:24:21,USR-54942
CONF-9765,IN_PROGRESS,2026-03-09 18:24:21,USR-54942
CONF-9765,IN_REVIEW,2026-03-10 01:24:21,USR-54942
CONF-9765,DONE,2026-03-11 13:24:21,USR-54942
ORGA-1528,TO_DO,2026-05-19 16:06:21,USR-96991
ORGA-1528,IN_PROGRESS,2026-05-20 10:06:21,USR-96991
ORGA-1528,IN_REVIEW,2026-05-21 17:06:21,USR-96991
ORGA-1528,DONE,2026-05-23 17:06:21,USR-96991
WIN-3746,TO_DO,2026-03-29 18:52:35,USR-82305
WIN-3746,IN_PROGRESS,2026-03-31 10:52:35,USR-82305
WIN-3746,IN_REVIEW,2026-04-01 04:52:35,USR-82305
WIN-3746,DONE,2026-04-02 00:52:35,USR-82305
DEVE-3727,TO_DO,2026-05-25 14:52:27,USR-28818
DEVE-3727,IN_PROGRESS,2026-05-25 21:52:27,USR-28818
DEVE-3727,IN_REVIEW,2026-05-27 09:52:27,USR-28818
DEVE-3727,DONE,2026-05-29 06:52:27,USR-28818
ORGA-7776,TO_DO,2026-01-08 18:14:09,USR-82305
ORGA-7776,IN_PROGRESS,2026-01-09 01:14:09,USR-82305
ORGA-7776,IN_REVIEW,2026-01-09 16:14:09,USR-82305
ORGA-7776,DONE,2026-01-10 17:14:09,USR-82305
LIST-4078,TO_DO,2026-02-04 03:18:54,USR-27322
LIST-4078,IN_PROGRESS,2026-02-05 01:18:54,USR-27322
LIST-4078,IN_REVIEW,2026-02-06 13:18:54,USR-27322
LIST-4078,DONE,2026-02-06 20:18:54,USR-27322
LIST-4078,REOPENED,2026-02-07 20:18:54,USR-72616
LIST-4078,IN_PROGRESS,2026-02-08 03:18:54,USR-27322
LIST-4078,DONE,2026-02-09 22:18:54,USR-27322
LIST-9814,TO_DO,2025-11-30 05:17:09,USR-84928
LIST-9814,IN_PROGRESS,2025-12-01 04:17:09,USR-84928
LIST-9814,IN_REVIEW,2025-12-02 21:17:09,USR-84928
LIST-9814,DONE,2025-12-04 14:17:09,USR-84928
CONF-9560,TO_DO,2026-05-02 04:44:17,USR-92306
CONF-9560,IN_PROGRESS,2026-05-03 05:44:17,USR-92306
CONF-9560,IN_REVIEW,2026-05-04 16:44:17,USR-92306
CONF-9560,DONE,2026-05-05 01:44:17,USR-92306
TERM-6655,TO_DO,2025-09-28 04:35:16,USR-37549
TERM-6655,IN_PROGRESS,2025-09-28 20:35:16,USR-37549
TERM-6655,IN_REVIEW,2025-09-29 17:35:16,USR-37549
TERM-6655,DONE,2025-10-01 05:35:16,USR-37549
THES-9974,TO_DO,2026-01-13 02:42:08,USR-51245
THES-9974,IN_PROGRESS,2026-01-13 20:42:08,USR-51245
THES-9974,IN_REVIEW,2026-01-14 22:42:08,USR-51245
THES-9974,DONE,2026-01-15 12:42:08,USR-51245
ANIM-3835,TO_DO,2025-12-21 12:40:50,USR-94696
ANIM-3835,IN_PROGRESS,2025-12-22 05:40:50,USR-94696
ANIM-3835,IN_REVIEW,2025-12-22 10:40:50,USR-94696
ANIM-3835,DONE,2025-12-24 01:40:50,USR-94696
ANIM-2037,TO_DO,2026-01-18 23:11:30,USR-49251
ANIM-2037,IN_PROGRESS,2026-01-20 23:11:30,USR-49251
ANIM-2037,IN_REVIEW,2026-01-22 02:11:30,USR-49251
ANIM-2037,DONE,2026-01-22 09:11:30,USR-49251
PROF-2373,TO_DO,2026-02-27 19:18:00,USR-18564
PROF-2373,IN_PROGRESS,2026-02-28 17:18:00,USR-18564
PROF-2373,IN_REVIEW,2026-03-01 09:18:00,USR-18564
PROF-2373,DONE,2026-03-01 13:18:00,USR-18564
DEVE-6034,TO_DO,2026-09-09 22:52:28,USR-86011
DEVE-6034,IN_PROGRESS,2026-09-10 03:52:28,USR-86011
DEVE-6034,IN_REVIEW,2026-09-11 20:52:28,USR-86011
DEVE-6034,DONE,2026-09-13 00:52:28,USR-86011
CONF-9995,TO_DO,2026-09-11 23:38:11,USR-42177
CONF-9995,IN_PROGRESS,2026-09-12 16:38:11,USR-42177
CONF-9995,IN_REVIEW,2026-09-13 13:38:11,USR-42177
CONF-9995,DONE,2026-09-14 11:38:11,USR-42177
THES-4010,TO_DO,2026-08-10 00:45:11,USR-19602
THES-4010,IN_PROGRESS,2026-08-10 19:45:11,USR-19602
THES-4010,IN_REVIEW,2026-08-11 18:45:11,USR-19602
THES-4010,DONE,2026-08-12 05:45:11,USR-19602
ORGA-6026,TO_DO,2025-11-08 15:53:00,USR-82910
ORGA-6026,IN_PROGRESS,2025-11-10 13:53:00,USR-82910
ORGA-6026,IN_REVIEW,2025-11-11 15:53:00,USR-82910
ORGA-6026,DONE,2025-11-13 10:53:00,USR-82910
CONF-2528,TO_DO,2026-03-22 10:09:42,USR-77621
CONF-2528,IN_PROGRESS,2026-03-22 22:09:42,USR-77621
CONF-2528,IN_REVIEW,2026-03-24 18:09:42,USR-77621
CONF-2528,DONE,2026-03-25 12:09:42,USR-77621
CONF-2528,REOPENED,2026-03-25 22:09:42,USR-13969
CONF-2528,IN_PROGRESS,2026-03-26 22:09:42,USR-77621
CONF-2528,DONE,2026-03-27 09:09:42,USR-77621
ORGA-9774,TO_DO,2025-12-24 10:45:49,USR-56179
ORGA-9774,IN_PROGRESS,2025-12-25 10:45:49,USR-56179
ORGA-9774,IN_REVIEW,2025-12-27 04:45:49,USR-56179
ORGA-9774,DONE,2025-12-28 07:45:49,USR-56179
ORGA-9774,REOPENED,2025-12-28 19:45:49,USR-68183
ORGA-9774,IN_PROGRESS,2025-12-29 16:45:49,USR-56179
ORGA-9774,DONE,2025-12-30 20:45:49,USR-56179
CONF-7249,TO_DO,2026-04-02 12:57:56,USR-59941
CONF-7249,IN_PROGRESS,2026-04-04 11:57:56,USR-59941
CONF-7249,IN_REVIEW,2026-04-04 18:57:56,USR-59941
CONF-7249,DONE,2026-04-04 20:57:56,USR-59941
WIN-4774,TO_DO,2025-11-18 14:53:29,USR-84395
WIN-4774,IN_PROGRESS,2025-11-19 00:53:29,USR-84395
WIN-4774,IN_REVIEW,2025-11-20 13:53:29,USR-84395
WIN-4774,DONE,2025-11-22 07:53:29,USR-84395
WIN-4774,REOPENED,2025-11-23 14:53:29,USR-94252
WIN-4774,IN_PROGRESS,2025-11-23 16:53:29,USR-84395
WIN-4774,DONE,2025-11-24 08:53:29,USR-84395
ANIM-3388,TO_DO,2026-05-08 02:38:15,USR-88554
ANIM-3388,IN_PROGRESS,2026-05-09 01:38:15,USR-88554
ANIM-3388,IN_REVIEW,2026-05-10 18:38:15,USR-88554
ANIM-3388,DONE,2026-05-12 03:38:15,USR-88554
ANIM-3388,REOPENED,2026-05-12 13:38:15,USR-54089
ANIM-3388,IN_PROGRESS,2026-05-12 22:38:15,USR-88554
ANIM-3388,DONE,2026-05-13 14:38:15,USR-88554
LIST-8587,TO_DO,2026-03-13 06:59:39,USR-56346
LIST-8587,IN_PROGRESS,2026-03-15 05:59:39,USR-56346
LIST-8587,IN_REVIEW,2026-03-15 09:59:39,USR-56346
LIST-8587,DONE,2026-03-16 08:59:39,USR-56346
LIST-1377,TO_DO,2025-12-15 15:40:28,USR-64805
LIST-1377,IN_PROGRESS,2025-12-15 19:40:28,USR-64805
LIST-1377,IN_REVIEW,2025-12-16 15:40:28,USR-64805
LIST-1377,DONE,2025-12-18 04:40:28,USR-64805
ANIM-3980,TO_DO,2026-04-01 23:16:20,USR-28818
ANIM-3980,IN_PROGRESS,2026-04-03 02:16:20,USR-28818
ANIM-3980,IN_REVIEW,2026-04-05 00:16:20,USR-28818
ANIM-3980,DONE,2026-04-06 16:16:20,USR-28818
DEVE-1381,TO_DO,2026-06-01 06:03:12,USR-84395
DEVE-1381,IN_PROGRESS,2026-06-02 11:03:12,USR-84395
DEVE-1381,IN_REVIEW,2026-06-03 14:03:12,USR-84395
DEVE-1381,DONE,2026-06-05 12:03:12,USR-84395
PROF-1577,TO_DO,2026-08-25 13:18:41,USR-22196
PROF-1577,IN_PROGRESS,2026-08-26 05:18:41,USR-22196
PROF-1577,IN_REVIEW,2026-08-27 15:18:41,USR-22196
PROF-1577,DONE,2026-08-29 04:18:41,USR-22196
PROF-1577,REOPENED,2026-08-30 13:18:41,USR-45683
PROF-1577,IN_PROGRESS,2026-08-31 06:18:41,USR-22196
PROF-1577,DONE,2026-09-01 18:18:41,USR-22196
LIST-8254,TO_DO,2025-12-15 22:04:25,USR-15965
LIST-8254,IN_PROGRESS,2025-12-16 04:04:25,USR-15965
LIST-8254,IN_REVIEW,2025-12-16 19:04:25,USR-15965
LIST-8254,DONE,2025-12-17 21:04:25,USR-15965
DEVE-7827,TO_DO,2026-06-16 12:57:56,USR-24089
DEVE-7827,IN_PROGRESS,2026-06-16 20:57:56,USR-24089
DEVE-7827,IN_REVIEW,2026-06-18 20:57:56,USR-24089
DEVE-7827,DONE,2026-06-19 10:57:56,USR-24089
ORGA-1149,TO_DO,2025-12-04 19:18:10,USR-77251
ORGA-1149,IN_PROGRESS,2025-12-05 02:18:10,USR-77251
ORGA-1149,IN_REVIEW,2025-12-06 16:18:10,USR-77251
ORGA-1149,DONE,2025-12-08 09:18:10,USR-77251
PROF-9338,TO_DO,2026-03-08 13:01:03,USR-17665
PROF-9338,IN_PROGRESS,2026-03-10 04:01:03,USR-17665
PROF-9338,IN_REVIEW,2026-03-11 02:01:03,USR-17665
PROF-9338,DONE,2026-03-13 02:01:03,USR-17665
PROF-9338,REOPENED,2026-03-13 19:01:03,USR-22196
PROF-9338,IN_PROGRESS,2026-03-14 13:01:03,USR-17665
PROF-9338,DONE,2026-03-15 03:01:03,USR-17665
CONF-5748,TO_DO,2026-09-20 00:49:00,USR-88997
CONF-5748,IN_PROGRESS,2026-09-22 00:49:00,USR-88997
CONF-5748,IN_REVIEW,2026-09-22 05:49:00,USR-88997
CONF-5748,DONE,2026-09-23 06:49:00,USR-88997
CHOI-8217,TO_DO,2026-01-06 20:31:19,USR-46046
CHOI-8217,IN_PROGRESS,2026-01-07 11:31:19,USR-46046
CHOI-8217,IN_REVIEW,2026-01-09 05:31:19,USR-46046
CHOI-8217,DONE,2026-01-09 10:31:19,USR-46046
CHOI-8217,REOPENED,2026-01-11 00:31:19,USR-68008
CHOI-8217,IN_PROGRESS,2026-01-11 11:31:19,USR-46046
CHOI-8217,DONE,2026-01-12 05:31:19,USR-46046
ANIM-7452,TO_DO,2026-05-14 14:30:04,USR-37801
ANIM-7452,IN_PROGRESS,2026-05-16 08:30:04,USR-37801
ANIM-7452,IN_REVIEW,2026-05-17 19:30:04,USR-37801
ANIM-7452,DONE,2026-05-18 23:30:04,USR-37801
ORGA-3445,TO_DO,2026-06-02 09:23:28,USR-17894
ORGA-3445,IN_PROGRESS,2026-06-02 21:23:28,USR-17894
ORGA-3445,IN_REVIEW,2026-06-04 08:23:28,USR-17894
ORGA-3445,DONE,2026-06-04 20:23:28,USR-17894
LIST-1026,TO_DO,2025-10-21 14:35:30,USR-69609
LIST-1026,IN_PROGRESS,2025-10-21 18:35:30,USR-69609
LIST-1026,IN_REVIEW,2025-10-22 23:35:30,USR-69609
LIST-1026,DONE,2025-10-24 09:35:30,USR-69609
WIN-7997,TO_DO,2026-05-02 23:22:22,USR-91857
WIN-7997,IN_PROGRESS,2026-05-04 09:22:22,USR-91857
WIN-7997,IN_REVIEW,2026-05-04 12:22:22,USR-91857
WIN-7997,DONE,2026-05-06 05:22:22,USR-91857
CHOI-6307,TO_DO,2026-08-12 04:28:45,USR-60140
CHOI-6307,IN_PROGRESS,2026-08-13 18:28:45,USR-60140
CHOI-6307,IN_REVIEW,2026-08-15 02:28:45,USR-60140
CHOI-6307,DONE,2026-08-16 01:28:45,USR-60140
THES-4785,TO_DO,2025-09-29 02:39:15,USR-65461
THES-4785,IN_PROGRESS,2025-09-30 18:39:15,USR-65461
THES-4785,IN_REVIEW,2025-10-02 12:39:15,USR-65461
THES-4785,DONE,2025-10-03 00:39:15,USR-65461
CONF-9004,TO_DO,2026-04-19 21:11:54,USR-69890
CONF-9004,IN_PROGRESS,2026-04-21 08:11:54,USR-69890
CONF-9004,IN_REVIEW,2026-04-22 10:11:54,USR-69890
CONF-9004,DONE,2026-04-24 07:11:54,USR-69890
ORGA-8270,TO_DO,2026-06-09 13:13:42,USR-58623
ORGA-8270,IN_PROGRESS,2026-06-11 06:13:42,USR-58623
ORGA-8270,IN_REVIEW,2026-06-12 15:13:42,USR-58623
ORGA-8270,DONE,2026-06-13 20:13:42,USR-58623
WIN-4670,TO_DO,2026-03-20 05:27:54,USR-18564
WIN-4670,IN_PROGRESS,2026-03-21 02:27:54,USR-18564
WIN-4670,IN_REVIEW,2026-03-21 11:27:54,USR-18564
WIN-4670,DONE,2026-03-23 04:27:54,USR-18564
TERM-9673,TO_DO,2025-11-26 13:22:27,USR-91689
TERM-9673,IN_PROGRESS,2025-11-27 04:22:27,USR-91689
TERM-9673,IN_REVIEW,2025-11-28 04:22:27,USR-91689
TERM-9673,DONE,2025-11-29 14:22:27,USR-91689
DEVE-2806,TO_DO,2026-04-15 22:50:58,USR-14244
DEVE-2806,IN_PROGRESS,2026-04-17 12:50:58,USR-14244
DEVE-2806,IN_REVIEW,2026-04-18 20:50:58,USR-14244
DEVE-2806,DONE,2026-04-20 15:50:58,USR-14244
ANIM-3827,TO_DO,2026-03-06 23:10:17,USR-76562
ANIM-3827,IN_PROGRESS,2026-03-07 20:10:17,USR-76562
ANIM-3827,IN_REVIEW,2026-03-09 16:10:17,USR-76562
ANIM-3827,DONE,2026-03-11 08:10:17,USR-76562
TERM-7251,TO_DO,2026-08-23 07:21:27,USR-32871
TERM-7251,IN_PROGRESS,2026-08-25 02:21:27,USR-32871
TERM-7251,IN_REVIEW,2026-08-27 00:21:27,USR-32871
TERM-7251,DONE,2026-08-27 05:21:27,USR-32871
LIST-1550,TO_DO,2026-02-05 13:13:23,USR-97062
LIST-1550,IN_PROGRESS,2026-02-06 12:13:23,USR-97062
LIST-1550,IN_REVIEW,2026-02-07 04:13:23,USR-97062
LIST-1550,DONE,2026-02-08 10:13:23,USR-97062
WIN-9634,TO_DO,2026-06-20 03:14:47,USR-60052
WIN-9634,IN_PROGRESS,2026-06-20 22:14:47,USR-60052
WIN-9634,IN_REVIEW,2026-06-22 02:14:47,USR-60052
WIN-9634,DONE,2026-06-22 05:14:47,USR-60052
PROF-3527,TO_DO,2026-08-03 13:24:08,USR-37884
PROF-3527,IN_PROGRESS,2026-08-05 07:24:08,USR-37884
PROF-3527,IN_REVIEW,2026-08-07 05:24:08,USR-37884
PROF-3527,DONE,2026-08-07 15:24:08,USR-37884
ANIM-1787,TO_DO,2025-10-19 00:13:44,USR-49363
ANIM-1787,IN_PROGRESS,2025-10-20 17:13:44,USR-49363
ANIM-1787,IN_REVIEW,2025-10-22 07:13:44,USR-49363
ANIM-1787,DONE,2025-10-22 13:13:44,USR-49363
CONF-3509,TO_DO,2026-01-13 22:07:32,USR-85821
CONF-3509,IN_PROGRESS,2026-01-15 08:07:32,USR-85821
CONF-3509,IN_REVIEW,2026-01-16 09:07:32,USR-85821
CONF-3509,DONE,2026-01-16 13:07:32,USR-85821
THES-6855,TO_DO,2026-02-03 15:49:13,USR-32103
THES-6855,IN_PROGRESS,2026-02-03 18:49:13,USR-32103
THES-6855,IN_REVIEW,2026-02-05 15:49:13,USR-32103
THES-6855,DONE,2026-02-07 00:49:13,USR-32103
WIN-6243,TO_DO,2026-06-09 09:18:46,USR-30932
WIN-6243,IN_PROGRESS,2026-06-10 00:18:46,USR-30932
WIN-6243,IN_REVIEW,2026-06-11 16:18:46,USR-30932
WIN-6243,DONE,2026-06-12 17:18:46,USR-30932
TERM-9388,TO_DO,2025-10-04 03:42:06,USR-85392
TERM-9388,IN_PROGRESS,2025-10-05 11:42:06,USR-85392
TERM-9388,IN_REVIEW,2025-10-06 10:42:06,USR-85392
TERM-9388,DONE,2025-10-06 17:42:06,USR-85392
CONF-2639,TO_DO,2026-03-03 06:09:30,USR-67711
CONF-2639,IN_PROGRESS,2026-03-04 20:09:30,USR-67711
CONF-2639,IN_REVIEW,2026-03-06 17:09:30,USR-67711
CONF-2639,DONE,2026-03-08 15:09:30,USR-67711
CHOI-2572,TO_DO,2026-09-18 13:43:55,USR-12154
CHOI-2572,IN_PROGRESS,2026-09-19 18:43:55,USR-12154
CHOI-2572,IN_REVIEW,2026-09-20 13:43:55,USR-12154
CHOI-2572,DONE,2026-09-22 06:43:55,USR-12154
ANIM-9519,TO_DO,2026-02-10 14:52:19,USR-42406
ANIM-9519,IN_PROGRESS,2026-02-11 22:52:19,USR-42406
ANIM-9519,IN_REVIEW,2026-02-12 17:52:19,USR-42406
ANIM-9519,DONE,2026-02-13 23:52:19,USR-42406
ORGA-6742,TO_DO,2026-07-30 15:51:28,USR-72781
ORGA-6742,IN_PROGRESS,2026-07-31 12:51:28,USR-72781
ORGA-6742,IN_REVIEW,2026-08-02 12:51:28,USR-72781
ORGA-6742,DONE,2026-08-04 05:51:28,USR-72781
PROF-6012,TO_DO,2026-08-19 07:44:18,USR-41946
PROF-6012,IN_PROGRESS,2026-08-20 06:44:18,USR-41946
PROF-6012,IN_REVIEW,2026-08-21 10:44:18,USR-41946
PROF-6012,DONE,2026-08-23 00:44:18,USR-41946
ANIM-1043,TO_DO,2026-06-30 13:45:37,USR-71925
ANIM-1043,IN_PROGRESS,2026-07-01 10:45:37,USR-71925
ANIM-1043,IN_REVIEW,2026-07-01 19:45:37,USR-71925
ANIM-1043,DONE,2026-07-02 19:45:37,USR-71925
WIN-8599,TO_DO,2026-03-25 23:38:19,USR-23875
WIN-8599,IN_PROGRESS,2026-03-27 06:38:19,USR-23875
WIN-8599,IN_REVIEW,2026-03-28 13:38:19,USR-23875
WIN-8599,DONE,2026-03-29 05:38:19,USR-23875
CONF-5306,TO_DO,2026-09-15 21:14:06,USR-20345
CONF-5306,IN_PROGRESS,2026-09-16 07:14:06,USR-20345
CONF-5306,IN_REVIEW,2026-09-16 20:14:06,USR-20345
CONF-5306,DONE,2026-09-17 20:14:06,USR-20345
TERM-9199,TO_DO,2026-02-24 05:17:29,USR-62772
TERM-9199,IN_PROGRESS,2026-02-25 02:17:29,USR-62772
TERM-9199,IN_REVIEW,2026-02-25 10:17:29,USR-62772
TERM-9199,DONE,2026-02-26 13:17:29,USR-62772
WIN-7129,TO_DO,2026-03-07 20:55:26,USR-20308
WIN-7129,IN_PROGRESS,2026-03-09 08:55:26,USR-20308
WIN-7129,IN_REVIEW,2026-03-10 09:55:26,USR-20308
WIN-7129,DONE,2026-03-11 10:55:26,USR-20308
LIST-1289,TO_DO,2026-02-20 08:07:11,USR-28140
LIST-1289,IN_PROGRESS,2026-02-21 05:07:11,USR-28140
LIST-1289,IN_REVIEW,2026-02-22 14:07:11,USR-28140
LIST-1289,DONE,2026-02-23 15:07:11,USR-28140
THES-7697,TO_DO,2026-04-27 19:52:40,USR-57265
THES-7697,IN_PROGRESS,2026-04-28 09:52:40,USR-57265
THES-7697,IN_REVIEW,2026-04-29 13:52:40,USR-57265
THES-7697,DONE,2026-04-30 01:52:40,USR-57265
PROF-5947,TO_DO,2026-04-14 20:37:32,USR-80284
PROF-5947,IN_PROGRESS,2026-04-16 02:37:32,USR-80284
PROF-5947,IN_REVIEW,2026-04-17 20:37:32,USR-80284
PROF-5947,DONE,2026-04-19 19:37:32,USR-80284
CHOI-9072,TO_DO,2026-04-18 21:47:03,USR-97833
CHOI-9072,IN_PROGRESS,2026-04-19 21:47:03,USR-97833
CHOI-9072,IN_REVIEW,2026-04-21 20:47:03,USR-97833
CHOI-9072,DONE,2026-04-22 18:47:03,USR-97833
WIN-1683,TO_DO,2026-08-08 17:16:06,USR-16428
WIN-1683,IN_PROGRESS,2026-08-08 21:16:06,USR-16428
WIN-1683,IN_REVIEW,2026-08-09 06:16:06,USR-16428
WIN-1683,DONE,2026-08-10 13:16:06,USR-16428
PROF-7361,TO_DO,2025-10-29 19:31:22,USR-44737
PROF-7361,IN_PROGRESS,2025-10-30 03:31:22,USR-44737
PROF-7361,IN_REVIEW,2025-10-31 09:31:22,USR-44737
PROF-7361,DONE,2025-10-31 13:31:22,USR-44737
PROF-7361,REOPENED,2025-11-01 15:31:22,USR-79822
PROF-7361,IN_PROGRESS,2025-11-02 06:31:22,USR-44737
PROF-7361,DONE,2025-11-03 22:31:22,USR-44737
CHOI-1547,TO_DO,2026-01-17 09:50:33,USR-67595
CHOI-1547,IN_PROGRESS,2026-01-19 06:50:33,USR-67595
CHOI-1547,IN_REVIEW,2026-01-19 14:50:33,USR-67595
CHOI-1547,DONE,2026-01-20 17:50:33,USR-67595
ANIM-2799,TO_DO,2026-05-24 12:56:10,USR-15683
ANIM-2799,IN_PROGRESS,2026-05-25 17:56:10,USR-15683
ANIM-2799,IN_REVIEW,2026-05-26 23:56:10,USR-15683
ANIM-2799,DONE,2026-05-28 02:56:10,USR-15683
PROF-6782,TO_DO,2025-10-10 01:16:02,USR-30181
PROF-6782,IN_PROGRESS,2025-10-12 00:16:02,USR-30181
PROF-6782,IN_REVIEW,2025-10-13 11:16:02,USR-30181
PROF-6782,DONE,2025-10-15 03:16:02,USR-30181
DEVE-9012,TO_DO,2026-08-08 02:37:29,USR-78522
DEVE-9012,IN_PROGRESS,2026-08-08 17:37:29,USR-78522
DEVE-9012,IN_REVIEW,2026-08-09 09:37:29,USR-78522
DEVE-9012,DONE,2026-08-10 09:37:29,USR-78522
DEVE-9012,REOPENED,2026-08-10 17:37:29,USR-18907
DEVE-9012,IN_PROGRESS,2026-08-11 00:37:29,USR-78522
DEVE-9012,DONE,2026-08-12 19:37:29,USR-78522
DEVE-2219,TO_DO,2026-06-04 05:08:23,USR-21188
DEVE-2219,IN_PROGRESS,2026-06-05 22:08:23,USR-21188
DEVE-2219,IN_REVIEW,2026-06-06 14:08:23,USR-21188
DEVE-2219,DONE,2026-06-07 19:08:23,USR-21188
PROF-6138,TO_DO,2026-09-14 19:19:14,USR-73736
PROF-6138,IN_PROGRESS,2026-09-16 17:19:14,USR-73736
PROF-6138,IN_REVIEW,2026-09-17 12:19:14,USR-73736
PROF-6138,DONE,2026-09-18 23:19:14,USR-73736
PROF-1180,TO_DO,2025-10-18 12:58:31,USR-67711
PROF-1180,IN_PROGRESS,2025-10-20 06:58:31,USR-67711
PROF-1180,IN_REVIEW,2025-10-21 11:58:31,USR-67711
PROF-1180,DONE,2025-10-22 12:58:31,USR-67711
ANIM-7387,TO_DO,2026-08-03 18:54:23,USR-30257
ANIM-7387,IN_PROGRESS,2026-08-05 18:54:23,USR-30257
ANIM-7387,IN_REVIEW,2026-08-07 02:54:23,USR-30257
ANIM-7387,DONE,2026-08-08 17:54:23,USR-30257
THES-3318,TO_DO,2026-09-17 10:32:33,USR-59140
THES-3318,IN_PROGRESS,2026-09-17 17:32:33,USR-59140
THES-3318,IN_REVIEW,2026-09-18 03:32:33,USR-59140
THES-3318,DONE,2026-09-20 00:32:33,USR-59140
PROF-3723,TO_DO,2026-03-02 04:19:57,USR-85156
PROF-3723,IN_PROGRESS,2026-03-02 11:19:57,USR-85156
PROF-3723,IN_REVIEW,2026-03-02 19:19:57,USR-85156
PROF-3723,DONE,2026-03-04 10:19:57,USR-85156
PROF-3723,REOPENED,2026-03-05 19:19:57,USR-84228
PROF-3723,IN_PROGRESS,2026-03-06 16:19:57,USR-85156
PROF-3723,DONE,2026-03-08 06:19:57,USR-85156
CONF-3404,TO_DO,2026-03-04 19:10:18,USR-46512
CONF-3404,IN_PROGRESS,2026-03-06 01:10:18,USR-46512
CONF-3404,IN_REVIEW,2026-03-06 19:10:18,USR-46512
CONF-3404,DONE,2026-03-08 13:10:18,USR-46512
CHOI-7185,TO_DO,2026-07-18 04:52:36,USR-10053
CHOI-7185,IN_PROGRESS,2026-07-18 23:52:36,USR-10053
CHOI-7185,IN_REVIEW,2026-07-19 19:52:36,USR-10053
CHOI-7185,DONE,2026-07-20 01:52:36,USR-10053
LIST-2598,TO_DO,2025-11-12 17:55:54,USR-83584
LIST-2598,IN_PROGRESS,2025-11-13 19:55:54,USR-83584
LIST-2598,IN_REVIEW,2025-11-15 01:55:54,USR-83584
LIST-2598,DONE,2025-11-15 15:55:54,USR-83584
DEVE-6539,TO_DO,2026-05-25 05:05:23,USR-94518
DEVE-6539,IN_PROGRESS,2026-05-25 20:05:23,USR-94518
DEVE-6539,IN_REVIEW,2026-05-27 02:05:23,USR-94518
DEVE-6539,DONE,2026-05-29 02:05:23,USR-94518
DEVE-6539,REOPENED,2026-05-30 07:05:23,USR-49363
DEVE-6539,IN_PROGRESS,2026-05-31 00:05:23,USR-94518
DEVE-6539,DONE,2026-05-31 23:05:23,USR-94518
THES-9799,TO_DO,2026-04-07 16:45:48,USR-28202
THES-9799,IN_PROGRESS,2026-04-08 04:45:48,USR-28202
THES-9799,IN_REVIEW,2026-04-08 07:45:48,USR-28202
THES-9799,DONE,2026-04-08 13:45:48,USR-28202
LIST-4994,TO_DO,2026-06-23 20:36:07,USR-13804
LIST-4994,IN_PROGRESS,2026-06-24 08:36:07,USR-13804
LIST-4994,IN_REVIEW,2026-06-25 20:36:07,USR-13804
LIST-4994,DONE,2026-06-26 11:36:07,USR-13804
DEVE-4204,TO_DO,2025-12-11 01:02:18,USR-31581
DEVE-4204,IN_PROGRESS,2025-12-11 05:02:18,USR-31581
DEVE-4204,IN_REVIEW,2025-12-13 05:02:18,USR-31581
DEVE-4204,DONE,2025-12-14 19:02:18,USR-31581
DEVE-4204,REOPENED,2025-12-14 21:02:18,USR-86435
DEVE-4204,IN_PROGRESS,2025-12-15 11:02:18,USR-31581
DEVE-4204,DONE,2025-12-17 09:02:18,USR-31581
TERM-8135,TO_DO,2026-01-25 12:47:38,USR-25906
TERM-8135,IN_PROGRESS,2026-01-26 13:47:38,USR-25906
TERM-8135,IN_REVIEW,2026-01-26 15:47:38,USR-25906
TERM-8135,DONE,2026-01-27 23:47:38,USR-25906
TERM-8135,REOPENED,2026-01-29 03:47:38,USR-80804
TERM-8135,IN_PROGRESS,2026-01-30 00:47:38,USR-25906
TERM-8135,DONE,2026-01-31 10:47:38,USR-25906
THES-7816,TO_DO,2025-10-06 21:55:41,USR-84177
THES-7816,IN_PROGRESS,2025-10-08 08:55:41,USR-84177
THES-7816,IN_REVIEW,2025-10-09 11:55:41,USR-84177
THES-7816,DONE,2025-10-11 00:55:41,USR-84177
CHOI-2687,TO_DO,2026-09-05 14:05:15,USR-18330
CHOI-2687,IN_PROGRESS,2026-09-06 16:05:15,USR-18330
CHOI-2687,IN_REVIEW,2026-09-07 13:05:15,USR-18330
CHOI-2687,DONE,2026-09-09 08:05:15,USR-18330
ORGA-5205,TO_DO,2026-07-25 20:27:41,USR-88697
ORGA-5205,IN_PROGRESS,2026-07-26 00:27:41,USR-88697
ORGA-5205,IN_REVIEW,2026-07-26 22:27:41,USR-88697
ORGA-5205,DONE,2026-07-28 21:27:41,USR-88697
PROF-1334,TO_DO,2025-12-28 17:16:43,USR-51904
PROF-1334,IN_PROGRESS,2025-12-30 12:16:43,USR-51904
PROF-1334,IN_REVIEW,2025-12-30 14:16:43,USR-51904
PROF-1334,DONE,2025-12-31 06:16:43,USR-51904
ANIM-6509,TO_DO,2025-12-10 17:40:11,USR-16863
ANIM-6509,IN_PROGRESS,2025-12-12 06:40:11,USR-16863
ANIM-6509,IN_REVIEW,2025-12-12 12:40:11,USR-16863
ANIM-6509,DONE,2025-12-13 13:40:11,USR-16863
CONF-2635,TO_DO,2026-02-08 10:32:50,USR-76307
CONF-2635,IN_PROGRESS,2026-02-09 05:32:50,USR-76307
CONF-2635,IN_REVIEW,2026-02-09 18:32:50,USR-76307
CONF-2635,DONE,2026-02-10 03:32:50,USR-76307
PROF-2097,TO_DO,2026-05-25 09:34:48,USR-17852
PROF-2097,IN_PROGRESS,2026-05-25 21:34:48,USR-17852
PROF-2097,IN_REVIEW,2026-05-27 00:34:48,USR-17852
PROF-2097,DONE,2026-05-27 02:34:48,USR-17852
ANIM-2852,TO_DO,2026-03-29 13:24:32,USR-62855
ANIM-2852,IN_PROGRESS,2026-03-30 14:24:32,USR-62855
ANIM-2852,IN_REVIEW,2026-03-31 09:24:32,USR-62855
ANIM-2852,DONE,2026-04-01 19:24:32,USR-62855
ANIM-4799,TO_DO,2026-08-14 20:18:45,USR-95841
ANIM-4799,IN_PROGRESS,2026-08-16 17:18:45,USR-95841
ANIM-4799,IN_REVIEW,2026-08-18 10:18:45,USR-95841
ANIM-4799,DONE,2026-08-20 04:18:45,USR-95841
DEVE-7688,TO_DO,2026-04-24 11:51:23,USR-22245
DEVE-7688,IN_PROGRESS,2026-04-25 05:51:23,USR-22245
DEVE-7688,IN_REVIEW,2026-04-26 07:51:23,USR-22245
DEVE-7688,DONE,2026-04-27 21:51:23,USR-22245
WIN-3000,TO_DO,2025-11-24 01:07:11,USR-33703
WIN-3000,IN_PROGRESS,2025-11-24 12:07:11,USR-33703
WIN-3000,IN_REVIEW,2025-11-26 00:07:11,USR-33703
WIN-3000,DONE,2025-11-26 17:07:11,USR-33703
WIN-3000,REOPENED,2025-11-27 07:07:11,USR-31178
WIN-3000,IN_PROGRESS,2025-11-27 10:07:11,USR-33703
WIN-3000,DONE,2025-11-29 02:07:11,USR-33703
WIN-7023,TO_DO,2026-02-26 19:47:00,USR-72781
WIN-7023,IN_PROGRESS,2026-02-27 11:47:00,USR-72781
WIN-7023,IN_REVIEW,2026-02-28 10:47:00,USR-72781
WIN-7023,DONE,2026-03-02 02:47:00,USR-72781
THES-9073,TO_DO,2026-09-17 10:12:54,USR-48058
THES-9073,IN_PROGRESS,2026-09-18 10:12:54,USR-48058
THES-9073,IN_REVIEW,2026-09-19 14:12:54,USR-48058
THES-9073,DONE,2026-09-21 00:12:54,USR-48058
DEVE-5971,TO_DO,2025-10-01 18:39:40,USR-26059
DEVE-5971,IN_PROGRESS,2025-10-02 21:39:40,USR-26059
DEVE-5971,IN_REVIEW,2025-10-03 15:39:40,USR-26059
DEVE-5971,DONE,2025-10-05 03:39:40,USR-26059
DEVE-5971,REOPENED,2025-10-05 19:39:40,USR-30028
DEVE-5971,IN_PROGRESS,2025-10-06 16:39:40,USR-26059
DEVE-5971,DONE,2025-10-08 12:39:40,USR-26059
LIST-6255,TO_DO,2026-09-11 23:19:27,USR-87993
LIST-6255,IN_PROGRESS,2026-09-13 06:19:27,USR-87993
LIST-6255,IN_REVIEW,2026-09-14 09:19:27,USR-87993
LIST-6255,DONE,2026-09-15 16:19:27,USR-87993
ORGA-1993,TO_DO,2026-03-08 02:14:38,USR-40784
ORGA-1993,IN_PROGRESS,2026-03-10 01:14:38,USR-40784
ORGA-1993,IN_REVIEW,2026-03-11 08:14:38,USR-40784
ORGA-1993,DONE,2026-03-13 05:14:38,USR-40784
ORGA-1993,REOPENED,2026-03-14 23:14:38,USR-20735
ORGA-1993,IN_PROGRESS,2026-03-15 21:14:38,USR-40784
ORGA-1993,DONE,2026-03-16 15:14:38,USR-40784
THES-8740,TO_DO,2026-01-07 08:00:37,USR-19545
THES-8740,IN_PROGRESS,2026-01-09 08:00:37,USR-19545
THES-8740,IN_REVIEW,2026-01-11 08:00:37,USR-19545
THES-8740,DONE,2026-01-12 14:00:37,USR-19545
TERM-5325,TO_DO,2026-07-22 10:43:00,USR-61173
TERM-5325,IN_PROGRESS,2026-07-22 14:43:00,USR-61173
TERM-5325,IN_REVIEW,2026-07-24 05:43:00,USR-61173
TERM-5325,DONE,2026-07-25 02:43:00,USR-61173
TERM-4558,TO_DO,2025-12-01 06:15:48,USR-14117
TERM-4558,IN_PROGRESS,2025-12-02 02:15:48,USR-14117
TERM-4558,IN_REVIEW,2025-12-02 14:15:48,USR-14117
TERM-4558,DONE,2025-12-03 22:15:48,USR-14117
TERM-6896,TO_DO,2026-05-23 20:06:09,USR-83874
TERM-6896,IN_PROGRESS,2026-05-24 04:06:09,USR-83874
TERM-6896,IN_REVIEW,2026-05-24 12:06:09,USR-83874
TERM-6896,DONE,2026-05-24 17:06:09,USR-83874
CONF-8744,TO_DO,2026-01-14 12:26:48,USR-59968
CONF-8744,IN_PROGRESS,2026-01-15 16:26:48,USR-59968
CONF-8744,IN_REVIEW,2026-01-16 15:26:48,USR-59968
CONF-8744,DONE,2026-01-17 22:26:48,USR-59968
LIST-8469,TO_DO,2025-11-04 21:07:55,USR-67640
LIST-8469,IN_PROGRESS,2025-11-05 16:07:55,USR-67640
LIST-8469,IN_REVIEW,2025-11-07 13:07:55,USR-67640
LIST-8469,DONE,2025-11-07 16:07:55,USR-67640
CONF-1170,TO_DO,2025-11-29 05:59:55,USR-61505
CONF-1170,IN_PROGRESS,2025-11-30 09:59:55,USR-61505
CONF-1170,IN_REVIEW,2025-11-30 11:59:55,USR-61505
CONF-1170,DONE,2025-12-01 16:59:55,USR-61505
CONF-3981,TO_DO,2026-08-03 03:15:17,USR-33028
CONF-3981,IN_PROGRESS,2026-08-03 13:15:17,USR-33028
CONF-3981,IN_REVIEW,2026-08-04 17:15:17,USR-33028
CONF-3981,DONE,2026-08-06 06:15:17,USR-33028
DEVE-8255,TO_DO,2025-09-29 15:58:59,USR-67711
DEVE-8255,IN_PROGRESS,2025-10-01 10:58:59,USR-67711
DEVE-8255,IN_REVIEW,2025-10-02 01:58:59,USR-67711
DEVE-8255,DONE,2025-10-03 15:58:59,USR-67711
ORGA-3364,TO_DO,2026-04-21 11:35:13,USR-47667
ORGA-3364,IN_PROGRESS,2026-04-21 17:35:13,USR-47667
ORGA-3364,IN_REVIEW,2026-04-23 13:35:13,USR-47667
ORGA-3364,DONE,2026-04-23 20:35:13,USR-47667
TERM-4905,TO_DO,2026-01-17 06:53:02,USR-84668
TERM-4905,IN_PROGRESS,2026-01-19 02:53:02,USR-84668
TERM-4905,IN_REVIEW,2026-01-19 06:53:02,USR-84668
TERM-4905,DONE,2026-01-20 10:53:02,USR-84668
ANIM-5709,TO_DO,2026-07-31 18:52:53,USR-44237
ANIM-5709,IN_PROGRESS,2026-08-01 09:52:53,USR-44237
ANIM-5709,IN_REVIEW,2026-08-03 02:52:53,USR-44237
ANIM-5709,DONE,2026-08-04 17:52:53,USR-44237
CHOI-5586,TO_DO,2026-09-20 08:13:06,USR-33788
CHOI-5586,IN_PROGRESS,2026-09-21 22:13:06,USR-33788
CHOI-5586,IN_REVIEW,2026-09-22 16:13:06,USR-33788
CHOI-5586,DONE,2026-09-24 15:13:06,USR-33788
DEVE-7534,TO_DO,2026-02-23 05:12:15,USR-84668
DEVE-7534,IN_PROGRESS,2026-02-24 03:12:15,USR-84668
DEVE-7534,IN_REVIEW,2026-02-24 13:12:15,USR-84668
DEVE-7534,DONE,2026-02-26 05:12:15,USR-84668
THES-3237,TO_DO,2026-04-30 16:30:01,USR-86435
THES-3237,IN_PROGRESS,2026-05-01 10:30:01,USR-86435
THES-3237,IN_REVIEW,2026-05-02 04:30:01,USR-86435
THES-3237,DONE,2026-05-03 15:30:01,USR-86435
WIN-5706,TO_DO,2026-02-27 19:44:28,USR-78069
WIN-5706,IN_PROGRESS,2026-03-01 13:44:28,USR-78069
WIN-5706,IN_REVIEW,2026-03-03 00:44:28,USR-78069
WIN-5706,DONE,2026-03-03 02:44:28,USR-78069
ANIM-6932,TO_DO,2026-06-05 04:55:33,USR-51853
ANIM-6932,IN_PROGRESS,2026-06-05 21:55:33,USR-51853
ANIM-6932,IN_REVIEW,2026-06-07 03:55:33,USR-51853
ANIM-6932,DONE,2026-06-08 07:55:33,USR-51853
ANIM-6982,TO_DO,2026-05-14 23:53:06,USR-60140
ANIM-6982,IN_PROGRESS,2026-05-16 11:53:06,USR-60140
ANIM-6982,IN_REVIEW,2026-05-17 14:53:06,USR-60140
ANIM-6982,DONE,2026-05-17 17:53:06,USR-60140
ANIM-1688,TO_DO,2025-11-21 13:00:41,USR-77568
ANIM-1688,IN_PROGRESS,2025-11-22 21:00:41,USR-77568
ANIM-1688,IN_REVIEW,2025-11-23 01:00:41,USR-77568
ANIM-1688,DONE,2025-11-23 08:00:41,USR-77568
WIN-7574,TO_DO,2026-02-18 00:52:03,USR-62743
WIN-7574,IN_PROGRESS,2026-02-19 08:52:03,USR-62743
WIN-7574,IN_REVIEW,2026-02-20 22:52:03,USR-62743
WIN-7574,DONE,2026-02-22 09:52:03,USR-62743
ANIM-9509,TO_DO,2025-10-16 04:22:41,USR-53583
ANIM-9509,IN_PROGRESS,2025-10-17 01:22:41,USR-53583
ANIM-9509,IN_REVIEW,2025-10-18 15:22:41,USR-53583
ANIM-9509,DONE,2025-10-19 16:22:41,USR-53583
ANIM-2853,TO_DO,2026-01-29 20:55:23,USR-39038
ANIM-2853,IN_PROGRESS,2026-01-29 22:55:23,USR-39038
ANIM-2853,IN_REVIEW,2026-01-30 15:55:23,USR-39038
ANIM-2853,DONE,2026-01-31 05:55:23,USR-39038
LIST-9299,TO_DO,2026-07-14 02:44:20,USR-59615
LIST-9299,IN_PROGRESS,2026-07-15 13:44:20,USR-59615
LIST-9299,IN_REVIEW,2026-07-16 22:44:20,USR-59615
LIST-9299,DONE,2026-07-17 19:44:20,USR-59615
LIST-9299,REOPENED,2026-07-18 18:44:20,USR-65302
LIST-9299,IN_PROGRESS,2026-07-19 16:44:20,USR-59615
LIST-9299,DONE,2026-07-20 01:44:20,USR-59615
ANIM-1347,TO_DO,2026-05-02 20:05:52,USR-80748
ANIM-1347,IN_PROGRESS,2026-05-04 20:05:52,USR-80748
ANIM-1347,IN_REVIEW,2026-05-06 05:05:52,USR-80748
ANIM-1347,DONE,2026-05-07 06:05:52,USR-80748
ANIM-1347,REOPENED,2026-05-08 03:05:52,USR-65518
ANIM-1347,IN_PROGRESS,2026-05-08 15:05:52,USR-80748
ANIM-1347,DONE,2026-05-09 12:05:52,USR-80748
THES-7526,TO_DO,2025-12-18 00:40:19,USR-66244
THES-7526,IN_PROGRESS,2025-12-18 05:40:19,USR-66244
THES-7526,IN_REVIEW,2025-12-19 00:40:19,USR-66244
THES-7526,DONE,2025-12-20 03:40:19,USR-66244
ANIM-8642,TO_DO,2026-08-29 15:15:19,USR-80284
ANIM-8642,IN_PROGRESS,2026-08-30 21:15:19,USR-80284
ANIM-8642,IN_REVIEW,2026-08-31 15:15:19,USR-80284
ANIM-8642,DONE,2026-09-01 10:15:19,USR-80284
DEVE-4765,TO_DO,2026-04-07 04:45:47,USR-71348
DEVE-4765,IN_PROGRESS,2026-04-08 16:45:47,USR-71348
DEVE-4765,IN_REVIEW,2026-04-09 06:45:47,USR-71348
DEVE-4765,DONE,2026-04-09 20:45:47,USR-71348
CONF-7102,TO_DO,2026-08-08 03:27:58,USR-76307
CONF-7102,IN_PROGRESS,2026-08-09 15:27:58,USR-76307
CONF-7102,IN_REVIEW,2026-08-11 14:27:58,USR-76307
CONF-7102,DONE,2026-08-13 09:27:58,USR-76307
ORGA-1802,TO_DO,2026-03-20 06:47:00,USR-12560
ORGA-1802,IN_PROGRESS,2026-03-20 16:47:00,USR-12560
ORGA-1802,IN_REVIEW,2026-03-21 19:47:00,USR-12560
ORGA-1802,DONE,2026-03-23 04:47:00,USR-12560
CHOI-9708,TO_DO,2026-02-11 03:49:02,USR-56438
CHOI-9708,IN_PROGRESS,2026-02-12 04:49:02,USR-56438
CHOI-9708,IN_REVIEW,2026-02-12 08:49:02,USR-56438
CHOI-9708,DONE,2026-02-14 08:49:02,USR-56438
CONF-8082,TO_DO,2026-06-18 09:02:42,USR-44116
CONF-8082,IN_PROGRESS,2026-06-18 19:02:42,USR-44116
CONF-8082,IN_REVIEW,2026-06-19 19:02:42,USR-44116
CONF-8082,DONE,2026-06-20 01:02:42,USR-44116
ANIM-1757,TO_DO,2025-10-31 23:03:02,USR-89276
ANIM-1757,IN_PROGRESS,2025-11-01 16:03:02,USR-89276
ANIM-1757,IN_REVIEW,2025-11-02 08:03:02,USR-89276
ANIM-1757,DONE,2025-11-04 07:03:02,USR-89276
ANIM-1757,REOPENED,2025-11-04 18:03:02,USR-38305
ANIM-1757,IN_PROGRESS,2025-11-05 13:03:02,USR-89276
ANIM-1757,DONE,2025-11-06 21:03:02,USR-89276
DEVE-5401,TO_DO,2025-11-16 00:31:44,USR-85574
DEVE-5401,IN_PROGRESS,2025-11-17 15:31:44,USR-85574
DEVE-5401,IN_REVIEW,2025-11-17 23:31:44,USR-85574
DEVE-5401,DONE,2025-11-18 22:31:44,USR-85574
WIN-6287,TO_DO,2026-03-17 17:31:37,USR-48254
WIN-6287,IN_PROGRESS,2026-03-18 13:31:37,USR-48254
WIN-6287,IN_REVIEW,2026-03-20 05:31:37,USR-48254
WIN-6287,DONE,2026-03-20 17:31:37,USR-48254
TERM-6476,TO_DO,2026-06-23 14:53:12,USR-76317
TERM-6476,IN_PROGRESS,2026-06-24 11:53:12,USR-76317
TERM-6476,IN_REVIEW,2026-06-26 00:53:12,USR-76317
TERM-6476,DONE,2026-06-27 07:53:12,USR-76317
CONF-7750,TO_DO,2026-06-01 10:00:32,USR-80010
CONF-7750,IN_PROGRESS,2026-06-02 03:00:32,USR-80010
CONF-7750,IN_REVIEW,2026-06-04 01:00:32,USR-80010
CONF-7750,DONE,2026-06-04 07:00:32,USR-80010
CHOI-8697,TO_DO,2026-02-24 18:15:46,USR-55820
CHOI-8697,IN_PROGRESS,2026-02-26 02:15:46,USR-55820
CHOI-8697,IN_REVIEW,2026-02-26 14:15:46,USR-55820
CHOI-8697,DONE,2026-02-27 08:15:46,USR-55820
PROF-6008,TO_DO,2026-01-07 09:50:16,USR-78765
PROF-6008,IN_PROGRESS,2026-01-07 21:50:16,USR-78765
PROF-6008,IN_REVIEW,2026-01-09 13:50:16,USR-78765
PROF-6008,DONE,2026-01-10 15:50:16,USR-78765
TERM-2807,TO_DO,2026-07-13 16:43:23,USR-23446
TERM-2807,IN_PROGRESS,2026-07-15 13:43:23,USR-23446
TERM-2807,IN_REVIEW,2026-07-17 08:43:23,USR-23446
TERM-2807,DONE,2026-07-17 12:43:23,USR-23446
CONF-1768,TO_DO,2025-12-08 00:38:19,USR-71261
CONF-1768,IN_PROGRESS,2025-12-08 10:38:19,USR-71261
CONF-1768,IN_REVIEW,2025-12-09 06:38:19,USR-71261
CONF-1768,DONE,2025-12-10 14:38:19,USR-71261
ORGA-1828,TO_DO,2026-08-23 04:05:39,USR-21915
ORGA-1828,IN_PROGRESS,2026-08-24 08:05:39,USR-21915
ORGA-1828,IN_REVIEW,2026-08-26 06:05:39,USR-21915
ORGA-1828,DONE,2026-08-27 06:05:39,USR-21915
PROF-8829,TO_DO,2025-11-17 16:43:40,USR-39552
PROF-8829,IN_PROGRESS,2025-11-18 02:43:40,USR-39552
PROF-8829,IN_REVIEW,2025-11-19 03:43:40,USR-39552
PROF-8829,DONE,2025-11-19 21:43:40,USR-39552
ANIM-1541,TO_DO,2026-09-19 20:11:50,USR-69441
ANIM-1541,IN_PROGRESS,2026-09-21 19:11:50,USR-69441
ANIM-1541,IN_REVIEW,2026-09-22 14:11:50,USR-69441
ANIM-1541,DONE,2026-09-24 08:11:50,USR-69441
THES-6440,TO_DO,2026-09-09 19:49:06,USR-19880
THES-6440,IN_PROGRESS,2026-09-10 08:49:06,USR-19880
THES-6440,IN_REVIEW,2026-09-11 11:49:06,USR-19880
THES-6440,DONE,2026-09-12 08:49:06,USR-19880
THES-6440,REOPENED,2026-09-12 14:49:06,USR-81810
THES-6440,IN_PROGRESS,2026-09-12 23:49:06,USR-19880
THES-6440,DONE,2026-09-14 10:49:06,USR-19880
WIN-7899,TO_DO,2026-06-29 08:00:45,USR-38221
WIN-7899,IN_PROGRESS,2026-06-29 18:00:45,USR-38221
WIN-7899,IN_REVIEW,2026-07-01 11:00:45,USR-38221
WIN-7899,DONE,2026-07-02 03:00:45,USR-38221
WIN-9642,TO_DO,2025-11-19 00:24:40,USR-63841
WIN-9642,IN_PROGRESS,2025-11-20 18:24:40,USR-63841
WIN-9642,IN_REVIEW,2025-11-21 11:24:40,USR-63841
WIN-9642,DONE,2025-11-23 06:24:40,USR-63841
CONF-7836,TO_DO,2026-03-10 07:53:43,USR-84928
CONF-7836,IN_PROGRESS,2026-03-11 07:53:43,USR-84928
CONF-7836,IN_REVIEW,2026-03-12 00:53:43,USR-84928
CONF-7836,DONE,2026-03-13 16:53:43,USR-84928
ANIM-3722,TO_DO,2026-05-14 11:03:50,USR-82309
ANIM-3722,IN_PROGRESS,2026-05-15 14:03:50,USR-82309
ANIM-3722,IN_REVIEW,2026-05-16 12:03:50,USR-82309
ANIM-3722,DONE,2026-05-16 14:03:50,USR-82309
PROF-3347,TO_DO,2026-01-09 07:22:38,USR-18330
PROF-3347,IN_PROGRESS,2026-01-10 04:22:38,USR-18330
PROF-3347,IN_REVIEW,2026-01-11 11:22:38,USR-18330
PROF-3347,DONE,2026-01-12 15:22:38,USR-18330
CHOI-5933,TO_DO,2026-05-26 15:13:51,USR-55293
CHOI-5933,IN_PROGRESS,2026-05-27 09:13:51,USR-55293
CHOI-5933,IN_REVIEW,2026-05-29 05:13:51,USR-55293
CHOI-5933,DONE,2026-05-29 10:13:51,USR-55293
CHOI-5933,REOPENED,2026-05-31 09:13:51,USR-56179
CHOI-5933,IN_PROGRESS,2026-05-31 19:13:51,USR-55293
CHOI-5933,DONE,2026-06-01 10:13:51,USR-55293
PROF-3047,TO_DO,2026-08-16 04:35:47,USR-69441
PROF-3047,IN_PROGRESS,2026-08-17 09:35:47,USR-69441
PROF-3047,IN_REVIEW,2026-08-18 15:35:47,USR-69441
PROF-3047,DONE,2026-08-19 16:35:47,USR-69441
CONF-4680,TO_DO,2026-05-27 19:56:54,USR-31299
CONF-4680,IN_PROGRESS,2026-05-27 22:56:54,USR-31299
CONF-4680,IN_REVIEW,2026-05-28 17:56:54,USR-31299
CONF-4680,DONE,2026-05-29 15:56:54,USR-31299
CONF-4001,TO_DO,2025-10-26 05:43:14,USR-15965
CONF-4001,IN_PROGRESS,2025-10-27 04:43:14,USR-15965
CONF-4001,IN_REVIEW,2025-10-28 11:43:14,USR-15965
CONF-4001,DONE,2025-10-29 01:43:14,USR-15965
LIST-2615,TO_DO,2026-03-31 15:15:07,USR-48427
LIST-2615,IN_PROGRESS,2026-04-02 09:15:07,USR-48427
LIST-2615,IN_REVIEW,2026-04-04 06:15:07,USR-48427
LIST-2615,DONE,2026-04-04 21:15:07,USR-48427
ANIM-4768,TO_DO,2026-02-14 08:07:25,USR-75410
ANIM-4768,IN_PROGRESS,2026-02-15 02:07:25,USR-75410
ANIM-4768,IN_REVIEW,2026-02-15 05:07:25,USR-75410
ANIM-4768,DONE,2026-02-16 23:07:25,USR-75410
LIST-7132,TO_DO,2026-01-26 13:48:06,USR-95823
LIST-7132,IN_PROGRESS,2026-01-26 17:48:06,USR-95823
LIST-7132,IN_REVIEW,2026-01-27 15:48:06,USR-95823
LIST-7132,DONE,2026-01-27 21:48:06,USR-95823
DEVE-3056,TO_DO,2026-07-06 15:24:16,USR-41499
DEVE-3056,IN_PROGRESS,2026-07-07 16:24:16,USR-41499
DEVE-3056,IN_REVIEW,2026-07-08 16:24:16,USR-41499
DEVE-3056,DONE,2026-07-09 14:24:16,USR-41499
TERM-1887,TO_DO,2025-10-17 18:39:21,USR-49294
TERM-1887,IN_PROGRESS,2025-10-18 05:39:21,USR-49294
TERM-1887,IN_REVIEW,2025-10-18 16:39:21,USR-49294
TERM-1887,DONE,2025-10-20 11:39:21,USR-49294
CHOI-6585,TO_DO,2026-03-29 17:35:03,USR-26828
CHOI-6585,IN_PROGRESS,2026-03-30 00:35:03,USR-26828
CHOI-6585,IN_REVIEW,2026-03-30 10:35:03,USR-26828
CHOI-6585,DONE,2026-03-31 08:35:03,USR-26828
LIST-1583,TO_DO,2026-03-12 19:44:05,USR-43681
LIST-1583,IN_PROGRESS,2026-03-14 19:44:05,USR-43681
LIST-1583,IN_REVIEW,2026-03-15 19:44:05,USR-43681
LIST-1583,DONE,2026-03-15 22:44:05,USR-43681
PROF-6080,TO_DO,2026-04-12 08:52:07,USR-83638
PROF-6080,IN_PROGRESS,2026-04-12 17:52:07,USR-83638
PROF-6080,IN_REVIEW,2026-04-13 16:52:07,USR-83638
PROF-6080,DONE,2026-04-15 14:52:07,USR-83638
WIN-6864,TO_DO,2026-07-07 00:44:51,USR-64602
WIN-6864,IN_PROGRESS,2026-07-08 10:44:51,USR-64602
WIN-6864,IN_REVIEW,2026-07-10 04:44:51,USR-64602
WIN-6864,DONE,2026-07-11 23:44:51,USR-64602
CHOI-7710,TO_DO,2026-05-12 14:24:07,USR-10205
CHOI-7710,IN_PROGRESS,2026-05-12 20:24:07,USR-10205
CHOI-7710,IN_REVIEW,2026-05-14 16:24:07,USR-10205
CHOI-7710,DONE,2026-05-16 12:24:07,USR-10205
WIN-8087,TO_DO,2026-04-03 01:37:32,USR-87236
WIN-8087,IN_PROGRESS,2026-04-03 05:37:32,USR-87236
WIN-8087,IN_REVIEW,2026-04-04 01:37:32,USR-87236
WIN-8087,DONE,2026-04-04 12:37:32,USR-87236
WIN-7314,TO_DO,2026-03-11 20:53:37,USR-39041
WIN-7314,IN_PROGRESS,2026-03-12 02:53:37,USR-39041
WIN-7314,IN_REVIEW,2026-03-12 23:53:37,USR-39041
WIN-7314,DONE,2026-03-13 13:53:37,USR-39041
PROF-7921,TO_DO,2026-01-26 17:26:38,USR-98835
PROF-7921,IN_PROGRESS,2026-01-27 01:26:38,USR-98835
PROF-7921,IN_REVIEW,2026-01-27 05:26:38,USR-98835
PROF-7921,DONE,2026-01-27 12:26:38,USR-98835
PROF-7921,REOPENED,2026-01-28 08:26:38,USR-60639
PROF-7921,IN_PROGRESS,2026-01-28 22:26:38,USR-98835
PROF-7921,DONE,2026-01-29 08:26:38,USR-98835
DEVE-4547,TO_DO,2025-12-16 13:01:40,USR-99051
DEVE-4547,IN_PROGRESS,2025-12-18 01:01:40,USR-99051
DEVE-4547,IN_REVIEW,2025-12-19 17:01:40,USR-99051
DEVE-4547,DONE,2025-12-20 08:01:40,USR-99051
CHOI-7401,TO_DO,2025-11-17 02:59:42,USR-54444
CHOI-7401,IN_PROGRESS,2025-11-18 12:59:42,USR-54444
CHOI-7401,IN_REVIEW,2025-11-19 20:59:42,USR-54444
CHOI-7401,DONE,2025-11-21 19:59:42,USR-54444
WIN-2451,TO_DO,2026-04-27 18:51:44,USR-54657
WIN-2451,IN_PROGRESS,2026-04-29 14:51:44,USR-54657
WIN-2451,IN_REVIEW,2026-05-01 05:51:44,USR-54657
WIN-2451,DONE,2026-05-02 07:51:44,USR-54657
ORGA-9786,TO_DO,2026-02-05 18:23:52,USR-20350
ORGA-9786,IN_PROGRESS,2026-02-06 05:23:52,USR-20350
ORGA-9786,IN_REVIEW,2026-02-08 04:23:52,USR-20350
ORGA-9786,DONE,2026-02-09 13:23:52,USR-20350
DEVE-2839,TO_DO,2026-06-25 09:54:12,USR-82305
DEVE-2839,IN_PROGRESS,2026-06-26 16:54:12,USR-82305
DEVE-2839,IN_REVIEW,2026-06-27 07:54:12,USR-82305
DEVE-2839,DONE,2026-06-28 07:54:12,USR-82305
CHOI-1290,TO_DO,2026-09-17 10:58:34,USR-73736
CHOI-1290,IN_PROGRESS,2026-09-18 02:58:34,USR-73736
CHOI-1290,IN_REVIEW,2026-09-18 07:58:34,USR-73736
CHOI-1290,DONE,2026-09-19 10:58:34,USR-73736
TERM-9526,TO_DO,2026-02-28 09:23:47,USR-92991
TERM-9526,IN_PROGRESS,2026-03-01 09:23:47,USR-92991
TERM-9526,IN_REVIEW,2026-03-02 05:23:47,USR-92991
TERM-9526,DONE,2026-03-03 21:23:47,USR-92991
PROF-7744,TO_DO,2025-12-15 13:39:18,USR-85456
PROF-7744,IN_PROGRESS,2025-12-16 18:39:18,USR-85456
PROF-7744,IN_REVIEW,2025-12-17 20:39:18,USR-85456
PROF-7744,DONE,2025-12-19 07:39:18,USR-85456
ORGA-8363,TO_DO,2026-04-17 17:29:35,USR-82641
ORGA-8363,IN_PROGRESS,2026-04-18 14:29:35,USR-82641
ORGA-8363,IN_REVIEW,2026-04-19 14:29:35,USR-82641
ORGA-8363,DONE,2026-04-20 19:29:35,USR-82641
WIN-6987,TO_DO,2026-06-24 23:36:51,USR-11658
WIN-6987,IN_PROGRESS,2026-06-25 14:36:51,USR-11658
WIN-6987,IN_REVIEW,2026-06-27 05:36:51,USR-11658
WIN-6987,DONE,2026-06-27 16:36:51,USR-11658
DEVE-3206,TO_DO,2026-04-23 06:59:55,USR-76494
DEVE-3206,IN_PROGRESS,2026-04-23 23:59:55,USR-76494
DEVE-3206,IN_REVIEW,2026-04-25 07:59:55,USR-76494
DEVE-3206,DONE,2026-04-27 06:59:55,USR-76494
TERM-4964,TO_DO,2026-01-09 13:04:03,USR-22704
TERM-4964,IN_PROGRESS,2026-01-09 21:04:03,USR-22704
TERM-4964,IN_REVIEW,2026-01-11 12:04:03,USR-22704
TERM-4964,DONE,2026-01-12 00:04:03,USR-22704
TERM-4964,REOPENED,2026-01-13 04:04:03,USR-10221
TERM-4964,IN_PROGRESS,2026-01-13 08:04:03,USR-22704
TERM-4964,DONE,2026-01-14 11:04:03,USR-22704
CHOI-9970,TO_DO,2026-03-18 16:14:08,USR-54597
CHOI-9970,IN_PROGRESS,2026-03-19 02:14:08,USR-54597
CHOI-9970,IN_REVIEW,2026-03-20 03:14:08,USR-54597
CHOI-9970,DONE,2026-03-20 23:14:08,USR-54597
WIN-1389,TO_DO,2026-05-07 20:03:27,USR-35995
WIN-1389,IN_PROGRESS,2026-05-09 16:03:27,USR-35995
WIN-1389,IN_REVIEW,2026-05-11 06:03:27,USR-35995
WIN-1389,DONE,2026-05-12 21:03:27,USR-35995
PROF-9126,TO_DO,2026-01-30 05:58:17,USR-25906
PROF-9126,IN_PROGRESS,2026-01-31 07:58:17,USR-25906
PROF-9126,IN_REVIEW,2026-01-31 15:58:17,USR-25906
PROF-9126,DONE,2026-02-01 18:58:17,USR-25906
DEVE-4312,TO_DO,2026-09-21 20:56:29,USR-55870
DEVE-4312,IN_PROGRESS,2026-09-21 23:56:29,USR-55870
DEVE-4312,IN_REVIEW,2026-09-22 02:56:29,USR-55870
DEVE-4312,DONE,2026-09-23 17:56:29,USR-55870
CHOI-4660,TO_DO,2026-01-03 21:13:47,USR-67080
CHOI-4660,IN_PROGRESS,2026-01-04 05:13:47,USR-67080
CHOI-4660,IN_REVIEW,2026-01-05 11:13:47,USR-67080
CHOI-4660,DONE,2026-01-07 01:13:47,USR-67080
ORGA-6146,TO_DO,2026-04-21 03:29:45,USR-47363
ORGA-6146,IN_PROGRESS,2026-04-23 01:29:45,USR-47363
ORGA-6146,IN_REVIEW,2026-04-23 15:29:45,USR-47363
ORGA-6146,DONE,2026-04-24 15:29:45,USR-47363
LIST-7186,TO_DO,2026-01-04 02:42:47,USR-89276
LIST-7186,IN_PROGRESS,2026-01-04 04:42:47,USR-89276
LIST-7186,IN_REVIEW,2026-01-04 16:42:47,USR-89276
LIST-7186,DONE,2026-01-05 02:42:47,USR-89276
DEVE-3124,TO_DO,2026-05-22 11:22:29,USR-97747
DEVE-3124,IN_PROGRESS,2026-05-23 17:22:29,USR-97747
DEVE-3124,IN_REVIEW,2026-05-24 01:22:29,USR-97747
DEVE-3124,DONE,2026-05-24 14:22:29,USR-97747
THES-7045,TO_DO,2026-03-11 07:23:26,USR-94259
THES-7045,IN_PROGRESS,2026-03-12 17:23:26,USR-94259
THES-7045,IN_REVIEW,2026-03-12 19:23:26,USR-94259
THES-7045,DONE,2026-03-13 18:23:26,USR-94259
ORGA-7595,TO_DO,2026-03-28 10:54:40,USR-58629
ORGA-7595,IN_PROGRESS,2026-03-29 19:54:40,USR-58629
ORGA-7595,IN_REVIEW,2026-03-31 06:54:40,USR-58629
ORGA-7595,DONE,2026-04-01 19:54:40,USR-58629
CHOI-8961,TO_DO,2026-03-04 11:25:38,USR-65872
CHOI-8961,IN_PROGRESS,2026-03-04 18:25:38,USR-65872
CHOI-8961,IN_REVIEW,2026-03-05 16:25:38,USR-65872
CHOI-8961,DONE,2026-03-06 02:25:38,USR-65872
ORGA-6291,TO_DO,2026-04-14 01:18:03,USR-58237
ORGA-6291,IN_PROGRESS,2026-04-14 12:18:03,USR-58237
ORGA-6291,IN_REVIEW,2026-04-15 00:18:03,USR-58237
ORGA-6291,DONE,2026-04-15 18:18:03,USR-58237
LIST-3444,TO_DO,2025-12-22 16:18:36,USR-60181
LIST-3444,IN_PROGRESS,2025-12-23 23:18:36,USR-60181
LIST-3444,IN_REVIEW,2025-12-24 16:18:36,USR-60181
LIST-3444,DONE,2025-12-25 23:18:36,USR-60181
CHOI-7012,TO_DO,2025-10-23 19:17:18,USR-50306
CHOI-7012,IN_PROGRESS,2025-10-24 21:17:18,USR-50306
CHOI-7012,IN_REVIEW,2025-10-26 18:17:18,USR-50306
CHOI-7012,DONE,2025-10-27 20:17:18,USR-50306
CHOI-7012,REOPENED,2025-10-29 14:17:18,USR-15100
CHOI-7012,IN_PROGRESS,2025-10-30 09:17:18,USR-50306
CHOI-7012,DONE,2025-10-30 20:17:18,USR-50306
CHOI-2991,TO_DO,2026-05-20 20:02:18,USR-92998
CHOI-2991,IN_PROGRESS,2026-05-20 23:02:18,USR-92998
CHOI-2991,IN_REVIEW,2026-05-21 17:02:18,USR-92998
CHOI-2991,DONE,2026-05-23 00:02:18,USR-92998
LIST-3033,TO_DO,2025-11-25 07:22:04,USR-70036
LIST-3033,IN_PROGRESS,2025-11-27 03:22:04,USR-70036
LIST-3033,IN_REVIEW,2025-11-29 00:22:04,USR-70036
LIST-3033,DONE,2025-11-30 16:22:04,USR-70036
CHOI-8965,TO_DO,2025-12-15 10:03:40,USR-92998
CHOI-8965,IN_PROGRESS,2025-12-16 04:03:40,USR-92998
CHOI-8965,IN_REVIEW,2025-12-16 11:03:40,USR-92998
CHOI-8965,DONE,2025-12-17 06:03:40,USR-92998
PROF-2142,TO_DO,2026-05-07 11:43:56,USR-27961
PROF-2142,IN_PROGRESS,2026-05-08 10:43:56,USR-27961
PROF-2142,IN_REVIEW,2026-05-08 17:43:56,USR-27961
PROF-2142,DONE,2026-05-10 15:43:56,USR-27961
PROF-3565,TO_DO,2026-08-14 15:46:05,USR-81228
PROF-3565,IN_PROGRESS,2026-08-15 21:46:05,USR-81228
PROF-3565,IN_REVIEW,2026-08-16 01:46:05,USR-81228
PROF-3565,DONE,2026-08-17 11:46:05,USR-81228
ORGA-1022,TO_DO,2026-08-07 00:39:53,USR-58929
ORGA-1022,IN_PROGRESS,2026-08-08 20:39:53,USR-58929
ORGA-1022,IN_REVIEW,2026-08-10 06:39:53,USR-58929
ORGA-1022,DONE,2026-08-11 13:39:53,USR-58929
PROF-2133,TO_DO,2026-04-20 22:45:29,USR-49139
PROF-2133,IN_PROGRESS,2026-04-21 08:45:29,USR-49139
PROF-2133,IN_REVIEW,2026-04-21 19:45:29,USR-49139
PROF-2133,DONE,2026-04-23 02:45:29,USR-49139
PROF-2133,REOPENED,2026-04-24 00:45:29,USR-24322
PROF-2133,IN_PROGRESS,2026-04-24 22:45:29,USR-49139
PROF-2133,DONE,2026-04-26 08:45:29,USR-49139
CONF-5403,TO_DO,2025-12-24 05:46:06,USR-54791
CONF-5403,IN_PROGRESS,2025-12-24 23:46:06,USR-54791
CONF-5403,IN_REVIEW,2025-12-25 17:46:06,USR-54791
CONF-5403,DONE,2025-12-27 10:46:06,USR-54791
CONF-9605,TO_DO,2026-03-15 13:47:07,USR-15100
CONF-9605,IN_PROGRESS,2026-03-16 16:47:07,USR-15100
CONF-9605,IN_REVIEW,2026-03-18 09:47:07,USR-15100
CONF-9605,DONE,2026-03-19 05:47:07,USR-15100
ANIM-7627,TO_DO,2026-09-14 23:37:59,USR-65302
ANIM-7627,IN_PROGRESS,2026-09-16 05:37:59,USR-65302
ANIM-7627,IN_REVIEW,2026-09-17 05:37:59,USR-65302
ANIM-7627,DONE,2026-09-17 21:37:59,USR-65302
LIST-1745,TO_DO,2026-04-16 21:23:24,USR-69898
LIST-1745,IN_PROGRESS,2026-04-17 04:23:24,USR-69898
LIST-1745,IN_REVIEW,2026-04-17 07:23:24,USR-69898
LIST-1745,DONE,2026-04-18 19:23:24,USR-69898
ORGA-6444,TO_DO,2025-12-21 07:10:06,USR-46500
ORGA-6444,IN_PROGRESS,2025-12-22 09:10:06,USR-46500
ORGA-6444,IN_REVIEW,2025-12-23 05:10:06,USR-46500
ORGA-6444,DONE,2025-12-23 08:10:06,USR-46500
CHOI-8222,TO_DO,2026-04-28 00:18:04,USR-67963
CHOI-8222,IN_PROGRESS,2026-04-29 02:18:04,USR-67963
CHOI-8222,IN_REVIEW,2026-04-30 20:18:04,USR-67963
CHOI-8222,DONE,2026-05-02 14:18:04,USR-67963
LIST-5450,TO_DO,2025-12-17 09:59:51,USR-79514
LIST-5450,IN_PROGRESS,2025-12-17 17:59:51,USR-79514
LIST-5450,IN_REVIEW,2025-12-17 20:59:51,USR-79514
LIST-5450,DONE,2025-12-18 01:59:51,USR-79514
TERM-1064,TO_DO,2025-12-06 13:04:39,USR-70981
TERM-1064,IN_PROGRESS,2025-12-07 10:04:39,USR-70981
TERM-1064,IN_REVIEW,2025-12-09 02:04:39,USR-70981
TERM-1064,DONE,2025-12-09 16:04:39,USR-70981
DEVE-8276,TO_DO,2025-11-01 00:33:36,USR-83638
DEVE-8276,IN_PROGRESS,2025-11-01 05:33:36,USR-83638
DEVE-8276,IN_REVIEW,2025-11-01 09:33:36,USR-83638
DEVE-8276,DONE,2025-11-02 04:33:36,USR-83638
DEVE-3788,TO_DO,2026-03-06 20:22:43,USR-97747
DEVE-3788,IN_PROGRESS,2026-03-08 11:22:43,USR-97747
DEVE-3788,IN_REVIEW,2026-03-09 16:22:43,USR-97747
DEVE-3788,DONE,2026-03-10 22:22:43,USR-97747
PROF-4807,TO_DO,2025-11-12 04:14:27,USR-48684
PROF-4807,IN_PROGRESS,2025-11-14 02:14:27,USR-48684
PROF-4807,IN_REVIEW,2025-11-15 01:14:27,USR-48684
PROF-4807,DONE,2025-11-16 02:14:27,USR-48684
PROF-2784,TO_DO,2025-10-18 22:19:20,USR-93320
PROF-2784,IN_PROGRESS,2025-10-19 00:19:20,USR-93320
PROF-2784,IN_REVIEW,2025-10-19 05:19:20,USR-93320
PROF-2784,DONE,2025-10-20 02:19:20,USR-93320
CONF-3950,TO_DO,2026-01-27 19:18:55,USR-44803
CONF-3950,IN_PROGRESS,2026-01-29 12:18:55,USR-44803
CONF-3950,IN_REVIEW,2026-01-30 20:18:55,USR-44803
CONF-3950,DONE,2026-02-01 15:18:55,USR-44803
PROF-2700,TO_DO,2026-04-29 09:25:04,USR-76494
PROF-2700,IN_PROGRESS,2026-04-30 04:25:04,USR-76494
PROF-2700,IN_REVIEW,2026-05-01 14:25:04,USR-76494
PROF-2700,DONE,2026-05-02 23:25:04,USR-76494
ANIM-4212,TO_DO,2026-07-31 03:52:14,USR-84000
ANIM-4212,IN_PROGRESS,2026-08-01 23:52:14,USR-84000
ANIM-4212,IN_REVIEW,2026-08-02 16:52:14,USR-84000
ANIM-4212,DONE,2026-08-04 09:52:14,USR-84000
TERM-7357,TO_DO,2026-04-26 11:06:38,USR-14117
TERM-7357,IN_PROGRESS,2026-04-27 06:06:38,USR-14117
TERM-7357,IN_REVIEW,2026-04-28 20:06:38,USR-14117
TERM-7357,DONE,2026-04-29 10:06:38,USR-14117
TERM-7398,TO_DO,2026-04-06 20:06:13,USR-45838
TERM-7398,IN_PROGRESS,2026-04-08 04:06:13,USR-45838
TERM-7398,IN_REVIEW,2026-04-08 20:06:13,USR-45838
TERM-7398,DONE,2026-04-09 18:06:13,USR-45838
CONF-3052,TO_DO,2025-12-17 12:53:44,USR-17665
CONF-3052,IN_PROGRESS,2025-12-19 10:53:44,USR-17665
CONF-3052,IN_REVIEW,2025-12-21 01:53:44,USR-17665
CONF-3052,DONE,2025-12-22 14:53:44,USR-17665
CONF-3052,REOPENED,2025-12-24 07:53:44,USR-21104
CONF-3052,IN_PROGRESS,2025-12-24 14:53:44,USR-17665
CONF-3052,DONE,2025-12-25 17:53:44,USR-17665
CHOI-7441,TO_DO,2026-02-28 17:48:13,USR-33652
CHOI-7441,IN_PROGRESS,2026-02-28 19:48:13,USR-33652
CHOI-7441,IN_REVIEW,2026-03-01 03:48:13,USR-33652
CHOI-7441,DONE,2026-03-01 23:48:13,USR-33652
WIN-6908,TO_DO,2026-05-30 05:32:55,USR-82260
WIN-6908,IN_PROGRESS,2026-06-01 01:32:55,USR-82260
WIN-6908,IN_REVIEW,2026-06-01 11:32:55,USR-82260
WIN-6908,DONE,2026-06-02 19:32:55,USR-82260
THES-9863,TO_DO,2026-04-24 15:59:46,USR-90356
THES-9863,IN_PROGRESS,2026-04-25 01:59:46,USR-90356
THES-9863,IN_REVIEW,2026-04-26 17:59:46,USR-90356
THES-9863,DONE,2026-04-28 12:59:46,USR-90356
WIN-1390,TO_DO,2026-08-14 07:41:08,USR-45683
WIN-1390,IN_PROGRESS,2026-08-14 16:41:08,USR-45683
WIN-1390,IN_REVIEW,2026-08-16 12:41:08,USR-45683
WIN-1390,DONE,2026-08-16 17:41:08,USR-45683
WIN-7948,TO_DO,2026-05-12 13:49:42,USR-83619
WIN-7948,IN_PROGRESS,2026-05-13 07:49:42,USR-83619
WIN-7948,IN_REVIEW,2026-05-15 00:49:42,USR-83619
WIN-7948,DONE,2026-05-16 18:49:42,USR-83619
WIN-7948,REOPENED,2026-05-18 04:49:42,USR-88504
WIN-7948,IN_PROGRESS,2026-05-18 07:49:42,USR-83619
WIN-7948,DONE,2026-05-18 19:49:42,USR-83619
THES-4784,TO_DO,2026-04-29 19:34:40,USR-68222
THES-4784,IN_PROGRESS,2026-05-01 06:34:40,USR-68222
THES-4784,IN_REVIEW,2026-05-02 03:34:40,USR-68222
THES-4784,DONE,2026-05-03 23:34:40,USR-68222
THES-4784,REOPENED,2026-05-05 01:34:40,USR-94599
THES-4784,IN_PROGRESS,2026-05-05 20:34:40,USR-68222
THES-4784,DONE,2026-05-07 15:34:40,USR-68222
DEVE-7633,TO_DO,2026-09-19 17:58:06,USR-43550
DEVE-7633,IN_PROGRESS,2026-09-21 04:58:06,USR-43550
DEVE-7633,IN_REVIEW,2026-09-21 13:58:06,USR-43550
DEVE-7633,DONE,2026-09-22 22:58:06,USR-43550
TERM-5014,TO_DO,2026-02-01 06:55:29,USR-18511
TERM-5014,IN_PROGRESS,2026-02-02 22:55:29,USR-18511
TERM-5014,IN_REVIEW,2026-02-03 08:55:29,USR-18511
TERM-5014,DONE,2026-02-03 18:55:29,USR-18511
LIST-9961,TO_DO,2026-06-22 02:43:34,USR-91070
LIST-9961,IN_PROGRESS,2026-06-24 02:43:34,USR-91070
LIST-9961,IN_REVIEW,2026-06-25 05:43:34,USR-91070
LIST-9961,DONE,2026-06-26 01:43:34,USR-91070
LIST-9961,REOPENED,2026-06-26 10:43:34,USR-83792
LIST-9961,IN_PROGRESS,2026-06-27 02:43:34,USR-91070
LIST-9961,DONE,2026-06-28 06:43:34,USR-91070
THES-4659,TO_DO,2025-12-20 14:44:20,USR-76768
THES-4659,IN_PROGRESS,2025-12-22 06:44:20,USR-76768
THES-4659,IN_REVIEW,2025-12-22 23:44:20,USR-76768
THES-4659,DONE,2025-12-24 04:44:20,USR-76768
PROF-6191,TO_DO,2026-01-28 13:20:07,USR-88301
PROF-6191,IN_PROGRESS,2026-01-29 08:20:07,USR-88301
PROF-6191,IN_REVIEW,2026-01-29 10:20:07,USR-88301
PROF-6191,DONE,2026-01-30 03:20:07,USR-88301
PROF-2109,TO_DO,2026-09-02 14:29:47,USR-19545
PROF-2109,IN_PROGRESS,2026-09-03 01:29:47,USR-19545
PROF-2109,IN_REVIEW,2026-09-04 19:29:47,USR-19545
PROF-2109,DONE,2026-09-05 22:29:47,USR-19545
THES-3864,TO_DO,2026-04-12 15:48:18,USR-76162
THES-3864,IN_PROGRESS,2026-04-14 05:48:18,USR-76162
THES-3864,IN_REVIEW,2026-04-15 03:48:18,USR-76162
THES-3864,DONE,2026-04-15 15:48:18,USR-76162
WIN-4031,TO_DO,2025-11-05 17:06:14,USR-75799
WIN-4031,IN_PROGRESS,2025-11-06 12:06:14,USR-75799
WIN-4031,IN_REVIEW,2025-11-07 05:06:14,USR-75799
WIN-4031,DONE,2025-11-08 23:06:14,USR-75799
LIST-8127,TO_DO,2025-12-13 00:20:56,USR-24366
LIST-8127,IN_PROGRESS,2025-12-13 16:20:56,USR-24366
LIST-8127,IN_REVIEW,2025-12-13 20:20:56,USR-24366
LIST-8127,DONE,2025-12-15 01:20:56,USR-24366
DEVE-9515,TO_DO,2026-05-18 15:16:09,USR-16428
DEVE-9515,IN_PROGRESS,2026-05-20 13:16:09,USR-16428
DEVE-9515,IN_REVIEW,2026-05-21 13:16:09,USR-16428
DEVE-9515,DONE,2026-05-23 05:16:09,USR-16428
DEVE-9515,REOPENED,2026-05-25 02:16:09,USR-38305
DEVE-9515,IN_PROGRESS,2026-05-26 00:16:09,USR-16428
DEVE-9515,DONE,2026-05-28 00:16:09,USR-16428
DEVE-7367,TO_DO,2026-05-24 21:58:53,USR-75513
DEVE-7367,IN_PROGRESS,2026-05-25 02:58:53,USR-75513
DEVE-7367,IN_REVIEW,2026-05-25 14:58:53,USR-75513
DEVE-7367,DONE,2026-05-26 14:58:53,USR-75513
THES-3489,TO_DO,2026-03-11 12:31:37,USR-45774
THES-3489,IN_PROGRESS,2026-03-12 16:31:37,USR-45774
THES-3489,IN_REVIEW,2026-03-13 05:31:37,USR-45774
THES-3489,DONE,2026-03-15 05:31:37,USR-45774
THES-3489,REOPENED,2026-03-16 08:31:37,USR-23256
THES-3489,IN_PROGRESS,2026-03-16 21:31:37,USR-45774
THES-3489,DONE,2026-03-17 02:31:37,USR-45774
PROF-3388,TO_DO,2026-07-23 19:36:43,USR-49529
PROF-3388,IN_PROGRESS,2026-07-25 12:36:43,USR-49529
PROF-3388,IN_REVIEW,2026-07-26 10:36:43,USR-49529
PROF-3388,DONE,2026-07-27 10:36:43,USR-49529
CONF-9023,TO_DO,2026-05-23 01:40:09,USR-99838
CONF-9023,IN_PROGRESS,2026-05-24 10:40:09,USR-99838
CONF-9023,IN_REVIEW,2026-05-26 01:40:09,USR-99838
CONF-9023,DONE,2026-05-26 23:40:09,USR-99838
THES-3392,TO_DO,2026-04-08 10:23:00,USR-62994
THES-3392,IN_PROGRESS,2026-04-10 07:23:00,USR-62994
THES-3392,IN_REVIEW,2026-04-10 22:23:00,USR-62994
THES-3392,DONE,2026-04-12 01:23:00,USR-62994
DEVE-4578,TO_DO,2025-11-06 12:17:04,USR-95717
DEVE-4578,IN_PROGRESS,2025-11-06 20:17:04,USR-95717
DEVE-4578,IN_REVIEW,2025-11-07 04:17:04,USR-95717
DEVE-4578,DONE,2025-11-07 16:17:04,USR-95717
LIST-5778,TO_DO,2026-02-16 23:20:29,USR-26334
LIST-5778,IN_PROGRESS,2026-02-17 03:20:29,USR-26334
LIST-5778,IN_REVIEW,2026-02-18 04:20:29,USR-26334
LIST-5778,DONE,2026-02-19 07:20:29,USR-26334
DEVE-9325,TO_DO,2026-08-24 19:29:53,USR-74205
DEVE-9325,IN_PROGRESS,2026-08-25 05:29:53,USR-74205
DEVE-9325,IN_REVIEW,2026-08-26 15:29:53,USR-74205
DEVE-9325,DONE,2026-08-27 22:29:53,USR-74205
ANIM-2812,TO_DO,2025-10-06 06:01:14,USR-67640
ANIM-2812,IN_PROGRESS,2025-10-06 18:01:14,USR-67640
ANIM-2812,IN_REVIEW,2025-10-08 12:01:14,USR-67640
ANIM-2812,DONE,2025-10-09 18:01:14,USR-67640
ANIM-2812,REOPENED,2025-10-10 10:01:14,USR-49251
ANIM-2812,IN_PROGRESS,2025-10-11 09:01:14,USR-67640
ANIM-2812,DONE,2025-10-12 16:01:14,USR-67640
WIN-5761,TO_DO,2026-02-08 01:47:15,USR-70332
WIN-5761,IN_PROGRESS,2026-02-09 18:47:15,USR-70332
WIN-5761,IN_REVIEW,2026-02-11 00:47:15,USR-70332
WIN-5761,DONE,2026-02-11 03:47:15,USR-70332
CHOI-3256,TO_DO,2026-03-10 21:05:01,USR-93560
CHOI-3256,IN_PROGRESS,2026-03-12 06:05:01,USR-93560
CHOI-3256,IN_REVIEW,2026-03-13 23:05:01,USR-93560
CHOI-3256,DONE,2026-03-15 21:05:01,USR-93560
PROF-7480,TO_DO,2025-10-26 19:36:42,USR-50499
PROF-7480,IN_PROGRESS,2025-10-27 02:36:42,USR-50499
PROF-7480,IN_REVIEW,2025-10-28 23:36:42,USR-50499
PROF-7480,DONE,2025-10-30 22:36:42,USR-50499
DEVE-6954,TO_DO,2026-07-29 20:52:10,USR-64460
DEVE-6954,IN_PROGRESS,2026-07-30 14:52:10,USR-64460
DEVE-6954,IN_REVIEW,2026-08-01 13:52:10,USR-64460
DEVE-6954,DONE,2026-08-01 23:52:10,USR-64460
ORGA-3833,TO_DO,2026-01-04 00:46:12,USR-38221
ORGA-3833,IN_PROGRESS,2026-01-04 10:46:12,USR-38221
ORGA-3833,IN_REVIEW,2026-01-05 03:46:12,USR-38221
ORGA-3833,DONE,2026-01-06 01:46:12,USR-38221
ANIM-9666,TO_DO,2025-11-14 15:13:13,USR-51853
ANIM-9666,IN_PROGRESS,2025-11-16 09:13:13,USR-51853
ANIM-9666,IN_REVIEW,2025-11-17 04:13:13,USR-51853
ANIM-9666,DONE,2025-11-17 18:13:13,USR-51853
WIN-4353,TO_DO,2026-08-24 02:45:57,USR-27892
WIN-4353,IN_PROGRESS,2026-08-25 18:45:57,USR-27892
WIN-4353,IN_REVIEW,2026-08-26 03:45:57,USR-27892
WIN-4353,DONE,2026-08-27 07:45:57,USR-27892
ORGA-4622,TO_DO,2025-11-11 05:11:58,USR-69446
ORGA-4622,IN_PROGRESS,2025-11-12 13:11:58,USR-69446
ORGA-4622,IN_REVIEW,2025-11-14 13:11:58,USR-69446
ORGA-4622,DONE,2025-11-16 10:11:58,USR-69446
ORGA-4622,REOPENED,2025-11-17 07:11:58,USR-20077
ORGA-4622,IN_PROGRESS,2025-11-17 08:11:58,USR-69446
ORGA-4622,DONE,2025-11-18 03:11:58,USR-69446
PROF-1023,TO_DO,2025-10-27 05:16:36,USR-26059
PROF-1023,IN_PROGRESS,2025-10-28 10:16:36,USR-26059
PROF-1023,IN_REVIEW,2025-10-29 13:16:36,USR-26059
PROF-1023,DONE,2025-10-30 07:16:36,USR-26059
TERM-1070,TO_DO,2025-12-29 08:21:35,USR-38569
TERM-1070,IN_PROGRESS,2025-12-29 16:21:35,USR-38569
TERM-1070,IN_REVIEW,2025-12-30 15:21:35,USR-38569
TERM-1070,DONE,2026-01-01 15:21:35,USR-38569
TERM-1070,REOPENED,2026-01-03 10:21:35,USR-74139
TERM-1070,IN_PROGRESS,2026-01-03 14:21:35,USR-38569
TERM-1070,DONE,2026-01-05 01:21:35,USR-38569
ORGA-5904,TO_DO,2025-11-17 20:15:06,USR-10150
ORGA-5904,IN_PROGRESS,2025-11-18 06:15:06,USR-10150
ORGA-5904,IN_REVIEW,2025-11-19 02:15:06,USR-10150
ORGA-5904,DONE,2025-11-19 10:15:06,USR-10150
ORGA-5904,REOPENED,2025-11-19 19:15:06,USR-72094
ORGA-5904,IN_PROGRESS,2025-11-20 07:15:06,USR-10150
ORGA-5904,DONE,2025-11-20 11:15:06,USR-10150
WIN-1297,TO_DO,2026-03-15 22:28:11,USR-77552
WIN-1297,IN_PROGRESS,2026-03-16 06:28:11,USR-77552
WIN-1297,IN_REVIEW,2026-03-18 06:28:11,USR-77552
WIN-1297,DONE,2026-03-20 06:28:11,USR-77552
THES-6405,TO_DO,2026-03-21 14:45:03,USR-50135
THES-6405,IN_PROGRESS,2026-03-22 00:45:03,USR-50135
THES-6405,IN_REVIEW,2026-03-23 20:45:03,USR-50135
THES-6405,DONE,2026-03-25 09:45:03,USR-50135
WIN-9244,TO_DO,2026-07-25 15:32:21,USR-39824
WIN-9244,IN_PROGRESS,2026-07-26 08:32:21,USR-39824
WIN-9244,IN_REVIEW,2026-07-27 08:32:21,USR-39824
WIN-9244,DONE,2026-07-28 03:32:21,USR-39824
CHOI-9141,TO_DO,2026-08-07 03:06:16,USR-54444
CHOI-9141,IN_PROGRESS,2026-08-08 19:06:16,USR-54444
CHOI-9141,IN_REVIEW,2026-08-09 20:06:16,USR-54444
CHOI-9141,DONE,2026-08-10 00:06:16,USR-54444
THES-2897,TO_DO,2026-05-05 09:09:55,USR-16658
THES-2897,IN_PROGRESS,2026-05-05 22:09:55,USR-16658
THES-2897,IN_REVIEW,2026-05-07 05:09:55,USR-16658
THES-2897,DONE,2026-05-08 11:09:55,USR-16658
LIST-9819,TO_DO,2025-12-06 21:36:02,USR-47196
LIST-9819,IN_PROGRESS,2025-12-07 00:36:02,USR-47196
LIST-9819,IN_REVIEW,2025-12-07 17:36:02,USR-47196
LIST-9819,DONE,2025-12-07 20:36:02,USR-47196
WIN-9743,TO_DO,2026-08-26 06:43:01,USR-95181
WIN-9743,IN_PROGRESS,2026-08-27 11:43:01,USR-95181
WIN-9743,IN_REVIEW,2026-08-27 17:43:01,USR-95181
WIN-9743,DONE,2026-08-28 14:43:01,USR-95181
ANIM-4607,TO_DO,2026-07-27 13:30:08,USR-68743
ANIM-4607,IN_PROGRESS,2026-07-29 05:30:08,USR-68743
ANIM-4607,IN_REVIEW,2026-07-29 18:30:08,USR-68743
ANIM-4607,DONE,2026-07-29 22:30:08,USR-68743
WIN-7664,TO_DO,2025-12-06 01:39:23,USR-85341
WIN-7664,IN_PROGRESS,2025-12-07 22:39:23,USR-85341
WIN-7664,IN_REVIEW,2025-12-08 12:39:23,USR-85341
WIN-7664,DONE,2025-12-09 18:39:23,USR-85341
LIST-4661,TO_DO,2026-02-14 05:14:36,USR-39102
LIST-4661,IN_PROGRESS,2026-02-14 23:14:36,USR-39102
LIST-4661,IN_REVIEW,2026-02-15 21:14:36,USR-39102
LIST-4661,DONE,2026-02-17 18:14:36,USR-39102
LIST-4661,REOPENED,2026-02-18 02:14:36,USR-57472
LIST-4661,IN_PROGRESS,2026-02-18 05:14:36,USR-39102
LIST-4661,DONE,2026-02-19 09:14:36,USR-39102
DEVE-6843,TO_DO,2026-08-15 01:45:21,USR-51505
DEVE-6843,IN_PROGRESS,2026-08-15 14:45:21,USR-51505
DEVE-6843,IN_REVIEW,2026-08-15 23:45:21,USR-51505
DEVE-6843,DONE,2026-08-16 14:45:21,USR-51505
ORGA-9547,TO_DO,2026-04-15 17:58:37,USR-48469
ORGA-9547,IN_PROGRESS,2026-04-16 22:58:37,USR-48469
ORGA-9547,IN_REVIEW,2026-04-18 19:58:37,USR-48469
ORGA-9547,DONE,2026-04-19 01:58:37,USR-48469
LIST-9457,TO_DO,2025-12-30 15:35:00,USR-72277
LIST-9457,IN_PROGRESS,2025-12-30 23:35:00,USR-72277
LIST-9457,IN_REVIEW,2025-12-31 08:35:00,USR-72277
LIST-9457,DONE,2026-01-01 01:35:00,USR-72277
CONF-8850,TO_DO,2026-04-09 22:04:19,USR-75410
CONF-8850,IN_PROGRESS,2026-04-11 20:04:19,USR-75410
CONF-8850,IN_REVIEW,2026-04-12 23:04:19,USR-75410
CONF-8850,DONE,2026-04-13 04:04:19,USR-75410
PROF-9533,TO_DO,2025-12-30 09:30:41,USR-40775
PROF-9533,IN_PROGRESS,2025-12-31 19:30:41,USR-40775
PROF-9533,IN_REVIEW,2026-01-01 20:30:41,USR-40775
PROF-9533,DONE,2026-01-03 20:30:41,USR-40775
LIST-9390,TO_DO,2026-01-02 02:24:02,USR-24322
LIST-9390,IN_PROGRESS,2026-01-03 09:24:02,USR-24322
LIST-9390,IN_REVIEW,2026-01-04 12:24:02,USR-24322
LIST-9390,DONE,2026-01-06 10:24:02,USR-24322
DEVE-1140,TO_DO,2026-04-03 15:25:12,USR-25906
DEVE-1140,IN_PROGRESS,2026-04-05 08:25:12,USR-25906
DEVE-1140,IN_REVIEW,2026-04-07 08:25:12,USR-25906
DEVE-1140,DONE,2026-04-09 03:25:12,USR-25906
CHOI-6122,TO_DO,2026-02-02 08:41:42,USR-98895
CHOI-6122,IN_PROGRESS,2026-02-03 03:41:42,USR-98895
CHOI-6122,IN_REVIEW,2026-02-03 12:41:42,USR-98895
CHOI-6122,DONE,2026-02-03 16:41:42,USR-98895
ORGA-3791,TO_DO,2025-12-12 19:24:49,USR-87993
ORGA-3791,IN_PROGRESS,2025-12-13 16:24:49,USR-87993
ORGA-3791,IN_REVIEW,2025-12-14 22:24:49,USR-87993
ORGA-3791,DONE,2025-12-15 22:24:49,USR-87993
THES-7406,TO_DO,2025-12-12 03:08:01,USR-59377
THES-7406,IN_PROGRESS,2025-12-12 18:08:01,USR-59377
THES-7406,IN_REVIEW,2025-12-14 11:08:01,USR-59377
THES-7406,DONE,2025-12-15 22:08:01,USR-59377
THES-7406,REOPENED,2025-12-16 21:08:01,USR-99742
THES-7406,IN_PROGRESS,2025-12-17 18:08:01,USR-59377
THES-7406,DONE,2025-12-19 14:08:01,USR-59377
CONF-1887,TO_DO,2025-12-07 19:08:52,USR-60779
CONF-1887,IN_PROGRESS,2025-12-09 01:08:52,USR-60779
CONF-1887,IN_REVIEW,2025-12-10 11:08:52,USR-60779
CONF-1887,DONE,2025-12-11 03:08:52,USR-60779
TERM-6404,TO_DO,2026-08-15 15:35:09,USR-53583
TERM-6404,IN_PROGRESS,2026-08-16 12:35:09,USR-53583
TERM-6404,IN_REVIEW,2026-08-17 03:35:09,USR-53583
TERM-6404,DONE,2026-08-18 00:35:09,USR-53583
DEVE-9008,TO_DO,2025-10-07 13:10:30,USR-65108
DEVE-9008,IN_PROGRESS,2025-10-09 10:10:30,USR-65108
DEVE-9008,IN_REVIEW,2025-10-10 17:10:30,USR-65108
DEVE-9008,DONE,2025-10-12 00:10:30,USR-65108
THES-4167,TO_DO,2025-10-04 08:36:14,USR-98895
THES-4167,IN_PROGRESS,2025-10-04 23:36:14,USR-98895
THES-4167,IN_REVIEW,2025-10-06 01:36:14,USR-98895
THES-4167,DONE,2025-10-07 16:36:14,USR-98895
ANIM-4125,TO_DO,2026-07-11 09:41:55,USR-47512
ANIM-4125,IN_PROGRESS,2026-07-12 13:41:55,USR-47512
ANIM-4125,IN_REVIEW,2026-07-14 04:41:55,USR-47512
ANIM-4125,DONE,2026-07-15 19:41:55,USR-47512
WIN-3128,TO_DO,2025-11-16 14:54:44,USR-92210
WIN-3128,IN_PROGRESS,2025-11-17 00:54:44,USR-92210
WIN-3128,IN_REVIEW,2025-11-18 21:54:44,USR-92210
WIN-3128,DONE,2025-11-20 00:54:44,USR-92210
PROF-3598,TO_DO,2025-11-03 01:45:06,USR-52143
PROF-3598,IN_PROGRESS,2025-11-03 21:45:06,USR-52143
PROF-3598,IN_REVIEW,2025-11-05 14:45:06,USR-52143
PROF-3598,DONE,2025-11-06 20:45:06,USR-52143
CHOI-1878,TO_DO,2026-06-03 04:06:49,USR-18907
CHOI-1878,IN_PROGRESS,2026-06-04 00:06:49,USR-18907
CHOI-1878,IN_REVIEW,2026-06-05 05:06:49,USR-18907
CHOI-1878,DONE,2026-06-06 22:06:49,USR-18907
DEVE-4981,TO_DO,2025-12-19 07:34:42,USR-17894
DEVE-4981,IN_PROGRESS,2025-12-19 11:34:42,USR-17894
DEVE-4981,IN_REVIEW,2025-12-19 15:34:42,USR-17894
DEVE-4981,DONE,2025-12-20 19:34:42,USR-17894
TERM-5120,TO_DO,2026-06-17 17:56:32,USR-86507
TERM-5120,IN_PROGRESS,2026-06-18 12:56:32,USR-86507
TERM-5120,IN_REVIEW,2026-06-19 20:56:32,USR-86507
TERM-5120,DONE,2026-06-20 23:56:32,USR-86507
TERM-5120,REOPENED,2026-06-21 08:56:32,USR-81987
TERM-5120,IN_PROGRESS,2026-06-21 14:56:32,USR-86507
TERM-5120,DONE,2026-06-22 00:56:32,USR-86507
LIST-5084,TO_DO,2026-01-20 15:43:40,USR-19287
LIST-5084,IN_PROGRESS,2026-01-21 19:43:40,USR-19287
LIST-5084,IN_REVIEW,2026-01-22 17:43:40,USR-19287
LIST-5084,DONE,2026-01-22 20:43:40,USR-19287
ORGA-2693,TO_DO,2026-08-07 14:37:25,USR-19666
ORGA-2693,IN_PROGRESS,2026-08-08 15:37:25,USR-19666
ORGA-2693,IN_REVIEW,2026-08-09 17:37:25,USR-19666
ORGA-2693,DONE,2026-08-10 13:37:25,USR-19666
ORGA-6778,TO_DO,2026-05-07 09:58:32,USR-22672
ORGA-6778,IN_PROGRESS,2026-05-09 00:58:32,USR-22672
ORGA-6778,IN_REVIEW,2026-05-09 23:58:32,USR-22672
ORGA-6778,DONE,2026-05-10 04:58:32,USR-22672
ORGA-4477,TO_DO,2026-06-21 06:36:06,USR-13478
ORGA-4477,IN_PROGRESS,2026-06-22 22:36:06,USR-13478
ORGA-4477,IN_REVIEW,2026-06-24 19:36:06,USR-13478
ORGA-4477,DONE,2026-06-25 16:36:06,USR-13478
PROF-3242,TO_DO,2026-05-03 11:34:37,USR-86483
PROF-3242,IN_PROGRESS,2026-05-04 05:34:37,USR-86483
PROF-3242,IN_REVIEW,2026-05-06 02:34:37,USR-86483
PROF-3242,DONE,2026-05-07 06:34:37,USR-86483
DEVE-9512,TO_DO,2026-07-29 18:59:32,USR-68183
DEVE-9512,IN_PROGRESS,2026-07-30 23:59:32,USR-68183
DEVE-9512,IN_REVIEW,2026-08-01 13:59:32,USR-68183
DEVE-9512,DONE,2026-08-01 16:59:32,USR-68183
ANIM-3452,TO_DO,2026-01-08 11:32:35,USR-87832
ANIM-3452,IN_PROGRESS,2026-01-09 18:32:35,USR-87832
ANIM-3452,IN_REVIEW,2026-01-11 10:32:35,USR-87832
ANIM-3452,DONE,2026-01-11 14:32:35,USR-87832
ANIM-3452,REOPENED,2026-01-12 19:32:35,USR-55236
ANIM-3452,IN_PROGRESS,2026-01-13 16:32:35,USR-87832
ANIM-3452,DONE,2026-01-15 01:32:35,USR-87832
DEVE-2099,TO_DO,2026-07-25 21:02:39,USR-46509
DEVE-2099,IN_PROGRESS,2026-07-26 12:02:39,USR-46509
DEVE-2099,IN_REVIEW,2026-07-27 06:02:39,USR-46509
DEVE-2099,DONE,2026-07-28 03:02:39,USR-46509
DEVE-8489,TO_DO,2026-05-02 21:20:21,USR-64602
DEVE-8489,IN_PROGRESS,2026-05-04 10:20:21,USR-64602
DEVE-8489,IN_REVIEW,2026-05-06 05:20:21,USR-64602
DEVE-8489,DONE,2026-05-06 19:20:21,USR-64602
PROF-4788,TO_DO,2025-11-25 18:55:11,USR-51889
PROF-4788,IN_PROGRESS,2025-11-26 20:55:11,USR-51889
PROF-4788,IN_REVIEW,2025-11-28 15:55:11,USR-51889
PROF-4788,DONE,2025-11-30 08:55:11,USR-51889
THES-1040,TO_DO,2025-11-24 11:35:21,USR-40512
THES-1040,IN_PROGRESS,2025-11-24 15:35:21,USR-40512
THES-1040,IN_REVIEW,2025-11-24 20:35:21,USR-40512
THES-1040,DONE,2025-11-26 09:35:21,USR-40512
ANIM-9370,TO_DO,2026-03-08 09:55:29,USR-81228
ANIM-9370,IN_PROGRESS,2026-03-09 07:55:29,USR-81228
ANIM-9370,IN_REVIEW,2026-03-10 03:55:29,USR-81228
ANIM-9370,DONE,2026-03-11 20:55:29,USR-81228
WIN-9044,TO_DO,2026-01-16 06:07:33,USR-89316
WIN-9044,IN_PROGRESS,2026-01-16 11:07:33,USR-89316
WIN-9044,IN_REVIEW,2026-01-17 14:07:33,USR-89316
WIN-9044,DONE,2026-01-18 04:07:33,USR-89316
ANIM-9495,TO_DO,2026-02-26 16:25:45,USR-71474
ANIM-9495,IN_PROGRESS,2026-02-28 05:25:45,USR-71474
ANIM-9495,IN_REVIEW,2026-02-28 10:25:45,USR-71474
ANIM-9495,DONE,2026-03-01 06:25:45,USR-71474
ORGA-7866,TO_DO,2026-06-09 04:52:11,USR-77715
ORGA-7866,IN_PROGRESS,2026-06-09 06:52:11,USR-77715
ORGA-7866,IN_REVIEW,2026-06-10 20:52:11,USR-77715
ORGA-7866,DONE,2026-06-12 00:52:11,USR-77715
DEVE-7989,TO_DO,2025-10-29 07:04:34,USR-38906
DEVE-7989,IN_PROGRESS,2025-10-30 06:04:34,USR-38906
DEVE-7989,IN_REVIEW,2025-10-30 19:04:34,USR-38906
DEVE-7989,DONE,2025-10-31 20:04:34,USR-38906
PROF-8422,TO_DO,2025-10-31 06:26:40,USR-51904
PROF-8422,IN_PROGRESS,2025-11-01 00:26:40,USR-51904
PROF-8422,IN_REVIEW,2025-11-01 02:26:40,USR-51904
PROF-8422,DONE,2025-11-02 08:26:40,USR-51904
CONF-5466,TO_DO,2025-11-16 17:46:25,USR-47667
CONF-5466,IN_PROGRESS,2025-11-18 10:46:25,USR-47667
CONF-5466,IN_REVIEW,2025-11-19 20:46:25,USR-47667
CONF-5466,DONE,2025-11-21 06:46:25,USR-47667
TERM-3509,TO_DO,2026-05-23 05:17:29,USR-71669
TERM-3509,IN_PROGRESS,2026-05-24 15:17:29,USR-71669
TERM-3509,IN_REVIEW,2026-05-25 02:17:29,USR-71669
TERM-3509,DONE,2026-05-26 05:17:29,USR-71669
THES-7187,TO_DO,2026-01-11 18:44:42,USR-93320
THES-7187,IN_PROGRESS,2026-01-12 00:44:42,USR-93320
THES-7187,IN_REVIEW,2026-01-13 19:44:42,USR-93320
THES-7187,DONE,2026-01-15 06:44:42,USR-93320
DEVE-6483,TO_DO,2026-07-24 05:57:18,USR-85529
DEVE-6483,IN_PROGRESS,2026-07-24 11:57:18,USR-85529
DEVE-6483,IN_REVIEW,2026-07-26 09:57:18,USR-85529
DEVE-6483,DONE,2026-07-28 04:57:18,USR-85529
ORGA-6007,TO_DO,2025-11-29 19:24:20,USR-19666
ORGA-6007,IN_PROGRESS,2025-12-01 02:24:20,USR-19666
ORGA-6007,IN_REVIEW,2025-12-02 17:24:20,USR-19666
ORGA-6007,DONE,2025-12-04 04:24:20,USR-19666
THES-3854,TO_DO,2026-03-24 14:14:26,USR-78522
THES-3854,IN_PROGRESS,2026-03-26 11:14:26,USR-78522
THES-3854,IN_REVIEW,2026-03-28 08:14:26,USR-78522
THES-3854,DONE,2026-03-29 03:14:26,USR-78522
ORGA-1295,TO_DO,2026-01-21 16:12:19,USR-95180
ORGA-1295,IN_PROGRESS,2026-01-21 19:12:19,USR-95180
ORGA-1295,IN_REVIEW,2026-01-23 06:12:19,USR-95180
ORGA-1295,DONE,2026-01-24 12:12:19,USR-95180
ORGA-1295,REOPENED,2026-01-24 14:12:19,USR-21188
ORGA-1295,IN_PROGRESS,2026-01-25 13:12:19,USR-95180
ORGA-1295,DONE,2026-01-26 00:12:19,USR-95180
TERM-1019,TO_DO,2026-08-21 16:24:43,USR-12389
TERM-1019,IN_PROGRESS,2026-08-22 17:24:43,USR-12389
TERM-1019,IN_REVIEW,2026-08-23 05:24:43,USR-12389
TERM-1019,DONE,2026-08-23 09:24:43,USR-12389
TERM-2695,TO_DO,2026-02-22 18:57:19,USR-23173
TERM-2695,IN_PROGRESS,2026-02-23 23:57:19,USR-23173
TERM-2695,IN_REVIEW,2026-02-25 12:57:19,USR-23173
TERM-2695,DONE,2026-02-27 03:57:19,USR-23173
TERM-7214,TO_DO,2026-06-18 18:40:16,USR-43491
TERM-7214,IN_PROGRESS,2026-06-19 16:40:16,USR-43491
TERM-7214,IN_REVIEW,2026-06-19 22:40:16,USR-43491
TERM-7214,DONE,2026-06-20 05:40:16,USR-43491
CONF-1008,TO_DO,2026-07-24 06:51:16,USR-24371
CONF-1008,IN_PROGRESS,2026-07-24 09:51:16,USR-24371
CONF-1008,IN_REVIEW,2026-07-26 09:51:16,USR-24371
CONF-1008,DONE,2026-07-26 22:51:16,USR-24371
CONF-1008,REOPENED,2026-07-27 00:51:16,USR-21846
CONF-1008,IN_PROGRESS,2026-07-27 12:51:16,USR-24371
CONF-1008,DONE,2026-07-27 19:51:16,USR-24371
ANIM-6701,TO_DO,2025-10-28 12:26:52,USR-16028
ANIM-6701,IN_PROGRESS,2025-10-30 11:26:52,USR-16028
ANIM-6701,IN_REVIEW,2025-11-01 08:26:52,USR-16028
ANIM-6701,DONE,2025-11-03 01:26:52,USR-16028
DEVE-2341,TO_DO,2026-08-16 12:54:53,USR-83385
DEVE-2341,IN_PROGRESS,2026-08-18 04:54:53,USR-83385
DEVE-2341,IN_REVIEW,2026-08-19 12:54:53,USR-83385
DEVE-2341,DONE,2026-08-20 07:54:53,USR-83385
DEVE-2341,REOPENED,2026-08-22 02:54:53,USR-43550
DEVE-2341,IN_PROGRESS,2026-08-22 17:54:53,USR-83385
DEVE-2341,DONE,2026-08-24 16:54:53,USR-83385
WIN-4769,TO_DO,2026-08-02 12:32:50,USR-88139
WIN-4769,IN_PROGRESS,2026-08-03 06:32:50,USR-88139
WIN-4769,IN_REVIEW,2026-08-03 18:32:50,USR-88139
WIN-4769,DONE,2026-08-04 18:32:50,USR-88139
ORGA-5225,TO_DO,2025-10-11 14:00:18,USR-82512
ORGA-5225,IN_PROGRESS,2025-10-12 14:00:18,USR-82512
ORGA-5225,IN_REVIEW,2025-10-14 14:00:18,USR-82512
ORGA-5225,DONE,2025-10-15 05:00:18,USR-82512
CHOI-1644,TO_DO,2026-01-14 19:42:02,USR-83989
CHOI-1644,IN_PROGRESS,2026-01-16 12:42:02,USR-83989
CHOI-1644,IN_REVIEW,2026-01-17 04:42:02,USR-83989
CHOI-1644,DONE,2026-01-18 10:42:02,USR-83989
ORGA-8328,TO_DO,2026-09-16 01:42:47,USR-35430
ORGA-8328,IN_PROGRESS,2026-09-17 12:42:47,USR-35430
ORGA-8328,IN_REVIEW,2026-09-18 10:42:47,USR-35430
ORGA-8328,DONE,2026-09-19 09:42:47,USR-35430
THES-8500,TO_DO,2026-08-24 07:11:20,USR-86622
THES-8500,IN_PROGRESS,2026-08-25 18:11:20,USR-86622
THES-8500,IN_REVIEW,2026-08-27 04:11:20,USR-86622
THES-8500,DONE,2026-08-27 11:11:20,USR-86622
CHOI-1571,TO_DO,2026-05-18 19:45:17,USR-31299
CHOI-1571,IN_PROGRESS,2026-05-18 23:45:17,USR-31299
CHOI-1571,IN_REVIEW,2026-05-20 20:45:17,USR-31299
CHOI-1571,DONE,2026-05-21 20:45:17,USR-31299
CHOI-5350,TO_DO,2026-07-22 20:50:34,USR-82910
CHOI-5350,IN_PROGRESS,2026-07-23 14:50:34,USR-82910
CHOI-5350,IN_REVIEW,2026-07-24 15:50:34,USR-82910
CHOI-5350,DONE,2026-07-25 08:50:34,USR-82910
ANIM-8231,TO_DO,2025-11-26 12:04:24,USR-41850
ANIM-8231,IN_PROGRESS,2025-11-27 13:04:24,USR-41850
ANIM-8231,IN_REVIEW,2025-11-29 11:04:24,USR-41850
ANIM-8231,DONE,2025-11-29 17:04:24,USR-41850
CHOI-7723,TO_DO,2026-05-04 13:14:36,USR-27224
CHOI-7723,IN_PROGRESS,2026-05-06 05:14:36,USR-27224
CHOI-7723,IN_REVIEW,2026-05-06 21:14:36,USR-27224
CHOI-7723,DONE,2026-05-07 09:14:36,USR-27224
PROF-6848,TO_DO,2026-04-26 00:50:59,USR-69638
PROF-6848,IN_PROGRESS,2026-04-28 00:50:59,USR-69638
PROF-6848,IN_REVIEW,2026-04-29 22:50:59,USR-69638
PROF-6848,DONE,2026-04-30 12:50:59,USR-69638
CHOI-9714,TO_DO,2025-11-10 23:53:48,USR-37653
CHOI-9714,IN_PROGRESS,2025-11-11 17:53:48,USR-37653
CHOI-9714,IN_REVIEW,2025-11-12 04:53:48,USR-37653
CHOI-9714,DONE,2025-11-13 04:53:48,USR-37653
CHOI-9714,REOPENED,2025-11-14 21:53:48,USR-55820
CHOI-9714,IN_PROGRESS,2025-11-15 13:53:48,USR-37653
CHOI-9714,DONE,2025-11-17 11:53:48,USR-37653
ANIM-1141,TO_DO,2026-08-10 04:49:33,USR-92213
ANIM-1141,IN_PROGRESS,2026-08-11 12:49:33,USR-92213
ANIM-1141,IN_REVIEW,2026-08-13 01:49:33,USR-92213
ANIM-1141,DONE,2026-08-13 09:49:33,USR-92213
CONF-3308,TO_DO,2026-08-29 19:41:27,USR-39102
CONF-3308,IN_PROGRESS,2026-08-31 19:41:27,USR-39102
CONF-3308,IN_REVIEW,2026-09-02 07:41:27,USR-39102
CONF-3308,DONE,2026-09-03 02:41:27,USR-39102
CHOI-7333,TO_DO,2026-06-08 09:35:26,USR-65872
CHOI-7333,IN_PROGRESS,2026-06-09 03:35:26,USR-65872
CHOI-7333,IN_REVIEW,2026-06-11 00:35:26,USR-65872
CHOI-7333,DONE,2026-06-12 08:35:26,USR-65872
CHOI-7333,REOPENED,2026-06-12 21:35:26,USR-30257
CHOI-7333,IN_PROGRESS,2026-06-13 00:35:26,USR-65872
CHOI-7333,DONE,2026-06-13 20:35:26,USR-65872
ORGA-2286,TO_DO,2026-05-30 09:19:00,USR-42951
ORGA-2286,IN_PROGRESS,2026-05-30 20:19:00,USR-42951
ORGA-2286,IN_REVIEW,2026-06-01 13:19:00,USR-42951
ORGA-2286,DONE,2026-06-02 02:19:00,USR-42951
TERM-8010,TO_DO,2025-12-18 17:07:36,USR-73156
TERM-8010,IN_PROGRESS,2025-12-20 04:07:36,USR-73156
TERM-8010,IN_REVIEW,2025-12-21 11:07:36,USR-73156
TERM-8010,DONE,2025-12-22 19:07:36,USR-73156
CHOI-5567,TO_DO,2025-12-28 16:48:40,USR-45972
CHOI-5567,IN_PROGRESS,2025-12-28 18:48:40,USR-45972
CHOI-5567,IN_REVIEW,2025-12-29 03:48:40,USR-45972
CHOI-5567,DONE,2025-12-30 20:48:40,USR-45972
CONF-4490,TO_DO,2025-11-13 08:49:42,USR-34881
CONF-4490,IN_PROGRESS,2025-11-13 21:49:42,USR-34881
CONF-4490,IN_REVIEW,2025-11-15 19:49:42,USR-34881
CONF-4490,DONE,2025-11-17 02:49:42,USR-34881
THES-4420,TO_DO,2025-10-28 22:40:33,USR-40735
THES-4420,IN_PROGRESS,2025-10-29 17:40:33,USR-40735
THES-4420,IN_REVIEW,2025-10-31 04:40:33,USR-40735
THES-4420,DONE,2025-11-01 00:40:33,USR-40735
TERM-4971,TO_DO,2026-03-03 19:40:55,USR-92998
TERM-4971,IN_PROGRESS,2026-03-04 20:40:55,USR-92998
TERM-4971,IN_REVIEW,2026-03-06 00:40:55,USR-92998
TERM-4971,DONE,2026-03-07 13:40:55,USR-92998
ANIM-3167,TO_DO,2025-10-26 02:10:29,USR-72739
ANIM-3167,IN_PROGRESS,2025-10-27 01:10:29,USR-72739
ANIM-3167,IN_REVIEW,2025-10-28 18:10:29,USR-72739
ANIM-3167,DONE,2025-10-29 12:10:29,USR-72739
DEVE-6178,TO_DO,2026-08-07 00:30:53,USR-40595
DEVE-6178,IN_PROGRESS,2026-08-08 18:30:53,USR-40595
DEVE-6178,IN_REVIEW,2026-08-09 15:30:53,USR-40595
DEVE-6178,DONE,2026-08-10 08:30:53,USR-40595
DEVE-4492,TO_DO,2026-01-12 02:22:35,USR-88957
DEVE-4492,IN_PROGRESS,2026-01-12 08:22:35,USR-88957
DEVE-4492,IN_REVIEW,2026-01-13 20:22:35,USR-88957
DEVE-4492,DONE,2026-01-15 00:22:35,USR-88957
ANIM-5657,TO_DO,2025-10-19 14:32:34,USR-33850
ANIM-5657,IN_PROGRESS,2025-10-19 22:32:34,USR-33850
ANIM-5657,IN_REVIEW,2025-10-20 08:32:34,USR-33850
ANIM-5657,DONE,2025-10-22 02:32:34,USR-33850
PROF-9906,TO_DO,2026-07-07 15:06:19,USR-30253
PROF-9906,IN_PROGRESS,2026-07-08 18:06:19,USR-30253
PROF-9906,IN_REVIEW,2026-07-09 22:06:19,USR-30253
PROF-9906,DONE,2026-07-10 04:06:19,USR-30253
CHOI-6680,TO_DO,2026-01-19 23:49:57,USR-50135
CHOI-6680,IN_PROGRESS,2026-01-21 04:49:57,USR-50135
CHOI-6680,IN_REVIEW,2026-01-22 02:49:57,USR-50135
CHOI-6680,DONE,2026-01-24 01:49:57,USR-50135
THES-9566,TO_DO,2025-11-26 13:14:51,USR-92991
THES-9566,IN_PROGRESS,2025-11-26 23:14:51,USR-92991
THES-9566,IN_REVIEW,2025-11-27 05:14:51,USR-92991
THES-9566,DONE,2025-11-27 17:14:51,USR-92991
LIST-9852,TO_DO,2026-03-30 23:06:47,USR-51245
LIST-9852,IN_PROGRESS,2026-04-01 22:06:47,USR-51245
LIST-9852,IN_REVIEW,2026-04-03 14:06:47,USR-51245
LIST-9852,DONE,2026-04-05 01:06:47,USR-51245
ANIM-9795,TO_DO,2026-06-07 21:31:10,USR-15376
ANIM-9795,IN_PROGRESS,2026-06-08 20:31:10,USR-15376
ANIM-9795,IN_REVIEW,2026-06-09 07:31:10,USR-15376
ANIM-9795,DONE,2026-06-09 11:31:10,USR-15376
THES-4608,TO_DO,2026-03-09 10:27:10,USR-34486
THES-4608,IN_PROGRESS,2026-03-09 17:27:10,USR-34486
THES-4608,IN_REVIEW,2026-03-11 17:27:10,USR-34486
THES-4608,DONE,2026-03-12 05:27:10,USR-34486
ANIM-1274,TO_DO,2025-11-05 19:00:42,USR-53652
ANIM-1274,IN_PROGRESS,2025-11-07 01:00:42,USR-53652
ANIM-1274,IN_REVIEW,2025-11-08 09:00:42,USR-53652
ANIM-1274,DONE,2025-11-09 21:00:42,USR-53652
ANIM-8003,TO_DO,2026-03-04 20:27:26,USR-23875
ANIM-8003,IN_PROGRESS,2026-03-06 03:27:26,USR-23875
ANIM-8003,IN_REVIEW,2026-03-07 05:27:26,USR-23875
ANIM-8003,DONE,2026-03-07 08:27:26,USR-23875
PROF-3450,TO_DO,2026-03-29 03:19:10,USR-70443
PROF-3450,IN_PROGRESS,2026-03-30 09:19:10,USR-70443
PROF-3450,IN_REVIEW,2026-03-30 16:19:10,USR-70443
PROF-3450,DONE,2026-03-30 18:19:10,USR-70443
PROF-3450,REOPENED,2026-03-31 22:19:10,USR-60351
PROF-3450,IN_PROGRESS,2026-04-01 04:19:10,USR-70443
PROF-3450,DONE,2026-04-03 02:19:10,USR-70443
LIST-4728,TO_DO,2025-12-25 00:30:37,USR-73656
LIST-4728,IN_PROGRESS,2025-12-26 08:30:37,USR-73656
LIST-4728,IN_REVIEW,2025-12-27 01:30:37,USR-73656
LIST-4728,DONE,2025-12-28 00:30:37,USR-73656
ANIM-4160,TO_DO,2026-04-23 02:59:23,USR-93584
ANIM-4160,IN_PROGRESS,2026-04-23 07:59:23,USR-93584
ANIM-4160,IN_REVIEW,2026-04-24 01:59:23,USR-93584
ANIM-4160,DONE,2026-04-25 00:59:23,USR-93584
WIN-9695,TO_DO,2026-05-16 05:03:41,USR-22903
WIN-9695,IN_PROGRESS,2026-05-16 21:03:41,USR-22903
WIN-9695,IN_REVIEW,2026-05-18 15:03:41,USR-22903
WIN-9695,DONE,2026-05-20 11:03:41,USR-22903
ANIM-6642,TO_DO,2026-05-20 00:48:53,USR-40613
ANIM-6642,IN_PROGRESS,2026-05-20 04:48:53,USR-40613
ANIM-6642,IN_REVIEW,2026-05-22 04:48:53,USR-40613
ANIM-6642,DONE,2026-05-22 15:48:53,USR-40613
WIN-6533,TO_DO,2025-12-31 14:05:16,USR-71385
WIN-6533,IN_PROGRESS,2026-01-02 05:05:16,USR-71385
WIN-6533,IN_REVIEW,2026-01-03 11:05:16,USR-71385
WIN-6533,DONE,2026-01-04 18:05:16,USR-71385
DEVE-5803,TO_DO,2026-03-17 23:39:57,USR-84177
DEVE-5803,IN_PROGRESS,2026-03-19 14:39:57,USR-84177
DEVE-5803,IN_REVIEW,2026-03-20 18:39:57,USR-84177
DEVE-5803,DONE,2026-03-22 12:39:57,USR-84177
DEVE-5803,REOPENED,2026-03-23 08:39:57,USR-57419
DEVE-5803,IN_PROGRESS,2026-03-23 21:39:57,USR-84177
DEVE-5803,DONE,2026-03-25 18:39:57,USR-84177
TERM-4814,TO_DO,2025-09-29 21:59:54,USR-21221
TERM-4814,IN_PROGRESS,2025-09-30 16:59:54,USR-21221
TERM-4814,IN_REVIEW,2025-10-02 02:59:54,USR-21221
TERM-4814,DONE,2025-10-03 22:59:54,USR-21221
ORGA-9183,TO_DO,2026-05-17 11:48:53,USR-53025
ORGA-9183,IN_PROGRESS,2026-05-19 09:48:53,USR-53025
ORGA-9183,IN_REVIEW,2026-05-19 21:48:53,USR-53025
ORGA-9183,DONE,2026-05-20 17:48:53,USR-53025
CONF-6411,TO_DO,2026-01-16 16:11:06,USR-71186
CONF-6411,IN_PROGRESS,2026-01-17 04:11:06,USR-71186
CONF-6411,IN_REVIEW,2026-01-17 21:11:06,USR-71186
CONF-6411,DONE,2026-01-19 18:11:06,USR-71186
CHOI-6124,TO_DO,2026-09-13 22:48:35,USR-92306
CHOI-6124,IN_PROGRESS,2026-09-15 07:48:35,USR-92306
CHOI-6124,IN_REVIEW,2026-09-16 11:48:35,USR-92306
CHOI-6124,DONE,2026-09-16 14:48:35,USR-92306
LIST-6292,TO_DO,2026-03-22 07:27:38,USR-18907
LIST-6292,IN_PROGRESS,2026-03-23 21:27:38,USR-18907
LIST-6292,IN_REVIEW,2026-03-25 07:27:38,USR-18907
LIST-6292,DONE,2026-03-25 10:27:38,USR-18907
THES-4953,TO_DO,2026-06-15 18:01:55,USR-84177
THES-4953,IN_PROGRESS,2026-06-16 11:01:55,USR-84177
THES-4953,IN_REVIEW,2026-06-17 11:01:55,USR-84177
THES-4953,DONE,2026-06-18 16:01:55,USR-84177
CONF-1873,TO_DO,2025-10-06 15:04:32,USR-68115
CONF-1873,IN_PROGRESS,2025-10-07 00:04:32,USR-68115
CONF-1873,IN_REVIEW,2025-10-08 01:04:32,USR-68115
CONF-1873,DONE,2025-10-08 16:04:32,USR-68115
TERM-5590,TO_DO,2026-06-10 12:22:35,USR-63271
TERM-5590,IN_PROGRESS,2026-06-11 21:22:35,USR-63271
TERM-5590,IN_REVIEW,2026-06-12 09:22:35,USR-63271
TERM-5590,DONE,2026-06-13 19:22:35,USR-63271
THES-6222,TO_DO,2026-08-09 04:39:54,USR-83608
THES-6222,IN_PROGRESS,2026-08-11 02:39:54,USR-83608
THES-6222,IN_REVIEW,2026-08-12 17:39:54,USR-83608
THES-6222,DONE,2026-08-14 13:39:54,USR-83608
WIN-9104,TO_DO,2026-07-22 06:22:22,USR-16743
WIN-9104,IN_PROGRESS,2026-07-23 04:22:22,USR-16743
WIN-9104,IN_REVIEW,2026-07-24 23:22:22,USR-16743
WIN-9104,DONE,2026-07-25 16:22:22,USR-16743
ORGA-3195,TO_DO,2026-07-09 23:58:43,USR-80686
ORGA-3195,IN_PROGRESS,2026-07-10 19:58:43,USR-80686
ORGA-3195,IN_REVIEW,2026-07-11 01:58:43,USR-80686
ORGA-3195,DONE,2026-07-12 14:58:43,USR-80686
CONF-6652,TO_DO,2026-06-01 13:48:34,USR-42177
CONF-6652,IN_PROGRESS,2026-06-02 00:48:34,USR-42177
CONF-6652,IN_REVIEW,2026-06-02 05:48:34,USR-42177
CONF-6652,DONE,2026-06-03 12:48:34,USR-42177
LIST-9202,TO_DO,2026-05-20 23:09:35,USR-41571
LIST-9202,IN_PROGRESS,2026-05-22 16:09:35,USR-41571
LIST-9202,IN_REVIEW,2026-05-24 10:09:35,USR-41571
LIST-9202,DONE,2026-05-26 09:09:35,USR-41571
THES-5904,TO_DO,2026-01-11 02:37:11,USR-69878
THES-5904,IN_PROGRESS,2026-01-11 07:37:11,USR-69878
THES-5904,IN_REVIEW,2026-01-11 22:37:11,USR-69878
THES-5904,DONE,2026-01-12 02:37:11,USR-69878
ANIM-8759,TO_DO,2026-03-08 09:03:27,USR-89822
ANIM-8759,IN_PROGRESS,2026-03-10 09:03:27,USR-89822
ANIM-8759,IN_REVIEW,2026-03-11 22:03:27,USR-89822
ANIM-8759,DONE,2026-03-12 09:03:27,USR-89822
DEVE-4089,TO_DO,2026-03-31 22:24:43,USR-67640
DEVE-4089,IN_PROGRESS,2026-04-01 10:24:43,USR-67640
DEVE-4089,IN_REVIEW,2026-04-02 06:24:43,USR-67640
DEVE-4089,DONE,2026-04-03 02:24:43,USR-67640
ANIM-4281,TO_DO,2026-08-18 03:26:13,USR-38683
ANIM-4281,IN_PROGRESS,2026-08-19 17:26:13,USR-38683
ANIM-4281,IN_REVIEW,2026-08-20 11:26:13,USR-38683
ANIM-4281,DONE,2026-08-20 18:26:13,USR-38683
THES-1635,TO_DO,2025-11-20 15:21:08,USR-25096
THES-1635,IN_PROGRESS,2025-11-22 06:21:08,USR-25096
THES-1635,IN_REVIEW,2025-11-23 20:21:08,USR-25096
THES-1635,DONE,2025-11-24 01:21:08,USR-25096
DEVE-5625,TO_DO,2026-06-29 11:04:59,USR-83608
DEVE-5625,IN_PROGRESS,2026-06-29 22:04:59,USR-83608
DEVE-5625,IN_REVIEW,2026-06-30 20:04:59,USR-83608
DEVE-5625,DONE,2026-07-01 17:04:59,USR-83608
DEVE-2414,TO_DO,2026-02-28 15:15:19,USR-42493
DEVE-2414,IN_PROGRESS,2026-03-01 09:15:19,USR-42493
DEVE-2414,IN_REVIEW,2026-03-02 19:15:19,USR-42493
DEVE-2414,DONE,2026-03-04 18:15:19,USR-42493
TERM-2124,TO_DO,2026-05-03 15:06:35,USR-47601
TERM-2124,IN_PROGRESS,2026-05-04 22:06:35,USR-47601
TERM-2124,IN_REVIEW,2026-05-06 03:06:35,USR-47601
TERM-2124,DONE,2026-05-07 15:06:35,USR-47601
THES-4041,TO_DO,2026-06-09 03:48:25,USR-33652
THES-4041,IN_PROGRESS,2026-06-09 06:48:25,USR-33652
THES-4041,IN_REVIEW,2026-06-09 18:48:25,USR-33652
THES-4041,DONE,2026-06-11 11:48:25,USR-33652
PROF-9232,TO_DO,2025-12-22 06:04:44,USR-37653
PROF-9232,IN_PROGRESS,2025-12-23 19:04:44,USR-37653
PROF-9232,IN_REVIEW,2025-12-23 23:04:44,USR-37653
PROF-9232,DONE,2025-12-24 11:04:44,USR-37653
PROF-9232,REOPENED,2025-12-26 04:04:44,USR-40784
PROF-9232,IN_PROGRESS,2025-12-26 21:04:44,USR-37653
PROF-9232,DONE,2025-12-28 15:04:44,USR-37653
DEVE-9929,TO_DO,2025-12-23 20:28:04,USR-79514
DEVE-9929,IN_PROGRESS,2025-12-24 21:28:04,USR-79514
DEVE-9929,IN_REVIEW,2025-12-25 09:28:04,USR-79514
DEVE-9929,DONE,2025-12-25 23:28:04,USR-79514
CONF-2764,TO_DO,2026-03-14 21:54:43,USR-52622
CONF-2764,IN_PROGRESS,2026-03-15 11:54:43,USR-52622
CONF-2764,IN_REVIEW,2026-03-16 09:54:43,USR-52622
CONF-2764,DONE,2026-03-17 12:54:43,USR-52622
PROF-2541,TO_DO,2025-11-26 21:44:52,USR-38683
PROF-2541,IN_PROGRESS,2025-11-27 18:44:52,USR-38683
PROF-2541,IN_REVIEW,2025-11-29 17:44:52,USR-38683
PROF-2541,DONE,2025-12-01 15:44:52,USR-38683
TERM-2393,TO_DO,2025-12-29 10:28:53,USR-52237
TERM-2393,IN_PROGRESS,2025-12-29 19:28:53,USR-52237
TERM-2393,IN_REVIEW,2025-12-31 05:28:53,USR-52237
TERM-2393,DONE,2026-01-01 13:28:53,USR-52237
TERM-2393,REOPENED,2026-01-02 09:28:53,USR-15544
TERM-2393,IN_PROGRESS,2026-01-02 11:28:53,USR-52237
TERM-2393,DONE,2026-01-03 11:28:53,USR-52237
DEVE-2835,TO_DO,2026-02-11 19:01:36,USR-85372
DEVE-2835,IN_PROGRESS,2026-02-12 14:01:36,USR-85372
DEVE-2835,IN_REVIEW,2026-02-13 08:01:36,USR-85372
DEVE-2835,DONE,2026-02-14 23:01:36,USR-85372
ORGA-1455,TO_DO,2025-11-26 20:58:32,USR-64496
ORGA-1455,IN_PROGRESS,2025-11-27 01:58:32,USR-64496
ORGA-1455,IN_REVIEW,2025-11-29 00:58:32,USR-64496
ORGA-1455,DONE,2025-11-30 09:58:32,USR-64496
WIN-3514,TO_DO,2026-05-12 03:35:49,USR-97562
WIN-3514,IN_PROGRESS,2026-05-12 18:35:49,USR-97562
WIN-3514,IN_REVIEW,2026-05-13 03:35:49,USR-97562
WIN-3514,DONE,2026-05-14 06:35:49,USR-97562
PROF-9150,TO_DO,2026-02-19 01:30:54,USR-28030
PROF-9150,IN_PROGRESS,2026-02-19 23:30:54,USR-28030
PROF-9150,IN_REVIEW,2026-02-21 21:30:54,USR-28030
PROF-9150,DONE,2026-02-23 03:30:54,USR-28030
PROF-7211,TO_DO,2026-03-13 01:12:22,USR-94012
PROF-7211,IN_PROGRESS,2026-03-13 03:12:22,USR-94012
PROF-7211,IN_REVIEW,2026-03-14 03:12:22,USR-94012
PROF-7211,DONE,2026-03-15 19:12:22,USR-94012
CHOI-7596,TO_DO,2026-06-16 20:52:52,USR-14244
CHOI-7596,IN_PROGRESS,2026-06-18 19:52:52,USR-14244
CHOI-7596,IN_REVIEW,2026-06-19 05:52:52,USR-14244
CHOI-7596,DONE,2026-06-19 22:52:52,USR-14244
TERM-1971,TO_DO,2025-09-27 21:32:44,USR-71474
TERM-1971,IN_PROGRESS,2025-09-28 00:32:44,USR-71474
TERM-1971,IN_REVIEW,2025-09-29 15:32:44,USR-71474
TERM-1971,DONE,2025-10-01 00:32:44,USR-71474
TERM-1971,REOPENED,2025-10-01 06:32:44,USR-46509
TERM-1971,IN_PROGRESS,2025-10-01 15:32:44,USR-71474
TERM-1971,DONE,2025-10-03 12:32:44,USR-71474
DEVE-7895,TO_DO,2025-12-20 07:02:50,USR-86019
DEVE-7895,IN_PROGRESS,2025-12-21 06:02:50,USR-86019
DEVE-7895,IN_REVIEW,2025-12-22 18:02:50,USR-86019
DEVE-7895,DONE,2025-12-24 03:02:50,USR-86019
CHOI-9875,TO_DO,2026-03-26 17:09:57,USR-44237
CHOI-9875,IN_PROGRESS,2026-03-27 16:09:57,USR-44237
CHOI-9875,IN_REVIEW,2026-03-29 08:09:57,USR-44237
CHOI-9875,DONE,2026-03-31 08:09:57,USR-44237
CONF-9075,TO_DO,2026-07-11 08:46:49,USR-27790
CONF-9075,IN_PROGRESS,2026-07-13 05:46:49,USR-27790
CONF-9075,IN_REVIEW,2026-07-14 06:46:49,USR-27790
CONF-9075,DONE,2026-07-15 19:46:49,USR-27790
CHOI-6833,TO_DO,2026-06-25 12:35:10,USR-40982
CHOI-6833,IN_PROGRESS,2026-06-26 16:35:10,USR-40982
CHOI-6833,IN_REVIEW,2026-06-26 19:35:10,USR-40982
CHOI-6833,DONE,2026-06-27 10:35:10,USR-40982
LIST-3704,TO_DO,2026-03-09 08:02:15,USR-30181
LIST-3704,IN_PROGRESS,2026-03-10 21:02:15,USR-30181
LIST-3704,IN_REVIEW,2026-03-12 20:02:15,USR-30181
LIST-3704,DONE,2026-03-14 05:02:15,USR-30181
ORGA-4154,TO_DO,2025-10-07 05:39:52,USR-91205
ORGA-4154,IN_PROGRESS,2025-10-08 09:39:52,USR-91205
ORGA-4154,IN_REVIEW,2025-10-09 03:39:52,USR-91205
ORGA-4154,DONE,2025-10-10 09:39:52,USR-91205
ORGA-4154,REOPENED,2025-10-11 10:39:52,USR-76162
ORGA-4154,IN_PROGRESS,2025-10-12 03:39:52,USR-91205
ORGA-4154,DONE,2025-10-13 02:39:52,USR-91205
ORGA-7899,TO_DO,2026-07-04 02:12:55,USR-43681
ORGA-7899,IN_PROGRESS,2026-07-04 10:12:55,USR-43681
ORGA-7899,IN_REVIEW,2026-07-05 13:12:55,USR-43681
ORGA-7899,DONE,2026-07-06 05:12:55,USR-43681
THES-3134,TO_DO,2026-05-29 07:12:21,USR-34931
THES-3134,IN_PROGRESS,2026-05-30 21:12:21,USR-34931
THES-3134,IN_REVIEW,2026-06-01 03:12:21,USR-34931
THES-3134,DONE,2026-06-02 11:12:21,USR-34931
THES-3134,REOPENED,2026-06-03 14:12:21,USR-19545
THES-3134,IN_PROGRESS,2026-06-03 16:12:21,USR-34931
THES-3134,DONE,2026-06-04 03:12:21,USR-34931
CHOI-6871,TO_DO,2025-11-26 06:15:27,USR-64460
CHOI-6871,IN_PROGRESS,2025-11-27 00:15:27,USR-64460
CHOI-6871,IN_REVIEW,2025-11-27 07:15:27,USR-64460
CHOI-6871,DONE,2025-11-28 08:15:27,USR-64460
ANIM-9913,TO_DO,2026-06-05 06:15:04,USR-88997
ANIM-9913,IN_PROGRESS,2026-06-05 12:15:04,USR-88997
ANIM-9913,IN_REVIEW,2026-06-06 16:15:04,USR-88997
ANIM-9913,DONE,2026-06-08 04:15:04,USR-88997
ANIM-9913,REOPENED,2026-06-09 06:15:04,USR-87656
ANIM-9913,IN_PROGRESS,2026-06-09 10:15:04,USR-88997
ANIM-9913,DONE,2026-06-09 20:15:04,USR-88997
CHOI-7335,TO_DO,2025-10-12 11:51:48,USR-15817
CHOI-7335,IN_PROGRESS,2025-10-12 23:51:48,USR-15817
CHOI-7335,IN_REVIEW,2025-10-14 02:51:48,USR-15817
CHOI-7335,DONE,2025-10-14 05:51:48,USR-15817
WIN-6567,TO_DO,2026-07-24 02:40:36,USR-91927
WIN-6567,IN_PROGRESS,2026-07-25 12:40:36,USR-91927
WIN-6567,IN_REVIEW,2026-07-26 05:40:36,USR-91927
WIN-6567,DONE,2026-07-27 07:40:36,USR-91927
CHOI-4792,TO_DO,2026-06-24 17:52:06,USR-78712
CHOI-4792,IN_PROGRESS,2026-06-26 11:52:06,USR-78712
CHOI-4792,IN_REVIEW,2026-06-28 08:52:06,USR-78712
CHOI-4792,DONE,2026-06-29 06:52:06,USR-78712
WIN-6802,TO_DO,2026-04-09 23:31:47,USR-82384
WIN-6802,IN_PROGRESS,2026-04-10 06:31:47,USR-82384
WIN-6802,IN_REVIEW,2026-04-11 22:31:47,USR-82384
WIN-6802,DONE,2026-04-13 02:31:47,USR-82384
ANIM-3493,TO_DO,2026-04-05 14:03:22,USR-61505
ANIM-3493,IN_PROGRESS,2026-04-06 22:03:22,USR-61505
ANIM-3493,IN_REVIEW,2026-04-07 17:03:22,USR-61505
ANIM-3493,DONE,2026-04-09 14:03:22,USR-61505
THES-8291,TO_DO,2026-04-18 08:44:42,USR-97410
THES-8291,IN_PROGRESS,2026-04-20 04:44:42,USR-97410
THES-8291,IN_REVIEW,2026-04-20 09:44:42,USR-97410
THES-8291,DONE,2026-04-22 00:44:42,USR-97410
TERM-1351,TO_DO,2026-08-09 06:33:56,USR-44795
TERM-1351,IN_PROGRESS,2026-08-10 20:33:56,USR-44795
TERM-1351,IN_REVIEW,2026-08-11 03:33:56,USR-44795
TERM-1351,DONE,2026-08-12 07:33:56,USR-44795
WIN-1543,TO_DO,2026-09-02 11:14:12,USR-46585
WIN-1543,IN_PROGRESS,2026-09-03 04:14:12,USR-46585
WIN-1543,IN_REVIEW,2026-09-03 23:14:12,USR-46585
WIN-1543,DONE,2026-09-05 10:14:12,USR-46585
CHOI-5456,TO_DO,2026-01-27 15:15:14,USR-76494
CHOI-5456,IN_PROGRESS,2026-01-28 04:15:14,USR-76494
CHOI-5456,IN_REVIEW,2026-01-29 13:15:14,USR-76494
CHOI-5456,DONE,2026-01-31 03:15:14,USR-76494
CONF-6494,TO_DO,2026-07-15 17:55:33,USR-57472
CONF-6494,IN_PROGRESS,2026-07-17 10:55:33,USR-57472
CONF-6494,IN_REVIEW,2026-07-18 12:55:33,USR-57472
CONF-6494,DONE,2026-07-19 17:55:33,USR-57472
WIN-5811,TO_DO,2025-11-29 21:37:58,USR-95929
WIN-5811,IN_PROGRESS,2025-12-01 02:37:58,USR-95929
WIN-5811,IN_REVIEW,2025-12-01 12:37:58,USR-95929
WIN-5811,DONE,2025-12-02 20:37:58,USR-95929
WIN-5811,REOPENED,2025-12-03 19:37:58,USR-62296
WIN-5811,IN_PROGRESS,2025-12-04 01:37:58,USR-95929
WIN-5811,DONE,2025-12-05 13:37:58,USR-95929
DEVE-1196,TO_DO,2026-03-03 22:15:17,USR-62505
DEVE-1196,IN_PROGRESS,2026-03-04 13:15:17,USR-62505
DEVE-1196,IN_REVIEW,2026-03-05 08:15:17,USR-62505
DEVE-1196,DONE,2026-03-06 05:15:17,USR-62505
DEVE-1196,REOPENED,2026-03-07 12:15:17,USR-72245
DEVE-1196,IN_PROGRESS,2026-03-08 07:15:17,USR-62505
DEVE-1196,DONE,2026-03-10 05:15:17,USR-62505
CHOI-6225,TO_DO,2025-11-08 14:35:02,USR-42177
CHOI-6225,IN_PROGRESS,2025-11-10 03:35:02,USR-42177
CHOI-6225,IN_REVIEW,2025-11-10 19:35:02,USR-42177
CHOI-6225,DONE,2025-11-11 07:35:02,USR-42177
CHOI-9427,TO_DO,2026-03-19 15:52:24,USR-17716
CHOI-9427,IN_PROGRESS,2026-03-19 22:52:24,USR-17716
CHOI-9427,IN_REVIEW,2026-03-21 04:52:24,USR-17716
CHOI-9427,DONE,2026-03-21 06:52:24,USR-17716
LIST-2694,TO_DO,2026-05-11 20:46:31,USR-89822
LIST-2694,IN_PROGRESS,2026-05-12 23:46:31,USR-89822
LIST-2694,IN_REVIEW,2026-05-13 05:46:31,USR-89822
LIST-2694,DONE,2026-05-13 22:46:31,USR-89822
LIST-2694,REOPENED,2026-05-14 02:46:31,USR-53694
LIST-2694,IN_PROGRESS,2026-05-14 11:46:31,USR-89822
LIST-2694,DONE,2026-05-16 03:46:31,USR-89822
CHOI-5617,TO_DO,2026-01-21 21:40:21,USR-68341
CHOI-5617,IN_PROGRESS,2026-01-22 19:40:21,USR-68341
CHOI-5617,IN_REVIEW,2026-01-24 18:40:21,USR-68341
CHOI-5617,DONE,2026-01-25 18:40:21,USR-68341
CHOI-5617,REOPENED,2026-01-26 05:40:21,USR-76249
CHOI-5617,IN_PROGRESS,2026-01-26 23:40:21,USR-68341
CHOI-5617,DONE,2026-01-27 15:40:21,USR-68341
PROF-8919,TO_DO,2026-04-06 13:43:15,USR-16265
PROF-8919,IN_PROGRESS,2026-04-08 09:43:15,USR-16265
PROF-8919,IN_REVIEW,2026-04-09 18:43:15,USR-16265
PROF-8919,DONE,2026-04-11 08:43:15,USR-16265
THES-4409,TO_DO,2026-04-06 07:22:22,USR-17104
THES-4409,IN_PROGRESS,2026-04-08 06:22:22,USR-17104
THES-4409,IN_REVIEW,2026-04-09 14:22:22,USR-17104
THES-4409,DONE,2026-04-09 22:22:22,USR-17104
THES-4409,REOPENED,2026-04-10 05:22:22,USR-51441
THES-4409,IN_PROGRESS,2026-04-10 16:22:22,USR-17104
THES-4409,DONE,2026-04-12 05:22:22,USR-17104
LIST-3128,TO_DO,2025-12-15 00:26:27,USR-16731
LIST-3128,IN_PROGRESS,2025-12-16 21:26:27,USR-16731
LIST-3128,IN_REVIEW,2025-12-18 08:26:27,USR-16731
LIST-3128,DONE,2025-12-20 00:26:27,USR-16731
THES-1033,TO_DO,2025-11-21 20:59:20,USR-48890
THES-1033,IN_PROGRESS,2025-11-22 23:59:20,USR-48890
THES-1033,IN_REVIEW,2025-11-23 17:59:20,USR-48890
THES-1033,DONE,2025-11-24 11:59:20,USR-48890
THES-2688,TO_DO,2026-06-25 07:09:13,USR-34920
THES-2688,IN_PROGRESS,2026-06-26 08:09:13,USR-34920
THES-2688,IN_REVIEW,2026-06-27 05:09:13,USR-34920
THES-2688,DONE,2026-06-27 18:09:13,USR-34920
CHOI-9019,TO_DO,2025-10-01 12:09:57,USR-62431
CHOI-9019,IN_PROGRESS,2025-10-03 11:09:57,USR-62431
CHOI-9019,IN_REVIEW,2025-10-04 00:09:57,USR-62431
CHOI-9019,DONE,2025-10-04 17:09:57,USR-62431
TERM-5790,TO_DO,2026-03-11 12:24:15,USR-98317
TERM-5790,IN_PROGRESS,2026-03-12 20:24:15,USR-98317
TERM-5790,IN_REVIEW,2026-03-14 09:24:15,USR-98317
TERM-5790,DONE,2026-03-15 22:24:15,USR-98317
ANIM-6580,TO_DO,2026-08-12 01:29:48,USR-83638
ANIM-6580,IN_PROGRESS,2026-08-12 04:29:48,USR-83638
ANIM-6580,IN_REVIEW,2026-08-13 17:29:48,USR-83638
ANIM-6580,DONE,2026-08-14 05:29:48,USR-83638
ORGA-8914,TO_DO,2026-04-10 10:28:51,USR-94012
ORGA-8914,IN_PROGRESS,2026-04-12 10:28:51,USR-94012
ORGA-8914,IN_REVIEW,2026-04-12 13:28:51,USR-94012
ORGA-8914,DONE,2026-04-13 00:28:51,USR-94012
ORGA-6907,TO_DO,2026-07-16 06:40:07,USR-97062
ORGA-6907,IN_PROGRESS,2026-07-17 13:40:07,USR-97062
ORGA-6907,IN_REVIEW,2026-07-17 19:40:07,USR-97062
ORGA-6907,DONE,2026-07-18 23:40:07,USR-97062
ORGA-9677,TO_DO,2025-11-30 13:28:03,USR-71925
ORGA-9677,IN_PROGRESS,2025-12-02 10:28:03,USR-71925
ORGA-9677,IN_REVIEW,2025-12-03 18:28:03,USR-71925
ORGA-9677,DONE,2025-12-03 20:28:03,USR-71925
ORGA-9677,REOPENED,2025-12-05 11:28:03,USR-19880
ORGA-9677,IN_PROGRESS,2025-12-05 12:28:03,USR-71925
ORGA-9677,DONE,2025-12-06 20:28:03,USR-71925
DEVE-5029,TO_DO,2026-06-16 22:24:05,USR-48469
DEVE-5029,IN_PROGRESS,2026-06-18 21:24:05,USR-48469
DEVE-5029,IN_REVIEW,2026-06-20 20:24:05,USR-48469
DEVE-5029,DONE,2026-06-22 01:24:05,USR-48469
PROF-3690,TO_DO,2026-05-03 07:34:32,USR-20077
PROF-3690,IN_PROGRESS,2026-05-04 00:34:32,USR-20077
PROF-3690,IN_REVIEW,2026-05-04 19:34:32,USR-20077
PROF-3690,DONE,2026-05-06 05:34:32,USR-20077
PROF-3690,REOPENED,2026-05-07 00:34:32,USR-99742
PROF-3690,IN_PROGRESS,2026-05-07 20:34:32,USR-20077
PROF-3690,DONE,2026-05-08 09:34:32,USR-20077
ORGA-9056,TO_DO,2026-05-26 08:40:05,USR-49132
ORGA-9056,IN_PROGRESS,2026-05-27 08:40:05,USR-49132
ORGA-9056,IN_REVIEW,2026-05-27 13:40:05,USR-49132
ORGA-9056,DONE,2026-05-28 21:40:05,USR-49132
CHOI-6575,TO_DO,2026-09-07 14:01:57,USR-78522
CHOI-6575,IN_PROGRESS,2026-09-07 21:01:57,USR-78522
CHOI-6575,IN_REVIEW,2026-09-09 13:01:57,USR-78522
CHOI-6575,DONE,2026-09-10 23:01:57,USR-78522
LIST-2686,TO_DO,2025-11-08 13:20:50,USR-91560
LIST-2686,IN_PROGRESS,2025-11-08 17:20:50,USR-91560
LIST-2686,IN_REVIEW,2025-11-09 07:20:50,USR-91560
LIST-2686,DONE,2025-11-10 04:20:50,USR-91560
ANIM-3443,TO_DO,2026-04-18 09:57:16,USR-50327
ANIM-3443,IN_PROGRESS,2026-04-19 00:57:16,USR-50327
ANIM-3443,IN_REVIEW,2026-04-19 10:57:16,USR-50327
ANIM-3443,DONE,2026-04-20 12:57:16,USR-50327
ANIM-3443,REOPENED,2026-04-22 08:57:16,USR-64387
ANIM-3443,IN_PROGRESS,2026-04-22 17:57:16,USR-50327
ANIM-3443,DONE,2026-04-23 19:57:16,USR-50327
ANIM-7082,TO_DO,2025-12-29 22:09:15,USR-81810
ANIM-7082,IN_PROGRESS,2025-12-31 05:09:15,USR-81810
ANIM-7082,IN_REVIEW,2025-12-31 23:09:15,USR-81810
ANIM-7082,DONE,2026-01-01 03:09:15,USR-81810
ORGA-4720,TO_DO,2025-12-18 21:19:19,USR-57953
ORGA-4720,IN_PROGRESS,2025-12-20 04:19:19,USR-57953
ORGA-4720,IN_REVIEW,2025-12-21 07:19:19,USR-57953
ORGA-4720,DONE,2025-12-22 15:19:19,USR-57953
THES-3050,TO_DO,2026-01-29 02:38:11,USR-10221
THES-3050,IN_PROGRESS,2026-01-29 07:38:11,USR-10221
THES-3050,IN_REVIEW,2026-01-31 07:38:11,USR-10221
THES-3050,DONE,2026-02-01 07:38:11,USR-10221
ORGA-7687,TO_DO,2026-01-28 08:23:24,USR-44795
ORGA-7687,IN_PROGRESS,2026-01-29 02:23:24,USR-44795
ORGA-7687,IN_REVIEW,2026-01-29 12:23:24,USR-44795
ORGA-7687,DONE,2026-01-29 23:23:24,USR-44795
WIN-7557,TO_DO,2026-05-21 03:27:41,USR-10688
WIN-7557,IN_PROGRESS,2026-05-22 12:27:41,USR-10688
WIN-7557,IN_REVIEW,2026-05-24 09:27:41,USR-10688
WIN-7557,DONE,2026-05-24 22:27:41,USR-10688
WIN-4406,TO_DO,2025-11-05 19:56:40,USR-16265
WIN-4406,IN_PROGRESS,2025-11-05 21:56:40,USR-16265
WIN-4406,IN_REVIEW,2025-11-07 09:56:40,USR-16265
WIN-4406,DONE,2025-11-09 07:56:40,USR-16265
WIN-4406,REOPENED,2025-11-10 22:56:40,USR-23970
WIN-4406,IN_PROGRESS,2025-11-11 08:56:40,USR-16265
WIN-4406,DONE,2025-11-11 21:56:40,USR-16265
PROF-5112,TO_DO,2025-11-02 05:16:29,USR-91678
PROF-5112,IN_PROGRESS,2025-11-02 19:16:29,USR-91678
PROF-5112,IN_REVIEW,2025-11-03 11:16:29,USR-91678
PROF-5112,DONE,2025-11-04 01:16:29,USR-91678
THES-9804,TO_DO,2026-03-09 23:38:57,USR-65108
THES-9804,IN_PROGRESS,2026-03-10 09:38:57,USR-65108
THES-9804,IN_REVIEW,2026-03-11 10:38:57,USR-65108
THES-9804,DONE,2026-03-13 05:38:57,USR-65108
LIST-1207,TO_DO,2026-02-12 07:06:43,USR-49132
LIST-1207,IN_PROGRESS,2026-02-14 04:06:43,USR-49132
LIST-1207,IN_REVIEW,2026-02-16 01:06:43,USR-49132
LIST-1207,DONE,2026-02-16 10:06:43,USR-49132
ORGA-7318,TO_DO,2026-02-03 04:55:47,USR-13492
ORGA-7318,IN_PROGRESS,2026-02-05 03:55:47,USR-13492
ORGA-7318,IN_REVIEW,2026-02-06 03:55:47,USR-13492
ORGA-7318,DONE,2026-02-07 00:55:47,USR-13492
ANIM-2570,TO_DO,2025-11-24 04:17:15,USR-18109
ANIM-2570,IN_PROGRESS,2025-11-25 09:17:15,USR-18109
ANIM-2570,IN_REVIEW,2025-11-26 05:17:15,USR-18109
ANIM-2570,DONE,2025-11-26 08:17:15,USR-18109
PROF-3383,TO_DO,2026-01-14 13:45:44,USR-85574
PROF-3383,IN_PROGRESS,2026-01-15 14:45:44,USR-85574
PROF-3383,IN_REVIEW,2026-01-17 07:45:44,USR-85574
PROF-3383,DONE,2026-01-17 22:45:44,USR-85574
ANIM-9620,TO_DO,2026-06-25 22:50:02,USR-16895
ANIM-9620,IN_PROGRESS,2026-06-27 15:50:02,USR-16895
ANIM-9620,IN_REVIEW,2026-06-29 07:50:02,USR-16895
ANIM-9620,DONE,2026-06-30 14:50:02,USR-16895
LIST-4566,TO_DO,2026-05-19 19:20:30,USR-84928
LIST-4566,IN_PROGRESS,2026-05-21 11:20:30,USR-84928
LIST-4566,IN_REVIEW,2026-05-22 21:20:30,USR-84928
LIST-4566,DONE,2026-05-23 22:20:30,USR-84928
ORGA-6659,TO_DO,2025-12-15 08:47:57,USR-79163
ORGA-6659,IN_PROGRESS,2025-12-16 07:47:57,USR-79163
ORGA-6659,IN_REVIEW,2025-12-16 09:47:57,USR-79163
ORGA-6659,DONE,2025-12-17 12:47:57,USR-79163
ORGA-9585,TO_DO,2026-05-15 01:23:34,USR-47601
ORGA-9585,IN_PROGRESS,2026-05-15 22:23:34,USR-47601
ORGA-9585,IN_REVIEW,2026-05-17 07:23:34,USR-47601
ORGA-9585,DONE,2026-05-18 11:23:34,USR-47601
THES-5879,TO_DO,2025-11-14 19:00:50,USR-83889
THES-5879,IN_PROGRESS,2025-11-16 10:00:50,USR-83889
THES-5879,IN_REVIEW,2025-11-17 10:00:50,USR-83889
THES-5879,DONE,2025-11-19 10:00:50,USR-83889
THES-1015,TO_DO,2026-09-17 09:32:26,USR-39831
THES-1015,IN_PROGRESS,2026-09-17 21:32:26,USR-39831
THES-1015,IN_REVIEW,2026-09-18 08:32:26,USR-39831
THES-1015,DONE,2026-09-18 16:32:26,USR-39831
WIN-7560,TO_DO,2026-09-06 00:46:12,USR-74178
WIN-7560,IN_PROGRESS,2026-09-06 16:46:12,USR-74178
WIN-7560,IN_REVIEW,2026-09-08 08:46:12,USR-74178
WIN-7560,DONE,2026-09-10 00:46:12,USR-74178
CONF-6518,TO_DO,2026-08-28 21:17:51,USR-95181
CONF-6518,IN_PROGRESS,2026-08-29 17:17:51,USR-95181
CONF-6518,IN_REVIEW,2026-08-30 21:17:51,USR-95181
CONF-6518,DONE,2026-08-31 22:17:51,USR-95181
WIN-4250,TO_DO,2026-07-17 09:58:52,USR-64460
WIN-4250,IN_PROGRESS,2026-07-17 16:58:52,USR-64460
WIN-4250,IN_REVIEW,2026-07-17 19:58:52,USR-64460
WIN-4250,DONE,2026-07-19 15:58:52,USR-64460
WIN-4250,REOPENED,2026-07-20 02:58:52,USR-25014
WIN-4250,IN_PROGRESS,2026-07-21 02:58:52,USR-64460
WIN-4250,DONE,2026-07-22 11:58:52,USR-64460
PROF-7228,TO_DO,2026-06-23 04:36:37,USR-67640
PROF-7228,IN_PROGRESS,2026-06-25 00:36:37,USR-67640
PROF-7228,IN_REVIEW,2026-06-26 07:36:37,USR-67640
PROF-7228,DONE,2026-06-26 22:36:37,USR-67640
ANIM-3785,TO_DO,2025-10-25 08:45:35,USR-12671
ANIM-3785,IN_PROGRESS,2025-10-27 00:45:35,USR-12671
ANIM-3785,IN_REVIEW,2025-10-27 06:45:35,USR-12671
ANIM-3785,DONE,2025-10-28 11:45:35,USR-12671
ORGA-1083,TO_DO,2025-12-11 01:50:20,USR-51104
ORGA-1083,IN_PROGRESS,2025-12-12 12:50:20,USR-51104
ORGA-1083,IN_REVIEW,2025-12-13 17:50:20,USR-51104
ORGA-1083,DONE,2025-12-14 20:50:20,USR-51104
DEVE-8247,TO_DO,2026-06-09 17:40:29,USR-70513
DEVE-8247,IN_PROGRESS,2026-06-11 06:40:29,USR-70513
DEVE-8247,IN_REVIEW,2026-06-12 20:40:29,USR-70513
DEVE-8247,DONE,2026-06-14 14:40:29,USR-70513
PROF-8684,TO_DO,2026-09-12 17:55:27,USR-91057
PROF-8684,IN_PROGRESS,2026-09-12 22:55:27,USR-91057
PROF-8684,IN_REVIEW,2026-09-14 15:55:27,USR-91057
PROF-8684,DONE,2026-09-16 11:55:27,USR-91057
CONF-4241,TO_DO,2026-03-14 16:29:53,USR-17104
CONF-4241,IN_PROGRESS,2026-03-16 10:29:53,USR-17104
CONF-4241,IN_REVIEW,2026-03-17 23:29:53,USR-17104
CONF-4241,DONE,2026-03-18 07:29:53,USR-17104
CHOI-6735,TO_DO,2026-02-20 14:23:10,USR-78327
CHOI-6735,IN_PROGRESS,2026-02-21 11:23:10,USR-78327
CHOI-6735,IN_REVIEW,2026-02-22 05:23:10,USR-78327
CHOI-6735,DONE,2026-02-23 14:23:10,USR-78327
PROF-9840,TO_DO,2026-08-12 23:59:49,USR-93238
PROF-9840,IN_PROGRESS,2026-08-13 09:59:49,USR-93238
PROF-9840,IN_REVIEW,2026-08-14 19:59:49,USR-93238
PROF-9840,DONE,2026-08-16 09:59:49,USR-93238
WIN-7373,TO_DO,2026-03-24 03:50:04,USR-32349
WIN-7373,IN_PROGRESS,2026-03-25 00:50:04,USR-32349
WIN-7373,IN_REVIEW,2026-03-26 06:50:04,USR-32349
WIN-7373,DONE,2026-03-27 12:50:04,USR-32349
CONF-9661,TO_DO,2026-03-24 01:36:46,USR-40162
CONF-9661,IN_PROGRESS,2026-03-25 01:36:46,USR-40162
CONF-9661,IN_REVIEW,2026-03-25 05:36:46,USR-40162
CONF-9661,DONE,2026-03-26 21:36:46,USR-40162
LIST-6225,TO_DO,2026-03-09 13:45:13,USR-84341
LIST-6225,IN_PROGRESS,2026-03-10 00:45:13,USR-84341
LIST-6225,IN_REVIEW,2026-03-10 17:45:13,USR-84341
LIST-6225,DONE,2026-03-10 21:45:13,USR-84341
CONF-7388,TO_DO,2026-05-12 19:29:25,USR-83608
CONF-7388,IN_PROGRESS,2026-05-13 16:29:25,USR-83608
CONF-7388,IN_REVIEW,2026-05-14 08:29:25,USR-83608
CONF-7388,DONE,2026-05-15 08:29:25,USR-83608
LIST-7646,TO_DO,2025-10-13 23:24:39,USR-11934
LIST-7646,IN_PROGRESS,2025-10-14 03:24:39,USR-11934
LIST-7646,IN_REVIEW,2025-10-14 20:24:39,USR-11934
LIST-7646,DONE,2025-10-16 06:24:39,USR-11934
THES-1083,TO_DO,2026-04-10 15:30:37,USR-82667
THES-1083,IN_PROGRESS,2026-04-11 17:30:37,USR-82667
THES-1083,IN_REVIEW,2026-04-12 22:30:37,USR-82667
THES-1083,DONE,2026-04-13 00:30:37,USR-82667
CONF-1960,TO_DO,2025-12-17 02:03:21,USR-12560
CONF-1960,IN_PROGRESS,2025-12-17 11:03:21,USR-12560
CONF-1960,IN_REVIEW,2025-12-19 07:03:21,USR-12560
CONF-1960,DONE,2025-12-19 14:03:21,USR-12560
THES-4051,TO_DO,2025-12-14 21:36:36,USR-80236
THES-4051,IN_PROGRESS,2025-12-16 19:36:36,USR-80236
THES-4051,IN_REVIEW,2025-12-17 17:36:36,USR-80236
THES-4051,DONE,2025-12-18 17:36:36,USR-80236
ORGA-9236,TO_DO,2026-05-18 00:11:35,USR-79514
ORGA-9236,IN_PROGRESS,2026-05-18 21:11:35,USR-79514
ORGA-9236,IN_REVIEW,2026-05-19 06:11:35,USR-79514
ORGA-9236,DONE,2026-05-20 04:11:35,USR-79514
CONF-4630,TO_DO,2026-01-02 20:50:29,USR-87924
CONF-4630,IN_PROGRESS,2026-01-02 22:50:29,USR-87924
CONF-4630,IN_REVIEW,2026-01-03 06:50:29,USR-87924
CONF-4630,DONE,2026-01-03 22:50:29,USR-87924
WIN-6171,TO_DO,2026-06-17 13:19:01,USR-74752
WIN-6171,IN_PROGRESS,2026-06-18 03:19:01,USR-74752
WIN-6171,IN_REVIEW,2026-06-19 14:19:01,USR-74752
WIN-6171,DONE,2026-06-19 16:19:01,USR-74752
DEVE-2123,TO_DO,2026-06-22 22:49:27,USR-53506
DEVE-2123,IN_PROGRESS,2026-06-23 23:49:27,USR-53506
DEVE-2123,IN_REVIEW,2026-06-25 12:49:27,USR-53506
DEVE-2123,DONE,2026-06-25 17:49:27,USR-53506
THES-5836,TO_DO,2025-11-21 02:03:22,USR-15683
THES-5836,IN_PROGRESS,2025-11-21 06:03:22,USR-15683
THES-5836,IN_REVIEW,2025-11-22 06:03:22,USR-15683
THES-5836,DONE,2025-11-23 05:03:22,USR-15683
CONF-2554,TO_DO,2026-07-03 19:09:34,USR-53506
CONF-2554,IN_PROGRESS,2026-07-04 23:09:34,USR-53506
CONF-2554,IN_REVIEW,2026-07-06 11:09:34,USR-53506
CONF-2554,DONE,2026-07-07 17:09:34,USR-53506
LIST-8095,TO_DO,2026-04-27 00:42:10,USR-73699
LIST-8095,IN_PROGRESS,2026-04-28 17:42:10,USR-73699
LIST-8095,IN_REVIEW,2026-04-29 04:42:10,USR-73699
LIST-8095,DONE,2026-04-30 20:42:10,USR-73699
ANIM-6990,TO_DO,2025-10-06 07:09:19,USR-16632
ANIM-6990,IN_PROGRESS,2025-10-06 18:09:19,USR-16632
ANIM-6990,IN_REVIEW,2025-10-08 09:09:19,USR-16632
ANIM-6990,DONE,2025-10-09 01:09:19,USR-16632
ANIM-6990,REOPENED,2025-10-09 16:09:19,USR-71186
ANIM-6990,IN_PROGRESS,2025-10-09 21:09:19,USR-16632
ANIM-6990,DONE,2025-10-10 05:09:19,USR-16632
PROF-5578,TO_DO,2025-10-19 02:06:24,USR-76494
PROF-5578,IN_PROGRESS,2025-10-19 06:06:24,USR-76494
PROF-5578,IN_REVIEW,2025-10-21 02:06:24,USR-76494
PROF-5578,DONE,2025-10-21 07:06:24,USR-76494
TERM-2196,TO_DO,2026-05-17 06:56:49,USR-85341
TERM-2196,IN_PROGRESS,2026-05-17 17:56:49,USR-85341
TERM-2196,IN_REVIEW,2026-05-19 16:56:49,USR-85341
TERM-2196,DONE,2026-05-20 22:56:49,USR-85341
LIST-1113,TO_DO,2026-04-19 08:19:50,USR-30032
LIST-1113,IN_PROGRESS,2026-04-21 08:19:50,USR-30032
LIST-1113,IN_REVIEW,2026-04-21 12:19:50,USR-30032
LIST-1113,DONE,2026-04-23 07:19:50,USR-30032
DEVE-7362,TO_DO,2025-10-14 08:43:09,USR-44687
DEVE-7362,IN_PROGRESS,2025-10-14 20:43:09,USR-44687
DEVE-7362,IN_REVIEW,2025-10-15 05:43:09,USR-44687
DEVE-7362,DONE,2025-10-15 14:43:09,USR-44687
ORGA-1787,TO_DO,2026-01-13 04:07:06,USR-58629
ORGA-1787,IN_PROGRESS,2026-01-15 00:07:06,USR-58629
ORGA-1787,IN_REVIEW,2026-01-16 23:07:06,USR-58629
ORGA-1787,DONE,2026-01-18 18:07:06,USR-58629
CONF-4631,TO_DO,2026-06-19 04:07:47,USR-21221
CONF-4631,IN_PROGRESS,2026-06-20 13:07:47,USR-21221
CONF-4631,IN_REVIEW,2026-06-22 04:07:47,USR-21221
CONF-4631,DONE,2026-06-24 04:07:47,USR-21221
DEVE-8031,TO_DO,2026-06-28 05:37:16,USR-62565
DEVE-8031,IN_PROGRESS,2026-06-29 18:37:16,USR-62565
DEVE-8031,IN_REVIEW,2026-07-01 14:37:16,USR-62565
DEVE-8031,DONE,2026-07-03 12:37:16,USR-62565
CONF-2727,TO_DO,2026-04-22 05:55:15,USR-72781
CONF-2727,IN_PROGRESS,2026-04-23 08:55:15,USR-72781
CONF-2727,IN_REVIEW,2026-04-24 21:55:15,USR-72781
CONF-2727,DONE,2026-04-25 02:55:15,USR-72781
WIN-1505,TO_DO,2025-11-19 04:33:22,USR-23947
WIN-1505,IN_PROGRESS,2025-11-19 06:33:22,USR-23947
WIN-1505,IN_REVIEW,2025-11-20 17:33:22,USR-23947
WIN-1505,DONE,2025-11-21 02:33:22,USR-23947
CHOI-2691,TO_DO,2026-06-24 18:57:03,USR-88269
CHOI-2691,IN_PROGRESS,2026-06-24 22:57:03,USR-88269
CHOI-2691,IN_REVIEW,2026-06-26 10:57:03,USR-88269
CHOI-2691,DONE,2026-06-28 08:57:03,USR-88269
CONF-9184,TO_DO,2026-08-14 14:06:23,USR-62581
CONF-9184,IN_PROGRESS,2026-08-15 12:06:23,USR-62581
CONF-9184,IN_REVIEW,2026-08-16 06:06:23,USR-62581
CONF-9184,DONE,2026-08-17 01:06:23,USR-62581
WIN-1488,TO_DO,2026-07-26 18:29:02,USR-52622
WIN-1488,IN_PROGRESS,2026-07-26 22:29:02,USR-52622
WIN-1488,IN_REVIEW,2026-07-28 02:29:02,USR-52622
WIN-1488,DONE,2026-07-28 12:29:02,USR-52622
TERM-5297,TO_DO,2026-04-10 14:45:12,USR-24996
TERM-5297,IN_PROGRESS,2026-04-11 14:45:12,USR-24996
TERM-5297,IN_REVIEW,2026-04-13 04:45:12,USR-24996
TERM-5297,DONE,2026-04-14 23:45:12,USR-24996
TERM-5225,TO_DO,2026-06-13 02:00:39,USR-27786
TERM-5225,IN_PROGRESS,2026-06-14 22:00:39,USR-27786
TERM-5225,IN_REVIEW,2026-06-15 01:00:39,USR-27786
TERM-5225,DONE,2026-06-15 21:00:39,USR-27786
TERM-5225,REOPENED,2026-06-17 14:00:39,USR-85711
TERM-5225,IN_PROGRESS,2026-06-18 02:00:39,USR-27786
TERM-5225,DONE,2026-06-19 11:00:39,USR-27786
TERM-8062,TO_DO,2025-11-06 06:33:16,USR-80282
TERM-8062,IN_PROGRESS,2025-11-07 09:33:16,USR-80282
TERM-8062,IN_REVIEW,2025-11-08 11:33:16,USR-80282
TERM-8062,DONE,2025-11-10 03:33:16,USR-80282
CONF-6658,TO_DO,2026-09-10 16:04:01,USR-88385
CONF-6658,IN_PROGRESS,2026-09-11 01:04:01,USR-88385
CONF-6658,IN_REVIEW,2026-09-12 09:04:01,USR-88385
CONF-6658,DONE,2026-09-13 05:04:01,USR-88385
ORGA-9499,TO_DO,2025-12-27 16:04:07,USR-54118
ORGA-9499,IN_PROGRESS,2025-12-28 22:04:07,USR-54118
ORGA-9499,IN_REVIEW,2025-12-30 00:04:07,USR-54118
ORGA-9499,DONE,2025-12-30 07:04:07,USR-54118
ORGA-7339,TO_DO,2026-07-25 06:53:48,USR-40775
ORGA-7339,IN_PROGRESS,2026-07-26 03:53:48,USR-40775
ORGA-7339,IN_REVIEW,2026-07-27 19:53:48,USR-40775
ORGA-7339,DONE,2026-07-29 06:53:48,USR-40775
ORGA-7339,REOPENED,2026-07-29 16:53:48,USR-53054
ORGA-7339,IN_PROGRESS,2026-07-30 01:53:48,USR-40775
ORGA-7339,DONE,2026-07-31 06:53:48,USR-40775
LIST-7767,TO_DO,2026-03-13 19:33:13,USR-86569
LIST-7767,IN_PROGRESS,2026-03-15 04:33:13,USR-86569
LIST-7767,IN_REVIEW,2026-03-17 01:33:13,USR-86569
LIST-7767,DONE,2026-03-17 21:33:13,USR-86569
ANIM-2030,TO_DO,2026-02-28 03:42:51,USR-91689
ANIM-2030,IN_PROGRESS,2026-03-01 01:42:51,USR-91689
ANIM-2030,IN_REVIEW,2026-03-01 12:42:51,USR-91689
ANIM-2030,DONE,2026-03-02 07:42:51,USR-91689
PROF-6573,TO_DO,2026-09-17 23:37:10,USR-71474
PROF-6573,IN_PROGRESS,2026-09-19 10:37:10,USR-71474
PROF-6573,IN_REVIEW,2026-09-21 03:37:10,USR-71474
PROF-6573,DONE,2026-09-22 00:37:10,USR-71474
ORGA-2024,TO_DO,2025-11-07 04:14:26,USR-64548
ORGA-2024,IN_PROGRESS,2025-11-08 22:14:26,USR-64548
ORGA-2024,IN_REVIEW,2025-11-09 23:14:26,USR-64548
ORGA-2024,DONE,2025-11-11 23:14:26,USR-64548
WIN-4263,TO_DO,2026-01-30 06:34:23,USR-53054
WIN-4263,IN_PROGRESS,2026-01-30 09:34:23,USR-53054
WIN-4263,IN_REVIEW,2026-01-31 08:34:23,USR-53054
WIN-4263,DONE,2026-02-02 01:34:23,USR-53054
PROF-5721,TO_DO,2025-10-08 07:58:54,USR-49240
PROF-5721,IN_PROGRESS,2025-10-08 09:58:54,USR-49240
PROF-5721,IN_REVIEW,2025-10-10 01:58:54,USR-49240
PROF-5721,DONE,2025-10-10 08:58:54,USR-49240
CONF-5437,TO_DO,2025-11-08 09:57:16,USR-84766
CONF-5437,IN_PROGRESS,2025-11-10 07:57:16,USR-84766
CONF-5437,IN_REVIEW,2025-11-12 02:57:16,USR-84766
CONF-5437,DONE,2025-11-12 08:57:16,USR-84766
DEVE-9818,TO_DO,2026-08-28 02:07:32,USR-48680
DEVE-9818,IN_PROGRESS,2026-08-29 23:07:32,USR-48680
DEVE-9818,IN_REVIEW,2026-08-31 17:07:32,USR-48680
DEVE-9818,DONE,2026-09-02 00:07:32,USR-48680
CONF-9912,TO_DO,2026-01-24 16:51:24,USR-74251
CONF-9912,IN_PROGRESS,2026-01-25 21:51:24,USR-74251
CONF-9912,IN_REVIEW,2026-01-27 08:51:24,USR-74251
CONF-9912,DONE,2026-01-27 19:51:24,USR-74251
THES-4555,TO_DO,2026-05-15 18:31:57,USR-28964
THES-4555,IN_PROGRESS,2026-05-16 02:31:57,USR-28964
THES-4555,IN_REVIEW,2026-05-17 21:31:57,USR-28964
THES-4555,DONE,2026-05-17 23:31:57,USR-28964
CONF-7272,TO_DO,2026-06-02 06:45:57,USR-31178
CONF-7272,IN_PROGRESS,2026-06-03 11:45:57,USR-31178
CONF-7272,IN_REVIEW,2026-06-04 02:45:57,USR-31178
CONF-7272,DONE,2026-06-05 23:45:57,USR-31178
WIN-9256,TO_DO,2026-09-02 14:37:51,USR-18993
WIN-9256,IN_PROGRESS,2026-09-04 00:37:51,USR-18993
WIN-9256,IN_REVIEW,2026-09-05 11:37:51,USR-18993
WIN-9256,DONE,2026-09-06 23:37:51,USR-18993
PROF-9093,TO_DO,2026-05-27 21:19:15,USR-69087
PROF-9093,IN_PROGRESS,2026-05-29 15:19:15,USR-69087
PROF-9093,IN_REVIEW,2026-05-30 13:19:15,USR-69087
PROF-9093,DONE,2026-05-31 03:19:15,USR-69087
THES-2107,TO_DO,2025-10-05 20:37:22,USR-69609
THES-2107,IN_PROGRESS,2025-10-05 23:37:22,USR-69609
THES-2107,IN_REVIEW,2025-10-06 22:37:22,USR-69609
THES-2107,DONE,2025-10-07 02:37:22,USR-69609
CHOI-6511,TO_DO,2026-05-19 19:06:57,USR-91885
CHOI-6511,IN_PROGRESS,2026-05-19 21:06:57,USR-91885
CHOI-6511,IN_REVIEW,2026-05-20 15:06:57,USR-91885
CHOI-6511,DONE,2026-05-21 21:06:57,USR-91885
TERM-8129,TO_DO,2026-07-27 19:41:17,USR-98916
TERM-8129,IN_PROGRESS,2026-07-29 04:41:17,USR-98916
TERM-8129,IN_REVIEW,2026-07-30 01:41:17,USR-98916
TERM-8129,DONE,2026-07-30 23:41:17,USR-98916
LIST-8319,TO_DO,2025-11-19 21:12:58,USR-40828
LIST-8319,IN_PROGRESS,2025-11-20 03:12:58,USR-40828
LIST-8319,IN_REVIEW,2025-11-22 00:12:58,USR-40828
LIST-8319,DONE,2025-11-22 15:12:58,USR-40828
LIST-8319,REOPENED,2025-11-24 14:12:58,USR-20308
LIST-8319,IN_PROGRESS,2025-11-25 03:12:58,USR-40828
LIST-8319,DONE,2025-11-26 18:12:58,USR-40828
WIN-4106,TO_DO,2026-05-31 13:47:43,USR-16839
WIN-4106,IN_PROGRESS,2026-06-02 09:47:43,USR-16839
WIN-4106,IN_REVIEW,2026-06-04 04:47:43,USR-16839
WIN-4106,DONE,2026-06-04 08:47:43,USR-16839
WIN-4106,REOPENED,2026-06-05 16:47:43,USR-16258
WIN-4106,IN_PROGRESS,2026-06-06 02:47:43,USR-16839
WIN-4106,DONE,2026-06-06 11:47:43,USR-16839
CHOI-5314,TO_DO,2026-08-06 06:11:09,USR-20345
CHOI-5314,IN_PROGRESS,2026-08-07 01:11:09,USR-20345
CHOI-5314,IN_REVIEW,2026-08-07 21:11:09,USR-20345
CHOI-5314,DONE,2026-08-08 21:11:09,USR-20345
CONF-7257,TO_DO,2026-07-25 16:33:09,USR-53213
CONF-7257,IN_PROGRESS,2026-07-26 07:33:09,USR-53213
CONF-7257,IN_REVIEW,2026-07-26 13:33:09,USR-53213
CONF-7257,DONE,2026-07-28 05:33:09,USR-53213
TERM-2584,TO_DO,2026-02-18 16:14:57,USR-27790
TERM-2584,IN_PROGRESS,2026-02-19 11:14:57,USR-27790
TERM-2584,IN_REVIEW,2026-02-21 02:14:57,USR-27790
TERM-2584,DONE,2026-02-22 08:14:57,USR-27790
CONF-8080,TO_DO,2026-04-23 06:48:12,USR-37460
CONF-8080,IN_PROGRESS,2026-04-25 00:48:12,USR-37460
CONF-8080,IN_REVIEW,2026-04-25 21:48:12,USR-37460
CONF-8080,DONE,2026-04-26 13:48:12,USR-37460
CHOI-9131,TO_DO,2026-01-20 03:50:21,USR-58629
CHOI-9131,IN_PROGRESS,2026-01-21 21:50:21,USR-58629
CHOI-9131,IN_REVIEW,2026-01-22 03:50:21,USR-58629
CHOI-9131,DONE,2026-01-24 03:50:21,USR-58629
LIST-9299,TO_DO,2026-03-07 16:37:05,USR-42007
LIST-9299,IN_PROGRESS,2026-03-08 01:37:05,USR-42007
LIST-9299,IN_REVIEW,2026-03-09 02:37:05,USR-42007
LIST-9299,DONE,2026-03-10 16:37:05,USR-42007
LIST-9299,REOPENED,2026-03-12 07:37:05,USR-82512
LIST-9299,IN_PROGRESS,2026-03-12 12:37:05,USR-42007
LIST-9299,DONE,2026-03-13 23:37:05,USR-42007
CONF-5180,TO_DO,2026-03-24 20:53:33,USR-88238
CONF-5180,IN_PROGRESS,2026-03-26 11:53:33,USR-88238
CONF-5180,IN_REVIEW,2026-03-26 15:53:33,USR-88238
CONF-5180,DONE,2026-03-27 06:53:33,USR-88238
THES-3624,TO_DO,2026-03-04 14:15:37,USR-51553
THES-3624,IN_PROGRESS,2026-03-05 20:15:37,USR-51553
THES-3624,IN_REVIEW,2026-03-05 22:15:37,USR-51553
THES-3624,DONE,2026-03-06 18:15:37,USR-51553
PROF-2927,TO_DO,2026-08-29 11:11:55,USR-15938
PROF-2927,IN_PROGRESS,2026-08-31 00:11:55,USR-15938
PROF-2927,IN_REVIEW,2026-09-01 07:11:55,USR-15938
PROF-2927,DONE,2026-09-02 04:11:55,USR-15938
TERM-9132,TO_DO,2026-05-16 08:39:07,USR-80284
TERM-9132,IN_PROGRESS,2026-05-17 11:39:07,USR-80284
TERM-9132,IN_REVIEW,2026-05-17 13:39:07,USR-80284
TERM-9132,DONE,2026-05-17 15:39:07,USR-80284
TERM-7187,TO_DO,2025-10-16 19:16:09,USR-93507
TERM-7187,IN_PROGRESS,2025-10-18 16:16:09,USR-93507
TERM-7187,IN_REVIEW,2025-10-20 11:16:09,USR-93507
TERM-7187,DONE,2025-10-21 23:16:09,USR-93507
THES-4482,TO_DO,2025-12-24 05:00:43,USR-57419
THES-4482,IN_PROGRESS,2025-12-25 11:00:43,USR-57419
THES-4482,IN_REVIEW,2025-12-25 21:00:43,USR-57419
THES-4482,DONE,2025-12-27 02:00:43,USR-57419
PROF-4374,TO_DO,2026-06-20 05:07:49,USR-27139
PROF-4374,IN_PROGRESS,2026-06-21 10:07:49,USR-27139
PROF-4374,IN_REVIEW,2026-06-23 00:07:49,USR-27139
PROF-4374,DONE,2026-06-23 12:07:49,USR-27139
DEVE-7591,TO_DO,2025-11-19 10:09:58,USR-98117
DEVE-7591,IN_PROGRESS,2025-11-19 18:09:58,USR-98117
DEVE-7591,IN_REVIEW,2025-11-20 07:09:58,USR-98117
DEVE-7591,DONE,2025-11-20 21:09:58,USR-98117
CHOI-4368,TO_DO,2026-01-21 09:53:14,USR-53506
CHOI-4368,IN_PROGRESS,2026-01-21 16:53:14,USR-53506
CHOI-4368,IN_REVIEW,2026-01-22 01:53:14,USR-53506
CHOI-4368,DONE,2026-01-23 12:53:14,USR-53506
CHOI-8094,TO_DO,2025-11-20 00:43:26,USR-72245
CHOI-8094,IN_PROGRESS,2025-11-20 17:43:26,USR-72245
CHOI-8094,IN_REVIEW,2025-11-22 00:43:26,USR-72245
CHOI-8094,DONE,2025-11-23 13:43:26,USR-72245
THES-8763,TO_DO,2026-08-16 05:30:17,USR-67080
THES-8763,IN_PROGRESS,2026-08-16 23:30:17,USR-67080
THES-8763,IN_REVIEW,2026-08-18 17:30:17,USR-67080
THES-8763,DONE,2026-08-20 04:30:17,USR-67080
THES-7730,TO_DO,2026-05-08 16:19:26,USR-74340
THES-7730,IN_PROGRESS,2026-05-10 06:19:26,USR-74340
THES-7730,IN_REVIEW,2026-05-11 00:19:26,USR-74340
THES-7730,DONE,2026-05-11 12:19:26,USR-74340
CONF-5042,TO_DO,2025-12-07 15:42:34,USR-85574
CONF-5042,IN_PROGRESS,2025-12-08 05:42:34,USR-85574
CONF-5042,IN_REVIEW,2025-12-10 03:42:34,USR-85574
CONF-5042,DONE,2025-12-11 06:42:34,USR-85574
CONF-9135,TO_DO,2026-06-22 15:37:24,USR-62098
CONF-9135,IN_PROGRESS,2026-06-23 16:37:24,USR-62098
CONF-9135,IN_REVIEW,2026-06-25 06:37:24,USR-62098
CONF-9135,DONE,2026-06-25 21:37:24,USR-62098
LIST-7965,TO_DO,2026-04-30 02:21:46,USR-41147
LIST-7965,IN_PROGRESS,2026-04-30 08:21:46,USR-41147
LIST-7965,IN_REVIEW,2026-05-01 23:21:46,USR-41147
LIST-7965,DONE,2026-05-02 23:21:46,USR-41147
LIST-7965,REOPENED,2026-05-03 15:21:46,USR-89635
LIST-7965,IN_PROGRESS,2026-05-04 09:21:46,USR-41147
LIST-7965,DONE,2026-05-04 14:21:46,USR-41147
LIST-9919,TO_DO,2026-05-19 08:52:00,USR-41946
LIST-9919,IN_PROGRESS,2026-05-21 00:52:00,USR-41946
LIST-9919,IN_REVIEW,2026-05-21 02:52:00,USR-41946
LIST-9919,DONE,2026-05-22 23:52:00,USR-41946
ORGA-2883,TO_DO,2026-06-19 16:26:09,USR-31417
ORGA-2883,IN_PROGRESS,2026-06-20 00:26:09,USR-31417
ORGA-2883,IN_REVIEW,2026-06-20 23:26:09,USR-31417
ORGA-2883,DONE,2026-06-21 20:26:09,USR-31417
DEVE-6043,TO_DO,2026-04-26 03:22:34,USR-15817
DEVE-6043,IN_PROGRESS,2026-04-26 09:22:34,USR-15817
DEVE-6043,IN_REVIEW,2026-04-27 03:22:34,USR-15817
DEVE-6043,DONE,2026-04-28 18:22:34,USR-15817
DEVE-2425,TO_DO,2026-08-20 12:04:53,USR-83048
DEVE-2425,IN_PROGRESS,2026-08-21 06:04:53,USR-83048
DEVE-2425,IN_REVIEW,2026-08-22 13:04:53,USR-83048
DEVE-2425,DONE,2026-08-24 12:04:53,USR-83048
DEVE-2425,REOPENED,2026-08-26 04:04:53,USR-54791
DEVE-2425,IN_PROGRESS,2026-08-26 05:04:53,USR-83048
DEVE-2425,DONE,2026-08-27 04:04:53,USR-83048
CONF-2467,TO_DO,2026-03-10 06:57:00,USR-41566
CONF-2467,IN_PROGRESS,2026-03-11 08:57:00,USR-41566
CONF-2467,IN_REVIEW,2026-03-12 15:57:00,USR-41566
CONF-2467,DONE,2026-03-14 08:57:00,USR-41566
ORGA-8565,TO_DO,2025-10-08 02:35:10,USR-95461
ORGA-8565,IN_PROGRESS,2025-10-08 11:35:10,USR-95461
ORGA-8565,IN_REVIEW,2025-10-08 15:35:10,USR-95461
ORGA-8565,DONE,2025-10-09 04:35:10,USR-95461
TERM-3968,TO_DO,2025-10-19 22:31:32,USR-43550
TERM-3968,IN_PROGRESS,2025-10-21 12:31:32,USR-43550
TERM-3968,IN_REVIEW,2025-10-23 02:31:32,USR-43550
TERM-3968,DONE,2025-10-24 08:31:32,USR-43550
CHOI-6948,TO_DO,2026-05-25 03:09:59,USR-62772
CHOI-6948,IN_PROGRESS,2026-05-26 20:09:59,USR-62772
CHOI-6948,IN_REVIEW,2026-05-27 10:09:59,USR-62772
CHOI-6948,DONE,2026-05-27 22:09:59,USR-62772
TERM-1116,TO_DO,2026-05-14 03:27:08,USR-69473
TERM-1116,IN_PROGRESS,2026-05-16 00:27:08,USR-69473
TERM-1116,IN_REVIEW,2026-05-17 09:27:08,USR-69473
TERM-1116,DONE,2026-05-18 00:27:08,USR-69473
TERM-1116,REOPENED,2026-05-19 18:27:08,USR-91857
TERM-1116,IN_PROGRESS,2026-05-20 00:27:08,USR-69473
TERM-1116,DONE,2026-05-21 06:27:08,USR-69473
DEVE-7946,TO_DO,2025-12-03 05:23:12,USR-92242
DEVE-7946,IN_PROGRESS,2025-12-04 09:23:12,USR-92242
DEVE-7946,IN_REVIEW,2025-12-04 15:23:12,USR-92242
DEVE-7946,DONE,2025-12-04 19:23:12,USR-92242
WIN-8770,TO_DO,2025-10-11 21:17:06,USR-75107
WIN-8770,IN_PROGRESS,2025-10-12 17:17:06,USR-75107
WIN-8770,IN_REVIEW,2025-10-13 08:17:06,USR-75107
WIN-8770,DONE,2025-10-15 06:17:06,USR-75107
ORGA-5486,TO_DO,2025-11-22 08:27:59,USR-24371
ORGA-5486,IN_PROGRESS,2025-11-23 11:27:59,USR-24371
ORGA-5486,IN_REVIEW,2025-11-24 20:27:59,USR-24371
ORGA-5486,DONE,2025-11-26 16:27:59,USR-24371
WIN-7450,TO_DO,2026-07-28 23:24:37,USR-81582
WIN-7450,IN_PROGRESS,2026-07-30 01:24:37,USR-81582
WIN-7450,IN_REVIEW,2026-07-31 18:24:37,USR-81582
WIN-7450,DONE,2026-08-01 12:24:37,USR-81582
CHOI-8251,TO_DO,2026-03-27 03:16:46,USR-16734
CHOI-8251,IN_PROGRESS,2026-03-27 21:16:46,USR-16734
CHOI-8251,IN_REVIEW,2026-03-28 19:16:46,USR-16734
CHOI-8251,DONE,2026-03-30 14:16:46,USR-16734
ANIM-5148,TO_DO,2025-10-06 08:58:26,USR-81810
ANIM-5148,IN_PROGRESS,2025-10-07 21:58:26,USR-81810
ANIM-5148,IN_REVIEW,2025-10-09 21:58:26,USR-81810
ANIM-5148,DONE,2025-10-10 16:58:26,USR-81810
ANIM-5148,REOPENED,2025-10-12 13:58:26,USR-68028
ANIM-5148,IN_PROGRESS,2025-10-13 13:58:26,USR-81810
ANIM-5148,DONE,2025-10-15 02:58:26,USR-81810
CONF-7526,TO_DO,2026-01-21 02:57:52,USR-98895
CONF-7526,IN_PROGRESS,2026-01-21 19:57:52,USR-98895
CONF-7526,IN_REVIEW,2026-01-23 01:57:52,USR-98895
CONF-7526,DONE,2026-01-24 01:57:52,USR-98895
LIST-1533,TO_DO,2026-06-20 05:36:17,USR-83048
LIST-1533,IN_PROGRESS,2026-06-20 19:36:17,USR-83048
LIST-1533,IN_REVIEW,2026-06-22 19:36:17,USR-83048
LIST-1533,DONE,2026-06-24 07:36:17,USR-83048
ORGA-4088,TO_DO,2025-11-07 13:50:46,USR-48890
ORGA-4088,IN_PROGRESS,2025-11-09 00:50:46,USR-48890
ORGA-4088,IN_REVIEW,2025-11-09 04:50:46,USR-48890
ORGA-4088,DONE,2025-11-11 02:50:46,USR-48890
DEVE-8777,TO_DO,2026-02-25 08:05:27,USR-71348
DEVE-8777,IN_PROGRESS,2026-02-25 23:05:27,USR-71348
DEVE-8777,IN_REVIEW,2026-02-26 12:05:27,USR-71348
DEVE-8777,DONE,2026-02-28 11:05:27,USR-71348
DEVE-6148,TO_DO,2026-06-20 02:10:41,USR-15726
DEVE-6148,IN_PROGRESS,2026-06-21 14:10:41,USR-15726
DEVE-6148,IN_REVIEW,2026-06-22 20:10:41,USR-15726
DEVE-6148,DONE,2026-06-24 14:10:41,USR-15726
DEVE-6148,REOPENED,2026-06-26 05:10:41,USR-27675
DEVE-6148,IN_PROGRESS,2026-06-26 19:10:41,USR-15726
DEVE-6148,DONE,2026-06-27 12:10:41,USR-15726
PROF-5773,TO_DO,2026-05-05 05:19:46,USR-80702
PROF-5773,IN_PROGRESS,2026-05-06 10:19:46,USR-80702
PROF-5773,IN_REVIEW,2026-05-06 14:19:46,USR-80702
PROF-5773,DONE,2026-05-07 07:19:46,USR-80702
ANIM-8957,TO_DO,2026-04-02 22:16:50,USR-41186
ANIM-8957,IN_PROGRESS,2026-04-04 14:16:50,USR-41186
ANIM-8957,IN_REVIEW,2026-04-05 01:16:50,USR-41186
ANIM-8957,DONE,2026-04-05 06:16:50,USR-41186
CONF-5647,TO_DO,2026-04-04 04:49:45,USR-65333
CONF-5647,IN_PROGRESS,2026-04-05 09:49:45,USR-65333
CONF-5647,IN_REVIEW,2026-04-05 13:49:45,USR-65333
CONF-5647,DONE,2026-04-06 21:49:45,USR-65333
THES-6372,TO_DO,2026-07-11 12:27:45,USR-13492
THES-6372,IN_PROGRESS,2026-07-12 20:27:45,USR-13492
THES-6372,IN_REVIEW,2026-07-14 10:27:45,USR-13492
THES-6372,DONE,2026-07-16 04:27:45,USR-13492
THES-6372,REOPENED,2026-07-17 12:27:45,USR-84177
THES-6372,IN_PROGRESS,2026-07-17 19:27:45,USR-13492
THES-6372,DONE,2026-07-19 08:27:45,USR-13492
PROF-4867,TO_DO,2025-11-16 19:01:02,USR-25396
PROF-4867,IN_PROGRESS,2025-11-18 01:01:02,USR-25396
PROF-4867,IN_REVIEW,2025-11-19 20:01:02,USR-25396
PROF-4867,DONE,2025-11-20 21:01:02,USR-25396
TERM-9652,TO_DO,2026-01-25 05:03:18,USR-87278
TERM-9652,IN_PROGRESS,2026-01-26 09:03:18,USR-87278
TERM-9652,IN_REVIEW,2026-01-26 13:03:18,USR-87278
TERM-9652,DONE,2026-01-27 02:03:18,USR-87278
DEVE-7610,TO_DO,2026-06-05 19:47:21,USR-82140
DEVE-7610,IN_PROGRESS,2026-06-07 13:47:21,USR-82140
DEVE-7610,IN_REVIEW,2026-06-09 11:47:21,USR-82140
DEVE-7610,DONE,2026-06-10 23:47:21,USR-82140
THES-3620,TO_DO,2025-12-15 20:02:53,USR-45972
THES-3620,IN_PROGRESS,2025-12-17 10:02:53,USR-45972
THES-3620,IN_REVIEW,2025-12-17 19:02:53,USR-45972
THES-3620,DONE,2025-12-18 05:02:53,USR-45972
TERM-8564,TO_DO,2026-06-30 01:29:12,USR-88554
TERM-8564,IN_PROGRESS,2026-07-01 23:29:12,USR-88554
TERM-8564,IN_REVIEW,2026-07-02 14:29:12,USR-88554
TERM-8564,DONE,2026-07-03 07:29:12,USR-88554
ORGA-9200,TO_DO,2026-09-07 01:36:25,USR-34881
ORGA-9200,IN_PROGRESS,2026-09-08 16:36:25,USR-34881
ORGA-9200,IN_REVIEW,2026-09-08 22:36:25,USR-34881
ORGA-9200,DONE,2026-09-09 02:36:25,USR-34881
ORGA-6953,TO_DO,2026-01-26 17:20:41,USR-20345
ORGA-6953,IN_PROGRESS,2026-01-28 00:20:41,USR-20345
ORGA-6953,IN_REVIEW,2026-01-29 11:20:41,USR-20345
ORGA-6953,DONE,2026-01-30 02:20:41,USR-20345
ORGA-6953,REOPENED,2026-01-31 14:20:41,USR-99593
ORGA-6953,IN_PROGRESS,2026-02-01 12:20:41,USR-20345
ORGA-6953,DONE,2026-02-03 09:20:41,USR-20345
CHOI-8231,TO_DO,2025-11-27 22:59:44,USR-48680
CHOI-8231,IN_PROGRESS,2025-11-28 22:59:44,USR-48680
CHOI-8231,IN_REVIEW,2025-11-30 05:59:44,USR-48680
CHOI-8231,DONE,2025-11-30 20:59:44,USR-48680
WIN-5665,TO_DO,2026-08-02 02:46:38,USR-72739
WIN-5665,IN_PROGRESS,2026-08-02 15:46:38,USR-72739
WIN-5665,IN_REVIEW,2026-08-04 01:46:38,USR-72739
WIN-5665,DONE,2026-08-04 06:46:38,USR-72739
DEVE-4098,TO_DO,2026-07-16 02:13:16,USR-26011
DEVE-4098,IN_PROGRESS,2026-07-16 20:13:16,USR-26011
DEVE-4098,IN_REVIEW,2026-07-17 13:13:16,USR-26011
DEVE-4098,DONE,2026-07-17 20:13:16,USR-26011
DEVE-4098,REOPENED,2026-07-19 01:13:16,USR-95461
DEVE-4098,IN_PROGRESS,2026-07-19 17:13:16,USR-26011
DEVE-4098,DONE,2026-07-21 06:13:16,USR-26011
WIN-9234,TO_DO,2026-05-04 11:59:41,USR-10772
WIN-9234,IN_PROGRESS,2026-05-05 09:59:41,USR-10772
WIN-9234,IN_REVIEW,2026-05-07 00:59:41,USR-10772
WIN-9234,DONE,2026-05-07 15:59:41,USR-10772
PROF-4050,TO_DO,2026-05-18 01:12:55,USR-62098
PROF-4050,IN_PROGRESS,2026-05-18 12:12:55,USR-62098
PROF-4050,IN_REVIEW,2026-05-19 17:12:55,USR-62098
PROF-4050,DONE,2026-05-21 10:12:55,USR-62098
DEVE-3034,TO_DO,2026-06-05 14:35:19,USR-49363
DEVE-3034,IN_PROGRESS,2026-06-07 10:35:19,USR-49363
DEVE-3034,IN_REVIEW,2026-06-09 03:35:19,USR-49363
DEVE-3034,DONE,2026-06-10 06:35:19,USR-49363
PROF-4587,TO_DO,2025-10-16 11:58:32,USR-50173
PROF-4587,IN_PROGRESS,2025-10-17 11:58:32,USR-50173
PROF-4587,IN_REVIEW,2025-10-18 05:58:32,USR-50173
PROF-4587,DONE,2025-10-18 07:58:32,USR-50173
PROF-4587,REOPENED,2025-10-19 00:58:32,USR-22463
PROF-4587,IN_PROGRESS,2025-10-19 01:58:32,USR-50173
PROF-4587,DONE,2025-10-20 09:58:32,USR-50173
CONF-2922,TO_DO,2026-06-14 15:32:05,USR-51365
CONF-2922,IN_PROGRESS,2026-06-15 03:32:05,USR-51365
CONF-2922,IN_REVIEW,2026-06-15 06:32:05,USR-51365
CONF-2922,DONE,2026-06-15 15:32:05,USR-51365
CONF-6853,TO_DO,2026-07-27 06:50:28,USR-92478
CONF-6853,IN_PROGRESS,2026-07-27 20:50:28,USR-92478
CONF-6853,IN_REVIEW,2026-07-28 03:50:28,USR-92478
CONF-6853,DONE,2026-07-29 23:50:28,USR-92478
ANIM-1638,TO_DO,2026-02-27 12:17:47,USR-99381
ANIM-1638,IN_PROGRESS,2026-02-28 09:17:47,USR-99381
ANIM-1638,IN_REVIEW,2026-03-01 20:17:47,USR-99381
ANIM-1638,DONE,2026-03-02 05:17:47,USR-99381
DEVE-4891,TO_DO,2026-03-19 05:02:05,USR-26059
DEVE-4891,IN_PROGRESS,2026-03-19 20:02:05,USR-26059
DEVE-4891,IN_REVIEW,2026-03-21 07:02:05,USR-26059
DEVE-4891,DONE,2026-03-22 07:02:05,USR-26059
TERM-8324,TO_DO,2026-08-21 16:11:44,USR-53506
TERM-8324,IN_PROGRESS,2026-08-23 10:11:44,USR-53506
TERM-8324,IN_REVIEW,2026-08-25 07:11:44,USR-53506
TERM-8324,DONE,2026-08-26 05:11:44,USR-53506
LIST-2719,TO_DO,2026-07-25 10:51:11,USR-70852
LIST-2719,IN_PROGRESS,2026-07-26 20:51:11,USR-70852
LIST-2719,IN_REVIEW,2026-07-27 06:51:11,USR-70852
LIST-2719,DONE,2026-07-28 11:51:11,USR-70852
ANIM-6816,TO_DO,2026-08-21 12:33:38,USR-34920
ANIM-6816,IN_PROGRESS,2026-08-23 07:33:38,USR-34920
ANIM-6816,IN_REVIEW,2026-08-24 14:33:38,USR-34920
ANIM-6816,DONE,2026-08-26 11:33:38,USR-34920
LIST-9617,TO_DO,2026-07-19 15:38:06,USR-42951
LIST-9617,IN_PROGRESS,2026-07-21 01:38:06,USR-42951
LIST-9617,IN_REVIEW,2026-07-21 10:38:06,USR-42951
LIST-9617,DONE,2026-07-23 00:38:06,USR-42951
CONF-6379,TO_DO,2025-12-04 06:13:47,USR-41348
CONF-6379,IN_PROGRESS,2025-12-04 08:13:47,USR-41348
CONF-6379,IN_REVIEW,2025-12-06 07:13:47,USR-41348
CONF-6379,DONE,2025-12-07 03:13:47,USR-41348
LIST-5615,TO_DO,2025-11-03 12:31:53,USR-22245
LIST-5615,IN_PROGRESS,2025-11-05 02:31:53,USR-22245
LIST-5615,IN_REVIEW,2025-11-05 12:31:53,USR-22245
LIST-5615,DONE,2025-11-07 07:31:53,USR-22245
CHOI-7671,TO_DO,2026-05-18 08:02:44,USR-70901
CHOI-7671,IN_PROGRESS,2026-05-20 00:02:44,USR-70901
CHOI-7671,IN_REVIEW,2026-05-21 01:02:44,USR-70901
CHOI-7671,DONE,2026-05-22 01:02:44,USR-70901
CONF-4446,TO_DO,2026-01-02 03:09:30,USR-92242
CONF-4446,IN_PROGRESS,2026-01-04 02:09:30,USR-92242
CONF-4446,IN_REVIEW,2026-01-04 12:09:30,USR-92242
CONF-4446,DONE,2026-01-06 08:09:30,USR-92242
TERM-8186,TO_DO,2025-12-20 00:06:26,USR-41300
TERM-8186,IN_PROGRESS,2025-12-20 19:06:26,USR-41300
TERM-8186,IN_REVIEW,2025-12-21 20:06:26,USR-41300
TERM-8186,DONE,2025-12-23 10:06:26,USR-41300
WIN-5650,TO_DO,2026-05-19 06:17:02,USR-76562
WIN-5650,IN_PROGRESS,2026-05-20 21:17:02,USR-76562
WIN-5650,IN_REVIEW,2026-05-21 14:17:02,USR-76562
WIN-5650,DONE,2026-05-22 22:17:02,USR-76562
TERM-1631,TO_DO,2025-12-06 06:50:54,USR-96057
TERM-1631,IN_PROGRESS,2025-12-07 19:50:54,USR-96057
TERM-1631,IN_REVIEW,2025-12-08 16:50:54,USR-96057
TERM-1631,DONE,2025-12-10 06:50:54,USR-96057
TERM-1631,REOPENED,2025-12-12 04:50:54,USR-69470
TERM-1631,IN_PROGRESS,2025-12-13 04:50:54,USR-96057
TERM-1631,DONE,2025-12-14 10:50:54,USR-96057
TERM-5344,TO_DO,2026-06-03 23:44:59,USR-37631
TERM-5344,IN_PROGRESS,2026-06-05 20:44:59,USR-37631
TERM-5344,IN_REVIEW,2026-06-07 10:44:59,USR-37631
TERM-5344,DONE,2026-06-08 09:44:59,USR-37631
TERM-2923,TO_DO,2025-10-21 23:01:21,USR-20589
TERM-2923,IN_PROGRESS,2025-10-23 05:01:21,USR-20589
TERM-2923,IN_REVIEW,2025-10-24 10:01:21,USR-20589
TERM-2923,DONE,2025-10-25 16:01:21,USR-20589
CONF-1341,TO_DO,2026-06-20 04:48:53,USR-28818
CONF-1341,IN_PROGRESS,2026-06-21 07:48:53,USR-28818
CONF-1341,IN_REVIEW,2026-06-22 08:48:53,USR-28818
CONF-1341,DONE,2026-06-22 22:48:53,USR-28818
CHOI-7026,TO_DO,2025-11-26 20:51:07,USR-19120
CHOI-7026,IN_PROGRESS,2025-11-27 01:51:07,USR-19120
CHOI-7026,IN_REVIEW,2025-11-28 00:51:07,USR-19120
CHOI-7026,DONE,2025-11-28 20:51:07,USR-19120
WIN-4942,TO_DO,2026-05-11 12:13:13,USR-18564
WIN-4942,IN_PROGRESS,2026-05-12 01:13:13,USR-18564
WIN-4942,IN_REVIEW,2026-05-12 10:13:13,USR-18564
WIN-4942,DONE,2026-05-13 15:13:13,USR-18564
PROF-4334,TO_DO,2026-08-17 19:29:26,USR-44664
PROF-4334,IN_PROGRESS,2026-08-18 23:29:26,USR-44664
PROF-4334,IN_REVIEW,2026-08-20 09:29:26,USR-44664
PROF-4334,DONE,2026-08-20 14:29:26,USR-44664
CONF-6834,TO_DO,2025-11-28 13:24:47,USR-78712
CONF-6834,IN_PROGRESS,2025-11-29 17:24:47,USR-78712
CONF-6834,IN_REVIEW,2025-12-01 16:24:47,USR-78712
CONF-6834,DONE,2025-12-01 21:24:47,USR-78712
PROF-2301,TO_DO,2026-07-30 22:53:28,USR-42495
PROF-2301,IN_PROGRESS,2026-07-31 10:53:28,USR-42495
PROF-2301,IN_REVIEW,2026-07-31 17:53:28,USR-42495
PROF-2301,DONE,2026-08-02 11:53:28,USR-42495
CONF-8484,TO_DO,2026-09-08 02:57:34,USR-88385
CONF-8484,IN_PROGRESS,2026-09-09 23:57:34,USR-88385
CONF-8484,IN_REVIEW,2026-09-10 16:57:34,USR-88385
CONF-8484,DONE,2026-09-10 22:57:34,USR-88385
ORGA-1590,TO_DO,2026-06-19 20:36:49,USR-79774
ORGA-1590,IN_PROGRESS,2026-06-20 03:36:49,USR-79774
ORGA-1590,IN_REVIEW,2026-06-20 07:36:49,USR-79774
ORGA-1590,DONE,2026-06-21 08:36:49,USR-79774
LIST-4226,TO_DO,2026-02-16 06:53:11,USR-46509
LIST-4226,IN_PROGRESS,2026-02-17 09:53:11,USR-46509
LIST-4226,IN_REVIEW,2026-02-18 05:53:11,USR-46509
LIST-4226,DONE,2026-02-18 10:53:11,USR-46509
CONF-4110,TO_DO,2026-03-05 08:58:18,USR-70901
CONF-4110,IN_PROGRESS,2026-03-06 17:58:18,USR-70901
CONF-4110,IN_REVIEW,2026-03-08 08:58:18,USR-70901
CONF-4110,DONE,2026-03-08 12:58:18,USR-70901
DEVE-4869,TO_DO,2026-04-19 01:10:32,USR-40613
DEVE-4869,IN_PROGRESS,2026-04-20 13:10:32,USR-40613
DEVE-4869,IN_REVIEW,2026-04-22 06:10:32,USR-40613
DEVE-4869,DONE,2026-04-22 21:10:32,USR-40613
CHOI-5642,TO_DO,2026-08-12 16:20:12,USR-54396
CHOI-5642,IN_PROGRESS,2026-08-13 19:20:12,USR-54396
CHOI-5642,IN_REVIEW,2026-08-14 12:20:12,USR-54396
CHOI-5642,DONE,2026-08-15 07:20:12,USR-54396
DEVE-9907,TO_DO,2025-12-09 03:49:22,USR-32617
DEVE-9907,IN_PROGRESS,2025-12-10 08:49:22,USR-32617
DEVE-9907,IN_REVIEW,2025-12-11 04:49:22,USR-32617
DEVE-9907,DONE,2025-12-12 12:49:22,USR-32617
ANIM-7767,TO_DO,2026-09-19 14:16:04,USR-99593
ANIM-7767,IN_PROGRESS,2026-09-21 11:16:04,USR-99593
ANIM-7767,IN_REVIEW,2026-09-21 23:16:04,USR-99593
ANIM-7767,DONE,2026-09-23 08:16:04,USR-99593
ORGA-7659,TO_DO,2026-02-01 21:05:08,USR-41531
ORGA-7659,IN_PROGRESS,2026-02-03 05:05:08,USR-41531
ORGA-7659,IN_REVIEW,2026-02-04 11:05:08,USR-41531
ORGA-7659,DONE,2026-02-05 08:05:08,USR-41531
CONF-3765,TO_DO,2025-12-30 04:30:50,USR-52176
CONF-3765,IN_PROGRESS,2025-12-31 06:30:50,USR-52176
CONF-3765,IN_REVIEW,2026-01-01 23:30:50,USR-52176
CONF-3765,DONE,2026-01-02 14:30:50,USR-52176
CONF-6487,TO_DO,2026-03-09 11:33:32,USR-41499
CONF-6487,IN_PROGRESS,2026-03-10 01:33:32,USR-41499
CONF-6487,IN_REVIEW,2026-03-11 18:33:32,USR-41499
CONF-6487,DONE,2026-03-12 13:33:32,USR-41499
ANIM-7207,TO_DO,2026-08-23 06:54:51,USR-55820
ANIM-7207,IN_PROGRESS,2026-08-24 01:54:51,USR-55820
ANIM-7207,IN_REVIEW,2026-08-25 16:54:51,USR-55820
ANIM-7207,DONE,2026-08-26 18:54:51,USR-55820
ORGA-9509,TO_DO,2026-09-08 08:27:41,USR-17665
ORGA-9509,IN_PROGRESS,2026-09-09 22:27:41,USR-17665
ORGA-9509,IN_REVIEW,2026-09-10 09:27:41,USR-17665
ORGA-9509,DONE,2026-09-11 02:27:41,USR-17665
ORGA-9509,REOPENED,2026-09-12 22:27:41,USR-94136
ORGA-9509,IN_PROGRESS,2026-09-13 19:27:41,USR-17665
ORGA-9509,DONE,2026-09-15 15:27:41,USR-17665
ANIM-5362,TO_DO,2026-09-03 22:17:05,USR-94607
ANIM-5362,IN_PROGRESS,2026-09-04 14:17:05,USR-94607
ANIM-5362,IN_REVIEW,2026-09-05 23:17:05,USR-94607
ANIM-5362,DONE,2026-09-07 22:17:05,USR-94607
CHOI-1872,TO_DO,2026-08-16 02:06:33,USR-53694
CHOI-1872,IN_PROGRESS,2026-08-16 23:06:33,USR-53694
CHOI-1872,IN_REVIEW,2026-08-18 22:06:33,USR-53694
CHOI-1872,DONE,2026-08-20 09:06:33,USR-53694
TERM-9215,TO_DO,2026-08-07 22:37:24,USR-38906
TERM-9215,IN_PROGRESS,2026-08-09 19:37:24,USR-38906
TERM-9215,IN_REVIEW,2026-08-11 01:37:24,USR-38906
TERM-9215,DONE,2026-08-12 21:37:24,USR-38906
WIN-8542,TO_DO,2026-05-17 06:35:15,USR-92306
WIN-8542,IN_PROGRESS,2026-05-17 16:35:15,USR-92306
WIN-8542,IN_REVIEW,2026-05-18 19:35:15,USR-92306
WIN-8542,DONE,2026-05-20 13:35:15,USR-92306
ORGA-5278,TO_DO,2025-12-26 17:23:17,USR-59060
ORGA-5278,IN_PROGRESS,2025-12-27 05:23:17,USR-59060
ORGA-5278,IN_REVIEW,2025-12-28 12:23:17,USR-59060
ORGA-5278,DONE,2025-12-28 16:23:17,USR-59060
ORGA-2759,TO_DO,2026-09-09 10:22:28,USR-72616
ORGA-2759,IN_PROGRESS,2026-09-09 14:22:28,USR-72616
ORGA-2759,IN_REVIEW,2026-09-09 19:22:28,USR-72616
ORGA-2759,DONE,2026-09-10 15:22:28,USR-72616
THES-9357,TO_DO,2026-06-10 21:13:02,USR-23154
THES-9357,IN_PROGRESS,2026-06-11 02:13:02,USR-23154
THES-9357,IN_REVIEW,2026-06-11 19:13:02,USR-23154
THES-9357,DONE,2026-06-12 17:13:02,USR-23154
CONF-2518,TO_DO,2026-07-07 04:57:13,USR-15965
CONF-2518,IN_PROGRESS,2026-07-08 08:57:13,USR-15965
CONF-2518,IN_REVIEW,2026-07-09 09:57:13,USR-15965
CONF-2518,DONE,2026-07-11 03:57:13,USR-15965
PROF-4666,TO_DO,2025-12-04 05:36:27,USR-46666
PROF-4666,IN_PROGRESS,2025-12-04 19:36:27,USR-46666
PROF-4666,IN_REVIEW,2025-12-05 08:36:27,USR-46666
PROF-4666,DONE,2025-12-05 21:36:27,USR-46666
CONF-9203,TO_DO,2026-07-19 06:24:22,USR-99783
CONF-9203,IN_PROGRESS,2026-07-20 15:24:22,USR-99783
CONF-9203,IN_REVIEW,2026-07-22 11:24:22,USR-99783
CONF-9203,DONE,2026-07-24 02:24:22,USR-99783
DEVE-5573,TO_DO,2026-05-26 09:18:21,USR-68115
DEVE-5573,IN_PROGRESS,2026-05-28 02:18:21,USR-68115
DEVE-5573,IN_REVIEW,2026-05-28 08:18:21,USR-68115
DEVE-5573,DONE,2026-05-29 17:18:21,USR-68115
DEVE-5573,REOPENED,2026-05-29 21:18:21,USR-91678
DEVE-5573,IN_PROGRESS,2026-05-29 23:18:21,USR-68115
DEVE-5573,DONE,2026-05-31 02:18:21,USR-68115
ANIM-3079,TO_DO,2025-10-01 07:04:51,USR-13804
ANIM-3079,IN_PROGRESS,2025-10-02 22:04:51,USR-13804
ANIM-3079,IN_REVIEW,2025-10-04 02:04:51,USR-13804
ANIM-3079,DONE,2025-10-05 03:04:51,USR-13804
CONF-1342,TO_DO,2026-01-09 22:41:55,USR-16028
CONF-1342,IN_PROGRESS,2026-01-11 15:41:55,USR-16028
CONF-1342,IN_REVIEW,2026-01-12 20:41:55,USR-16028
CONF-1342,DONE,2026-01-13 04:41:55,USR-16028
CHOI-4531,TO_DO,2026-08-07 19:27:26,USR-56179
CHOI-4531,IN_PROGRESS,2026-08-09 13:27:26,USR-56179
CHOI-4531,IN_REVIEW,2026-08-10 21:27:26,USR-56179
CHOI-4531,DONE,2026-08-12 05:27:26,USR-56179
WIN-3023,TO_DO,2026-01-26 08:56:55,USR-73699
WIN-3023,IN_PROGRESS,2026-01-26 16:56:55,USR-73699
WIN-3023,IN_REVIEW,2026-01-27 19:56:55,USR-73699
WIN-3023,DONE,2026-01-29 08:56:55,USR-73699
TERM-5710,TO_DO,2026-01-09 04:49:40,USR-80575
TERM-5710,IN_PROGRESS,2026-01-09 15:49:40,USR-80575
TERM-5710,IN_REVIEW,2026-01-09 19:49:40,USR-80575
TERM-5710,DONE,2026-01-10 15:49:40,USR-80575
THES-3068,TO_DO,2026-06-13 21:55:14,USR-99742
THES-3068,IN_PROGRESS,2026-06-14 21:55:14,USR-99742
THES-3068,IN_REVIEW,2026-06-16 00:55:14,USR-99742
THES-3068,DONE,2026-06-16 04:55:14,USR-99742
PROF-4297,TO_DO,2026-07-16 17:51:00,USR-81118
PROF-4297,IN_PROGRESS,2026-07-17 04:51:00,USR-81118
PROF-4297,IN_REVIEW,2026-07-17 22:51:00,USR-81118
PROF-4297,DONE,2026-07-19 05:51:00,USR-81118
WIN-6543,TO_DO,2026-06-13 11:43:12,USR-36090
WIN-6543,IN_PROGRESS,2026-06-15 05:43:12,USR-36090
WIN-6543,IN_REVIEW,2026-06-16 13:43:12,USR-36090
WIN-6543,DONE,2026-06-16 18:43:12,USR-36090
WIN-6543,REOPENED,2026-06-17 05:43:12,USR-67711
WIN-6543,IN_PROGRESS,2026-06-17 20:43:12,USR-36090
WIN-6543,DONE,2026-06-18 20:43:12,USR-36090
THES-1126,TO_DO,2026-01-24 22:04:16,USR-18564
THES-1126,IN_PROGRESS,2026-01-25 02:04:16,USR-18564
THES-1126,IN_REVIEW,2026-01-26 07:04:16,USR-18564
THES-1126,DONE,2026-01-27 22:04:16,USR-18564
THES-1126,REOPENED,2026-01-28 00:04:16,USR-54089
THES-1126,IN_PROGRESS,2026-01-28 11:04:16,USR-18564
THES-1126,DONE,2026-01-29 20:04:16,USR-18564
THES-2163,TO_DO,2026-06-01 01:16:14,USR-55015
THES-2163,IN_PROGRESS,2026-06-02 23:16:14,USR-55015
THES-2163,IN_REVIEW,2026-06-04 15:16:14,USR-55015
THES-2163,DONE,2026-06-05 05:16:14,USR-55015
PROF-6979,TO_DO,2025-10-18 14:45:31,USR-18330
PROF-6979,IN_PROGRESS,2025-10-19 09:45:31,USR-18330
PROF-6979,IN_REVIEW,2025-10-20 20:45:31,USR-18330
PROF-6979,DONE,2025-10-21 16:45:31,USR-18330
CONF-6237,TO_DO,2026-01-28 13:28:07,USR-51553
CONF-6237,IN_PROGRESS,2026-01-29 19:28:07,USR-51553
CONF-6237,IN_REVIEW,2026-01-31 10:28:07,USR-51553
CONF-6237,DONE,2026-02-01 06:28:07,USR-51553
ANIM-2773,TO_DO,2025-12-03 17:05:41,USR-80010
ANIM-2773,IN_PROGRESS,2025-12-04 21:05:41,USR-80010
ANIM-2773,IN_REVIEW,2025-12-06 08:05:41,USR-80010
ANIM-2773,DONE,2025-12-07 07:05:41,USR-80010
WIN-2808,TO_DO,2026-05-17 22:33:56,USR-99838
WIN-2808,IN_PROGRESS,2026-05-18 20:33:56,USR-99838
WIN-2808,IN_REVIEW,2026-05-20 19:33:56,USR-99838
WIN-2808,DONE,2026-05-21 16:33:56,USR-99838
LIST-1537,TO_DO,2025-11-02 03:59:08,USR-21915
LIST-1537,IN_PROGRESS,2025-11-03 04:59:08,USR-21915
LIST-1537,IN_REVIEW,2025-11-05 04:59:08,USR-21915
LIST-1537,DONE,2025-11-05 21:59:08,USR-21915
ORGA-4327,TO_DO,2026-05-26 03:49:10,USR-70910
ORGA-4327,IN_PROGRESS,2026-05-26 17:49:10,USR-70910
ORGA-4327,IN_REVIEW,2026-05-28 00:49:10,USR-70910
ORGA-4327,DONE,2026-05-29 22:49:10,USR-70910
DEVE-9851,TO_DO,2025-09-27 19:09:09,USR-23710
DEVE-9851,IN_PROGRESS,2025-09-27 23:09:09,USR-23710
DEVE-9851,IN_REVIEW,2025-09-29 17:09:09,USR-23710
DEVE-9851,DONE,2025-10-01 12:09:09,USR-23710
THES-8576,TO_DO,2026-06-15 21:51:50,USR-60052
THES-8576,IN_PROGRESS,2026-06-16 20:51:50,USR-60052
THES-8576,IN_REVIEW,2026-06-18 19:51:50,USR-60052
THES-8576,DONE,2026-06-20 17:51:50,USR-60052
THES-8576,REOPENED,2026-06-22 10:51:50,USR-49294
THES-8576,IN_PROGRESS,2026-06-22 16:51:50,USR-60052
THES-8576,DONE,2026-06-24 07:51:50,USR-60052
PROF-4476,TO_DO,2026-02-22 00:08:20,USR-33652
PROF-4476,IN_PROGRESS,2026-02-23 19:08:20,USR-33652
PROF-4476,IN_REVIEW,2026-02-25 07:08:20,USR-33652
PROF-4476,DONE,2026-02-26 08:08:20,USR-33652
LIST-2776,TO_DO,2025-12-04 04:32:37,USR-81228
LIST-2776,IN_PROGRESS,2025-12-05 13:32:37,USR-81228
LIST-2776,IN_REVIEW,2025-12-06 06:32:37,USR-81228
LIST-2776,DONE,2025-12-08 04:32:37,USR-81228
PROF-1500,TO_DO,2026-02-02 00:18:55,USR-95929
PROF-1500,IN_PROGRESS,2026-02-03 15:18:55,USR-95929
PROF-1500,IN_REVIEW,2026-02-03 22:18:55,USR-95929
PROF-1500,DONE,2026-02-05 00:18:55,USR-95929
LIST-4099,TO_DO,2026-07-18 18:08:11,USR-50306
LIST-4099,IN_PROGRESS,2026-07-19 14:08:11,USR-50306
LIST-4099,IN_REVIEW,2026-07-21 09:08:11,USR-50306
LIST-4099,DONE,2026-07-22 18:08:11,USR-50306
LIST-5222,TO_DO,2026-08-20 12:53:31,USR-87993
LIST-5222,IN_PROGRESS,2026-08-21 12:53:31,USR-87993
LIST-5222,IN_REVIEW,2026-08-21 23:53:31,USR-87993
LIST-5222,DONE,2026-08-22 22:53:31,USR-87993
PROF-7039,TO_DO,2025-11-03 06:36:06,USR-61879
PROF-7039,IN_PROGRESS,2025-11-04 09:36:06,USR-61879
PROF-7039,IN_REVIEW,2025-11-04 22:36:06,USR-61879
PROF-7039,DONE,2025-11-05 00:36:06,USR-61879
LIST-6248,TO_DO,2026-08-02 22:07:20,USR-15938
LIST-6248,IN_PROGRESS,2026-08-04 18:07:20,USR-15938
LIST-6248,IN_REVIEW,2026-08-05 06:07:20,USR-15938
LIST-6248,DONE,2026-08-06 10:07:20,USR-15938
ANIM-7275,TO_DO,2026-03-02 01:13:41,USR-87820
ANIM-7275,IN_PROGRESS,2026-03-02 04:13:41,USR-87820
ANIM-7275,IN_REVIEW,2026-03-02 13:13:41,USR-87820
ANIM-7275,DONE,2026-03-02 16:13:41,USR-87820
PROF-8143,TO_DO,2026-03-04 14:54:39,USR-25726
PROF-8143,IN_PROGRESS,2026-03-04 16:54:39,USR-25726
PROF-8143,IN_REVIEW,2026-03-06 05:54:39,USR-25726
PROF-8143,DONE,2026-03-06 11:54:39,USR-25726
TERM-1802,TO_DO,2026-08-29 11:21:01,USR-61876
TERM-1802,IN_PROGRESS,2026-08-30 22:21:01,USR-61876
TERM-1802,IN_REVIEW,2026-08-31 01:21:01,USR-61876
TERM-1802,DONE,2026-09-01 01:21:01,USR-61876
TERM-1802,REOPENED,2026-09-02 21:21:01,USR-77033
TERM-1802,IN_PROGRESS,2026-09-03 19:21:01,USR-61876
TERM-1802,DONE,2026-09-05 19:21:01,USR-61876
LIST-8566,TO_DO,2026-07-18 14:24:04,USR-27790
LIST-8566,IN_PROGRESS,2026-07-19 21:24:04,USR-27790
LIST-8566,IN_REVIEW,2026-07-20 07:24:04,USR-27790
LIST-8566,DONE,2026-07-22 05:24:04,USR-27790
LIST-3120,TO_DO,2025-11-05 19:12:47,USR-24322
LIST-3120,IN_PROGRESS,2025-11-06 22:12:47,USR-24322
LIST-3120,IN_REVIEW,2025-11-07 19:12:47,USR-24322
LIST-3120,DONE,2025-11-09 00:12:47,USR-24322
TERM-8366,TO_DO,2026-04-25 18:05:10,USR-76494
TERM-8366,IN_PROGRESS,2026-04-27 15:05:10,USR-76494
TERM-8366,IN_REVIEW,2026-04-28 00:05:10,USR-76494
TERM-8366,DONE,2026-04-29 15:05:10,USR-76494
ANIM-1604,TO_DO,2025-12-06 02:54:21,USR-64476
ANIM-1604,IN_PROGRESS,2025-12-08 02:54:21,USR-64476
ANIM-1604,IN_REVIEW,2025-12-09 16:54:21,USR-64476
ANIM-1604,DONE,2025-12-11 12:54:21,USR-64476
CHOI-9694,TO_DO,2026-03-14 20:33:04,USR-30257
CHOI-9694,IN_PROGRESS,2026-03-15 04:33:04,USR-30257
CHOI-9694,IN_REVIEW,2026-03-16 09:33:04,USR-30257
CHOI-9694,DONE,2026-03-17 16:33:04,USR-30257
LIST-7816,TO_DO,2026-07-27 11:07:14,USR-91057
LIST-7816,IN_PROGRESS,2026-07-28 20:07:14,USR-91057
LIST-7816,IN_REVIEW,2026-07-30 20:07:14,USR-91057
LIST-7816,DONE,2026-08-01 05:07:14,USR-91057
LIST-8360,TO_DO,2026-08-13 06:33:30,USR-16428
LIST-8360,IN_PROGRESS,2026-08-14 23:33:30,USR-16428
LIST-8360,IN_REVIEW,2026-08-16 19:33:30,USR-16428
LIST-8360,DONE,2026-08-18 16:33:30,USR-16428
LIST-6028,TO_DO,2026-05-13 05:35:22,USR-82350
LIST-6028,IN_PROGRESS,2026-05-13 14:35:22,USR-82350
LIST-6028,IN_REVIEW,2026-05-14 03:35:22,USR-82350
LIST-6028,DONE,2026-05-15 03:35:22,USR-82350
DEVE-2314,TO_DO,2026-08-20 21:48:25,USR-18109
DEVE-2314,IN_PROGRESS,2026-08-21 06:48:25,USR-18109
DEVE-2314,IN_REVIEW,2026-08-21 17:48:25,USR-18109
DEVE-2314,DONE,2026-08-22 19:48:25,USR-18109
THES-2458,TO_DO,2026-01-30 15:59:15,USR-68138
THES-2458,IN_PROGRESS,2026-02-01 12:59:15,USR-68138
THES-2458,IN_REVIEW,2026-02-01 16:59:15,USR-68138
THES-2458,DONE,2026-02-02 07:59:15,USR-68138
THES-5019,TO_DO,2026-07-19 07:51:52,USR-88269
THES-5019,IN_PROGRESS,2026-07-20 18:51:52,USR-88269
THES-5019,IN_REVIEW,2026-07-21 04:51:52,USR-88269
THES-5019,DONE,2026-07-22 14:51:52,USR-88269
TERM-7126,TO_DO,2026-08-30 02:35:40,USR-42717
TERM-7126,IN_PROGRESS,2026-08-30 07:35:40,USR-42717
TERM-7126,IN_REVIEW,2026-08-30 17:35:40,USR-42717
TERM-7126,DONE,2026-09-01 09:35:40,USR-42717
CHOI-9992,TO_DO,2025-12-21 16:02:16,USR-60140
CHOI-9992,IN_PROGRESS,2025-12-22 04:02:16,USR-60140
CHOI-9992,IN_REVIEW,2025-12-23 07:02:16,USR-60140
CHOI-9992,DONE,2025-12-24 22:02:16,USR-60140
CONF-4227,TO_DO,2026-08-23 02:38:59,USR-81066
CONF-4227,IN_PROGRESS,2026-08-23 12:38:59,USR-81066
CONF-4227,IN_REVIEW,2026-08-25 03:38:59,USR-81066
CONF-4227,DONE,2026-08-25 19:38:59,USR-81066
TERM-8538,TO_DO,2026-08-06 03:52:58,USR-55268
TERM-8538,IN_PROGRESS,2026-08-08 00:52:58,USR-55268
TERM-8538,IN_REVIEW,2026-08-10 00:52:58,USR-55268
TERM-8538,DONE,2026-08-11 06:52:58,USR-55268
DEVE-6181,TO_DO,2026-03-24 11:02:35,USR-15376
DEVE-6181,IN_PROGRESS,2026-03-24 18:02:35,USR-15376
DEVE-6181,IN_REVIEW,2026-03-26 01:02:35,USR-15376
DEVE-6181,DONE,2026-03-26 22:02:35,USR-15376
THES-3056,TO_DO,2025-12-11 09:40:36,USR-76317
THES-3056,IN_PROGRESS,2025-12-12 19:40:36,USR-76317
THES-3056,IN_REVIEW,2025-12-14 17:40:36,USR-76317
THES-3056,DONE,2025-12-14 23:40:36,USR-76317
WIN-9109,TO_DO,2026-05-17 02:04:10,USR-29442
WIN-9109,IN_PROGRESS,2026-05-17 21:04:10,USR-29442
WIN-9109,IN_REVIEW,2026-05-19 07:04:10,USR-29442
WIN-9109,DONE,2026-05-19 11:04:10,USR-29442
PROF-7234,TO_DO,2025-12-22 07:05:47,USR-10350
PROF-7234,IN_PROGRESS,2025-12-24 00:05:47,USR-10350
PROF-7234,IN_REVIEW,2025-12-24 18:05:47,USR-10350
PROF-7234,DONE,2025-12-25 08:05:47,USR-10350
CONF-2645,TO_DO,2025-12-21 07:42:23,USR-83874
CONF-2645,IN_PROGRESS,2025-12-22 05:42:23,USR-83874
CONF-2645,IN_REVIEW,2025-12-23 03:42:23,USR-83874
CONF-2645,DONE,2025-12-23 06:42:23,USR-83874
CONF-5460,TO_DO,2026-09-06 02:04:58,USR-96363
CONF-5460,IN_PROGRESS,2026-09-06 07:04:58,USR-96363
CONF-5460,IN_REVIEW,2026-09-08 06:04:58,USR-96363
CONF-5460,DONE,2026-09-08 12:04:58,USR-96363
CHOI-3390,TO_DO,2026-06-24 11:36:51,USR-36174
CHOI-3390,IN_PROGRESS,2026-06-25 11:36:51,USR-36174
CHOI-3390,IN_REVIEW,2026-06-26 06:36:51,USR-36174
CHOI-3390,DONE,2026-06-27 21:36:51,USR-36174
THES-1022,TO_DO,2026-09-06 05:11:02,USR-94252
THES-1022,IN_PROGRESS,2026-09-07 09:11:02,USR-94252
THES-1022,IN_REVIEW,2026-09-09 02:11:02,USR-94252
THES-1022,DONE,2026-09-10 19:11:02,USR-94252
THES-1022,REOPENED,2026-09-12 14:11:02,USR-83048
THES-1022,IN_PROGRESS,2026-09-12 18:11:02,USR-94252
THES-1022,DONE,2026-09-13 11:11:02,USR-94252
ANIM-5020,TO_DO,2026-01-15 17:27:16,USR-90356
ANIM-5020,IN_PROGRESS,2026-01-17 11:27:16,USR-90356
ANIM-5020,IN_REVIEW,2026-01-17 17:27:16,USR-90356
ANIM-5020,DONE,2026-01-18 01:27:16,USR-90356
WIN-9183,TO_DO,2026-08-30 12:17:34,USR-84177
WIN-9183,IN_PROGRESS,2026-08-31 16:17:34,USR-84177
WIN-9183,IN_REVIEW,2026-09-01 12:17:34,USR-84177
WIN-9183,DONE,2026-09-03 09:17:34,USR-84177
WIN-9183,REOPENED,2026-09-03 21:17:34,USR-46585
WIN-9183,IN_PROGRESS,2026-09-04 10:17:34,USR-84177
WIN-9183,DONE,2026-09-05 01:17:34,USR-84177
CHOI-6477,TO_DO,2026-03-26 19:34:06,USR-75338
CHOI-6477,IN_PROGRESS,2026-03-27 18:34:06,USR-75338
CHOI-6477,IN_REVIEW,2026-03-29 17:34:06,USR-75338
CHOI-6477,DONE,2026-03-30 11:34:06,USR-75338
CONF-3779,TO_DO,2026-03-27 09:41:19,USR-56955
CONF-3779,IN_PROGRESS,2026-03-28 15:41:19,USR-56955
CONF-3779,IN_REVIEW,2026-03-29 08:41:19,USR-56955
CONF-3779,DONE,2026-03-31 04:41:19,USR-56955
CONF-3779,REOPENED,2026-04-01 00:41:19,USR-40735
CONF-3779,IN_PROGRESS,2026-04-01 08:41:19,USR-56955
CONF-3779,DONE,2026-04-02 05:41:19,USR-56955
ORGA-7275,TO_DO,2026-07-21 15:13:32,USR-28321
ORGA-7275,IN_PROGRESS,2026-07-22 23:13:32,USR-28321
ORGA-7275,IN_REVIEW,2026-07-24 20:13:32,USR-28321
ORGA-7275,DONE,2026-07-25 01:13:32,USR-28321
DEVE-7834,TO_DO,2026-07-02 15:24:41,USR-40735
DEVE-7834,IN_PROGRESS,2026-07-03 21:24:41,USR-40735
DEVE-7834,IN_REVIEW,2026-07-05 11:24:41,USR-40735
DEVE-7834,DONE,2026-07-06 11:24:41,USR-40735
DEVE-7834,REOPENED,2026-07-06 19:24:41,USR-15706
DEVE-7834,IN_PROGRESS,2026-07-07 08:24:41,USR-40735
DEVE-7834,DONE,2026-07-08 00:24:41,USR-40735
WIN-3186,TO_DO,2026-03-04 19:10:53,USR-60615
WIN-3186,IN_PROGRESS,2026-03-05 07:10:53,USR-60615
WIN-3186,IN_REVIEW,2026-03-05 19:10:53,USR-60615
WIN-3186,DONE,2026-03-06 15:10:53,USR-60615
WIN-3186,REOPENED,2026-03-08 09:10:53,USR-58503
WIN-3186,IN_PROGRESS,2026-03-08 13:10:53,USR-60615
WIN-3186,DONE,2026-03-10 00:10:53,USR-60615
WIN-7543,TO_DO,2026-04-18 23:06:24,USR-51245
WIN-7543,IN_PROGRESS,2026-04-20 10:06:24,USR-51245
WIN-7543,IN_REVIEW,2026-04-22 10:06:24,USR-51245
WIN-7543,DONE,2026-04-23 09:06:24,USR-51245
WIN-7543,REOPENED,2026-04-24 04:06:24,USR-27322
WIN-7543,IN_PROGRESS,2026-04-24 08:06:24,USR-51245
WIN-7543,DONE,2026-04-25 00:06:24,USR-51245
PROF-4228,TO_DO,2025-11-16 11:34:30,USR-80748
PROF-4228,IN_PROGRESS,2025-11-16 17:34:30,USR-80748
PROF-4228,IN_REVIEW,2025-11-17 16:34:30,USR-80748
PROF-4228,DONE,2025-11-18 21:34:30,USR-80748
WIN-2909,TO_DO,2025-10-11 05:49:15,USR-22704
WIN-2909,IN_PROGRESS,2025-10-11 17:49:15,USR-22704
WIN-2909,IN_REVIEW,2025-10-13 07:49:15,USR-22704
WIN-2909,DONE,2025-10-13 12:49:15,USR-22704
WIN-3911,TO_DO,2025-12-31 07:00:20,USR-69469
WIN-3911,IN_PROGRESS,2025-12-31 16:00:20,USR-69469
WIN-3911,IN_REVIEW,2026-01-02 11:00:20,USR-69469
WIN-3911,DONE,2026-01-04 08:00:20,USR-69469
CHOI-3621,TO_DO,2026-06-21 16:38:24,USR-83608
CHOI-3621,IN_PROGRESS,2026-06-22 12:38:24,USR-83608
CHOI-3621,IN_REVIEW,2026-06-22 14:38:24,USR-83608
CHOI-3621,DONE,2026-06-22 21:38:24,USR-83608
LIST-6928,TO_DO,2025-12-19 10:55:34,USR-17852
LIST-6928,IN_PROGRESS,2025-12-20 06:55:34,USR-17852
LIST-6928,IN_REVIEW,2025-12-20 18:55:34,USR-17852
LIST-6928,DONE,2025-12-21 22:55:34,USR-17852
ANIM-1093,TO_DO,2026-04-13 06:57:33,USR-31178
ANIM-1093,IN_PROGRESS,2026-04-13 10:57:33,USR-31178
ANIM-1093,IN_REVIEW,2026-04-13 21:57:33,USR-31178
ANIM-1093,DONE,2026-04-14 02:57:33,USR-31178
LIST-5959,TO_DO,2026-06-06 17:27:18,USR-46512
LIST-5959,IN_PROGRESS,2026-06-07 18:27:18,USR-46512
LIST-5959,IN_REVIEW,2026-06-09 11:27:18,USR-46512
LIST-5959,DONE,2026-06-10 08:27:18,USR-46512
THES-9887,TO_DO,2026-02-07 04:30:14,USR-36090
THES-9887,IN_PROGRESS,2026-02-08 11:30:14,USR-36090
THES-9887,IN_REVIEW,2026-02-10 07:30:14,USR-36090
THES-9887,DONE,2026-02-11 05:30:14,USR-36090
THES-9887,REOPENED,2026-02-12 21:30:14,USR-53025
THES-9887,IN_PROGRESS,2026-02-13 01:30:14,USR-36090
THES-9887,DONE,2026-02-14 07:30:14,USR-36090
CHOI-5474,TO_DO,2025-12-06 00:50:34,USR-51104
CHOI-5474,IN_PROGRESS,2025-12-07 13:50:34,USR-51104
CHOI-5474,IN_REVIEW,2025-12-09 08:50:34,USR-51104
CHOI-5474,DONE,2025-12-09 11:50:34,USR-51104
THES-4124,TO_DO,2026-05-26 22:44:35,USR-93238
THES-4124,IN_PROGRESS,2026-05-28 10:44:35,USR-93238
THES-4124,IN_REVIEW,2026-05-28 22:44:35,USR-93238
THES-4124,DONE,2026-05-29 15:44:35,USR-93238
THES-4124,REOPENED,2026-05-30 11:44:35,USR-69087
THES-4124,IN_PROGRESS,2026-05-30 17:44:35,USR-93238
THES-4124,DONE,2026-06-01 07:44:35,USR-93238
CHOI-1202,TO_DO,2026-02-20 00:06:51,USR-20336
CHOI-1202,IN_PROGRESS,2026-02-21 03:06:51,USR-20336
CHOI-1202,IN_REVIEW,2026-02-22 11:06:51,USR-20336
CHOI-1202,DONE,2026-02-22 18:06:51,USR-20336
PROF-3590,TO_DO,2025-12-18 17:56:24,USR-42177
PROF-3590,IN_PROGRESS,2025-12-19 22:56:24,USR-42177
PROF-3590,IN_REVIEW,2025-12-21 04:56:24,USR-42177
PROF-3590,DONE,2025-12-21 08:56:24,USR-42177
PROF-3590,REOPENED,2025-12-22 14:56:24,USR-19508
PROF-3590,IN_PROGRESS,2025-12-23 06:56:24,USR-42177
PROF-3590,DONE,2025-12-24 10:56:24,USR-42177
DEVE-6094,TO_DO,2026-01-22 09:38:18,USR-71186
DEVE-6094,IN_PROGRESS,2026-01-23 21:38:18,USR-71186
DEVE-6094,IN_REVIEW,2026-01-25 06:38:18,USR-71186
DEVE-6094,DONE,2026-01-27 00:38:18,USR-71186
ORGA-7473,TO_DO,2026-09-10 09:04:17,USR-30969
ORGA-7473,IN_PROGRESS,2026-09-10 19:04:17,USR-30969
ORGA-7473,IN_REVIEW,2026-09-11 01:04:17,USR-30969
ORGA-7473,DONE,2026-09-11 05:04:17,USR-30969
WIN-3924,TO_DO,2026-08-18 12:11:20,USR-14929
WIN-3924,IN_PROGRESS,2026-08-20 10:11:20,USR-14929
WIN-3924,IN_REVIEW,2026-08-20 14:11:20,USR-14929
WIN-3924,DONE,2026-08-21 15:11:20,USR-14929
DEVE-9078,TO_DO,2026-09-21 10:31:19,USR-95426
DEVE-9078,IN_PROGRESS,2026-09-22 15:31:19,USR-95426
DEVE-9078,IN_REVIEW,2026-09-23 15:31:19,USR-95426
DEVE-9078,DONE,2026-09-24 11:31:19,USR-95426
ORGA-9713,TO_DO,2025-11-20 20:09:30,USR-66387
ORGA-9713,IN_PROGRESS,2025-11-22 11:09:30,USR-66387
ORGA-9713,IN_REVIEW,2025-11-24 00:09:30,USR-66387
ORGA-9713,DONE,2025-11-24 22:09:30,USR-66387
ANIM-4596,TO_DO,2025-10-27 10:38:19,USR-51365
ANIM-4596,IN_PROGRESS,2025-10-29 00:38:19,USR-51365
ANIM-4596,IN_REVIEW,2025-10-29 14:38:19,USR-51365
ANIM-4596,DONE,2025-10-30 16:38:19,USR-51365
PROF-3726,TO_DO,2026-04-04 20:04:22,USR-40947
PROF-3726,IN_PROGRESS,2026-04-05 00:04:22,USR-40947
PROF-3726,IN_REVIEW,2026-04-05 19:04:22,USR-40947
PROF-3726,DONE,2026-04-06 08:04:22,USR-40947
PROF-6771,TO_DO,2026-06-17 00:37:19,USR-29597
PROF-6771,IN_PROGRESS,2026-06-18 16:37:19,USR-29597
PROF-6771,IN_REVIEW,2026-06-19 17:37:19,USR-29597
PROF-6771,DONE,2026-06-21 08:37:19,USR-29597
THES-2321,TO_DO,2026-02-14 03:27:38,USR-15683
THES-2321,IN_PROGRESS,2026-02-15 01:27:38,USR-15683
THES-2321,IN_REVIEW,2026-02-15 18:27:38,USR-15683
THES-2321,DONE,2026-02-16 15:27:38,USR-15683
TERM-1934,TO_DO,2026-08-24 12:46:12,USR-21846
TERM-1934,IN_PROGRESS,2026-08-24 14:46:12,USR-21846
TERM-1934,IN_REVIEW,2026-08-26 14:46:12,USR-21846
TERM-1934,DONE,2026-08-28 03:46:12,USR-21846
CHOI-5629,TO_DO,2026-04-27 15:52:13,USR-16743
CHOI-5629,IN_PROGRESS,2026-04-28 17:52:13,USR-16743
CHOI-5629,IN_REVIEW,2026-04-30 03:52:13,USR-16743
CHOI-5629,DONE,2026-05-01 07:52:13,USR-16743
ORGA-3052,TO_DO,2025-10-22 04:46:15,USR-74139
ORGA-3052,IN_PROGRESS,2025-10-23 21:46:15,USR-74139
ORGA-3052,IN_REVIEW,2025-10-24 15:46:15,USR-74139
ORGA-3052,DONE,2025-10-26 04:46:15,USR-74139
WIN-5553,TO_DO,2026-01-26 00:25:29,USR-69446
WIN-5553,IN_PROGRESS,2026-01-26 14:25:29,USR-69446
WIN-5553,IN_REVIEW,2026-01-27 04:25:29,USR-69446
WIN-5553,DONE,2026-01-29 03:25:29,USR-69446
WIN-2102,TO_DO,2026-08-19 15:02:43,USR-14082
WIN-2102,IN_PROGRESS,2026-08-20 00:02:43,USR-14082
WIN-2102,IN_REVIEW,2026-08-21 23:02:43,USR-14082
WIN-2102,DONE,2026-08-22 07:02:43,USR-14082
CONF-7729,TO_DO,2025-10-21 12:46:21,USR-28373
CONF-7729,IN_PROGRESS,2025-10-22 04:46:21,USR-28373
CONF-7729,IN_REVIEW,2025-10-23 07:46:21,USR-28373
CONF-7729,DONE,2025-10-24 07:46:21,USR-28373
CONF-1160,TO_DO,2026-01-01 19:45:50,USR-59377
CONF-1160,IN_PROGRESS,2026-01-03 04:45:50,USR-59377
CONF-1160,IN_REVIEW,2026-01-03 15:45:50,USR-59377
CONF-1160,DONE,2026-01-04 02:45:50,USR-59377
CHOI-3200,TO_DO,2025-10-21 07:43:01,USR-98815
CHOI-3200,IN_PROGRESS,2025-10-23 04:43:01,USR-98815
CHOI-3200,IN_REVIEW,2025-10-23 17:43:01,USR-98815
CHOI-3200,DONE,2025-10-24 08:43:01,USR-98815
LIST-2835,TO_DO,2026-06-14 19:30:46,USR-86011
LIST-2835,IN_PROGRESS,2026-06-15 11:30:46,USR-86011
LIST-2835,IN_REVIEW,2026-06-16 11:30:46,USR-86011
LIST-2835,DONE,2026-06-17 08:30:46,USR-86011
LIST-2835,REOPENED,2026-06-19 05:30:46,USR-79163
LIST-2835,IN_PROGRESS,2026-06-19 20:30:46,USR-86011
LIST-2835,DONE,2026-06-21 19:30:46,USR-86011
WIN-3277,TO_DO,2026-05-23 08:42:36,USR-88504
WIN-3277,IN_PROGRESS,2026-05-24 13:42:36,USR-88504
WIN-3277,IN_REVIEW,2026-05-25 06:42:36,USR-88504
WIN-3277,DONE,2026-05-26 15:42:36,USR-88504
THES-2436,TO_DO,2026-01-23 13:25:31,USR-90356
THES-2436,IN_PROGRESS,2026-01-25 01:25:31,USR-90356
THES-2436,IN_REVIEW,2026-01-26 11:25:31,USR-90356
THES-2436,DONE,2026-01-27 14:25:31,USR-90356
PROF-1882,TO_DO,2025-11-20 20:12:12,USR-47601
PROF-1882,IN_PROGRESS,2025-11-20 23:12:12,USR-47601
PROF-1882,IN_REVIEW,2025-11-21 16:12:12,USR-47601
PROF-1882,DONE,2025-11-23 04:12:12,USR-47601
LIST-1306,TO_DO,2025-10-28 19:15:16,USR-49529
LIST-1306,IN_PROGRESS,2025-10-28 23:15:16,USR-49529
LIST-1306,IN_REVIEW,2025-10-29 09:15:16,USR-49529
LIST-1306,DONE,2025-10-29 15:15:16,USR-49529
ANIM-5989,TO_DO,2026-05-24 02:52:04,USR-47930
ANIM-5989,IN_PROGRESS,2026-05-25 13:52:04,USR-47930
ANIM-5989,IN_REVIEW,2026-05-26 07:52:04,USR-47930
ANIM-5989,DONE,2026-05-27 12:52:04,USR-47930
ANIM-5989,REOPENED,2026-05-27 18:52:04,USR-40311
ANIM-5989,IN_PROGRESS,2026-05-28 08:52:04,USR-47930
ANIM-5989,DONE,2026-05-30 04:52:04,USR-47930
LIST-8710,TO_DO,2026-07-06 04:04:16,USR-58929
LIST-8710,IN_PROGRESS,2026-07-07 00:04:16,USR-58929
LIST-8710,IN_REVIEW,2026-07-08 14:04:16,USR-58929
LIST-8710,DONE,2026-07-10 06:04:16,USR-58929
TERM-1176,TO_DO,2026-04-10 11:12:29,USR-76809
TERM-1176,IN_PROGRESS,2026-04-12 07:12:29,USR-76809
TERM-1176,IN_REVIEW,2026-04-13 16:12:29,USR-76809
TERM-1176,DONE,2026-04-14 10:12:29,USR-76809
PROF-6026,TO_DO,2026-06-01 17:34:24,USR-94259
PROF-6026,IN_PROGRESS,2026-06-01 20:34:24,USR-94259
PROF-6026,IN_REVIEW,2026-06-02 16:34:24,USR-94259
PROF-6026,DONE,2026-06-03 19:34:24,USR-94259
THES-1196,TO_DO,2026-04-20 10:00:25,USR-10221
THES-1196,IN_PROGRESS,2026-04-21 17:00:25,USR-10221
THES-1196,IN_REVIEW,2026-04-23 07:00:25,USR-10221
THES-1196,DONE,2026-04-24 04:00:25,USR-10221
DEVE-8739,TO_DO,2025-10-01 06:18:35,USR-46002
DEVE-8739,IN_PROGRESS,2025-10-02 06:18:35,USR-46002
DEVE-8739,IN_REVIEW,2025-10-03 11:18:35,USR-46002
DEVE-8739,DONE,2025-10-05 09:18:35,USR-46002
ANIM-2394,TO_DO,2026-04-06 02:59:31,USR-12154
ANIM-2394,IN_PROGRESS,2026-04-07 15:59:31,USR-12154
ANIM-2394,IN_REVIEW,2026-04-09 06:59:31,USR-12154
ANIM-2394,DONE,2026-04-10 19:59:31,USR-12154
LIST-8437,TO_DO,2025-11-27 06:22:55,USR-91885
LIST-8437,IN_PROGRESS,2025-11-28 16:22:55,USR-91885
LIST-8437,IN_REVIEW,2025-11-30 00:22:55,USR-91885
LIST-8437,DONE,2025-12-01 07:22:55,USR-91885
THES-3110,TO_DO,2026-01-08 18:21:01,USR-49608
THES-3110,IN_PROGRESS,2026-01-10 01:21:01,USR-49608
THES-3110,IN_REVIEW,2026-01-11 20:21:01,USR-49608
THES-3110,DONE,2026-01-13 14:21:01,USR-49608
DEVE-5550,TO_DO,2026-02-09 17:35:54,USR-62581
DEVE-5550,IN_PROGRESS,2026-02-10 15:35:54,USR-62581
DEVE-5550,IN_REVIEW,2026-02-11 14:35:54,USR-62581
DEVE-5550,DONE,2026-02-13 00:35:54,USR-62581
LIST-2384,TO_DO,2026-06-16 19:43:35,USR-67711
LIST-2384,IN_PROGRESS,2026-06-18 08:43:35,USR-67711
LIST-2384,IN_REVIEW,2026-06-20 05:43:35,USR-67711
LIST-2384,DONE,2026-06-20 08:43:35,USR-67711
CONF-7598,TO_DO,2026-08-05 23:13:58,USR-92306
CONF-7598,IN_PROGRESS,2026-08-06 23:13:58,USR-92306
CONF-7598,IN_REVIEW,2026-08-08 08:13:58,USR-92306
CONF-7598,DONE,2026-08-09 06:13:58,USR-92306
WIN-4157,TO_DO,2026-07-28 02:22:03,USR-47601
WIN-4157,IN_PROGRESS,2026-07-30 02:22:03,USR-47601
WIN-4157,IN_REVIEW,2026-07-30 12:22:03,USR-47601
WIN-4157,DONE,2026-07-30 16:22:03,USR-47601
CHOI-6008,TO_DO,2026-02-06 09:36:04,USR-83060
CHOI-6008,IN_PROGRESS,2026-02-07 07:36:04,USR-83060
CHOI-6008,IN_REVIEW,2026-02-08 01:36:04,USR-83060
CHOI-6008,DONE,2026-02-08 04:36:04,USR-83060
PROF-9463,TO_DO,2026-05-31 09:12:34,USR-92203
PROF-9463,IN_PROGRESS,2026-06-02 03:12:34,USR-92203
PROF-9463,IN_REVIEW,2026-06-02 09:12:34,USR-92203
PROF-9463,DONE,2026-06-03 09:12:34,USR-92203
TERM-5572,TO_DO,2026-02-24 23:43:12,USR-13969
TERM-5572,IN_PROGRESS,2026-02-26 23:43:12,USR-13969
TERM-5572,IN_REVIEW,2026-02-27 22:43:12,USR-13969
TERM-5572,DONE,2026-02-28 14:43:12,USR-13969
WIN-5374,TO_DO,2026-09-21 20:32:26,USR-47431
WIN-5374,IN_PROGRESS,2026-09-23 19:32:26,USR-47431
WIN-5374,IN_REVIEW,2026-09-25 10:32:26,USR-47431
WIN-5374,DONE,2026-09-27 07:32:26,USR-47431
TERM-8667,TO_DO,2025-10-25 17:00:48,USR-33850
TERM-8667,IN_PROGRESS,2025-10-27 12:00:48,USR-33850
TERM-8667,IN_REVIEW,2025-10-29 11:00:48,USR-33850
TERM-8667,DONE,2025-10-31 11:00:48,USR-33850
THES-1512,TO_DO,2026-08-20 11:11:41,USR-75513
THES-1512,IN_PROGRESS,2026-08-20 14:11:41,USR-75513
THES-1512,IN_REVIEW,2026-08-22 07:11:41,USR-75513
THES-1512,DONE,2026-08-23 04:11:41,USR-75513
THES-3044,TO_DO,2026-05-13 17:39:13,USR-74451
THES-3044,IN_PROGRESS,2026-05-15 05:39:13,USR-74451
THES-3044,IN_REVIEW,2026-05-17 03:39:13,USR-74451
THES-3044,DONE,2026-05-17 05:39:13,USR-74451
THES-1376,TO_DO,2025-12-19 04:14:23,USR-70931
THES-1376,IN_PROGRESS,2025-12-20 15:14:23,USR-70931
THES-1376,IN_REVIEW,2025-12-21 19:14:23,USR-70931
THES-1376,DONE,2025-12-22 13:14:23,USR-70931
ANIM-8100,TO_DO,2026-07-21 03:43:22,USR-55508
ANIM-8100,IN_PROGRESS,2026-07-22 16:43:22,USR-55508
ANIM-8100,IN_REVIEW,2026-07-23 20:43:22,USR-55508
ANIM-8100,DONE,2026-07-25 04:43:22,USR-55508
ANIM-8100,REOPENED,2026-07-25 11:43:22,USR-24168
ANIM-8100,IN_PROGRESS,2026-07-25 15:43:22,USR-55508
ANIM-8100,DONE,2026-07-25 20:43:22,USR-55508
THES-9226,TO_DO,2026-07-16 13:38:10,USR-54118
THES-9226,IN_PROGRESS,2026-07-16 18:38:10,USR-54118
THES-9226,IN_REVIEW,2026-07-18 16:38:10,USR-54118
THES-9226,DONE,2026-07-19 12:38:10,USR-54118
CHOI-4672,TO_DO,2025-12-26 13:41:58,USR-79942
CHOI-4672,IN_PROGRESS,2025-12-28 09:41:58,USR-79942
CHOI-4672,IN_REVIEW,2025-12-29 14:41:58,USR-79942
CHOI-4672,DONE,2025-12-31 01:41:58,USR-79942
CONF-8911,TO_DO,2026-03-04 17:18:02,USR-50963
CONF-8911,IN_PROGRESS,2026-03-05 11:18:02,USR-50963
CONF-8911,IN_REVIEW,2026-03-06 03:18:02,USR-50963
CONF-8911,DONE,2026-03-07 13:18:02,USR-50963
TERM-8246,TO_DO,2026-08-06 16:08:51,USR-68841
TERM-8246,IN_PROGRESS,2026-08-07 19:08:51,USR-68841
TERM-8246,IN_REVIEW,2026-08-09 09:08:51,USR-68841
TERM-8246,DONE,2026-08-09 21:08:51,USR-68841
TERM-1365,TO_DO,2026-02-02 18:34:36,USR-17665
TERM-1365,IN_PROGRESS,2026-02-04 04:34:36,USR-17665
TERM-1365,IN_REVIEW,2026-02-05 09:34:36,USR-17665
TERM-1365,DONE,2026-02-06 05:34:36,USR-17665
ANIM-5054,TO_DO,2026-06-11 15:22:22,USR-41552
ANIM-5054,IN_PROGRESS,2026-06-11 23:22:22,USR-41552
ANIM-5054,IN_REVIEW,2026-06-13 09:22:22,USR-41552
ANIM-5054,DONE,2026-06-13 18:22:22,USR-41552
ANIM-5054,REOPENED,2026-06-14 06:22:22,USR-81582
ANIM-5054,IN_PROGRESS,2026-06-14 21:22:22,USR-41552
ANIM-5054,DONE,2026-06-16 00:22:22,USR-41552
CONF-2321,TO_DO,2026-09-11 21:13:26,USR-11504
CONF-2321,IN_PROGRESS,2026-09-12 16:13:26,USR-11504
CONF-2321,IN_REVIEW,2026-09-13 06:13:26,USR-11504
CONF-2321,DONE,2026-09-15 06:13:26,USR-11504
WIN-7247,TO_DO,2025-12-31 06:34:53,USR-92213
WIN-7247,IN_PROGRESS,2025-12-31 16:34:53,USR-92213
WIN-7247,IN_REVIEW,2026-01-01 14:34:53,USR-92213
WIN-7247,DONE,2026-01-01 21:34:53,USR-92213
ANIM-4366,TO_DO,2026-08-15 23:36:30,USR-42951
ANIM-4366,IN_PROGRESS,2026-08-17 14:36:30,USR-42951
ANIM-4366,IN_REVIEW,2026-08-17 17:36:30,USR-42951
ANIM-4366,DONE,2026-08-19 11:36:30,USR-42951
ANIM-4366,REOPENED,2026-08-19 21:36:30,USR-52981
ANIM-4366,IN_PROGRESS,2026-08-19 22:36:30,USR-42951
ANIM-4366,DONE,2026-08-21 02:36:30,USR-42951
DEVE-9008,TO_DO,2026-08-04 07:07:18,USR-67132
DEVE-9008,IN_PROGRESS,2026-08-05 08:07:18,USR-67132
DEVE-9008,IN_REVIEW,2026-08-05 18:07:18,USR-67132
DEVE-9008,DONE,2026-08-06 07:07:18,USR-67132
DEVE-9008,REOPENED,2026-08-06 13:07:18,USR-31697
DEVE-9008,IN_PROGRESS,2026-08-07 11:07:18,USR-67132
DEVE-9008,DONE,2026-08-08 10:07:18,USR-67132
CHOI-3686,TO_DO,2025-12-25 16:11:34,USR-10205
CHOI-3686,IN_PROGRESS,2025-12-26 06:11:34,USR-10205
CHOI-3686,IN_REVIEW,2025-12-27 19:11:34,USR-10205
CHOI-3686,DONE,2025-12-28 13:11:34,USR-10205
ANIM-6176,TO_DO,2026-05-17 20:15:11,USR-51104
ANIM-6176,IN_PROGRESS,2026-05-19 10:15:11,USR-51104
ANIM-6176,IN_REVIEW,2026-05-21 09:15:11,USR-51104
ANIM-6176,DONE,2026-05-23 02:15:11,USR-51104
CHOI-3321,TO_DO,2026-06-28 00:44:46,USR-95180
CHOI-3321,IN_PROGRESS,2026-06-28 22:44:46,USR-95180
CHOI-3321,IN_REVIEW,2026-06-29 13:44:46,USR-95180
CHOI-3321,DONE,2026-06-30 19:44:46,USR-95180
LIST-3526,TO_DO,2026-01-30 11:22:06,USR-97833
LIST-3526,IN_PROGRESS,2026-01-30 19:22:06,USR-97833
LIST-3526,IN_REVIEW,2026-01-31 14:22:06,USR-97833
LIST-3526,DONE,2026-02-02 07:22:06,USR-97833
CHOI-1514,TO_DO,2026-03-10 18:20:36,USR-78522
CHOI-1514,IN_PROGRESS,2026-03-11 10:20:36,USR-78522
CHOI-1514,IN_REVIEW,2026-03-12 10:20:36,USR-78522
CHOI-1514,DONE,2026-03-13 20:20:36,USR-78522
PROF-6460,TO_DO,2026-02-13 01:13:05,USR-92242
PROF-6460,IN_PROGRESS,2026-02-13 23:13:05,USR-92242
PROF-6460,IN_REVIEW,2026-02-14 03:13:05,USR-92242
PROF-6460,DONE,2026-02-15 12:13:05,USR-92242
LIST-2442,TO_DO,2025-09-30 00:36:46,USR-85598
LIST-2442,IN_PROGRESS,2025-09-30 18:36:46,USR-85598
LIST-2442,IN_REVIEW,2025-10-01 14:36:46,USR-85598
LIST-2442,DONE,2025-10-02 00:36:46,USR-85598
ANIM-5595,TO_DO,2026-08-10 16:35:56,USR-36111
ANIM-5595,IN_PROGRESS,2026-08-12 06:35:56,USR-36111
ANIM-5595,IN_REVIEW,2026-08-13 08:35:56,USR-36111
ANIM-5595,DONE,2026-08-14 02:35:56,USR-36111
PROF-1555,TO_DO,2025-10-30 06:55:42,USR-81176
PROF-1555,IN_PROGRESS,2025-10-31 20:55:42,USR-81176
PROF-1555,IN_REVIEW,2025-11-02 08:55:42,USR-81176
PROF-1555,DONE,2025-11-03 18:55:42,USR-81176
ORGA-5876,TO_DO,2026-07-18 20:03:32,USR-54089
ORGA-5876,IN_PROGRESS,2026-07-19 11:03:32,USR-54089
ORGA-5876,IN_REVIEW,2026-07-20 20:03:32,USR-54089
ORGA-5876,DONE,2026-07-22 03:03:32,USR-54089
PROF-6761,TO_DO,2026-05-29 00:01:44,USR-25012
PROF-6761,IN_PROGRESS,2026-05-29 10:01:44,USR-25012
PROF-6761,IN_REVIEW,2026-05-29 19:01:44,USR-25012
PROF-6761,DONE,2026-05-29 22:01:44,USR-25012
DEVE-8664,TO_DO,2026-01-11 14:02:44,USR-30028
DEVE-8664,IN_PROGRESS,2026-01-11 18:02:44,USR-30028
DEVE-8664,IN_REVIEW,2026-01-12 01:02:44,USR-30028
DEVE-8664,DONE,2026-01-13 06:02:44,USR-30028
CONF-4646,TO_DO,2025-09-28 21:19:11,USR-35430
CONF-4646,IN_PROGRESS,2025-09-29 08:19:11,USR-35430
CONF-4646,IN_REVIEW,2025-09-30 11:19:11,USR-35430
CONF-4646,DONE,2025-09-30 21:19:11,USR-35430
CONF-4646,REOPENED,2025-10-01 22:19:11,USR-58503
CONF-4646,IN_PROGRESS,2025-10-02 20:19:11,USR-35430
CONF-4646,DONE,2025-10-03 06:19:11,USR-35430
TERM-5860,TO_DO,2026-02-19 11:21:32,USR-98381
TERM-5860,IN_PROGRESS,2026-02-21 06:21:32,USR-98381
TERM-5860,IN_REVIEW,2026-02-21 22:21:32,USR-98381
TERM-5860,DONE,2026-02-23 19:21:32,USR-98381
CONF-5868,TO_DO,2026-02-07 22:44:36,USR-38183
CONF-5868,IN_PROGRESS,2026-02-09 05:44:36,USR-38183
CONF-5868,IN_REVIEW,2026-02-10 18:44:36,USR-38183
CONF-5868,DONE,2026-02-12 08:44:36,USR-38183
ANIM-4977,TO_DO,2026-01-08 18:16:36,USR-27790
ANIM-4977,IN_PROGRESS,2026-01-10 18:16:36,USR-27790
ANIM-4977,IN_REVIEW,2026-01-11 12:16:36,USR-27790
ANIM-4977,DONE,2026-01-12 11:16:36,USR-27790
CONF-6805,TO_DO,2026-06-24 12:57:07,USR-51207
CONF-6805,IN_PROGRESS,2026-06-25 01:57:07,USR-51207
CONF-6805,IN_REVIEW,2026-06-26 07:57:07,USR-51207
CONF-6805,DONE,2026-06-28 07:57:07,USR-51207
THES-9077,TO_DO,2026-02-09 11:46:56,USR-91857
THES-9077,IN_PROGRESS,2026-02-11 11:46:56,USR-91857
THES-9077,IN_REVIEW,2026-02-11 19:46:56,USR-91857
THES-9077,DONE,2026-02-13 06:46:56,USR-91857
ANIM-3376,TO_DO,2025-10-30 03:28:41,USR-64476
ANIM-3376,IN_PROGRESS,2025-10-31 06:28:41,USR-64476
ANIM-3376,IN_REVIEW,2025-11-02 02:28:41,USR-64476
ANIM-3376,DONE,2025-11-02 12:28:41,USR-64476
ORGA-2677,TO_DO,2026-08-27 06:46:04,USR-75211
ORGA-2677,IN_PROGRESS,2026-08-27 10:46:04,USR-75211
ORGA-2677,IN_REVIEW,2026-08-28 05:46:04,USR-75211
ORGA-2677,DONE,2026-08-30 05:46:04,USR-75211
WIN-7006,TO_DO,2026-04-28 03:54:08,USR-94518
WIN-7006,IN_PROGRESS,2026-04-28 06:54:08,USR-94518
WIN-7006,IN_REVIEW,2026-04-29 06:54:08,USR-94518
WIN-7006,DONE,2026-04-29 08:54:08,USR-94518
WIN-7006,REOPENED,2026-04-29 18:54:08,USR-82309
WIN-7006,IN_PROGRESS,2026-04-30 17:54:08,USR-94518
WIN-7006,DONE,2026-05-01 05:54:08,USR-94518
LIST-3653,TO_DO,2026-05-20 19:27:35,USR-33028
LIST-3653,IN_PROGRESS,2026-05-21 19:27:35,USR-33028
LIST-3653,IN_REVIEW,2026-05-22 07:27:35,USR-33028
LIST-3653,DONE,2026-05-23 18:27:35,USR-33028
LIST-3653,REOPENED,2026-05-25 17:27:35,USR-24573
LIST-3653,IN_PROGRESS,2026-05-25 22:27:35,USR-33028
LIST-3653,DONE,2026-05-27 06:27:35,USR-33028
ORGA-9034,TO_DO,2026-07-25 14:35:00,USR-15075
ORGA-9034,IN_PROGRESS,2026-07-26 05:35:00,USR-15075
ORGA-9034,IN_REVIEW,2026-07-26 21:35:00,USR-15075
ORGA-9034,DONE,2026-07-28 15:35:00,USR-15075
PROF-3182,TO_DO,2026-07-27 08:40:01,USR-79774
PROF-3182,IN_PROGRESS,2026-07-27 21:40:01,USR-79774
PROF-3182,IN_REVIEW,2026-07-28 04:40:01,USR-79774
PROF-3182,DONE,2026-07-29 04:40:01,USR-79774
DEVE-1195,TO_DO,2026-06-17 02:12:08,USR-49210
DEVE-1195,IN_PROGRESS,2026-06-18 20:12:08,USR-49210
DEVE-1195,IN_REVIEW,2026-06-20 14:12:08,USR-49210
DEVE-1195,DONE,2026-06-21 08:12:08,USR-49210
DEVE-1195,REOPENED,2026-06-23 06:12:08,USR-42098
DEVE-1195,IN_PROGRESS,2026-06-23 23:12:08,USR-49210
DEVE-1195,DONE,2026-06-25 03:12:08,USR-49210
CONF-7269,TO_DO,2025-11-04 21:36:02,USR-99051
CONF-7269,IN_PROGRESS,2025-11-05 22:36:02,USR-99051
CONF-7269,IN_REVIEW,2025-11-06 22:36:02,USR-99051
CONF-7269,DONE,2025-11-08 06:36:02,USR-99051
THES-1431,TO_DO,2026-06-04 02:01:16,USR-84000
THES-1431,IN_PROGRESS,2026-06-05 09:01:16,USR-84000
THES-1431,IN_REVIEW,2026-06-06 01:01:16,USR-84000
THES-1431,DONE,2026-06-06 04:01:16,USR-84000
CONF-6920,TO_DO,2026-09-10 15:35:13,USR-82667
CONF-6920,IN_PROGRESS,2026-09-10 23:35:13,USR-82667
CONF-6920,IN_REVIEW,2026-09-11 09:35:13,USR-82667
CONF-6920,DONE,2026-09-13 02:35:13,USR-82667
CONF-6920,REOPENED,2026-09-14 10:35:13,USR-89822
CONF-6920,IN_PROGRESS,2026-09-14 17:35:13,USR-82667
CONF-6920,DONE,2026-09-15 14:35:13,USR-82667
THES-6101,TO_DO,2026-05-22 21:57:04,USR-64602
THES-6101,IN_PROGRESS,2026-05-24 13:57:04,USR-64602
THES-6101,IN_REVIEW,2026-05-26 07:57:04,USR-64602
THES-6101,DONE,2026-05-28 05:57:04,USR-64602
LIST-3447,TO_DO,2026-03-13 16:19:42,USR-80284
LIST-3447,IN_PROGRESS,2026-03-14 05:19:42,USR-80284
LIST-3447,IN_REVIEW,2026-03-14 08:19:42,USR-80284
LIST-3447,DONE,2026-03-15 21:19:42,USR-80284
TERM-2399,TO_DO,2026-08-15 07:26:23,USR-77621
TERM-2399,IN_PROGRESS,2026-08-16 07:26:23,USR-77621
TERM-2399,IN_REVIEW,2026-08-16 20:26:23,USR-77621
TERM-2399,DONE,2026-08-17 13:26:23,USR-77621
WIN-7775,TO_DO,2025-12-17 16:43:40,USR-77889
WIN-7775,IN_PROGRESS,2025-12-19 09:43:40,USR-77889
WIN-7775,IN_REVIEW,2025-12-20 20:43:40,USR-77889
WIN-7775,DONE,2025-12-22 20:43:40,USR-77889
WIN-2883,TO_DO,2026-06-03 20:01:14,USR-76535
WIN-2883,IN_PROGRESS,2026-06-03 22:01:14,USR-76535
WIN-2883,IN_REVIEW,2026-06-05 11:01:14,USR-76535
WIN-2883,DONE,2026-06-06 22:01:14,USR-76535
DEVE-8109,TO_DO,2026-06-11 12:13:41,USR-22656
DEVE-8109,IN_PROGRESS,2026-06-12 00:13:41,USR-22656
DEVE-8109,IN_REVIEW,2026-06-14 00:13:41,USR-22656
DEVE-8109,DONE,2026-06-14 19:13:41,USR-22656
PROF-1393,TO_DO,2025-12-03 02:38:27,USR-56009
PROF-1393,IN_PROGRESS,2025-12-04 13:38:27,USR-56009
PROF-1393,IN_REVIEW,2025-12-06 11:38:27,USR-56009
PROF-1393,DONE,2025-12-07 20:38:27,USR-56009
PROF-1393,REOPENED,2025-12-08 18:38:27,USR-64460
PROF-1393,IN_PROGRESS,2025-12-09 05:38:27,USR-56009
PROF-1393,DONE,2025-12-11 04:38:27,USR-56009
LIST-6539,TO_DO,2026-06-05 15:54:35,USR-29442
LIST-6539,IN_PROGRESS,2026-06-06 14:54:35,USR-29442
LIST-6539,IN_REVIEW,2026-06-06 18:54:35,USR-29442
LIST-6539,DONE,2026-06-07 14:54:35,USR-29442
TERM-3883,TO_DO,2025-12-28 06:58:45,USR-10150
TERM-3883,IN_PROGRESS,2025-12-29 12:58:45,USR-10150
TERM-3883,IN_REVIEW,2025-12-30 01:58:45,USR-10150
TERM-3883,DONE,2025-12-31 11:58:45,USR-10150
WIN-2710,TO_DO,2026-07-25 00:28:01,USR-38569
WIN-2710,IN_PROGRESS,2026-07-26 19:28:01,USR-38569
WIN-2710,IN_REVIEW,2026-07-28 08:28:01,USR-38569
WIN-2710,DONE,2026-07-29 03:28:01,USR-38569
WIN-1753,TO_DO,2026-03-02 05:45:55,USR-12560
WIN-1753,IN_PROGRESS,2026-03-02 23:45:55,USR-12560
WIN-1753,IN_REVIEW,2026-03-04 19:45:55,USR-12560
WIN-1753,DONE,2026-03-05 09:45:55,USR-12560
CONF-4296,TO_DO,2026-09-14 23:54:43,USR-97747
CONF-4296,IN_PROGRESS,2026-09-16 05:54:43,USR-97747
CONF-4296,IN_REVIEW,2026-09-16 23:54:43,USR-97747
CONF-4296,DONE,2026-09-17 03:54:43,USR-97747
LIST-7872,TO_DO,2026-07-09 19:14:12,USR-89635
LIST-7872,IN_PROGRESS,2026-07-10 14:14:12,USR-89635
LIST-7872,IN_REVIEW,2026-07-12 07:14:12,USR-89635
LIST-7872,DONE,2026-07-12 13:14:12,USR-89635
DEVE-7476,TO_DO,2026-03-18 14:30:17,USR-64387
DEVE-7476,IN_PROGRESS,2026-03-18 21:30:17,USR-64387
DEVE-7476,IN_REVIEW,2026-03-20 07:30:17,USR-64387
DEVE-7476,DONE,2026-03-21 13:30:17,USR-64387
PROF-8373,TO_DO,2026-08-07 06:23:59,USR-97580
PROF-8373,IN_PROGRESS,2026-08-07 18:23:59,USR-97580
PROF-8373,IN_REVIEW,2026-08-08 13:23:59,USR-97580
PROF-8373,DONE,2026-08-10 03:23:59,USR-97580
THES-8064,TO_DO,2025-10-13 03:41:14,USR-95918
THES-8064,IN_PROGRESS,2025-10-13 20:41:14,USR-95918
THES-8064,IN_REVIEW,2025-10-15 02:41:14,USR-95918
THES-8064,DONE,2025-10-16 14:41:14,USR-95918
CHOI-8215,TO_DO,2026-05-21 06:06:54,USR-70443
CHOI-8215,IN_PROGRESS,2026-05-21 12:06:54,USR-70443
CHOI-8215,IN_REVIEW,2026-05-22 22:06:54,USR-70443
CHOI-8215,DONE,2026-05-24 04:06:54,USR-70443
CHOI-8215,REOPENED,2026-05-25 05:06:54,USR-37653
CHOI-8215,IN_PROGRESS,2026-05-25 18:06:54,USR-70443
CHOI-8215,DONE,2026-05-27 11:06:54,USR-70443
ANIM-8079,TO_DO,2025-11-06 16:00:32,USR-86724
ANIM-8079,IN_PROGRESS,2025-11-08 12:00:32,USR-86724
ANIM-8079,IN_REVIEW,2025-11-10 12:00:32,USR-86724
ANIM-8079,DONE,2025-11-11 00:00:32,USR-86724
PROF-6608,TO_DO,2026-04-25 19:43:52,USR-19602
PROF-6608,IN_PROGRESS,2026-04-26 06:43:52,USR-19602
PROF-6608,IN_REVIEW,2026-04-26 23:43:52,USR-19602
PROF-6608,DONE,2026-04-27 01:43:52,USR-19602
LIST-6593,TO_DO,2025-11-26 13:33:34,USR-74752
LIST-6593,IN_PROGRESS,2025-11-27 14:33:34,USR-74752
LIST-6593,IN_REVIEW,2025-11-28 06:33:34,USR-74752
LIST-6593,DONE,2025-11-28 17:33:34,USR-74752
CHOI-3975,TO_DO,2026-04-28 10:00:16,USR-35928
CHOI-3975,IN_PROGRESS,2026-04-29 09:00:16,USR-35928
CHOI-3975,IN_REVIEW,2026-04-30 18:00:16,USR-35928
CHOI-3975,DONE,2026-05-02 06:00:16,USR-35928
ORGA-1756,TO_DO,2026-08-01 22:01:05,USR-89840
ORGA-1756,IN_PROGRESS,2026-08-03 16:01:05,USR-89840
ORGA-1756,IN_REVIEW,2026-08-04 19:01:05,USR-89840
ORGA-1756,DONE,2026-08-05 18:01:05,USR-89840
PROF-3048,TO_DO,2025-12-19 04:58:57,USR-88561
PROF-3048,IN_PROGRESS,2025-12-20 10:58:57,USR-88561
PROF-3048,IN_REVIEW,2025-12-22 10:58:57,USR-88561
PROF-3048,DONE,2025-12-23 16:58:57,USR-88561
TERM-1712,TO_DO,2025-12-11 05:27:13,USR-84177
TERM-1712,IN_PROGRESS,2025-12-11 22:27:13,USR-84177
TERM-1712,IN_REVIEW,2025-12-12 15:27:13,USR-84177
TERM-1712,DONE,2025-12-13 21:27:13,USR-84177
DEVE-5551,TO_DO,2025-12-23 23:44:27,USR-23256
DEVE-5551,IN_PROGRESS,2025-12-24 13:44:27,USR-23256
DEVE-5551,IN_REVIEW,2025-12-25 15:44:27,USR-23256
DEVE-5551,DONE,2025-12-27 04:44:27,USR-23256
THES-7251,TO_DO,2026-03-17 10:55:33,USR-58870
THES-7251,IN_PROGRESS,2026-03-18 10:55:33,USR-58870
THES-7251,IN_REVIEW,2026-03-19 18:55:33,USR-58870
THES-7251,DONE,2026-03-21 17:55:33,USR-58870
CHOI-1101,TO_DO,2026-07-22 01:36:04,USR-24366
CHOI-1101,IN_PROGRESS,2026-07-23 12:36:04,USR-24366
CHOI-1101,IN_REVIEW,2026-07-23 23:36:04,USR-24366
CHOI-1101,DONE,2026-07-24 19:36:04,USR-24366
TERM-6039,TO_DO,2025-12-24 14:48:22,USR-55293
TERM-6039,IN_PROGRESS,2025-12-25 08:48:22,USR-55293
TERM-6039,IN_REVIEW,2025-12-25 16:48:22,USR-55293
TERM-6039,DONE,2025-12-27 16:48:22,USR-55293
TERM-6039,REOPENED,2025-12-29 16:48:22,USR-37535
TERM-6039,IN_PROGRESS,2025-12-30 12:48:22,USR-55293
TERM-6039,DONE,2026-01-01 00:48:22,USR-55293
LIST-8702,TO_DO,2025-12-03 13:25:46,USR-98916
LIST-8702,IN_PROGRESS,2025-12-05 07:25:46,USR-98916
LIST-8702,IN_REVIEW,2025-12-05 19:25:46,USR-98916
LIST-8702,DONE,2025-12-06 05:25:46,USR-98916
PROF-9587,TO_DO,2026-01-07 15:10:55,USR-71186
PROF-9587,IN_PROGRESS,2026-01-07 17:10:55,USR-71186
PROF-9587,IN_REVIEW,2026-01-09 00:10:55,USR-71186
PROF-9587,DONE,2026-01-10 22:10:55,USR-71186
PROF-3271,TO_DO,2026-05-11 11:08:55,USR-31992
PROF-3271,IN_PROGRESS,2026-05-12 15:08:55,USR-31992
PROF-3271,IN_REVIEW,2026-05-13 22:08:55,USR-31992
PROF-3271,DONE,2026-05-15 06:08:55,USR-31992
WIN-5356,TO_DO,2026-08-04 12:18:53,USR-51505
WIN-5356,IN_PROGRESS,2026-08-05 08:18:53,USR-51505
WIN-5356,IN_REVIEW,2026-08-06 06:18:53,USR-51505
WIN-5356,DONE,2026-08-07 10:18:53,USR-51505
WIN-5356,REOPENED,2026-08-08 23:18:53,USR-77568
WIN-5356,IN_PROGRESS,2026-08-09 18:18:53,USR-51505
WIN-5356,DONE,2026-08-10 12:18:53,USR-51505
CONF-2384,TO_DO,2026-08-05 14:45:16,USR-56129
CONF-2384,IN_PROGRESS,2026-08-06 23:45:16,USR-56129
CONF-2384,IN_REVIEW,2026-08-08 19:45:16,USR-56129
CONF-2384,DONE,2026-08-10 01:45:16,USR-56129
WIN-8763,TO_DO,2026-08-20 07:03:22,USR-33788
WIN-8763,IN_PROGRESS,2026-08-21 07:03:22,USR-33788
WIN-8763,IN_REVIEW,2026-08-21 17:03:22,USR-33788
WIN-8763,DONE,2026-08-21 19:03:22,USR-33788
WIN-3288,TO_DO,2026-05-29 06:59:44,USR-22196
WIN-3288,IN_PROGRESS,2026-05-29 11:59:44,USR-22196
WIN-3288,IN_REVIEW,2026-05-30 07:59:44,USR-22196
WIN-3288,DONE,2026-05-31 21:59:44,USR-22196
LIST-9509,TO_DO,2026-04-17 04:35:14,USR-66387
LIST-9509,IN_PROGRESS,2026-04-18 05:35:14,USR-66387
LIST-9509,IN_REVIEW,2026-04-19 02:35:14,USR-66387
LIST-9509,DONE,2026-04-19 21:35:14,USR-66387
ANIM-1081,TO_DO,2026-06-24 08:28:09,USR-32617
ANIM-1081,IN_PROGRESS,2026-06-26 00:28:09,USR-32617
ANIM-1081,IN_REVIEW,2026-06-26 12:28:09,USR-32617
ANIM-1081,DONE,2026-06-28 04:28:09,USR-32617
TERM-4803,TO_DO,2025-10-19 10:40:08,USR-41531
TERM-4803,IN_PROGRESS,2025-10-20 18:40:08,USR-41531
TERM-4803,IN_REVIEW,2025-10-21 04:40:08,USR-41531
TERM-4803,DONE,2025-10-22 01:40:08,USR-41531
ORGA-4312,TO_DO,2026-08-18 04:43:10,USR-31178
ORGA-4312,IN_PROGRESS,2026-08-18 11:43:10,USR-31178
ORGA-4312,IN_REVIEW,2026-08-19 23:43:10,USR-31178
ORGA-4312,DONE,2026-08-21 21:43:10,USR-31178
CONF-4916,TO_DO,2026-01-05 23:36:31,USR-94136
CONF-4916,IN_PROGRESS,2026-01-06 17:36:31,USR-94136
CONF-4916,IN_REVIEW,2026-01-08 13:36:31,USR-94136
CONF-4916,DONE,2026-01-08 16:36:31,USR-94136
WIN-5122,TO_DO,2026-01-30 15:12:52,USR-23176
WIN-5122,IN_PROGRESS,2026-02-01 13:12:52,USR-23176
WIN-5122,IN_REVIEW,2026-02-02 09:12:52,USR-23176
WIN-5122,DONE,2026-02-03 09:12:52,USR-23176
CONF-7433,TO_DO,2026-09-15 21:40:31,USR-69598
CONF-7433,IN_PROGRESS,2026-09-16 21:40:31,USR-69598
CONF-7433,IN_REVIEW,2026-09-18 04:40:31,USR-69598
CONF-7433,DONE,2026-09-20 03:40:31,USR-69598
CONF-7433,REOPENED,2026-09-21 14:40:31,USR-41571
CONF-7433,IN_PROGRESS,2026-09-21 21:40:31,USR-69598
CONF-7433,DONE,2026-09-22 21:40:31,USR-69598
THES-8423,TO_DO,2026-04-02 11:38:18,USR-74139
THES-8423,IN_PROGRESS,2026-04-04 07:38:18,USR-74139
THES-8423,IN_REVIEW,2026-04-05 00:38:18,USR-74139
THES-8423,DONE,2026-04-05 23:38:18,USR-74139
ORGA-7950,TO_DO,2026-06-12 05:00:13,USR-64596
ORGA-7950,IN_PROGRESS,2026-06-14 04:00:13,USR-64596
ORGA-7950,IN_REVIEW,2026-06-15 18:00:13,USR-64596
ORGA-7950,DONE,2026-06-16 18:00:13,USR-64596
LIST-8165,TO_DO,2026-03-09 11:16:37,USR-51505
LIST-8165,IN_PROGRESS,2026-03-09 15:16:37,USR-51505
LIST-8165,IN_REVIEW,2026-03-11 13:16:37,USR-51505
LIST-8165,DONE,2026-03-11 22:16:37,USR-51505
CONF-2816,TO_DO,2026-08-21 07:47:22,USR-33703
CONF-2816,IN_PROGRESS,2026-08-22 23:47:22,USR-33703
CONF-2816,IN_REVIEW,2026-08-23 20:47:22,USR-33703
CONF-2816,DONE,2026-08-25 14:47:22,USR-33703
ORGA-3754,TO_DO,2026-08-14 03:52:01,USR-72722
ORGA-3754,IN_PROGRESS,2026-08-15 14:52:01,USR-72722
ORGA-3754,IN_REVIEW,2026-08-16 15:52:01,USR-72722
ORGA-3754,DONE,2026-08-17 00:52:01,USR-72722
CONF-8496,TO_DO,2026-05-23 16:36:13,USR-88116
CONF-8496,IN_PROGRESS,2026-05-24 02:36:13,USR-88116
CONF-8496,IN_REVIEW,2026-05-25 21:36:13,USR-88116
CONF-8496,DONE,2026-05-27 06:36:13,USR-88116
CONF-1952,TO_DO,2026-07-16 06:36:27,USR-42177
CONF-1952,IN_PROGRESS,2026-07-16 08:36:27,USR-42177
CONF-1952,IN_REVIEW,2026-07-16 22:36:27,USR-42177
CONF-1952,DONE,2026-07-18 10:36:27,USR-42177
TERM-3602,TO_DO,2025-10-09 19:59:52,USR-86569
TERM-3602,IN_PROGRESS,2025-10-11 13:59:52,USR-86569
TERM-3602,IN_REVIEW,2025-10-12 08:59:52,USR-86569
TERM-3602,DONE,2025-10-13 08:59:52,USR-86569
TERM-3602,REOPENED,2025-10-15 08:59:52,USR-18907
TERM-3602,IN_PROGRESS,2025-10-15 21:59:52,USR-86569
TERM-3602,DONE,2025-10-16 11:59:52,USR-86569
CHOI-5434,TO_DO,2026-06-27 19:16:45,USR-23577
CHOI-5434,IN_PROGRESS,2026-06-28 23:16:45,USR-23577
CHOI-5434,IN_REVIEW,2026-06-29 14:16:45,USR-23577
CHOI-5434,DONE,2026-07-01 08:16:45,USR-23577
CONF-4475,TO_DO,2025-11-21 04:03:19,USR-17331
CONF-4475,IN_PROGRESS,2025-11-22 06:03:19,USR-17331
CONF-4475,IN_REVIEW,2025-11-22 16:03:19,USR-17331
CONF-4475,DONE,2025-11-23 14:03:19,USR-17331
LIST-2496,TO_DO,2026-09-11 23:37:45,USR-77889
LIST-2496,IN_PROGRESS,2026-09-13 15:37:45,USR-77889
LIST-2496,IN_REVIEW,2026-09-15 02:37:45,USR-77889
LIST-2496,DONE,2026-09-15 22:37:45,USR-77889
CHOI-3615,TO_DO,2025-11-09 20:38:17,USR-18993
CHOI-3615,IN_PROGRESS,2025-11-10 01:38:17,USR-18993
CHOI-3615,IN_REVIEW,2025-11-11 10:38:17,USR-18993
CHOI-3615,DONE,2025-11-12 05:38:17,USR-18993
CHOI-3615,REOPENED,2025-11-13 06:38:17,USR-49691
CHOI-3615,IN_PROGRESS,2025-11-13 07:38:17,USR-18993
CHOI-3615,DONE,2025-11-15 01:38:17,USR-18993
PROF-5042,TO_DO,2026-04-14 17:11:17,USR-60432
PROF-5042,IN_PROGRESS,2026-04-14 20:11:17,USR-60432
PROF-5042,IN_REVIEW,2026-04-15 06:11:17,USR-60432
PROF-5042,DONE,2026-04-16 00:11:17,USR-60432
DEVE-5952,TO_DO,2025-12-13 05:19:57,USR-77839
DEVE-5952,IN_PROGRESS,2025-12-13 13:19:57,USR-77839
DEVE-5952,IN_REVIEW,2025-12-15 09:19:57,USR-77839
DEVE-5952,DONE,2025-12-16 22:19:57,USR-77839
PROF-6382,TO_DO,2025-09-28 14:21:48,USR-57920
PROF-6382,IN_PROGRESS,2025-09-29 23:21:48,USR-57920
PROF-6382,IN_REVIEW,2025-10-01 04:21:48,USR-57920
PROF-6382,DONE,2025-10-02 04:21:48,USR-57920
CHOI-8222,TO_DO,2026-01-03 11:29:38,USR-34356
CHOI-8222,IN_PROGRESS,2026-01-04 09:29:38,USR-34356
CHOI-8222,IN_REVIEW,2026-01-05 06:29:38,USR-34356
CHOI-8222,DONE,2026-01-06 19:29:38,USR-34356
CHOI-8670,TO_DO,2026-01-23 02:31:59,USR-51827
CHOI-8670,IN_PROGRESS,2026-01-24 23:31:59,USR-51827
CHOI-8670,IN_REVIEW,2026-01-25 16:31:59,USR-51827
CHOI-8670,DONE,2026-01-27 07:31:59,USR-51827
CONF-3089,TO_DO,2026-04-25 20:30:43,USR-53065
CONF-3089,IN_PROGRESS,2026-04-26 20:30:43,USR-53065
CONF-3089,IN_REVIEW,2026-04-27 01:30:43,USR-53065
CONF-3089,DONE,2026-04-28 20:30:43,USR-53065
PROF-5172,TO_DO,2026-04-02 04:59:15,USR-90981
PROF-5172,IN_PROGRESS,2026-04-03 12:59:15,USR-90981
PROF-5172,IN_REVIEW,2026-04-05 05:59:15,USR-90981
PROF-5172,DONE,2026-04-06 17:59:15,USR-90981
WIN-9261,TO_DO,2025-10-28 13:46:20,USR-58237
WIN-9261,IN_PROGRESS,2025-10-28 19:46:20,USR-58237
WIN-9261,IN_REVIEW,2025-10-29 05:46:20,USR-58237
WIN-9261,DONE,2025-10-30 21:46:20,USR-58237
DEVE-4621,TO_DO,2025-11-16 06:18:59,USR-47627
DEVE-4621,IN_PROGRESS,2025-11-17 22:18:59,USR-47627
DEVE-4621,IN_REVIEW,2025-11-18 15:18:59,USR-47627
DEVE-4621,DONE,2025-11-20 05:18:59,USR-47627
WIN-6161,TO_DO,2026-04-24 23:55:15,USR-42493
WIN-6161,IN_PROGRESS,2026-04-26 03:55:15,USR-42493
WIN-6161,IN_REVIEW,2026-04-28 00:55:15,USR-42493
WIN-6161,DONE,2026-04-28 13:55:15,USR-42493
DEVE-7415,TO_DO,2026-05-01 21:18:57,USR-40968
DEVE-7415,IN_PROGRESS,2026-05-03 20:18:57,USR-40968
DEVE-7415,IN_REVIEW,2026-05-04 15:18:57,USR-40968
DEVE-7415,DONE,2026-05-05 09:18:57,USR-40968
ORGA-5115,TO_DO,2026-06-13 01:41:11,USR-13804
ORGA-5115,IN_PROGRESS,2026-06-14 15:41:11,USR-13804
ORGA-5115,IN_REVIEW,2026-06-15 19:41:11,USR-13804
ORGA-5115,DONE,2026-06-17 10:41:11,USR-13804
CHOI-3414,TO_DO,2026-07-01 09:23:25,USR-95929
CHOI-3414,IN_PROGRESS,2026-07-03 03:23:25,USR-95929
CHOI-3414,IN_REVIEW,2026-07-03 14:23:25,USR-95929
CHOI-3414,DONE,2026-07-04 02:23:25,USR-95929
ORGA-9195,TO_DO,2025-12-24 08:27:41,USR-62098
ORGA-9195,IN_PROGRESS,2025-12-25 14:27:41,USR-62098
ORGA-9195,IN_REVIEW,2025-12-27 02:27:41,USR-62098
ORGA-9195,DONE,2025-12-28 00:27:41,USR-62098
TERM-2743,TO_DO,2026-02-03 09:30:41,USR-67954
TERM-2743,IN_PROGRESS,2026-02-03 13:30:41,USR-67954
TERM-2743,IN_REVIEW,2026-02-03 15:30:41,USR-67954
TERM-2743,DONE,2026-02-03 19:30:41,USR-67954
TERM-2743,REOPENED,2026-02-05 10:30:41,USR-85718
TERM-2743,IN_PROGRESS,2026-02-05 12:30:41,USR-67954
TERM-2743,DONE,2026-02-05 19:30:41,USR-67954
ORGA-4468,TO_DO,2026-08-26 11:06:00,USR-78765
ORGA-4468,IN_PROGRESS,2026-08-27 17:06:00,USR-78765
ORGA-4468,IN_REVIEW,2026-08-28 16:06:00,USR-78765
ORGA-4468,DONE,2026-08-29 12:06:00,USR-78765
WIN-7769,TO_DO,2026-07-05 15:30:11,USR-62184
WIN-7769,IN_PROGRESS,2026-07-06 08:30:11,USR-62184
WIN-7769,IN_REVIEW,2026-07-07 04:30:11,USR-62184
WIN-7769,DONE,2026-07-07 23:30:11,USR-62184
WIN-7769,REOPENED,2026-07-09 03:30:11,USR-29536
WIN-7769,IN_PROGRESS,2026-07-10 00:30:11,USR-62184
WIN-7769,DONE,2026-07-10 17:30:11,USR-62184
PROF-4011,TO_DO,2026-08-21 03:46:55,USR-40595
PROF-4011,IN_PROGRESS,2026-08-22 14:46:55,USR-40595
PROF-4011,IN_REVIEW,2026-08-23 10:46:55,USR-40595
PROF-4011,DONE,2026-08-23 16:46:55,USR-40595
CHOI-7730,TO_DO,2026-02-13 16:57:12,USR-48890
CHOI-7730,IN_PROGRESS,2026-02-13 22:57:12,USR-48890
CHOI-7730,IN_REVIEW,2026-02-15 08:57:12,USR-48890
CHOI-7730,DONE,2026-02-16 09:57:12,USR-48890
TERM-7486,TO_DO,2026-02-26 06:15:15,USR-29555
TERM-7486,IN_PROGRESS,2026-02-27 10:15:15,USR-29555
TERM-7486,IN_REVIEW,2026-02-28 08:15:15,USR-29555
TERM-7486,DONE,2026-03-01 12:15:15,USR-29555
DEVE-4746,TO_DO,2025-11-24 03:25:10,USR-35430
DEVE-4746,IN_PROGRESS,2025-11-24 22:25:10,USR-35430
DEVE-4746,IN_REVIEW,2025-11-26 09:25:10,USR-35430
DEVE-4746,DONE,2025-11-27 03:25:10,USR-35430
ANIM-2446,TO_DO,2026-06-18 03:29:57,USR-70332
ANIM-2446,IN_PROGRESS,2026-06-19 02:29:57,USR-70332
ANIM-2446,IN_REVIEW,2026-06-20 02:29:57,USR-70332
ANIM-2446,DONE,2026-06-21 10:29:57,USR-70332
ANIM-2446,REOPENED,2026-06-23 01:29:57,USR-65518
ANIM-2446,IN_PROGRESS,2026-06-23 22:29:57,USR-70332
ANIM-2446,DONE,2026-06-25 01:29:57,USR-70332
PROF-8424,TO_DO,2026-01-05 01:42:30,USR-11231
PROF-8424,IN_PROGRESS,2026-01-05 21:42:30,USR-11231
PROF-8424,IN_REVIEW,2026-01-06 08:42:30,USR-11231
PROF-8424,DONE,2026-01-07 13:42:30,USR-11231
PROF-1940,TO_DO,2026-05-16 23:21:50,USR-49251
PROF-1940,IN_PROGRESS,2026-05-17 10:21:50,USR-49251
PROF-1940,IN_REVIEW,2026-05-17 23:21:50,USR-49251
PROF-1940,DONE,2026-05-19 14:21:50,USR-49251
ANIM-2996,TO_DO,2025-12-20 19:03:31,USR-80575
ANIM-2996,IN_PROGRESS,2025-12-22 15:03:31,USR-80575
ANIM-2996,IN_REVIEW,2025-12-23 05:03:31,USR-80575
ANIM-2996,DONE,2025-12-24 21:03:31,USR-80575
ANIM-2996,REOPENED,2025-12-25 08:03:31,USR-69914
ANIM-2996,IN_PROGRESS,2025-12-25 14:03:31,USR-80575
ANIM-2996,DONE,2025-12-27 08:03:31,USR-80575
WIN-1539,TO_DO,2026-03-23 02:52:31,USR-40968
WIN-1539,IN_PROGRESS,2026-03-24 15:52:31,USR-40968
WIN-1539,IN_REVIEW,2026-03-25 09:52:31,USR-40968
WIN-1539,DONE,2026-03-25 12:52:31,USR-40968
WIN-1539,REOPENED,2026-03-26 19:52:31,USR-78712
WIN-1539,IN_PROGRESS,2026-03-27 09:52:31,USR-40968
WIN-1539,DONE,2026-03-29 08:52:31,USR-40968
CONF-6380,TO_DO,2025-11-21 23:45:19,USR-76249
CONF-6380,IN_PROGRESS,2025-11-23 19:45:19,USR-76249
CONF-6380,IN_REVIEW,2025-11-25 15:45:19,USR-76249
CONF-6380,DONE,2025-11-26 11:45:19,USR-76249
ORGA-8502,TO_DO,2026-06-14 04:14:21,USR-21915
ORGA-8502,IN_PROGRESS,2026-06-15 07:14:21,USR-21915
ORGA-8502,IN_REVIEW,2026-06-16 12:14:21,USR-21915
ORGA-8502,DONE,2026-06-17 15:14:21,USR-21915
CONF-6056,TO_DO,2025-11-16 10:28:56,USR-73242
CONF-6056,IN_PROGRESS,2025-11-17 01:28:56,USR-73242
CONF-6056,IN_REVIEW,2025-11-18 12:28:56,USR-73242
CONF-6056,DONE,2025-11-19 16:28:56,USR-73242
ANIM-6832,TO_DO,2026-01-16 13:35:11,USR-58689
ANIM-6832,IN_PROGRESS,2026-01-18 07:35:11,USR-58689
ANIM-6832,IN_REVIEW,2026-01-19 12:35:11,USR-58689
ANIM-6832,DONE,2026-01-20 00:35:11,USR-58689
TERM-4020,TO_DO,2025-12-19 16:52:45,USR-16839
TERM-4020,IN_PROGRESS,2025-12-20 14:52:45,USR-16839
TERM-4020,IN_REVIEW,2025-12-21 20:52:45,USR-16839
TERM-4020,DONE,2025-12-22 08:52:45,USR-16839
PROF-5983,TO_DO,2026-02-20 16:25:12,USR-10150
PROF-5983,IN_PROGRESS,2026-02-22 00:25:12,USR-10150
PROF-5983,IN_REVIEW,2026-02-22 05:25:12,USR-10150
PROF-5983,DONE,2026-02-24 05:25:12,USR-10150
CHOI-8659,TO_DO,2026-02-06 09:12:39,USR-94599
CHOI-8659,IN_PROGRESS,2026-02-07 14:12:39,USR-94599
CHOI-8659,IN_REVIEW,2026-02-08 18:12:39,USR-94599
CHOI-8659,DONE,2026-02-09 21:12:39,USR-94599
DEVE-6790,TO_DO,2025-12-30 02:20:48,USR-88697
DEVE-6790,IN_PROGRESS,2025-12-31 14:20:48,USR-88697
DEVE-6790,IN_REVIEW,2025-12-31 19:20:48,USR-88697
DEVE-6790,DONE,2026-01-01 21:20:48,USR-88697
DEVE-6790,REOPENED,2026-01-03 07:20:48,USR-61505
DEVE-6790,IN_PROGRESS,2026-01-03 20:20:48,USR-88697
DEVE-6790,DONE,2026-01-04 10:20:48,USR-88697
LIST-9993,TO_DO,2026-02-04 13:28:49,USR-60052
LIST-9993,IN_PROGRESS,2026-02-05 01:28:49,USR-60052
LIST-9993,IN_REVIEW,2026-02-05 20:28:49,USR-60052
LIST-9993,DONE,2026-02-06 14:28:49,USR-60052
CHOI-1311,TO_DO,2026-05-30 06:59:20,USR-91689
CHOI-1311,IN_PROGRESS,2026-05-31 17:59:20,USR-91689
CHOI-1311,IN_REVIEW,2026-06-01 22:59:20,USR-91689
CHOI-1311,DONE,2026-06-03 15:59:20,USR-91689
WIN-7833,TO_DO,2026-01-01 02:15:58,USR-39041
WIN-7833,IN_PROGRESS,2026-01-02 14:15:58,USR-39041
WIN-7833,IN_REVIEW,2026-01-03 06:15:58,USR-39041
WIN-7833,DONE,2026-01-05 04:15:58,USR-39041
PROF-2662,TO_DO,2026-08-26 19:03:55,USR-31319
PROF-2662,IN_PROGRESS,2026-08-27 14:03:55,USR-31319
PROF-2662,IN_REVIEW,2026-08-28 22:03:55,USR-31319
PROF-2662,DONE,2026-08-30 02:03:55,USR-31319
THES-3215,TO_DO,2026-07-04 09:09:49,USR-71186
THES-3215,IN_PROGRESS,2026-07-06 03:09:49,USR-71186
THES-3215,IN_REVIEW,2026-07-07 20:09:49,USR-71186
THES-3215,DONE,2026-07-09 09:09:49,USR-71186
THES-3584,TO_DO,2026-09-12 20:29:45,USR-31319
THES-3584,IN_PROGRESS,2026-09-13 21:29:45,USR-31319
THES-3584,IN_REVIEW,2026-09-14 10:29:45,USR-31319
THES-3584,DONE,2026-09-14 13:29:45,USR-31319
ANIM-4939,TO_DO,2026-04-24 15:17:56,USR-27601
ANIM-4939,IN_PROGRESS,2026-04-26 09:17:56,USR-27601
ANIM-4939,IN_REVIEW,2026-04-28 06:17:56,USR-27601
ANIM-4939,DONE,2026-04-28 21:17:56,USR-27601
THES-5769,TO_DO,2026-01-02 15:42:27,USR-62184
THES-5769,IN_PROGRESS,2026-01-03 04:42:27,USR-62184
THES-5769,IN_REVIEW,2026-01-03 21:42:27,USR-62184
THES-5769,DONE,2026-01-04 06:42:27,USR-62184
CONF-7986,TO_DO,2026-08-10 09:40:47,USR-89635
CONF-7986,IN_PROGRESS,2026-08-10 12:40:47,USR-89635
CONF-7986,IN_REVIEW,2026-08-11 05:40:47,USR-89635
CONF-7986,DONE,2026-08-11 13:40:47,USR-89635
TERM-8961,TO_DO,2026-03-11 19:35:52,USR-28830
TERM-8961,IN_PROGRESS,2026-03-13 17:35:52,USR-28830
TERM-8961,IN_REVIEW,2026-03-13 19:35:52,USR-28830
TERM-8961,DONE,2026-03-15 17:35:52,USR-28830
CONF-2297,TO_DO,2026-04-11 16:06:28,USR-63665
CONF-2297,IN_PROGRESS,2026-04-12 12:06:28,USR-63665
CONF-2297,IN_REVIEW,2026-04-13 09:06:28,USR-63665
CONF-2297,DONE,2026-04-14 20:06:28,USR-63665
CHOI-4583,TO_DO,2025-10-12 23:50:28,USR-26059
CHOI-4583,IN_PROGRESS,2025-10-13 21:50:28,USR-26059
CHOI-4583,IN_REVIEW,2025-10-14 17:50:28,USR-26059
CHOI-4583,DONE,2025-10-16 17:50:28,USR-26059
CHOI-8132,TO_DO,2025-10-05 04:15:37,USR-73956
CHOI-8132,IN_PROGRESS,2025-10-06 10:15:37,USR-73956
CHOI-8132,IN_REVIEW,2025-10-06 12:15:37,USR-73956
CHOI-8132,DONE,2025-10-06 22:15:37,USR-73956
ANIM-9733,TO_DO,2026-07-04 18:58:01,USR-31417
ANIM-9733,IN_PROGRESS,2026-07-06 14:58:01,USR-31417
ANIM-9733,IN_REVIEW,2026-07-08 14:58:01,USR-31417
ANIM-9733,DONE,2026-07-10 14:58:01,USR-31417
DEVE-9934,TO_DO,2026-06-24 07:28:21,USR-18993
DEVE-9934,IN_PROGRESS,2026-06-24 20:28:21,USR-18993
DEVE-9934,IN_REVIEW,2026-06-25 11:28:21,USR-18993
DEVE-9934,DONE,2026-06-25 23:28:21,USR-18993
ORGA-1206,TO_DO,2026-03-27 02:26:02,USR-22463
ORGA-1206,IN_PROGRESS,2026-03-28 14:26:02,USR-22463
ORGA-1206,IN_REVIEW,2026-03-29 06:26:02,USR-22463
ORGA-1206,DONE,2026-03-29 16:26:02,USR-22463
ORGA-1206,REOPENED,2026-03-31 13:26:02,USR-25907
ORGA-1206,IN_PROGRESS,2026-04-01 13:26:02,USR-22463
ORGA-1206,DONE,2026-04-02 15:26:02,USR-22463
ANIM-8387,TO_DO,2026-01-03 03:29:21,USR-95717
ANIM-8387,IN_PROGRESS,2026-01-03 12:29:21,USR-95717
ANIM-8387,IN_REVIEW,2026-01-03 20:29:21,USR-95717
ANIM-8387,DONE,2026-01-05 01:29:21,USR-95717
CONF-6674,TO_DO,2026-09-14 18:55:09,USR-59941
CONF-6674,IN_PROGRESS,2026-09-16 03:55:09,USR-59941
CONF-6674,IN_REVIEW,2026-09-18 00:55:09,USR-59941
CONF-6674,DONE,2026-09-18 03:55:09,USR-59941
THES-7568,TO_DO,2026-04-12 02:38:31,USR-40982
THES-7568,IN_PROGRESS,2026-04-13 06:38:31,USR-40982
THES-7568,IN_REVIEW,2026-04-13 16:38:31,USR-40982
THES-7568,DONE,2026-04-15 08:38:31,USR-40982
ANIM-6240,TO_DO,2025-10-31 02:09:26,USR-27927
ANIM-6240,IN_PROGRESS,2025-11-01 08:09:26,USR-27927
ANIM-6240,IN_REVIEW,2025-11-02 00:09:26,USR-27927
ANIM-6240,DONE,2025-11-02 03:09:26,USR-27927
ANIM-6240,REOPENED,2025-11-02 15:09:26,USR-46585
ANIM-6240,IN_PROGRESS,2025-11-02 21:09:26,USR-27927
ANIM-6240,DONE,2025-11-03 03:09:26,USR-27927
CONF-5896,TO_DO,2026-01-08 23:34:02,USR-81176
CONF-5896,IN_PROGRESS,2026-01-09 19:34:02,USR-81176
CONF-5896,IN_REVIEW,2026-01-11 16:34:02,USR-81176
CONF-5896,DONE,2026-01-11 18:34:02,USR-81176
CONF-5896,REOPENED,2026-01-12 19:34:02,USR-56129
CONF-5896,IN_PROGRESS,2026-01-13 02:34:02,USR-81176
CONF-5896,DONE,2026-01-13 10:34:02,USR-81176
CONF-9550,TO_DO,2026-03-13 19:50:02,USR-48469
CONF-9550,IN_PROGRESS,2026-03-14 17:50:02,USR-48469
CONF-9550,IN_REVIEW,2026-03-14 19:50:02,USR-48469
CONF-9550,DONE,2026-03-16 06:50:02,USR-48469
LIST-6241,TO_DO,2025-10-14 21:26:40,USR-10150
LIST-6241,IN_PROGRESS,2025-10-16 07:26:40,USR-10150
LIST-6241,IN_REVIEW,2025-10-17 01:26:40,USR-10150
LIST-6241,DONE,2025-10-18 06:26:40,USR-10150
CONF-9063,TO_DO,2025-12-28 11:31:29,USR-41925
CONF-9063,IN_PROGRESS,2025-12-29 14:31:29,USR-41925
CONF-9063,IN_REVIEW,2025-12-30 09:31:29,USR-41925
CONF-9063,DONE,2026-01-01 05:31:29,USR-41925
CONF-9063,REOPENED,2026-01-02 01:31:29,USR-95181
CONF-9063,IN_PROGRESS,2026-01-02 03:31:29,USR-41925
CONF-9063,DONE,2026-01-03 04:31:29,USR-41925
LIST-4805,TO_DO,2026-06-05 09:16:05,USR-92203
LIST-4805,IN_PROGRESS,2026-06-06 15:16:05,USR-92203
LIST-4805,IN_REVIEW,2026-06-07 03:16:05,USR-92203
LIST-4805,DONE,2026-06-08 10:16:05,USR-92203
CONF-8253,TO_DO,2026-04-22 22:06:27,USR-94607
CONF-8253,IN_PROGRESS,2026-04-24 20:06:27,USR-94607
CONF-8253,IN_REVIEW,2026-04-26 09:06:27,USR-94607
CONF-8253,DONE,2026-04-27 02:06:27,USR-94607
DEVE-6914,TO_DO,2026-05-18 13:25:08,USR-76244
DEVE-6914,IN_PROGRESS,2026-05-19 03:25:08,USR-76244
DEVE-6914,IN_REVIEW,2026-05-20 05:25:08,USR-76244
DEVE-6914,DONE,2026-05-21 17:25:08,USR-76244
DEVE-6914,REOPENED,2026-05-21 20:25:08,USR-58655
DEVE-6914,IN_PROGRESS,2026-05-21 23:25:08,USR-76244
DEVE-6914,DONE,2026-05-23 18:25:08,USR-76244
CONF-1647,TO_DO,2026-03-24 09:24:09,USR-11658
CONF-1647,IN_PROGRESS,2026-03-26 06:24:09,USR-11658
CONF-1647,IN_REVIEW,2026-03-27 14:24:09,USR-11658
CONF-1647,DONE,2026-03-29 08:24:09,USR-11658
CHOI-8776,TO_DO,2026-05-02 22:13:42,USR-54313
CHOI-8776,IN_PROGRESS,2026-05-04 10:13:42,USR-54313
CHOI-8776,IN_REVIEW,2026-05-05 10:13:42,USR-54313
CHOI-8776,DONE,2026-05-06 16:13:42,USR-54313
ORGA-9359,TO_DO,2026-06-23 02:48:26,USR-55309
ORGA-9359,IN_PROGRESS,2026-06-23 07:48:26,USR-55309
ORGA-9359,IN_REVIEW,2026-06-24 13:48:26,USR-55309
ORGA-9359,DONE,2026-06-26 09:48:26,USR-55309
DEVE-6044,TO_DO,2026-09-17 06:26:30,USR-46002
DEVE-6044,IN_PROGRESS,2026-09-17 15:26:30,USR-46002
DEVE-6044,IN_REVIEW,2026-09-19 05:26:30,USR-46002
DEVE-6044,DONE,2026-09-19 10:26:30,USR-46002
THES-5495,TO_DO,2026-01-05 02:17:05,USR-21053
THES-5495,IN_PROGRESS,2026-01-06 09:17:05,USR-21053
THES-5495,IN_REVIEW,2026-01-07 15:17:05,USR-21053
THES-5495,DONE,2026-01-08 19:17:05,USR-21053
CONF-6543,TO_DO,2026-09-10 04:49:27,USR-71669
CONF-6543,IN_PROGRESS,2026-09-11 18:49:27,USR-71669
CONF-6543,IN_REVIEW,2026-09-12 05:49:27,USR-71669
CONF-6543,DONE,2026-09-12 13:49:27,USR-71669
CONF-6543,REOPENED,2026-09-13 19:49:27,USR-88116
CONF-6543,IN_PROGRESS,2026-09-14 09:49:27,USR-71669
CONF-6543,DONE,2026-09-15 08:49:27,USR-71669
WIN-2230,TO_DO,2026-06-30 01:40:43,USR-19666
WIN-2230,IN_PROGRESS,2026-07-01 21:40:43,USR-19666
WIN-2230,IN_REVIEW,2026-07-02 12:40:43,USR-19666
WIN-2230,DONE,2026-07-04 01:40:43,USR-19666
CHOI-6734,TO_DO,2026-09-17 14:25:05,USR-95461
CHOI-6734,IN_PROGRESS,2026-09-18 12:25:05,USR-95461
CHOI-6734,IN_REVIEW,2026-09-19 02:25:05,USR-95461
CHOI-6734,DONE,2026-09-21 02:25:05,USR-95461
DEVE-6788,TO_DO,2026-05-10 15:39:13,USR-21835
DEVE-6788,IN_PROGRESS,2026-05-12 04:39:13,USR-21835
DEVE-6788,IN_REVIEW,2026-05-13 12:39:13,USR-21835
DEVE-6788,DONE,2026-05-14 05:39:13,USR-21835
LIST-9173,TO_DO,2026-06-25 09:48:34,USR-90805
LIST-9173,IN_PROGRESS,2026-06-26 00:48:34,USR-90805
LIST-9173,IN_REVIEW,2026-06-27 18:48:34,USR-90805
LIST-9173,DONE,2026-06-29 18:48:34,USR-90805
TERM-1260,TO_DO,2026-06-23 09:59:36,USR-53369
TERM-1260,IN_PROGRESS,2026-06-24 12:59:36,USR-53369
TERM-1260,IN_REVIEW,2026-06-26 08:59:36,USR-53369
TERM-1260,DONE,2026-06-27 13:59:36,USR-53369
CONF-9659,TO_DO,2026-03-06 04:16:18,USR-97747
CONF-9659,IN_PROGRESS,2026-03-06 21:16:18,USR-97747
CONF-9659,IN_REVIEW,2026-03-08 12:16:18,USR-97747
CONF-9659,DONE,2026-03-10 01:16:18,USR-97747
WIN-7437,TO_DO,2026-02-02 21:55:24,USR-87924
WIN-7437,IN_PROGRESS,2026-02-04 21:55:24,USR-87924
WIN-7437,IN_REVIEW,2026-02-06 10:55:24,USR-87924
WIN-7437,DONE,2026-02-07 14:55:24,USR-87924
TERM-7639,TO_DO,2025-12-07 12:52:36,USR-54942
TERM-7639,IN_PROGRESS,2025-12-08 05:52:36,USR-54942
TERM-7639,IN_REVIEW,2025-12-09 02:52:36,USR-54942
TERM-7639,DONE,2025-12-09 04:52:36,USR-54942
ANIM-1926,TO_DO,2026-02-01 10:14:07,USR-82384
ANIM-1926,IN_PROGRESS,2026-02-01 19:14:07,USR-82384
ANIM-1926,IN_REVIEW,2026-02-02 13:14:07,USR-82384
ANIM-1926,DONE,2026-02-04 11:14:07,USR-82384
THES-7134,TO_DO,2026-05-21 23:45:43,USR-53369
THES-7134,IN_PROGRESS,2026-05-22 14:45:43,USR-53369
THES-7134,IN_REVIEW,2026-05-23 17:45:43,USR-53369
THES-7134,DONE,2026-05-24 05:45:43,USR-53369
LIST-7874,TO_DO,2026-01-23 20:23:51,USR-55309
LIST-7874,IN_PROGRESS,2026-01-24 15:23:51,USR-55309
LIST-7874,IN_REVIEW,2026-01-25 16:23:51,USR-55309
LIST-7874,DONE,2026-01-26 17:23:51,USR-55309
THES-6021,TO_DO,2026-07-19 17:48:59,USR-25012
THES-6021,IN_PROGRESS,2026-07-20 16:48:59,USR-25012
THES-6021,IN_REVIEW,2026-07-21 10:48:59,USR-25012
THES-6021,DONE,2026-07-23 00:48:59,USR-25012
CHOI-6446,TO_DO,2026-02-11 00:01:00,USR-58393
CHOI-6446,IN_PROGRESS,2026-02-11 13:01:00,USR-58393
CHOI-6446,IN_REVIEW,2026-02-13 07:01:00,USR-58393
CHOI-6446,DONE,2026-02-14 04:01:00,USR-58393
PROF-9284,TO_DO,2026-07-12 00:17:18,USR-41571
PROF-9284,IN_PROGRESS,2026-07-12 19:17:18,USR-41571
PROF-9284,IN_REVIEW,2026-07-14 04:17:18,USR-41571
PROF-9284,DONE,2026-07-15 23:17:18,USR-41571
PROF-9284,REOPENED,2026-07-17 16:17:18,USR-50026
PROF-9284,IN_PROGRESS,2026-07-17 22:17:18,USR-41571
PROF-9284,DONE,2026-07-18 18:17:18,USR-41571
ORGA-5723,TO_DO,2025-11-21 13:49:25,USR-31581
ORGA-5723,IN_PROGRESS,2025-11-23 13:49:25,USR-31581
ORGA-5723,IN_REVIEW,2025-11-24 04:49:25,USR-31581
ORGA-5723,DONE,2025-11-25 02:49:25,USR-31581
CONF-9655,TO_DO,2026-06-04 09:44:33,USR-95191
CONF-9655,IN_PROGRESS,2026-06-05 02:44:33,USR-95191
CONF-9655,IN_REVIEW,2026-06-05 04:44:33,USR-95191
CONF-9655,DONE,2026-06-05 09:44:33,USR-95191
WIN-2953,TO_DO,2026-01-28 11:32:16,USR-27961
WIN-2953,IN_PROGRESS,2026-01-29 06:32:16,USR-27961
WIN-2953,IN_REVIEW,2026-01-30 14:32:16,USR-27961
WIN-2953,DONE,2026-02-01 04:32:16,USR-27961
PROF-1798,TO_DO,2026-03-01 12:03:35,USR-62431
PROF-1798,IN_PROGRESS,2026-03-01 18:03:35,USR-62431
PROF-1798,IN_REVIEW,2026-03-01 21:03:35,USR-62431
PROF-1798,DONE,2026-03-03 21:03:35,USR-62431
THES-3298,TO_DO,2026-05-06 15:51:19,USR-55508
THES-3298,IN_PROGRESS,2026-05-07 03:51:19,USR-55508
THES-3298,IN_REVIEW,2026-05-08 00:51:19,USR-55508
THES-3298,DONE,2026-05-08 15:51:19,USR-55508
THES-5401,TO_DO,2026-01-12 14:06:52,USR-39451
THES-5401,IN_PROGRESS,2026-01-12 23:06:52,USR-39451
THES-5401,IN_REVIEW,2026-01-14 23:06:52,USR-39451
THES-5401,DONE,2026-01-15 02:06:52,USR-39451
CONF-7770,TO_DO,2025-12-03 17:15:43,USR-64805
CONF-7770,IN_PROGRESS,2025-12-03 23:15:43,USR-64805
CONF-7770,IN_REVIEW,2025-12-05 10:15:43,USR-64805
CONF-7770,DONE,2025-12-06 19:15:43,USR-64805
DEVE-7320,TO_DO,2025-12-21 21:26:50,USR-79822
DEVE-7320,IN_PROGRESS,2025-12-21 23:26:50,USR-79822
DEVE-7320,IN_REVIEW,2025-12-22 07:26:50,USR-79822
DEVE-7320,DONE,2025-12-22 15:26:50,USR-79822
WIN-1036,TO_DO,2026-06-17 17:22:34,USR-80282
WIN-1036,IN_PROGRESS,2026-06-17 22:22:34,USR-80282
WIN-1036,IN_REVIEW,2026-06-18 11:22:34,USR-80282
WIN-1036,DONE,2026-06-19 19:22:34,USR-80282
WIN-1036,REOPENED,2026-06-20 07:22:34,USR-91230
WIN-1036,IN_PROGRESS,2026-06-21 01:22:34,USR-80282
WIN-1036,DONE,2026-06-22 20:22:34,USR-80282
LIST-7809,TO_DO,2026-01-18 18:43:12,USR-57381
LIST-7809,IN_PROGRESS,2026-01-19 07:43:12,USR-57381
LIST-7809,IN_REVIEW,2026-01-19 12:43:12,USR-57381
LIST-7809,DONE,2026-01-21 01:43:12,USR-57381
THES-5329,TO_DO,2025-12-25 07:48:31,USR-68115
THES-5329,IN_PROGRESS,2025-12-27 00:48:31,USR-68115
THES-5329,IN_REVIEW,2025-12-28 03:48:31,USR-68115
THES-5329,DONE,2025-12-29 05:48:31,USR-68115
CONF-8416,TO_DO,2026-08-10 22:54:35,USR-82309
CONF-8416,IN_PROGRESS,2026-08-11 05:54:35,USR-82309
CONF-8416,IN_REVIEW,2026-08-12 00:54:35,USR-82309
CONF-8416,DONE,2026-08-12 19:54:35,USR-82309
CHOI-7426,TO_DO,2026-01-30 21:01:16,USR-22240
CHOI-7426,IN_PROGRESS,2026-02-01 02:01:16,USR-22240
CHOI-7426,IN_REVIEW,2026-02-01 08:01:16,USR-22240
CHOI-7426,DONE,2026-02-03 07:01:16,USR-22240
CHOI-7426,REOPENED,2026-02-04 07:01:16,USR-42007
CHOI-7426,IN_PROGRESS,2026-02-05 02:01:16,USR-22240
CHOI-7426,DONE,2026-02-06 05:01:16,USR-22240
ANIM-9500,TO_DO,2025-11-25 02:17:52,USR-88139
ANIM-9500,IN_PROGRESS,2025-11-25 21:17:52,USR-88139
ANIM-9500,IN_REVIEW,2025-11-27 04:17:52,USR-88139
ANIM-9500,DONE,2025-11-28 02:17:52,USR-88139
TERM-8156,TO_DO,2026-08-08 16:27:52,USR-73300
TERM-8156,IN_PROGRESS,2026-08-09 04:27:52,USR-73300
TERM-8156,IN_REVIEW,2026-08-10 19:27:52,USR-73300
TERM-8156,DONE,2026-08-11 11:27:52,USR-73300
WIN-6150,TO_DO,2026-04-15 16:14:32,USR-21846
WIN-6150,IN_PROGRESS,2026-04-16 18:14:32,USR-21846
WIN-6150,IN_REVIEW,2026-04-18 00:14:32,USR-21846
WIN-6150,DONE,2026-04-19 05:14:32,USR-21846
TERM-6109,TO_DO,2026-09-06 00:04:13,USR-84341
TERM-6109,IN_PROGRESS,2026-09-08 00:04:13,USR-84341
TERM-6109,IN_REVIEW,2026-09-09 21:04:13,USR-84341
TERM-6109,DONE,2026-09-11 09:04:13,USR-84341
WIN-1072,TO_DO,2026-07-19 21:51:02,USR-44116
WIN-1072,IN_PROGRESS,2026-07-21 02:51:02,USR-44116
WIN-1072,IN_REVIEW,2026-07-21 05:51:02,USR-44116
WIN-1072,DONE,2026-07-21 15:51:02,USR-44116
WIN-7714,TO_DO,2026-08-26 06:46:39,USR-28643
WIN-7714,IN_PROGRESS,2026-08-27 10:46:39,USR-28643
WIN-7714,IN_REVIEW,2026-08-28 01:46:39,USR-28643
WIN-7714,DONE,2026-08-29 01:46:39,USR-28643
TERM-7435,TO_DO,2026-04-14 22:08:49,USR-41499
TERM-7435,IN_PROGRESS,2026-04-16 08:08:49,USR-41499
TERM-7435,IN_REVIEW,2026-04-17 04:08:49,USR-41499
TERM-7435,DONE,2026-04-17 14:08:49,USR-41499
TERM-7435,REOPENED,2026-04-18 16:08:49,USR-70981
TERM-7435,IN_PROGRESS,2026-04-18 22:08:49,USR-41499
TERM-7435,DONE,2026-04-20 20:08:49,USR-41499
ANIM-7220,TO_DO,2025-10-25 20:24:42,USR-41266
ANIM-7220,IN_PROGRESS,2025-10-26 15:24:42,USR-41266
ANIM-7220,IN_REVIEW,2025-10-27 15:24:42,USR-41266
ANIM-7220,DONE,2025-10-29 06:24:42,USR-41266
DEVE-9220,TO_DO,2026-03-15 04:45:48,USR-82924
DEVE-9220,IN_PROGRESS,2026-03-15 21:45:48,USR-82924
DEVE-9220,IN_REVIEW,2026-03-16 20:45:48,USR-82924
DEVE-9220,DONE,2026-03-17 08:45:48,USR-82924
PROF-8710,TO_DO,2026-06-10 01:54:39,USR-23256
PROF-8710,IN_PROGRESS,2026-06-12 01:54:39,USR-23256
PROF-8710,IN_REVIEW,2026-06-13 05:54:39,USR-23256
PROF-8710,DONE,2026-06-15 02:54:39,USR-23256
WIN-8516,TO_DO,2025-12-09 16:08:52,USR-26912
WIN-8516,IN_PROGRESS,2025-12-11 16:08:52,USR-26912
WIN-8516,IN_REVIEW,2025-12-12 03:08:52,USR-26912
WIN-8516,DONE,2025-12-13 02:08:52,USR-26912
ANIM-3794,TO_DO,2026-05-15 04:30:12,USR-20828
ANIM-3794,IN_PROGRESS,2026-05-16 11:30:12,USR-20828
ANIM-3794,IN_REVIEW,2026-05-18 02:30:12,USR-20828
ANIM-3794,DONE,2026-05-19 20:30:12,USR-20828
THES-9057,TO_DO,2026-07-16 21:19:22,USR-15229
THES-9057,IN_PROGRESS,2026-07-18 14:19:22,USR-15229
THES-9057,IN_REVIEW,2026-07-19 09:19:22,USR-15229
THES-9057,DONE,2026-07-20 23:19:22,USR-15229
ORGA-6369,TO_DO,2026-04-09 10:46:36,USR-21221
ORGA-6369,IN_PROGRESS,2026-04-11 00:46:36,USR-21221
ORGA-6369,IN_REVIEW,2026-04-12 17:46:36,USR-21221
ORGA-6369,DONE,2026-04-12 22:46:36,USR-21221
DEVE-4671,TO_DO,2025-12-30 08:14:45,USR-62994
DEVE-4671,IN_PROGRESS,2025-12-31 02:14:45,USR-62994
DEVE-4671,IN_REVIEW,2025-12-31 09:14:45,USR-62994
DEVE-4671,DONE,2026-01-01 08:14:45,USR-62994
THES-3111,TO_DO,2026-02-11 02:54:03,USR-29340
THES-3111,IN_PROGRESS,2026-02-11 18:54:03,USR-29340
THES-3111,IN_REVIEW,2026-02-13 16:54:03,USR-29340
THES-3111,DONE,2026-02-15 04:54:03,USR-29340
THES-4304,TO_DO,2026-03-01 09:19:57,USR-51553
THES-4304,IN_PROGRESS,2026-03-01 21:19:57,USR-51553
THES-4304,IN_REVIEW,2026-03-03 14:19:57,USR-51553
THES-4304,DONE,2026-03-04 10:19:57,USR-51553
THES-6116,TO_DO,2025-11-26 18:11:37,USR-64874
THES-6116,IN_PROGRESS,2025-11-27 18:11:37,USR-64874
THES-6116,IN_REVIEW,2025-11-28 05:11:37,USR-64874
THES-6116,DONE,2025-11-28 08:11:37,USR-64874
THES-6116,REOPENED,2025-11-29 11:11:37,USR-88561
THES-6116,IN_PROGRESS,2025-11-29 19:11:37,USR-64874
THES-6116,DONE,2025-11-30 12:11:37,USR-64874
CHOI-7678,TO_DO,2026-06-13 15:58:42,USR-69441
CHOI-7678,IN_PROGRESS,2026-06-14 02:58:42,USR-69441
CHOI-7678,IN_REVIEW,2026-06-15 13:58:42,USR-69441
CHOI-7678,DONE,2026-06-16 02:58:42,USR-69441
CHOI-7678,REOPENED,2026-06-17 21:58:42,USR-69609
CHOI-7678,IN_PROGRESS,2026-06-18 10:58:42,USR-69441
CHOI-7678,DONE,2026-06-19 12:58:42,USR-69441
CONF-4089,TO_DO,2026-03-26 23:06:05,USR-27927
CONF-4089,IN_PROGRESS,2026-03-27 05:06:05,USR-27927
CONF-4089,IN_REVIEW,2026-03-28 13:06:05,USR-27927
CONF-4089,DONE,2026-03-28 20:06:05,USR-27927
DEVE-5017,TO_DO,2026-09-05 08:59:19,USR-15726
DEVE-5017,IN_PROGRESS,2026-09-06 04:59:19,USR-15726
DEVE-5017,IN_REVIEW,2026-09-07 00:59:19,USR-15726
DEVE-5017,DONE,2026-09-07 07:59:19,USR-15726
CHOI-5092,TO_DO,2026-04-28 00:11:39,USR-82305
CHOI-5092,IN_PROGRESS,2026-04-29 18:11:39,USR-82305
CHOI-5092,IN_REVIEW,2026-05-01 10:11:39,USR-82305
CHOI-5092,DONE,2026-05-02 00:11:39,USR-82305
PROF-8720,TO_DO,2026-03-14 19:05:55,USR-38746
PROF-8720,IN_PROGRESS,2026-03-14 23:05:55,USR-38746
PROF-8720,IN_REVIEW,2026-03-16 14:05:55,USR-38746
PROF-8720,DONE,2026-03-17 07:05:55,USR-38746
TERM-7769,TO_DO,2026-09-08 20:00:45,USR-28818
TERM-7769,IN_PROGRESS,2026-09-09 19:00:45,USR-28818
TERM-7769,IN_REVIEW,2026-09-11 02:00:45,USR-28818
TERM-7769,DONE,2026-09-12 04:00:45,USR-28818
WIN-6711,TO_DO,2026-05-20 22:04:17,USR-22245
WIN-6711,IN_PROGRESS,2026-05-21 07:04:17,USR-22245
WIN-6711,IN_REVIEW,2026-05-23 00:04:17,USR-22245
WIN-6711,DONE,2026-05-23 23:04:17,USR-22245
CHOI-4310,TO_DO,2026-05-27 23:40:36,USR-22249
CHOI-4310,IN_PROGRESS,2026-05-29 16:40:36,USR-22249
CHOI-4310,IN_REVIEW,2026-05-30 07:40:36,USR-22249
CHOI-4310,DONE,2026-05-31 21:40:36,USR-22249
WIN-4365,TO_DO,2026-02-08 08:32:16,USR-25292
WIN-4365,IN_PROGRESS,2026-02-10 06:32:16,USR-25292
WIN-4365,IN_REVIEW,2026-02-10 23:32:16,USR-25292
WIN-4365,DONE,2026-02-11 13:32:16,USR-25292
THES-4371,TO_DO,2025-10-04 02:24:27,USR-85711
THES-4371,IN_PROGRESS,2025-10-05 01:24:27,USR-85711
THES-4371,IN_REVIEW,2025-10-05 04:24:27,USR-85711
THES-4371,DONE,2025-10-06 11:24:27,USR-85711
ANIM-7168,TO_DO,2026-08-19 00:44:23,USR-51441
ANIM-7168,IN_PROGRESS,2026-08-20 23:44:23,USR-51441
ANIM-7168,IN_REVIEW,2026-08-21 07:44:23,USR-51441
ANIM-7168,DONE,2026-08-22 05:44:23,USR-51441
THES-5865,TO_DO,2026-06-12 02:53:57,USR-84177
THES-5865,IN_PROGRESS,2026-06-12 22:53:57,USR-84177
THES-5865,IN_REVIEW,2026-06-14 11:53:57,USR-84177
THES-5865,DONE,2026-06-15 04:53:57,USR-84177
ANIM-8424,TO_DO,2025-10-06 04:14:28,USR-20646
ANIM-8424,IN_PROGRESS,2025-10-07 19:14:28,USR-20646
ANIM-8424,IN_REVIEW,2025-10-08 15:14:28,USR-20646
ANIM-8424,DONE,2025-10-08 20:14:28,USR-20646
CONF-6360,TO_DO,2026-07-13 00:43:36,USR-15482
CONF-6360,IN_PROGRESS,2026-07-13 16:43:36,USR-15482
CONF-6360,IN_REVIEW,2026-07-14 17:43:36,USR-15482
CONF-6360,DONE,2026-07-16 03:43:36,USR-15482
PROF-8437,TO_DO,2025-12-17 00:37:11,USR-15778
PROF-8437,IN_PROGRESS,2025-12-18 11:37:11,USR-15778
PROF-8437,IN_REVIEW,2025-12-20 00:37:11,USR-15778
PROF-8437,DONE,2025-12-21 16:37:11,USR-15778
CONF-5917,TO_DO,2025-12-19 06:26:24,USR-28321
CONF-5917,IN_PROGRESS,2025-12-20 23:26:24,USR-28321
CONF-5917,IN_REVIEW,2025-12-22 14:26:24,USR-28321
CONF-5917,DONE,2025-12-22 20:26:24,USR-28321
CONF-5526,TO_DO,2026-04-19 06:43:57,USR-98381
CONF-5526,IN_PROGRESS,2026-04-20 04:43:57,USR-98381
CONF-5526,IN_REVIEW,2026-04-20 15:43:57,USR-98381
CONF-5526,DONE,2026-04-21 08:43:57,USR-98381
DEVE-1494,TO_DO,2025-11-27 01:36:30,USR-44687
DEVE-1494,IN_PROGRESS,2025-11-28 03:36:30,USR-44687
DEVE-1494,IN_REVIEW,2025-11-29 12:36:30,USR-44687
DEVE-1494,DONE,2025-12-01 00:36:30,USR-44687
WIN-5188,TO_DO,2026-06-03 23:27:36,USR-57265
WIN-5188,IN_PROGRESS,2026-06-05 15:27:36,USR-57265
WIN-5188,IN_REVIEW,2026-06-07 12:27:36,USR-57265
WIN-5188,DONE,2026-06-08 12:27:36,USR-57265
THES-5935,TO_DO,2026-02-13 10:52:23,USR-94259
THES-5935,IN_PROGRESS,2026-02-14 15:52:23,USR-94259
THES-5935,IN_REVIEW,2026-02-16 00:52:23,USR-94259
THES-5935,DONE,2026-02-16 11:52:23,USR-94259
WIN-1728,TO_DO,2026-03-21 14:46:15,USR-56179
WIN-1728,IN_PROGRESS,2026-03-23 10:46:15,USR-56179
WIN-1728,IN_REVIEW,2026-03-23 16:46:15,USR-56179
WIN-1728,DONE,2026-03-24 23:46:15,USR-56179
DEVE-9114,TO_DO,2026-01-16 09:23:43,USR-27790
DEVE-9114,IN_PROGRESS,2026-01-17 13:23:43,USR-27790
DEVE-9114,IN_REVIEW,2026-01-17 21:23:43,USR-27790
DEVE-9114,DONE,2026-01-18 13:23:43,USR-27790
CHOI-1206,TO_DO,2026-08-22 06:38:18,USR-82910
CHOI-1206,IN_PROGRESS,2026-08-23 01:38:18,USR-82910
CHOI-1206,IN_REVIEW,2026-08-24 01:38:18,USR-82910
CHOI-1206,DONE,2026-08-25 09:38:18,USR-82910
ANIM-8992,TO_DO,2025-10-13 19:54:12,USR-63964
ANIM-8992,IN_PROGRESS,2025-10-14 05:54:12,USR-63964
ANIM-8992,IN_REVIEW,2025-10-15 18:54:12,USR-63964
ANIM-8992,DONE,2025-10-16 21:54:12,USR-63964
LIST-6545,TO_DO,2026-09-14 15:49:34,USR-72616
LIST-6545,IN_PROGRESS,2026-09-16 02:49:34,USR-72616
LIST-6545,IN_REVIEW,2026-09-17 12:49:34,USR-72616
LIST-6545,DONE,2026-09-17 18:49:34,USR-72616
WIN-8669,TO_DO,2026-06-29 12:56:45,USR-68028
WIN-8669,IN_PROGRESS,2026-06-30 16:56:45,USR-68028
WIN-8669,IN_REVIEW,2026-07-02 05:56:45,USR-68028
WIN-8669,DONE,2026-07-03 20:56:45,USR-68028
WIN-8669,REOPENED,2026-07-04 17:56:45,USR-21221
WIN-8669,IN_PROGRESS,2026-07-04 19:56:45,USR-68028
WIN-8669,DONE,2026-07-06 11:56:45,USR-68028
PROF-7890,TO_DO,2026-05-31 12:12:15,USR-49857
PROF-7890,IN_PROGRESS,2026-06-02 02:12:15,USR-49857
PROF-7890,IN_REVIEW,2026-06-03 03:12:15,USR-49857
PROF-7890,DONE,2026-06-04 01:12:15,USR-49857
ORGA-2909,TO_DO,2026-08-07 15:18:40,USR-77000
ORGA-2909,IN_PROGRESS,2026-08-08 04:18:40,USR-77000
ORGA-2909,IN_REVIEW,2026-08-08 14:18:40,USR-77000
ORGA-2909,DONE,2026-08-09 08:18:40,USR-77000
THES-9368,TO_DO,2026-04-30 14:36:43,USR-82924
THES-9368,IN_PROGRESS,2026-05-01 01:36:43,USR-82924
THES-9368,IN_REVIEW,2026-05-02 20:36:43,USR-82924
THES-9368,DONE,2026-05-04 19:36:43,USR-82924
THES-9368,REOPENED,2026-05-06 00:36:43,USR-85392
THES-9368,IN_PROGRESS,2026-05-06 19:36:43,USR-82924
THES-9368,DONE,2026-05-08 03:36:43,USR-82924
CHOI-7354,TO_DO,2025-12-30 19:50:05,USR-74251
CHOI-7354,IN_PROGRESS,2026-01-01 13:50:05,USR-74251
CHOI-7354,IN_REVIEW,2026-01-03 05:50:05,USR-74251
CHOI-7354,DONE,2026-01-04 09:50:05,USR-74251
THES-7960,TO_DO,2026-04-21 22:41:16,USR-15965
THES-7960,IN_PROGRESS,2026-04-23 21:41:16,USR-15965
THES-7960,IN_REVIEW,2026-04-24 12:41:16,USR-15965
THES-7960,DONE,2026-04-25 14:41:16,USR-15965
ANIM-3956,TO_DO,2026-05-12 23:22:23,USR-40539
ANIM-3956,IN_PROGRESS,2026-05-13 16:22:23,USR-40539
ANIM-3956,IN_REVIEW,2026-05-13 18:22:23,USR-40539
ANIM-3956,DONE,2026-05-14 03:22:23,USR-40539
TERM-5613,TO_DO,2026-05-07 18:24:30,USR-59372
TERM-5613,IN_PROGRESS,2026-05-08 02:24:30,USR-59372
TERM-5613,IN_REVIEW,2026-05-09 18:24:30,USR-59372
TERM-5613,DONE,2026-05-10 01:24:30,USR-59372
LIST-7967,TO_DO,2026-05-05 11:29:19,USR-75570
LIST-7967,IN_PROGRESS,2026-05-06 03:29:19,USR-75570
LIST-7967,IN_REVIEW,2026-05-07 05:29:19,USR-75570
LIST-7967,DONE,2026-05-07 07:29:19,USR-75570
ANIM-3847,TO_DO,2026-07-08 20:38:25,USR-46585
ANIM-3847,IN_PROGRESS,2026-07-10 05:38:25,USR-46585
ANIM-3847,IN_REVIEW,2026-07-11 12:38:25,USR-46585
ANIM-3847,DONE,2026-07-12 13:38:25,USR-46585
CONF-5740,TO_DO,2026-03-04 20:43:35,USR-71385
CONF-5740,IN_PROGRESS,2026-03-04 22:43:35,USR-71385
CONF-5740,IN_REVIEW,2026-03-06 21:43:35,USR-71385
CONF-5740,DONE,2026-03-07 01:43:35,USR-71385
ANIM-8680,TO_DO,2026-07-17 09:30:58,USR-23446
ANIM-8680,IN_PROGRESS,2026-07-19 08:30:58,USR-23446
ANIM-8680,IN_REVIEW,2026-07-20 14:30:58,USR-23446
ANIM-8680,DONE,2026-07-21 11:30:58,USR-23446
ORGA-4391,TO_DO,2026-05-30 23:10:42,USR-34356
ORGA-4391,IN_PROGRESS,2026-06-01 03:10:42,USR-34356
ORGA-4391,IN_REVIEW,2026-06-01 10:10:42,USR-34356
ORGA-4391,DONE,2026-06-01 19:10:42,USR-34356
LIST-3478,TO_DO,2026-06-27 07:11:53,USR-67432
LIST-3478,IN_PROGRESS,2026-06-29 04:11:53,USR-67432
LIST-3478,IN_REVIEW,2026-07-01 03:11:53,USR-67432
LIST-3478,DONE,2026-07-03 03:11:53,USR-67432
LIST-3478,REOPENED,2026-07-04 18:11:53,USR-30861
LIST-3478,IN_PROGRESS,2026-07-05 05:11:53,USR-67432
LIST-3478,DONE,2026-07-06 17:11:53,USR-67432
ORGA-3273,TO_DO,2026-01-26 01:00:22,USR-82140
ORGA-3273,IN_PROGRESS,2026-01-28 00:00:22,USR-82140
ORGA-3273,IN_REVIEW,2026-01-28 08:00:22,USR-82140
ORGA-3273,DONE,2026-01-28 16:00:22,USR-82140
ANIM-9233,TO_DO,2026-03-21 23:06:03,USR-11231
ANIM-9233,IN_PROGRESS,2026-03-23 04:06:03,USR-11231
ANIM-9233,IN_REVIEW,2026-03-24 06:06:03,USR-11231
ANIM-9233,DONE,2026-03-25 09:06:03,USR-11231
ORGA-5976,TO_DO,2025-10-05 09:39:16,USR-50306
ORGA-5976,IN_PROGRESS,2025-10-07 00:39:16,USR-50306
ORGA-5976,IN_REVIEW,2025-10-08 10:39:16,USR-50306
ORGA-5976,DONE,2025-10-09 05:39:16,USR-50306
DEVE-4153,TO_DO,2026-03-29 22:47:21,USR-69878
DEVE-4153,IN_PROGRESS,2026-03-30 17:47:21,USR-69878
DEVE-4153,IN_REVIEW,2026-03-30 20:47:21,USR-69878
DEVE-4153,DONE,2026-03-31 12:47:21,USR-69878
WIN-4583,TO_DO,2026-05-17 19:43:26,USR-85574
WIN-4583,IN_PROGRESS,2026-05-18 06:43:26,USR-85574
WIN-4583,IN_REVIEW,2026-05-20 05:43:26,USR-85574
WIN-4583,DONE,2026-05-20 23:43:26,USR-85574
ANIM-8343,TO_DO,2026-03-20 14:27:44,USR-17104
ANIM-8343,IN_PROGRESS,2026-03-20 19:27:44,USR-17104
ANIM-8343,IN_REVIEW,2026-03-22 19:27:44,USR-17104
ANIM-8343,DONE,2026-03-23 12:27:44,USR-17104
WIN-7599,TO_DO,2026-05-19 14:49:58,USR-69470
WIN-7599,IN_PROGRESS,2026-05-20 13:49:58,USR-69470
WIN-7599,IN_REVIEW,2026-05-21 00:49:58,USR-69470
WIN-7599,DONE,2026-05-21 20:49:58,USR-69470
CHOI-9877,TO_DO,2026-01-17 03:40:09,USR-18564
CHOI-9877,IN_PROGRESS,2026-01-18 13:40:09,USR-18564
CHOI-9877,IN_REVIEW,2026-01-19 23:40:09,USR-18564
CHOI-9877,DONE,2026-01-20 11:40:09,USR-18564
THES-6374,TO_DO,2026-08-16 15:00:40,USR-40771
THES-6374,IN_PROGRESS,2026-08-16 22:00:40,USR-40771
THES-6374,IN_REVIEW,2026-08-17 15:00:40,USR-40771
THES-6374,DONE,2026-08-18 18:00:40,USR-40771
THES-6374,REOPENED,2026-08-20 18:00:40,USR-29442
THES-6374,IN_PROGRESS,2026-08-20 21:00:40,USR-40771
THES-6374,DONE,2026-08-22 03:00:40,USR-40771
WIN-8216,TO_DO,2026-06-04 18:54:03,USR-94607
WIN-8216,IN_PROGRESS,2026-06-05 02:54:03,USR-94607
WIN-8216,IN_REVIEW,2026-06-06 16:54:03,USR-94607
WIN-8216,DONE,2026-06-08 11:54:03,USR-94607
CHOI-1388,TO_DO,2026-04-22 06:09:42,USR-87924
CHOI-1388,IN_PROGRESS,2026-04-23 21:09:42,USR-87924
CHOI-1388,IN_REVIEW,2026-04-24 17:09:42,USR-87924
CHOI-1388,DONE,2026-04-25 07:09:42,USR-87924
CHOI-6240,TO_DO,2025-10-20 19:14:13,USR-35048
CHOI-6240,IN_PROGRESS,2025-10-22 07:14:13,USR-35048
CHOI-6240,IN_REVIEW,2025-10-23 19:14:13,USR-35048
CHOI-6240,DONE,2025-10-25 00:14:13,USR-35048
WIN-1269,TO_DO,2026-02-20 23:10:44,USR-20336
WIN-1269,IN_PROGRESS,2026-02-22 21:10:44,USR-20336
WIN-1269,IN_REVIEW,2026-02-23 22:10:44,USR-20336
WIN-1269,DONE,2026-02-25 14:10:44,USR-20336
ORGA-8267,TO_DO,2025-10-06 18:56:59,USR-72094
ORGA-8267,IN_PROGRESS,2025-10-08 09:56:59,USR-72094
ORGA-8267,IN_REVIEW,2025-10-08 23:56:59,USR-72094
ORGA-8267,DONE,2025-10-10 01:56:59,USR-72094
THES-5665,TO_DO,2026-07-16 13:42:37,USR-19807
THES-5665,IN_PROGRESS,2026-07-17 11:42:37,USR-19807
THES-5665,IN_REVIEW,2026-07-19 07:42:37,USR-19807
THES-5665,DONE,2026-07-19 23:42:37,USR-19807
THES-5665,REOPENED,2026-07-21 03:42:37,USR-68079
THES-5665,IN_PROGRESS,2026-07-21 05:42:37,USR-19807
THES-5665,DONE,2026-07-22 18:42:37,USR-19807
TERM-9763,TO_DO,2026-04-01 12:57:37,USR-76550
TERM-9763,IN_PROGRESS,2026-04-02 04:57:37,USR-76550
TERM-9763,IN_REVIEW,2026-04-03 22:57:37,USR-76550
TERM-9763,DONE,2026-04-05 21:57:37,USR-76550
TERM-9763,REOPENED,2026-04-06 12:57:37,USR-25572
TERM-9763,IN_PROGRESS,2026-04-07 06:57:37,USR-76550
TERM-9763,DONE,2026-04-08 21:57:37,USR-76550
THES-2092,TO_DO,2026-04-19 22:08:30,USR-60351
THES-2092,IN_PROGRESS,2026-04-21 03:08:30,USR-60351
THES-2092,IN_REVIEW,2026-04-21 19:08:30,USR-60351
THES-2092,DONE,2026-04-23 01:08:30,USR-60351
DEVE-4266,TO_DO,2026-07-18 16:00:20,USR-35995
DEVE-4266,IN_PROGRESS,2026-07-19 17:00:20,USR-35995
DEVE-4266,IN_REVIEW,2026-07-20 21:00:20,USR-35995
DEVE-4266,DONE,2026-07-22 05:00:20,USR-35995
TERM-2648,TO_DO,2026-01-19 00:21:13,USR-23434
TERM-2648,IN_PROGRESS,2026-01-20 09:21:13,USR-23434
TERM-2648,IN_REVIEW,2026-01-21 05:21:13,USR-23434
TERM-2648,DONE,2026-01-21 19:21:13,USR-23434
ORGA-9013,TO_DO,2026-03-19 19:52:13,USR-85456
ORGA-9013,IN_PROGRESS,2026-03-20 01:52:13,USR-85456
ORGA-9013,IN_REVIEW,2026-03-21 04:52:13,USR-85456
ORGA-9013,DONE,2026-03-21 22:52:13,USR-85456
CONF-1092,TO_DO,2026-03-04 01:37:14,USR-87278
CONF-1092,IN_PROGRESS,2026-03-05 10:37:14,USR-87278
CONF-1092,IN_REVIEW,2026-03-06 03:37:14,USR-87278
CONF-1092,DONE,2026-03-08 02:37:14,USR-87278
DEVE-6796,TO_DO,2025-12-17 22:23:03,USR-48254
DEVE-6796,IN_PROGRESS,2025-12-18 21:23:03,USR-48254
DEVE-6796,IN_REVIEW,2025-12-19 12:23:03,USR-48254
DEVE-6796,DONE,2025-12-19 20:23:03,USR-48254
CONF-3885,TO_DO,2026-06-23 18:00:39,USR-47752
CONF-3885,IN_PROGRESS,2026-06-23 23:00:39,USR-47752
CONF-3885,IN_REVIEW,2026-06-25 20:00:39,USR-47752
CONF-3885,DONE,2026-06-26 00:00:39,USR-47752
WIN-9448,TO_DO,2026-06-05 10:39:33,USR-47431
WIN-9448,IN_PROGRESS,2026-06-07 02:39:33,USR-47431
WIN-9448,IN_REVIEW,2026-06-08 09:39:33,USR-47431
WIN-9448,DONE,2026-06-10 09:39:33,USR-47431
WIN-9448,REOPENED,2026-06-10 11:39:33,USR-54118
WIN-9448,IN_PROGRESS,2026-06-10 13:39:33,USR-47431
WIN-9448,DONE,2026-06-10 18:39:33,USR-47431
THES-1910,TO_DO,2026-01-10 23:37:02,USR-93886
THES-1910,IN_PROGRESS,2026-01-11 17:37:02,USR-93886
THES-1910,IN_REVIEW,2026-01-12 20:37:02,USR-93886
THES-1910,DONE,2026-01-14 02:37:02,USR-93886
PROF-6063,TO_DO,2026-04-19 05:48:09,USR-72216
PROF-6063,IN_PROGRESS,2026-04-20 23:48:09,USR-72216
PROF-6063,IN_REVIEW,2026-04-21 03:48:09,USR-72216
PROF-6063,DONE,2026-04-22 16:48:09,USR-72216
CHOI-2714,TO_DO,2026-02-24 15:15:09,USR-40647
CHOI-2714,IN_PROGRESS,2026-02-26 02:15:09,USR-40647
CHOI-2714,IN_REVIEW,2026-02-26 18:15:09,USR-40647
CHOI-2714,DONE,2026-02-27 05:15:09,USR-40647
PROF-1217,TO_DO,2025-11-14 05:50:05,USR-82512
PROF-1217,IN_PROGRESS,2025-11-15 05:50:05,USR-82512
PROF-1217,IN_REVIEW,2025-11-16 23:50:05,USR-82512
PROF-1217,DONE,2025-11-17 05:50:05,USR-82512
THES-1685,TO_DO,2026-08-31 20:55:18,USR-50963
THES-1685,IN_PROGRESS,2026-09-01 08:55:18,USR-50963
THES-1685,IN_REVIEW,2026-09-03 04:55:18,USR-50963
THES-1685,DONE,2026-09-04 18:55:18,USR-50963
THES-3972,TO_DO,2025-11-18 20:33:36,USR-94239
THES-3972,IN_PROGRESS,2025-11-20 20:33:36,USR-94239
THES-3972,IN_REVIEW,2025-11-22 17:33:36,USR-94239
THES-3972,DONE,2025-11-23 09:33:36,USR-94239
PROF-9884,TO_DO,2026-01-07 01:43:54,USR-81987
PROF-9884,IN_PROGRESS,2026-01-08 19:43:54,USR-81987
PROF-9884,IN_REVIEW,2026-01-09 21:43:54,USR-81987
PROF-9884,DONE,2026-01-10 09:43:54,USR-81987
LIST-6245,TO_DO,2026-01-19 21:17:15,USR-88504
LIST-6245,IN_PROGRESS,2026-01-21 11:17:15,USR-88504
LIST-6245,IN_REVIEW,2026-01-23 04:17:15,USR-88504
LIST-6245,DONE,2026-01-24 12:17:15,USR-88504
PROF-9745,TO_DO,2026-08-19 03:20:15,USR-92998
PROF-9745,IN_PROGRESS,2026-08-19 11:20:15,USR-92998
PROF-9745,IN_REVIEW,2026-08-20 21:20:15,USR-92998
PROF-9745,DONE,2026-08-21 11:20:15,USR-92998
PROF-3639,TO_DO,2025-11-24 13:16:30,USR-87184
PROF-3639,IN_PROGRESS,2025-11-26 12:16:30,USR-87184
PROF-3639,IN_REVIEW,2025-11-26 14:16:30,USR-87184
PROF-3639,DONE,2025-11-27 03:16:30,USR-87184
ORGA-4970,TO_DO,2026-02-25 04:23:36,USR-65302
ORGA-4970,IN_PROGRESS,2026-02-26 17:23:36,USR-65302
ORGA-4970,IN_REVIEW,2026-02-27 00:23:36,USR-65302
ORGA-4970,DONE,2026-02-28 13:23:36,USR-65302
THES-4644,TO_DO,2026-08-02 04:26:14,USR-24322
THES-4644,IN_PROGRESS,2026-08-03 03:26:14,USR-24322
THES-4644,IN_REVIEW,2026-08-04 09:26:14,USR-24322
THES-4644,DONE,2026-08-05 15:26:14,USR-24322
TERM-9082,TO_DO,2025-10-25 14:30:12,USR-32349
TERM-9082,IN_PROGRESS,2025-10-26 00:30:12,USR-32349
TERM-9082,IN_REVIEW,2025-10-26 04:30:12,USR-32349
TERM-9082,DONE,2025-10-26 20:30:12,USR-32349
TERM-9082,REOPENED,2025-10-27 01:30:12,USR-61876
TERM-9082,IN_PROGRESS,2025-10-27 06:30:12,USR-32349
TERM-9082,DONE,2025-10-28 19:30:12,USR-32349
TERM-6236,TO_DO,2026-05-27 01:57:27,USR-45382
TERM-6236,IN_PROGRESS,2026-05-27 18:57:27,USR-45382
TERM-6236,IN_REVIEW,2026-05-29 15:57:27,USR-45382
TERM-6236,DONE,2026-05-29 17:57:27,USR-45382
ORGA-1212,TO_DO,2025-12-10 23:33:26,USR-58689
ORGA-1212,IN_PROGRESS,2025-12-11 18:33:26,USR-58689
ORGA-1212,IN_REVIEW,2025-12-13 10:33:26,USR-58689
ORGA-1212,DONE,2025-12-14 18:33:26,USR-58689
ANIM-7193,TO_DO,2026-09-16 14:20:01,USR-78012
ANIM-7193,IN_PROGRESS,2026-09-17 10:20:01,USR-78012
ANIM-7193,IN_REVIEW,2026-09-19 00:20:01,USR-78012
ANIM-7193,DONE,2026-09-20 04:20:01,USR-78012
CHOI-6955,TO_DO,2025-11-14 10:30:15,USR-45400
CHOI-6955,IN_PROGRESS,2025-11-15 10:30:15,USR-45400
CHOI-6955,IN_REVIEW,2025-11-16 16:30:15,USR-45400
CHOI-6955,DONE,2025-11-18 16:30:15,USR-45400
CHOI-6955,REOPENED,2025-11-19 13:30:15,USR-84766
CHOI-6955,IN_PROGRESS,2025-11-19 23:30:15,USR-45400
CHOI-6955,DONE,2025-11-21 22:30:15,USR-45400
LIST-9713,TO_DO,2026-02-14 20:11:17,USR-46211
LIST-9713,IN_PROGRESS,2026-02-16 10:11:17,USR-46211
LIST-9713,IN_REVIEW,2026-02-16 15:11:17,USR-46211
LIST-9713,DONE,2026-02-18 14:11:17,USR-46211
LIST-9713,REOPENED,2026-02-18 23:11:17,USR-18511
LIST-9713,IN_PROGRESS,2026-02-19 16:11:17,USR-46211
LIST-9713,DONE,2026-02-20 19:11:17,USR-46211
THES-2687,TO_DO,2025-11-18 20:14:08,USR-91885
THES-2687,IN_PROGRESS,2025-11-20 08:14:08,USR-91885
THES-2687,IN_REVIEW,2025-11-21 08:14:08,USR-91885
THES-2687,DONE,2025-11-21 14:14:08,USR-91885
TERM-8009,TO_DO,2026-02-28 08:52:13,USR-59986
TERM-8009,IN_PROGRESS,2026-03-01 20:52:13,USR-59986
TERM-8009,IN_REVIEW,2026-03-01 22:52:13,USR-59986
TERM-8009,DONE,2026-03-03 14:52:13,USR-59986
PROF-9257,TO_DO,2026-08-14 16:32:28,USR-57381
PROF-9257,IN_PROGRESS,2026-08-16 14:32:28,USR-57381
PROF-9257,IN_REVIEW,2026-08-16 19:32:28,USR-57381
PROF-9257,DONE,2026-08-17 08:32:28,USR-57381
WIN-9341,TO_DO,2026-06-22 00:29:52,USR-20155
WIN-9341,IN_PROGRESS,2026-06-23 02:29:52,USR-20155
WIN-9341,IN_REVIEW,2026-06-23 16:29:52,USR-20155
WIN-9341,DONE,2026-06-25 14:29:52,USR-20155
PROF-9855,TO_DO,2026-01-11 07:42:53,USR-55508
PROF-9855,IN_PROGRESS,2026-01-12 13:42:53,USR-55508
PROF-9855,IN_REVIEW,2026-01-12 18:42:53,USR-55508
PROF-9855,DONE,2026-01-13 17:42:53,USR-55508
WIN-6525,TO_DO,2026-06-12 18:10:26,USR-40647
WIN-6525,IN_PROGRESS,2026-06-14 06:10:26,USR-40647
WIN-6525,IN_REVIEW,2026-06-14 08:10:26,USR-40647
WIN-6525,DONE,2026-06-16 02:10:26,USR-40647
ANIM-5412,TO_DO,2025-11-20 06:42:56,USR-82260
ANIM-5412,IN_PROGRESS,2025-11-22 02:42:56,USR-82260
ANIM-5412,IN_REVIEW,2025-11-23 13:42:56,USR-82260
ANIM-5412,DONE,2025-11-25 09:42:56,USR-82260
ANIM-9376,TO_DO,2025-12-29 07:19:45,USR-96363
ANIM-9376,IN_PROGRESS,2025-12-31 07:19:45,USR-96363
ANIM-9376,IN_REVIEW,2025-12-31 20:19:45,USR-96363
ANIM-9376,DONE,2026-01-01 11:19:45,USR-96363
TERM-1402,TO_DO,2026-09-14 04:28:13,USR-48829
TERM-1402,IN_PROGRESS,2026-09-16 02:28:13,USR-48829
TERM-1402,IN_REVIEW,2026-09-16 15:28:13,USR-48829
TERM-1402,DONE,2026-09-17 19:28:13,USR-48829
THES-4100,TO_DO,2026-07-21 17:12:45,USR-65435
THES-4100,IN_PROGRESS,2026-07-22 00:12:45,USR-65435
THES-4100,IN_REVIEW,2026-07-23 23:12:45,USR-65435
THES-4100,DONE,2026-07-24 12:12:45,USR-65435
PROF-3285,TO_DO,2026-03-11 10:02:52,USR-13278
PROF-3285,IN_PROGRESS,2026-03-12 04:02:52,USR-13278
PROF-3285,IN_REVIEW,2026-03-14 04:02:52,USR-13278
PROF-3285,DONE,2026-03-14 12:02:52,USR-13278
WIN-5498,TO_DO,2026-08-19 12:30:04,USR-33416
WIN-5498,IN_PROGRESS,2026-08-20 23:30:04,USR-33416
WIN-5498,IN_REVIEW,2026-08-21 16:30:04,USR-33416
WIN-5498,DONE,2026-08-21 23:30:04,USR-33416
DEVE-1838,TO_DO,2026-02-24 21:10:55,USR-67132
DEVE-1838,IN_PROGRESS,2026-02-26 07:10:55,USR-67132
DEVE-1838,IN_REVIEW,2026-02-26 18:10:55,USR-67132
DEVE-1838,DONE,2026-02-27 23:10:55,USR-67132
PROF-6347,TO_DO,2026-09-20 03:02:51,USR-88696
PROF-6347,IN_PROGRESS,2026-09-21 05:02:51,USR-88696
PROF-6347,IN_REVIEW,2026-09-22 06:02:51,USR-88696
PROF-6347,DONE,2026-09-23 12:02:51,USR-88696
ORGA-9253,TO_DO,2026-03-27 16:21:50,USR-19447
ORGA-9253,IN_PROGRESS,2026-03-27 21:21:50,USR-19447
ORGA-9253,IN_REVIEW,2026-03-29 08:21:50,USR-19447
ORGA-9253,DONE,2026-03-30 12:21:50,USR-19447
LIST-7681,TO_DO,2026-07-05 10:41:41,USR-84607
LIST-7681,IN_PROGRESS,2026-07-06 12:41:41,USR-84607
LIST-7681,IN_REVIEW,2026-07-06 17:41:41,USR-84607
LIST-7681,DONE,2026-07-08 14:41:41,USR-84607
LIST-9818,TO_DO,2025-10-25 02:01:11,USR-24293
LIST-9818,IN_PROGRESS,2025-10-26 13:01:11,USR-24293
LIST-9818,IN_REVIEW,2025-10-28 05:01:11,USR-24293
LIST-9818,DONE,2025-10-30 00:01:11,USR-24293
CHOI-7472,TO_DO,2025-12-24 05:57:45,USR-87184
CHOI-7472,IN_PROGRESS,2025-12-24 19:57:45,USR-87184
CHOI-7472,IN_REVIEW,2025-12-25 12:57:45,USR-87184
CHOI-7472,DONE,2025-12-25 15:57:45,USR-87184
CHOI-7347,TO_DO,2026-02-08 09:59:16,USR-76244
CHOI-7347,IN_PROGRESS,2026-02-09 02:59:16,USR-76244
CHOI-7347,IN_REVIEW,2026-02-09 17:59:16,USR-76244
CHOI-7347,DONE,2026-02-11 15:59:16,USR-76244
CHOI-7347,REOPENED,2026-02-12 18:59:16,USR-21846
CHOI-7347,IN_PROGRESS,2026-02-13 04:59:16,USR-76244
CHOI-7347,DONE,2026-02-14 22:59:16,USR-76244
DEVE-9447,TO_DO,2026-01-09 13:55:58,USR-28818
DEVE-9447,IN_PROGRESS,2026-01-11 07:55:58,USR-28818
DEVE-9447,IN_REVIEW,2026-01-11 14:55:58,USR-28818
DEVE-9447,DONE,2026-01-12 19:55:58,USR-28818
CHOI-4646,TO_DO,2026-09-20 04:11:42,USR-93886
CHOI-4646,IN_PROGRESS,2026-09-21 06:11:42,USR-93886
CHOI-4646,IN_REVIEW,2026-09-22 10:11:42,USR-93886
CHOI-4646,DONE,2026-09-23 03:11:42,USR-93886
ORGA-3931,TO_DO,2025-11-06 08:40:17,USR-42018
ORGA-3931,IN_PROGRESS,2025-11-07 05:40:17,USR-42018
ORGA-3931,IN_REVIEW,2025-11-07 11:40:17,USR-42018
ORGA-3931,DONE,2025-11-08 07:40:17,USR-42018
LIST-6427,TO_DO,2025-12-15 16:02:54,USR-47453
LIST-6427,IN_PROGRESS,2025-12-16 16:02:54,USR-47453
LIST-6427,IN_REVIEW,2025-12-16 22:02:54,USR-47453
LIST-6427,DONE,2025-12-17 06:02:54,USR-47453
DEVE-9379,TO_DO,2026-07-12 12:58:44,USR-82063
DEVE-9379,IN_PROGRESS,2026-07-12 16:58:44,USR-82063
DEVE-9379,IN_REVIEW,2026-07-14 12:58:44,USR-82063
DEVE-9379,DONE,2026-07-14 17:58:44,USR-82063
ORGA-1100,TO_DO,2026-09-15 00:11:13,USR-80284
ORGA-1100,IN_PROGRESS,2026-09-16 20:11:13,USR-80284
ORGA-1100,IN_REVIEW,2026-09-17 19:11:13,USR-80284
ORGA-1100,DONE,2026-09-18 09:11:13,USR-80284
CONF-2735,TO_DO,2026-04-18 17:47:46,USR-91927
CONF-2735,IN_PROGRESS,2026-04-19 21:47:46,USR-91927
CONF-2735,IN_REVIEW,2026-04-20 23:47:46,USR-91927
CONF-2735,DONE,2026-04-22 17:47:46,USR-91927
LIST-9918,TO_DO,2026-09-19 02:26:45,USR-22903
LIST-9918,IN_PROGRESS,2026-09-19 07:26:45,USR-22903
LIST-9918,IN_REVIEW,2026-09-19 20:26:45,USR-22903
LIST-9918,DONE,2026-09-21 17:26:45,USR-22903
ANIM-4464,TO_DO,2026-03-20 09:23:14,USR-55309
ANIM-4464,IN_PROGRESS,2026-03-21 16:23:14,USR-55309
ANIM-4464,IN_REVIEW,2026-03-21 22:23:14,USR-55309
ANIM-4464,DONE,2026-03-22 04:23:14,USR-55309
DEVE-8603,TO_DO,2026-08-15 03:06:54,USR-45720
DEVE-8603,IN_PROGRESS,2026-08-16 03:06:54,USR-45720
DEVE-8603,IN_REVIEW,2026-08-17 21:06:54,USR-45720
DEVE-8603,DONE,2026-08-18 00:06:54,USR-45720
ORGA-8282,TO_DO,2026-07-19 21:17:54,USR-34267
ORGA-8282,IN_PROGRESS,2026-07-21 06:17:54,USR-34267
ORGA-8282,IN_REVIEW,2026-07-21 13:17:54,USR-34267
ORGA-8282,DONE,2026-07-22 07:17:54,USR-34267
ORGA-8282,REOPENED,2026-07-23 14:17:54,USR-40775
ORGA-8282,IN_PROGRESS,2026-07-24 09:17:54,USR-34267
ORGA-8282,DONE,2026-07-25 09:17:54,USR-34267
WIN-5185,TO_DO,2026-02-02 21:15:48,USR-37535
WIN-5185,IN_PROGRESS,2026-02-04 12:15:48,USR-37535
WIN-5185,IN_REVIEW,2026-02-05 01:15:48,USR-37535
WIN-5185,DONE,2026-02-05 13:15:48,USR-37535
ANIM-9317,TO_DO,2025-10-09 12:16:06,USR-40947
ANIM-9317,IN_PROGRESS,2025-10-09 17:16:06,USR-40947
ANIM-9317,IN_REVIEW,2025-10-11 03:16:06,USR-40947
ANIM-9317,DONE,2025-10-12 18:16:06,USR-40947
WIN-3272,TO_DO,2026-06-21 22:40:08,USR-77811
WIN-3272,IN_PROGRESS,2026-06-23 02:40:08,USR-77811
WIN-3272,IN_REVIEW,2026-06-24 18:40:08,USR-77811
WIN-3272,DONE,2026-06-25 23:40:08,USR-77811
WIN-3272,REOPENED,2026-06-26 11:40:08,USR-86011
WIN-3272,IN_PROGRESS,2026-06-26 22:40:08,USR-77811
WIN-3272,DONE,2026-06-27 04:40:08,USR-77811
WIN-1934,TO_DO,2025-11-18 05:34:50,USR-72973
WIN-1934,IN_PROGRESS,2025-11-18 11:34:50,USR-72973
WIN-1934,IN_REVIEW,2025-11-19 03:34:50,USR-72973
WIN-1934,DONE,2025-11-20 19:34:50,USR-72973
PROF-1887,TO_DO,2025-09-28 00:55:51,USR-14929
PROF-1887,IN_PROGRESS,2025-09-29 09:55:51,USR-14929
PROF-1887,IN_REVIEW,2025-09-30 03:55:51,USR-14929
PROF-1887,DONE,2025-10-01 19:55:51,USR-14929
ANIM-4927,TO_DO,2026-03-23 09:13:36,USR-54089
ANIM-4927,IN_PROGRESS,2026-03-24 17:13:36,USR-54089
ANIM-4927,IN_REVIEW,2026-03-26 12:13:36,USR-54089
ANIM-4927,DONE,2026-03-27 15:13:36,USR-54089
CHOI-4448,TO_DO,2025-10-08 15:31:40,USR-45774
CHOI-4448,IN_PROGRESS,2025-10-10 02:31:40,USR-45774
CHOI-4448,IN_REVIEW,2025-10-10 05:31:40,USR-45774
CHOI-4448,DONE,2025-10-10 19:31:40,USR-45774
DEVE-9564,TO_DO,2026-03-28 22:58:02,USR-52101
DEVE-9564,IN_PROGRESS,2026-03-29 08:58:02,USR-52101
DEVE-9564,IN_REVIEW,2026-03-30 23:58:02,USR-52101
DEVE-9564,DONE,2026-04-01 18:58:02,USR-52101
LIST-6231,TO_DO,2025-10-21 21:45:07,USR-86507
LIST-6231,IN_PROGRESS,2025-10-23 17:45:07,USR-86507
LIST-6231,IN_REVIEW,2025-10-24 01:45:07,USR-86507
LIST-6231,DONE,2025-10-25 00:45:07,USR-86507
DEVE-6160,TO_DO,2026-03-26 06:18:12,USR-16632
DEVE-6160,IN_PROGRESS,2026-03-26 11:18:12,USR-16632
DEVE-6160,IN_REVIEW,2026-03-28 04:18:12,USR-16632
DEVE-6160,DONE,2026-03-28 09:18:12,USR-16632
DEVE-6160,REOPENED,2026-03-29 17:18:12,USR-79615
DEVE-6160,IN_PROGRESS,2026-03-30 02:18:12,USR-16632
DEVE-6160,DONE,2026-03-31 00:18:12,USR-16632
CHOI-8709,TO_DO,2026-07-09 03:33:59,USR-32871
CHOI-8709,IN_PROGRESS,2026-07-10 12:33:59,USR-32871
CHOI-8709,IN_REVIEW,2026-07-11 06:33:59,USR-32871
CHOI-8709,DONE,2026-07-13 05:33:59,USR-32871
DEVE-4283,TO_DO,2026-03-06 06:54:26,USR-98381
DEVE-4283,IN_PROGRESS,2026-03-07 17:54:26,USR-98381
DEVE-4283,IN_REVIEW,2026-03-08 20:54:26,USR-98381
DEVE-4283,DONE,2026-03-09 19:54:26,USR-98381
TERM-4409,TO_DO,2025-09-29 07:13:44,USR-59692
TERM-4409,IN_PROGRESS,2025-09-30 13:13:44,USR-59692
TERM-4409,IN_REVIEW,2025-09-30 23:13:44,USR-59692
TERM-4409,DONE,2025-10-01 15:13:44,USR-59692
ORGA-1951,TO_DO,2025-11-04 06:44:11,USR-20336
ORGA-1951,IN_PROGRESS,2025-11-05 19:44:11,USR-20336
ORGA-1951,IN_REVIEW,2025-11-06 03:44:11,USR-20336
ORGA-1951,DONE,2025-11-07 15:44:11,USR-20336
PROF-8149,TO_DO,2026-06-24 08:45:34,USR-47512
PROF-8149,IN_PROGRESS,2026-06-25 20:45:34,USR-47512
PROF-8149,IN_REVIEW,2026-06-27 17:45:34,USR-47512
PROF-8149,DONE,2026-06-29 08:45:34,USR-47512
CHOI-1077,TO_DO,2026-04-10 08:56:20,USR-78327
CHOI-1077,IN_PROGRESS,2026-04-11 11:56:20,USR-78327
CHOI-1077,IN_REVIEW,2026-04-13 03:56:20,USR-78327
CHOI-1077,DONE,2026-04-15 02:56:20,USR-78327
TERM-8227,TO_DO,2026-06-25 13:51:49,USR-71186
TERM-8227,IN_PROGRESS,2026-06-25 18:51:49,USR-71186
TERM-8227,IN_REVIEW,2026-06-26 09:51:49,USR-71186
TERM-8227,DONE,2026-06-28 05:51:49,USR-71186
ORGA-4216,TO_DO,2026-05-16 08:02:02,USR-79514
ORGA-4216,IN_PROGRESS,2026-05-16 14:02:02,USR-79514
ORGA-4216,IN_REVIEW,2026-05-17 07:02:02,USR-79514
ORGA-4216,DONE,2026-05-18 06:02:02,USR-79514
TERM-7315,TO_DO,2026-04-11 15:57:30,USR-56346
TERM-7315,IN_PROGRESS,2026-04-11 17:57:30,USR-56346
TERM-7315,IN_REVIEW,2026-04-12 08:57:30,USR-56346
TERM-7315,DONE,2026-04-14 01:57:30,USR-56346
PROF-7007,TO_DO,2025-10-28 23:11:14,USR-93238
PROF-7007,IN_PROGRESS,2025-10-29 23:11:14,USR-93238
PROF-7007,IN_REVIEW,2025-10-30 13:11:14,USR-93238
PROF-7007,DONE,2025-10-31 02:11:14,USR-93238
PROF-7007,REOPENED,2025-11-01 18:11:14,USR-55015
PROF-7007,IN_PROGRESS,2025-11-02 12:11:14,USR-93238
PROF-7007,DONE,2025-11-03 21:11:14,USR-93238
PROF-5755,TO_DO,2026-09-12 09:42:28,USR-19287
PROF-5755,IN_PROGRESS,2026-09-13 18:42:28,USR-19287
PROF-5755,IN_REVIEW,2026-09-15 18:42:28,USR-19287
PROF-5755,DONE,2026-09-16 15:42:28,USR-19287
WIN-5461,TO_DO,2026-09-07 03:17:41,USR-94599
WIN-5461,IN_PROGRESS,2026-09-07 22:17:41,USR-94599
WIN-5461,IN_REVIEW,2026-09-09 13:17:41,USR-94599
WIN-5461,DONE,2026-09-11 06:17:41,USR-94599
CONF-7832,TO_DO,2026-06-26 18:35:07,USR-72163
CONF-7832,IN_PROGRESS,2026-06-27 17:35:07,USR-72163
CONF-7832,IN_REVIEW,2026-06-29 07:35:07,USR-72163
CONF-7832,DONE,2026-06-30 15:35:07,USR-72163
PROF-7306,TO_DO,2026-07-09 22:52:25,USR-80010
PROF-7306,IN_PROGRESS,2026-07-10 01:52:25,USR-80010
PROF-7306,IN_REVIEW,2026-07-11 00:52:25,USR-80010
PROF-7306,DONE,2026-07-12 08:52:25,USR-80010
PROF-7306,REOPENED,2026-07-12 23:52:25,USR-62855
PROF-7306,IN_PROGRESS,2026-07-13 12:52:25,USR-80010
PROF-7306,DONE,2026-07-15 02:52:25,USR-80010
CONF-2582,TO_DO,2026-06-18 06:28:27,USR-21300
CONF-2582,IN_PROGRESS,2026-06-20 05:28:27,USR-21300
CONF-2582,IN_REVIEW,2026-06-22 02:28:27,USR-21300
CONF-2582,DONE,2026-06-23 11:28:27,USR-21300
ORGA-5553,TO_DO,2026-07-18 13:16:11,USR-17355
ORGA-5553,IN_PROGRESS,2026-07-20 09:16:11,USR-17355
ORGA-5553,IN_REVIEW,2026-07-21 19:16:11,USR-17355
ORGA-5553,DONE,2026-07-23 02:16:11,USR-17355
TERM-2119,TO_DO,2025-10-31 00:39:11,USR-52987
TERM-2119,IN_PROGRESS,2025-11-01 10:39:11,USR-52987
TERM-2119,IN_REVIEW,2025-11-02 17:39:11,USR-52987
TERM-2119,DONE,2025-11-03 06:39:11,USR-52987
ORGA-5050,TO_DO,2025-10-12 01:55:22,USR-82845
ORGA-5050,IN_PROGRESS,2025-10-13 07:55:22,USR-82845
ORGA-5050,IN_REVIEW,2025-10-14 20:55:22,USR-82845
ORGA-5050,DONE,2025-10-16 19:55:22,USR-82845
TERM-2808,TO_DO,2026-07-25 12:57:46,USR-94659
TERM-2808,IN_PROGRESS,2026-07-27 01:57:46,USR-94659
TERM-2808,IN_REVIEW,2026-07-27 12:57:46,USR-94659
TERM-2808,DONE,2026-07-29 03:57:46,USR-94659
ANIM-9037,TO_DO,2026-04-14 13:38:07,USR-66349
ANIM-9037,IN_PROGRESS,2026-04-15 07:38:07,USR-66349
ANIM-9037,IN_REVIEW,2026-04-16 21:38:07,USR-66349
ANIM-9037,DONE,2026-04-18 18:38:07,USR-66349
THES-7624,TO_DO,2026-05-09 07:49:15,USR-24168
THES-7624,IN_PROGRESS,2026-05-10 06:49:15,USR-24168
THES-7624,IN_REVIEW,2026-05-11 07:49:15,USR-24168
THES-7624,DONE,2026-05-11 21:49:15,USR-24168
THES-7624,REOPENED,2026-05-13 04:49:15,USR-58689
THES-7624,IN_PROGRESS,2026-05-14 03:49:15,USR-24168
THES-7624,DONE,2026-05-14 21:49:15,USR-24168
DEVE-5556,TO_DO,2025-11-11 07:35:39,USR-75338
DEVE-5556,IN_PROGRESS,2025-11-12 21:35:39,USR-75338
DEVE-5556,IN_REVIEW,2025-11-14 00:35:39,USR-75338
DEVE-5556,DONE,2025-11-15 09:35:39,USR-75338
TERM-3019,TO_DO,2026-08-21 08:35:05,USR-67432
TERM-3019,IN_PROGRESS,2026-08-22 03:35:05,USR-67432
TERM-3019,IN_REVIEW,2026-08-23 00:35:05,USR-67432
TERM-3019,DONE,2026-08-23 02:35:05,USR-67432
DEVE-5452,TO_DO,2025-12-17 23:34:30,USR-37235
DEVE-5452,IN_PROGRESS,2025-12-18 04:34:30,USR-37235
DEVE-5452,IN_REVIEW,2025-12-20 04:34:30,USR-37235
DEVE-5452,DONE,2025-12-21 09:34:30,USR-37235
DEVE-5452,REOPENED,2025-12-22 06:34:30,USR-81228
DEVE-5452,IN_PROGRESS,2025-12-22 08:34:30,USR-37235
DEVE-5452,DONE,2025-12-23 16:34:30,USR-37235
CONF-8967,TO_DO,2026-06-03 13:07:05,USR-98395
CONF-8967,IN_PROGRESS,2026-06-04 23:07:05,USR-98395
CONF-8967,IN_REVIEW,2026-06-06 19:07:05,USR-98395
CONF-8967,DONE,2026-06-07 18:07:05,USR-98395
ANIM-8429,TO_DO,2026-05-08 09:34:31,USR-13804
ANIM-8429,IN_PROGRESS,2026-05-10 01:34:31,USR-13804
ANIM-8429,IN_REVIEW,2026-05-10 12:34:31,USR-13804
ANIM-8429,DONE,2026-05-11 13:34:31,USR-13804
CONF-8871,TO_DO,2026-05-13 01:28:16,USR-43082
CONF-8871,IN_PROGRESS,2026-05-13 20:28:16,USR-43082
CONF-8871,IN_REVIEW,2026-05-15 02:28:16,USR-43082
CONF-8871,DONE,2026-05-17 02:28:16,USR-43082
LIST-8560,TO_DO,2026-01-20 08:38:33,USR-88238
LIST-8560,IN_PROGRESS,2026-01-20 14:38:33,USR-88238
LIST-8560,IN_REVIEW,2026-01-20 19:38:33,USR-88238
LIST-8560,DONE,2026-01-22 17:38:33,USR-88238
PROF-3340,TO_DO,2026-01-12 13:26:09,USR-52622
PROF-3340,IN_PROGRESS,2026-01-13 20:26:09,USR-52622
PROF-3340,IN_REVIEW,2026-01-14 05:26:09,USR-52622
PROF-3340,DONE,2026-01-15 18:26:09,USR-52622
PROF-7574,TO_DO,2025-12-02 02:28:40,USR-28373
PROF-7574,IN_PROGRESS,2025-12-02 20:28:40,USR-28373
PROF-7574,IN_REVIEW,2025-12-03 01:28:40,USR-28373
PROF-7574,DONE,2025-12-03 13:28:40,USR-28373
PROF-7574,REOPENED,2025-12-04 13:28:40,USR-16895
PROF-7574,IN_PROGRESS,2025-12-05 02:28:40,USR-28373
PROF-7574,DONE,2025-12-05 09:28:40,USR-28373
DEVE-5808,TO_DO,2026-08-15 10:00:50,USR-22704
DEVE-5808,IN_PROGRESS,2026-08-16 17:00:50,USR-22704
DEVE-5808,IN_REVIEW,2026-08-17 17:00:50,USR-22704
DEVE-5808,DONE,2026-08-18 04:00:50,USR-22704
DEVE-5808,REOPENED,2026-08-19 12:00:50,USR-69446
DEVE-5808,IN_PROGRESS,2026-08-19 13:00:50,USR-22704
DEVE-5808,DONE,2026-08-20 21:00:50,USR-22704
THES-3551,TO_DO,2026-05-10 02:12:04,USR-94843
THES-3551,IN_PROGRESS,2026-05-11 07:12:04,USR-94843
THES-3551,IN_REVIEW,2026-05-11 22:12:04,USR-94843
THES-3551,DONE,2026-05-12 20:12:04,USR-94843
ORGA-5843,TO_DO,2026-08-08 10:31:29,USR-95823
ORGA-5843,IN_PROGRESS,2026-08-10 08:31:29,USR-95823
ORGA-5843,IN_REVIEW,2026-08-11 04:31:29,USR-95823
ORGA-5843,DONE,2026-08-11 19:31:29,USR-95823
LIST-2649,TO_DO,2026-02-02 01:12:44,USR-53228
LIST-2649,IN_PROGRESS,2026-02-03 07:12:44,USR-53228
LIST-2649,IN_REVIEW,2026-02-03 11:12:44,USR-53228
LIST-2649,DONE,2026-02-03 22:12:44,USR-53228
CHOI-5039,TO_DO,2026-01-24 00:12:08,USR-77154
CHOI-5039,IN_PROGRESS,2026-01-24 21:12:08,USR-77154
CHOI-5039,IN_REVIEW,2026-01-26 01:12:08,USR-77154
CHOI-5039,DONE,2026-01-26 20:12:08,USR-77154
ANIM-6496,TO_DO,2026-03-17 22:21:56,USR-18993
ANIM-6496,IN_PROGRESS,2026-03-19 19:21:56,USR-18993
ANIM-6496,IN_REVIEW,2026-03-20 10:21:56,USR-18993
ANIM-6496,DONE,2026-03-21 15:21:56,USR-18993
DEVE-7402,TO_DO,2026-09-03 18:20:25,USR-37802
DEVE-7402,IN_PROGRESS,2026-09-04 21:20:25,USR-37802
DEVE-7402,IN_REVIEW,2026-09-05 03:20:25,USR-37802
DEVE-7402,DONE,2026-09-05 20:20:25,USR-37802
DEVE-8721,TO_DO,2026-02-24 14:10:14,USR-51180
DEVE-8721,IN_PROGRESS,2026-02-25 16:10:14,USR-51180
DEVE-8721,IN_REVIEW,2026-02-26 22:10:14,USR-51180
DEVE-8721,DONE,2026-02-28 03:10:14,USR-51180
WIN-5693,TO_DO,2026-05-19 12:28:01,USR-38683
WIN-5693,IN_PROGRESS,2026-05-21 06:28:01,USR-38683
WIN-5693,IN_REVIEW,2026-05-23 01:28:01,USR-38683
WIN-5693,DONE,2026-05-23 10:28:01,USR-38683
ORGA-5547,TO_DO,2025-11-19 15:10:28,USR-89928
ORGA-5547,IN_PROGRESS,2025-11-20 22:10:28,USR-89928
ORGA-5547,IN_REVIEW,2025-11-22 11:10:28,USR-89928
ORGA-5547,DONE,2025-11-24 07:10:28,USR-89928
WIN-2110,TO_DO,2026-01-15 12:38:34,USR-48684
WIN-2110,IN_PROGRESS,2026-01-15 21:38:34,USR-48684
WIN-2110,IN_REVIEW,2026-01-16 13:38:34,USR-48684
WIN-2110,DONE,2026-01-17 15:38:34,USR-48684
LIST-7305,TO_DO,2026-03-10 13:29:52,USR-14081
LIST-7305,IN_PROGRESS,2026-03-10 22:29:52,USR-14081
LIST-7305,IN_REVIEW,2026-03-11 01:29:52,USR-14081
LIST-7305,DONE,2026-03-12 07:29:52,USR-14081
WIN-6986,TO_DO,2025-11-23 17:31:31,USR-78494
WIN-6986,IN_PROGRESS,2025-11-24 20:31:31,USR-78494
WIN-6986,IN_REVIEW,2025-11-26 08:31:31,USR-78494
WIN-6986,DONE,2025-11-27 17:31:31,USR-78494
CHOI-2517,TO_DO,2025-12-11 12:05:12,USR-23176
CHOI-2517,IN_PROGRESS,2025-12-13 03:05:12,USR-23176
CHOI-2517,IN_REVIEW,2025-12-14 08:05:12,USR-23176
CHOI-2517,DONE,2025-12-16 03:05:12,USR-23176
CHOI-2517,REOPENED,2025-12-16 16:05:12,USR-80282
CHOI-2517,IN_PROGRESS,2025-12-17 03:05:12,USR-23176
CHOI-2517,DONE,2025-12-18 18:05:12,USR-23176
ORGA-3465,TO_DO,2026-02-26 00:52:42,USR-21359
ORGA-3465,IN_PROGRESS,2026-02-26 23:52:42,USR-21359
ORGA-3465,IN_REVIEW,2026-02-28 19:52:42,USR-21359
ORGA-3465,DONE,2026-03-01 19:52:42,USR-21359
WIN-2431,TO_DO,2026-05-16 19:41:40,USR-28321
WIN-2431,IN_PROGRESS,2026-05-18 10:41:40,USR-28321
WIN-2431,IN_REVIEW,2026-05-19 00:41:40,USR-28321
WIN-2431,DONE,2026-05-20 08:41:40,USR-28321
CHOI-6481,TO_DO,2025-10-02 11:38:21,USR-72205
CHOI-6481,IN_PROGRESS,2025-10-03 05:38:21,USR-72205
CHOI-6481,IN_REVIEW,2025-10-04 04:38:21,USR-72205
CHOI-6481,DONE,2025-10-05 15:38:21,USR-72205
DEVE-2083,TO_DO,2026-04-25 01:19:00,USR-50730
DEVE-2083,IN_PROGRESS,2026-04-26 05:19:00,USR-50730
DEVE-2083,IN_REVIEW,2026-04-26 12:19:00,USR-50730
DEVE-2083,DONE,2026-04-27 15:19:00,USR-50730
ORGA-2260,TO_DO,2026-06-23 20:16:29,USR-32617
ORGA-2260,IN_PROGRESS,2026-06-24 06:16:29,USR-32617
ORGA-2260,IN_REVIEW,2026-06-26 03:16:29,USR-32617
ORGA-2260,DONE,2026-06-26 21:16:29,USR-32617
DEVE-9356,TO_DO,2026-02-03 06:07:10,USR-23434
DEVE-9356,IN_PROGRESS,2026-02-03 18:07:10,USR-23434
DEVE-9356,IN_REVIEW,2026-02-05 09:07:10,USR-23434
DEVE-9356,DONE,2026-02-07 09:07:10,USR-23434
DEVE-9356,REOPENED,2026-02-08 15:07:10,USR-92447
DEVE-9356,IN_PROGRESS,2026-02-08 18:07:10,USR-23434
DEVE-9356,DONE,2026-02-10 13:07:10,USR-23434
LIST-9769,TO_DO,2026-03-12 10:27:05,USR-20077
LIST-9769,IN_PROGRESS,2026-03-13 16:27:05,USR-20077
LIST-9769,IN_REVIEW,2026-03-14 13:27:05,USR-20077
LIST-9769,DONE,2026-03-16 02:27:05,USR-20077
THES-3224,TO_DO,2026-08-04 09:55:01,USR-82132
THES-3224,IN_PROGRESS,2026-08-05 20:55:01,USR-82132
THES-3224,IN_REVIEW,2026-08-05 23:55:01,USR-82132
THES-3224,DONE,2026-08-06 21:55:01,USR-82132
LIST-1195,TO_DO,2025-12-10 09:17:09,USR-51827
LIST-1195,IN_PROGRESS,2025-12-10 12:17:09,USR-51827
LIST-1195,IN_REVIEW,2025-12-11 02:17:09,USR-51827
LIST-1195,DONE,2025-12-11 17:17:09,USR-51827
DEVE-6569,TO_DO,2025-12-30 18:43:02,USR-99006
DEVE-6569,IN_PROGRESS,2025-12-31 17:43:02,USR-99006
DEVE-6569,IN_REVIEW,2026-01-01 19:43:02,USR-99006
DEVE-6569,DONE,2026-01-03 18:43:02,USR-99006
WIN-9490,TO_DO,2026-05-03 12:22:19,USR-41946
WIN-9490,IN_PROGRESS,2026-05-03 20:22:19,USR-41946
WIN-9490,IN_REVIEW,2026-05-04 13:22:19,USR-41946
WIN-9490,DONE,2026-05-04 19:22:19,USR-41946
ORGA-7796,TO_DO,2026-05-04 01:40:52,USR-57400
ORGA-7796,IN_PROGRESS,2026-05-05 06:40:52,USR-57400
ORGA-7796,IN_REVIEW,2026-05-06 12:40:52,USR-57400
ORGA-7796,DONE,2026-05-07 17:40:52,USR-57400
ANIM-9285,TO_DO,2026-06-03 18:46:17,USR-46002
ANIM-9285,IN_PROGRESS,2026-06-04 08:46:17,USR-46002
ANIM-9285,IN_REVIEW,2026-06-05 11:46:17,USR-46002
ANIM-9285,DONE,2026-06-05 23:46:17,USR-46002
ANIM-9285,REOPENED,2026-06-06 04:46:17,USR-16863
ANIM-9285,IN_PROGRESS,2026-06-06 19:46:17,USR-46002
ANIM-9285,DONE,2026-06-07 16:46:17,USR-46002
CONF-9343,TO_DO,2025-12-17 00:39:34,USR-58623
CONF-9343,IN_PROGRESS,2025-12-18 16:39:34,USR-58623
CONF-9343,IN_REVIEW,2025-12-18 22:39:34,USR-58623
CONF-9343,DONE,2025-12-19 11:39:34,USR-58623
DEVE-3435,TO_DO,2025-11-10 09:54:26,USR-26828
DEVE-3435,IN_PROGRESS,2025-11-11 13:54:26,USR-26828
DEVE-3435,IN_REVIEW,2025-11-13 10:54:26,USR-26828
DEVE-3435,DONE,2025-11-14 10:54:26,USR-26828
DEVE-3435,REOPENED,2025-11-15 19:54:26,USR-40784
DEVE-3435,IN_PROGRESS,2025-11-16 18:54:26,USR-26828
DEVE-3435,DONE,2025-11-17 05:54:26,USR-26828
ORGA-7401,TO_DO,2026-05-13 08:44:51,USR-25907
ORGA-7401,IN_PROGRESS,2026-05-14 04:44:51,USR-25907
ORGA-7401,IN_REVIEW,2026-05-15 18:44:51,USR-25907
ORGA-7401,DONE,2026-05-17 11:44:51,USR-25907
DEVE-5967,TO_DO,2026-05-21 14:39:48,USR-56955
DEVE-5967,IN_PROGRESS,2026-05-22 17:39:48,USR-56955
DEVE-5967,IN_REVIEW,2026-05-23 12:39:48,USR-56955
DEVE-5967,DONE,2026-05-24 12:39:48,USR-56955
LIST-7317,TO_DO,2025-11-27 22:21:53,USR-94843
LIST-7317,IN_PROGRESS,2025-11-28 08:21:53,USR-94843
LIST-7317,IN_REVIEW,2025-11-29 00:21:53,USR-94843
LIST-7317,DONE,2025-11-29 03:21:53,USR-94843
LIST-7317,REOPENED,2025-11-30 11:21:53,USR-12389
LIST-7317,IN_PROGRESS,2025-11-30 16:21:53,USR-94843
LIST-7317,DONE,2025-12-01 13:21:53,USR-94843
LIST-9015,TO_DO,2026-09-05 10:24:40,USR-34881
LIST-9015,IN_PROGRESS,2026-09-07 06:24:40,USR-34881
LIST-9015,IN_REVIEW,2026-09-08 20:24:40,USR-34881
LIST-9015,DONE,2026-09-09 21:24:40,USR-34881
TERM-5117,TO_DO,2026-03-22 06:30:27,USR-82845
TERM-5117,IN_PROGRESS,2026-03-23 16:30:27,USR-82845
TERM-5117,IN_REVIEW,2026-03-24 06:30:27,USR-82845
TERM-5117,DONE,2026-03-25 20:30:27,USR-82845
CHOI-1592,TO_DO,2026-07-09 12:29:22,USR-91560
CHOI-1592,IN_PROGRESS,2026-07-10 22:29:22,USR-91560
CHOI-1592,IN_REVIEW,2026-07-12 09:29:22,USR-91560
CHOI-1592,DONE,2026-07-13 09:29:22,USR-91560
LIST-9354,TO_DO,2026-06-23 01:35:08,USR-59797
LIST-9354,IN_PROGRESS,2026-06-24 18:35:08,USR-59797
LIST-9354,IN_REVIEW,2026-06-25 08:35:08,USR-59797
LIST-9354,DONE,2026-06-25 21:35:08,USR-59797
LIST-9354,REOPENED,2026-06-26 22:35:08,USR-83385
LIST-9354,IN_PROGRESS,2026-06-27 20:35:08,USR-59797
LIST-9354,DONE,2026-06-29 14:35:08,USR-59797
ORGA-3327,TO_DO,2025-10-17 12:47:07,USR-14929
ORGA-3327,IN_PROGRESS,2025-10-18 05:47:07,USR-14929
ORGA-3327,IN_REVIEW,2025-10-18 12:47:07,USR-14929
ORGA-3327,DONE,2025-10-19 01:47:07,USR-14929
WIN-4779,TO_DO,2026-09-04 02:31:19,USR-83584
WIN-4779,IN_PROGRESS,2026-09-05 01:31:19,USR-83584
WIN-4779,IN_REVIEW,2026-09-06 19:31:19,USR-83584
WIN-4779,DONE,2026-09-08 03:31:19,USR-83584
DEVE-3637,TO_DO,2026-06-05 02:37:26,USR-44664
DEVE-3637,IN_PROGRESS,2026-06-06 11:37:26,USR-44664
DEVE-3637,IN_REVIEW,2026-06-06 18:37:26,USR-44664
DEVE-3637,DONE,2026-06-08 15:37:26,USR-44664
ORGA-3129,TO_DO,2026-02-07 00:17:21,USR-72739
ORGA-3129,IN_PROGRESS,2026-02-07 20:17:21,USR-72739
ORGA-3129,IN_REVIEW,2026-02-08 15:17:21,USR-72739
ORGA-3129,DONE,2026-02-09 22:17:21,USR-72739
WIN-4498,TO_DO,2026-03-28 04:35:16,USR-58623
WIN-4498,IN_PROGRESS,2026-03-28 10:35:16,USR-58623
WIN-4498,IN_REVIEW,2026-03-28 13:35:16,USR-58623
WIN-4498,DONE,2026-03-29 04:35:16,USR-58623
PROF-3026,TO_DO,2026-03-31 19:03:45,USR-99006
PROF-3026,IN_PROGRESS,2026-04-02 13:03:45,USR-99006
PROF-3026,IN_REVIEW,2026-04-02 18:03:45,USR-99006
PROF-3026,DONE,2026-04-03 23:03:45,USR-99006
TERM-5210,TO_DO,2026-09-19 17:35:26,USR-84395
TERM-5210,IN_PROGRESS,2026-09-20 00:35:26,USR-84395
TERM-5210,IN_REVIEW,2026-09-21 20:35:26,USR-84395
TERM-5210,DONE,2026-09-22 01:35:26,USR-84395
DEVE-4775,TO_DO,2025-11-18 21:20:13,USR-41348
DEVE-4775,IN_PROGRESS,2025-11-19 04:20:13,USR-41348
DEVE-4775,IN_REVIEW,2025-11-20 23:20:13,USR-41348
DEVE-4775,DONE,2025-11-22 11:20:13,USR-41348
TERM-8793,TO_DO,2026-03-15 20:52:24,USR-80010
TERM-8793,IN_PROGRESS,2026-03-16 07:52:24,USR-80010
TERM-8793,IN_REVIEW,2026-03-16 17:52:24,USR-80010
TERM-8793,DONE,2026-03-17 15:52:24,USR-80010
CONF-4702,TO_DO,2026-06-04 14:53:34,USR-44179
CONF-4702,IN_PROGRESS,2026-06-05 22:53:34,USR-44179
CONF-4702,IN_REVIEW,2026-06-07 04:53:34,USR-44179
CONF-4702,DONE,2026-06-07 17:53:34,USR-44179
TERM-5132,TO_DO,2026-06-21 21:39:44,USR-34267
TERM-5132,IN_PROGRESS,2026-06-23 08:39:44,USR-34267
TERM-5132,IN_REVIEW,2026-06-24 08:39:44,USR-34267
TERM-5132,DONE,2026-06-24 21:39:44,USR-34267
THES-5619,TO_DO,2026-03-27 00:03:11,USR-93886
THES-5619,IN_PROGRESS,2026-03-27 16:03:11,USR-93886
THES-5619,IN_REVIEW,2026-03-29 07:03:11,USR-93886
THES-5619,DONE,2026-03-30 10:03:11,USR-93886
LIST-9014,TO_DO,2026-02-18 20:00:17,USR-82260
LIST-9014,IN_PROGRESS,2026-02-20 16:00:17,USR-82260
LIST-9014,IN_REVIEW,2026-02-21 12:00:17,USR-82260
LIST-9014,DONE,2026-02-22 19:00:17,USR-82260
CONF-5040,TO_DO,2026-05-24 11:40:45,USR-15706
CONF-5040,IN_PROGRESS,2026-05-24 16:40:45,USR-15706
CONF-5040,IN_REVIEW,2026-05-25 18:40:45,USR-15706
CONF-5040,DONE,2026-05-27 08:40:45,USR-15706
PROF-3910,TO_DO,2026-07-26 15:35:25,USR-84668
PROF-3910,IN_PROGRESS,2026-07-27 12:35:25,USR-84668
PROF-3910,IN_REVIEW,2026-07-28 16:35:25,USR-84668
PROF-3910,DONE,2026-07-28 23:35:25,USR-84668
TERM-5748,TO_DO,2025-10-18 05:32:44,USR-81228
TERM-5748,IN_PROGRESS,2025-10-19 16:32:44,USR-81228
TERM-5748,IN_REVIEW,2025-10-21 06:32:44,USR-81228
TERM-5748,DONE,2025-10-22 17:32:44,USR-81228
PROF-7787,TO_DO,2026-02-21 06:02:23,USR-82260
PROF-7787,IN_PROGRESS,2026-02-23 00:02:23,USR-82260
PROF-7787,IN_REVIEW,2026-02-23 22:02:23,USR-82260
PROF-7787,DONE,2026-02-25 13:02:23,USR-82260
THES-2880,TO_DO,2026-09-21 17:03:45,USR-36174
THES-2880,IN_PROGRESS,2026-09-23 11:03:45,USR-36174
THES-2880,IN_REVIEW,2026-09-23 16:03:45,USR-36174
THES-2880,DONE,2026-09-23 23:03:45,USR-36174
CHOI-8546,TO_DO,2025-12-04 12:46:14,USR-41186
CHOI-8546,IN_PROGRESS,2025-12-05 22:46:14,USR-41186
CHOI-8546,IN_REVIEW,2025-12-07 13:46:14,USR-41186
CHOI-8546,DONE,2025-12-08 15:46:14,USR-41186
CHOI-9084,TO_DO,2026-05-04 12:02:54,USR-95180
CHOI-9084,IN_PROGRESS,2026-05-04 22:02:54,USR-95180
CHOI-9084,IN_REVIEW,2026-05-05 01:02:54,USR-95180
CHOI-9084,DONE,2026-05-05 05:02:54,USR-95180
THES-1380,TO_DO,2026-06-15 22:11:40,USR-71474
THES-1380,IN_PROGRESS,2026-06-17 18:11:40,USR-71474
THES-1380,IN_REVIEW,2026-06-18 22:11:40,USR-71474
THES-1380,DONE,2026-06-20 14:11:40,USR-71474
ORGA-3985,TO_DO,2026-05-19 03:26:17,USR-55293
ORGA-3985,IN_PROGRESS,2026-05-20 18:26:17,USR-55293
ORGA-3985,IN_REVIEW,2026-05-20 22:26:17,USR-55293
ORGA-3985,DONE,2026-05-22 12:26:17,USR-55293
ORGA-8295,TO_DO,2026-03-09 22:23:55,USR-41531
ORGA-8295,IN_PROGRESS,2026-03-10 00:23:55,USR-41531
ORGA-8295,IN_REVIEW,2026-03-11 23:23:55,USR-41531
ORGA-8295,DONE,2026-03-12 17:23:55,USR-41531
ORGA-8295,REOPENED,2026-03-14 11:23:55,USR-55015
ORGA-8295,IN_PROGRESS,2026-03-14 23:23:55,USR-41531
ORGA-8295,DONE,2026-03-16 11:23:55,USR-41531
TERM-4004,TO_DO,2025-11-24 17:18:22,USR-30257
TERM-4004,IN_PROGRESS,2025-11-25 20:18:22,USR-30257
TERM-4004,IN_REVIEW,2025-11-27 01:18:22,USR-30257
TERM-4004,DONE,2025-11-28 01:18:22,USR-30257
ANIM-5872,TO_DO,2025-10-29 07:48:17,USR-68341
ANIM-5872,IN_PROGRESS,2025-10-30 22:48:17,USR-68341
ANIM-5872,IN_REVIEW,2025-11-01 05:48:17,USR-68341
ANIM-5872,DONE,2025-11-01 16:48:17,USR-68341
THES-3949,TO_DO,2026-06-18 00:05:21,USR-26059
THES-3949,IN_PROGRESS,2026-06-18 16:05:21,USR-26059
THES-3949,IN_REVIEW,2026-06-19 21:05:21,USR-26059
THES-3949,DONE,2026-06-21 04:05:21,USR-26059
TERM-8930,TO_DO,2025-12-25 04:14:52,USR-51904
TERM-8930,IN_PROGRESS,2025-12-26 16:14:52,USR-51904
TERM-8930,IN_REVIEW,2025-12-28 00:14:52,USR-51904
TERM-8930,DONE,2025-12-28 22:14:52,USR-51904
PROF-2140,TO_DO,2026-02-21 06:09:52,USR-37686
PROF-2140,IN_PROGRESS,2026-02-21 08:09:52,USR-37686
PROF-2140,IN_REVIEW,2026-02-22 16:09:52,USR-37686
PROF-2140,DONE,2026-02-24 00:09:52,USR-37686
PROF-2140,REOPENED,2026-02-24 06:09:52,USR-98916
PROF-2140,IN_PROGRESS,2026-02-25 03:09:52,USR-37686
PROF-2140,DONE,2026-02-27 02:09:52,USR-37686
ANIM-9355,TO_DO,2025-10-31 06:37:21,USR-10150
ANIM-9355,IN_PROGRESS,2025-11-01 14:37:21,USR-10150
ANIM-9355,IN_REVIEW,2025-11-02 08:37:21,USR-10150
ANIM-9355,DONE,2025-11-03 11:37:21,USR-10150
ANIM-9355,REOPENED,2025-11-04 14:37:21,USR-78951
ANIM-9355,IN_PROGRESS,2025-11-05 13:37:21,USR-10150
ANIM-9355,DONE,2025-11-06 19:37:21,USR-10150
CONF-9151,TO_DO,2026-01-11 18:07:46,USR-17355
CONF-9151,IN_PROGRESS,2026-01-12 06:07:46,USR-17355
CONF-9151,IN_REVIEW,2026-01-13 02:07:46,USR-17355
CONF-9151,DONE,2026-01-13 18:07:46,USR-17355
ORGA-7933,TO_DO,2026-04-10 09:53:03,USR-42406
ORGA-7933,IN_PROGRESS,2026-04-10 23:53:03,USR-42406
ORGA-7933,IN_REVIEW,2026-04-12 01:53:03,USR-42406
ORGA-7933,DONE,2026-04-13 15:53:03,USR-42406
ANIM-6937,TO_DO,2026-05-24 15:23:14,USR-28030
ANIM-6937,IN_PROGRESS,2026-05-26 15:23:14,USR-28030
ANIM-6937,IN_REVIEW,2026-05-26 17:23:14,USR-28030
ANIM-6937,DONE,2026-05-28 01:23:14,USR-28030
THES-1907,TO_DO,2025-11-08 09:12:28,USR-39571
THES-1907,IN_PROGRESS,2025-11-09 16:12:28,USR-39571
THES-1907,IN_REVIEW,2025-11-10 18:12:28,USR-39571
THES-1907,DONE,2025-11-11 13:12:28,USR-39571
ORGA-2179,TO_DO,2026-04-16 03:28:48,USR-54313
ORGA-2179,IN_PROGRESS,2026-04-16 18:28:48,USR-54313
ORGA-2179,IN_REVIEW,2026-04-18 14:28:48,USR-54313
ORGA-2179,DONE,2026-04-19 17:28:48,USR-54313
PROF-2758,TO_DO,2026-05-21 17:20:45,USR-33206
PROF-2758,IN_PROGRESS,2026-05-22 11:20:45,USR-33206
PROF-2758,IN_REVIEW,2026-05-23 03:20:45,USR-33206
PROF-2758,DONE,2026-05-24 18:20:45,USR-33206
CONF-6216,TO_DO,2025-11-11 16:28:19,USR-60181
CONF-6216,IN_PROGRESS,2025-11-11 21:28:19,USR-60181
CONF-6216,IN_REVIEW,2025-11-13 16:28:19,USR-60181
CONF-6216,DONE,2025-11-14 19:28:19,USR-60181
CONF-6216,REOPENED,2025-11-15 09:28:19,USR-22656
CONF-6216,IN_PROGRESS,2025-11-15 22:28:19,USR-60181
CONF-6216,DONE,2025-11-16 11:28:19,USR-60181
THES-1881,TO_DO,2026-04-21 12:03:36,USR-45683
THES-1881,IN_PROGRESS,2026-04-23 11:03:36,USR-45683
THES-1881,IN_REVIEW,2026-04-25 06:03:36,USR-45683
THES-1881,DONE,2026-04-25 11:03:36,USR-45683
LIST-2771,TO_DO,2026-06-08 22:58:45,USR-19447
LIST-2771,IN_PROGRESS,2026-06-10 16:58:45,USR-19447
LIST-2771,IN_REVIEW,2026-06-12 12:58:45,USR-19447
LIST-2771,DONE,2026-06-14 06:58:45,USR-19447
LIST-2771,REOPENED,2026-06-14 23:58:45,USR-68841
LIST-2771,IN_PROGRESS,2026-06-15 19:58:45,USR-19447
LIST-2771,DONE,2026-06-17 01:58:45,USR-19447
WIN-3622,TO_DO,2026-08-23 15:46:34,USR-86106
WIN-3622,IN_PROGRESS,2026-08-24 18:46:34,USR-86106
WIN-3622,IN_REVIEW,2026-08-26 00:46:34,USR-86106
WIN-3622,DONE,2026-08-27 07:46:34,USR-86106
DEVE-6482,TO_DO,2026-07-31 09:40:44,USR-69469
DEVE-6482,IN_PROGRESS,2026-07-31 16:40:44,USR-69469
DEVE-6482,IN_REVIEW,2026-08-01 05:40:44,USR-69469
DEVE-6482,DONE,2026-08-03 03:40:44,USR-69469
CONF-7294,TO_DO,2026-01-04 03:00:00,USR-62505
CONF-7294,IN_PROGRESS,2026-01-04 16:00:00,USR-62505
CONF-7294,IN_REVIEW,2026-01-06 00:00:00,USR-62505
CONF-7294,DONE,2026-01-06 02:00:00,USR-62505
ANIM-5051,TO_DO,2026-07-03 23:23:27,USR-15551
ANIM-5051,IN_PROGRESS,2026-07-05 13:23:27,USR-15551
ANIM-5051,IN_REVIEW,2026-07-06 03:23:27,USR-15551
ANIM-5051,DONE,2026-07-07 11:23:27,USR-15551
ORGA-1322,TO_DO,2026-04-08 17:59:55,USR-88561
ORGA-1322,IN_PROGRESS,2026-04-10 02:59:55,USR-88561
ORGA-1322,IN_REVIEW,2026-04-11 10:59:55,USR-88561
ORGA-1322,DONE,2026-04-11 17:59:55,USR-88561
ANIM-2104,TO_DO,2026-03-19 03:47:43,USR-67595
ANIM-2104,IN_PROGRESS,2026-03-20 03:47:43,USR-67595
ANIM-2104,IN_REVIEW,2026-03-21 07:47:43,USR-67595
ANIM-2104,DONE,2026-03-21 14:47:43,USR-67595
ORGA-6973,TO_DO,2026-03-28 17:17:50,USR-93130
ORGA-6973,IN_PROGRESS,2026-03-29 03:17:50,USR-93130
ORGA-6973,IN_REVIEW,2026-03-31 01:17:50,USR-93130
ORGA-6973,DONE,2026-04-01 13:17:50,USR-93130
LIST-9032,TO_DO,2026-01-12 18:23:11,USR-78712
LIST-9032,IN_PROGRESS,2026-01-13 05:23:11,USR-78712
LIST-9032,IN_REVIEW,2026-01-14 18:23:11,USR-78712
LIST-9032,DONE,2026-01-16 17:23:11,USR-78712
CONF-4650,TO_DO,2026-07-04 08:34:34,USR-77568
CONF-4650,IN_PROGRESS,2026-07-06 01:34:34,USR-77568
CONF-4650,IN_REVIEW,2026-07-07 10:34:34,USR-77568
CONF-4650,DONE,2026-07-07 18:34:34,USR-77568
PROF-6746,TO_DO,2026-03-22 03:13:51,USR-25726
PROF-6746,IN_PROGRESS,2026-03-23 14:13:51,USR-25726
PROF-6746,IN_REVIEW,2026-03-25 10:13:51,USR-25726
PROF-6746,DONE,2026-03-26 07:13:51,USR-25726
CHOI-7756,TO_DO,2026-05-19 01:14:36,USR-43862
CHOI-7756,IN_PROGRESS,2026-05-19 18:14:36,USR-43862
CHOI-7756,IN_REVIEW,2026-05-20 02:14:36,USR-43862
CHOI-7756,DONE,2026-05-20 04:14:36,USR-43862
LIST-6790,TO_DO,2026-04-19 23:49:34,USR-61717
LIST-6790,IN_PROGRESS,2026-04-21 02:49:34,USR-61717
LIST-6790,IN_REVIEW,2026-04-21 23:49:34,USR-61717
LIST-6790,DONE,2026-04-22 23:49:34,USR-61717
WIN-9895,TO_DO,2026-03-04 01:18:28,USR-37802
WIN-9895,IN_PROGRESS,2026-03-05 20:18:28,USR-37802
WIN-9895,IN_REVIEW,2026-03-07 09:18:28,USR-37802
WIN-9895,DONE,2026-03-09 06:18:28,USR-37802
WIN-9895,REOPENED,2026-03-10 10:18:28,USR-54597
WIN-9895,IN_PROGRESS,2026-03-11 02:18:28,USR-37802
WIN-9895,DONE,2026-03-12 20:18:28,USR-37802
TERM-5259,TO_DO,2026-03-02 02:08:21,USR-82063
TERM-5259,IN_PROGRESS,2026-03-03 07:08:21,USR-82063
TERM-5259,IN_REVIEW,2026-03-04 09:08:21,USR-82063
TERM-5259,DONE,2026-03-04 23:08:21,USR-82063
CHOI-7367,TO_DO,2026-08-08 01:20:38,USR-25572
CHOI-7367,IN_PROGRESS,2026-08-09 07:20:38,USR-25572
CHOI-7367,IN_REVIEW,2026-08-10 02:20:38,USR-25572
CHOI-7367,DONE,2026-08-11 16:20:38,USR-25572
PROF-4254,TO_DO,2025-10-10 14:00:48,USR-64602
PROF-4254,IN_PROGRESS,2025-10-11 02:00:48,USR-64602
PROF-4254,IN_REVIEW,2025-10-12 12:00:48,USR-64602
PROF-4254,DONE,2025-10-12 21:00:48,USR-64602
THES-6651,TO_DO,2025-10-17 11:18:33,USR-11231
THES-6651,IN_PROGRESS,2025-10-18 04:18:33,USR-11231
THES-6651,IN_REVIEW,2025-10-19 00:18:33,USR-11231
THES-6651,DONE,2025-10-19 22:18:33,USR-11231
THES-6651,REOPENED,2025-10-20 03:18:33,USR-67954
THES-6651,IN_PROGRESS,2025-10-20 14:18:33,USR-11231
THES-6651,DONE,2025-10-21 04:18:33,USR-11231
THES-5747,TO_DO,2026-07-15 09:23:47,USR-52517
THES-5747,IN_PROGRESS,2026-07-15 12:23:47,USR-52517
THES-5747,IN_REVIEW,2026-07-17 05:23:47,USR-52517
THES-5747,DONE,2026-07-18 13:23:47,USR-52517
THES-5747,REOPENED,2026-07-20 08:23:47,USR-51827
THES-5747,IN_PROGRESS,2026-07-21 03:23:47,USR-52517
THES-5747,DONE,2026-07-22 10:23:47,USR-52517
ANIM-2245,TO_DO,2026-08-27 13:07:30,USR-29442
ANIM-2245,IN_PROGRESS,2026-08-27 16:07:30,USR-29442
ANIM-2245,IN_REVIEW,2026-08-29 06:07:30,USR-29442
ANIM-2245,DONE,2026-08-30 18:07:30,USR-29442
CONF-2881,TO_DO,2026-06-25 05:23:56,USR-10336
CONF-2881,IN_PROGRESS,2026-06-26 10:23:56,USR-10336
CONF-2881,IN_REVIEW,2026-06-27 11:23:56,USR-10336
CONF-2881,DONE,2026-06-28 02:23:56,USR-10336
TERM-9662,TO_DO,2026-04-04 13:38:52,USR-96991
TERM-9662,IN_PROGRESS,2026-04-06 08:38:52,USR-96991
TERM-9662,IN_REVIEW,2026-04-07 09:38:52,USR-96991
TERM-9662,DONE,2026-04-08 15:38:52,USR-96991
PROF-2855,TO_DO,2026-04-13 06:18:36,USR-70852
PROF-2855,IN_PROGRESS,2026-04-14 08:18:36,USR-70852
PROF-2855,IN_REVIEW,2026-04-14 14:18:36,USR-70852
PROF-2855,DONE,2026-04-15 19:18:36,USR-70852
CONF-6245,TO_DO,2025-10-08 02:21:10,USR-51904
CONF-6245,IN_PROGRESS,2025-10-09 08:21:10,USR-51904
CONF-6245,IN_REVIEW,2025-10-11 02:21:10,USR-51904
CONF-6245,DONE,2025-10-11 14:21:10,USR-51904
ANIM-4641,TO_DO,2025-10-26 11:15:34,USR-23154
ANIM-4641,IN_PROGRESS,2025-10-28 04:15:34,USR-23154
ANIM-4641,IN_REVIEW,2025-10-28 11:15:34,USR-23154
ANIM-4641,DONE,2025-10-30 00:15:34,USR-23154
LIST-8685,TO_DO,2025-10-13 01:28:59,USR-69469
LIST-8685,IN_PROGRESS,2025-10-15 01:28:59,USR-69469
LIST-8685,IN_REVIEW,2025-10-15 14:28:59,USR-69469
LIST-8685,DONE,2025-10-17 06:28:59,USR-69469
DEVE-1978,TO_DO,2025-12-04 03:22:51,USR-37802
DEVE-1978,IN_PROGRESS,2025-12-04 19:22:51,USR-37802
DEVE-1978,IN_REVIEW,2025-12-05 21:22:51,USR-37802
DEVE-1978,DONE,2025-12-06 19:22:51,USR-37802
WIN-5659,TO_DO,2025-10-14 05:00:05,USR-80807
WIN-5659,IN_PROGRESS,2025-10-14 18:00:05,USR-80807
WIN-5659,IN_REVIEW,2025-10-15 14:00:05,USR-80807
WIN-5659,DONE,2025-10-16 18:00:05,USR-80807
WIN-5659,REOPENED,2025-10-17 04:00:05,USR-48770
WIN-5659,IN_PROGRESS,2025-10-18 02:00:05,USR-80807
WIN-5659,DONE,2025-10-19 12:00:05,USR-80807
THES-3207,TO_DO,2026-08-29 16:06:42,USR-78327
THES-3207,IN_PROGRESS,2026-08-30 17:06:42,USR-78327
THES-3207,IN_REVIEW,2026-08-31 07:06:42,USR-78327
THES-3207,DONE,2026-09-02 06:06:42,USR-78327
CONF-8738,TO_DO,2026-02-22 03:44:24,USR-52101
CONF-8738,IN_PROGRESS,2026-02-23 06:44:24,USR-52101
CONF-8738,IN_REVIEW,2026-02-23 18:44:24,USR-52101
CONF-8738,DONE,2026-02-25 04:44:24,USR-52101
THES-7608,TO_DO,2026-04-25 06:31:09,USR-49210
THES-7608,IN_PROGRESS,2026-04-27 00:31:09,USR-49210
THES-7608,IN_REVIEW,2026-04-28 08:31:09,USR-49210
THES-7608,DONE,2026-04-29 18:31:09,USR-49210
LIST-3396,TO_DO,2025-09-29 09:17:19,USR-42007
LIST-3396,IN_PROGRESS,2025-09-29 14:17:19,USR-42007
LIST-3396,IN_REVIEW,2025-10-01 05:17:19,USR-42007
LIST-3396,DONE,2025-10-02 13:17:19,USR-42007
PROF-9445,TO_DO,2026-03-03 21:21:33,USR-64387
PROF-9445,IN_PROGRESS,2026-03-05 17:21:33,USR-64387
PROF-9445,IN_REVIEW,2026-03-07 07:21:33,USR-64387
PROF-9445,DONE,2026-03-08 16:21:33,USR-64387
WIN-6488,TO_DO,2026-02-08 16:31:52,USR-39552
WIN-6488,IN_PROGRESS,2026-02-09 17:31:52,USR-39552
WIN-6488,IN_REVIEW,2026-02-11 13:31:52,USR-39552
WIN-6488,DONE,2026-02-11 17:31:52,USR-39552
ANIM-7549,TO_DO,2026-08-23 13:58:47,USR-13969
ANIM-7549,IN_PROGRESS,2026-08-23 16:58:47,USR-13969
ANIM-7549,IN_REVIEW,2026-08-24 22:58:47,USR-13969
ANIM-7549,DONE,2026-08-26 15:58:47,USR-13969
ANIM-3417,TO_DO,2026-03-28 09:38:46,USR-63841
ANIM-3417,IN_PROGRESS,2026-03-29 02:38:46,USR-63841
ANIM-3417,IN_REVIEW,2026-03-29 05:38:46,USR-63841
ANIM-3417,DONE,2026-03-30 04:38:46,USR-63841
CHOI-2284,TO_DO,2025-11-15 02:18:05,USR-16428
CHOI-2284,IN_PROGRESS,2025-11-15 17:18:05,USR-16428
CHOI-2284,IN_REVIEW,2025-11-17 08:18:05,USR-16428
CHOI-2284,DONE,2025-11-18 21:18:05,USR-16428
TERM-3696,TO_DO,2025-10-05 17:42:35,USR-70910
TERM-3696,IN_PROGRESS,2025-10-07 06:42:35,USR-70910
TERM-3696,IN_REVIEW,2025-10-08 13:42:35,USR-70910
TERM-3696,DONE,2025-10-10 09:42:35,USR-70910
LIST-9205,TO_DO,2026-02-06 20:01:03,USR-22196
LIST-9205,IN_PROGRESS,2026-02-06 22:01:03,USR-22196
LIST-9205,IN_REVIEW,2026-02-07 23:01:03,USR-22196
LIST-9205,DONE,2026-02-08 13:01:03,USR-22196
WIN-8818,TO_DO,2026-08-01 23:41:51,USR-52237
WIN-8818,IN_PROGRESS,2026-08-03 21:41:51,USR-52237
WIN-8818,IN_REVIEW,2026-08-04 00:41:51,USR-52237
WIN-8818,DONE,2026-08-05 00:41:51,USR-52237
WIN-8818,REOPENED,2026-08-05 07:41:51,USR-28449
WIN-8818,IN_PROGRESS,2026-08-05 14:41:51,USR-52237
WIN-8818,DONE,2026-08-05 20:41:51,USR-52237
ORGA-7806,TO_DO,2026-08-24 12:43:02,USR-75513
ORGA-7806,IN_PROGRESS,2026-08-26 01:43:02,USR-75513
ORGA-7806,IN_REVIEW,2026-08-26 18:43:02,USR-75513
ORGA-7806,DONE,2026-08-28 07:43:02,USR-75513
DEVE-4000,TO_DO,2026-03-01 04:24:12,USR-71385
DEVE-4000,IN_PROGRESS,2026-03-01 15:24:12,USR-71385
DEVE-4000,IN_REVIEW,2026-03-02 00:24:12,USR-71385
DEVE-4000,DONE,2026-03-02 20:24:12,USR-71385
CONF-3795,TO_DO,2026-01-13 02:47:55,USR-16028
CONF-3795,IN_PROGRESS,2026-01-15 00:47:55,USR-16028
CONF-3795,IN_REVIEW,2026-01-15 14:47:55,USR-16028
CONF-3795,DONE,2026-01-17 04:47:55,USR-16028
LIST-7094,TO_DO,2026-05-27 03:00:41,USR-74942
LIST-7094,IN_PROGRESS,2026-05-27 18:00:41,USR-74942
LIST-7094,IN_REVIEW,2026-05-28 23:00:41,USR-74942
LIST-7094,DONE,2026-05-30 10:00:41,USR-74942
ORGA-8258,TO_DO,2026-04-22 14:01:29,USR-85392
ORGA-8258,IN_PROGRESS,2026-04-23 17:01:29,USR-85392
ORGA-8258,IN_REVIEW,2026-04-25 01:01:29,USR-85392
ORGA-8258,DONE,2026-04-26 09:01:29,USR-85392
WIN-6828,TO_DO,2026-01-26 10:00:56,USR-33703
WIN-6828,IN_PROGRESS,2026-01-27 08:00:56,USR-33703
WIN-6828,IN_REVIEW,2026-01-29 02:00:56,USR-33703
WIN-6828,DONE,2026-01-30 22:00:56,USR-33703
TERM-3143,TO_DO,2026-01-30 09:30:29,USR-50888
TERM-3143,IN_PROGRESS,2026-02-01 04:30:29,USR-50888
TERM-3143,IN_REVIEW,2026-02-02 21:30:29,USR-50888
TERM-3143,DONE,2026-02-04 07:30:29,USR-50888
THES-1422,TO_DO,2026-05-08 14:36:38,USR-37802
THES-1422,IN_PROGRESS,2026-05-09 13:36:38,USR-37802
THES-1422,IN_REVIEW,2026-05-10 22:36:38,USR-37802
THES-1422,DONE,2026-05-12 08:36:38,USR-37802
WIN-8743,TO_DO,2025-12-22 21:02:02,USR-69609
WIN-8743,IN_PROGRESS,2025-12-23 17:02:02,USR-69609
WIN-8743,IN_REVIEW,2025-12-24 00:02:02,USR-69609
WIN-8743,DONE,2025-12-25 01:02:02,USR-69609
TERM-5963,TO_DO,2025-10-26 08:10:58,USR-23710
TERM-5963,IN_PROGRESS,2025-10-27 13:10:58,USR-23710
TERM-5963,IN_REVIEW,2025-10-29 10:10:58,USR-23710
TERM-5963,DONE,2025-10-29 19:10:58,USR-23710
WIN-7008,TO_DO,2026-08-10 20:38:05,USR-64387
WIN-7008,IN_PROGRESS,2026-08-12 19:38:05,USR-64387
WIN-7008,IN_REVIEW,2026-08-13 14:38:05,USR-64387
WIN-7008,DONE,2026-08-14 20:38:05,USR-64387
WIN-1737,TO_DO,2025-11-16 03:48:30,USR-93560
WIN-1737,IN_PROGRESS,2025-11-17 22:48:30,USR-93560
WIN-1737,IN_REVIEW,2025-11-19 11:48:30,USR-93560
WIN-1737,DONE,2025-11-21 02:48:30,USR-93560
WIN-1737,REOPENED,2025-11-21 12:48:30,USR-68979
WIN-1737,IN_PROGRESS,2025-11-21 17:48:30,USR-93560
WIN-1737,DONE,2025-11-23 13:48:30,USR-93560
TERM-1378,TO_DO,2026-05-26 02:44:01,USR-41186
TERM-1378,IN_PROGRESS,2026-05-26 23:44:01,USR-41186
TERM-1378,IN_REVIEW,2026-05-28 15:44:01,USR-41186
TERM-1378,DONE,2026-05-29 12:44:01,USR-41186
PROF-6440,TO_DO,2026-02-07 06:03:13,USR-98652
PROF-6440,IN_PROGRESS,2026-02-09 03:03:13,USR-98652
PROF-6440,IN_REVIEW,2026-02-09 19:03:13,USR-98652
PROF-6440,DONE,2026-02-11 14:03:13,USR-98652
PROF-4564,TO_DO,2026-06-29 17:00:25,USR-83792
PROF-4564,IN_PROGRESS,2026-06-30 01:00:25,USR-83792
PROF-4564,IN_REVIEW,2026-07-01 10:00:25,USR-83792
PROF-4564,DONE,2026-07-01 14:00:25,USR-83792
PROF-4861,TO_DO,2026-02-07 22:01:57,USR-59140
PROF-4861,IN_PROGRESS,2026-02-08 17:01:57,USR-59140
PROF-4861,IN_REVIEW,2026-02-10 12:01:57,USR-59140
PROF-4861,DONE,2026-02-12 06:01:57,USR-59140
ORGA-7576,TO_DO,2025-11-21 15:20:23,USR-83608
ORGA-7576,IN_PROGRESS,2025-11-22 15:20:23,USR-83608
ORGA-7576,IN_REVIEW,2025-11-23 06:20:23,USR-83608
ORGA-7576,DONE,2025-11-24 21:20:23,USR-83608
LIST-1297,TO_DO,2026-04-09 08:47:31,USR-77811
LIST-1297,IN_PROGRESS,2026-04-10 12:47:31,USR-77811
LIST-1297,IN_REVIEW,2026-04-11 21:47:31,USR-77811
LIST-1297,DONE,2026-04-13 15:47:31,USR-77811
WIN-2711,TO_DO,2025-10-23 00:04:07,USR-57453
WIN-2711,IN_PROGRESS,2025-10-24 14:04:07,USR-57453
WIN-2711,IN_REVIEW,2025-10-26 05:04:07,USR-57453
WIN-2711,DONE,2025-10-27 15:04:07,USR-57453
PROF-2204,TO_DO,2025-12-15 08:48:28,USR-52987
PROF-2204,IN_PROGRESS,2025-12-16 12:48:28,USR-52987
PROF-2204,IN_REVIEW,2025-12-18 00:48:28,USR-52987
PROF-2204,DONE,2025-12-19 13:48:28,USR-52987
PROF-1291,TO_DO,2026-02-23 17:47:13,USR-95841
PROF-1291,IN_PROGRESS,2026-02-25 06:47:13,USR-95841
PROF-1291,IN_REVIEW,2026-02-25 14:47:13,USR-95841
PROF-1291,DONE,2026-02-26 15:47:13,USR-95841
THES-7242,TO_DO,2026-02-14 16:13:52,USR-24089
THES-7242,IN_PROGRESS,2026-02-15 08:13:52,USR-24089
THES-7242,IN_REVIEW,2026-02-15 17:13:52,USR-24089
THES-7242,DONE,2026-02-16 04:13:52,USR-24089
PROF-7909,TO_DO,2026-01-15 21:50:46,USR-74451
PROF-7909,IN_PROGRESS,2026-01-16 09:50:46,USR-74451
PROF-7909,IN_REVIEW,2026-01-18 00:50:46,USR-74451
PROF-7909,DONE,2026-01-19 00:50:46,USR-74451
PROF-7909,REOPENED,2026-01-20 09:50:46,USR-86011
PROF-7909,IN_PROGRESS,2026-01-21 09:50:46,USR-74451
PROF-7909,DONE,2026-01-23 05:50:46,USR-74451
CONF-6063,TO_DO,2026-07-24 02:37:34,USR-14207
CONF-6063,IN_PROGRESS,2026-07-25 19:37:34,USR-14207
CONF-6063,IN_REVIEW,2026-07-27 01:37:34,USR-14207
CONF-6063,DONE,2026-07-27 10:37:34,USR-14207
PROF-4612,TO_DO,2026-07-02 05:22:00,USR-89807
PROF-4612,IN_PROGRESS,2026-07-02 18:22:00,USR-89807
PROF-4612,IN_REVIEW,2026-07-03 20:22:00,USR-89807
PROF-4612,DONE,2026-07-04 03:22:00,USR-89807
PROF-4612,REOPENED,2026-07-04 21:22:00,USR-42951
PROF-4612,IN_PROGRESS,2026-07-05 06:22:00,USR-89807
PROF-4612,DONE,2026-07-06 14:22:00,USR-89807
THES-7838,TO_DO,2025-11-29 22:22:17,USR-38906
THES-7838,IN_PROGRESS,2025-11-30 16:22:17,USR-38906
THES-7838,IN_REVIEW,2025-12-01 12:22:17,USR-38906
THES-7838,DONE,2025-12-02 12:22:17,USR-38906
