employee_id,employee_name,employee_status,hire_date,termination_date,job_title,job_level,department_id,team_id,manager_employee_id,location_id,employment_type
EMP000001,Richard Aguirre,ACTIVE,2024-03-03,,Energy manager,L4,DEP010,TEAM023,EMP000364,LOC006,CONTRACTOR
EMP000002,Jeffrey Henderson,ACTIVE,2022-02-13,,"Psychologist, sport and exercise",L6,DEP010,TEAM004,EMP000176,LOC017,CONTRACTOR
EMP000003,Megan Joyce,ACTIVE,2025-05-23,,Chief Technology Officer,L4,DEP006,TEAM017,EMP000656,LOC017,FULL_TIME
EMP000004,Gerald Hensley,ACTIVE,2021-12-23,,Fish farm manager,L1,DEP003,TEAM002,EMP000411,LOC008,FULL_TIME
EMP000005,Jerry Henderson,ACTIVE,2022-07-14,,Health promotion specialist,L5,DEP014,TEAM020,EMP000512,LOC012,CONTRACTOR
EMP000006,Thomas Ramos,ACTIVE,2023-09-08,,Statistician,L3,DEP002,TEAM015,EMP000552,LOC008,CONTRACTOR
EMP000007,Zachary Huff,ACTIVE,2022-02-19,,Chief Financial Officer,L5,DEP006,TEAM023,EMP000142,LOC016,PART_TIME
EMP000008,Carol Tucker,TERMINATED,2025-08-29,2026-06-17,"Engineer, production",L1,DEP013,TEAM007,EMP000164,LOC013,CONTRACTOR
EMP000009,Carmen Smith,TERMINATED,2025-05-25,2026-04-01,Newspaper journalist,L4,DEP009,TEAM029,EMP000995,LOC017,FULL_TIME
EMP000010,Rachel Mitchell,ACTIVE,2022-11-05,,"Surveyor, commercial/residential",L1,DEP010,TEAM034,EMP000788,LOC010,FULL_TIME
EMP000011,Brittney Phillips,ACTIVE,2024-07-14,,Barrister,L2,DEP007,TEAM000,EMP000897,LOC008,CONTRACTOR
EMP000012,Amy Edwards,ACTIVE,2024-03-07,,Arts administrator,L5,DEP014,TEAM006,EMP000306,LOC016,CONTRACTOR
EMP000013,Thomas Schmidt,ACTIVE,2024-03-15,,Barista,L3,DEP012,TEAM010,EMP000798,LOC016,FULL_TIME
EMP000014,Cody Larson,ACTIVE,2023-11-17,,Farm manager,L4,DEP000,TEAM007,EMP000900,LOC009,FULL_TIME
EMP000015,Laura Riley,TERMINATED,2023-06-09,2023-12-12,Archaeologist,L5,DEP001,TEAM005,EMP000836,LOC002,CONTRACTOR
EMP000016,Matthew Cunningham,ACTIVE,2024-05-09,,Interpreter,L2,DEP010,TEAM030,EMP000170,LOC008,CONTRACTOR
EMP000017,Michael Edwards,ACTIVE,2025-09-11,,Geochemist,L4,DEP003,TEAM034,EMP000707,LOC006,CONTRACTOR
EMP000018,Matthew Bryant,ACTIVE,2023-05-27,,"Buyer, industrial",L6,DEP010,TEAM023,EMP000530,LOC014,FULL_TIME
EMP000019,Zachary Ferrell,ACTIVE,2021-10-04,,"Buyer, retail",L1,DEP005,TEAM001,EMP000236,LOC018,FULL_TIME
EMP000020,Brandi Bailey,TERMINATED,2024-01-03,2024-11-29,Broadcast presenter,L6,DEP010,TEAM003,EMP000928,LOC001,PART_TIME
EMP000021,Christopher Bass,TERMINATED,2025-06-16,2025-12-22,Immigration officer,L2,DEP004,TEAM031,EMP000136,LOC018,CONTRACTOR
EMP000022,Dr. Kendra Contreras,ACTIVE,2024-04-27,,"Surveyor, building",L4,DEP012,TEAM026,EMP000100,LOC013,PART_TIME
EMP000023,Ashley Humphrey,ACTIVE,2022-12-29,,"Geneticist, molecular",L4,DEP013,TEAM003,EMP000662,LOC003,FULL_TIME
EMP000024,Natalie Moore,ACTIVE,2022-03-18,,Herbalist,L3,DEP012,TEAM006,EMP000195,LOC017,PART_TIME
EMP000025,Christina Walters,TERMINATED,2024-04-16,2025-03-09,"Geneticist, molecular",L2,DEP004,TEAM029,EMP000946,LOC002,PART_TIME
EMP000026,Taylor Mathis Jr.,ACTIVE,2023-11-14,,Pharmacologist,L5,DEP001,TEAM003,EMP000554,LOC000,FULL_TIME
EMP000027,Aaron Wise,ACTIVE,2025-03-31,,Garment/textile technologist,L2,DEP002,TEAM026,EMP000219,LOC012,FULL_TIME
EMP000028,Kristen Patterson,ACTIVE,2022-05-29,,Acupuncturist,L1,DEP006,TEAM016,EMP000804,LOC014,PART_TIME
EMP000029,Stephen Mckee,ACTIVE,2022-03-12,,Sports administrator,L6,DEP012,TEAM035,EMP000499,LOC004,FULL_TIME
EMP000030,Lauren Hernandez,ACTIVE,2021-11-14,,Conference centre manager,L1,DEP009,TEAM034,EMP000322,LOC001,FULL_TIME
EMP000031,Steven Flynn,ACTIVE,2021-11-23,,Archaeologist,L5,DEP014,TEAM033,EMP000984,LOC016,FULL_TIME
EMP000032,Michael Estrada,ACTIVE,2025-07-17,,Manufacturing systems engineer,L1,DEP009,TEAM004,EMP000241,LOC012,FULL_TIME
EMP000033,Shelly Dickson,ACTIVE,2025-01-13,,"Designer, fashion/clothing",L5,DEP003,TEAM037,EMP000635,LOC002,PART_TIME
EMP000034,Sharon Cherry,ACTIVE,2025-08-28,,"Editor, film/video",L5,DEP008,TEAM020,EMP000210,LOC010,FULL_TIME
EMP000035,Christopher Middleton,ACTIVE,2025-06-20,,Paramedic,L2,DEP010,TEAM019,EMP000952,LOC002,FULL_TIME
EMP000036,Nancy Wright,ACTIVE,2025-02-17,,"Designer, jewellery",L5,DEP001,TEAM004,EMP000519,LOC008,FULL_TIME
EMP000037,Janet Williams,ACTIVE,2025-01-25,,"Psychotherapist, dance movement",L1,DEP014,TEAM015,EMP000162,LOC014,CONTRACTOR
EMP000038,Thomas Bailey,ACTIVE,2022-08-31,,Estate agent,L5,DEP012,TEAM033,,LOC017,PART_TIME
EMP000039,Corey Murphy,ACTIVE,2022-09-01,,Building control surveyor,L1,DEP014,TEAM008,EMP000912,LOC003,CONTRACTOR
EMP000040,Martin Ross,ACTIVE,2025-01-03,,Software engineer,L3,DEP004,TEAM038,EMP000352,LOC006,CONTRACTOR
EMP000041,Ashley Waller,ACTIVE,2023-02-16,,"Editor, magazine features",L3,DEP008,TEAM031,EMP000930,LOC001,FULL_TIME
EMP000042,Deborah Rodriguez,ACTIVE,2024-03-09,,Politician's assistant,L3,DEP000,TEAM000,EMP000134,LOC008,FULL_TIME
EMP000043,Emily Obrien,ACTIVE,2023-03-11,,Sales promotion account executive,L5,DEP011,TEAM027,EMP000115,LOC002,CONTRACTOR
EMP000044,Kenneth Scott,ACTIVE,2022-03-18,,Press photographer,L5,DEP000,TEAM023,EMP000152,LOC013,FULL_TIME
EMP000045,Kimberly Ball,TERMINATED,2021-09-22,2026-02-23,"Engineer, chemical",L3,DEP014,TEAM002,EMP000216,LOC007,CONTRACTOR
EMP000046,Matthew Rivera,TERMINATED,2023-04-08,2025-02-05,Interior and spatial designer,L5,DEP014,TEAM026,EMP000768,LOC004,FULL_TIME
EMP000047,Michelle Evans,ACTIVE,2024-07-16,,Insurance broker,L2,DEP014,TEAM026,,LOC010,PART_TIME
EMP000048,James Phillips,ACTIVE,2024-07-21,,Conference centre manager,L6,DEP012,TEAM015,EMP000807,LOC003,PART_TIME
EMP000049,Todd Byrd,ACTIVE,2022-07-15,,Ecologist,L4,DEP003,TEAM012,EMP000472,LOC011,PART_TIME
EMP000050,Jennifer Bass,ACTIVE,2024-05-03,,Industrial buyer,L2,DEP003,TEAM001,EMP000409,LOC010,PART_TIME
EMP000051,Richard Lawson,ACTIVE,2022-12-09,,IT technical support officer,L3,DEP005,TEAM032,EMP000864,LOC017,PART_TIME
EMP000052,Michael Dixon,ACTIVE,2023-09-12,,"Doctor, general practice",L1,DEP014,TEAM016,EMP000986,LOC008,FULL_TIME
EMP000053,Matthew Harvey,TERMINATED,2024-07-09,2024-11-17,Chief Financial Officer,L4,DEP005,TEAM020,EMP000524,LOC003,PART_TIME
EMP000054,Cynthia Collins,ACTIVE,2025-03-14,,"Engineer, civil (contracting)",L2,DEP004,TEAM002,EMP000002,LOC016,CONTRACTOR
EMP000055,David Alvarez,ACTIVE,2022-05-06,,"Buyer, industrial",L6,DEP011,TEAM012,EMP000072,LOC010,CONTRACTOR
EMP000056,Mark Lee,ACTIVE,2023-08-28,,Music tutor,L1,DEP011,TEAM019,EMP000683,LOC013,PART_TIME
EMP000057,Charles Watts,ACTIVE,2023-10-27,,Clinical biochemist,L3,DEP008,TEAM008,EMP000681,LOC012,CONTRACTOR
EMP000058,Christopher Rubio,ACTIVE,2025-01-11,,"Scientist, marine",L2,DEP009,TEAM036,EMP000562,LOC000,PART_TIME
EMP000059,David Charles,ACTIVE,2023-09-11,,"Programmer, multimedia",L4,DEP012,TEAM037,EMP000330,LOC014,PART_TIME
EMP000060,Mary Travis,ACTIVE,2022-04-15,,"Therapist, nutritional",L2,DEP008,TEAM030,EMP000983,LOC005,CONTRACTOR
EMP000061,Lisa Ball,TERMINATED,2023-01-25,2026-04-12,Retail merchandiser,L5,DEP010,TEAM039,EMP000839,LOC007,CONTRACTOR
EMP000062,Kimberly Merritt,ACTIVE,2023-07-14,,Public relations officer,L2,DEP002,TEAM001,,LOC015,CONTRACTOR
EMP000063,David Walsh,ACTIVE,2023-08-20,,"Scientist, research (life sciences)",L1,DEP007,TEAM026,EMP000590,LOC006,CONTRACTOR
EMP000064,Denise Jones,ACTIVE,2023-10-12,,Higher education lecturer,L4,DEP006,TEAM015,EMP000705,LOC000,FULL_TIME
EMP000065,Francisco Fernandez,ACTIVE,2022-09-19,,Corporate investment banker,L2,DEP002,TEAM033,EMP000571,LOC007,FULL_TIME
EMP000066,Michael Mccarthy,ACTIVE,2022-05-12,,Bonds trader,L4,DEP010,TEAM033,EMP000610,LOC010,PART_TIME
EMP000067,Joshua Perry,ACTIVE,2023-06-26,,"Engineer, maintenance",L6,DEP014,TEAM032,EMP000929,LOC017,PART_TIME
EMP000068,Taylor Silva,ACTIVE,2025-04-05,,Advertising account planner,L6,DEP013,TEAM030,EMP000770,LOC007,CONTRACTOR
EMP000069,Laura Woods,ACTIVE,2025-05-12,,Management consultant,L5,DEP007,TEAM015,EMP000080,LOC009,FULL_TIME
EMP000070,Sarah Ashley,ACTIVE,2022-12-27,,Personnel officer,L3,DEP014,TEAM034,EMP000155,LOC007,PART_TIME
EMP000071,Kimberly Morrison,ACTIVE,2024-01-04,,English as a second language teacher,L6,DEP003,TEAM004,EMP000339,LOC017,PART_TIME
EMP000072,Jeffrey Johnson,ACTIVE,2023-10-18,,Legal secretary,L2,DEP013,TEAM026,EMP000789,LOC018,CONTRACTOR
EMP000073,Sara Calhoun,TERMINATED,2024-07-25,2026-04-14,Writer,L5,DEP006,TEAM030,,LOC011,PART_TIME
EMP000074,James Elliott,ACTIVE,2023-12-28,,Aid worker,L4,DEP008,TEAM034,EMP000920,LOC007,PART_TIME
EMP000075,Brandy Murray,ACTIVE,2022-01-28,,Arts administrator,L4,DEP007,TEAM001,EMP000685,LOC012,CONTRACTOR
EMP000076,Daniel Murphy,ACTIVE,2022-10-29,,Museum education officer,L4,DEP014,TEAM008,EMP000547,LOC000,PART_TIME
EMP000077,Sandra King,ACTIVE,2022-11-26,,Ceramics designer,L6,DEP000,TEAM005,EMP000139,LOC014,FULL_TIME
EMP000078,Amy Crane,TERMINATED,2023-09-20,2023-10-20,Environmental manager,L4,DEP005,TEAM013,EMP000346,LOC012,PART_TIME
EMP000079,Tyler Williams,ACTIVE,2024-06-25,,Airline pilot,L4,DEP004,TEAM005,EMP000768,LOC017,FULL_TIME
EMP000080,Alex Hernandez,ACTIVE,2022-10-09,,Computer games developer,L3,DEP003,TEAM004,EMP000668,LOC001,FULL_TIME
EMP000081,Kristy Robinson,ACTIVE,2023-09-25,,Furniture conservator/restorer,L2,DEP013,TEAM001,EMP000245,LOC004,PART_TIME
EMP000082,Larry Stuart,ACTIVE,2024-12-24,,Colour technologist,L5,DEP003,TEAM029,EMP000786,LOC011,FULL_TIME
EMP000083,Traci Rodriguez,ACTIVE,2025-01-10,,Agricultural engineer,L6,DEP011,TEAM007,EMP000168,LOC009,FULL_TIME
EMP000084,Michael Rubio,ACTIVE,2025-09-01,,Occupational psychologist,L3,DEP009,TEAM024,EMP000733,LOC006,FULL_TIME
EMP000085,Kevin Rivas,ACTIVE,2024-10-04,,Financial manager,L6,DEP003,TEAM006,EMP000309,LOC019,FULL_TIME
EMP000086,Elizabeth Sutton,ACTIVE,2022-02-25,,Community arts worker,L5,DEP012,TEAM002,EMP000439,LOC011,FULL_TIME
EMP000087,Dr. Hannah Patterson,ACTIVE,2025-02-07,,Metallurgist,L3,DEP000,TEAM026,EMP000109,LOC013,PART_TIME
EMP000088,Gloria Atkinson,ACTIVE,2022-01-05,,Recruitment consultant,L4,DEP011,TEAM009,EMP000752,LOC016,CONTRACTOR
EMP000089,Jack Snow,ACTIVE,2022-03-02,,Psychiatric nurse,L5,DEP012,TEAM030,EMP000846,LOC018,PART_TIME
EMP000090,Christopher Boyd,ACTIVE,2024-09-22,,Geophysicist/field seismologist,L2,DEP013,TEAM005,EMP000462,LOC007,PART_TIME
EMP000091,Kimberly Webb,ACTIVE,2024-05-03,,Press photographer,L6,DEP006,TEAM021,,LOC010,FULL_TIME
EMP000092,Debra Christian,ACTIVE,2025-03-25,,Chartered legal executive (England and Wales),L3,DEP012,TEAM016,EMP000902,LOC019,CONTRACTOR
EMP000093,Dana Marshall,ACTIVE,2022-11-27,,Travel agency manager,L5,DEP000,TEAM033,EMP000088,LOC007,CONTRACTOR
EMP000094,Allen Rosales,ACTIVE,2024-07-23,,"Education officer, environmental",L5,DEP012,TEAM015,EMP000662,LOC015,PART_TIME
EMP000095,Robert Peterson,ACTIVE,2023-10-17,,"Therapist, occupational",L1,DEP004,TEAM014,EMP000250,LOC009,CONTRACTOR
EMP000096,Kristi Black,ACTIVE,2024-09-13,,"Engineer, aeronautical",L4,DEP008,TEAM033,EMP000764,LOC017,PART_TIME
EMP000097,Jason Peters,ACTIVE,2022-01-30,,Financial adviser,L4,DEP004,TEAM019,EMP000124,LOC006,PART_TIME
EMP000098,Katherine Mcguire,TERMINATED,2024-08-27,2025-08-31,Chief Financial Officer,L5,DEP012,TEAM011,EMP000757,LOC015,PART_TIME
EMP000099,Michael Torres,ACTIVE,2022-12-21,,Television camera operator,L5,DEP009,TEAM018,EMP000853,LOC006,PART_TIME
EMP000100,Joseph Coleman,ACTIVE,2023-04-16,,Statistician,L2,DEP004,TEAM000,EMP000130,LOC008,FULL_TIME
EMP000101,Jesse Parker,ACTIVE,2023-02-15,,Exercise physiologist,L5,DEP004,TEAM008,EMP000771,LOC015,FULL_TIME
EMP000102,Emily Newton,ACTIVE,2022-03-26,,Electrical engineer,L5,DEP004,TEAM030,EMP000349,LOC005,FULL_TIME
EMP000103,John Hardy,ACTIVE,2022-07-14,,"Scientist, water quality",L4,DEP001,TEAM004,EMP000076,LOC018,CONTRACTOR
EMP000104,Brian Lee,ACTIVE,2024-04-04,,Ergonomist,L2,DEP002,TEAM036,EMP000088,LOC007,FULL_TIME
EMP000105,Adrian Ferguson,ACTIVE,2023-04-03,,Graphic designer,L4,DEP009,TEAM038,EMP000232,LOC016,PART_TIME
EMP000106,Kristen Terry,ACTIVE,2021-11-29,,Computer games developer,L4,DEP004,TEAM037,EMP000313,LOC018,CONTRACTOR
EMP000107,Adam Mitchell,TERMINATED,2024-06-06,2026-07-08,Quality manager,L6,DEP001,TEAM013,EMP000271,LOC002,FULL_TIME
EMP000108,Vincent King,ACTIVE,2023-08-05,,Purchasing manager,L5,DEP001,TEAM010,,LOC014,CONTRACTOR
EMP000109,Jennifer Jones,ACTIVE,2022-03-16,,Astronomer,L3,DEP000,TEAM014,EMP000290,LOC014,FULL_TIME
EMP000110,Justin Torres,ACTIVE,2022-05-13,,Fish farm manager,L3,DEP012,TEAM037,EMP000957,LOC006,PART_TIME
EMP000111,Rachel Perez,TERMINATED,2022-03-23,2025-10-06,"Scientist, research (medical)",L2,DEP010,TEAM009,EMP000847,LOC004,FULL_TIME
EMP000112,Elizabeth Chapman,TERMINATED,2023-05-03,2025-04-01,"Pilot, airline",L3,DEP009,TEAM036,EMP000450,LOC003,PART_TIME
EMP000113,Amy Choi,ACTIVE,2023-01-07,,Child psychotherapist,L6,DEP006,TEAM017,EMP000506,LOC014,FULL_TIME
EMP000114,Daniel Guerrero,ACTIVE,2024-12-17,,"Designer, graphic",L4,DEP011,TEAM020,EMP000027,LOC002,FULL_TIME
EMP000115,Benjamin Smith,ACTIVE,2022-09-27,,"Production designer, theatre/television/film",L5,DEP009,TEAM001,EMP000689,LOC008,CONTRACTOR
EMP000116,Andrew Roberts,TERMINATED,2024-08-25,2025-11-29,Heritage manager,L2,DEP007,TEAM033,EMP000939,LOC008,FULL_TIME
EMP000117,Andrea Hall,ACTIVE,2024-09-16,,"Geneticist, molecular",L4,DEP010,TEAM031,EMP000482,LOC011,PART_TIME
EMP000118,Leah Lara,ACTIVE,2025-01-25,,"Engineer, civil (consulting)",L6,DEP001,TEAM010,EMP000711,LOC015,PART_TIME
EMP000119,Danny Hernandez,ACTIVE,2023-07-12,,Geographical information systems officer,L4,DEP013,TEAM035,,LOC002,PART_TIME
EMP000120,Anthony Sparks,ACTIVE,2025-03-27,,"Therapist, nutritional",L1,DEP012,TEAM025,EMP000845,LOC000,CONTRACTOR
EMP000121,Tammy Gonzales,ACTIVE,2024-11-26,,Psychotherapist,L4,DEP006,TEAM003,EMP000371,LOC019,PART_TIME
EMP000122,James Nelson,ACTIVE,2024-08-24,,"Solicitor, Scotland",L1,DEP003,TEAM017,EMP000950,LOC009,PART_TIME
EMP000123,Kyle Preston,ACTIVE,2023-10-27,,IT trainer,L4,DEP001,TEAM001,EMP000624,LOC007,CONTRACTOR
EMP000124,Brandon Hayden,ACTIVE,2024-04-14,,Teaching laboratory technician,L5,DEP000,TEAM035,EMP000231,LOC003,PART_TIME
EMP000125,Yvonne Chambers,ACTIVE,2024-03-20,,Geophysical data processor,L6,DEP013,TEAM009,EMP000734,LOC009,CONTRACTOR
EMP000126,Peter Ruiz,ACTIVE,2024-03-03,,Private music teacher,L4,DEP013,TEAM030,EMP000250,LOC014,CONTRACTOR
EMP000127,Kevin Walters,TERMINATED,2025-08-13,2026-03-17,Regulatory affairs officer,L2,DEP014,TEAM038,EMP000901,LOC004,FULL_TIME
EMP000128,Jason Morris,ACTIVE,2022-02-08,,Civil Service fast streamer,L4,DEP005,TEAM032,EMP000003,LOC009,CONTRACTOR
EMP000129,Jason Simpson,ACTIVE,2025-05-14,,Oncologist,L5,DEP009,TEAM031,EMP000458,LOC017,PART_TIME
EMP000130,Amanda Miller,ACTIVE,2025-03-06,,Forensic psychologist,L5,DEP012,TEAM034,EMP000956,LOC010,FULL_TIME
EMP000131,Raymond Hancock,ACTIVE,2023-02-04,,Accommodation manager,L2,DEP009,TEAM024,EMP000795,LOC013,FULL_TIME
EMP000132,Julia Brown,ACTIVE,2024-07-07,,"Scientist, marine",L4,DEP011,TEAM024,EMP000680,LOC004,PART_TIME
EMP000133,Kathleen Ramos,ACTIVE,2023-04-05,,Arts development officer,L2,DEP008,TEAM037,EMP000103,LOC014,FULL_TIME
EMP000134,Carlos Roberts,ACTIVE,2022-08-02,,Radio producer,L4,DEP000,TEAM009,EMP000671,LOC004,FULL_TIME
EMP000135,Mark Lloyd,ACTIVE,2022-03-27,,"Designer, interior/spatial",L3,DEP005,TEAM039,EMP000666,LOC002,PART_TIME
EMP000136,Kristen Davis,ACTIVE,2023-01-15,,Clothing/textile technologist,L5,DEP006,TEAM020,EMP000909,LOC015,CONTRACTOR
EMP000137,Brittany Cantu,TERMINATED,2023-09-06,2024-03-06,"Horticulturist, amenity",L1,DEP003,TEAM018,EMP000765,LOC002,PART_TIME
EMP000138,Jennifer Olson,ACTIVE,2023-11-19,,Public house manager,L6,DEP011,TEAM006,EMP000711,LOC009,FULL_TIME
EMP000139,Janet Weeks,TERMINATED,2022-10-03,2024-09-11,Rural practice surveyor,L1,DEP004,TEAM022,EMP000150,LOC007,CONTRACTOR
EMP000140,Sharon Hill,ACTIVE,2024-11-22,,Patent examiner,L6,DEP012,TEAM011,EMP000081,LOC019,PART_TIME
EMP000141,Katie Hoover,ACTIVE,2023-03-01,,Heritage manager,L2,DEP007,TEAM037,EMP000473,LOC008,PART_TIME
EMP000142,Kevin Duarte,ACTIVE,2024-10-21,,Recruitment consultant,L1,DEP014,TEAM029,EMP000694,LOC017,FULL_TIME
EMP000143,John Cook,TERMINATED,2025-05-26,2025-09-18,Speech and language therapist,L3,DEP009,TEAM019,EMP000435,LOC008,PART_TIME
EMP000144,Frank Lopez,ACTIVE,2023-04-28,,Field trials officer,L2,DEP006,TEAM030,EMP000391,LOC018,PART_TIME
EMP000145,Scott Jenkins,ACTIVE,2024-02-25,,"Investment banker, corporate",L6,DEP004,TEAM001,EMP000675,LOC012,PART_TIME
EMP000146,Roberta Hughes,TERMINATED,2024-11-19,2025-11-21,"Designer, blown glass/stained glass",L6,DEP012,TEAM003,EMP000764,LOC015,PART_TIME
EMP000147,Beth Sanford,ACTIVE,2023-10-29,,Learning disability nurse,L2,DEP009,TEAM022,EMP000195,LOC019,PART_TIME
EMP000148,Ryan Garcia,ACTIVE,2025-06-02,,"Programmer, multimedia",L6,DEP012,TEAM008,EMP000926,LOC001,PART_TIME
EMP000149,Jennifer Pena,ACTIVE,2021-10-13,,"Designer, fashion/clothing",L1,DEP009,TEAM023,EMP000093,LOC009,PART_TIME
EMP000150,Wayne Morgan,ACTIVE,2022-01-14,,Occupational therapist,L2,DEP003,TEAM008,EMP000898,LOC011,CONTRACTOR
EMP000151,Gary Craig,ACTIVE,2024-06-25,,"Social research officer, government",L3,DEP013,TEAM010,EMP000845,LOC015,PART_TIME
EMP000152,Lori Clay,ACTIVE,2023-05-03,,Ranger/warden,L3,DEP012,TEAM007,EMP000078,LOC004,FULL_TIME
EMP000153,Lisa Young,ACTIVE,2025-06-06,,Holiday representative,L6,DEP010,TEAM025,EMP000824,LOC017,PART_TIME
EMP000154,William Hodges,TERMINATED,2022-09-08,2025-11-11,Chiropodist,L4,DEP000,TEAM016,EMP000466,LOC011,CONTRACTOR
EMP000155,Elijah Johnson,ACTIVE,2023-08-10,,"Journalist, broadcasting",L3,DEP009,TEAM024,EMP000963,LOC011,FULL_TIME
EMP000156,Ian Jordan,ACTIVE,2025-02-07,,Financial risk analyst,L4,DEP000,TEAM039,EMP000575,LOC010,CONTRACTOR
EMP000157,Michael White,ACTIVE,2023-12-24,,Economist,L1,DEP010,TEAM029,EMP000310,LOC013,FULL_TIME
EMP000158,Cynthia Durham,TERMINATED,2022-01-20,2025-04-22,Customer service manager,L1,DEP004,TEAM031,EMP000241,LOC017,FULL_TIME
EMP000159,David Scott,ACTIVE,2022-09-15,,Acupuncturist,L3,DEP010,TEAM034,EMP000761,LOC004,PART_TIME
EMP000160,Stephanie Byrd,ACTIVE,2025-07-17,,"Designer, industrial/product",L4,DEP009,TEAM026,EMP000287,LOC001,CONTRACTOR
EMP000161,Gregory Matthews,ACTIVE,2022-01-12,,Photographer,L4,DEP007,TEAM015,EMP000102,LOC011,CONTRACTOR
EMP000162,Ryan Gonzalez,ACTIVE,2024-08-27,,Music tutor,L6,DEP005,TEAM003,EMP000195,LOC003,PART_TIME
EMP000163,James Howard,TERMINATED,2025-05-07,2026-05-17,Hotel manager,L2,DEP010,TEAM038,EMP000052,LOC010,FULL_TIME
EMP000164,William Barrett,ACTIVE,2024-09-10,,Haematologist,L5,DEP003,TEAM004,EMP000568,LOC006,CONTRACTOR
EMP000165,Melissa Garner,ACTIVE,2021-10-02,,Artist,L2,DEP005,TEAM009,EMP000611,LOC000,PART_TIME
EMP000166,Kathleen Strong,ACTIVE,2025-08-04,,Historic buildings inspector/conservation officer,L2,DEP002,TEAM034,EMP000179,LOC003,CONTRACTOR
EMP000167,Lisa Gomez,ACTIVE,2025-01-07,,Energy manager,L2,DEP000,TEAM022,EMP000244,LOC018,PART_TIME
EMP000168,Michelle Hopkins,TERMINATED,2024-05-11,2025-06-04,"Copywriter, advertising",L3,DEP000,TEAM008,EMP000539,LOC003,CONTRACTOR
EMP000169,Maria Parker,TERMINATED,2024-05-22,2024-10-19,Prison officer,L4,DEP012,TEAM023,EMP000112,LOC014,CONTRACTOR
EMP000170,Morgan Davis,ACTIVE,2021-11-10,,Hotel manager,L5,DEP000,TEAM033,EMP000659,LOC000,FULL_TIME
EMP000171,Casey Anderson,ACTIVE,2023-02-09,,"Solicitor, Scotland",L4,DEP006,TEAM006,EMP000932,LOC014,FULL_TIME
EMP000172,Kiara Mcintyre,ACTIVE,2025-06-12,,"Development worker, international aid",L3,DEP009,TEAM009,EMP000282,LOC019,CONTRACTOR
EMP000173,Terry Coffey,ACTIVE,2022-10-24,,Hotel manager,L6,DEP005,TEAM024,EMP000544,LOC009,PART_TIME
EMP000174,Regina Mcdonald,ACTIVE,2024-11-22,,Call centre manager,L4,DEP001,TEAM007,EMP000667,LOC017,CONTRACTOR
EMP000175,Courtney Rhodes,ACTIVE,2022-04-26,,Occupational psychologist,L4,DEP007,TEAM014,EMP000848,LOC014,PART_TIME
EMP000176,Holly Gibbs,ACTIVE,2025-04-25,,"Administrator, education",L1,DEP005,TEAM027,EMP000262,LOC011,FULL_TIME
EMP000177,Jordan Chambers,ACTIVE,2022-11-04,,Garment/textile technologist,L4,DEP001,TEAM005,EMP000096,LOC013,FULL_TIME
EMP000178,Mark Watson,ACTIVE,2024-03-16,,Facilities manager,L3,DEP012,TEAM008,EMP000601,LOC017,CONTRACTOR
EMP000179,Stephen Hoffman,ACTIVE,2023-09-22,,Travel agency manager,L1,DEP006,TEAM022,EMP000964,LOC013,CONTRACTOR
EMP000180,Rodney Blankenship,TERMINATED,2022-08-29,2025-05-31,Immigration officer,L3,DEP009,TEAM019,EMP000592,LOC016,FULL_TIME
EMP000181,Charles Shah,ACTIVE,2024-06-24,,Industrial buyer,L4,DEP003,TEAM006,EMP000570,LOC011,FULL_TIME
EMP000182,David Medina,ACTIVE,2023-10-25,,Network engineer,L5,DEP003,TEAM027,EMP000998,LOC019,CONTRACTOR
EMP000183,Travis Horton,ACTIVE,2023-08-25,,"Sound technician, broadcasting/film/video",L5,DEP000,TEAM038,EMP000850,LOC008,FULL_TIME
EMP000184,Molly Mcclure,ACTIVE,2023-07-03,,Child psychotherapist,L6,DEP012,TEAM019,EMP000360,LOC000,FULL_TIME
EMP000185,Jason Lynn Jr.,ACTIVE,2025-04-07,,Metallurgist,L5,DEP010,TEAM025,EMP000759,LOC000,FULL_TIME
EMP000186,Trevor Foley,ACTIVE,2022-08-23,,Child psychotherapist,L2,DEP006,TEAM026,EMP000162,LOC011,PART_TIME
EMP000187,Steven Newman,ACTIVE,2024-08-20,,"Biochemist, clinical",L5,DEP009,TEAM005,EMP000160,LOC005,CONTRACTOR
EMP000188,Bryan Charles,TERMINATED,2023-05-31,2024-08-01,"Programme researcher, broadcasting/film/video",L1,DEP004,TEAM028,EMP000498,LOC019,PART_TIME
EMP000189,Maria Harper,ACTIVE,2022-02-09,,Advertising art director,L2,DEP012,TEAM032,EMP000441,LOC003,PART_TIME
EMP000190,Dana Martinez,ACTIVE,2021-12-07,,Systems analyst,L5,DEP007,TEAM033,EMP000047,LOC007,PART_TIME
EMP000191,Phillip Clark,ACTIVE,2022-08-04,,"Engineer, technical sales",L1,DEP000,TEAM013,EMP000217,LOC004,PART_TIME
EMP000192,Erin Hernandez,ACTIVE,2025-03-06,,"Therapist, occupational",L1,DEP000,TEAM031,EMP000180,LOC004,PART_TIME
EMP000193,William Huerta,ACTIVE,2021-09-24,,"Sound technician, broadcasting/film/video",L2,DEP008,TEAM035,EMP000826,LOC011,FULL_TIME
EMP000194,Ashley Delacruz,ACTIVE,2022-10-14,,"Conservator, museum/gallery",L6,DEP000,TEAM027,,LOC002,PART_TIME
EMP000195,Richard Chapman,ACTIVE,2021-10-13,,"Administrator, sports",L5,DEP006,TEAM026,EMP000415,LOC000,PART_TIME
EMP000196,Cameron Fisher,ACTIVE,2022-06-17,,Clothing/textile technologist,L5,DEP007,TEAM023,EMP000865,LOC003,FULL_TIME
EMP000197,Jerome Cox,ACTIVE,2024-11-21,,"Therapist, horticultural",L4,DEP008,TEAM005,EMP000318,LOC010,FULL_TIME
EMP000198,Daniel Gilbert,ACTIVE,2022-03-08,,"Scientist, research (life sciences)",L2,DEP001,TEAM032,EMP000544,LOC016,FULL_TIME
EMP000199,Victor Brown,ACTIVE,2023-01-01,,Quality manager,L3,DEP005,TEAM009,EMP000150,LOC008,FULL_TIME
EMP000200,Michael Henry,ACTIVE,2025-04-28,,"Producer, radio",L2,DEP012,TEAM004,EMP000792,LOC015,PART_TIME
EMP000201,Erica Hernandez,ACTIVE,2022-01-12,,Computer games developer,L5,DEP007,TEAM036,EMP000640,LOC010,CONTRACTOR
EMP000202,Lauren Joseph,ACTIVE,2022-11-21,,Museum/gallery curator,L4,DEP001,TEAM030,EMP000311,LOC008,CONTRACTOR
EMP000203,Jonathan Jordan,TERMINATED,2024-04-05,2026-07-08,Colour technologist,L5,DEP001,TEAM019,EMP000039,LOC001,PART_TIME
EMP000204,Sherry Arnold,ACTIVE,2025-05-06,,"Engineer, structural",L1,DEP010,TEAM005,EMP000520,LOC012,PART_TIME
EMP000205,Darryl Morgan,ACTIVE,2023-07-20,,Professor Emeritus,L6,DEP014,TEAM002,EMP000830,LOC018,CONTRACTOR
EMP000206,Brandon Simmons,ACTIVE,2023-06-01,,Freight forwarder,L5,DEP007,TEAM032,EMP000064,LOC014,FULL_TIME
EMP000207,Melissa Wells,ACTIVE,2023-04-24,,"Chemist, analytical",L3,DEP011,TEAM005,EMP000177,LOC001,FULL_TIME
EMP000208,Jeffrey Garner,ACTIVE,2025-04-04,,Microbiologist,L4,DEP008,TEAM033,EMP000373,LOC011,PART_TIME
EMP000209,Anthony Frye,ACTIVE,2025-03-04,,"Surveyor, planning and development",L3,DEP010,TEAM038,EMP000647,LOC010,FULL_TIME
EMP000210,Jennifer Russo,ACTIVE,2023-02-14,,Pharmacologist,L5,DEP010,TEAM024,EMP000742,LOC019,FULL_TIME
EMP000211,Amber Roberts,ACTIVE,2025-05-30,,Insurance underwriter,L5,DEP010,TEAM009,EMP000318,LOC012,FULL_TIME
EMP000212,Jordan Moore,ACTIVE,2023-03-20,,Race relations officer,L1,DEP004,TEAM035,EMP000811,LOC010,FULL_TIME
EMP000213,Hayley Hawkins,ACTIVE,2022-09-03,,Colour technologist,L6,DEP010,TEAM033,EMP000687,LOC013,CONTRACTOR
EMP000214,Darrell Patterson,ACTIVE,2024-12-17,,"Surveyor, mining",L3,DEP004,TEAM011,EMP000350,LOC015,FULL_TIME
EMP000215,Lisa Day,ACTIVE,2024-12-25,,Agricultural engineer,L2,DEP002,TEAM004,EMP000808,LOC003,CONTRACTOR
EMP000216,Sandra Adams,ACTIVE,2024-04-23,,Education administrator,L6,DEP014,TEAM033,,LOC010,CONTRACTOR
EMP000217,Tammy Bell,TERMINATED,2022-11-18,2025-11-13,"Education officer, community",L4,DEP002,TEAM010,EMP000710,LOC019,FULL_TIME
EMP000218,Matthew Jones,ACTIVE,2025-06-02,,Airline pilot,L1,DEP006,TEAM023,EMP000244,LOC014,CONTRACTOR
EMP000219,Cindy Barnes,ACTIVE,2022-02-09,,Licensed conveyancer,L6,DEP012,TEAM028,EMP000245,LOC009,PART_TIME
EMP000220,Nathan Frank,ACTIVE,2022-05-22,,Tax inspector,L2,DEP005,TEAM036,EMP000473,LOC009,PART_TIME
EMP000221,Anthony Moore,ACTIVE,2024-04-03,,Waste management officer,L4,DEP002,TEAM012,EMP000142,LOC008,FULL_TIME
EMP000222,Denise Stanley,ACTIVE,2021-12-06,,"Radiographer, diagnostic",L3,DEP008,TEAM006,EMP000529,LOC003,PART_TIME
EMP000223,Daniel Hunt,TERMINATED,2024-04-20,2026-03-07,Location manager,L2,DEP004,TEAM028,EMP000151,LOC013,FULL_TIME
EMP000224,Michael Watkins,ACTIVE,2023-07-19,,Secretary/administrator,L2,DEP013,TEAM028,EMP000953,LOC000,PART_TIME
EMP000225,James Greene,TERMINATED,2024-07-22,2025-11-13,Actor,L5,DEP005,TEAM015,EMP000084,LOC011,FULL_TIME
EMP000226,Pamela Duran,TERMINATED,2022-08-03,2023-11-14,Horticultural consultant,L1,DEP013,TEAM021,EMP000141,LOC001,PART_TIME
EMP000227,Jonathan Jordan,ACTIVE,2023-02-11,,"Conservation officer, nature",L4,DEP011,TEAM008,EMP000481,LOC014,CONTRACTOR
EMP000228,Kathryn Whitaker,TERMINATED,2023-05-03,2025-08-07,Manufacturing systems engineer,L1,DEP000,TEAM016,EMP000154,LOC017,CONTRACTOR
EMP000229,Patrick Graham,ACTIVE,2022-01-09,,Psychiatric nurse,L4,DEP001,TEAM018,EMP000125,LOC001,FULL_TIME
EMP000230,Erik Patterson,ACTIVE,2025-08-20,,Ophthalmologist,L5,DEP007,TEAM004,EMP000927,LOC015,CONTRACTOR
EMP000231,Donna Sullivan,ACTIVE,2024-09-26,,"Journalist, broadcasting",L6,DEP008,TEAM036,EMP000148,LOC009,PART_TIME
EMP000232,Tamara Davis,TERMINATED,2022-06-13,2026-05-12,Claims inspector/assessor,L3,DEP003,TEAM036,EMP000681,LOC002,CONTRACTOR
EMP000233,James Miller,ACTIVE,2022-10-02,,Insurance claims handler,L1,DEP008,TEAM034,EMP000520,LOC017,FULL_TIME
EMP000234,Gary Jackson,ACTIVE,2024-11-21,,"Sales professional, IT",L4,DEP000,TEAM024,EMP000260,LOC000,PART_TIME
EMP000235,Jordan Bullock,ACTIVE,2024-05-30,,Magazine journalist,L3,DEP003,TEAM006,EMP000753,LOC010,FULL_TIME
EMP000236,Maria Hernandez,TERMINATED,2023-03-19,2026-04-21,"Civil engineer, contracting",L5,DEP005,TEAM011,EMP000702,LOC014,CONTRACTOR
EMP000237,Christopher Hernandez,ACTIVE,2022-05-05,,Call centre manager,L2,DEP012,TEAM008,EMP000795,LOC014,FULL_TIME
EMP000238,Lori Marshall,ACTIVE,2022-06-22,,"Surveyor, rural practice",L1,DEP012,TEAM012,EMP000324,LOC009,CONTRACTOR
EMP000239,Melanie Macias,ACTIVE,2024-12-13,,IT trainer,L5,DEP007,TEAM016,,LOC006,PART_TIME
EMP000240,Emily Gonzales,ACTIVE,2025-05-24,,"Psychotherapist, child",L1,DEP013,TEAM021,EMP000819,LOC011,PART_TIME
EMP000241,Rebecca Vargas,ACTIVE,2023-08-07,,Management consultant,L6,DEP007,TEAM024,EMP000192,LOC015,CONTRACTOR
EMP000242,Joel Johnson,ACTIVE,2023-11-17,,"Merchandiser, retail",L5,DEP004,TEAM005,EMP000081,LOC013,CONTRACTOR
EMP000243,Matthew Madden,ACTIVE,2025-04-03,,Chemical engineer,L2,DEP008,TEAM018,EMP000082,LOC010,CONTRACTOR
EMP000244,Janice Carpenter,ACTIVE,2024-05-02,,Architectural technologist,L4,DEP009,TEAM027,EMP000455,LOC011,PART_TIME
EMP000245,Erica Alvarez,TERMINATED,2023-08-19,2026-01-23,Dentist,L3,DEP009,TEAM027,EMP000811,LOC001,FULL_TIME
EMP000246,Robert Monroe,ACTIVE,2021-12-25,,Chartered accountant,L4,DEP005,TEAM032,EMP000696,LOC005,FULL_TIME
EMP000247,David Kim,TERMINATED,2023-11-12,2026-08-11,Print production planner,L5,DEP010,TEAM028,,LOC002,FULL_TIME
EMP000248,Caitlin Watson,ACTIVE,2023-12-13,,Heritage manager,L3,DEP005,TEAM024,EMP000034,LOC019,FULL_TIME
EMP000249,George Harper,ACTIVE,2023-05-14,,"Lecturer, higher education",L3,DEP005,TEAM028,EMP000588,LOC004,CONTRACTOR
EMP000250,Justin Hughes,ACTIVE,2021-12-31,,Forensic psychologist,L3,DEP010,TEAM017,EMP000117,LOC000,CONTRACTOR
EMP000251,Tracey Morrison,ACTIVE,2024-10-18,,Dealer,L5,DEP006,TEAM035,EMP000794,LOC008,CONTRACTOR
EMP000252,Matthew Rangel,ACTIVE,2023-02-19,,Insurance claims handler,L5,DEP004,TEAM031,EMP000139,LOC002,PART_TIME
EMP000253,Jenna Larson,ACTIVE,2024-07-05,,Chartered accountant,L6,DEP007,TEAM005,EMP000991,LOC010,CONTRACTOR
EMP000254,Maria Murphy,ACTIVE,2023-01-13,,Conference centre manager,L1,DEP008,TEAM034,EMP000308,LOC005,CONTRACTOR
EMP000255,Theresa Osborn,ACTIVE,2024-07-26,,Secretary/administrator,L6,DEP010,TEAM011,EMP000521,LOC007,FULL_TIME
EMP000256,Jessica Cox,ACTIVE,2022-02-12,,Medical laboratory scientific officer,L2,DEP003,TEAM031,,LOC017,CONTRACTOR
EMP000257,Daniel Meza,ACTIVE,2023-01-12,,"Radiographer, diagnostic",L5,DEP002,TEAM039,EMP000068,LOC009,PART_TIME
EMP000258,Chad Jones,ACTIVE,2022-07-15,,Chiropractor,L6,DEP007,TEAM033,EMP000420,LOC018,FULL_TIME
EMP000259,Sophia Johnson,TERMINATED,2023-11-17,2026-03-04,Legal secretary,L3,DEP010,TEAM004,EMP000697,LOC016,PART_TIME
EMP000260,Brittany White,TERMINATED,2025-06-12,2025-09-21,Diagnostic radiographer,L5,DEP010,TEAM037,EMP000990,LOC004,PART_TIME
EMP000261,Jason Rhodes,ACTIVE,2024-10-14,,Field seismologist,L1,DEP013,TEAM007,EMP000312,LOC005,FULL_TIME
EMP000262,Nicole Bowers,ACTIVE,2023-08-11,,Facilities manager,L6,DEP003,TEAM022,EMP000532,LOC009,FULL_TIME
EMP000263,Vincent Mueller,ACTIVE,2023-12-28,,"Engineer, biomedical",L6,DEP008,TEAM017,EMP000311,LOC019,CONTRACTOR
EMP000264,Victoria Murray,TERMINATED,2023-04-14,2026-03-02,Herbalist,L6,DEP002,TEAM037,EMP000158,LOC005,CONTRACTOR
EMP000265,Joseph Burch,ACTIVE,2025-01-10,,"Engineer, communications",L5,DEP005,TEAM036,,LOC000,FULL_TIME
EMP000266,David Davidson,TERMINATED,2025-02-15,2026-05-30,Meteorologist,L6,DEP012,TEAM036,EMP000216,LOC018,PART_TIME
EMP000267,Michelle Black,ACTIVE,2024-01-29,,Company secretary,L1,DEP007,TEAM034,EMP000980,LOC009,PART_TIME
EMP000268,Christopher Cole,ACTIVE,2022-12-06,,Scientific laboratory technician,L6,DEP006,TEAM019,EMP000706,LOC001,FULL_TIME
EMP000269,Anna Lozano,ACTIVE,2022-05-06,,"Production designer, theatre/television/film",L4,DEP007,TEAM013,EMP000148,LOC010,CONTRACTOR
EMP000270,Alexander Brown,ACTIVE,2025-06-25,,Retail buyer,L3,DEP006,TEAM008,EMP000528,LOC017,FULL_TIME
EMP000271,Zachary Brooks,ACTIVE,2023-04-23,,Air broker,L4,DEP001,TEAM017,EMP000145,LOC003,FULL_TIME
EMP000272,Sara Santos,ACTIVE,2023-01-28,,Dancer,L4,DEP013,TEAM039,EMP000986,LOC005,PART_TIME
EMP000273,Thomas Kennedy,ACTIVE,2022-04-21,,Corporate treasurer,L6,DEP005,TEAM012,EMP000511,LOC016,PART_TIME
EMP000274,Joan Smith,ACTIVE,2024-12-11,,Cartographer,L3,DEP007,TEAM001,EMP000403,LOC016,PART_TIME
EMP000275,Ruben Dunn,ACTIVE,2021-10-19,,Transport planner,L2,DEP009,TEAM022,,LOC009,PART_TIME
EMP000276,Ricardo Young,ACTIVE,2023-12-18,,Community development worker,L6,DEP010,TEAM030,EMP000009,LOC003,PART_TIME
EMP000277,Riley Bryant,TERMINATED,2021-12-03,2023-12-13,Clinical psychologist,L3,DEP011,TEAM023,EMP000375,LOC001,PART_TIME
EMP000278,Alexis Robertson,TERMINATED,2025-04-11,2026-05-04,Financial controller,L5,DEP003,TEAM023,EMP000076,LOC012,CONTRACTOR
EMP000279,Jeffrey Mendez,ACTIVE,2024-10-10,,Financial adviser,L5,DEP004,TEAM039,EMP000122,LOC004,FULL_TIME
EMP000280,Matthew Miller,ACTIVE,2024-02-23,,Media planner,L3,DEP008,TEAM023,EMP000204,LOC019,CONTRACTOR
EMP000281,Kimberly Hartman,ACTIVE,2022-01-03,,"Runner, broadcasting/film/video",L1,DEP000,TEAM002,EMP000342,LOC015,CONTRACTOR
EMP000282,Shane Williams,ACTIVE,2024-01-28,,Naval architect,L5,DEP014,TEAM032,EMP000954,LOC019,PART_TIME
EMP000283,Alan Kramer,ACTIVE,2023-04-22,,Location manager,L5,DEP011,TEAM019,EMP000520,LOC016,CONTRACTOR
EMP000284,Lori Ingram,ACTIVE,2022-09-29,,Learning mentor,L5,DEP004,TEAM030,EMP000378,LOC010,CONTRACTOR
EMP000285,George Day,TERMINATED,2022-04-15,2022-08-30,"Psychologist, forensic",L4,DEP009,TEAM019,EMP000743,LOC000,CONTRACTOR
EMP000286,Clarence Taylor,ACTIVE,2024-09-04,,"Programmer, systems",L6,DEP012,TEAM037,EMP000739,LOC001,CONTRACTOR
EMP000287,Andrew Gonzalez,ACTIVE,2021-11-16,,Architectural technologist,L5,DEP010,TEAM039,EMP000390,LOC004,CONTRACTOR
EMP000288,Kaylee Hays,ACTIVE,2023-01-23,,Speech and language therapist,L5,DEP011,TEAM007,EMP000452,LOC010,PART_TIME
EMP000289,Paul Lee,ACTIVE,2023-09-25,,Marketing executive,L6,DEP003,TEAM026,EMP000627,LOC015,CONTRACTOR
EMP000290,Sharon Rivera,ACTIVE,2025-05-21,,Company secretary,L6,DEP002,TEAM033,EMP000333,LOC015,CONTRACTOR
EMP000291,Steve Paul,ACTIVE,2025-02-12,,Nature conservation officer,L2,DEP007,TEAM034,EMP000363,LOC008,CONTRACTOR
EMP000292,Kathleen Jimenez,ACTIVE,2023-02-28,,"Scientist, physiological",L2,DEP004,TEAM035,EMP000965,LOC009,PART_TIME
EMP000293,Monica Miller,ACTIVE,2022-11-08,,Town planner,L6,DEP011,TEAM031,EMP000358,LOC017,CONTRACTOR
EMP000294,Edward Garcia,ACTIVE,2025-03-20,,Land,L1,DEP009,TEAM034,EMP000405,LOC011,FULL_TIME
EMP000295,Jeremy Robbins,ACTIVE,2024-07-12,,Dietitian,L3,DEP011,TEAM005,EMP000453,LOC008,CONTRACTOR
EMP000296,Jeremy Acosta,ACTIVE,2024-08-26,,Manufacturing engineer,L2,DEP013,TEAM034,EMP000576,LOC008,FULL_TIME
EMP000297,William Gould,TERMINATED,2024-05-02,2026-03-08,Cabin crew,L6,DEP009,TEAM015,EMP000686,LOC016,FULL_TIME
EMP000298,Heidi Owen,ACTIVE,2024-07-28,,"Designer, jewellery",L1,DEP001,TEAM026,EMP000484,LOC003,CONTRACTOR
EMP000299,Lawrence Harrington,ACTIVE,2021-11-07,,Animal nutritionist,L1,DEP008,TEAM010,EMP000958,LOC015,PART_TIME
EMP000300,Richard Diaz,ACTIVE,2022-04-04,,Music therapist,L3,DEP005,TEAM018,EMP000930,LOC002,CONTRACTOR
EMP000301,Christian Cole,ACTIVE,2024-02-18,,Metallurgist,L5,DEP011,TEAM002,EMP000180,LOC013,FULL_TIME
EMP000302,Billy Taylor,ACTIVE,2023-04-20,,Medical technical officer,L1,DEP013,TEAM025,EMP000191,LOC009,FULL_TIME
EMP000303,Danielle Wilson,TERMINATED,2023-05-31,2024-09-30,Electronics engineer,L5,DEP009,TEAM006,EMP000344,LOC009,PART_TIME
EMP000304,Susan Wilson,ACTIVE,2023-11-04,,Gaffer,L5,DEP008,TEAM031,EMP000138,LOC016,PART_TIME
EMP000305,Zachary Mitchell,ACTIVE,2024-09-17,,Recycling officer,L1,DEP005,TEAM010,EMP000664,LOC008,CONTRACTOR
EMP000306,Samuel Hayes,ACTIVE,2022-07-27,,"Producer, television/film/video",L6,DEP005,TEAM018,EMP000776,LOC006,FULL_TIME
EMP000307,Tracy Downs,ACTIVE,2022-02-03,,"Loss adjuster, chartered",L6,DEP014,TEAM025,EMP000528,LOC010,FULL_TIME
EMP000308,Joshua Vance,ACTIVE,2024-09-26,,"Designer, industrial/product",L1,DEP002,TEAM008,EMP000959,LOC007,FULL_TIME
EMP000309,Melody Thompson,ACTIVE,2024-09-29,,Medical illustrator,L2,DEP007,TEAM017,EMP000310,LOC018,CONTRACTOR
EMP000310,William Conner,ACTIVE,2023-11-19,,Fast food restaurant manager,L3,DEP010,TEAM023,EMP000064,LOC003,PART_TIME
EMP000311,Isaac Armstrong MD,ACTIVE,2025-01-29,,Structural engineer,L4,DEP010,TEAM032,EMP000910,LOC009,CONTRACTOR
EMP000312,James Love,TERMINATED,2022-04-09,2023-01-01,Quality manager,L3,DEP005,TEAM039,EMP000981,LOC004,PART_TIME
EMP000313,Jason Andrews,ACTIVE,2023-12-15,,Comptroller,L6,DEP009,TEAM023,EMP000563,LOC015,CONTRACTOR
EMP000314,Joanna Frazier,ACTIVE,2023-01-25,,Local government officer,L2,DEP012,TEAM015,EMP000611,LOC002,CONTRACTOR
EMP000315,Penny Bowman,ACTIVE,2022-04-07,,"Education officer, environmental",L6,DEP005,TEAM004,EMP000115,LOC001,CONTRACTOR
EMP000316,Jessica Bartlett,ACTIVE,2024-12-25,,Automotive engineer,L2,DEP009,TEAM034,EMP000336,LOC016,PART_TIME
EMP000317,Elizabeth Martin,TERMINATED,2025-04-03,2025-07-08,Equality and diversity officer,L2,DEP011,TEAM037,EMP000921,LOC016,PART_TIME
EMP000318,Kelly Campbell,ACTIVE,2023-03-11,,Careers information officer,L4,DEP002,TEAM032,EMP000578,LOC001,CONTRACTOR
EMP000319,Tyler Hill,ACTIVE,2022-10-14,,Immunologist,L3,DEP011,TEAM001,EMP000837,LOC000,CONTRACTOR
EMP000320,Kathryn Jackson,ACTIVE,2024-05-01,,Telecommunications researcher,L1,DEP000,TEAM027,EMP000066,LOC017,FULL_TIME
EMP000321,Marcus Winters,ACTIVE,2022-05-17,,Leisure centre manager,L1,DEP014,TEAM030,,LOC013,FULL_TIME
EMP000322,Amanda Shields,ACTIVE,2025-04-20,,Ceramics designer,L6,DEP011,TEAM026,EMP000913,LOC012,PART_TIME
EMP000323,Patricia Baker,ACTIVE,2021-11-29,,"Engineer, materials",L4,DEP006,TEAM005,EMP000678,LOC017,FULL_TIME
EMP000324,Lisa Johnson,ACTIVE,2024-12-24,,Sports administrator,L3,DEP001,TEAM011,EMP000403,LOC016,FULL_TIME
EMP000325,Elizabeth Sanchez,ACTIVE,2022-12-13,,"Optician, dispensing",L2,DEP013,TEAM000,EMP000306,LOC014,CONTRACTOR
EMP000326,Michael Moore,ACTIVE,2022-12-26,,Pathologist,L4,DEP008,TEAM024,EMP000254,LOC014,PART_TIME
EMP000327,Gerald Thomas,ACTIVE,2023-10-12,,"Investment banker, operational",L2,DEP014,TEAM007,,LOC013,CONTRACTOR
EMP000328,Haley Ross PhD,ACTIVE,2024-11-03,,"Scientist, biomedical",L1,DEP003,TEAM013,EMP000609,LOC001,PART_TIME
EMP000329,David Martinez,ACTIVE,2024-02-09,,"Production assistant, television",L6,DEP013,TEAM003,EMP000046,LOC012,PART_TIME
EMP000330,Anthony Dougherty,ACTIVE,2022-10-10,,Warden/ranger,L2,DEP012,TEAM003,EMP000297,LOC007,CONTRACTOR
EMP000331,Sean Moore,ACTIVE,2023-07-01,,Land,L5,DEP009,TEAM020,EMP000898,LOC004,CONTRACTOR
EMP000332,Emily Hines,ACTIVE,2025-09-09,,Research scientist (physical sciences),L4,DEP004,TEAM017,EMP000972,LOC018,CONTRACTOR
EMP000333,Shawn Jimenez,ACTIVE,2023-11-28,,Chemical engineer,L6,DEP010,TEAM027,EMP000049,LOC011,CONTRACTOR
EMP000334,Tracy Lewis,ACTIVE,2023-05-23,,Manufacturing engineer,L5,DEP005,TEAM026,EMP000308,LOC012,FULL_TIME
EMP000335,Johnny Khan,ACTIVE,2021-12-04,,"Psychotherapist, dance movement",L4,DEP003,TEAM014,EMP000725,LOC004,PART_TIME
EMP000336,Sarah Jordan,ACTIVE,2022-12-07,,"Geneticist, molecular",L5,DEP006,TEAM026,EMP000138,LOC012,FULL_TIME
EMP000337,Jamie Williams,ACTIVE,2024-10-24,,Arts development officer,L3,DEP010,TEAM005,EMP000868,LOC011,FULL_TIME
EMP000338,Heidi Roberts,ACTIVE,2024-02-22,,Nature conservation officer,L2,DEP000,TEAM017,EMP000620,LOC019,FULL_TIME
EMP000339,Joshua Bryan,ACTIVE,2023-11-12,,Youth worker,L2,DEP012,TEAM037,EMP000573,LOC006,PART_TIME
EMP000340,Betty Davis,ACTIVE,2024-08-11,,Midwife,L3,DEP004,TEAM000,EMP000195,LOC003,CONTRACTOR
EMP000341,Ms. Holly Thomas,ACTIVE,2025-02-05,,Town planner,L4,DEP014,TEAM015,EMP000721,LOC006,PART_TIME
EMP000342,Andrew Williams,ACTIVE,2023-11-19,,"Lecturer, further education",L5,DEP005,TEAM018,EMP000547,LOC011,PART_TIME
EMP000343,Jesus Obrien,ACTIVE,2025-02-19,,"Scientist, biomedical",L5,DEP014,TEAM031,EMP000823,LOC015,PART_TIME
EMP000344,Louis Martin,ACTIVE,2022-04-25,,Warehouse manager,L3,DEP005,TEAM026,,LOC007,CONTRACTOR
EMP000345,George Clayton,TERMINATED,2024-11-11,2026-08-27,Site engineer,L3,DEP008,TEAM037,EMP000428,LOC009,FULL_TIME
EMP000346,Elizabeth Cabrera,ACTIVE,2023-10-20,,"Merchandiser, retail",L2,DEP006,TEAM036,EMP000512,LOC017,CONTRACTOR
EMP000347,Veronica Silva,ACTIVE,2023-02-16,,Aid worker,L3,DEP004,TEAM031,EMP000658,LOC015,PART_TIME
EMP000348,Walter Patton,ACTIVE,2024-04-04,,Technical sales engineer,L3,DEP002,TEAM008,EMP000501,LOC005,CONTRACTOR
EMP000349,Anthony Castillo,ACTIVE,2024-03-05,,"Scientist, research (physical sciences)",L1,DEP008,TEAM002,EMP000077,LOC001,FULL_TIME
EMP000350,Patricia James,ACTIVE,2024-05-24,,Financial manager,L6,DEP003,TEAM004,EMP000010,LOC006,CONTRACTOR
EMP000351,Melody Lee,ACTIVE,2021-11-08,,Prison officer,L1,DEP009,TEAM039,EMP000676,LOC015,FULL_TIME
EMP000352,Michael Jenkins,TERMINATED,2023-01-20,2024-10-31,Veterinary surgeon,L5,DEP006,TEAM000,,LOC008,CONTRACTOR
EMP000353,Ryan Luna,ACTIVE,2025-08-19,,Corporate investment banker,L1,DEP008,TEAM027,EMP000932,LOC005,FULL_TIME
EMP000354,Frederick Bates,ACTIVE,2023-12-04,,Secondary school teacher,L5,DEP002,TEAM015,EMP000540,LOC008,PART_TIME
EMP000355,Christopher Barr,ACTIVE,2023-04-28,,"Lighting technician, broadcasting/film/video",L4,DEP001,TEAM023,EMP000471,LOC018,FULL_TIME
EMP000356,Raymond Le,ACTIVE,2024-01-16,,"Geneticist, molecular",L2,DEP004,TEAM005,EMP000879,LOC001,FULL_TIME
EMP000357,Dr. Douglas Evans,ACTIVE,2024-04-24,,Human resources officer,L4,DEP008,TEAM030,EMP000010,LOC005,FULL_TIME
EMP000358,Daniel Bush,ACTIVE,2024-12-30,,Investment analyst,L4,DEP010,TEAM021,EMP000879,LOC003,CONTRACTOR
EMP000359,Timothy Pope,ACTIVE,2023-10-05,,Graphic designer,L2,DEP003,TEAM036,EMP000048,LOC002,CONTRACTOR
EMP000360,Michael James,ACTIVE,2022-12-11,,Nutritional therapist,L5,DEP009,TEAM002,EMP000871,LOC010,FULL_TIME
EMP000361,Raymond Thomas,ACTIVE,2025-03-14,,Archivist,L5,DEP002,TEAM025,EMP000307,LOC005,CONTRACTOR
EMP000362,Angela Bradshaw,ACTIVE,2022-12-10,,Furniture conservator/restorer,L4,DEP010,TEAM034,EMP000774,LOC004,CONTRACTOR
EMP000363,Dale Ryan,ACTIVE,2024-11-23,,"Surveyor, planning and development",L5,DEP011,TEAM022,EMP000448,LOC007,FULL_TIME
EMP000364,Brian Yang,ACTIVE,2024-09-05,,Film/video editor,L5,DEP009,TEAM025,EMP000335,LOC000,CONTRACTOR
EMP000365,Taylor Perez,ACTIVE,2022-10-01,,"Exhibitions officer, museum/gallery",L4,DEP007,TEAM014,EMP000964,LOC012,PART_TIME
EMP000366,Gary Kennedy,ACTIVE,2021-12-10,,"Copywriter, advertising",L5,DEP010,TEAM024,EMP000634,LOC009,FULL_TIME
EMP000367,Vanessa Moore,ACTIVE,2021-09-28,,Publishing copy,L1,DEP004,TEAM009,EMP000803,LOC004,CONTRACTOR
EMP000368,Nicole Mitchell,ACTIVE,2023-10-01,,Higher education lecturer,L3,DEP001,TEAM005,,LOC009,PART_TIME
EMP000369,Randy Pearson,ACTIVE,2024-06-19,,Exhibition designer,L3,DEP001,TEAM008,EMP000442,LOC014,CONTRACTOR
EMP000370,Sarah Johnson,ACTIVE,2023-12-30,,Economist,L4,DEP001,TEAM001,EMP000568,LOC002,CONTRACTOR
EMP000371,Casey Gillespie,ACTIVE,2023-07-01,,Occupational psychologist,L3,DEP013,TEAM024,,LOC013,PART_TIME
EMP000372,Timothy Hayden DVM,ACTIVE,2025-01-26,,Applications developer,L6,DEP014,TEAM035,EMP000249,LOC018,CONTRACTOR
EMP000373,Lance Hebert,ACTIVE,2021-10-04,,Legal executive,L4,DEP002,TEAM008,EMP000275,LOC015,FULL_TIME
EMP000374,Kimberly Snyder DVM,TERMINATED,2022-12-06,2024-11-10,Retail merchandiser,L4,DEP004,TEAM026,EMP000802,LOC002,PART_TIME
EMP000375,Robert Rivera,ACTIVE,2023-09-17,,Proofreader,L2,DEP011,TEAM031,EMP000201,LOC014,FULL_TIME
EMP000376,Alexis Rogers,TERMINATED,2024-06-23,2025-07-27,Hotel manager,L1,DEP006,TEAM021,EMP000390,LOC010,PART_TIME
EMP000377,Cheryl Carr,ACTIVE,2024-02-19,,"Optician, dispensing",L6,DEP009,TEAM008,EMP000618,LOC006,PART_TIME
EMP000378,Garrett Morales,ACTIVE,2025-03-27,,Chief of Staff,L4,DEP005,TEAM018,EMP000649,LOC015,CONTRACTOR
EMP000379,Mrs. Taylor Smith,ACTIVE,2022-07-04,,Music therapist,L3,DEP006,TEAM017,EMP000403,LOC011,FULL_TIME
EMP000380,Derek Rivera,ACTIVE,2022-09-20,,Television floor manager,L2,DEP009,TEAM034,EMP000787,LOC017,FULL_TIME
EMP000381,Deborah Ward,ACTIVE,2024-10-16,,Fashion designer,L4,DEP011,TEAM013,EMP000299,LOC002,PART_TIME
EMP000382,Julie Moore,ACTIVE,2021-12-25,,Retail buyer,L2,DEP010,TEAM019,EMP000675,LOC004,CONTRACTOR
EMP000383,Michele Collins,ACTIVE,2025-08-23,,Commercial/residential surveyor,L4,DEP001,TEAM028,EMP000491,LOC018,PART_TIME
EMP000384,Elizabeth Mendez,ACTIVE,2024-06-08,,English as a foreign language teacher,L6,DEP006,TEAM034,,LOC011,CONTRACTOR
EMP000385,Jesse Zhang,ACTIVE,2022-04-15,,Midwife,L5,DEP009,TEAM005,EMP000255,LOC011,FULL_TIME
EMP000386,Susan Todd,ACTIVE,2023-06-27,,Engineering geologist,L1,DEP009,TEAM025,EMP000340,LOC013,FULL_TIME
EMP000387,Linda Cobb,TERMINATED,2024-12-16,2025-06-26,Secondary school teacher,L3,DEP003,TEAM032,EMP000572,LOC018,CONTRACTOR
EMP000388,Heidi Stark,ACTIVE,2023-08-14,,Clinical research associate,L4,DEP005,TEAM025,EMP000696,LOC018,CONTRACTOR
EMP000389,Stephanie Harris,ACTIVE,2021-12-24,,Software engineer,L3,DEP000,TEAM030,EMP000426,LOC002,FULL_TIME
EMP000390,Scott Ramos,ACTIVE,2022-05-10,,"Engineer, land",L6,DEP002,TEAM022,EMP000467,LOC006,CONTRACTOR
EMP000391,Ann Dixon,ACTIVE,2024-10-07,,Automotive engineer,L4,DEP001,TEAM028,EMP000464,LOC010,FULL_TIME
EMP000392,Jason Elliott,ACTIVE,2023-08-25,,"Surveyor, land/geomatics",L6,DEP001,TEAM001,EMP000664,LOC003,CONTRACTOR
EMP000393,Elizabeth Johnson,ACTIVE,2023-09-08,,Forest/woodland manager,L6,DEP003,TEAM033,EMP000164,LOC010,CONTRACTOR
EMP000394,Daniel Jones,ACTIVE,2025-03-11,,Pharmacologist,L4,DEP003,TEAM025,EMP000191,LOC013,PART_TIME
EMP000395,Zachary Michael,TERMINATED,2023-03-09,2026-03-01,Broadcast presenter,L5,DEP014,TEAM012,EMP000440,LOC012,FULL_TIME
EMP000396,Dustin White,ACTIVE,2025-09-09,,Control and instrumentation engineer,L2,DEP004,TEAM004,EMP000819,LOC017,FULL_TIME
EMP000397,Monica Stuart,ACTIVE,2024-12-22,,Minerals surveyor,L2,DEP007,TEAM007,EMP000884,LOC015,CONTRACTOR
EMP000398,Sergio Knox,ACTIVE,2025-07-05,,Mining engineer,L3,DEP009,TEAM024,EMP000602,LOC003,PART_TIME
EMP000399,Mary Ryan,ACTIVE,2022-01-22,,Magazine features editor,L4,DEP009,TEAM011,EMP000723,LOC009,CONTRACTOR
EMP000400,Joshua Rice,ACTIVE,2022-03-23,,Environmental health practitioner,L6,DEP002,TEAM020,EMP000313,LOC003,FULL_TIME
EMP000401,Alexander Evans,ACTIVE,2025-04-08,,Sport and exercise psychologist,L2,DEP008,TEAM024,EMP000142,LOC018,PART_TIME
EMP000402,Samantha Wright,ACTIVE,2023-07-10,,Logistics and distribution manager,L4,DEP010,TEAM034,EMP000661,LOC005,CONTRACTOR
EMP000403,Timothy Hardy,ACTIVE,2022-05-18,,"Clinical scientist, histocompatibility and immunogenetics",L3,DEP002,TEAM011,EMP000462,LOC019,FULL_TIME
EMP000404,Jennifer Miranda,ACTIVE,2021-11-09,,"Administrator, sports",L1,DEP007,TEAM008,EMP000394,LOC017,CONTRACTOR
EMP000405,Brian Johnson,ACTIVE,2022-09-28,,"Therapist, sports",L4,DEP010,TEAM031,EMP000861,LOC014,PART_TIME
EMP000406,Amber Yang,ACTIVE,2024-07-29,,Operational investment banker,L5,DEP000,TEAM014,EMP000282,LOC007,CONTRACTOR
EMP000407,Daniel Shields,ACTIVE,2023-08-02,,Banker,L4,DEP009,TEAM031,EMP000116,LOC018,FULL_TIME
EMP000408,Donna Cabrera,ACTIVE,2022-04-25,,Teaching laboratory technician,L5,DEP013,TEAM023,EMP000775,LOC001,CONTRACTOR
EMP000409,Patricia Cardenas,ACTIVE,2023-01-28,,Fast food restaurant manager,L2,DEP006,TEAM006,EMP000670,LOC007,PART_TIME
EMP000410,Victoria Boyd,ACTIVE,2023-01-01,,Patent attorney,L1,DEP007,TEAM016,EMP000837,LOC002,PART_TIME
EMP000411,Justin Vargas,ACTIVE,2022-12-30,,Economist,L1,DEP012,TEAM015,EMP000756,LOC018,CONTRACTOR
EMP000412,Kristi Williams,ACTIVE,2024-05-19,,Local government officer,L6,DEP009,TEAM027,EMP000143,LOC006,FULL_TIME
EMP000413,Rachel Flores,ACTIVE,2024-06-15,,Pension scheme manager,L5,DEP005,TEAM034,EMP000552,LOC005,PART_TIME
EMP000414,James Webster,ACTIVE,2023-06-16,,Public librarian,L3,DEP004,TEAM036,EMP000879,LOC016,CONTRACTOR
EMP000415,Elizabeth Zimmerman,ACTIVE,2022-09-29,,"Psychologist, educational",L2,DEP012,TEAM026,EMP000284,LOC004,CONTRACTOR
EMP000416,Jason Butler,ACTIVE,2025-08-11,,Senior tax professional/tax inspector,L2,DEP002,TEAM020,EMP000780,LOC012,PART_TIME
EMP000417,Dalton Lucas,TERMINATED,2022-04-16,2025-08-04,"Production assistant, television",L6,DEP004,TEAM026,EMP000078,LOC002,PART_TIME
EMP000418,Joseph Calderon,ACTIVE,2025-04-27,,Arts development officer,L3,DEP011,TEAM023,EMP000500,LOC010,CONTRACTOR
EMP000419,Lindsey Russo,TERMINATED,2022-11-11,2024-06-18,Emergency planning/management officer,L6,DEP001,TEAM029,EMP000715,LOC011,FULL_TIME
EMP000420,Misty Hansen,ACTIVE,2025-02-20,,Quality manager,L4,DEP003,TEAM027,EMP000507,LOC008,PART_TIME
EMP000421,Felicia Krueger,ACTIVE,2022-08-10,,"Administrator, local government",L3,DEP008,TEAM036,EMP000873,LOC015,PART_TIME
EMP000422,Tonya Wilson,ACTIVE,2022-08-15,,Quality manager,L1,DEP000,TEAM006,EMP000857,LOC014,FULL_TIME
EMP000423,Michele Sanders,TERMINATED,2025-08-10,2026-02-14,Film/video editor,L2,DEP007,TEAM029,,LOC013,FULL_TIME
EMP000424,Douglas Owens,ACTIVE,2024-01-25,,Mechanical engineer,L2,DEP014,TEAM019,EMP000956,LOC008,FULL_TIME
EMP000425,Jose Crawford,ACTIVE,2023-01-12,,Chief Technology Officer,L3,DEP001,TEAM023,EMP000665,LOC005,FULL_TIME
EMP000426,Mrs. Sara Rocha,ACTIVE,2025-02-18,,Metallurgist,L3,DEP011,TEAM014,EMP000094,LOC003,FULL_TIME
EMP000427,Justin Walker,ACTIVE,2023-01-19,,Dancer,L1,DEP002,TEAM037,EMP000697,LOC014,FULL_TIME
EMP000428,Lauren Cortez,TERMINATED,2021-10-15,2024-01-03,Hotel manager,L3,DEP013,TEAM007,EMP000433,LOC004,PART_TIME
EMP000429,James Whitaker,TERMINATED,2022-05-14,2024-01-13,Restaurant manager,L4,DEP001,TEAM006,EMP000377,LOC009,FULL_TIME
EMP000430,Melinda Scott,ACTIVE,2024-01-23,,Records manager,L2,DEP010,TEAM009,EMP000577,LOC000,CONTRACTOR
EMP000431,Katherine Jackson,ACTIVE,2024-10-18,,Management consultant,L4,DEP005,TEAM013,EMP000156,LOC013,CONTRACTOR
EMP000432,Joshua White,ACTIVE,2022-06-09,,Special effects artist,L2,DEP001,TEAM006,EMP000127,LOC018,CONTRACTOR
EMP000433,Kelly Combs,ACTIVE,2024-06-13,,Cabin crew,L4,DEP005,TEAM008,EMP000661,LOC002,FULL_TIME
EMP000434,Pamela Gutierrez,ACTIVE,2025-03-13,,Exercise physiologist,L5,DEP011,TEAM038,EMP000964,LOC000,CONTRACTOR
EMP000435,Alexa Wagner,ACTIVE,2022-01-03,,Midwife,L2,DEP008,TEAM038,EMP000766,LOC012,PART_TIME
EMP000436,Mary Jensen,ACTIVE,2021-12-22,,Radiation protection practitioner,L2,DEP007,TEAM024,EMP000512,LOC019,FULL_TIME
EMP000437,Aaron Arnold Jr.,ACTIVE,2024-07-10,,Senior tax professional/tax inspector,L1,DEP005,TEAM020,EMP000882,LOC018,PART_TIME
EMP000438,William Smith,ACTIVE,2024-10-15,,Planning and development surveyor,L6,DEP002,TEAM030,EMP000789,LOC002,FULL_TIME
EMP000439,Cassie Hull,ACTIVE,2025-02-23,,"Scientist, research (physical sciences)",L1,DEP004,TEAM013,,LOC001,PART_TIME
EMP000440,Manuel King,ACTIVE,2022-05-09,,Manufacturing systems engineer,L6,DEP011,TEAM032,EMP000434,LOC012,FULL_TIME
EMP000441,Angela Chung,ACTIVE,2022-11-09,,Psychiatric nurse,L5,DEP009,TEAM009,EMP000318,LOC002,CONTRACTOR
EMP000442,Michael Evans,ACTIVE,2024-02-14,,Catering manager,L2,DEP008,TEAM020,EMP000650,LOC002,PART_TIME
EMP000443,Marie Johnson MD,ACTIVE,2024-07-01,,Multimedia programmer,L6,DEP013,TEAM015,EMP000089,LOC013,FULL_TIME
EMP000444,Mark Warner,ACTIVE,2024-01-26,,Charity fundraiser,L5,DEP000,TEAM019,EMP000674,LOC005,FULL_TIME
EMP000445,Erin Madden,TERMINATED,2023-11-05,2025-09-09,Chief of Staff,L2,DEP011,TEAM000,EMP000976,LOC011,CONTRACTOR
EMP000446,Amanda Lewis,ACTIVE,2025-07-11,,Tax adviser,L6,DEP004,TEAM010,EMP000768,LOC008,CONTRACTOR
EMP000447,Thomas Cohen,ACTIVE,2023-09-28,,Health visitor,L1,DEP005,TEAM027,EMP000066,LOC008,CONTRACTOR
EMP000448,Mary White,ACTIVE,2025-07-18,,International aid/development worker,L6,DEP001,TEAM031,EMP000369,LOC001,PART_TIME
EMP000449,Laurie Goodwin,ACTIVE,2021-10-14,,Occupational therapist,L2,DEP005,TEAM010,EMP000106,LOC018,CONTRACTOR
EMP000450,Christopher Allen,ACTIVE,2025-09-01,,Neurosurgeon,L2,DEP011,TEAM032,,LOC000,FULL_TIME
EMP000451,Janet Singh,TERMINATED,2024-08-06,2026-07-03,Careers information officer,L3,DEP006,TEAM009,EMP000984,LOC001,CONTRACTOR
EMP000452,Haley Davis,ACTIVE,2023-11-06,,Exhibition designer,L6,DEP011,TEAM026,EMP000255,LOC013,CONTRACTOR
EMP000453,Larry Austin,ACTIVE,2025-04-14,,"Therapist, nutritional",L1,DEP009,TEAM023,EMP000690,LOC001,FULL_TIME
EMP000454,Erin Walters,ACTIVE,2023-05-29,,"Production designer, theatre/television/film",L5,DEP000,TEAM025,EMP000477,LOC009,PART_TIME
EMP000455,Juan Bennett,ACTIVE,2023-10-22,,Electronics engineer,L5,DEP007,TEAM000,EMP000299,LOC018,PART_TIME
EMP000456,Jamie Barton,ACTIVE,2024-08-10,,Hotel manager,L2,DEP007,TEAM023,EMP000506,LOC006,CONTRACTOR
EMP000457,Benjamin Adams,ACTIVE,2025-02-10,,Museum/gallery conservator,L2,DEP002,TEAM000,EMP000025,LOC007,CONTRACTOR
EMP000458,Brittany Price,ACTIVE,2024-09-29,,Media planner,L6,DEP014,TEAM000,EMP000002,LOC012,CONTRACTOR
EMP000459,Tommy Wallace,ACTIVE,2022-03-04,,Geophysicist/field seismologist,L1,DEP003,TEAM033,EMP000430,LOC015,FULL_TIME
EMP000460,Cody Cole,ACTIVE,2022-02-25,,"Surveyor, building control",L2,DEP011,TEAM017,EMP000944,LOC007,CONTRACTOR
EMP000461,Alexander Gomez,ACTIVE,2023-11-25,,Chief Financial Officer,L3,DEP007,TEAM005,EMP000518,LOC004,CONTRACTOR
EMP000462,Erika Cruz,ACTIVE,2024-04-04,,"Horticulturist, amenity",L1,DEP009,TEAM036,EMP000679,LOC004,FULL_TIME
EMP000463,Bradley Santana,ACTIVE,2023-06-24,,Financial manager,L3,DEP014,TEAM025,EMP000754,LOC010,PART_TIME
EMP000464,Melissa Jackson,ACTIVE,2024-02-25,,Geophysical data processor,L2,DEP001,TEAM012,EMP000789,LOC018,FULL_TIME
EMP000465,Charles Jackson,ACTIVE,2022-12-31,,Health and safety adviser,L2,DEP007,TEAM029,EMP000124,LOC017,PART_TIME
EMP000466,Richard Ward,ACTIVE,2023-07-06,,Fine artist,L2,DEP007,TEAM019,EMP000873,LOC003,FULL_TIME
EMP000467,Linda Gonzalez,ACTIVE,2024-10-13,,Clinical biochemist,L6,DEP004,TEAM038,,LOC010,FULL_TIME
EMP000468,James Skinner,TERMINATED,2022-04-18,2024-11-19,Museum/gallery conservator,L2,DEP005,TEAM025,EMP000694,LOC009,PART_TIME
EMP000469,Jessica Jordan,ACTIVE,2025-02-20,,"Therapist, music",L2,DEP000,TEAM025,EMP000570,LOC017,FULL_TIME
EMP000470,Travis Harris,TERMINATED,2022-04-19,2024-11-07,Interior and spatial designer,L1,DEP012,TEAM008,EMP000064,LOC007,FULL_TIME
EMP000471,Tracy Carter,ACTIVE,2022-06-22,,Recycling officer,L4,DEP005,TEAM005,EMP000266,LOC002,FULL_TIME
EMP000472,Erika Ramirez,ACTIVE,2024-03-02,,"Nurse, learning disability",L2,DEP014,TEAM028,EMP000095,LOC010,FULL_TIME
EMP000473,Christina Osborn,TERMINATED,2023-04-10,2023-10-03,Education administrator,L4,DEP000,TEAM010,EMP000444,LOC012,PART_TIME
EMP000474,Tiffany Murray,TERMINATED,2024-08-14,2026-04-02,"Engineer, manufacturing systems",L6,DEP006,TEAM011,EMP000931,LOC005,PART_TIME
EMP000475,Sandra Jones,ACTIVE,2023-08-02,,Osteopath,L2,DEP000,TEAM039,EMP000252,LOC009,PART_TIME
EMP000476,Mr. David Hopkins DDS,ACTIVE,2024-07-31,,Multimedia programmer,L5,DEP007,TEAM003,EMP000393,LOC004,PART_TIME
EMP000477,Kyle Aguilar,ACTIVE,2022-01-12,,Social researcher,L5,DEP003,TEAM034,EMP000392,LOC011,PART_TIME
EMP000478,Sheila Barnes,ACTIVE,2023-11-15,,Animator,L4,DEP005,TEAM036,EMP000398,LOC008,FULL_TIME
EMP000479,Robin Wheeler,TERMINATED,2025-01-30,2025-11-05,Chartered certified accountant,L5,DEP003,TEAM001,EMP000798,LOC008,FULL_TIME
EMP000480,Mary Kelly,ACTIVE,2022-03-08,,Video editor,L4,DEP008,TEAM022,EMP000239,LOC005,FULL_TIME
EMP000481,Maria Lucas,ACTIVE,2021-11-27,,Learning disability nurse,L2,DEP004,TEAM034,EMP000940,LOC001,FULL_TIME
EMP000482,Adam Green,ACTIVE,2025-02-07,,"Sales professional, IT",L4,DEP005,TEAM011,EMP000607,LOC010,CONTRACTOR
EMP000483,Lauren Johnston,ACTIVE,2024-11-23,,Product designer,L5,DEP000,TEAM022,EMP000578,LOC004,CONTRACTOR
EMP000484,Raymond Chapman,ACTIVE,2023-04-24,,"Restaurant manager, fast food",L4,DEP008,TEAM019,EMP000039,LOC002,FULL_TIME
EMP000485,Alexander Garcia,ACTIVE,2022-05-12,,Pathologist,L2,DEP000,TEAM033,EMP000340,LOC019,FULL_TIME
EMP000486,Audrey Shepard,ACTIVE,2025-08-20,,Curator,L3,DEP011,TEAM011,EMP000865,LOC010,FULL_TIME
EMP000487,Richard Boyd,TERMINATED,2023-03-15,2024-07-11,Magazine features editor,L5,DEP011,TEAM009,EMP000867,LOC016,PART_TIME
EMP000488,Nathan Chavez,ACTIVE,2023-09-29,,Broadcast engineer,L3,DEP011,TEAM025,EMP000345,LOC009,PART_TIME
EMP000489,Ashley Sweeney,TERMINATED,2022-12-30,2023-03-09,Clinical embryologist,L2,DEP011,TEAM027,EMP000984,LOC015,CONTRACTOR
EMP000490,Tara Yang,ACTIVE,2024-08-06,,"Scientist, clinical (histocompatibility and immunogenetics)",L6,DEP008,TEAM039,EMP000229,LOC018,FULL_TIME
EMP000491,Erin Simmons,ACTIVE,2022-06-18,,"Psychologist, counselling",L6,DEP011,TEAM018,EMP000747,LOC000,CONTRACTOR
EMP000492,Lori Lopez,ACTIVE,2022-09-15,,Podiatrist,L4,DEP013,TEAM036,,LOC019,PART_TIME
EMP000493,Lucas Gonzalez,ACTIVE,2023-05-27,,"Therapist, drama",L5,DEP003,TEAM036,EMP000509,LOC004,PART_TIME
EMP000494,Michael Harris,ACTIVE,2023-07-19,,Biomedical scientist,L2,DEP005,TEAM020,EMP000907,LOC002,CONTRACTOR
EMP000495,Shane Lopez,ACTIVE,2024-03-04,,"Journalist, magazine",L6,DEP014,TEAM021,EMP000272,LOC006,FULL_TIME
EMP000496,Dennis Huffman,ACTIVE,2022-07-23,,"Secretary, company",L3,DEP004,TEAM006,EMP000050,LOC012,PART_TIME
EMP000497,James Long,ACTIVE,2024-06-08,,Clothing/textile technologist,L2,DEP014,TEAM026,EMP000388,LOC011,CONTRACTOR
EMP000498,Jimmy Thompson,ACTIVE,2023-03-14,,Human resources officer,L4,DEP012,TEAM036,EMP000704,LOC007,FULL_TIME
EMP000499,Angela Anderson,ACTIVE,2025-08-17,,Commercial/residential surveyor,L1,DEP004,TEAM001,EMP000975,LOC003,FULL_TIME
EMP000500,Clayton Steele,ACTIVE,2022-09-25,,Sales promotion account executive,L4,DEP002,TEAM004,EMP000920,LOC002,PART_TIME
EMP000501,Chad Reyes,ACTIVE,2023-05-16,,Electronics engineer,L5,DEP014,TEAM030,EMP000442,LOC005,CONTRACTOR
EMP000502,Melissa Brewer,ACTIVE,2023-10-16,,Early years teacher,L2,DEP000,TEAM006,EMP000998,LOC006,PART_TIME
EMP000503,Dylan Lopez,ACTIVE,2024-01-30,,"Production designer, theatre/television/film",L6,DEP014,TEAM034,EMP000289,LOC009,FULL_TIME
EMP000504,Tiffany Washington,TERMINATED,2024-05-09,2024-07-31,"Engineer, broadcasting (operations)",L4,DEP009,TEAM035,EMP000158,LOC001,PART_TIME
EMP000505,Kathy Simpson,TERMINATED,2025-03-09,2026-01-01,Regulatory affairs officer,L1,DEP004,TEAM038,EMP000100,LOC000,FULL_TIME
EMP000506,Jill Jackson,ACTIVE,2023-06-27,,Systems analyst,L3,DEP001,TEAM030,EMP000316,LOC012,PART_TIME
EMP000507,Connie Johnson,ACTIVE,2021-11-06,,Equality and diversity officer,L6,DEP004,TEAM005,EMP000397,LOC005,PART_TIME
EMP000508,Richard Cunningham,ACTIVE,2024-01-03,,Research scientist (life sciences),L3,DEP002,TEAM028,,LOC014,PART_TIME
EMP000509,Laura Adams,ACTIVE,2024-01-21,,Speech and language therapist,L3,DEP009,TEAM003,EMP000714,LOC003,FULL_TIME
EMP000510,Kimberly Sherman PhD,ACTIVE,2025-03-21,,Prison officer,L5,DEP006,TEAM037,EMP000063,LOC012,CONTRACTOR
EMP000511,Jeffery Fitzgerald,ACTIVE,2024-01-16,,Firefighter,L5,DEP010,TEAM030,EMP000242,LOC015,PART_TIME
EMP000512,Mrs. Hannah Montoya MD,TERMINATED,2022-12-26,2026-09-14,Commercial/residential surveyor,L6,DEP000,TEAM032,EMP000530,LOC018,CONTRACTOR
EMP000513,Christine Rojas,ACTIVE,2025-01-06,,Make,L2,DEP001,TEAM028,EMP000172,LOC006,FULL_TIME
EMP000514,Carol Taylor,TERMINATED,2025-05-19,2026-09-05,"Engineer, maintenance",L4,DEP001,TEAM027,EMP000843,LOC004,CONTRACTOR
EMP000515,Anthony Bell,ACTIVE,2025-03-06,,Health visitor,L6,DEP014,TEAM004,EMP000570,LOC012,CONTRACTOR
EMP000516,Erica Padilla,ACTIVE,2024-04-04,,Horticultural consultant,L3,DEP008,TEAM029,EMP000013,LOC019,CONTRACTOR
EMP000517,Scott Duke,ACTIVE,2024-02-26,,Chief of Staff,L4,DEP001,TEAM026,EMP000581,LOC018,CONTRACTOR
EMP000518,Rachel Sellers,ACTIVE,2022-04-18,,Health and safety inspector,L1,DEP014,TEAM006,EMP000104,LOC009,CONTRACTOR
EMP000519,Meredith Anderson,ACTIVE,2025-05-28,,Dancer,L4,DEP004,TEAM024,EMP000586,LOC019,PART_TIME
EMP000520,Pam Lowe,TERMINATED,2024-09-29,2025-06-06,Recruitment consultant,L3,DEP006,TEAM009,EMP000698,LOC012,FULL_TIME
EMP000521,Debra Perry,ACTIVE,2022-04-28,,Production engineer,L3,DEP011,TEAM015,,LOC015,PART_TIME
EMP000522,Sheryl Davis,ACTIVE,2022-01-15,,"Scientist, biomedical",L1,DEP005,TEAM019,EMP000864,LOC015,CONTRACTOR
EMP000523,Timothy Wood,ACTIVE,2024-11-27,,Ranger/warden,L2,DEP002,TEAM019,EMP000454,LOC010,PART_TIME
EMP000524,Sheila Boone,ACTIVE,2023-02-10,,Chief Financial Officer,L5,DEP010,TEAM005,EMP000217,LOC013,CONTRACTOR
EMP000525,Madison Terry,ACTIVE,2024-10-29,,Biomedical scientist,L5,DEP013,TEAM023,EMP000528,LOC005,FULL_TIME
EMP000526,Claudia Jordan,ACTIVE,2025-02-07,,"Engineer, mining",L5,DEP006,TEAM008,EMP000537,LOC018,FULL_TIME
EMP000527,Ronald Morgan,ACTIVE,2023-10-28,,Technical brewer,L2,DEP013,TEAM003,EMP000468,LOC001,PART_TIME
EMP000528,Karina Cooper,ACTIVE,2022-04-10,,Art therapist,L3,DEP005,TEAM029,EMP000651,LOC003,CONTRACTOR
EMP000529,Sara Smith,TERMINATED,2021-11-30,2022-10-05,"Designer, industrial/product",L3,DEP007,TEAM038,EMP000984,LOC015,CONTRACTOR
EMP000530,William Patterson,ACTIVE,2023-08-06,,Consulting civil engineer,L3,DEP002,TEAM016,EMP000706,LOC002,PART_TIME
EMP000531,Timothy Hill,TERMINATED,2025-06-21,2026-02-10,Media planner,L1,DEP002,TEAM036,EMP000220,LOC007,CONTRACTOR
EMP000532,Matthew Banks,ACTIVE,2022-10-13,,Associate Professor,L2,DEP004,TEAM026,EMP000886,LOC000,PART_TIME
EMP000533,Molly Fischer,ACTIVE,2023-05-28,,"Pilot, airline",L6,DEP002,TEAM038,EMP000230,LOC008,CONTRACTOR
EMP000534,Brandon Lewis,ACTIVE,2024-07-04,,Careers adviser,L3,DEP011,TEAM017,EMP000386,LOC011,PART_TIME
EMP000535,Kelly Wallace,ACTIVE,2022-04-14,,Actuary,L4,DEP004,TEAM033,EMP000407,LOC018,FULL_TIME
EMP000536,Virginia Henderson,TERMINATED,2024-09-04,2025-05-28,Consulting civil engineer,L6,DEP013,TEAM023,EMP000609,LOC019,PART_TIME
EMP000537,James Cross,ACTIVE,2023-10-02,,"Civil engineer, consulting",L1,DEP007,TEAM004,EMP000284,LOC010,PART_TIME
EMP000538,Stanley Taylor,ACTIVE,2022-02-27,,Contracting civil engineer,L6,DEP014,TEAM019,EMP000530,LOC007,FULL_TIME
EMP000539,Brenda Moreno MD,ACTIVE,2024-06-12,,"Development worker, international aid",L5,DEP006,TEAM020,EMP000739,LOC000,CONTRACTOR
EMP000540,Daniel Goodman,ACTIVE,2023-08-04,,Paramedic,L3,DEP004,TEAM026,EMP000755,LOC001,CONTRACTOR
EMP000541,Shannon Miller,ACTIVE,2024-05-04,,Chiropodist,L5,DEP013,TEAM012,EMP000731,LOC007,CONTRACTOR
EMP000542,Leah Cruz,ACTIVE,2022-04-25,,"Pilot, airline",L4,DEP014,TEAM022,EMP000866,LOC005,CONTRACTOR
EMP000543,Danielle Newman,ACTIVE,2023-01-21,,Fish farm manager,L2,DEP004,TEAM006,EMP000759,LOC008,CONTRACTOR
EMP000544,Michelle Mitchell,ACTIVE,2024-01-27,,Aid worker,L2,DEP010,TEAM021,EMP000228,LOC011,FULL_TIME
EMP000545,Sheri Harris,ACTIVE,2025-04-29,,Training and development officer,L3,DEP006,TEAM021,EMP000600,LOC009,PART_TIME
EMP000546,James Lucas,ACTIVE,2023-11-20,,Film/video editor,L4,DEP000,TEAM037,EMP000636,LOC002,PART_TIME
EMP000547,David Little,ACTIVE,2023-10-28,,Building services engineer,L5,DEP001,TEAM024,EMP000424,LOC001,FULL_TIME
EMP000548,Dr. Bonnie Valencia,TERMINATED,2023-12-19,2024-01-06,"Teacher, adult education",L2,DEP005,TEAM026,EMP000915,LOC014,FULL_TIME
EMP000549,Michael Farmer,ACTIVE,2023-07-05,,"Buyer, industrial",L6,DEP002,TEAM005,EMP000647,LOC005,PART_TIME
EMP000550,Alexis Lewis,ACTIVE,2021-10-15,,Best boy,L1,DEP007,TEAM017,EMP000793,LOC005,CONTRACTOR
EMP000551,Dustin Marquez,ACTIVE,2025-01-28,,Pathologist,L4,DEP012,TEAM005,EMP000445,LOC013,PART_TIME
EMP000552,Angela Herrera,ACTIVE,2023-07-10,,Warden/ranger,L4,DEP006,TEAM000,,LOC006,CONTRACTOR
EMP000553,Eric Dixon,ACTIVE,2022-05-15,,"Engineer, electronics",L1,DEP014,TEAM020,EMP000544,LOC006,FULL_TIME
EMP000554,Gabriel Willis,ACTIVE,2025-02-26,,Brewing technologist,L6,DEP011,TEAM015,EMP000899,LOC011,PART_TIME
EMP000555,Troy Allen,TERMINATED,2023-01-14,2026-01-03,Financial risk analyst,L4,DEP008,TEAM037,EMP000067,LOC001,PART_TIME
EMP000556,Audrey Salazar,ACTIVE,2022-01-31,,Automotive engineer,L4,DEP011,TEAM033,EMP000346,LOC013,CONTRACTOR
EMP000557,Mary Thompson,ACTIVE,2023-01-13,,"Administrator, charities/voluntary organisations",L3,DEP014,TEAM031,EMP000193,LOC005,PART_TIME
EMP000558,Carla Benton,TERMINATED,2024-09-23,2025-01-07,"Scientist, research (medical)",L2,DEP011,TEAM008,EMP000023,LOC018,CONTRACTOR
EMP000559,Michelle Jackson,ACTIVE,2023-12-02,,Computer games developer,L3,DEP011,TEAM002,EMP000656,LOC008,CONTRACTOR
EMP000560,Debra Tanner,ACTIVE,2024-11-27,,Air traffic controller,L5,DEP000,TEAM006,EMP000021,LOC001,CONTRACTOR
EMP000561,Joseph Baker,TERMINATED,2023-02-22,2026-07-29,Technical author,L4,DEP006,TEAM007,EMP000486,LOC004,FULL_TIME
EMP000562,Jesse Ward,ACTIVE,2024-05-21,,Restaurant manager,L6,DEP000,TEAM019,EMP000104,LOC016,PART_TIME
EMP000563,Holly Scott,ACTIVE,2025-05-16,,"Civil engineer, contracting",L6,DEP002,TEAM026,EMP000108,LOC016,CONTRACTOR
EMP000564,Miranda Perez,ACTIVE,2025-07-10,,Sales executive,L3,DEP001,TEAM006,EMP000624,LOC006,PART_TIME
EMP000565,Scott Sanchez,ACTIVE,2021-09-23,,Public house manager,L2,DEP005,TEAM026,EMP000041,LOC017,PART_TIME
EMP000566,Chris Velazquez,ACTIVE,2023-04-08,,Animal technologist,L6,DEP014,TEAM030,EMP000003,LOC000,CONTRACTOR
EMP000567,David Moon,TERMINATED,2024-01-26,2025-11-07,IT consultant,L1,DEP013,TEAM036,EMP000153,LOC002,CONTRACTOR
EMP000568,Jake Shaw,TERMINATED,2022-11-15,2026-05-21,Associate Professor,L6,DEP001,TEAM016,EMP000468,LOC009,PART_TIME
EMP000569,Jose Williams,ACTIVE,2022-06-25,,Oncologist,L1,DEP013,TEAM011,EMP000873,LOC009,PART_TIME
EMP000570,Sharon Ayala,ACTIVE,2022-01-05,,Insurance risk surveyor,L3,DEP006,TEAM007,EMP000777,LOC001,FULL_TIME
EMP000571,Jesus Wood,ACTIVE,2023-02-10,,"Horticulturist, amenity",L6,DEP010,TEAM010,EMP000916,LOC014,CONTRACTOR
EMP000572,Nancy Sanchez,ACTIVE,2024-02-12,,"Merchandiser, retail",L6,DEP001,TEAM023,EMP000188,LOC003,PART_TIME
EMP000573,Yolanda Parsons,ACTIVE,2024-03-27,,Sports coach,L4,DEP004,TEAM024,EMP000490,LOC013,CONTRACTOR
EMP000574,Brittany Randolph,ACTIVE,2024-12-14,,Aeronautical engineer,L2,DEP001,TEAM008,EMP000061,LOC005,FULL_TIME
EMP000575,Makayla Steele,ACTIVE,2022-09-16,,Acupuncturist,L5,DEP007,TEAM036,EMP000186,LOC019,PART_TIME
EMP000576,Matthew Sweeney,ACTIVE,2023-02-22,,Information systems manager,L5,DEP000,TEAM008,EMP000500,LOC003,PART_TIME
EMP000577,William Barnes,ACTIVE,2022-02-28,,Best boy,L1,DEP004,TEAM020,,LOC016,CONTRACTOR
EMP000578,Anna Morse,ACTIVE,2022-04-29,,"Scientist, product/process development",L5,DEP003,TEAM021,EMP000705,LOC019,FULL_TIME
EMP000579,Jacqueline Villegas,ACTIVE,2023-06-23,,Chartered accountant,L6,DEP003,TEAM030,EMP000693,LOC012,FULL_TIME
EMP000580,Casey Wilkins,ACTIVE,2024-03-10,,Cabin crew,L5,DEP014,TEAM039,EMP000659,LOC005,CONTRACTOR
EMP000581,Jessica Brandt,ACTIVE,2024-03-27,,Fast food restaurant manager,L4,DEP013,TEAM010,EMP000504,LOC010,FULL_TIME
EMP000582,Ethan Owen,ACTIVE,2022-12-17,,"Journalist, newspaper",L3,DEP000,TEAM032,EMP000659,LOC012,PART_TIME
EMP000583,David Harding,ACTIVE,2023-01-27,,Copy,L1,DEP007,TEAM028,EMP000459,LOC002,PART_TIME
EMP000584,Ashley Garcia,ACTIVE,2025-01-13,,"Production assistant, television",L1,DEP007,TEAM001,EMP000423,LOC001,CONTRACTOR
EMP000585,Bryan Howard,ACTIVE,2023-09-13,,"Engineer, maintenance (IT)",L1,DEP012,TEAM038,EMP000653,LOC009,CONTRACTOR
EMP000586,Derek Wilson,ACTIVE,2023-08-23,,"Designer, industrial/product",L6,DEP010,TEAM029,EMP000373,LOC001,FULL_TIME
EMP000587,Samantha Terry,ACTIVE,2025-02-25,,Architect,L3,DEP008,TEAM039,EMP000734,LOC011,CONTRACTOR
EMP000588,Erin Davis,ACTIVE,2022-08-20,,Fish farm manager,L1,DEP012,TEAM014,,LOC011,CONTRACTOR
EMP000589,Anthony Evans,ACTIVE,2023-03-26,,Ecologist,L3,DEP008,TEAM033,EMP000109,LOC001,FULL_TIME
EMP000590,Sarah Hawkins,ACTIVE,2021-11-07,,Statistician,L6,DEP011,TEAM026,EMP000626,LOC006,FULL_TIME
EMP000591,Robert Taylor,TERMINATED,2022-10-13,2023-03-09,"Administrator, charities/voluntary organisations",L4,DEP003,TEAM029,EMP000196,LOC010,FULL_TIME
EMP000592,Vickie Anderson,ACTIVE,2021-12-24,,Oncologist,L1,DEP014,TEAM037,EMP000914,LOC014,PART_TIME
EMP000593,Teresa Miller,ACTIVE,2023-04-21,,Theatre director,L5,DEP002,TEAM031,,LOC001,CONTRACTOR
EMP000594,Angela Osborn,ACTIVE,2022-10-27,,"Engineer, civil (consulting)",L5,DEP007,TEAM032,EMP000933,LOC005,CONTRACTOR
EMP000595,Rhonda Davis,ACTIVE,2025-07-22,,Learning disability nurse,L6,DEP013,TEAM008,EMP000674,LOC019,CONTRACTOR
EMP000596,Joel Jackson,ACTIVE,2022-03-29,,"Teacher, secondary school",L5,DEP014,TEAM024,EMP000624,LOC007,PART_TIME
EMP000597,Jennifer Johnson,ACTIVE,2023-07-24,,Physiological scientist,L3,DEP004,TEAM028,EMP000142,LOC013,CONTRACTOR
EMP000598,Terry Hill,ACTIVE,2022-06-15,,Product designer,L6,DEP008,TEAM019,EMP000561,LOC010,CONTRACTOR
EMP000599,Lucas Jensen,ACTIVE,2025-06-23,,Hotel manager,L5,DEP010,TEAM013,EMP000640,LOC009,CONTRACTOR
EMP000600,Juan Brown,ACTIVE,2023-11-04,,Health service manager,L6,DEP002,TEAM011,EMP000711,LOC010,CONTRACTOR
EMP000601,Marvin Robles,TERMINATED,2023-05-07,2023-12-06,Fisheries officer,L3,DEP008,TEAM030,EMP000966,LOC013,CONTRACTOR
EMP000602,Kimberly Smith MD,ACTIVE,2024-05-26,,Mechanical engineer,L5,DEP004,TEAM027,EMP000536,LOC003,FULL_TIME
EMP000603,Kari Durham,ACTIVE,2023-10-05,,Retail buyer,L1,DEP010,TEAM003,EMP000769,LOC005,PART_TIME
EMP000604,Christopher Flores,ACTIVE,2023-02-01,,English as a foreign language teacher,L2,DEP013,TEAM003,EMP000303,LOC006,CONTRACTOR
EMP000605,William Moreno,TERMINATED,2021-11-04,2024-03-25,Television/film/video producer,L4,DEP001,TEAM039,EMP000758,LOC017,FULL_TIME
EMP000606,Ariel Sandoval,ACTIVE,2022-09-16,,Geographical information systems officer,L5,DEP006,TEAM015,EMP000816,LOC009,CONTRACTOR
EMP000607,Sylvia Brown,ACTIVE,2023-12-28,,English as a foreign language teacher,L4,DEP006,TEAM026,EMP001000,LOC010,CONTRACTOR
EMP000608,Ryan Bruce,TERMINATED,2024-03-02,2025-10-26,"Editor, commissioning",L6,DEP004,TEAM012,EMP000800,LOC014,FULL_TIME
EMP000609,Renee Wolfe,ACTIVE,2022-09-22,,"Therapist, art",L6,DEP011,TEAM023,EMP000560,LOC019,FULL_TIME
EMP000610,Heather Bradley,ACTIVE,2021-11-02,,Curator,L2,DEP004,TEAM028,EMP000700,LOC002,FULL_TIME
EMP000611,Sara Cochran,ACTIVE,2024-02-11,,"Research officer, government",L6,DEP008,TEAM007,EMP000439,LOC008,CONTRACTOR
EMP000612,John Davis,ACTIVE,2024-01-10,,"Exhibitions officer, museum/gallery",L2,DEP009,TEAM016,,LOC014,CONTRACTOR
EMP000613,Joseph Smith,ACTIVE,2024-04-11,,Visual merchandiser,L1,DEP002,TEAM020,EMP000793,LOC019,CONTRACTOR
EMP000614,Gina Thompson,ACTIVE,2022-07-29,,Jewellery designer,L5,DEP008,TEAM022,EMP000725,LOC010,CONTRACTOR
EMP000615,Kevin Stark,ACTIVE,2021-12-21,,Clinical psychologist,L2,DEP008,TEAM004,EMP000164,LOC013,CONTRACTOR
EMP000616,Holly Jones,ACTIVE,2025-04-26,,Occupational hygienist,L1,DEP005,TEAM014,EMP000680,LOC010,PART_TIME
EMP000617,Eric Taylor,ACTIVE,2024-03-18,,"Designer, industrial/product",L2,DEP012,TEAM039,EMP000575,LOC000,FULL_TIME
EMP000618,Rebecca Yu,ACTIVE,2024-10-31,,Investment analyst,L4,DEP003,TEAM039,EMP000250,LOC001,CONTRACTOR
EMP000619,Kristina Preston,ACTIVE,2022-06-17,,Visual merchandiser,L4,DEP014,TEAM007,EMP000554,LOC009,FULL_TIME
EMP000620,Max Olsen,ACTIVE,2025-01-24,,Multimedia specialist,L3,DEP008,TEAM032,EMP000045,LOC009,CONTRACTOR
EMP000621,Elizabeth Thompson,ACTIVE,2023-01-09,,Accommodation manager,L5,DEP001,TEAM006,EMP000980,LOC017,CONTRACTOR
EMP000622,Sarah Townsend,TERMINATED,2024-09-14,2026-09-20,Tax inspector,L1,DEP003,TEAM013,EMP000435,LOC003,FULL_TIME
EMP000623,Evan Lamb,ACTIVE,2021-11-09,,Veterinary surgeon,L6,DEP014,TEAM027,EMP000963,LOC002,CONTRACTOR
EMP000624,Ashley Crawford,ACTIVE,2022-08-29,,Learning disability nurse,L1,DEP007,TEAM021,,LOC002,FULL_TIME
EMP000625,Gregory Flores,ACTIVE,2024-11-20,,Chartered management accountant,L3,DEP008,TEAM004,EMP000234,LOC008,PART_TIME
EMP000626,Margaret Tanner,ACTIVE,2025-03-19,,Product manager,L6,DEP006,TEAM027,EMP000399,LOC003,CONTRACTOR
EMP000627,Michael Bell,TERMINATED,2021-10-07,2024-01-08,Clinical cytogeneticist,L6,DEP009,TEAM004,EMP000600,LOC001,CONTRACTOR
EMP000628,James Oconnor,ACTIVE,2024-10-13,,Dietitian,L3,DEP014,TEAM032,EMP000806,LOC009,CONTRACTOR
EMP000629,James Payne Jr.,TERMINATED,2025-06-25,2026-05-12,Quality manager,L4,DEP006,TEAM025,EMP000032,LOC015,FULL_TIME
EMP000630,Marilyn Mcdaniel,ACTIVE,2025-01-27,,"Designer, textile",L2,DEP011,TEAM025,EMP000870,LOC017,PART_TIME
EMP000631,Ryan Phillips,ACTIVE,2023-08-22,,"Investment banker, operational",L2,DEP004,TEAM023,EMP000012,LOC017,CONTRACTOR
EMP000632,Christopher Bennett,TERMINATED,2022-10-30,2023-04-10,Cabin crew,L1,DEP000,TEAM036,EMP000551,LOC017,FULL_TIME
EMP000633,Vanessa Morgan,ACTIVE,2024-01-17,,Visual merchandiser,L6,DEP011,TEAM022,EMP000928,LOC016,FULL_TIME
EMP000634,Mr. Tommy Martin,ACTIVE,2025-07-08,,Politician's assistant,L2,DEP009,TEAM016,EMP000186,LOC018,FULL_TIME
EMP000635,Gary Mccann,ACTIVE,2022-05-22,,Outdoor activities/education manager,L5,DEP007,TEAM035,EMP000688,LOC002,PART_TIME
EMP000636,Monica Baker,TERMINATED,2024-09-07,2025-11-11,Herbalist,L6,DEP009,TEAM031,EMP000366,LOC004,CONTRACTOR
EMP000637,Anthony Armstrong,ACTIVE,2022-12-25,,Recycling officer,L1,DEP004,TEAM039,EMP000199,LOC010,PART_TIME
EMP000638,Aaron Miller,ACTIVE,2022-05-16,,Tourism officer,L5,DEP010,TEAM019,EMP000157,LOC018,CONTRACTOR
EMP000639,Alexander Jackson,ACTIVE,2023-10-06,,"Horticulturist, amenity",L3,DEP006,TEAM010,,LOC007,FULL_TIME
EMP000640,Brian Glover,ACTIVE,2022-01-25,,Public affairs consultant,L6,DEP006,TEAM017,EMP000138,LOC010,PART_TIME
EMP000641,Deborah May,ACTIVE,2023-10-19,,Naval architect,L3,DEP012,TEAM019,EMP000112,LOC005,CONTRACTOR
EMP000642,James Lopez,ACTIVE,2022-07-04,,Armed forces operational officer,L3,DEP013,TEAM008,EMP000202,LOC008,CONTRACTOR
EMP000643,Dennis Hood,ACTIVE,2022-11-03,,"Surveyor, rural practice",L1,DEP011,TEAM004,EMP000870,LOC016,CONTRACTOR
EMP000644,Mary Miller,TERMINATED,2021-12-24,2023-04-07,Local government officer,L5,DEP009,TEAM025,EMP000218,LOC001,CONTRACTOR
EMP000645,Tracy Lawrence,ACTIVE,2025-02-26,,Surgeon,L5,DEP007,TEAM009,EMP000229,LOC018,CONTRACTOR
EMP000646,Sabrina Barnes,ACTIVE,2021-12-23,,Social worker,L2,DEP007,TEAM032,EMP000407,LOC011,CONTRACTOR
EMP000647,Laura Young,TERMINATED,2024-08-22,2026-06-26,Hydrographic surveyor,L2,DEP013,TEAM039,EMP000776,LOC016,FULL_TIME
EMP000648,Scott Johnson,ACTIVE,2022-01-20,,"Teacher, English as a foreign language",L2,DEP009,TEAM036,EMP000991,LOC004,CONTRACTOR
EMP000649,Laura Mcgrath,ACTIVE,2025-07-19,,Data processing manager,L3,DEP000,TEAM014,EMP000238,LOC002,PART_TIME
EMP000650,Joann Rush,ACTIVE,2022-03-25,,Diplomatic Services operational officer,L1,DEP010,TEAM013,EMP000811,LOC011,PART_TIME
EMP000651,Beth Henderson,ACTIVE,2022-08-15,,"Presenter, broadcasting",L4,DEP014,TEAM002,,LOC010,FULL_TIME
EMP000652,Lori Flowers MD,ACTIVE,2022-07-30,,Broadcast engineer,L5,DEP010,TEAM017,EMP000270,LOC018,CONTRACTOR
EMP000653,James Nguyen,ACTIVE,2022-02-02,,Health and safety adviser,L4,DEP010,TEAM024,EMP000670,LOC002,CONTRACTOR
EMP000654,Shane Buchanan,ACTIVE,2023-12-06,,Youth worker,L2,DEP008,TEAM025,EMP000889,LOC011,PART_TIME
EMP000655,Jennifer Perry,ACTIVE,2024-03-20,,Data scientist,L5,DEP000,TEAM032,EMP000451,LOC005,FULL_TIME
EMP000656,Traci Garcia,TERMINATED,2024-02-17,2026-08-18,Claims inspector/assessor,L6,DEP004,TEAM013,EMP000162,LOC011,CONTRACTOR
EMP000657,Rachel Dillon,ACTIVE,2024-02-11,,Local government officer,L1,DEP010,TEAM014,EMP000339,LOC003,PART_TIME
EMP000658,James Washington,ACTIVE,2025-06-14,,Transport planner,L4,DEP003,TEAM037,EMP000854,LOC013,FULL_TIME
EMP000659,Donald Thomas,ACTIVE,2023-09-24,,Transport planner,L2,DEP009,TEAM037,EMP000645,LOC016,FULL_TIME
EMP000660,Amanda Preston,ACTIVE,2024-08-12,,Learning disability nurse,L2,DEP000,TEAM010,EMP000185,LOC016,PART_TIME
EMP000661,Patrick Mccall,ACTIVE,2024-08-27,,Microbiologist,L5,DEP010,TEAM001,EMP000746,LOC009,FULL_TIME
EMP000662,Riley Collins,ACTIVE,2021-10-21,,Regulatory affairs officer,L5,DEP007,TEAM030,EMP000851,LOC013,CONTRACTOR
EMP000663,Crystal Turner,TERMINATED,2025-05-15,2025-07-30,Probation officer,L5,DEP013,TEAM011,EMP000524,LOC008,FULL_TIME
EMP000664,Debra Butler,ACTIVE,2025-01-04,,Chartered public finance accountant,L3,DEP014,TEAM029,EMP000071,LOC007,PART_TIME
EMP000665,Thomas Russell,ACTIVE,2022-07-08,,Radio producer,L1,DEP000,TEAM012,EMP000932,LOC016,CONTRACTOR
EMP000666,Jacqueline Brown,ACTIVE,2024-12-12,,"Designer, interior/spatial",L2,DEP009,TEAM006,EMP000924,LOC019,CONTRACTOR
EMP000667,Jennifer Deleon,TERMINATED,2021-12-30,2024-08-22,"Scientist, research (physical sciences)",L5,DEP008,TEAM007,EMP000676,LOC004,CONTRACTOR
EMP000668,Carrie Golden,ACTIVE,2025-06-16,,"Engineer, control and instrumentation",L1,DEP014,TEAM027,EMP000380,LOC001,CONTRACTOR
EMP000669,Andrew Williams,ACTIVE,2025-04-12,,Media planner,L2,DEP012,TEAM030,EMP000391,LOC011,CONTRACTOR
EMP000670,Jacob Marshall,ACTIVE,2024-09-18,,Occupational psychologist,L6,DEP009,TEAM006,EMP000261,LOC015,FULL_TIME
EMP000671,Melanie Allen,ACTIVE,2024-06-03,,Records manager,L1,DEP004,TEAM038,EMP000419,LOC008,FULL_TIME
EMP000672,Seth Matthews,TERMINATED,2024-03-30,2026-02-20,Maintenance engineer,L6,DEP012,TEAM000,EMP000121,LOC016,FULL_TIME
EMP000673,Steven Curry,ACTIVE,2023-03-08,,Chemical engineer,L2,DEP011,TEAM020,EMP000110,LOC004,PART_TIME
EMP000674,Anthony Nash,ACTIVE,2022-12-06,,"Engineer, site",L3,DEP004,TEAM034,EMP000375,LOC019,PART_TIME
EMP000675,Danny Clark,ACTIVE,2025-05-13,,Outdoor activities/education manager,L4,DEP012,TEAM013,EMP000803,LOC017,PART_TIME
EMP000676,Richard Saunders,ACTIVE,2023-11-26,,Acupuncturist,L5,DEP008,TEAM030,EMP000315,LOC018,PART_TIME
EMP000677,Maria Burke,ACTIVE,2023-09-26,,Actuary,L4,DEP011,TEAM008,EMP000676,LOC003,CONTRACTOR
EMP000678,Robert Torres,ACTIVE,2022-09-02,,Haematologist,L6,DEP002,TEAM006,EMP000411,LOC010,CONTRACTOR
EMP000679,Sarah Stevens,ACTIVE,2023-07-10,,Engineering geologist,L6,DEP011,TEAM003,EMP000988,LOC000,FULL_TIME
EMP000680,Joseph Hanson,ACTIVE,2023-09-14,,Television/film/video producer,L4,DEP014,TEAM038,EMP000066,LOC008,FULL_TIME
EMP000681,Zachary Levy,ACTIVE,2022-02-25,,Minerals surveyor,L5,DEP000,TEAM024,EMP000411,LOC019,CONTRACTOR
EMP000682,Lisa Evans,ACTIVE,2024-02-09,,Clinical cytogeneticist,L6,DEP009,TEAM003,EMP000840,LOC005,CONTRACTOR
EMP000683,William Davidson,ACTIVE,2023-10-08,,Health and safety inspector,L1,DEP003,TEAM033,EMP000035,LOC019,CONTRACTOR
EMP000684,Tiffany Curtis,ACTIVE,2022-10-30,,Emergency planning/management officer,L2,DEP009,TEAM010,EMP000369,LOC007,CONTRACTOR
EMP000685,Renee Lang,TERMINATED,2022-05-10,2024-05-25,Tourism officer,L2,DEP001,TEAM017,EMP000362,LOC012,PART_TIME
EMP000686,Melanie Griffith,ACTIVE,2023-06-09,,Research scientist (medical),L5,DEP000,TEAM004,EMP000563,LOC009,CONTRACTOR
EMP000687,Jason Price,ACTIVE,2022-12-23,,Animal technologist,L5,DEP005,TEAM022,EMP000284,LOC007,CONTRACTOR
EMP000688,Laura Lee,ACTIVE,2024-03-13,,Environmental education officer,L4,DEP014,TEAM025,EMP000268,LOC005,PART_TIME
EMP000689,Rachel Knox,ACTIVE,2024-08-21,,Mechanical engineer,L5,DEP001,TEAM032,EMP000970,LOC003,CONTRACTOR
EMP000690,Christopher Sandoval,ACTIVE,2023-11-17,,"Surveyor, insurance",L5,DEP013,TEAM036,EMP000454,LOC012,CONTRACTOR
EMP000691,John Figueroa,ACTIVE,2022-06-28,,"Surveyor, land/geomatics",L2,DEP012,TEAM021,EMP000470,LOC014,CONTRACTOR
EMP000692,Theresa Lam,ACTIVE,2024-12-18,,Chartered public finance accountant,L4,DEP001,TEAM016,EMP000649,LOC007,CONTRACTOR
EMP000693,Patrick Parker,ACTIVE,2022-08-31,,Learning disability nurse,L3,DEP006,TEAM022,EMP000010,LOC008,FULL_TIME
EMP000694,Edward York,ACTIVE,2023-04-20,,"Psychotherapist, dance movement",L4,DEP010,TEAM021,EMP000954,LOC005,PART_TIME
EMP000695,Lauren Blackburn,ACTIVE,2021-12-12,,Building services engineer,L2,DEP014,TEAM036,EMP000970,LOC006,PART_TIME
EMP000696,Kathryn Dillon,ACTIVE,2023-09-23,,Museum/gallery curator,L2,DEP011,TEAM015,EMP000212,LOC007,FULL_TIME
EMP000697,Anthony Dickerson,ACTIVE,2023-12-22,,"Copywriter, advertising",L5,DEP005,TEAM009,EMP000123,LOC002,CONTRACTOR
EMP000698,William Orozco,ACTIVE,2022-07-28,,"Programmer, systems",L4,DEP009,TEAM000,EMP000555,LOC001,PART_TIME
EMP000699,Mike Maxwell,ACTIVE,2022-04-30,,Ranger/warden,L3,DEP007,TEAM036,EMP000503,LOC005,CONTRACTOR
EMP000700,Cassandra Walters,ACTIVE,2023-02-18,,"Accountant, chartered management",L2,DEP012,TEAM036,EMP000539,LOC013,PART_TIME
EMP000701,Philip Jackson,ACTIVE,2023-08-23,,"Designer, interior/spatial",L1,DEP008,TEAM022,EMP000703,LOC005,PART_TIME
EMP000702,Penny Anderson,ACTIVE,2023-10-20,,Politician's assistant,L6,DEP008,TEAM029,EMP000009,LOC000,CONTRACTOR
EMP000703,Jeffrey Woods,ACTIVE,2024-05-31,,"Accountant, chartered management",L5,DEP001,TEAM020,EMP000883,LOC008,FULL_TIME
EMP000704,Monica Dodson,ACTIVE,2021-11-17,,IT technical support officer,L2,DEP004,TEAM030,EMP000352,LOC011,FULL_TIME
EMP000705,Cheryl Rhodes,ACTIVE,2024-12-08,,Fish farm manager,L2,DEP006,TEAM023,EMP000411,LOC008,PART_TIME
EMP000706,Haley Anderson,ACTIVE,2022-09-06,,Music therapist,L2,DEP009,TEAM014,EMP000739,LOC008,FULL_TIME
EMP000707,Carol Colon,ACTIVE,2023-11-10,,Hydrogeologist,L4,DEP003,TEAM009,EMP000757,LOC004,PART_TIME
EMP000708,Joseph Warren,ACTIVE,2022-12-15,,Politician's assistant,L2,DEP006,TEAM031,EMP000915,LOC016,CONTRACTOR
EMP000709,Brandi Ferrell,ACTIVE,2025-06-30,,Recruitment consultant,L4,DEP004,TEAM016,EMP000582,LOC001,PART_TIME
EMP000710,Travis Hull,TERMINATED,2023-04-01,2026-06-09,Operations geologist,L2,DEP000,TEAM013,EMP000488,LOC003,PART_TIME
EMP000711,Nicholas Anderson,ACTIVE,2021-10-19,,Advertising copywriter,L3,DEP005,TEAM023,EMP000955,LOC008,PART_TIME
EMP000712,Jacob Santos,TERMINATED,2024-03-24,2026-05-16,Applications developer,L1,DEP005,TEAM038,EMP000590,LOC017,FULL_TIME
EMP000713,Dawn Nichols,ACTIVE,2023-04-25,,Art therapist,L3,DEP005,TEAM020,EMP000500,LOC014,FULL_TIME
EMP000714,Mary Valdez MD,ACTIVE,2024-03-30,,Commercial art gallery manager,L3,DEP007,TEAM009,EMP000656,LOC010,PART_TIME
EMP000715,Caleb King,ACTIVE,2023-06-29,,"Designer, ceramics/pottery",L5,DEP006,TEAM004,EMP000352,LOC007,PART_TIME
EMP000716,Lorraine Turner,ACTIVE,2022-08-05,,Chiropractor,L3,DEP011,TEAM017,EMP000405,LOC008,PART_TIME
EMP000717,Lisa Haynes,ACTIVE,2024-07-15,,Personal assistant,L3,DEP011,TEAM037,EMP000462,LOC013,FULL_TIME
EMP000718,Kayla Williamson,ACTIVE,2025-04-02,,Heritage manager,L1,DEP002,TEAM015,EMP000964,LOC002,FULL_TIME
EMP000719,Kathleen Lynch,ACTIVE,2022-03-16,,General practice doctor,L1,DEP001,TEAM004,EMP000485,LOC017,FULL_TIME
EMP000720,Heather Ortiz,TERMINATED,2025-04-03,2026-05-14,"Designer, multimedia",L4,DEP008,TEAM005,EMP000633,LOC004,FULL_TIME
EMP000721,Susan Watts,ACTIVE,2021-11-20,,Quarry manager,L4,DEP004,TEAM014,EMP000291,LOC014,CONTRACTOR
EMP000722,Michael Meadows,TERMINATED,2023-02-15,2024-02-14,"Teacher, secondary school",L5,DEP013,TEAM010,,LOC011,PART_TIME
EMP000723,Travis Chan Jr.,ACTIVE,2024-07-25,,Chiropractor,L4,DEP013,TEAM034,EMP000562,LOC014,FULL_TIME
EMP000724,David Hinton,ACTIVE,2025-07-26,,Housing manager/officer,L6,DEP008,TEAM011,EMP000468,LOC018,PART_TIME
EMP000725,Brett Thompson,ACTIVE,2022-11-04,,Archaeologist,L6,DEP008,TEAM019,EMP000494,LOC017,FULL_TIME
EMP000726,Robert Edwards,ACTIVE,2025-05-05,,Commercial art gallery manager,L4,DEP004,TEAM023,EMP000160,LOC009,FULL_TIME
EMP000727,Charles Holland,TERMINATED,2022-02-14,2022-07-06,Land/geomatics surveyor,L2,DEP005,TEAM018,EMP000009,LOC015,PART_TIME
EMP000728,Tina Adams,ACTIVE,2023-03-29,,Chief Financial Officer,L4,DEP012,TEAM018,EMP000816,LOC000,CONTRACTOR
EMP000729,Catherine Morales,ACTIVE,2023-04-21,,"Programmer, multimedia",L4,DEP014,TEAM035,EMP000256,LOC005,CONTRACTOR
EMP000730,Melissa Mendoza,ACTIVE,2022-11-16,,"Pharmacist, community",L4,DEP013,TEAM024,EMP000082,LOC013,CONTRACTOR
EMP000731,Carol Anderson,ACTIVE,2024-06-23,,Barrister's clerk,L5,DEP012,TEAM017,EMP000761,LOC017,PART_TIME
EMP000732,Jason Garza,ACTIVE,2025-04-23,,"Teacher, adult education",L1,DEP002,TEAM008,EMP000653,LOC014,CONTRACTOR
EMP000733,Logan Maxwell,ACTIVE,2024-08-08,,Veterinary surgeon,L6,DEP009,TEAM031,EMP000020,LOC004,FULL_TIME
EMP000734,Sheryl Acosta,ACTIVE,2021-11-03,,"Conservator, furniture",L1,DEP002,TEAM006,EMP000129,LOC014,CONTRACTOR
EMP000735,Jason Williams,TERMINATED,2023-10-10,2025-11-06,Games developer,L1,DEP002,TEAM000,EMP000351,LOC013,PART_TIME
EMP000736,Michael Gregory,ACTIVE,2024-07-03,,Technical author,L4,DEP005,TEAM029,EMP000033,LOC010,FULL_TIME
EMP000737,Vanessa Santiago,ACTIVE,2024-10-18,,Lexicographer,L2,DEP000,TEAM017,EMP000074,LOC017,PART_TIME
EMP000738,Mercedes Davis,ACTIVE,2023-12-05,,Fish farm manager,L3,DEP013,TEAM024,EMP000125,LOC007,PART_TIME
EMP000739,Michael Cruz,ACTIVE,2023-10-08,,"Surveyor, insurance",L4,DEP003,TEAM002,EMP000753,LOC003,CONTRACTOR
EMP000740,Amy Schneider MD,ACTIVE,2025-07-06,,"Psychotherapist, child",L2,DEP007,TEAM024,EMP000320,LOC010,FULL_TIME
EMP000741,Christopher Walton MD,ACTIVE,2025-05-05,,Lawyer,L1,DEP011,TEAM035,EMP000260,LOC015,CONTRACTOR
EMP000742,Daniel Schneider,ACTIVE,2022-11-26,,Operational researcher,L3,DEP014,TEAM003,EMP000224,LOC003,FULL_TIME
EMP000743,Jimmy Solis,ACTIVE,2025-03-12,,Product/process development scientist,L3,DEP000,TEAM010,EMP000599,LOC003,PART_TIME
EMP000744,Jillian Wilson,ACTIVE,2022-02-03,,Research scientist (medical),L1,DEP000,TEAM037,EMP000487,LOC019,FULL_TIME
EMP000745,Ashley Gutierrez,ACTIVE,2024-11-20,,"Surveyor, hydrographic",L1,DEP003,TEAM010,EMP000703,LOC019,PART_TIME
EMP000746,Brandon Munoz,ACTIVE,2024-01-20,,Water engineer,L6,DEP000,TEAM003,EMP000158,LOC017,FULL_TIME
EMP000747,Kristina Pena,TERMINATED,2024-06-06,2025-09-22,"Programmer, multimedia",L2,DEP005,TEAM035,EMP000775,LOC011,PART_TIME
EMP000748,Anthony Walker,ACTIVE,2023-03-03,,"Programme researcher, broadcasting/film/video",L1,DEP011,TEAM024,EMP000138,LOC008,FULL_TIME
EMP000749,Lisa Kennedy,ACTIVE,2023-02-17,,Medical physicist,L4,DEP008,TEAM018,EMP000502,LOC006,CONTRACTOR
EMP000750,Brent Hopkins,ACTIVE,2024-10-06,,"Accountant, chartered",L3,DEP005,TEAM029,EMP000852,LOC019,CONTRACTOR
EMP000751,Mark Marsh,ACTIVE,2023-03-04,,Sports development officer,L5,DEP002,TEAM028,EMP000270,LOC017,PART_TIME
EMP000752,Brian Prince,ACTIVE,2023-12-09,,"Research officer, government",L6,DEP008,TEAM024,EMP000905,LOC000,CONTRACTOR
EMP000753,Natalie Ortiz,ACTIVE,2022-04-26,,Forest/woodland manager,L5,DEP003,TEAM020,EMP000675,LOC017,PART_TIME
EMP000754,Bryan Phelps,ACTIVE,2024-04-25,,"Engineer, structural",L6,DEP007,TEAM035,EMP000290,LOC010,PART_TIME
EMP000755,Cheryl Morgan,ACTIVE,2023-08-30,,Patent examiner,L1,DEP001,TEAM033,EMP000045,LOC004,FULL_TIME
EMP000756,Sara Chapman,ACTIVE,2021-12-01,,"Production designer, theatre/television/film",L2,DEP001,TEAM031,EMP000033,LOC018,CONTRACTOR
EMP000757,Tina Taylor,ACTIVE,2023-08-31,,Research scientist (physical sciences),L6,DEP007,TEAM033,EMP000605,LOC008,FULL_TIME
EMP000758,Amber Mcconnell,ACTIVE,2021-09-26,,Textile designer,L5,DEP011,TEAM004,,LOC006,CONTRACTOR
EMP000759,Priscilla Kent,ACTIVE,2023-10-10,,Technical sales engineer,L1,DEP007,TEAM003,EMP000762,LOC013,PART_TIME
EMP000760,Betty Hughes,ACTIVE,2022-06-16,,Tourism officer,L1,DEP013,TEAM039,EMP000042,LOC002,PART_TIME
EMP000761,Janice Petty,TERMINATED,2024-04-18,2025-08-30,Fish farm manager,L2,DEP008,TEAM006,EMP000237,LOC017,PART_TIME
EMP000762,Grant Phillips,ACTIVE,2022-11-19,,Contracting civil engineer,L5,DEP010,TEAM015,EMP000971,LOC005,CONTRACTOR
EMP000763,Michael Goodman,ACTIVE,2022-04-22,,Hydrographic surveyor,L4,DEP011,TEAM006,EMP000591,LOC011,CONTRACTOR
EMP000764,Shannon Joseph,ACTIVE,2025-04-21,,Surgeon,L6,DEP006,TEAM006,EMP000185,LOC017,PART_TIME
EMP000765,Daniel Klein,ACTIVE,2024-05-29,,Location manager,L6,DEP002,TEAM034,EMP000454,LOC011,PART_TIME
EMP000766,Vicki Santos,ACTIVE,2025-08-21,,"Editor, magazine features",L3,DEP013,TEAM023,EMP000649,LOC013,CONTRACTOR
EMP000767,Mallory Page,ACTIVE,2023-11-11,,Management consultant,L2,DEP009,TEAM034,EMP000785,LOC017,CONTRACTOR
EMP000768,Mr. Michael Butler,ACTIVE,2024-02-10,,"Social research officer, government",L4,DEP007,TEAM025,,LOC001,PART_TIME
EMP000769,Jenny Smith,ACTIVE,2022-12-08,,Clinical biochemist,L5,DEP002,TEAM019,,LOC007,FULL_TIME
EMP000770,Anthony Brown,ACTIVE,2021-10-29,,"Geologist, engineering",L1,DEP012,TEAM017,EMP000524,LOC017,CONTRACTOR
EMP000771,Victoria Vega,ACTIVE,2024-11-28,,Dancer,L2,DEP001,TEAM002,EMP000160,LOC004,PART_TIME
EMP000772,Richard Harris,ACTIVE,2025-04-15,,Special educational needs teacher,L5,DEP003,TEAM014,EMP000308,LOC002,CONTRACTOR
EMP000773,Jesse Jensen,ACTIVE,2021-11-09,,"Surveyor, planning and development",L2,DEP011,TEAM004,EMP000812,LOC015,FULL_TIME
EMP000774,Matthew Price,ACTIVE,2025-05-25,,Sales promotion account executive,L6,DEP011,TEAM036,EMP000098,LOC019,CONTRACTOR
EMP000775,Melissa Schwartz,ACTIVE,2025-01-20,,Art gallery manager,L6,DEP012,TEAM036,EMP000799,LOC001,PART_TIME
EMP000776,Jason French,ACTIVE,2025-08-29,,Intelligence analyst,L4,DEP006,TEAM007,EMP000233,LOC019,FULL_TIME
EMP000777,Patrick Harris,ACTIVE,2024-01-25,,Probation officer,L6,DEP006,TEAM003,EMP000043,LOC010,CONTRACTOR
EMP000778,Mark Mckinney,ACTIVE,2025-04-01,,Mental health nurse,L3,DEP008,TEAM014,EMP000690,LOC012,PART_TIME
EMP000779,Nancy Gonzalez,ACTIVE,2024-12-06,,"Engineer, biomedical",L5,DEP008,TEAM005,EMP000297,LOC012,FULL_TIME
EMP000780,Michael Lopez,TERMINATED,2022-12-20,2024-11-16,Early years teacher,L1,DEP007,TEAM036,EMP000562,LOC012,PART_TIME
EMP000781,Andrew Ramirez,TERMINATED,2024-11-04,2025-12-08,"Geneticist, molecular",L5,DEP006,TEAM008,EMP000493,LOC017,FULL_TIME
EMP000782,Ryan Smith,ACTIVE,2022-04-10,,"Psychologist, prison and probation services",L6,DEP009,TEAM012,EMP000754,LOC016,FULL_TIME
EMP000783,Amanda Mcfarland,ACTIVE,2024-09-26,,"Therapist, speech and language",L3,DEP012,TEAM027,EMP000947,LOC018,FULL_TIME
EMP000784,Kenneth Howard DDS,TERMINATED,2021-12-08,2024-06-30,"Investment banker, corporate",L4,DEP006,TEAM023,EMP000329,LOC011,CONTRACTOR
EMP000785,Clinton Jones,ACTIVE,2023-12-15,,Risk analyst,L3,DEP002,TEAM022,EMP000823,LOC014,CONTRACTOR
EMP000786,Jennifer Bailey,TERMINATED,2022-05-25,2025-12-07,"Engineer, production",L1,DEP014,TEAM014,EMP000383,LOC004,CONTRACTOR
EMP000787,Isaac Robinson,ACTIVE,2024-07-16,,Water engineer,L1,DEP011,TEAM003,EMP000636,LOC004,PART_TIME
EMP000788,Samantha Zavala MD,TERMINATED,2023-12-23,2025-12-29,Logistics and distribution manager,L6,DEP012,TEAM007,EMP000483,LOC000,PART_TIME
EMP000789,Martin Sellers,ACTIVE,2023-08-13,,Financial planner,L5,DEP003,TEAM013,EMP000769,LOC008,CONTRACTOR
EMP000790,Erica Moon,ACTIVE,2021-11-20,,Clothing/textile technologist,L6,DEP002,TEAM001,EMP000928,LOC016,FULL_TIME
EMP000791,Nathaniel Johnson,ACTIVE,2023-05-12,,"Scientist, forensic",L1,DEP004,TEAM012,EMP000633,LOC008,FULL_TIME
EMP000792,Kayla Hicks,ACTIVE,2025-03-20,,"Radiographer, therapeutic",L1,DEP001,TEAM024,EMP000679,LOC011,FULL_TIME
EMP000793,Cheryl Palmer,TERMINATED,2021-11-27,2024-06-04,Chief Operating Officer,L6,DEP006,TEAM014,EMP000521,LOC003,PART_TIME
EMP000794,Patricia Ferguson,ACTIVE,2022-06-07,,Brewing technologist,L5,DEP008,TEAM005,EMP000513,LOC014,CONTRACTOR
EMP000795,Patricia Hancock,ACTIVE,2022-08-13,,Photographer,L1,DEP000,TEAM015,EMP000313,LOC010,PART_TIME
EMP000796,Joshua Park,ACTIVE,2025-04-10,,"Presenter, broadcasting",L2,DEP000,TEAM022,EMP000364,LOC009,FULL_TIME
EMP000797,Andrea Parks,ACTIVE,2024-06-20,,Aeronautical engineer,L5,DEP004,TEAM003,EMP000900,LOC012,FULL_TIME
EMP000798,Amanda Jones,ACTIVE,2023-09-03,,"Editor, magazine features",L3,DEP003,TEAM009,EMP000403,LOC004,FULL_TIME
EMP000799,Benjamin Underwood,ACTIVE,2025-02-04,,Further education lecturer,L5,DEP010,TEAM039,EMP000703,LOC007,PART_TIME
EMP000800,Mark Hamilton,ACTIVE,2023-06-15,,Adult guidance worker,L2,DEP006,TEAM019,EMP000338,LOC014,CONTRACTOR
EMP000801,Aaron Cortez,TERMINATED,2023-05-18,2026-03-28,Biomedical scientist,L6,DEP002,TEAM037,EMP000820,LOC006,FULL_TIME
EMP000802,Amber Charles,ACTIVE,2024-12-07,,Materials engineer,L6,DEP014,TEAM033,EMP000441,LOC004,CONTRACTOR
EMP000803,Donna Jennings,ACTIVE,2025-08-31,,Training and development officer,L2,DEP005,TEAM004,EMP000972,LOC003,FULL_TIME
EMP000804,Timothy James,ACTIVE,2022-02-01,,Airline pilot,L2,DEP011,TEAM001,EMP000902,LOC013,PART_TIME
EMP000805,Daniel Francis,ACTIVE,2023-09-26,,Sports administrator,L6,DEP014,TEAM017,EMP000193,LOC003,FULL_TIME
EMP000806,Brianna Byrd,ACTIVE,2022-12-22,,Midwife,L5,DEP009,TEAM017,EMP000628,LOC007,CONTRACTOR
EMP000807,Kristen Martinez,ACTIVE,2021-10-07,,"Accountant, chartered public finance",L6,DEP000,TEAM022,EMP000799,LOC015,FULL_TIME
EMP000808,Kimberly Arroyo,ACTIVE,2024-02-26,,Industrial/product designer,L5,DEP007,TEAM023,EMP000397,LOC015,PART_TIME
EMP000809,Molly Lewis,TERMINATED,2022-08-12,2025-10-17,Science writer,L2,DEP003,TEAM002,EMP000993,LOC000,PART_TIME
EMP000810,Daniel Davenport,ACTIVE,2022-04-29,,"Engineer, biomedical",L2,DEP011,TEAM012,EMP000068,LOC005,PART_TIME
EMP000811,Robert Phelps,ACTIVE,2022-03-17,,Stage manager,L4,DEP011,TEAM020,EMP000909,LOC007,PART_TIME
EMP000812,Angel Powers,ACTIVE,2023-09-06,,Fitness centre manager,L1,DEP009,TEAM024,EMP000404,LOC019,CONTRACTOR
EMP000813,Kevin Lynn,ACTIVE,2022-02-19,,Marketing executive,L5,DEP008,TEAM002,EMP000463,LOC014,FULL_TIME
EMP000814,Cynthia Mitchell,ACTIVE,2022-04-07,,Building control surveyor,L2,DEP008,TEAM034,EMP000753,LOC001,CONTRACTOR
EMP000815,John Murphy,ACTIVE,2025-07-19,,Information officer,L6,DEP000,TEAM012,EMP000408,LOC009,PART_TIME
EMP000816,Krystal Diaz,ACTIVE,2024-09-01,,Interpreter,L4,DEP004,TEAM039,EMP000707,LOC016,FULL_TIME
EMP000817,Erik Floyd,ACTIVE,2023-07-17,,Press photographer,L6,DEP007,TEAM005,EMP000116,LOC005,CONTRACTOR
EMP000818,Brandy Quinn,ACTIVE,2022-11-23,,Quantity surveyor,L6,DEP008,TEAM008,EMP000332,LOC014,FULL_TIME
EMP000819,Raymond Tucker,ACTIVE,2023-09-09,,Clinical embryologist,L5,DEP014,TEAM012,EMP000093,LOC008,PART_TIME
EMP000820,Angela Ramirez,ACTIVE,2022-06-20,,Counselling psychologist,L6,DEP012,TEAM010,EMP000127,LOC002,FULL_TIME
EMP000821,Deborah Mercado,ACTIVE,2025-07-05,,Camera operator,L6,DEP005,TEAM005,EMP000394,LOC016,CONTRACTOR
EMP000822,Albert Hunter,ACTIVE,2024-10-24,,Airline pilot,L4,DEP008,TEAM024,,LOC005,PART_TIME
EMP000823,Jennifer Lawrence,ACTIVE,2025-03-05,,Animator,L6,DEP013,TEAM009,EMP000149,LOC005,CONTRACTOR
EMP000824,Yvonne Kennedy,TERMINATED,2024-01-24,2025-03-03,Database administrator,L3,DEP004,TEAM028,EMP000186,LOC003,FULL_TIME
EMP000825,Steven Lawrence,ACTIVE,2023-04-11,,Horticultural therapist,L1,DEP009,TEAM016,,LOC015,PART_TIME
EMP000826,Jordan Sanders,ACTIVE,2022-04-15,,Retail buyer,L1,DEP009,TEAM031,EMP000603,LOC015,PART_TIME
EMP000827,Sarah Drake,ACTIVE,2021-10-06,,Visual merchandiser,L1,DEP009,TEAM038,,LOC017,PART_TIME
EMP000828,Jose Griffin,ACTIVE,2024-08-17,,Editorial assistant,L5,DEP013,TEAM013,,LOC004,FULL_TIME
EMP000829,Mary Faulkner,ACTIVE,2024-02-16,,Radio broadcast assistant,L1,DEP002,TEAM002,EMP000859,LOC019,PART_TIME
EMP000830,Daniel Freeman,ACTIVE,2025-09-17,,Biomedical scientist,L1,DEP000,TEAM006,EMP000183,LOC005,CONTRACTOR
EMP000831,Andrew Clark,ACTIVE,2022-11-04,,Media planner,L6,DEP011,TEAM038,EMP000576,LOC005,PART_TIME
EMP000832,Jesse Williams,ACTIVE,2023-05-15,,Jewellery designer,L3,DEP014,TEAM002,EMP000307,LOC010,PART_TIME
EMP000833,Kelly Gallegos,ACTIVE,2022-02-27,,General practice doctor,L1,DEP012,TEAM027,EMP000067,LOC009,PART_TIME
EMP000834,Jamie Gray,TERMINATED,2024-03-06,2026-06-29,Theatre manager,L6,DEP013,TEAM017,EMP000424,LOC016,FULL_TIME
EMP000835,Angela King,ACTIVE,2024-06-30,,Environmental health practitioner,L5,DEP000,TEAM006,EMP000645,LOC016,FULL_TIME
EMP000836,Robert Reed,ACTIVE,2023-12-01,,Race relations officer,L6,DEP009,TEAM018,EMP000869,LOC010,PART_TIME
EMP000837,Kathryn Taylor,ACTIVE,2025-06-29,,Diagnostic radiographer,L5,DEP005,TEAM008,EMP000509,LOC016,CONTRACTOR
EMP000838,Mason Lewis,ACTIVE,2022-09-12,,"Embryologist, clinical",L4,DEP012,TEAM011,EMP000239,LOC009,FULL_TIME
EMP000839,Ruth Guerrero,TERMINATED,2022-05-22,2025-06-20,Patent examiner,L1,DEP007,TEAM007,EMP000213,LOC019,PART_TIME
EMP000840,Brian Leonard,ACTIVE,2025-03-03,,Quality manager,L3,DEP005,TEAM035,EMP000218,LOC000,CONTRACTOR
EMP000841,Maria Jenkins,ACTIVE,2022-08-13,,Financial planner,L3,DEP004,TEAM004,EMP000519,LOC017,PART_TIME
EMP000842,Kevin Taylor,ACTIVE,2021-11-26,,Science writer,L1,DEP010,TEAM021,EMP000742,LOC018,CONTRACTOR
EMP000843,Bridget Jackson,ACTIVE,2021-11-19,,Education administrator,L2,DEP003,TEAM021,EMP000945,LOC015,PART_TIME
EMP000844,Linda Elliott,ACTIVE,2023-12-01,,Advertising account executive,L6,DEP002,TEAM030,EMP000472,LOC017,PART_TIME
EMP000845,Mary Campbell,ACTIVE,2025-06-15,,Chartered certified accountant,L4,DEP014,TEAM003,EMP000307,LOC018,CONTRACTOR
EMP000846,Willie Dillon,ACTIVE,2022-08-22,,"Doctor, hospital",L5,DEP008,TEAM001,EMP000702,LOC010,PART_TIME
EMP000847,Charles Aguilar,TERMINATED,2022-08-26,2026-03-07,"Education officer, environmental",L2,DEP004,TEAM001,EMP000385,LOC017,FULL_TIME
EMP000848,Deborah Ramsey,ACTIVE,2024-05-15,,"Lighting technician, broadcasting/film/video",L4,DEP002,TEAM038,EMP000802,LOC009,CONTRACTOR
EMP000849,Kevin Hall,ACTIVE,2025-08-22,,Musician,L6,DEP000,TEAM017,EMP000509,LOC007,PART_TIME
EMP000850,Dale Heath,ACTIVE,2022-04-13,,Retail merchandiser,L3,DEP003,TEAM033,EMP000115,LOC011,FULL_TIME
EMP000851,Chase Davis,ACTIVE,2024-08-18,,Publishing copy,L1,DEP007,TEAM032,,LOC015,CONTRACTOR
EMP000852,Amanda Bowers,ACTIVE,2025-07-21,,Retail manager,L3,DEP014,TEAM030,EMP000537,LOC009,PART_TIME
EMP000853,Matthew Winters,TERMINATED,2024-12-01,2025-03-02,"Solicitor, Scotland",L1,DEP013,TEAM033,EMP000136,LOC006,CONTRACTOR
EMP000854,Patricia Banks,TERMINATED,2025-03-28,2025-03-28,"Scientist, research (maths)",L4,DEP011,TEAM033,EMP000319,LOC001,CONTRACTOR
EMP000855,Andrew Moreno,ACTIVE,2023-07-05,,Estate manager/land agent,L1,DEP005,TEAM029,EMP000106,LOC016,CONTRACTOR
EMP000856,Rachel James,ACTIVE,2025-09-16,,Theme park manager,L1,DEP009,TEAM019,EMP000215,LOC010,FULL_TIME
EMP000857,Pam Horton,ACTIVE,2025-02-20,,Chief Technology Officer,L3,DEP008,TEAM020,EMP000688,LOC003,PART_TIME
EMP000858,Ralph Kent,TERMINATED,2023-07-12,2024-02-04,Charity officer,L3,DEP001,TEAM000,EMP000574,LOC016,FULL_TIME
EMP000859,Kimberly Scott,ACTIVE,2022-12-04,,"Accountant, chartered public finance",L3,DEP008,TEAM020,EMP000966,LOC009,CONTRACTOR
EMP000860,Adrienne Mills,ACTIVE,2024-09-25,,"Scientist, product/process development",L1,DEP004,TEAM039,EMP000554,LOC014,FULL_TIME
EMP000861,Melissa Stewart,TERMINATED,2021-10-01,2024-12-09,Medical illustrator,L4,DEP014,TEAM003,EMP000056,LOC002,PART_TIME
EMP000862,Matthew King,ACTIVE,2022-03-04,,Social worker,L6,DEP009,TEAM037,EMP000707,LOC014,CONTRACTOR
EMP000863,Lisa Braun,ACTIVE,2023-07-09,,Occupational psychologist,L3,DEP013,TEAM012,EMP000687,LOC017,FULL_TIME
EMP000864,Juan Grant,ACTIVE,2024-12-05,,Editorial assistant,L4,DEP009,TEAM008,EMP000822,LOC014,FULL_TIME
EMP000865,Karen Hinton,ACTIVE,2023-04-18,,Technical brewer,L6,DEP010,TEAM029,EMP000971,LOC007,FULL_TIME
EMP000866,Jennifer Taylor,ACTIVE,2023-03-08,,Commissioning editor,L5,DEP004,TEAM023,EMP000717,LOC010,PART_TIME
EMP000867,Richard Avery,ACTIVE,2024-11-24,,Chiropodist,L1,DEP001,TEAM030,EMP000491,LOC014,FULL_TIME
EMP000868,Rachel Owen,ACTIVE,2022-08-19,,Visual merchandiser,L3,DEP009,TEAM036,EMP000106,LOC012,CONTRACTOR
EMP000869,Amy Price,ACTIVE,2024-09-06,,"Accountant, chartered public finance",L3,DEP008,TEAM004,EMP000546,LOC014,PART_TIME
EMP000870,Charles Frost,ACTIVE,2025-02-20,,"Presenter, broadcasting",L2,DEP009,TEAM015,EMP000998,LOC015,PART_TIME
EMP000871,Jacob Lynch,TERMINATED,2022-02-03,2022-08-21,Music tutor,L2,DEP013,TEAM037,EMP000446,LOC018,PART_TIME
EMP000872,Miss Kelly Dawson,ACTIVE,2025-09-04,,"Therapist, speech and language",L2,DEP002,TEAM004,EMP000729,LOC018,PART_TIME
EMP000873,Jessica Harris,TERMINATED,2021-12-18,2023-06-15,"Scientist, marine",L5,DEP007,TEAM020,EMP000842,LOC014,FULL_TIME
EMP000874,Richard Dixon,ACTIVE,2022-12-08,,Exhibition designer,L4,DEP001,TEAM038,EMP000834,LOC019,PART_TIME
EMP000875,Andrew Allen,ACTIVE,2024-05-02,,Academic librarian,L6,DEP010,TEAM003,EMP000837,LOC004,CONTRACTOR
EMP000876,Donald Ross,ACTIVE,2022-05-22,,Nutritional therapist,L6,DEP012,TEAM000,EMP000677,LOC004,PART_TIME
EMP000877,Kelly Mclaughlin,ACTIVE,2023-06-11,,Broadcast presenter,L4,DEP009,TEAM036,EMP000211,LOC010,PART_TIME
EMP000878,Duane Gallegos,ACTIVE,2025-08-17,,Television floor manager,L6,DEP004,TEAM027,EMP000938,LOC011,FULL_TIME
EMP000879,Robert Perez,ACTIVE,2023-03-14,,"Engineer, broadcasting (operations)",L5,DEP008,TEAM025,EMP000873,LOC009,FULL_TIME
EMP000880,Laura Green,ACTIVE,2023-08-27,,Optometrist,L5,DEP000,TEAM000,EMP000841,LOC011,FULL_TIME
EMP000881,Benjamin Phillips,ACTIVE,2023-11-15,,Commercial horticulturist,L1,DEP003,TEAM027,EMP000404,LOC010,CONTRACTOR
EMP000882,Deanna Medina,ACTIVE,2025-02-18,,"Teacher, special educational needs",L4,DEP006,TEAM034,EMP000178,LOC015,FULL_TIME
EMP000883,Tracy Hart,ACTIVE,2022-10-13,,Financial planner,L4,DEP013,TEAM023,EMP000158,LOC009,CONTRACTOR
EMP000884,Judy Murray,TERMINATED,2024-12-09,2025-08-29,Theatre director,L1,DEP001,TEAM001,EMP000907,LOC015,CONTRACTOR
EMP000885,Brian Jones,ACTIVE,2025-05-21,,English as a second language teacher,L2,DEP001,TEAM008,EMP000426,LOC014,CONTRACTOR
EMP000886,Rebecca Gutierrez,ACTIVE,2024-08-06,,Manufacturing engineer,L4,DEP009,TEAM011,EMP000435,LOC017,PART_TIME
EMP000887,Mercedes Baker,ACTIVE,2023-12-01,,Holiday representative,L2,DEP002,TEAM027,EMP000592,LOC015,CONTRACTOR
EMP000888,Paul Peterson,ACTIVE,2022-02-11,,"Surveyor, building",L5,DEP004,TEAM026,EMP000591,LOC011,FULL_TIME
EMP000889,Erik Robinson,ACTIVE,2025-09-05,,"Teacher, secondary school",L5,DEP007,TEAM023,EMP000494,LOC002,FULL_TIME
EMP000890,Paul Conrad,ACTIVE,2022-11-11,,Energy manager,L5,DEP013,TEAM017,EMP000081,LOC016,CONTRACTOR
EMP000891,David Baker,TERMINATED,2023-11-04,2024-09-09,Estate manager/land agent,L4,DEP010,TEAM004,EMP000553,LOC018,PART_TIME
EMP000892,Sara Kelly,ACTIVE,2022-07-31,,Clinical biochemist,L3,DEP008,TEAM000,EMP000525,LOC015,CONTRACTOR
EMP000893,Megan Alvarado,ACTIVE,2022-03-25,,Visual merchandiser,L4,DEP005,TEAM018,EMP000037,LOC019,CONTRACTOR
EMP000894,Kimberly Williams,ACTIVE,2021-09-30,,Race relations officer,L5,DEP004,TEAM003,EMP000593,LOC005,CONTRACTOR
EMP000895,Steven Ibarra,TERMINATED,2023-04-19,2025-12-08,"Teacher, special educational needs",L3,DEP012,TEAM039,,LOC015,FULL_TIME
EMP000896,William Moon IV,TERMINATED,2025-05-31,2025-12-30,Environmental education officer,L1,DEP013,TEAM017,EMP000631,LOC008,PART_TIME
EMP000897,Amy Lloyd,ACTIVE,2024-11-28,,Purchasing manager,L1,DEP011,TEAM007,EMP000932,LOC018,CONTRACTOR
EMP000898,Kathryn Long,ACTIVE,2025-09-18,,Ecologist,L4,DEP005,TEAM011,EMP000718,LOC007,PART_TIME
EMP000899,Melissa Stevens,ACTIVE,2023-08-31,,Actuary,L5,DEP013,TEAM002,EMP000087,LOC004,CONTRACTOR
EMP000900,Jamie Garcia,ACTIVE,2021-10-08,,Medical illustrator,L2,DEP013,TEAM031,EMP000423,LOC012,FULL_TIME
EMP000901,Chelsea Baker,ACTIVE,2024-04-28,,Geophysical data processor,L6,DEP010,TEAM010,EMP000752,LOC011,FULL_TIME
EMP000902,Grace White,ACTIVE,2023-09-22,,Photographer,L1,DEP000,TEAM010,EMP000488,LOC009,PART_TIME
EMP000903,Paul Diaz,ACTIVE,2022-08-13,,Oncologist,L5,DEP003,TEAM024,EMP000400,LOC015,PART_TIME
EMP000904,Carlos Johnston,TERMINATED,2022-11-28,2024-10-28,Estate manager/land agent,L4,DEP000,TEAM018,EMP000460,LOC012,CONTRACTOR
EMP000905,Devin Young,ACTIVE,2025-03-07,,Podiatrist,L5,DEP010,TEAM002,EMP000545,LOC011,PART_TIME
EMP000906,Charles Haley,ACTIVE,2025-05-12,,Dealer,L6,DEP013,TEAM017,EMP000274,LOC003,PART_TIME
EMP000907,Cassandra Porter,ACTIVE,2023-09-24,,"Scientist, forensic",L4,DEP007,TEAM015,EMP000603,LOC006,CONTRACTOR
EMP000908,Rachel Evans,ACTIVE,2023-12-28,,"Surveyor, planning and development",L6,DEP002,TEAM020,EMP000689,LOC000,FULL_TIME
EMP000909,Brett Martin,TERMINATED,2025-05-15,2026-07-30,"Engineer, structural",L1,DEP008,TEAM006,EMP000360,LOC007,CONTRACTOR
EMP000910,Ryan Davis,ACTIVE,2025-03-07,,"Lecturer, higher education",L2,DEP000,TEAM001,EMP000059,LOC019,CONTRACTOR
EMP000911,Justin Frederick,ACTIVE,2022-10-28,,Furniture designer,L2,DEP009,TEAM007,EMP000123,LOC002,CONTRACTOR
EMP000912,Gregory Frazier,TERMINATED,2023-03-08,2023-04-07,Trading standards officer,L6,DEP012,TEAM036,EMP000190,LOC003,CONTRACTOR
EMP000913,Marie Ryan,ACTIVE,2022-07-26,,Higher education careers adviser,L3,DEP007,TEAM004,EMP000945,LOC008,PART_TIME
EMP000914,Jordan Hampton,ACTIVE,2023-03-25,,Product manager,L6,DEP012,TEAM020,EMP000800,LOC002,PART_TIME
EMP000915,Louis Ford,ACTIVE,2025-07-02,,Dance movement psychotherapist,L4,DEP006,TEAM021,EMP000265,LOC008,FULL_TIME
EMP000916,Robert Rogers,ACTIVE,2025-05-30,,Video editor,L4,DEP014,TEAM012,EMP000183,LOC015,FULL_TIME
EMP000917,Andrea Martin,TERMINATED,2024-02-25,2025-11-14,Estate agent,L4,DEP003,TEAM039,EMP000935,LOC014,CONTRACTOR
EMP000918,Eddie Adams,ACTIVE,2023-01-19,,Nutritional therapist,L1,DEP001,TEAM004,EMP000257,LOC014,FULL_TIME
EMP000919,Priscilla Mcmillan,ACTIVE,2022-11-15,,Theatre manager,L2,DEP010,TEAM000,EMP000681,LOC012,PART_TIME
EMP000920,Jennifer White,ACTIVE,2023-12-08,,Advice worker,L3,DEP014,TEAM025,EMP000528,LOC015,PART_TIME
EMP000921,Mary Shepard,ACTIVE,2022-04-02,,Cartographer,L6,DEP012,TEAM004,EMP000004,LOC012,CONTRACTOR
EMP000922,Brian Brown,ACTIVE,2022-08-13,,Public librarian,L4,DEP001,TEAM036,EMP000368,LOC010,CONTRACTOR
EMP000923,Randy Warren,ACTIVE,2024-01-19,,Charity officer,L1,DEP010,TEAM005,EMP000874,LOC010,FULL_TIME
EMP000924,Christopher Pena,ACTIVE,2022-02-28,,Newspaper journalist,L3,DEP010,TEAM012,EMP000041,LOC012,CONTRACTOR
EMP000925,Oscar Ramos,ACTIVE,2023-01-13,,Computer games developer,L6,DEP006,TEAM006,EMP000368,LOC015,FULL_TIME
EMP000926,Carolyn Johnson,ACTIVE,2022-04-11,,Marketing executive,L4,DEP011,TEAM012,EMP000198,LOC000,CONTRACTOR
EMP000927,Sharon Mcdonald,ACTIVE,2025-05-18,,"Sound technician, broadcasting/film/video",L2,DEP007,TEAM024,EMP000554,LOC009,PART_TIME
EMP000928,Jeremy Montes,ACTIVE,2025-09-11,,"Solicitor, Scotland",L4,DEP000,TEAM002,EMP000346,LOC001,PART_TIME
EMP000929,Lynn Fields,TERMINATED,2022-06-22,2024-12-25,"Surveyor, rural practice",L6,DEP010,TEAM033,EMP000695,LOC017,FULL_TIME
EMP000930,Margaret Collins,ACTIVE,2023-07-27,,"Loss adjuster, chartered",L2,DEP014,TEAM004,,LOC004,PART_TIME
EMP000931,Regina Ramos,ACTIVE,2023-10-08,,Medical secretary,L4,DEP014,TEAM039,,LOC004,FULL_TIME
EMP000932,Eric Smith,ACTIVE,2023-06-22,,Copy,L1,DEP014,TEAM019,EMP000100,LOC014,CONTRACTOR
EMP000933,Joseph Watts,ACTIVE,2023-03-08,,Regulatory affairs officer,L5,DEP001,TEAM006,EMP000610,LOC019,FULL_TIME
EMP000934,Ralph Yates,TERMINATED,2024-12-06,2025-12-11,"Therapist, speech and language",L2,DEP006,TEAM021,EMP000756,LOC012,PART_TIME
EMP000935,James Jenkins,TERMINATED,2022-09-14,2026-02-02,"Surveyor, mining",L6,DEP009,TEAM034,EMP000857,LOC006,FULL_TIME
EMP000936,Christopher Mclaughlin,ACTIVE,2023-07-31,,Newspaper journalist,L3,DEP001,TEAM007,EMP000776,LOC013,FULL_TIME
EMP000937,Dennis Henderson,ACTIVE,2025-03-29,,Film/video editor,L5,DEP002,TEAM028,EMP000596,LOC001,FULL_TIME
EMP000938,Melinda Mitchell,TERMINATED,2023-12-01,2026-07-10,Ship broker,L6,DEP009,TEAM024,EMP000017,LOC015,FULL_TIME
EMP000939,Scott White,TERMINATED,2025-02-27,2025-09-23,Horticultural consultant,L2,DEP014,TEAM005,EMP000608,LOC009,PART_TIME
EMP000940,Lisa Nelson,ACTIVE,2022-03-10,,Writer,L4,DEP011,TEAM008,EMP000656,LOC008,CONTRACTOR
EMP000941,Alec Williams,ACTIVE,2023-10-24,,Social researcher,L2,DEP002,TEAM039,EMP000611,LOC005,CONTRACTOR
EMP000942,Brian Adams,ACTIVE,2021-10-24,,Primary school teacher,L1,DEP010,TEAM019,EMP000005,LOC017,FULL_TIME
EMP000943,Brandon Smith,ACTIVE,2024-10-23,,"Engineer, water",L5,DEP001,TEAM039,EMP000780,LOC017,CONTRACTOR
EMP000944,Richard Jimenez,ACTIVE,2023-03-05,,Meteorologist,L6,DEP010,TEAM013,EMP000199,LOC003,FULL_TIME
EMP000945,Amanda Miller,ACTIVE,2023-09-10,,Dancer,L4,DEP007,TEAM011,EMP000945,LOC001,FULL_TIME
EMP000946,James Daniels,ACTIVE,2021-12-16,,"Education officer, community",L3,DEP003,TEAM027,EMP000632,LOC014,FULL_TIME
EMP000947,Ruth Clayton,TERMINATED,2022-07-15,2026-05-06,Community development worker,L1,DEP014,TEAM034,EMP000805,LOC000,PART_TIME
EMP000948,Janice Proctor,ACTIVE,2024-12-26,,Firefighter,L1,DEP014,TEAM015,EMP000607,LOC018,PART_TIME
EMP000949,Christina Moss MD,ACTIVE,2024-11-08,,"Engineer, manufacturing",L6,DEP010,TEAM020,EMP000113,LOC010,FULL_TIME
EMP000950,Emily Morris,TERMINATED,2023-09-24,2025-05-20,Archivist,L6,DEP006,TEAM012,EMP000226,LOC002,PART_TIME
EMP000951,Kelly King,ACTIVE,2024-11-19,,Hydrogeologist,L1,DEP014,TEAM027,EMP000951,LOC019,PART_TIME
EMP000952,Anthony Estrada,ACTIVE,2022-07-25,,"Clinical scientist, histocompatibility and immunogenetics",L3,DEP002,TEAM029,EMP000648,LOC011,PART_TIME
EMP000953,Erika Jackson,ACTIVE,2022-09-21,,Health and safety adviser,L2,DEP000,TEAM036,EMP000140,LOC003,PART_TIME
EMP000954,Richard Smith,ACTIVE,2024-03-16,,Archivist,L2,DEP012,TEAM021,EMP000303,LOC019,FULL_TIME
EMP000955,Karen Carlson,ACTIVE,2024-03-10,,Meteorologist,L6,DEP009,TEAM010,EMP000567,LOC007,FULL_TIME
EMP000956,Christopher Davis,ACTIVE,2024-12-30,,Water engineer,L5,DEP007,TEAM013,EMP000858,LOC014,PART_TIME
EMP000957,Amy Newman,TERMINATED,2023-02-27,2026-05-21,Software engineer,L4,DEP011,TEAM015,EMP000445,LOC018,FULL_TIME
EMP000958,John Stewart,ACTIVE,2025-01-31,,"Surveyor, insurance",L5,DEP002,TEAM036,EMP000428,LOC001,FULL_TIME
EMP000959,Hannah Snow,ACTIVE,2025-01-26,,"Engineer, automotive",L6,DEP012,TEAM032,,LOC016,PART_TIME
EMP000960,Heather Taylor,ACTIVE,2021-10-23,,Archaeologist,L6,DEP013,TEAM006,EMP000247,LOC002,CONTRACTOR
EMP000961,Kristin Daniels,ACTIVE,2023-10-13,,Recruitment consultant,L6,DEP011,TEAM026,EMP000136,LOC011,PART_TIME
EMP000962,Kimberly Morris,ACTIVE,2022-07-11,,Psychotherapist,L1,DEP000,TEAM030,EMP000166,LOC014,CONTRACTOR
EMP000963,Linda Valencia,ACTIVE,2022-11-21,,"Designer, multimedia",L1,DEP007,TEAM029,EMP000896,LOC012,FULL_TIME
EMP000964,Joanna Weiss,ACTIVE,2022-01-04,,Special educational needs teacher,L3,DEP010,TEAM029,EMP000002,LOC002,PART_TIME
EMP000965,Ricardo Hunter,ACTIVE,2023-04-13,,Electrical engineer,L3,DEP008,TEAM002,EMP000771,LOC008,CONTRACTOR
EMP000966,Scott Parsons,ACTIVE,2025-06-22,,Field trials officer,L5,DEP009,TEAM013,EMP000083,LOC019,PART_TIME
EMP000967,Mary Ryan,ACTIVE,2023-01-31,,Naval architect,L1,DEP008,TEAM023,EMP000114,LOC012,PART_TIME
EMP000968,Kathleen Arnold,ACTIVE,2022-07-11,,Video editor,L1,DEP005,TEAM023,EMP000573,LOC002,CONTRACTOR
EMP000969,Martin Rodriguez,ACTIVE,2022-12-03,,"Scientist, research (medical)",L2,DEP002,TEAM021,EMP000117,LOC015,CONTRACTOR
EMP000970,Russell Anderson,ACTIVE,2024-07-09,,Ambulance person,L5,DEP013,TEAM013,EMP000780,LOC007,PART_TIME
EMP000971,Corey Johnson,ACTIVE,2022-07-30,,Network engineer,L3,DEP008,TEAM027,EMP000065,LOC011,PART_TIME
EMP000972,Marcus Garza Jr.,ACTIVE,2024-07-08,,Environmental consultant,L5,DEP008,TEAM007,EMP000545,LOC017,PART_TIME
EMP000973,Alexis Mccall,ACTIVE,2024-04-18,,Regulatory affairs officer,L3,DEP012,TEAM004,EMP000906,LOC014,FULL_TIME
EMP000974,Julie Fowler,TERMINATED,2025-09-01,2026-08-12,Media planner,L2,DEP004,TEAM004,EMP000283,LOC003,CONTRACTOR
EMP000975,Rebecca Brown,TERMINATED,2024-02-03,2025-11-10,Warehouse manager,L2,DEP013,TEAM013,EMP000643,LOC000,PART_TIME
EMP000976,Morgan Davenport,ACTIVE,2022-11-06,,Careers adviser,L6,DEP008,TEAM008,EMP000431,LOC014,CONTRACTOR
EMP000977,Anne Hardy,ACTIVE,2022-08-21,,Ship broker,L3,DEP003,TEAM004,,LOC007,CONTRACTOR
EMP000978,Joseph Wright,ACTIVE,2023-05-11,,Editorial assistant,L4,DEP009,TEAM021,EMP000806,LOC010,PART_TIME
EMP000979,Jennifer Garcia,ACTIVE,2024-02-04,,Technical author,L6,DEP008,TEAM035,EMP000312,LOC018,FULL_TIME
EMP000980,Michele Simmons,ACTIVE,2023-03-30,,Civil Service administrator,L3,DEP002,TEAM016,EMP000381,LOC009,FULL_TIME
EMP000981,Kathy Sandoval,TERMINATED,2022-06-06,2023-12-18,"Social research officer, government",L3,DEP007,TEAM010,EMP000165,LOC017,PART_TIME
EMP000982,Harold Edwards,ACTIVE,2024-04-08,,"Journalist, broadcasting",L2,DEP013,TEAM009,EMP000120,LOC001,PART_TIME
EMP000983,Phillip Jordan,ACTIVE,2025-04-24,,Jewellery designer,L4,DEP004,TEAM023,EMP000576,LOC001,CONTRACTOR
EMP000984,Joshua Brooks,ACTIVE,2024-04-22,,Statistician,L3,DEP002,TEAM023,EMP000999,LOC005,CONTRACTOR
EMP000985,Heather Chavez,ACTIVE,2025-08-28,,Occupational psychologist,L1,DEP006,TEAM031,EMP000971,LOC014,PART_TIME
EMP000986,Victoria Larson,ACTIVE,2021-09-20,,"Scientist, marine",L6,DEP008,TEAM032,EMP000723,LOC009,PART_TIME
EMP000987,Elizabeth Evans MD,ACTIVE,2022-04-17,,International aid/development worker,L5,DEP010,TEAM009,EMP000747,LOC014,PART_TIME
EMP000988,Terri Short,ACTIVE,2021-10-23,,Surgeon,L6,DEP007,TEAM002,EMP000565,LOC003,PART_TIME
EMP000989,Laura Davis,TERMINATED,2023-11-23,2026-04-05,Psychiatrist,L5,DEP013,TEAM014,EMP000095,LOC010,FULL_TIME
EMP000990,Derek Preston,ACTIVE,2023-03-26,,Fisheries officer,L2,DEP009,TEAM033,EMP000959,LOC008,FULL_TIME
EMP000991,Anna Ross,TERMINATED,2022-09-16,2023-10-19,"Engineer, water",L5,DEP013,TEAM028,EMP000981,LOC002,CONTRACTOR
EMP000992,Frederick Olson,ACTIVE,2024-11-03,,Ranger/warden,L4,DEP005,TEAM038,EMP000967,LOC001,CONTRACTOR
EMP000993,Michele Weiss,ACTIVE,2025-03-25,,Chief of Staff,L2,DEP011,TEAM027,EMP000382,LOC000,PART_TIME
EMP000994,Amanda Stokes,ACTIVE,2024-04-01,,Museum/gallery curator,L3,DEP007,TEAM035,EMP000746,LOC014,CONTRACTOR
EMP000995,Tammy Cook,ACTIVE,2022-01-19,,Politician's assistant,L4,DEP004,TEAM010,EMP000994,LOC013,CONTRACTOR
EMP000996,Barbara Townsend,ACTIVE,2023-06-29,,Town planner,L2,DEP013,TEAM037,EMP000148,LOC006,PART_TIME
EMP000997,Richard Reyes,ACTIVE,2025-09-01,,Industrial/product designer,L5,DEP005,TEAM004,EMP000605,LOC012,FULL_TIME
EMP000998,Karl Murphy,TERMINATED,2023-12-13,2024-02-14,Environmental consultant,L6,DEP014,TEAM017,EMP000570,LOC014,CONTRACTOR
EMP000999,Nicholas Long,ACTIVE,2022-05-15,,Product designer,L2,DEP003,TEAM011,EMP000297,LOC017,PART_TIME
EMP001000,Ann Reynolds,TERMINATED,2024-12-02,2026-03-09,"Nurse, mental health",L3,DEP013,TEAM037,EMP000573,LOC014,FULL_TIME
