review_id,employee_id,review_period,review_date,review_status,outcome_category,review_cycle
REV_EMP000001_2023-H1,EMP000001,2023-H1,2025-01-12,COMPLETED,OUTSTANDING,2023-H1
REV_EMP000001_2023-H2,EMP000001,2023-H2,2024-12-31,COMPLETED,MEETS_EXPECTATIONS,2023-H2
REV_EMP000002_2022-H1,EMP000002,2022-H1,2025-06-08,COMPLETED,EXCEEDS_EXPECTATIONS,2022-H1
REV_EMP000002_2022-H2,EMP000002,2022-H2,2024-11-23,COMPLETED,MEETS_EXPECTATIONS,2022-H2
REV_EMP000002_2023-H1,EMP000002,2023-H1,2025-09-24,COMPLETED,MEETS_EXPECTATIONS,2023-H1
REV_EMP000003_2022-H1,EMP000003,2022-H1,2025-12-07,COMPLETED,OUTSTANDING,2022-H1
REV_EMP000003_2023-H1,EMP000003,2023-H1,2026-04-21,COMPLETED,MEETS_EXPECTATIONS,2023-H1
REV_EMP000003_2023-H2,EMP000003,2023-H2,2024-10-28,COMPLETED,EXCEEDS_EXPECTATIONS,2023-H2
REV_EMP000004_2022-H1,EMP000004,2022-H1,2025-11-19,COMPLETED,MEETS_EXPECTATIONS,2022-H1
REV_EMP000004_2022-H2,EMP000004,2022-H2,2025-07-27,COMPLETED,MEETS_EXPECTATIONS,2022-H2
REV_EMP000004_2023-H1,EMP000004,2023-H1,2025-04-11,COMPLETED,MEETS_EXPECTATIONS,2023-H1
REV_EMP000004_2023-H2,EMP000004,2023-H2,2024-11-25,COMPLETED,MEETS_EXPECTATIONS,2023-H2
REV_EMP000005_2022-H2,EMP000005,2022-H2,2025-07-26,COMPLETED,EXCEEDS_EXPECTATIONS,2022-H2
REV_EMP000006_2022-H1,EMP000006,2022-H1,2025-10-14,COMPLETED,MEETS_EXPECTATIONS,2022-H1
REV_EMP000006_2022-H2,EMP000006,2022-H2,2025-08-23,COMPLETED,MEETS_EXPECTATIONS,2022-H2
REV_EMP000006_2023-H1,EMP000006,2023-H1,2026-05-14,COMPLETED,MEETS_EXPECTATIONS,2023-H1
REV_EMP000006_2023-H2,EMP000006,2023-H2,2026-03-16,COMPLETED,MEETS_EXPECTATIONS,2023-H2
REV_EMP000007_2022-H1,EMP000007,2022-H1,2024-12-30,COMPLETED,MEETS_EXPECTATIONS,2022-H1
REV_EMP000007_2023-H1,EMP000007,2023-H1,2026-05-04,COMPLETED,MEETS_EXPECTATIONS,2023-H1
REV_EMP000007_2023-H2,EMP000007,2023-H2,2025-01-02,COMPLETED,EXCEEDS_EXPECTATIONS,2023-H2
REV_EMP000008_2022-H1,EMP000008,2022-H1,2025-09-28,COMPLETED,MEETS_EXPECTATIONS,2022-H1
REV_EMP000008_2022-H2,EMP000008,2022-H2,2025-11-28,COMPLETED,MEETS_EXPECTATIONS,2022-H2
REV_EMP000008_2023-H2,EMP000008,2023-H2,2025-02-20,COMPLETED,EXCEEDS_EXPECTATIONS,2023-H2
REV_EMP000009_2022-H2,EMP000009,2022-H2,2025-10-03,COMPLETED,MEETS_EXPECTATIONS,2022-H2
REV_EMP000009_2023-H1,EMP000009,2023-H1,2025-07-24,COMPLETED,MEETS_EXPECTATIONS,2023-H1
REV_EMP000009_2023-H2,EMP000009,2023-H2,2026-02-08,COMPLETED,MEETS_EXPECTATIONS,2023-H2
REV_EMP000010_2022-H2,EMP000010,2022-H2,2025-12-07,COMPLETED,MEETS_EXPECTATIONS,2022-H2
REV_EMP000010_2023-H1,EMP000010,2023-H1,2025-02-19,COMPLETED,MEETS_EXPECTATIONS,2023-H1
REV_EMP000010_2023-H2,EMP000010,2023-H2,2025-11-29,COMPLETED,MEETS_EXPECTATIONS,2023-H2
REV_EMP000011_2022-H1,EMP000011,2022-H1,2026-01-11,COMPLETED,MEETS_EXPECTATIONS,2022-H1
REV_EMP000011_2022-H2,EMP000011,2022-H2,2026-04-14,COMPLETED,MEETS_EXPECTATIONS,2022-H2
REV_EMP000011_2023-H1,EMP000011,2023-H1,2025-11-01,COMPLETED,NEEDS_IMPROVEMENT,2023-H1
REV_EMP000011_2023-H2,EMP000011,2023-H2,2025-03-30,COMPLETED,OUTSTANDING,2023-H2
REV_EMP000012_2022-H1,EMP000012,2022-H1,2025-03-27,COMPLETED,MEETS_EXPECTATIONS,2022-H1
REV_EMP000012_2022-H2,EMP000012,2022-H2,2024-11-14,COMPLETED,EXCEEDS_EXPECTATIONS,2022-H2
REV_EMP000012_2023-H1,EMP000012,2023-H1,2025-04-14,COMPLETED,MEETS_EXPECTATIONS,2023-H1
REV_EMP000012_2023-H2,EMP000012,2023-H2,2026-05-16,COMPLETED,MEETS_EXPECTATIONS,2023-H2
REV_EMP000013_2022-H1,EMP000013,2022-H1,2025-08-20,COMPLETED,NEEDS_IMPROVEMENT,2022-H1
REV_EMP000013_2022-H2,EMP000013,2022-H2,2025-05-29,COMPLETED,MEETS_EXPECTATIONS,2022-H2
REV_EMP000013_2023-H1,EMP000013,2023-H1,2026-03-05,COMPLETED,MEETS_EXPECTATIONS,2023-H1
REV_EMP000013_2023-H2,EMP000013,2023-H2,2026-09-07,COMPLETED,MEETS_EXPECTATIONS,2023-H2
REV_EMP000014_2023-H1,EMP000014,2023-H1,2025-12-11,COMPLETED,EXCEEDS_EXPECTATIONS,2023-H1
REV_EMP000015_2022-H1,EMP000015,2022-H1,2024-11-28,COMPLETED,EXCEEDS_EXPECTATIONS,2022-H1
REV_EMP000015_2023-H2,EMP000015,2023-H2,2024-12-16,COMPLETED,MEETS_EXPECTATIONS,2023-H2
REV_EMP000016_2023-H1,EMP000016,2023-H1,2026-02-23,COMPLETED,NEEDS_IMPROVEMENT,2023-H1
REV_EMP000016_2023-H2,EMP000016,2023-H2,2025-08-07,COMPLETED,EXCEEDS_EXPECTATIONS,2023-H2
REV_EMP000017_2022-H1,EMP000017,2022-H1,2025-08-14,COMPLETED,OUTSTANDING,2022-H1
REV_EMP000017_2022-H2,EMP000017,2022-H2,2025-06-30,COMPLETED,OUTSTANDING,2022-H2
REV_EMP000017_2023-H2,EMP000017,2023-H2,2025-06-17,COMPLETED,NEEDS_IMPROVEMENT,2023-H2
REV_EMP000018_2022-H1,EMP000018,2022-H1,2025-02-14,COMPLETED,OUTSTANDING,2022-H1
REV_EMP000018_2022-H2,EMP000018,2022-H2,2025-05-27,COMPLETED,MEETS_EXPECTATIONS,2022-H2
REV_EMP000018_2023-H2,EMP000018,2023-H2,2025-06-14,COMPLETED,EXCEEDS_EXPECTATIONS,2023-H2
REV_EMP000019_2022-H1,EMP000019,2022-H1,2025-12-25,COMPLETED,MEETS_EXPECTATIONS,2022-H1
REV_EMP000019_2023-H1,EMP000019,2023-H1,2026-02-11,COMPLETED,NEEDS_IMPROVEMENT,2023-H1
REV_EMP000019_2023-H2,EMP000019,2023-H2,2024-10-08,COMPLETED,MEETS_EXPECTATIONS,2023-H2
REV_EMP000020_2022-H1,EMP000020,2022-H1,2026-05-10,COMPLETED,OUTSTANDING,2022-H1
REV_EMP000020_2022-H2,EMP000020,2022-H2,2025-05-14,COMPLETED,OUTSTANDING,2022-H2
REV_EMP000020_2023-H2,EMP000020,2023-H2,2025-01-29,COMPLETED,MEETS_EXPECTATIONS,2023-H2
REV_EMP000021_2022-H1,EMP000021,2022-H1,2025-06-18,COMPLETED,MEETS_EXPECTATIONS,2022-H1
REV_EMP000021_2022-H2,EMP000021,2022-H2,2026-01-11,COMPLETED,MEETS_EXPECTATIONS,2022-H2
REV_EMP000021_2023-H1,EMP000021,2023-H1,2026-06-20,COMPLETED,MEETS_EXPECTATIONS,2023-H1
REV_EMP000021_2023-H2,EMP000021,2023-H2,2026-06-05,COMPLETED,MEETS_EXPECTATIONS,2023-H2
REV_EMP000022_2022-H1,EMP000022,2022-H1,2025-08-29,COMPLETED,MEETS_EXPECTATIONS,2022-H1
REV_EMP000022_2023-H1,EMP000022,2023-H1,2026-01-17,COMPLETED,MEETS_EXPECTATIONS,2023-H1
REV_EMP000023_2022-H2,EMP000023,2022-H2,2025-01-11,COMPLETED,EXCEEDS_EXPECTATIONS,2022-H2
REV_EMP000023_2023-H1,EMP000023,2023-H1,2025-08-28,COMPLETED,NEEDS_IMPROVEMENT,2023-H1
REV_EMP000023_2023-H2,EMP000023,2023-H2,2024-10-24,COMPLETED,MEETS_EXPECTATIONS,2023-H2
REV_EMP000024_2022-H1,EMP000024,2022-H1,2026-09-07,COMPLETED,MEETS_EXPECTATIONS,2022-H1
REV_EMP000024_2022-H2,EMP000024,2022-H2,2026-06-17,COMPLETED,OUTSTANDING,2022-H2
REV_EMP000024_2023-H1,EMP000024,2023-H1,2025-03-20,COMPLETED,MEETS_EXPECTATIONS,2023-H1
REV_EMP000024_2023-H2,EMP000024,2023-H2,2025-02-22,COMPLETED,EXCEEDS_EXPECTATIONS,2023-H2
REV_EMP000025_2023-H1,EMP000025,2023-H1,2026-03-06,COMPLETED,MEETS_EXPECTATIONS,2023-H1
REV_EMP000025_2023-H2,EMP000025,2023-H2,2025-07-07,COMPLETED,MEETS_EXPECTATIONS,2023-H2
REV_EMP000026_2022-H1,EMP000026,2022-H1,2025-01-19,COMPLETED,MEETS_EXPECTATIONS,2022-H1
REV_EMP000026_2023-H1,EMP000026,2023-H1,2026-05-01,COMPLETED,MEETS_EXPECTATIONS,2023-H1
REV_EMP000027_2022-H2,EMP000027,2022-H2,2026-04-08,COMPLETED,MEETS_EXPECTATIONS,2022-H2
REV_EMP000027_2023-H2,EMP000027,2023-H2,2026-07-14,COMPLETED,OUTSTANDING,2023-H2
REV_EMP000028_2022-H2,EMP000028,2022-H2,2024-11-25,COMPLETED,MEETS_EXPECTATIONS,2022-H2
REV_EMP000028_2023-H1,EMP000028,2023-H1,2024-12-16,COMPLETED,OUTSTANDING,2023-H1
REV_EMP000029_2022-H1,EMP000029,2022-H1,2026-04-17,COMPLETED,EXCEEDS_EXPECTATIONS,2022-H1
REV_EMP000029_2022-H2,EMP000029,2022-H2,2024-11-01,COMPLETED,EXCEEDS_EXPECTATIONS,2022-H2
REV_EMP000029_2023-H1,EMP000029,2023-H1,2025-03-27,COMPLETED,MEETS_EXPECTATIONS,2023-H1
REV_EMP000029_2023-H2,EMP000029,2023-H2,2026-01-15,COMPLETED,MEETS_EXPECTATIONS,2023-H2
REV_EMP000030_2022-H1,EMP000030,2022-H1,2026-09-09,COMPLETED,MEETS_EXPECTATIONS,2022-H1
REV_EMP000030_2022-H2,EMP000030,2022-H2,2025-01-12,COMPLETED,MEETS_EXPECTATIONS,2022-H2
REV_EMP000030_2023-H1,EMP000030,2023-H1,2026-07-26,COMPLETED,MEETS_EXPECTATIONS,2023-H1
REV_EMP000030_2023-H2,EMP000030,2023-H2,2026-06-28,COMPLETED,MEETS_EXPECTATIONS,2023-H2
REV_EMP000031_2022-H1,EMP000031,2022-H1,2026-06-19,COMPLETED,MEETS_EXPECTATIONS,2022-H1
REV_EMP000031_2022-H2,EMP000031,2022-H2,2025-05-01,COMPLETED,MEETS_EXPECTATIONS,2022-H2
REV_EMP000032_2022-H2,EMP000032,2022-H2,2024-09-30,COMPLETED,OUTSTANDING,2022-H2
REV_EMP000032_2023-H1,EMP000032,2023-H1,2025-06-13,COMPLETED,MEETS_EXPECTATIONS,2023-H1
REV_EMP000033_2022-H1,EMP000033,2022-H1,2026-03-12,COMPLETED,NEEDS_IMPROVEMENT,2022-H1
REV_EMP000033_2023-H1,EMP000033,2023-H1,2026-06-06,COMPLETED,EXCEEDS_EXPECTATIONS,2023-H1
REV_EMP000033_2023-H2,EMP000033,2023-H2,2024-12-15,COMPLETED,MEETS_EXPECTATIONS,2023-H2
REV_EMP000034_2022-H1,EMP000034,2022-H1,2025-05-14,COMPLETED,MEETS_EXPECTATIONS,2022-H1
REV_EMP000034_2022-H2,EMP000034,2022-H2,2025-09-04,COMPLETED,MEETS_EXPECTATIONS,2022-H2
REV_EMP000034_2023-H1,EMP000034,2023-H1,2025-09-20,COMPLETED,MEETS_EXPECTATIONS,2023-H1
REV_EMP000034_2023-H2,EMP000034,2023-H2,2024-10-07,COMPLETED,NEEDS_IMPROVEMENT,2023-H2
REV_EMP000035_2022-H1,EMP000035,2022-H1,2025-06-04,COMPLETED,OUTSTANDING,2022-H1
REV_EMP000035_2022-H2,EMP000035,2022-H2,2025-03-01,COMPLETED,MEETS_EXPECTATIONS,2022-H2
REV_EMP000035_2023-H1,EMP000035,2023-H1,2026-04-17,COMPLETED,MEETS_EXPECTATIONS,2023-H1
REV_EMP000036_2022-H1,EMP000036,2022-H1,2025-11-11,COMPLETED,EXCEEDS_EXPECTATIONS,2022-H1
REV_EMP000036_2022-H2,EMP000036,2022-H2,2025-03-03,COMPLETED,EXCEEDS_EXPECTATIONS,2022-H2
REV_EMP000036_2023-H1,EMP000036,2023-H1,2025-02-25,COMPLETED,MEETS_EXPECTATIONS,2023-H1
REV_EMP000036_2023-H2,EMP000036,2023-H2,2025-11-18,COMPLETED,MEETS_EXPECTATIONS,2023-H2
REV_EMP000037_2022-H2,EMP000037,2022-H2,2025-10-31,COMPLETED,MEETS_EXPECTATIONS,2022-H2
REV_EMP000037_2023-H1,EMP000037,2023-H1,2026-04-25,COMPLETED,MEETS_EXPECTATIONS,2023-H1
REV_EMP000037_2023-H2,EMP000037,2023-H2,2025-04-08,COMPLETED,EXCEEDS_EXPECTATIONS,2023-H2
REV_EMP000038_2022-H1,EMP000038,2022-H1,2025-11-20,COMPLETED,MEETS_EXPECTATIONS,2022-H1
REV_EMP000038_2022-H2,EMP000038,2022-H2,2025-09-30,COMPLETED,OUTSTANDING,2022-H2
REV_EMP000038_2023-H1,EMP000038,2023-H1,2026-01-16,COMPLETED,MEETS_EXPECTATIONS,2023-H1
REV_EMP000038_2023-H2,EMP000038,2023-H2,2026-04-09,COMPLETED,MEETS_EXPECTATIONS,2023-H2
REV_EMP000039_2023-H1,EMP000039,2023-H1,2025-01-07,COMPLETED,MEETS_EXPECTATIONS,2023-H1
REV_EMP000039_2023-H2,EMP000039,2023-H2,2026-03-13,COMPLETED,NEEDS_IMPROVEMENT,2023-H2
REV_EMP000040_2022-H1,EMP000040,2022-H1,2026-03-16,COMPLETED,MEETS_EXPECTATIONS,2022-H1
REV_EMP000040_2023-H1,EMP000040,2023-H1,2026-02-21,COMPLETED,MEETS_EXPECTATIONS,2023-H1
REV_EMP000040_2023-H2,EMP000040,2023-H2,2024-10-04,COMPLETED,MEETS_EXPECTATIONS,2023-H2
REV_EMP000041_2022-H1,EMP000041,2022-H1,2025-07-09,COMPLETED,MEETS_EXPECTATIONS,2022-H1
REV_EMP000041_2022-H2,EMP000041,2022-H2,2025-12-16,COMPLETED,OUTSTANDING,2022-H2
REV_EMP000041_2023-H2,EMP000041,2023-H2,2026-08-24,COMPLETED,MEETS_EXPECTATIONS,2023-H2
REV_EMP000042_2022-H2,EMP000042,2022-H2,2026-02-17,COMPLETED,MEETS_EXPECTATIONS,2022-H2
REV_EMP000042_2023-H1,EMP000042,2023-H1,2025-11-03,COMPLETED,MEETS_EXPECTATIONS,2023-H1
REV_EMP000042_2023-H2,EMP000042,2023-H2,2024-10-23,COMPLETED,MEETS_EXPECTATIONS,2023-H2
REV_EMP000043_2022-H1,EMP000043,2022-H1,2025-04-06,COMPLETED,MEETS_EXPECTATIONS,2022-H1
REV_EMP000043_2022-H2,EMP000043,2022-H2,2025-01-30,COMPLETED,MEETS_EXPECTATIONS,2022-H2
REV_EMP000043_2023-H1,EMP000043,2023-H1,2024-11-05,COMPLETED,MEETS_EXPECTATIONS,2023-H1
REV_EMP000043_2023-H2,EMP000043,2023-H2,2025-04-28,COMPLETED,MEETS_EXPECTATIONS,2023-H2
REV_EMP000044_2022-H1,EMP000044,2022-H1,2025-02-22,COMPLETED,MEETS_EXPECTATIONS,2022-H1
REV_EMP000044_2022-H2,EMP000044,2022-H2,2026-05-25,COMPLETED,EXCEEDS_EXPECTATIONS,2022-H2
REV_EMP000044_2023-H1,EMP000044,2023-H1,2026-03-15,COMPLETED,MEETS_EXPECTATIONS,2023-H1
REV_EMP000044_2023-H2,EMP000044,2023-H2,2026-01-12,COMPLETED,MEETS_EXPECTATIONS,2023-H2
REV_EMP000045_2022-H1,EMP000045,2022-H1,2025-04-18,COMPLETED,EXCEEDS_EXPECTATIONS,2022-H1
REV_EMP000045_2022-H2,EMP000045,2022-H2,2024-10-31,COMPLETED,EXCEEDS_EXPECTATIONS,2022-H2
REV_EMP000045_2023-H1,EMP000045,2023-H1,2025-09-16,COMPLETED,MEETS_EXPECTATIONS,2023-H1
REV_EMP000046_2022-H1,EMP000046,2022-H1,2026-02-10,COMPLETED,MEETS_EXPECTATIONS,2022-H1
REV_EMP000046_2022-H2,EMP000046,2022-H2,2024-09-26,COMPLETED,EXCEEDS_EXPECTATIONS,2022-H2
REV_EMP000046_2023-H2,EMP000046,2023-H2,2024-11-10,COMPLETED,NEEDS_IMPROVEMENT,2023-H2
REV_EMP000047_2022-H1,EMP000047,2022-H1,2025-07-18,COMPLETED,NEEDS_IMPROVEMENT,2022-H1
REV_EMP000047_2022-H2,EMP000047,2022-H2,2026-02-14,COMPLETED,MEETS_EXPECTATIONS,2022-H2
REV_EMP000047_2023-H1,EMP000047,2023-H1,2025-04-18,COMPLETED,EXCEEDS_EXPECTATIONS,2023-H1
REV_EMP000047_2023-H2,EMP000047,2023-H2,2026-02-16,COMPLETED,MEETS_EXPECTATIONS,2023-H2
REV_EMP000048_2022-H1,EMP000048,2022-H1,2026-07-13,COMPLETED,MEETS_EXPECTATIONS,2022-H1
REV_EMP000048_2022-H2,EMP000048,2022-H2,2026-08-30,COMPLETED,MEETS_EXPECTATIONS,2022-H2
REV_EMP000048_2023-H1,EMP000048,2023-H1,2026-02-14,COMPLETED,MEETS_EXPECTATIONS,2023-H1
REV_EMP000048_2023-H2,EMP000048,2023-H2,2025-06-26,COMPLETED,EXCEEDS_EXPECTATIONS,2023-H2
REV_EMP000049_2023-H1,EMP000049,2023-H1,2026-07-23,COMPLETED,EXCEEDS_EXPECTATIONS,2023-H1
REV_EMP000049_2023-H2,EMP000049,2023-H2,2024-12-12,COMPLETED,MEETS_EXPECTATIONS,2023-H2
REV_EMP000050_2022-H1,EMP000050,2022-H1,2024-10-04,COMPLETED,EXCEEDS_EXPECTATIONS,2022-H1
REV_EMP000050_2022-H2,EMP000050,2022-H2,2025-05-05,COMPLETED,OUTSTANDING,2022-H2
REV_EMP000050_2023-H1,EMP000050,2023-H1,2026-07-25,COMPLETED,MEETS_EXPECTATIONS,2023-H1
REV_EMP000050_2023-H2,EMP000050,2023-H2,2026-08-07,COMPLETED,MEETS_EXPECTATIONS,2023-H2
REV_EMP000051_2022-H1,EMP000051,2022-H1,2026-02-06,COMPLETED,MEETS_EXPECTATIONS,2022-H1
REV_EMP000051_2022-H2,EMP000051,2022-H2,2025-07-17,COMPLETED,MEETS_EXPECTATIONS,2022-H2
REV_EMP000052_2022-H1,EMP000052,2022-H1,2025-03-18,COMPLETED,MEETS_EXPECTATIONS,2022-H1
REV_EMP000052_2022-H2,EMP000052,2022-H2,2025-07-12,COMPLETED,MEETS_EXPECTATIONS,2022-H2
REV_EMP000052_2023-H1,EMP000052,2023-H1,2025-10-19,COMPLETED,NEEDS_IMPROVEMENT,2023-H1
REV_EMP000052_2023-H2,EMP000052,2023-H2,2026-03-25,COMPLETED,MEETS_EXPECTATIONS,2023-H2
REV_EMP000053_2022-H1,EMP000053,2022-H1,2024-12-06,COMPLETED,MEETS_EXPECTATIONS,2022-H1
REV_EMP000053_2022-H2,EMP000053,2022-H2,2026-08-23,COMPLETED,MEETS_EXPECTATIONS,2022-H2
REV_EMP000053_2023-H1,EMP000053,2023-H1,2025-05-23,COMPLETED,MEETS_EXPECTATIONS,2023-H1
REV_EMP000054_2022-H1,EMP000054,2022-H1,2025-10-01,COMPLETED,EXCEEDS_EXPECTATIONS,2022-H1
REV_EMP000054_2022-H2,EMP000054,2022-H2,2026-07-25,COMPLETED,MEETS_EXPECTATIONS,2022-H2
REV_EMP000054_2023-H1,EMP000054,2023-H1,2025-12-27,COMPLETED,MEETS_EXPECTATIONS,2023-H1
REV_EMP000055_2023-H1,EMP000055,2023-H1,2025-11-06,COMPLETED,EXCEEDS_EXPECTATIONS,2023-H1
REV_EMP000055_2023-H2,EMP000055,2023-H2,2024-11-27,COMPLETED,MEETS_EXPECTATIONS,2023-H2
REV_EMP000056_2022-H1,EMP000056,2022-H1,2025-02-11,COMPLETED,OUTSTANDING,2022-H1
REV_EMP000056_2022-H2,EMP000056,2022-H2,2025-02-21,COMPLETED,NEEDS_IMPROVEMENT,2022-H2
REV_EMP000056_2023-H1,EMP000056,2023-H1,2025-10-13,COMPLETED,NEEDS_IMPROVEMENT,2023-H1
REV_EMP000056_2023-H2,EMP000056,2023-H2,2025-09-10,COMPLETED,EXCEEDS_EXPECTATIONS,2023-H2
REV_EMP000057_2022-H1,EMP000057,2022-H1,2025-11-29,COMPLETED,MEETS_EXPECTATIONS,2022-H1
REV_EMP000057_2022-H2,EMP000057,2022-H2,2026-09-09,COMPLETED,MEETS_EXPECTATIONS,2022-H2
REV_EMP000057_2023-H2,EMP000057,2023-H2,2026-03-27,COMPLETED,EXCEEDS_EXPECTATIONS,2023-H2
REV_EMP000058_2023-H1,EMP000058,2023-H1,2024-10-06,COMPLETED,OUTSTANDING,2023-H1
REV_EMP000058_2023-H2,EMP000058,2023-H2,2024-10-20,COMPLETED,EXCEEDS_EXPECTATIONS,2023-H2
REV_EMP000059_2022-H1,EMP000059,2022-H1,2025-03-31,COMPLETED,OUTSTANDING,2022-H1
REV_EMP000059_2022-H2,EMP000059,2022-H2,2026-09-06,COMPLETED,EXCEEDS_EXPECTATIONS,2022-H2
REV_EMP000059_2023-H1,EMP000059,2023-H1,2025-11-05,COMPLETED,MEETS_EXPECTATIONS,2023-H1
REV_EMP000059_2023-H2,EMP000059,2023-H2,2025-05-14,COMPLETED,MEETS_EXPECTATIONS,2023-H2
REV_EMP000060_2022-H1,EMP000060,2022-H1,2025-06-06,COMPLETED,MEETS_EXPECTATIONS,2022-H1
REV_EMP000060_2022-H2,EMP000060,2022-H2,2025-10-05,COMPLETED,MEETS_EXPECTATIONS,2022-H2
REV_EMP000060_2023-H1,EMP000060,2023-H1,2025-07-22,COMPLETED,MEETS_EXPECTATIONS,2023-H1
REV_EMP000061_2022-H1,EMP000061,2022-H1,2026-04-21,COMPLETED,MEETS_EXPECTATIONS,2022-H1
REV_EMP000061_2022-H2,EMP000061,2022-H2,2025-01-19,COMPLETED,MEETS_EXPECTATIONS,2022-H2
REV_EMP000061_2023-H1,EMP000061,2023-H1,2024-10-04,COMPLETED,MEETS_EXPECTATIONS,2023-H1
REV_EMP000061_2023-H2,EMP000061,2023-H2,2025-06-16,COMPLETED,MEETS_EXPECTATIONS,2023-H2
REV_EMP000062_2022-H1,EMP000062,2022-H1,2026-03-05,COMPLETED,MEETS_EXPECTATIONS,2022-H1
REV_EMP000062_2022-H2,EMP000062,2022-H2,2025-06-20,COMPLETED,EXCEEDS_EXPECTATIONS,2022-H2
REV_EMP000062_2023-H1,EMP000062,2023-H1,2025-06-23,COMPLETED,MEETS_EXPECTATIONS,2023-H1
REV_EMP000062_2023-H2,EMP000062,2023-H2,2026-01-18,COMPLETED,EXCEEDS_EXPECTATIONS,2023-H2
REV_EMP000063_2022-H2,EMP000063,2022-H2,2025-05-12,COMPLETED,MEETS_EXPECTATIONS,2022-H2
REV_EMP000063_2023-H1,EMP000063,2023-H1,2025-03-22,COMPLETED,MEETS_EXPECTATIONS,2023-H1
REV_EMP000063_2023-H2,EMP000063,2023-H2,2025-10-14,COMPLETED,MEETS_EXPECTATIONS,2023-H2
REV_EMP000064_2022-H1,EMP000064,2022-H1,2025-04-22,COMPLETED,MEETS_EXPECTATIONS,2022-H1
REV_EMP000064_2022-H2,EMP000064,2022-H2,2026-06-12,COMPLETED,MEETS_EXPECTATIONS,2022-H2
REV_EMP000064_2023-H1,EMP000064,2023-H1,2024-11-07,COMPLETED,MEETS_EXPECTATIONS,2023-H1
REV_EMP000064_2023-H2,EMP000064,2023-H2,2026-01-19,COMPLETED,MEETS_EXPECTATIONS,2023-H2
REV_EMP000065_2022-H1,EMP000065,2022-H1,2025-04-08,COMPLETED,EXCEEDS_EXPECTATIONS,2022-H1
REV_EMP000065_2022-H2,EMP000065,2022-H2,2026-08-03,COMPLETED,OUTSTANDING,2022-H2
REV_EMP000065_2023-H1,EMP000065,2023-H1,2025-07-17,COMPLETED,OUTSTANDING,2023-H1
REV_EMP000065_2023-H2,EMP000065,2023-H2,2026-08-12,COMPLETED,NEEDS_IMPROVEMENT,2023-H2
REV_EMP000066_2022-H1,EMP000066,2022-H1,2026-06-14,COMPLETED,MEETS_EXPECTATIONS,2022-H1
REV_EMP000066_2022-H2,EMP000066,2022-H2,2024-10-12,COMPLETED,EXCEEDS_EXPECTATIONS,2022-H2
REV_EMP000066_2023-H1,EMP000066,2023-H1,2025-11-25,COMPLETED,MEETS_EXPECTATIONS,2023-H1
REV_EMP000066_2023-H2,EMP000066,2023-H2,2025-04-25,COMPLETED,EXCEEDS_EXPECTATIONS,2023-H2
REV_EMP000067_2022-H1,EMP000067,2022-H1,2025-03-14,COMPLETED,NEEDS_IMPROVEMENT,2022-H1
REV_EMP000067_2022-H2,EMP000067,2022-H2,2025-01-15,COMPLETED,EXCEEDS_EXPECTATIONS,2022-H2
REV_EMP000067_2023-H1,EMP000067,2023-H1,2025-06-12,COMPLETED,MEETS_EXPECTATIONS,2023-H1
REV_EMP000067_2023-H2,EMP000067,2023-H2,2026-08-17,COMPLETED,EXCEEDS_EXPECTATIONS,2023-H2
REV_EMP000068_2022-H1,EMP000068,2022-H1,2025-07-22,COMPLETED,EXCEEDS_EXPECTATIONS,2022-H1
REV_EMP000068_2022-H2,EMP000068,2022-H2,2026-02-12,COMPLETED,EXCEEDS_EXPECTATIONS,2022-H2
REV_EMP000068_2023-H1,EMP000068,2023-H1,2025-01-04,COMPLETED,MEETS_EXPECTATIONS,2023-H1
REV_EMP000068_2023-H2,EMP000068,2023-H2,2024-11-27,COMPLETED,MEETS_EXPECTATIONS,2023-H2
REV_EMP000069_2022-H1,EMP000069,2022-H1,2026-04-09,COMPLETED,EXCEEDS_EXPECTATIONS,2022-H1
REV_EMP000069_2022-H2,EMP000069,2022-H2,2025-07-13,COMPLETED,NEEDS_IMPROVEMENT,2022-H2
REV_EMP000069_2023-H2,EMP000069,2023-H2,2025-10-29,COMPLETED,MEETS_EXPECTATIONS,2023-H2
REV_EMP000070_2022-H1,EMP000070,2022-H1,2026-02-28,COMPLETED,MEETS_EXPECTATIONS,2022-H1
REV_EMP000070_2022-H2,EMP000070,2022-H2,2026-01-08,COMPLETED,MEETS_EXPECTATIONS,2022-H2
REV_EMP000070_2023-H1,EMP000070,2023-H1,2026-07-29,COMPLETED,NEEDS_IMPROVEMENT,2023-H1
REV_EMP000071_2022-H1,EMP000071,2022-H1,2026-01-18,COMPLETED,OUTSTANDING,2022-H1
REV_EMP000071_2022-H2,EMP000071,2022-H2,2026-03-07,COMPLETED,EXCEEDS_EXPECTATIONS,2022-H2
REV_EMP000071_2023-H1,EMP000071,2023-H1,2025-03-15,COMPLETED,MEETS_EXPECTATIONS,2023-H1
REV_EMP000071_2023-H2,EMP000071,2023-H2,2025-08-10,COMPLETED,MEETS_EXPECTATIONS,2023-H2
REV_EMP000072_2022-H1,EMP000072,2022-H1,2025-03-25,COMPLETED,EXCEEDS_EXPECTATIONS,2022-H1
REV_EMP000072_2022-H2,EMP000072,2022-H2,2025-12-08,COMPLETED,MEETS_EXPECTATIONS,2022-H2
REV_EMP000072_2023-H1,EMP000072,2023-H1,2025-01-16,COMPLETED,EXCEEDS_EXPECTATIONS,2023-H1
REV_EMP000073_2022-H1,EMP000073,2022-H1,2025-08-17,COMPLETED,MEETS_EXPECTATIONS,2022-H1
REV_EMP000073_2022-H2,EMP000073,2022-H2,2025-05-20,COMPLETED,OUTSTANDING,2022-H2
REV_EMP000073_2023-H1,EMP000073,2023-H1,2026-08-27,COMPLETED,MEETS_EXPECTATIONS,2023-H1
REV_EMP000073_2023-H2,EMP000073,2023-H2,2026-01-03,COMPLETED,OUTSTANDING,2023-H2
REV_EMP000074_2022-H1,EMP000074,2022-H1,2025-06-02,COMPLETED,MEETS_EXPECTATIONS,2022-H1
REV_EMP000074_2022-H2,EMP000074,2022-H2,2025-09-03,COMPLETED,OUTSTANDING,2022-H2
REV_EMP000074_2023-H2,EMP000074,2023-H2,2025-11-15,COMPLETED,MEETS_EXPECTATIONS,2023-H2
REV_EMP000075_2022-H1,EMP000075,2022-H1,2024-12-31,COMPLETED,MEETS_EXPECTATIONS,2022-H1
REV_EMP000075_2022-H2,EMP000075,2022-H2,2025-02-27,COMPLETED,NEEDS_IMPROVEMENT,2022-H2
REV_EMP000075_2023-H1,EMP000075,2023-H1,2026-02-08,COMPLETED,OUTSTANDING,2023-H1
REV_EMP000076_2022-H1,EMP000076,2022-H1,2025-01-05,COMPLETED,MEETS_EXPECTATIONS,2022-H1
REV_EMP000076_2022-H2,EMP000076,2022-H2,2025-12-15,COMPLETED,MEETS_EXPECTATIONS,2022-H2
REV_EMP000076_2023-H1,EMP000076,2023-H1,2025-11-14,COMPLETED,MEETS_EXPECTATIONS,2023-H1
REV_EMP000076_2023-H2,EMP000076,2023-H2,2026-03-05,COMPLETED,MEETS_EXPECTATIONS,2023-H2
REV_EMP000077_2022-H1,EMP000077,2022-H1,2026-06-03,COMPLETED,EXCEEDS_EXPECTATIONS,2022-H1
REV_EMP000077_2022-H2,EMP000077,2022-H2,2025-02-24,COMPLETED,MEETS_EXPECTATIONS,2022-H2
REV_EMP000077_2023-H2,EMP000077,2023-H2,2026-07-21,COMPLETED,MEETS_EXPECTATIONS,2023-H2
REV_EMP000078_2022-H1,EMP000078,2022-H1,2025-01-05,COMPLETED,MEETS_EXPECTATIONS,2022-H1
REV_EMP000078_2022-H2,EMP000078,2022-H2,2025-05-18,COMPLETED,MEETS_EXPECTATIONS,2022-H2
REV_EMP000078_2023-H1,EMP000078,2023-H1,2026-03-08,COMPLETED,MEETS_EXPECTATIONS,2023-H1
REV_EMP000078_2023-H2,EMP000078,2023-H2,2026-03-21,COMPLETED,MEETS_EXPECTATIONS,2023-H2
REV_EMP000079_2022-H1,EMP000079,2022-H1,2026-08-18,COMPLETED,OUTSTANDING,2022-H1
REV_EMP000079_2022-H2,EMP000079,2022-H2,2025-10-31,COMPLETED,MEETS_EXPECTATIONS,2022-H2
REV_EMP000079_2023-H1,EMP000079,2023-H1,2026-08-27,COMPLETED,NEEDS_IMPROVEMENT,2023-H1
REV_EMP000080_2022-H1,EMP000080,2022-H1,2025-01-03,COMPLETED,MEETS_EXPECTATIONS,2022-H1
REV_EMP000080_2022-H2,EMP000080,2022-H2,2025-08-20,COMPLETED,EXCEEDS_EXPECTATIONS,2022-H2
REV_EMP000080_2023-H1,EMP000080,2023-H1,2026-08-27,COMPLETED,EXCEEDS_EXPECTATIONS,2023-H1
REV_EMP000080_2023-H2,EMP000080,2023-H2,2026-05-11,COMPLETED,NEEDS_IMPROVEMENT,2023-H2
REV_EMP000081_2022-H2,EMP000081,2022-H2,2025-01-10,COMPLETED,MEETS_EXPECTATIONS,2022-H2
REV_EMP000081_2023-H1,EMP000081,2023-H1,2026-02-11,COMPLETED,OUTSTANDING,2023-H1
REV_EMP000081_2023-H2,EMP000081,2023-H2,2026-09-14,COMPLETED,OUTSTANDING,2023-H2
REV_EMP000082_2022-H1,EMP000082,2022-H1,2025-12-02,COMPLETED,EXCEEDS_EXPECTATIONS,2022-H1
REV_EMP000082_2023-H1,EMP000082,2023-H1,2026-09-02,COMPLETED,MEETS_EXPECTATIONS,2023-H1
REV_EMP000082_2023-H2,EMP000082,2023-H2,2025-01-20,COMPLETED,MEETS_EXPECTATIONS,2023-H2
REV_EMP000083_2022-H1,EMP000083,2022-H1,2025-05-24,COMPLETED,OUTSTANDING,2022-H1
REV_EMP000083_2022-H2,EMP000083,2022-H2,2024-11-11,COMPLETED,MEETS_EXPECTATIONS,2022-H2
REV_EMP000083_2023-H1,EMP000083,2023-H1,2025-11-26,COMPLETED,MEETS_EXPECTATIONS,2023-H1
REV_EMP000083_2023-H2,EMP000083,2023-H2,2025-11-07,COMPLETED,EXCEEDS_EXPECTATIONS,2023-H2
REV_EMP000084_2022-H2,EMP000084,2022-H2,2026-04-01,COMPLETED,MEETS_EXPECTATIONS,2022-H2
REV_EMP000085_2023-H1,EMP000085,2023-H1,2024-12-20,COMPLETED,EXCEEDS_EXPECTATIONS,2023-H1
REV_EMP000085_2023-H2,EMP000085,2023-H2,2025-02-10,COMPLETED,OUTSTANDING,2023-H2
REV_EMP000086_2022-H1,EMP000086,2022-H1,2025-05-24,COMPLETED,EXCEEDS_EXPECTATIONS,2022-H1
REV_EMP000086_2022-H2,EMP000086,2022-H2,2026-07-04,COMPLETED,EXCEEDS_EXPECTATIONS,2022-H2
REV_EMP000086_2023-H1,EMP000086,2023-H1,2026-08-04,COMPLETED,MEETS_EXPECTATIONS,2023-H1
REV_EMP000086_2023-H2,EMP000086,2023-H2,2025-01-11,COMPLETED,MEETS_EXPECTATIONS,2023-H2
REV_EMP000087_2022-H1,EMP000087,2022-H1,2026-04-07,COMPLETED,EXCEEDS_EXPECTATIONS,2022-H1
REV_EMP000087_2023-H1,EMP000087,2023-H1,2024-10-12,COMPLETED,MEETS_EXPECTATIONS,2023-H1
REV_EMP000087_2023-H2,EMP000087,2023-H2,2026-05-07,COMPLETED,NEEDS_IMPROVEMENT,2023-H2
REV_EMP000088_2022-H2,EMP000088,2022-H2,2025-05-25,COMPLETED,NEEDS_IMPROVEMENT,2022-H2
REV_EMP000088_2023-H1,EMP000088,2023-H1,2026-08-04,COMPLETED,EXCEEDS_EXPECTATIONS,2023-H1
REV_EMP000088_2023-H2,EMP000088,2023-H2,2025-08-07,COMPLETED,OUTSTANDING,2023-H2
REV_EMP000089_2022-H1,EMP000089,2022-H1,2025-08-05,COMPLETED,NEEDS_IMPROVEMENT,2022-H1
REV_EMP000089_2022-H2,EMP000089,2022-H2,2025-05-13,COMPLETED,EXCEEDS_EXPECTATIONS,2022-H2
REV_EMP000089_2023-H1,EMP000089,2023-H1,2025-08-30,COMPLETED,MEETS_EXPECTATIONS,2023-H1
REV_EMP000089_2023-H2,EMP000089,2023-H2,2026-04-22,COMPLETED,EXCEEDS_EXPECTATIONS,2023-H2
REV_EMP000090_2023-H1,EMP000090,2023-H1,2026-09-15,COMPLETED,MEETS_EXPECTATIONS,2023-H1
REV_EMP000091_2022-H1,EMP000091,2022-H1,2026-06-20,COMPLETED,MEETS_EXPECTATIONS,2022-H1
REV_EMP000091_2022-H2,EMP000091,2022-H2,2026-08-15,COMPLETED,MEETS_EXPECTATIONS,2022-H2
REV_EMP000091_2023-H1,EMP000091,2023-H1,2026-01-27,COMPLETED,OUTSTANDING,2023-H1
REV_EMP000091_2023-H2,EMP000091,2023-H2,2026-09-14,COMPLETED,MEETS_EXPECTATIONS,2023-H2
REV_EMP000092_2022-H1,EMP000092,2022-H1,2026-04-16,COMPLETED,NEEDS_IMPROVEMENT,2022-H1
REV_EMP000092_2022-H2,EMP000092,2022-H2,2025-04-20,COMPLETED,MEETS_EXPECTATIONS,2022-H2
REV_EMP000092_2023-H1,EMP000092,2023-H1,2025-01-16,COMPLETED,NEEDS_IMPROVEMENT,2023-H1
REV_EMP000092_2023-H2,EMP000092,2023-H2,2026-05-18,COMPLETED,MEETS_EXPECTATIONS,2023-H2
REV_EMP000093_2022-H1,EMP000093,2022-H1,2025-02-12,COMPLETED,MEETS_EXPECTATIONS,2022-H1
REV_EMP000093_2022-H2,EMP000093,2022-H2,2024-12-11,COMPLETED,EXCEEDS_EXPECTATIONS,2022-H2
REV_EMP000094_2022-H1,EMP000094,2022-H1,2024-12-31,COMPLETED,MEETS_EXPECTATIONS,2022-H1
REV_EMP000094_2022-H2,EMP000094,2022-H2,2025-02-10,COMPLETED,OUTSTANDING,2022-H2
REV_EMP000094_2023-H1,EMP000094,2023-H1,2024-10-10,COMPLETED,NEEDS_IMPROVEMENT,2023-H1
REV_EMP000094_2023-H2,EMP000094,2023-H2,2026-05-05,COMPLETED,MEETS_EXPECTATIONS,2023-H2
REV_EMP000095_2022-H1,EMP000095,2022-H1,2026-01-08,COMPLETED,MEETS_EXPECTATIONS,2022-H1
REV_EMP000095_2022-H2,EMP000095,2022-H2,2026-01-12,COMPLETED,EXCEEDS_EXPECTATIONS,2022-H2
REV_EMP000095_2023-H1,EMP000095,2023-H1,2025-04-15,COMPLETED,MEETS_EXPECTATIONS,2023-H1
REV_EMP000095_2023-H2,EMP000095,2023-H2,2026-01-03,COMPLETED,NEEDS_IMPROVEMENT,2023-H2
REV_EMP000096_2022-H1,EMP000096,2022-H1,2025-12-04,COMPLETED,MEETS_EXPECTATIONS,2022-H1
REV_EMP000096_2023-H2,EMP000096,2023-H2,2026-01-08,COMPLETED,MEETS_EXPECTATIONS,2023-H2
REV_EMP000097_2022-H1,EMP000097,2022-H1,2025-03-18,COMPLETED,MEETS_EXPECTATIONS,2022-H1
REV_EMP000097_2022-H2,EMP000097,2022-H2,2025-12-27,COMPLETED,EXCEEDS_EXPECTATIONS,2022-H2
REV_EMP000097_2023-H2,EMP000097,2023-H2,2025-03-19,COMPLETED,MEETS_EXPECTATIONS,2023-H2
REV_EMP000098_2022-H1,EMP000098,2022-H1,2025-03-18,COMPLETED,MEETS_EXPECTATIONS,2022-H1
REV_EMP000098_2022-H2,EMP000098,2022-H2,2026-03-07,COMPLETED,MEETS_EXPECTATIONS,2022-H2
REV_EMP000098_2023-H2,EMP000098,2023-H2,2024-10-10,COMPLETED,MEETS_EXPECTATIONS,2023-H2
REV_EMP000099_2022-H1,EMP000099,2022-H1,2025-06-26,COMPLETED,MEETS_EXPECTATIONS,2022-H1
REV_EMP000099_2022-H2,EMP000099,2022-H2,2024-11-20,COMPLETED,MEETS_EXPECTATIONS,2022-H2
REV_EMP000099_2023-H1,EMP000099,2023-H1,2026-03-08,COMPLETED,EXCEEDS_EXPECTATIONS,2023-H1
REV_EMP000099_2023-H2,EMP000099,2023-H2,2026-05-18,COMPLETED,MEETS_EXPECTATIONS,2023-H2
REV_EMP000100_2022-H1,EMP000100,2022-H1,2025-09-25,COMPLETED,MEETS_EXPECTATIONS,2022-H1
REV_EMP000100_2022-H2,EMP000100,2022-H2,2025-01-02,COMPLETED,MEETS_EXPECTATIONS,2022-H2
REV_EMP000100_2023-H1,EMP000100,2023-H1,2025-10-15,COMPLETED,EXCEEDS_EXPECTATIONS,2023-H1
REV_EMP000100_2023-H2,EMP000100,2023-H2,2026-07-09,COMPLETED,MEETS_EXPECTATIONS,2023-H2
REV_EMP000101_2022-H1,EMP000101,2022-H1,2026-01-02,COMPLETED,NEEDS_IMPROVEMENT,2022-H1
REV_EMP000101_2022-H2,EMP000101,2022-H2,2025-09-19,COMPLETED,MEETS_EXPECTATIONS,2022-H2
REV_EMP000101_2023-H1,EMP000101,2023-H1,2026-03-27,COMPLETED,MEETS_EXPECTATIONS,2023-H1
REV_EMP000102_2022-H1,EMP000102,2022-H1,2026-02-06,COMPLETED,MEETS_EXPECTATIONS,2022-H1
REV_EMP000102_2022-H2,EMP000102,2022-H2,2025-07-07,COMPLETED,MEETS_EXPECTATIONS,2022-H2
REV_EMP000102_2023-H1,EMP000102,2023-H1,2025-02-09,COMPLETED,OUTSTANDING,2023-H1
REV_EMP000102_2023-H2,EMP000102,2023-H2,2026-07-13,COMPLETED,MEETS_EXPECTATIONS,2023-H2
REV_EMP000103_2022-H2,EMP000103,2022-H2,2025-07-17,COMPLETED,EXCEEDS_EXPECTATIONS,2022-H2
REV_EMP000103_2023-H1,EMP000103,2023-H1,2025-10-06,COMPLETED,MEETS_EXPECTATIONS,2023-H1
REV_EMP000104_2023-H2,EMP000104,2023-H2,2025-09-23,COMPLETED,NEEDS_IMPROVEMENT,2023-H2
REV_EMP000105_2022-H1,EMP000105,2022-H1,2025-01-04,COMPLETED,MEETS_EXPECTATIONS,2022-H1
REV_EMP000105_2022-H2,EMP000105,2022-H2,2025-01-25,COMPLETED,MEETS_EXPECTATIONS,2022-H2
REV_EMP000105_2023-H2,EMP000105,2023-H2,2025-02-17,COMPLETED,MEETS_EXPECTATIONS,2023-H2
REV_EMP000106_2022-H1,EMP000106,2022-H1,2025-03-14,COMPLETED,MEETS_EXPECTATIONS,2022-H1
REV_EMP000106_2023-H1,EMP000106,2023-H1,2024-10-15,COMPLETED,NEEDS_IMPROVEMENT,2023-H1
REV_EMP000106_2023-H2,EMP000106,2023-H2,2025-08-03,COMPLETED,MEETS_EXPECTATIONS,2023-H2
REV_EMP000107_2022-H1,EMP000107,2022-H1,2026-05-06,COMPLETED,MEETS_EXPECTATIONS,2022-H1
REV_EMP000107_2022-H2,EMP000107,2022-H2,2024-10-01,COMPLETED,MEETS_EXPECTATIONS,2022-H2
REV_EMP000107_2023-H1,EMP000107,2023-H1,2026-09-08,COMPLETED,OUTSTANDING,2023-H1
REV_EMP000107_2023-H2,EMP000107,2023-H2,2025-04-17,COMPLETED,MEETS_EXPECTATIONS,2023-H2
REV_EMP000108_2022-H2,EMP000108,2022-H2,2025-08-06,COMPLETED,MEETS_EXPECTATIONS,2022-H2
REV_EMP000108_2023-H1,EMP000108,2023-H1,2025-03-11,COMPLETED,MEETS_EXPECTATIONS,2023-H1
REV_EMP000108_2023-H2,EMP000108,2023-H2,2026-04-19,COMPLETED,NEEDS_IMPROVEMENT,2023-H2
REV_EMP000109_2023-H1,EMP000109,2023-H1,2026-02-23,COMPLETED,MEETS_EXPECTATIONS,2023-H1
REV_EMP000109_2023-H2,EMP000109,2023-H2,2025-02-24,COMPLETED,OUTSTANDING,2023-H2
REV_EMP000110_2022-H1,EMP000110,2022-H1,2026-05-01,COMPLETED,MEETS_EXPECTATIONS,2022-H1
REV_EMP000110_2022-H2,EMP000110,2022-H2,2025-02-25,COMPLETED,OUTSTANDING,2022-H2
REV_EMP000110_2023-H1,EMP000110,2023-H1,2024-11-10,COMPLETED,MEETS_EXPECTATIONS,2023-H1
REV_EMP000110_2023-H2,EMP000110,2023-H2,2025-02-04,COMPLETED,MEETS_EXPECTATIONS,2023-H2
REV_EMP000111_2022-H1,EMP000111,2022-H1,2026-09-10,COMPLETED,MEETS_EXPECTATIONS,2022-H1
REV_EMP000112_2022-H1,EMP000112,2022-H1,2025-08-27,COMPLETED,EXCEEDS_EXPECTATIONS,2022-H1
REV_EMP000112_2022-H2,EMP000112,2022-H2,2026-07-25,COMPLETED,MEETS_EXPECTATIONS,2022-H2
REV_EMP000112_2023-H1,EMP000112,2023-H1,2026-01-12,COMPLETED,MEETS_EXPECTATIONS,2023-H1
REV_EMP000112_2023-H2,EMP000112,2023-H2,2025-10-05,COMPLETED,EXCEEDS_EXPECTATIONS,2023-H2
REV_EMP000113_2022-H2,EMP000113,2022-H2,2026-03-08,COMPLETED,MEETS_EXPECTATIONS,2022-H2
REV_EMP000113_2023-H1,EMP000113,2023-H1,2025-05-30,COMPLETED,NEEDS_IMPROVEMENT,2023-H1
REV_EMP000114_2022-H2,EMP000114,2022-H2,2026-07-25,COMPLETED,OUTSTANDING,2022-H2
REV_EMP000114_2023-H1,EMP000114,2023-H1,2025-09-10,COMPLETED,EXCEEDS_EXPECTATIONS,2023-H1
REV_EMP000114_2023-H2,EMP000114,2023-H2,2026-08-10,COMPLETED,MEETS_EXPECTATIONS,2023-H2
REV_EMP000115_2022-H1,EMP000115,2022-H1,2025-03-30,COMPLETED,EXCEEDS_EXPECTATIONS,2022-H1
REV_EMP000115_2023-H2,EMP000115,2023-H2,2025-08-18,COMPLETED,EXCEEDS_EXPECTATIONS,2023-H2
REV_EMP000116_2022-H1,EMP000116,2022-H1,2025-07-31,COMPLETED,EXCEEDS_EXPECTATIONS,2022-H1
REV_EMP000116_2022-H2,EMP000116,2022-H2,2026-05-15,COMPLETED,MEETS_EXPECTATIONS,2022-H2
REV_EMP000116_2023-H1,EMP000116,2023-H1,2024-10-22,COMPLETED,MEETS_EXPECTATIONS,2023-H1
REV_EMP000116_2023-H2,EMP000116,2023-H2,2026-01-05,COMPLETED,MEETS_EXPECTATIONS,2023-H2
REV_EMP000117_2022-H1,EMP000117,2022-H1,2026-04-14,COMPLETED,MEETS_EXPECTATIONS,2022-H1
REV_EMP000117_2022-H2,EMP000117,2022-H2,2026-06-22,COMPLETED,EXCEEDS_EXPECTATIONS,2022-H2
REV_EMP000117_2023-H1,EMP000117,2023-H1,2025-07-12,COMPLETED,EXCEEDS_EXPECTATIONS,2023-H1
REV_EMP000117_2023-H2,EMP000117,2023-H2,2026-04-02,COMPLETED,MEETS_EXPECTATIONS,2023-H2
REV_EMP000118_2022-H1,EMP000118,2022-H1,2025-05-21,COMPLETED,NEEDS_IMPROVEMENT,2022-H1
REV_EMP000118_2022-H2,EMP000118,2022-H2,2025-07-23,COMPLETED,MEETS_EXPECTATIONS,2022-H2
REV_EMP000118_2023-H1,EMP000118,2023-H1,2026-01-07,COMPLETED,MEETS_EXPECTATIONS,2023-H1
REV_EMP000118_2023-H2,EMP000118,2023-H2,2026-09-19,COMPLETED,MEETS_EXPECTATIONS,2023-H2
REV_EMP000119_2022-H1,EMP000119,2022-H1,2026-04-19,COMPLETED,NEEDS_IMPROVEMENT,2022-H1
REV_EMP000119_2022-H2,EMP000119,2022-H2,2025-12-08,COMPLETED,MEETS_EXPECTATIONS,2022-H2
REV_EMP000119_2023-H1,EMP000119,2023-H1,2025-12-25,COMPLETED,MEETS_EXPECTATIONS,2023-H1
REV_EMP000119_2023-H2,EMP000119,2023-H2,2025-11-10,COMPLETED,OUTSTANDING,2023-H2
REV_EMP000120_2022-H1,EMP000120,2022-H1,2025-11-01,COMPLETED,MEETS_EXPECTATIONS,2022-H1
REV_EMP000120_2022-H2,EMP000120,2022-H2,2026-01-31,COMPLETED,MEETS_EXPECTATIONS,2022-H2
REV_EMP000120_2023-H2,EMP000120,2023-H2,2026-08-01,COMPLETED,EXCEEDS_EXPECTATIONS,2023-H2
REV_EMP000121_2022-H1,EMP000121,2022-H1,2026-03-20,COMPLETED,EXCEEDS_EXPECTATIONS,2022-H1
REV_EMP000121_2022-H2,EMP000121,2022-H2,2026-05-24,COMPLETED,EXCEEDS_EXPECTATIONS,2022-H2
REV_EMP000121_2023-H1,EMP000121,2023-H1,2024-10-19,COMPLETED,EXCEEDS_EXPECTATIONS,2023-H1
REV_EMP000121_2023-H2,EMP000121,2023-H2,2025-10-29,COMPLETED,MEETS_EXPECTATIONS,2023-H2
REV_EMP000122_2022-H1,EMP000122,2022-H1,2024-12-13,COMPLETED,EXCEEDS_EXPECTATIONS,2022-H1
REV_EMP000122_2022-H2,EMP000122,2022-H2,2025-09-05,COMPLETED,MEETS_EXPECTATIONS,2022-H2
REV_EMP000122_2023-H2,EMP000122,2023-H2,2025-09-09,COMPLETED,MEETS_EXPECTATIONS,2023-H2
REV_EMP000123_2022-H1,EMP000123,2022-H1,2026-06-24,COMPLETED,OUTSTANDING,2022-H1
REV_EMP000123_2022-H2,EMP000123,2022-H2,2026-08-02,COMPLETED,MEETS_EXPECTATIONS,2022-H2
REV_EMP000124_2022-H1,EMP000124,2022-H1,2024-10-22,COMPLETED,MEETS_EXPECTATIONS,2022-H1
REV_EMP000124_2023-H1,EMP000124,2023-H1,2026-08-02,COMPLETED,EXCEEDS_EXPECTATIONS,2023-H1
REV_EMP000125_2022-H2,EMP000125,2022-H2,2025-03-29,COMPLETED,MEETS_EXPECTATIONS,2022-H2
REV_EMP000125_2023-H2,EMP000125,2023-H2,2025-10-27,COMPLETED,MEETS_EXPECTATIONS,2023-H2
REV_EMP000126_2022-H1,EMP000126,2022-H1,2025-11-11,COMPLETED,MEETS_EXPECTATIONS,2022-H1
REV_EMP000126_2023-H1,EMP000126,2023-H1,2025-07-24,COMPLETED,MEETS_EXPECTATIONS,2023-H1
REV_EMP000127_2022-H1,EMP000127,2022-H1,2026-04-14,COMPLETED,MEETS_EXPECTATIONS,2022-H1
REV_EMP000127_2022-H2,EMP000127,2022-H2,2024-10-20,COMPLETED,EXCEEDS_EXPECTATIONS,2022-H2
REV_EMP000127_2023-H1,EMP000127,2023-H1,2025-11-27,COMPLETED,MEETS_EXPECTATIONS,2023-H1
REV_EMP000127_2023-H2,EMP000127,2023-H2,2025-07-17,COMPLETED,EXCEEDS_EXPECTATIONS,2023-H2
REV_EMP000128_2023-H1,EMP000128,2023-H1,2025-10-25,COMPLETED,EXCEEDS_EXPECTATIONS,2023-H1
REV_EMP000128_2023-H2,EMP000128,2023-H2,2026-05-07,COMPLETED,EXCEEDS_EXPECTATIONS,2023-H2
REV_EMP000129_2023-H1,EMP000129,2023-H1,2026-01-22,COMPLETED,EXCEEDS_EXPECTATIONS,2023-H1
REV_EMP000129_2023-H2,EMP000129,2023-H2,2024-10-28,COMPLETED,MEETS_EXPECTATIONS,2023-H2
REV_EMP000130_2022-H1,EMP000130,2022-H1,2025-02-14,COMPLETED,MEETS_EXPECTATIONS,2022-H1
REV_EMP000130_2022-H2,EMP000130,2022-H2,2025-05-04,COMPLETED,EXCEEDS_EXPECTATIONS,2022-H2
REV_EMP000130_2023-H2,EMP000130,2023-H2,2025-08-27,COMPLETED,MEETS_EXPECTATIONS,2023-H2
REV_EMP000131_2022-H2,EMP000131,2022-H2,2025-07-26,COMPLETED,MEETS_EXPECTATIONS,2022-H2
REV_EMP000131_2023-H1,EMP000131,2023-H1,2026-08-07,COMPLETED,EXCEEDS_EXPECTATIONS,2023-H1
REV_EMP000131_2023-H2,EMP000131,2023-H2,2025-05-14,COMPLETED,EXCEEDS_EXPECTATIONS,2023-H2
REV_EMP000132_2022-H1,EMP000132,2022-H1,2026-05-13,COMPLETED,MEETS_EXPECTATIONS,2022-H1
REV_EMP000132_2023-H1,EMP000132,2023-H1,2026-06-24,COMPLETED,EXCEEDS_EXPECTATIONS,2023-H1
REV_EMP000132_2023-H2,EMP000132,2023-H2,2025-04-30,COMPLETED,MEETS_EXPECTATIONS,2023-H2
REV_EMP000133_2022-H2,EMP000133,2022-H2,2025-09-13,COMPLETED,MEETS_EXPECTATIONS,2022-H2
REV_EMP000133_2023-H1,EMP000133,2023-H1,2025-01-27,COMPLETED,EXCEEDS_EXPECTATIONS,2023-H1
REV_EMP000133_2023-H2,EMP000133,2023-H2,2025-08-14,COMPLETED,MEETS_EXPECTATIONS,2023-H2
REV_EMP000134_2022-H1,EMP000134,2022-H1,2025-05-06,COMPLETED,EXCEEDS_EXPECTATIONS,2022-H1
REV_EMP000134_2022-H2,EMP000134,2022-H2,2026-01-09,COMPLETED,MEETS_EXPECTATIONS,2022-H2
REV_EMP000135_2022-H2,EMP000135,2022-H2,2026-09-03,COMPLETED,OUTSTANDING,2022-H2
REV_EMP000135_2023-H2,EMP000135,2023-H2,2024-11-01,COMPLETED,OUTSTANDING,2023-H2
REV_EMP000136_2023-H1,EMP000136,2023-H1,2026-03-09,COMPLETED,MEETS_EXPECTATIONS,2023-H1
REV_EMP000136_2023-H2,EMP000136,2023-H2,2025-10-26,COMPLETED,OUTSTANDING,2023-H2
REV_EMP000137_2022-H2,EMP000137,2022-H2,2026-08-22,COMPLETED,EXCEEDS_EXPECTATIONS,2022-H2
REV_EMP000137_2023-H1,EMP000137,2023-H1,2025-01-08,COMPLETED,MEETS_EXPECTATIONS,2023-H1
REV_EMP000137_2023-H2,EMP000137,2023-H2,2025-09-15,COMPLETED,MEETS_EXPECTATIONS,2023-H2
REV_EMP000138_2022-H1,EMP000138,2022-H1,2026-06-26,COMPLETED,MEETS_EXPECTATIONS,2022-H1
REV_EMP000138_2022-H2,EMP000138,2022-H2,2026-02-03,COMPLETED,EXCEEDS_EXPECTATIONS,2022-H2
REV_EMP000138_2023-H1,EMP000138,2023-H1,2025-09-05,COMPLETED,NEEDS_IMPROVEMENT,2023-H1
REV_EMP000138_2023-H2,EMP000138,2023-H2,2024-11-29,COMPLETED,MEETS_EXPECTATIONS,2023-H2
REV_EMP000139_2022-H1,EMP000139,2022-H1,2026-04-04,COMPLETED,EXCEEDS_EXPECTATIONS,2022-H1
REV_EMP000139_2022-H2,EMP000139,2022-H2,2025-10-13,COMPLETED,MEETS_EXPECTATIONS,2022-H2
REV_EMP000139_2023-H1,EMP000139,2023-H1,2024-12-16,COMPLETED,EXCEEDS_EXPECTATIONS,2023-H1
REV_EMP000139_2023-H2,EMP000139,2023-H2,2025-02-06,COMPLETED,MEETS_EXPECTATIONS,2023-H2
REV_EMP000140_2022-H1,EMP000140,2022-H1,2026-05-17,COMPLETED,EXCEEDS_EXPECTATIONS,2022-H1
REV_EMP000140_2022-H2,EMP000140,2022-H2,2025-12-18,COMPLETED,MEETS_EXPECTATIONS,2022-H2
REV_EMP000140_2023-H1,EMP000140,2023-H1,2026-09-18,COMPLETED,NEEDS_IMPROVEMENT,2023-H1
REV_EMP000140_2023-H2,EMP000140,2023-H2,2026-08-15,COMPLETED,EXCEEDS_EXPECTATIONS,2023-H2
REV_EMP000141_2022-H1,EMP000141,2022-H1,2026-03-14,COMPLETED,MEETS_EXPECTATIONS,2022-H1
REV_EMP000141_2022-H2,EMP000141,2022-H2,2025-11-18,COMPLETED,MEETS_EXPECTATIONS,2022-H2
REV_EMP000141_2023-H2,EMP000141,2023-H2,2025-01-03,COMPLETED,MEETS_EXPECTATIONS,2023-H2
REV_EMP000142_2022-H1,EMP000142,2022-H1,2025-07-22,COMPLETED,MEETS_EXPECTATIONS,2022-H1
REV_EMP000142_2023-H1,EMP000142,2023-H1,2025-08-07,COMPLETED,MEETS_EXPECTATIONS,2023-H1
REV_EMP000142_2023-H2,EMP000142,2023-H2,2025-05-29,COMPLETED,EXCEEDS_EXPECTATIONS,2023-H2
REV_EMP000143_2022-H1,EMP000143,2022-H1,2025-09-05,COMPLETED,OUTSTANDING,2022-H1
REV_EMP000143_2023-H2,EMP000143,2023-H2,2024-10-09,COMPLETED,MEETS_EXPECTATIONS,2023-H2
REV_EMP000144_2022-H1,EMP000144,2022-H1,2025-02-05,COMPLETED,NEEDS_IMPROVEMENT,2022-H1
REV_EMP000144_2022-H2,EMP000144,2022-H2,2025-09-07,COMPLETED,MEETS_EXPECTATIONS,2022-H2
REV_EMP000144_2023-H1,EMP000144,2023-H1,2025-12-22,COMPLETED,EXCEEDS_EXPECTATIONS,2023-H1
REV_EMP000144_2023-H2,EMP000144,2023-H2,2026-08-17,COMPLETED,OUTSTANDING,2023-H2
REV_EMP000145_2022-H1,EMP000145,2022-H1,2026-03-27,COMPLETED,OUTSTANDING,2022-H1
REV_EMP000145_2022-H2,EMP000145,2022-H2,2026-08-16,COMPLETED,EXCEEDS_EXPECTATIONS,2022-H2
REV_EMP000145_2023-H1,EMP000145,2023-H1,2025-02-23,COMPLETED,MEETS_EXPECTATIONS,2023-H1
REV_EMP000145_2023-H2,EMP000145,2023-H2,2026-08-06,COMPLETED,MEETS_EXPECTATIONS,2023-H2
REV_EMP000146_2022-H1,EMP000146,2022-H1,2025-09-08,COMPLETED,EXCEEDS_EXPECTATIONS,2022-H1
REV_EMP000146_2022-H2,EMP000146,2022-H2,2024-11-29,COMPLETED,MEETS_EXPECTATIONS,2022-H2
REV_EMP000146_2023-H1,EMP000146,2023-H1,2025-04-02,COMPLETED,MEETS_EXPECTATIONS,2023-H1
REV_EMP000146_2023-H2,EMP000146,2023-H2,2025-05-29,COMPLETED,MEETS_EXPECTATIONS,2023-H2
REV_EMP000147_2022-H1,EMP000147,2022-H1,2026-03-11,COMPLETED,EXCEEDS_EXPECTATIONS,2022-H1
REV_EMP000147_2022-H2,EMP000147,2022-H2,2026-02-05,COMPLETED,NEEDS_IMPROVEMENT,2022-H2
REV_EMP000147_2023-H1,EMP000147,2023-H1,2026-08-25,COMPLETED,EXCEEDS_EXPECTATIONS,2023-H1
REV_EMP000148_2022-H2,EMP000148,2022-H2,2026-03-26,COMPLETED,MEETS_EXPECTATIONS,2022-H2
REV_EMP000148_2023-H1,EMP000148,2023-H1,2026-05-31,COMPLETED,MEETS_EXPECTATIONS,2023-H1
REV_EMP000148_2023-H2,EMP000148,2023-H2,2025-01-25,COMPLETED,MEETS_EXPECTATIONS,2023-H2
REV_EMP000149_2022-H1,EMP000149,2022-H1,2026-03-31,COMPLETED,MEETS_EXPECTATIONS,2022-H1
REV_EMP000149_2022-H2,EMP000149,2022-H2,2026-04-12,COMPLETED,MEETS_EXPECTATIONS,2022-H2
REV_EMP000149_2023-H1,EMP000149,2023-H1,2024-12-24,COMPLETED,MEETS_EXPECTATIONS,2023-H1
REV_EMP000149_2023-H2,EMP000149,2023-H2,2024-11-29,COMPLETED,MEETS_EXPECTATIONS,2023-H2
REV_EMP000150_2022-H1,EMP000150,2022-H1,2024-12-17,COMPLETED,EXCEEDS_EXPECTATIONS,2022-H1
REV_EMP000150_2023-H2,EMP000150,2023-H2,2026-03-22,COMPLETED,MEETS_EXPECTATIONS,2023-H2
REV_EMP000151_2022-H1,EMP000151,2022-H1,2025-09-04,COMPLETED,EXCEEDS_EXPECTATIONS,2022-H1
REV_EMP000151_2023-H1,EMP000151,2023-H1,2026-01-25,COMPLETED,MEETS_EXPECTATIONS,2023-H1
REV_EMP000151_2023-H2,EMP000151,2023-H2,2025-06-28,COMPLETED,OUTSTANDING,2023-H2
REV_EMP000152_2022-H1,EMP000152,2022-H1,2024-11-25,COMPLETED,OUTSTANDING,2022-H1
REV_EMP000152_2022-H2,EMP000152,2022-H2,2025-10-31,COMPLETED,MEETS_EXPECTATIONS,2022-H2
REV_EMP000152_2023-H2,EMP000152,2023-H2,2026-03-23,COMPLETED,NEEDS_IMPROVEMENT,2023-H2
REV_EMP000153_2022-H2,EMP000153,2022-H2,2025-07-15,COMPLETED,OUTSTANDING,2022-H2
REV_EMP000153_2023-H1,EMP000153,2023-H1,2026-04-07,COMPLETED,MEETS_EXPECTATIONS,2023-H1
REV_EMP000153_2023-H2,EMP000153,2023-H2,2026-05-27,COMPLETED,MEETS_EXPECTATIONS,2023-H2
REV_EMP000154_2022-H1,EMP000154,2022-H1,2025-10-22,COMPLETED,NEEDS_IMPROVEMENT,2022-H1
REV_EMP000154_2022-H2,EMP000154,2022-H2,2026-01-08,COMPLETED,EXCEEDS_EXPECTATIONS,2022-H2
REV_EMP000154_2023-H1,EMP000154,2023-H1,2025-01-22,COMPLETED,EXCEEDS_EXPECTATIONS,2023-H1
REV_EMP000154_2023-H2,EMP000154,2023-H2,2025-07-11,COMPLETED,MEETS_EXPECTATIONS,2023-H2
REV_EMP000155_2022-H1,EMP000155,2022-H1,2025-11-21,COMPLETED,EXCEEDS_EXPECTATIONS,2022-H1
REV_EMP000155_2022-H2,EMP000155,2022-H2,2025-07-12,COMPLETED,MEETS_EXPECTATIONS,2022-H2
REV_EMP000155_2023-H1,EMP000155,2023-H1,2024-10-24,COMPLETED,OUTSTANDING,2023-H1
REV_EMP000155_2023-H2,EMP000155,2023-H2,2026-05-09,COMPLETED,MEETS_EXPECTATIONS,2023-H2
REV_EMP000156_2022-H1,EMP000156,2022-H1,2025-01-30,COMPLETED,MEETS_EXPECTATIONS,2022-H1
REV_EMP000156_2022-H2,EMP000156,2022-H2,2026-08-29,COMPLETED,MEETS_EXPECTATIONS,2022-H2
REV_EMP000156_2023-H1,EMP000156,2023-H1,2025-06-07,COMPLETED,MEETS_EXPECTATIONS,2023-H1
REV_EMP000156_2023-H2,EMP000156,2023-H2,2025-12-03,COMPLETED,EXCEEDS_EXPECTATIONS,2023-H2
REV_EMP000157_2022-H1,EMP000157,2022-H1,2026-07-28,COMPLETED,EXCEEDS_EXPECTATIONS,2022-H1
REV_EMP000157_2022-H2,EMP000157,2022-H2,2026-02-14,COMPLETED,MEETS_EXPECTATIONS,2022-H2
REV_EMP000157_2023-H1,EMP000157,2023-H1,2026-07-22,COMPLETED,MEETS_EXPECTATIONS,2023-H1
REV_EMP000157_2023-H2,EMP000157,2023-H2,2025-01-14,COMPLETED,OUTSTANDING,2023-H2
REV_EMP000158_2022-H1,EMP000158,2022-H1,2025-01-23,COMPLETED,EXCEEDS_EXPECTATIONS,2022-H1
REV_EMP000158_2022-H2,EMP000158,2022-H2,2026-07-26,COMPLETED,EXCEEDS_EXPECTATIONS,2022-H2
REV_EMP000158_2023-H1,EMP000158,2023-H1,2025-01-10,COMPLETED,MEETS_EXPECTATIONS,2023-H1
REV_EMP000158_2023-H2,EMP000158,2023-H2,2025-02-05,COMPLETED,EXCEEDS_EXPECTATIONS,2023-H2
REV_EMP000159_2022-H1,EMP000159,2022-H1,2026-05-10,COMPLETED,MEETS_EXPECTATIONS,2022-H1
REV_EMP000159_2022-H2,EMP000159,2022-H2,2026-03-27,COMPLETED,MEETS_EXPECTATIONS,2022-H2
REV_EMP000159_2023-H1,EMP000159,2023-H1,2024-10-29,COMPLETED,MEETS_EXPECTATIONS,2023-H1
REV_EMP000160_2022-H1,EMP000160,2022-H1,2025-08-11,COMPLETED,MEETS_EXPECTATIONS,2022-H1
REV_EMP000160_2022-H2,EMP000160,2022-H2,2025-05-17,COMPLETED,EXCEEDS_EXPECTATIONS,2022-H2
REV_EMP000160_2023-H2,EMP000160,2023-H2,2025-05-18,COMPLETED,MEETS_EXPECTATIONS,2023-H2
REV_EMP000161_2022-H2,EMP000161,2022-H2,2026-04-10,COMPLETED,MEETS_EXPECTATIONS,2022-H2
REV_EMP000161_2023-H1,EMP000161,2023-H1,2026-05-10,COMPLETED,EXCEEDS_EXPECTATIONS,2023-H1
REV_EMP000161_2023-H2,EMP000161,2023-H2,2025-09-01,COMPLETED,EXCEEDS_EXPECTATIONS,2023-H2
REV_EMP000162_2022-H1,EMP000162,2022-H1,2025-05-02,COMPLETED,MEETS_EXPECTATIONS,2022-H1
REV_EMP000162_2023-H1,EMP000162,2023-H1,2026-01-19,COMPLETED,NEEDS_IMPROVEMENT,2023-H1
REV_EMP000162_2023-H2,EMP000162,2023-H2,2025-02-07,COMPLETED,MEETS_EXPECTATIONS,2023-H2
REV_EMP000163_2022-H1,EMP000163,2022-H1,2024-12-20,COMPLETED,MEETS_EXPECTATIONS,2022-H1
REV_EMP000163_2022-H2,EMP000163,2022-H2,2026-08-18,COMPLETED,MEETS_EXPECTATIONS,2022-H2
REV_EMP000164_2022-H2,EMP000164,2022-H2,2024-12-31,COMPLETED,NEEDS_IMPROVEMENT,2022-H2
REV_EMP000164_2023-H1,EMP000164,2023-H1,2025-02-24,COMPLETED,MEETS_EXPECTATIONS,2023-H1
REV_EMP000165_2022-H1,EMP000165,2022-H1,2024-09-22,COMPLETED,MEETS_EXPECTATIONS,2022-H1
REV_EMP000165_2023-H2,EMP000165,2023-H2,2026-01-16,COMPLETED,MEETS_EXPECTATIONS,2023-H2
REV_EMP000166_2022-H1,EMP000166,2022-H1,2026-05-07,COMPLETED,MEETS_EXPECTATIONS,2022-H1
REV_EMP000166_2022-H2,EMP000166,2022-H2,2025-04-04,COMPLETED,EXCEEDS_EXPECTATIONS,2022-H2
REV_EMP000166_2023-H2,EMP000166,2023-H2,2024-09-29,COMPLETED,EXCEEDS_EXPECTATIONS,2023-H2
REV_EMP000167_2022-H1,EMP000167,2022-H1,2025-09-11,COMPLETED,MEETS_EXPECTATIONS,2022-H1
REV_EMP000167_2022-H2,EMP000167,2022-H2,2025-10-11,COMPLETED,MEETS_EXPECTATIONS,2022-H2
REV_EMP000168_2022-H1,EMP000168,2022-H1,2026-07-16,COMPLETED,MEETS_EXPECTATIONS,2022-H1
REV_EMP000168_2022-H2,EMP000168,2022-H2,2025-10-12,COMPLETED,MEETS_EXPECTATIONS,2022-H2
REV_EMP000168_2023-H1,EMP000168,2023-H1,2025-11-16,COMPLETED,EXCEEDS_EXPECTATIONS,2023-H1
REV_EMP000168_2023-H2,EMP000168,2023-H2,2026-06-09,COMPLETED,OUTSTANDING,2023-H2
REV_EMP000169_2022-H1,EMP000169,2022-H1,2024-09-24,COMPLETED,MEETS_EXPECTATIONS,2022-H1
REV_EMP000169_2022-H2,EMP000169,2022-H2,2026-01-05,COMPLETED,EXCEEDS_EXPECTATIONS,2022-H2
REV_EMP000169_2023-H1,EMP000169,2023-H1,2026-08-06,COMPLETED,MEETS_EXPECTATIONS,2023-H1
REV_EMP000170_2022-H1,EMP000170,2022-H1,2025-10-08,COMPLETED,MEETS_EXPECTATIONS,2022-H1
REV_EMP000170_2022-H2,EMP000170,2022-H2,2025-03-23,COMPLETED,MEETS_EXPECTATIONS,2022-H2
REV_EMP000170_2023-H1,EMP000170,2023-H1,2025-03-07,COMPLETED,EXCEEDS_EXPECTATIONS,2023-H1
REV_EMP000170_2023-H2,EMP000170,2023-H2,2025-12-21,COMPLETED,MEETS_EXPECTATIONS,2023-H2
REV_EMP000171_2022-H1,EMP000171,2022-H1,2026-02-14,COMPLETED,MEETS_EXPECTATIONS,2022-H1
REV_EMP000171_2023-H1,EMP000171,2023-H1,2025-09-24,COMPLETED,EXCEEDS_EXPECTATIONS,2023-H1
REV_EMP000171_2023-H2,EMP000171,2023-H2,2025-09-07,COMPLETED,OUTSTANDING,2023-H2
REV_EMP000172_2022-H2,EMP000172,2022-H2,2025-08-04,COMPLETED,MEETS_EXPECTATIONS,2022-H2
REV_EMP000172_2023-H1,EMP000172,2023-H1,2025-08-29,COMPLETED,EXCEEDS_EXPECTATIONS,2023-H1
REV_EMP000172_2023-H2,EMP000172,2023-H2,2024-11-20,COMPLETED,MEETS_EXPECTATIONS,2023-H2
REV_EMP000173_2022-H1,EMP000173,2022-H1,2025-12-30,COMPLETED,MEETS_EXPECTATIONS,2022-H1
REV_EMP000173_2022-H2,EMP000173,2022-H2,2025-12-30,COMPLETED,NEEDS_IMPROVEMENT,2022-H2
REV_EMP000173_2023-H1,EMP000173,2023-H1,2024-09-25,COMPLETED,MEETS_EXPECTATIONS,2023-H1
REV_EMP000173_2023-H2,EMP000173,2023-H2,2025-03-29,COMPLETED,MEETS_EXPECTATIONS,2023-H2
REV_EMP000174_2023-H1,EMP000174,2023-H1,2026-08-06,COMPLETED,MEETS_EXPECTATIONS,2023-H1
REV_EMP000174_2023-H2,EMP000174,2023-H2,2025-11-19,COMPLETED,MEETS_EXPECTATIONS,2023-H2
REV_EMP000175_2022-H1,EMP000175,2022-H1,2025-04-24,COMPLETED,MEETS_EXPECTATIONS,2022-H1
REV_EMP000175_2022-H2,EMP000175,2022-H2,2026-01-14,COMPLETED,MEETS_EXPECTATIONS,2022-H2
REV_EMP000175_2023-H1,EMP000175,2023-H1,2026-01-21,COMPLETED,EXCEEDS_EXPECTATIONS,2023-H1
REV_EMP000175_2023-H2,EMP000175,2023-H2,2025-11-27,COMPLETED,MEETS_EXPECTATIONS,2023-H2
REV_EMP000176_2022-H1,EMP000176,2022-H1,2026-06-19,COMPLETED,MEETS_EXPECTATIONS,2022-H1
REV_EMP000176_2022-H2,EMP000176,2022-H2,2026-06-22,COMPLETED,MEETS_EXPECTATIONS,2022-H2
REV_EMP000176_2023-H2,EMP000176,2023-H2,2025-02-28,COMPLETED,MEETS_EXPECTATIONS,2023-H2
REV_EMP000177_2022-H2,EMP000177,2022-H2,2024-10-27,COMPLETED,OUTSTANDING,2022-H2
REV_EMP000177_2023-H1,EMP000177,2023-H1,2025-02-10,COMPLETED,MEETS_EXPECTATIONS,2023-H1
REV_EMP000177_2023-H2,EMP000177,2023-H2,2025-01-13,COMPLETED,EXCEEDS_EXPECTATIONS,2023-H2
REV_EMP000178_2022-H1,EMP000178,2022-H1,2024-11-01,COMPLETED,MEETS_EXPECTATIONS,2022-H1
REV_EMP000178_2022-H2,EMP000178,2022-H2,2026-02-09,COMPLETED,MEETS_EXPECTATIONS,2022-H2
REV_EMP000179_2022-H1,EMP000179,2022-H1,2025-06-18,COMPLETED,MEETS_EXPECTATIONS,2022-H1
REV_EMP000179_2022-H2,EMP000179,2022-H2,2024-10-18,COMPLETED,MEETS_EXPECTATIONS,2022-H2
REV_EMP000179_2023-H1,EMP000179,2023-H1,2025-01-10,COMPLETED,EXCEEDS_EXPECTATIONS,2023-H1
REV_EMP000179_2023-H2,EMP000179,2023-H2,2026-07-15,COMPLETED,MEETS_EXPECTATIONS,2023-H2
REV_EMP000180_2022-H1,EMP000180,2022-H1,2024-10-15,COMPLETED,MEETS_EXPECTATIONS,2022-H1
REV_EMP000180_2023-H1,EMP000180,2023-H1,2026-02-20,COMPLETED,OUTSTANDING,2023-H1
REV_EMP000180_2023-H2,EMP000180,2023-H2,2025-12-13,COMPLETED,MEETS_EXPECTATIONS,2023-H2
REV_EMP000181_2022-H2,EMP000181,2022-H2,2026-07-02,COMPLETED,OUTSTANDING,2022-H2
REV_EMP000181_2023-H1,EMP000181,2023-H1,2026-01-01,COMPLETED,NEEDS_IMPROVEMENT,2023-H1
REV_EMP000181_2023-H2,EMP000181,2023-H2,2025-05-09,COMPLETED,MEETS_EXPECTATIONS,2023-H2
REV_EMP000182_2022-H1,EMP000182,2022-H1,2025-06-04,COMPLETED,MEETS_EXPECTATIONS,2022-H1
REV_EMP000182_2022-H2,EMP000182,2022-H2,2026-09-04,COMPLETED,MEETS_EXPECTATIONS,2022-H2
REV_EMP000182_2023-H1,EMP000182,2023-H1,2024-11-27,COMPLETED,OUTSTANDING,2023-H1
REV_EMP000182_2023-H2,EMP000182,2023-H2,2024-10-28,COMPLETED,MEETS_EXPECTATIONS,2023-H2
REV_EMP000183_2022-H2,EMP000183,2022-H2,2024-12-13,COMPLETED,MEETS_EXPECTATIONS,2022-H2
REV_EMP000183_2023-H1,EMP000183,2023-H1,2025-08-09,COMPLETED,MEETS_EXPECTATIONS,2023-H1
REV_EMP000183_2023-H2,EMP000183,2023-H2,2025-02-05,COMPLETED,MEETS_EXPECTATIONS,2023-H2
REV_EMP000184_2022-H1,EMP000184,2022-H1,2025-01-23,COMPLETED,MEETS_EXPECTATIONS,2022-H1
REV_EMP000184_2022-H2,EMP000184,2022-H2,2026-02-24,COMPLETED,MEETS_EXPECTATIONS,2022-H2
REV_EMP000185_2022-H2,EMP000185,2022-H2,2025-04-28,COMPLETED,MEETS_EXPECTATIONS,2022-H2
REV_EMP000185_2023-H1,EMP000185,2023-H1,2026-01-07,COMPLETED,MEETS_EXPECTATIONS,2023-H1
REV_EMP000185_2023-H2,EMP000185,2023-H2,2026-02-15,COMPLETED,MEETS_EXPECTATIONS,2023-H2
REV_EMP000186_2022-H1,EMP000186,2022-H1,2026-03-11,COMPLETED,OUTSTANDING,2022-H1
REV_EMP000186_2022-H2,EMP000186,2022-H2,2026-03-17,COMPLETED,MEETS_EXPECTATIONS,2022-H2
REV_EMP000186_2023-H1,EMP000186,2023-H1,2025-12-26,COMPLETED,MEETS_EXPECTATIONS,2023-H1
REV_EMP000186_2023-H2,EMP000186,2023-H2,2025-12-08,COMPLETED,OUTSTANDING,2023-H2
REV_EMP000187_2022-H1,EMP000187,2022-H1,2026-05-24,COMPLETED,OUTSTANDING,2022-H1
REV_EMP000187_2023-H1,EMP000187,2023-H1,2025-11-30,COMPLETED,MEETS_EXPECTATIONS,2023-H1
REV_EMP000187_2023-H2,EMP000187,2023-H2,2025-02-04,COMPLETED,MEETS_EXPECTATIONS,2023-H2
REV_EMP000188_2022-H1,EMP000188,2022-H1,2025-09-08,COMPLETED,MEETS_EXPECTATIONS,2022-H1
REV_EMP000188_2022-H2,EMP000188,2022-H2,2026-04-25,COMPLETED,EXCEEDS_EXPECTATIONS,2022-H2
REV_EMP000188_2023-H1,EMP000188,2023-H1,2025-12-13,COMPLETED,MEETS_EXPECTATIONS,2023-H1
REV_EMP000188_2023-H2,EMP000188,2023-H2,2025-06-26,COMPLETED,MEETS_EXPECTATIONS,2023-H2
REV_EMP000189_2022-H1,EMP000189,2022-H1,2026-09-13,COMPLETED,NEEDS_IMPROVEMENT,2022-H1
REV_EMP000189_2023-H2,EMP000189,2023-H2,2024-10-17,COMPLETED,NEEDS_IMPROVEMENT,2023-H2
REV_EMP000190_2022-H1,EMP000190,2022-H1,2024-12-01,COMPLETED,OUTSTANDING,2022-H1
REV_EMP000190_2022-H2,EMP000190,2022-H2,2026-05-09,COMPLETED,NEEDS_IMPROVEMENT,2022-H2
REV_EMP000190_2023-H1,EMP000190,2023-H1,2025-05-10,COMPLETED,MEETS_EXPECTATIONS,2023-H1
REV_EMP000190_2023-H2,EMP000190,2023-H2,2025-05-28,COMPLETED,MEETS_EXPECTATIONS,2023-H2
REV_EMP000191_2022-H2,EMP000191,2022-H2,2025-07-03,COMPLETED,EXCEEDS_EXPECTATIONS,2022-H2
REV_EMP000191_2023-H1,EMP000191,2023-H1,2026-08-18,COMPLETED,MEETS_EXPECTATIONS,2023-H1
REV_EMP000191_2023-H2,EMP000191,2023-H2,2025-07-11,COMPLETED,MEETS_EXPECTATIONS,2023-H2
REV_EMP000192_2022-H2,EMP000192,2022-H2,2026-06-19,COMPLETED,MEETS_EXPECTATIONS,2022-H2
REV_EMP000192_2023-H2,EMP000192,2023-H2,2024-11-11,COMPLETED,EXCEEDS_EXPECTATIONS,2023-H2
REV_EMP000193_2022-H1,EMP000193,2022-H1,2026-05-02,COMPLETED,EXCEEDS_EXPECTATIONS,2022-H1
REV_EMP000193_2022-H2,EMP000193,2022-H2,2025-08-17,COMPLETED,EXCEEDS_EXPECTATIONS,2022-H2
REV_EMP000193_2023-H1,EMP000193,2023-H1,2026-07-07,COMPLETED,MEETS_EXPECTATIONS,2023-H1
REV_EMP000194_2023-H1,EMP000194,2023-H1,2025-11-21,COMPLETED,EXCEEDS_EXPECTATIONS,2023-H1
REV_EMP000195_2022-H2,EMP000195,2022-H2,2024-11-09,COMPLETED,MEETS_EXPECTATIONS,2022-H2
REV_EMP000195_2023-H1,EMP000195,2023-H1,2025-05-05,COMPLETED,MEETS_EXPECTATIONS,2023-H1
REV_EMP000196_2022-H1,EMP000196,2022-H1,2025-09-20,COMPLETED,MEETS_EXPECTATIONS,2022-H1
REV_EMP000196_2022-H2,EMP000196,2022-H2,2025-01-02,COMPLETED,MEETS_EXPECTATIONS,2022-H2
REV_EMP000196_2023-H2,EMP000196,2023-H2,2024-12-23,COMPLETED,MEETS_EXPECTATIONS,2023-H2
REV_EMP000197_2022-H1,EMP000197,2022-H1,2026-03-13,COMPLETED,MEETS_EXPECTATIONS,2022-H1
REV_EMP000197_2023-H1,EMP000197,2023-H1,2026-07-19,COMPLETED,EXCEEDS_EXPECTATIONS,2023-H1
REV_EMP000197_2023-H2,EMP000197,2023-H2,2025-04-21,COMPLETED,MEETS_EXPECTATIONS,2023-H2
REV_EMP000198_2022-H1,EMP000198,2022-H1,2025-06-02,COMPLETED,OUTSTANDING,2022-H1
REV_EMP000198_2022-H2,EMP000198,2022-H2,2025-11-03,COMPLETED,MEETS_EXPECTATIONS,2022-H2
REV_EMP000198_2023-H1,EMP000198,2023-H1,2025-08-07,COMPLETED,MEETS_EXPECTATIONS,2023-H1
REV_EMP000199_2022-H1,EMP000199,2022-H1,2025-11-01,COMPLETED,NEEDS_IMPROVEMENT,2022-H1
REV_EMP000199_2022-H2,EMP000199,2022-H2,2025-03-01,COMPLETED,MEETS_EXPECTATIONS,2022-H2
REV_EMP000199_2023-H1,EMP000199,2023-H1,2026-03-14,COMPLETED,MEETS_EXPECTATIONS,2023-H1
REV_EMP000199_2023-H2,EMP000199,2023-H2,2025-03-01,COMPLETED,MEETS_EXPECTATIONS,2023-H2
REV_EMP000200_2022-H1,EMP000200,2022-H1,2026-01-08,COMPLETED,MEETS_EXPECTATIONS,2022-H1
REV_EMP000200_2022-H2,EMP000200,2022-H2,2024-11-04,COMPLETED,EXCEEDS_EXPECTATIONS,2022-H2
REV_EMP000200_2023-H2,EMP000200,2023-H2,2024-12-13,COMPLETED,MEETS_EXPECTATIONS,2023-H2
REV_EMP000201_2022-H1,EMP000201,2022-H1,2025-12-07,COMPLETED,EXCEEDS_EXPECTATIONS,2022-H1
REV_EMP000201_2022-H2,EMP000201,2022-H2,2026-04-09,COMPLETED,EXCEEDS_EXPECTATIONS,2022-H2
REV_EMP000201_2023-H1,EMP000201,2023-H1,2026-01-21,COMPLETED,MEETS_EXPECTATIONS,2023-H1
REV_EMP000201_2023-H2,EMP000201,2023-H2,2025-11-04,COMPLETED,MEETS_EXPECTATIONS,2023-H2
REV_EMP000202_2022-H1,EMP000202,2022-H1,2024-11-27,COMPLETED,NEEDS_IMPROVEMENT,2022-H1
REV_EMP000202_2022-H2,EMP000202,2022-H2,2025-09-30,COMPLETED,MEETS_EXPECTATIONS,2022-H2
REV_EMP000202_2023-H2,EMP000202,2023-H2,2026-04-05,COMPLETED,EXCEEDS_EXPECTATIONS,2023-H2
REV_EMP000203_2022-H1,EMP000203,2022-H1,2026-03-08,COMPLETED,MEETS_EXPECTATIONS,2022-H1
REV_EMP000203_2023-H1,EMP000203,2023-H1,2026-01-02,COMPLETED,OUTSTANDING,2023-H1
REV_EMP000203_2023-H2,EMP000203,2023-H2,2026-09-15,COMPLETED,MEETS_EXPECTATIONS,2023-H2
REV_EMP000204_2022-H1,EMP000204,2022-H1,2026-05-25,COMPLETED,MEETS_EXPECTATIONS,2022-H1
REV_EMP000204_2022-H2,EMP000204,2022-H2,2026-03-22,COMPLETED,MEETS_EXPECTATIONS,2022-H2
REV_EMP000204_2023-H1,EMP000204,2023-H1,2025-05-01,COMPLETED,MEETS_EXPECTATIONS,2023-H1
REV_EMP000204_2023-H2,EMP000204,2023-H2,2025-08-17,COMPLETED,MEETS_EXPECTATIONS,2023-H2
REV_EMP000205_2022-H1,EMP000205,2022-H1,2026-01-05,COMPLETED,MEETS_EXPECTATIONS,2022-H1
REV_EMP000205_2022-H2,EMP000205,2022-H2,2026-07-10,COMPLETED,EXCEEDS_EXPECTATIONS,2022-H2
REV_EMP000205_2023-H2,EMP000205,2023-H2,2025-05-23,COMPLETED,NEEDS_IMPROVEMENT,2023-H2
REV_EMP000206_2022-H1,EMP000206,2022-H1,2025-04-09,COMPLETED,MEETS_EXPECTATIONS,2022-H1
REV_EMP000206_2022-H2,EMP000206,2022-H2,2025-11-02,COMPLETED,MEETS_EXPECTATIONS,2022-H2
REV_EMP000206_2023-H1,EMP000206,2023-H1,2025-12-10,COMPLETED,OUTSTANDING,2023-H1
REV_EMP000206_2023-H2,EMP000206,2023-H2,2026-01-17,COMPLETED,EXCEEDS_EXPECTATIONS,2023-H2
REV_EMP000207_2022-H1,EMP000207,2022-H1,2025-06-21,COMPLETED,MEETS_EXPECTATIONS,2022-H1
REV_EMP000207_2022-H2,EMP000207,2022-H2,2026-09-10,COMPLETED,MEETS_EXPECTATIONS,2022-H2
REV_EMP000208_2022-H2,EMP000208,2022-H2,2024-12-29,COMPLETED,MEETS_EXPECTATIONS,2022-H2
REV_EMP000208_2023-H1,EMP000208,2023-H1,2026-01-10,COMPLETED,EXCEEDS_EXPECTATIONS,2023-H1
REV_EMP000209_2023-H2,EMP000209,2023-H2,2025-12-01,COMPLETED,EXCEEDS_EXPECTATIONS,2023-H2
REV_EMP000210_2022-H1,EMP000210,2022-H1,2025-10-10,COMPLETED,MEETS_EXPECTATIONS,2022-H1
REV_EMP000210_2023-H2,EMP000210,2023-H2,2025-10-28,COMPLETED,OUTSTANDING,2023-H2
REV_EMP000211_2022-H2,EMP000211,2022-H2,2026-04-09,COMPLETED,MEETS_EXPECTATIONS,2022-H2
REV_EMP000211_2023-H1,EMP000211,2023-H1,2026-01-23,COMPLETED,MEETS_EXPECTATIONS,2023-H1
REV_EMP000211_2023-H2,EMP000211,2023-H2,2025-10-11,COMPLETED,MEETS_EXPECTATIONS,2023-H2
REV_EMP000212_2022-H1,EMP000212,2022-H1,2025-10-07,COMPLETED,EXCEEDS_EXPECTATIONS,2022-H1
REV_EMP000212_2022-H2,EMP000212,2022-H2,2026-06-09,COMPLETED,OUTSTANDING,2022-H2
REV_EMP000212_2023-H1,EMP000212,2023-H1,2025-02-06,COMPLETED,OUTSTANDING,2023-H1
REV_EMP000212_2023-H2,EMP000212,2023-H2,2026-08-07,COMPLETED,EXCEEDS_EXPECTATIONS,2023-H2
REV_EMP000213_2023-H1,EMP000213,2023-H1,2026-01-06,COMPLETED,EXCEEDS_EXPECTATIONS,2023-H1
REV_EMP000214_2022-H1,EMP000214,2022-H1,2025-03-19,COMPLETED,MEETS_EXPECTATIONS,2022-H1
REV_EMP000214_2022-H2,EMP000214,2022-H2,2026-03-24,COMPLETED,OUTSTANDING,2022-H2
REV_EMP000214_2023-H1,EMP000214,2023-H1,2025-05-03,COMPLETED,NEEDS_IMPROVEMENT,2023-H1
REV_EMP000214_2023-H2,EMP000214,2023-H2,2025-02-17,COMPLETED,MEETS_EXPECTATIONS,2023-H2
REV_EMP000215_2022-H1,EMP000215,2022-H1,2024-09-21,COMPLETED,EXCEEDS_EXPECTATIONS,2022-H1
REV_EMP000215_2022-H2,EMP000215,2022-H2,2024-12-20,COMPLETED,NEEDS_IMPROVEMENT,2022-H2
REV_EMP000215_2023-H1,EMP000215,2023-H1,2024-10-08,COMPLETED,EXCEEDS_EXPECTATIONS,2023-H1
REV_EMP000215_2023-H2,EMP000215,2023-H2,2025-09-16,COMPLETED,OUTSTANDING,2023-H2
REV_EMP000216_2022-H1,EMP000216,2022-H1,2026-01-18,COMPLETED,MEETS_EXPECTATIONS,2022-H1
REV_EMP000216_2023-H1,EMP000216,2023-H1,2026-05-31,COMPLETED,MEETS_EXPECTATIONS,2023-H1
REV_EMP000217_2022-H1,EMP000217,2022-H1,2024-12-20,COMPLETED,EXCEEDS_EXPECTATIONS,2022-H1
REV_EMP000217_2022-H2,EMP000217,2022-H2,2026-04-15,COMPLETED,MEETS_EXPECTATIONS,2022-H2
REV_EMP000217_2023-H1,EMP000217,2023-H1,2026-07-10,COMPLETED,MEETS_EXPECTATIONS,2023-H1
REV_EMP000217_2023-H2,EMP000217,2023-H2,2025-02-28,COMPLETED,MEETS_EXPECTATIONS,2023-H2
REV_EMP000218_2022-H1,EMP000218,2022-H1,2026-06-03,COMPLETED,EXCEEDS_EXPECTATIONS,2022-H1
REV_EMP000218_2022-H2,EMP000218,2022-H2,2026-01-10,COMPLETED,MEETS_EXPECTATIONS,2022-H2
REV_EMP000218_2023-H1,EMP000218,2023-H1,2025-08-08,COMPLETED,OUTSTANDING,2023-H1
REV_EMP000218_2023-H2,EMP000218,2023-H2,2025-08-07,COMPLETED,NEEDS_IMPROVEMENT,2023-H2
REV_EMP000219_2022-H1,EMP000219,2022-H1,2024-10-25,COMPLETED,MEETS_EXPECTATIONS,2022-H1
REV_EMP000219_2022-H2,EMP000219,2022-H2,2025-06-06,COMPLETED,MEETS_EXPECTATIONS,2022-H2
REV_EMP000219_2023-H1,EMP000219,2023-H1,2025-06-18,COMPLETED,EXCEEDS_EXPECTATIONS,2023-H1
REV_EMP000219_2023-H2,EMP000219,2023-H2,2025-11-29,COMPLETED,OUTSTANDING,2023-H2
REV_EMP000220_2022-H1,EMP000220,2022-H1,2026-06-08,COMPLETED,MEETS_EXPECTATIONS,2022-H1
REV_EMP000220_2023-H2,EMP000220,2023-H2,2026-01-28,COMPLETED,MEETS_EXPECTATIONS,2023-H2
REV_EMP000221_2022-H1,EMP000221,2022-H1,2025-03-03,COMPLETED,MEETS_EXPECTATIONS,2022-H1
REV_EMP000221_2022-H2,EMP000221,2022-H2,2024-09-28,COMPLETED,MEETS_EXPECTATIONS,2022-H2
REV_EMP000221_2023-H1,EMP000221,2023-H1,2026-01-30,COMPLETED,MEETS_EXPECTATIONS,2023-H1
REV_EMP000221_2023-H2,EMP000221,2023-H2,2025-02-23,COMPLETED,MEETS_EXPECTATIONS,2023-H2
REV_EMP000222_2022-H1,EMP000222,2022-H1,2026-03-09,COMPLETED,MEETS_EXPECTATIONS,2022-H1
REV_EMP000222_2022-H2,EMP000222,2022-H2,2025-04-26,COMPLETED,MEETS_EXPECTATIONS,2022-H2
REV_EMP000222_2023-H1,EMP000222,2023-H1,2025-04-05,COMPLETED,NEEDS_IMPROVEMENT,2023-H1
REV_EMP000222_2023-H2,EMP000222,2023-H2,2026-05-26,COMPLETED,MEETS_EXPECTATIONS,2023-H2
REV_EMP000223_2022-H1,EMP000223,2022-H1,2024-11-11,COMPLETED,EXCEEDS_EXPECTATIONS,2022-H1
REV_EMP000223_2022-H2,EMP000223,2022-H2,2025-05-17,COMPLETED,NEEDS_IMPROVEMENT,2022-H2
REV_EMP000224_2022-H1,EMP000224,2022-H1,2025-05-11,COMPLETED,MEETS_EXPECTATIONS,2022-H1
REV_EMP000224_2022-H2,EMP000224,2022-H2,2025-10-18,COMPLETED,MEETS_EXPECTATIONS,2022-H2
REV_EMP000224_2023-H1,EMP000224,2023-H1,2025-11-21,COMPLETED,MEETS_EXPECTATIONS,2023-H1
REV_EMP000224_2023-H2,EMP000224,2023-H2,2025-05-29,COMPLETED,EXCEEDS_EXPECTATIONS,2023-H2
REV_EMP000225_2022-H1,EMP000225,2022-H1,2026-05-08,COMPLETED,OUTSTANDING,2022-H1
REV_EMP000225_2022-H2,EMP000225,2022-H2,2024-09-24,COMPLETED,EXCEEDS_EXPECTATIONS,2022-H2
REV_EMP000225_2023-H1,EMP000225,2023-H1,2024-12-17,COMPLETED,NEEDS_IMPROVEMENT,2023-H1
REV_EMP000225_2023-H2,EMP000225,2023-H2,2026-03-06,COMPLETED,EXCEEDS_EXPECTATIONS,2023-H2
REV_EMP000226_2022-H1,EMP000226,2022-H1,2025-06-05,COMPLETED,MEETS_EXPECTATIONS,2022-H1
REV_EMP000226_2022-H2,EMP000226,2022-H2,2025-06-12,COMPLETED,MEETS_EXPECTATIONS,2022-H2
REV_EMP000226_2023-H1,EMP000226,2023-H1,2025-07-24,COMPLETED,MEETS_EXPECTATIONS,2023-H1
REV_EMP000226_2023-H2,EMP000226,2023-H2,2026-04-05,COMPLETED,EXCEEDS_EXPECTATIONS,2023-H2
REV_EMP000227_2022-H2,EMP000227,2022-H2,2025-12-05,COMPLETED,MEETS_EXPECTATIONS,2022-H2
REV_EMP000227_2023-H1,EMP000227,2023-H1,2026-01-11,COMPLETED,MEETS_EXPECTATIONS,2023-H1
REV_EMP000227_2023-H2,EMP000227,2023-H2,2024-10-12,COMPLETED,EXCEEDS_EXPECTATIONS,2023-H2
REV_EMP000228_2022-H1,EMP000228,2022-H1,2026-06-28,COMPLETED,EXCEEDS_EXPECTATIONS,2022-H1
REV_EMP000228_2022-H2,EMP000228,2022-H2,2025-02-03,COMPLETED,EXCEEDS_EXPECTATIONS,2022-H2
REV_EMP000228_2023-H1,EMP000228,2023-H1,2025-02-17,COMPLETED,MEETS_EXPECTATIONS,2023-H1
REV_EMP000228_2023-H2,EMP000228,2023-H2,2025-06-03,COMPLETED,MEETS_EXPECTATIONS,2023-H2
REV_EMP000229_2022-H1,EMP000229,2022-H1,2026-06-29,COMPLETED,MEETS_EXPECTATIONS,2022-H1
REV_EMP000229_2022-H2,EMP000229,2022-H2,2025-06-09,COMPLETED,MEETS_EXPECTATIONS,2022-H2
REV_EMP000229_2023-H1,EMP000229,2023-H1,2026-09-06,COMPLETED,MEETS_EXPECTATIONS,2023-H1
REV_EMP000229_2023-H2,EMP000229,2023-H2,2026-02-24,COMPLETED,NEEDS_IMPROVEMENT,2023-H2
REV_EMP000230_2022-H1,EMP000230,2022-H1,2025-09-27,COMPLETED,EXCEEDS_EXPECTATIONS,2022-H1
REV_EMP000230_2022-H2,EMP000230,2022-H2,2026-09-01,COMPLETED,MEETS_EXPECTATIONS,2022-H2
REV_EMP000230_2023-H1,EMP000230,2023-H1,2025-09-23,COMPLETED,MEETS_EXPECTATIONS,2023-H1
REV_EMP000230_2023-H2,EMP000230,2023-H2,2026-06-01,COMPLETED,MEETS_EXPECTATIONS,2023-H2
REV_EMP000231_2022-H1,EMP000231,2022-H1,2024-10-17,COMPLETED,NEEDS_IMPROVEMENT,2022-H1
REV_EMP000231_2022-H2,EMP000231,2022-H2,2026-02-03,COMPLETED,OUTSTANDING,2022-H2
REV_EMP000231_2023-H2,EMP000231,2023-H2,2025-01-03,COMPLETED,MEETS_EXPECTATIONS,2023-H2
REV_EMP000232_2022-H1,EMP000232,2022-H1,2025-09-28,COMPLETED,MEETS_EXPECTATIONS,2022-H1
REV_EMP000232_2022-H2,EMP000232,2022-H2,2025-01-18,COMPLETED,EXCEEDS_EXPECTATIONS,2022-H2
REV_EMP000232_2023-H1,EMP000232,2023-H1,2026-01-20,COMPLETED,MEETS_EXPECTATIONS,2023-H1
REV_EMP000232_2023-H2,EMP000232,2023-H2,2025-09-12,COMPLETED,MEETS_EXPECTATIONS,2023-H2
REV_EMP000233_2023-H1,EMP000233,2023-H1,2026-08-13,COMPLETED,MEETS_EXPECTATIONS,2023-H1
REV_EMP000233_2023-H2,EMP000233,2023-H2,2026-07-24,COMPLETED,NEEDS_IMPROVEMENT,2023-H2
REV_EMP000234_2022-H2,EMP000234,2022-H2,2025-11-11,COMPLETED,NEEDS_IMPROVEMENT,2022-H2
REV_EMP000234_2023-H1,EMP000234,2023-H1,2026-08-16,COMPLETED,MEETS_EXPECTATIONS,2023-H1
REV_EMP000235_2022-H2,EMP000235,2022-H2,2025-06-07,COMPLETED,MEETS_EXPECTATIONS,2022-H2
REV_EMP000235_2023-H1,EMP000235,2023-H1,2025-09-14,COMPLETED,MEETS_EXPECTATIONS,2023-H1
REV_EMP000236_2022-H2,EMP000236,2022-H2,2026-05-21,COMPLETED,MEETS_EXPECTATIONS,2022-H2
REV_EMP000236_2023-H1,EMP000236,2023-H1,2026-06-14,COMPLETED,MEETS_EXPECTATIONS,2023-H1
REV_EMP000237_2022-H2,EMP000237,2022-H2,2025-08-07,COMPLETED,MEETS_EXPECTATIONS,2022-H2
REV_EMP000237_2023-H2,EMP000237,2023-H2,2026-09-10,COMPLETED,EXCEEDS_EXPECTATIONS,2023-H2
REV_EMP000238_2022-H2,EMP000238,2022-H2,2026-04-19,COMPLETED,MEETS_EXPECTATIONS,2022-H2
REV_EMP000238_2023-H1,EMP000238,2023-H1,2024-11-02,COMPLETED,MEETS_EXPECTATIONS,2023-H1
REV_EMP000238_2023-H2,EMP000238,2023-H2,2026-06-30,COMPLETED,OUTSTANDING,2023-H2
REV_EMP000239_2022-H1,EMP000239,2022-H1,2025-10-29,COMPLETED,MEETS_EXPECTATIONS,2022-H1
REV_EMP000239_2022-H2,EMP000239,2022-H2,2025-05-10,COMPLETED,MEETS_EXPECTATIONS,2022-H2
REV_EMP000240_2022-H2,EMP000240,2022-H2,2025-12-02,COMPLETED,EXCEEDS_EXPECTATIONS,2022-H2
REV_EMP000240_2023-H1,EMP000240,2023-H1,2026-04-06,COMPLETED,OUTSTANDING,2023-H1
REV_EMP000240_2023-H2,EMP000240,2023-H2,2026-02-28,COMPLETED,MEETS_EXPECTATIONS,2023-H2
REV_EMP000241_2022-H1,EMP000241,2022-H1,2025-05-23,COMPLETED,EXCEEDS_EXPECTATIONS,2022-H1
REV_EMP000241_2022-H2,EMP000241,2022-H2,2025-11-25,COMPLETED,EXCEEDS_EXPECTATIONS,2022-H2
REV_EMP000241_2023-H1,EMP000241,2023-H1,2025-11-10,COMPLETED,EXCEEDS_EXPECTATIONS,2023-H1
REV_EMP000241_2023-H2,EMP000241,2023-H2,2024-10-04,COMPLETED,MEETS_EXPECTATIONS,2023-H2
REV_EMP000242_2022-H1,EMP000242,2022-H1,2025-02-28,COMPLETED,EXCEEDS_EXPECTATIONS,2022-H1
REV_EMP000242_2023-H1,EMP000242,2023-H1,2025-12-12,COMPLETED,EXCEEDS_EXPECTATIONS,2023-H1
REV_EMP000242_2023-H2,EMP000242,2023-H2,2026-03-06,COMPLETED,MEETS_EXPECTATIONS,2023-H2
REV_EMP000243_2022-H1,EMP000243,2022-H1,2025-06-04,COMPLETED,MEETS_EXPECTATIONS,2022-H1
REV_EMP000243_2022-H2,EMP000243,2022-H2,2026-06-03,COMPLETED,MEETS_EXPECTATIONS,2022-H2
REV_EMP000243_2023-H1,EMP000243,2023-H1,2026-09-01,COMPLETED,MEETS_EXPECTATIONS,2023-H1
REV_EMP000243_2023-H2,EMP000243,2023-H2,2026-08-10,COMPLETED,MEETS_EXPECTATIONS,2023-H2
REV_EMP000244_2022-H1,EMP000244,2022-H1,2026-05-31,COMPLETED,MEETS_EXPECTATIONS,2022-H1
REV_EMP000244_2022-H2,EMP000244,2022-H2,2025-06-21,COMPLETED,MEETS_EXPECTATIONS,2022-H2
REV_EMP000244_2023-H1,EMP000244,2023-H1,2024-11-10,COMPLETED,MEETS_EXPECTATIONS,2023-H1
REV_EMP000244_2023-H2,EMP000244,2023-H2,2025-01-13,COMPLETED,OUTSTANDING,2023-H2
REV_EMP000245_2022-H1,EMP000245,2022-H1,2025-04-25,COMPLETED,OUTSTANDING,2022-H1
REV_EMP000245_2023-H2,EMP000245,2023-H2,2026-07-05,COMPLETED,MEETS_EXPECTATIONS,2023-H2
REV_EMP000246_2022-H1,EMP000246,2022-H1,2024-10-14,COMPLETED,MEETS_EXPECTATIONS,2022-H1
REV_EMP000246_2022-H2,EMP000246,2022-H2,2025-06-10,COMPLETED,MEETS_EXPECTATIONS,2022-H2
REV_EMP000246_2023-H2,EMP000246,2023-H2,2025-07-08,COMPLETED,EXCEEDS_EXPECTATIONS,2023-H2
REV_EMP000247_2022-H1,EMP000247,2022-H1,2026-01-19,COMPLETED,EXCEEDS_EXPECTATIONS,2022-H1
REV_EMP000247_2022-H2,EMP000247,2022-H2,2025-11-08,COMPLETED,MEETS_EXPECTATIONS,2022-H2
REV_EMP000248_2022-H1,EMP000248,2022-H1,2026-07-06,COMPLETED,MEETS_EXPECTATIONS,2022-H1
REV_EMP000248_2022-H2,EMP000248,2022-H2,2025-01-26,COMPLETED,MEETS_EXPECTATIONS,2022-H2
REV_EMP000248_2023-H2,EMP000248,2023-H2,2025-12-07,COMPLETED,MEETS_EXPECTATIONS,2023-H2
REV_EMP000249_2022-H1,EMP000249,2022-H1,2026-01-03,COMPLETED,MEETS_EXPECTATIONS,2022-H1
REV_EMP000249_2022-H2,EMP000249,2022-H2,2025-07-19,COMPLETED,EXCEEDS_EXPECTATIONS,2022-H2
REV_EMP000250_2022-H2,EMP000250,2022-H2,2025-02-12,COMPLETED,MEETS_EXPECTATIONS,2022-H2
REV_EMP000250_2023-H1,EMP000250,2023-H1,2025-12-26,COMPLETED,NEEDS_IMPROVEMENT,2023-H1
REV_EMP000250_2023-H2,EMP000250,2023-H2,2024-12-19,COMPLETED,MEETS_EXPECTATIONS,2023-H2
REV_EMP000251_2022-H2,EMP000251,2022-H2,2026-07-23,COMPLETED,MEETS_EXPECTATIONS,2022-H2
REV_EMP000251_2023-H2,EMP000251,2023-H2,2026-05-20,COMPLETED,MEETS_EXPECTATIONS,2023-H2
REV_EMP000252_2022-H1,EMP000252,2022-H1,2026-04-26,COMPLETED,EXCEEDS_EXPECTATIONS,2022-H1
REV_EMP000252_2022-H2,EMP000252,2022-H2,2025-05-17,COMPLETED,MEETS_EXPECTATIONS,2022-H2
REV_EMP000252_2023-H1,EMP000252,2023-H1,2026-03-21,COMPLETED,EXCEEDS_EXPECTATIONS,2023-H1
REV_EMP000252_2023-H2,EMP000252,2023-H2,2026-07-18,COMPLETED,MEETS_EXPECTATIONS,2023-H2
REV_EMP000253_2023-H1,EMP000253,2023-H1,2025-05-22,COMPLETED,EXCEEDS_EXPECTATIONS,2023-H1
REV_EMP000253_2023-H2,EMP000253,2023-H2,2026-03-25,COMPLETED,MEETS_EXPECTATIONS,2023-H2
REV_EMP000254_2022-H1,EMP000254,2022-H1,2024-10-14,COMPLETED,NEEDS_IMPROVEMENT,2022-H1
REV_EMP000254_2022-H2,EMP000254,2022-H2,2025-04-18,COMPLETED,OUTSTANDING,2022-H2
REV_EMP000254_2023-H1,EMP000254,2023-H1,2025-08-07,COMPLETED,MEETS_EXPECTATIONS,2023-H1
REV_EMP000254_2023-H2,EMP000254,2023-H2,2024-11-26,COMPLETED,MEETS_EXPECTATIONS,2023-H2
REV_EMP000255_2022-H1,EMP000255,2022-H1,2025-10-11,COMPLETED,EXCEEDS_EXPECTATIONS,2022-H1
REV_EMP000255_2022-H2,EMP000255,2022-H2,2026-08-02,COMPLETED,MEETS_EXPECTATIONS,2022-H2
REV_EMP000255_2023-H2,EMP000255,2023-H2,2025-03-23,COMPLETED,MEETS_EXPECTATIONS,2023-H2
REV_EMP000256_2022-H1,EMP000256,2022-H1,2025-07-05,COMPLETED,MEETS_EXPECTATIONS,2022-H1
REV_EMP000256_2023-H1,EMP000256,2023-H1,2025-09-06,COMPLETED,MEETS_EXPECTATIONS,2023-H1
REV_EMP000256_2023-H2,EMP000256,2023-H2,2026-06-26,COMPLETED,MEETS_EXPECTATIONS,2023-H2
REV_EMP000257_2022-H1,EMP000257,2022-H1,2025-05-13,COMPLETED,MEETS_EXPECTATIONS,2022-H1
REV_EMP000257_2023-H1,EMP000257,2023-H1,2025-03-06,COMPLETED,MEETS_EXPECTATIONS,2023-H1
REV_EMP000257_2023-H2,EMP000257,2023-H2,2025-11-01,COMPLETED,MEETS_EXPECTATIONS,2023-H2
REV_EMP000258_2022-H2,EMP000258,2022-H2,2025-05-12,COMPLETED,MEETS_EXPECTATIONS,2022-H2
REV_EMP000258_2023-H1,EMP000258,2023-H1,2025-02-02,COMPLETED,NEEDS_IMPROVEMENT,2023-H1
REV_EMP000258_2023-H2,EMP000258,2023-H2,2024-12-16,COMPLETED,MEETS_EXPECTATIONS,2023-H2
REV_EMP000259_2022-H1,EMP000259,2022-H1,2025-07-07,COMPLETED,OUTSTANDING,2022-H1
REV_EMP000259_2023-H1,EMP000259,2023-H1,2026-05-22,COMPLETED,OUTSTANDING,2023-H1
REV_EMP000259_2023-H2,EMP000259,2023-H2,2024-10-19,COMPLETED,MEETS_EXPECTATIONS,2023-H2
REV_EMP000260_2022-H1,EMP000260,2022-H1,2026-05-17,COMPLETED,MEETS_EXPECTATIONS,2022-H1
REV_EMP000260_2022-H2,EMP000260,2022-H2,2025-02-23,COMPLETED,MEETS_EXPECTATIONS,2022-H2
REV_EMP000260_2023-H1,EMP000260,2023-H1,2026-08-30,COMPLETED,OUTSTANDING,2023-H1
REV_EMP000260_2023-H2,EMP000260,2023-H2,2024-11-30,COMPLETED,MEETS_EXPECTATIONS,2023-H2
REV_EMP000261_2022-H1,EMP000261,2022-H1,2025-08-30,COMPLETED,EXCEEDS_EXPECTATIONS,2022-H1
REV_EMP000261_2022-H2,EMP000261,2022-H2,2025-10-18,COMPLETED,EXCEEDS_EXPECTATIONS,2022-H2
REV_EMP000261_2023-H1,EMP000261,2023-H1,2024-10-09,COMPLETED,MEETS_EXPECTATIONS,2023-H1
REV_EMP000261_2023-H2,EMP000261,2023-H2,2026-06-02,COMPLETED,MEETS_EXPECTATIONS,2023-H2
REV_EMP000262_2022-H1,EMP000262,2022-H1,2025-09-29,COMPLETED,MEETS_EXPECTATIONS,2022-H1
REV_EMP000262_2022-H2,EMP000262,2022-H2,2026-08-23,COMPLETED,MEETS_EXPECTATIONS,2022-H2
REV_EMP000262_2023-H1,EMP000262,2023-H1,2025-10-13,COMPLETED,MEETS_EXPECTATIONS,2023-H1
REV_EMP000262_2023-H2,EMP000262,2023-H2,2025-01-17,COMPLETED,EXCEEDS_EXPECTATIONS,2023-H2
REV_EMP000263_2022-H1,EMP000263,2022-H1,2025-02-14,COMPLETED,EXCEEDS_EXPECTATIONS,2022-H1
REV_EMP000263_2022-H2,EMP000263,2022-H2,2025-06-11,COMPLETED,MEETS_EXPECTATIONS,2022-H2
REV_EMP000263_2023-H2,EMP000263,2023-H2,2026-09-07,COMPLETED,MEETS_EXPECTATIONS,2023-H2
REV_EMP000264_2022-H2,EMP000264,2022-H2,2025-09-30,COMPLETED,NEEDS_IMPROVEMENT,2022-H2
REV_EMP000264_2023-H1,EMP000264,2023-H1,2026-04-11,COMPLETED,MEETS_EXPECTATIONS,2023-H1
REV_EMP000264_2023-H2,EMP000264,2023-H2,2026-07-30,COMPLETED,EXCEEDS_EXPECTATIONS,2023-H2
REV_EMP000265_2022-H1,EMP000265,2022-H1,2025-10-31,COMPLETED,MEETS_EXPECTATIONS,2022-H1
REV_EMP000265_2022-H2,EMP000265,2022-H2,2025-05-19,COMPLETED,EXCEEDS_EXPECTATIONS,2022-H2
REV_EMP000265_2023-H1,EMP000265,2023-H1,2026-05-15,COMPLETED,OUTSTANDING,2023-H1
REV_EMP000265_2023-H2,EMP000265,2023-H2,2025-06-01,COMPLETED,MEETS_EXPECTATIONS,2023-H2
REV_EMP000266_2022-H2,EMP000266,2022-H2,2025-01-09,COMPLETED,MEETS_EXPECTATIONS,2022-H2
REV_EMP000266_2023-H1,EMP000266,2023-H1,2026-05-10,COMPLETED,MEETS_EXPECTATIONS,2023-H1
REV_EMP000266_2023-H2,EMP000266,2023-H2,2026-07-29,COMPLETED,MEETS_EXPECTATIONS,2023-H2
REV_EMP000267_2022-H1,EMP000267,2022-H1,2024-12-05,COMPLETED,MEETS_EXPECTATIONS,2022-H1
REV_EMP000267_2022-H2,EMP000267,2022-H2,2026-06-20,COMPLETED,MEETS_EXPECTATIONS,2022-H2
REV_EMP000267_2023-H1,EMP000267,2023-H1,2026-09-18,COMPLETED,MEETS_EXPECTATIONS,2023-H1
REV_EMP000267_2023-H2,EMP000267,2023-H2,2025-10-25,COMPLETED,NEEDS_IMPROVEMENT,2023-H2
REV_EMP000268_2022-H1,EMP000268,2022-H1,2026-02-27,COMPLETED,NEEDS_IMPROVEMENT,2022-H1
REV_EMP000268_2023-H1,EMP000268,2023-H1,2025-01-01,COMPLETED,MEETS_EXPECTATIONS,2023-H1
REV_EMP000268_2023-H2,EMP000268,2023-H2,2025-02-26,COMPLETED,NEEDS_IMPROVEMENT,2023-H2
REV_EMP000269_2022-H1,EMP000269,2022-H1,2026-04-05,COMPLETED,EXCEEDS_EXPECTATIONS,2022-H1
REV_EMP000269_2022-H2,EMP000269,2022-H2,2024-10-18,COMPLETED,MEETS_EXPECTATIONS,2022-H2
REV_EMP000269_2023-H2,EMP000269,2023-H2,2025-09-11,COMPLETED,MEETS_EXPECTATIONS,2023-H2
REV_EMP000270_2022-H1,EMP000270,2022-H1,2025-07-18,COMPLETED,MEETS_EXPECTATIONS,2022-H1
REV_EMP000270_2023-H1,EMP000270,2023-H1,2026-03-28,COMPLETED,MEETS_EXPECTATIONS,2023-H1
REV_EMP000270_2023-H2,EMP000270,2023-H2,2026-07-23,COMPLETED,MEETS_EXPECTATIONS,2023-H2
REV_EMP000271_2022-H1,EMP000271,2022-H1,2025-10-30,COMPLETED,EXCEEDS_EXPECTATIONS,2022-H1
REV_EMP000271_2023-H1,EMP000271,2023-H1,2024-12-18,COMPLETED,MEETS_EXPECTATIONS,2023-H1
REV_EMP000272_2022-H1,EMP000272,2022-H1,2024-09-23,COMPLETED,MEETS_EXPECTATIONS,2022-H1
REV_EMP000272_2022-H2,EMP000272,2022-H2,2025-05-19,COMPLETED,EXCEEDS_EXPECTATIONS,2022-H2
REV_EMP000272_2023-H1,EMP000272,2023-H1,2026-09-14,COMPLETED,EXCEEDS_EXPECTATIONS,2023-H1
REV_EMP000273_2022-H1,EMP000273,2022-H1,2024-10-24,COMPLETED,EXCEEDS_EXPECTATIONS,2022-H1
REV_EMP000273_2022-H2,EMP000273,2022-H2,2026-03-07,COMPLETED,OUTSTANDING,2022-H2
REV_EMP000273_2023-H1,EMP000273,2023-H1,2026-07-10,COMPLETED,MEETS_EXPECTATIONS,2023-H1
REV_EMP000273_2023-H2,EMP000273,2023-H2,2025-12-25,COMPLETED,MEETS_EXPECTATIONS,2023-H2
REV_EMP000274_2022-H1,EMP000274,2022-H1,2026-07-29,COMPLETED,MEETS_EXPECTATIONS,2022-H1
REV_EMP000274_2022-H2,EMP000274,2022-H2,2024-11-26,COMPLETED,MEETS_EXPECTATIONS,2022-H2
REV_EMP000275_2022-H1,EMP000275,2022-H1,2025-06-05,COMPLETED,MEETS_EXPECTATIONS,2022-H1
REV_EMP000275_2023-H2,EMP000275,2023-H2,2025-09-17,COMPLETED,EXCEEDS_EXPECTATIONS,2023-H2
REV_EMP000276_2022-H1,EMP000276,2022-H1,2026-08-11,COMPLETED,OUTSTANDING,2022-H1
REV_EMP000276_2022-H2,EMP000276,2022-H2,2024-10-25,COMPLETED,OUTSTANDING,2022-H2
REV_EMP000276_2023-H1,EMP000276,2023-H1,2024-12-09,COMPLETED,MEETS_EXPECTATIONS,2023-H1
REV_EMP000276_2023-H2,EMP000276,2023-H2,2025-10-29,COMPLETED,MEETS_EXPECTATIONS,2023-H2
REV_EMP000277_2022-H1,EMP000277,2022-H1,2026-05-08,COMPLETED,NEEDS_IMPROVEMENT,2022-H1
REV_EMP000277_2022-H2,EMP000277,2022-H2,2026-02-13,COMPLETED,MEETS_EXPECTATIONS,2022-H2
REV_EMP000277_2023-H1,EMP000277,2023-H1,2026-04-22,COMPLETED,MEETS_EXPECTATIONS,2023-H1
REV_EMP000277_2023-H2,EMP000277,2023-H2,2025-05-20,COMPLETED,MEETS_EXPECTATIONS,2023-H2
REV_EMP000278_2022-H1,EMP000278,2022-H1,2024-10-07,COMPLETED,EXCEEDS_EXPECTATIONS,2022-H1
REV_EMP000278_2022-H2,EMP000278,2022-H2,2025-12-12,COMPLETED,MEETS_EXPECTATIONS,2022-H2
REV_EMP000278_2023-H1,EMP000278,2023-H1,2026-05-02,COMPLETED,MEETS_EXPECTATIONS,2023-H1
REV_EMP000278_2023-H2,EMP000278,2023-H2,2025-05-20,COMPLETED,OUTSTANDING,2023-H2
REV_EMP000279_2022-H1,EMP000279,2022-H1,2026-01-29,COMPLETED,MEETS_EXPECTATIONS,2022-H1
REV_EMP000279_2023-H1,EMP000279,2023-H1,2026-08-13,COMPLETED,MEETS_EXPECTATIONS,2023-H1
REV_EMP000279_2023-H2,EMP000279,2023-H2,2025-03-01,COMPLETED,MEETS_EXPECTATIONS,2023-H2
REV_EMP000280_2022-H1,EMP000280,2022-H1,2025-05-27,COMPLETED,MEETS_EXPECTATIONS,2022-H1
REV_EMP000280_2022-H2,EMP000280,2022-H2,2025-02-22,COMPLETED,MEETS_EXPECTATIONS,2022-H2
REV_EMP000280_2023-H1,EMP000280,2023-H1,2025-02-16,COMPLETED,MEETS_EXPECTATIONS,2023-H1
REV_EMP000280_2023-H2,EMP000280,2023-H2,2025-04-30,COMPLETED,EXCEEDS_EXPECTATIONS,2023-H2
REV_EMP000281_2022-H2,EMP000281,2022-H2,2025-04-22,COMPLETED,MEETS_EXPECTATIONS,2022-H2
REV_EMP000281_2023-H1,EMP000281,2023-H1,2025-11-07,COMPLETED,MEETS_EXPECTATIONS,2023-H1
REV_EMP000281_2023-H2,EMP000281,2023-H2,2025-05-25,COMPLETED,OUTSTANDING,2023-H2
REV_EMP000282_2022-H1,EMP000282,2022-H1,2026-05-13,COMPLETED,MEETS_EXPECTATIONS,2022-H1
REV_EMP000282_2022-H2,EMP000282,2022-H2,2025-08-28,COMPLETED,EXCEEDS_EXPECTATIONS,2022-H2
REV_EMP000282_2023-H1,EMP000282,2023-H1,2026-02-23,COMPLETED,MEETS_EXPECTATIONS,2023-H1
REV_EMP000282_2023-H2,EMP000282,2023-H2,2024-12-20,COMPLETED,MEETS_EXPECTATIONS,2023-H2
REV_EMP000283_2022-H1,EMP000283,2022-H1,2025-04-19,COMPLETED,MEETS_EXPECTATIONS,2022-H1
REV_EMP000283_2022-H2,EMP000283,2022-H2,2025-01-13,COMPLETED,EXCEEDS_EXPECTATIONS,2022-H2
REV_EMP000283_2023-H1,EMP000283,2023-H1,2025-01-20,COMPLETED,NEEDS_IMPROVEMENT,2023-H1
REV_EMP000283_2023-H2,EMP000283,2023-H2,2025-04-20,COMPLETED,EXCEEDS_EXPECTATIONS,2023-H2
REV_EMP000284_2022-H1,EMP000284,2022-H1,2024-12-17,COMPLETED,MEETS_EXPECTATIONS,2022-H1
REV_EMP000284_2022-H2,EMP000284,2022-H2,2024-10-01,COMPLETED,OUTSTANDING,2022-H2
REV_EMP000284_2023-H1,EMP000284,2023-H1,2026-01-16,COMPLETED,MEETS_EXPECTATIONS,2023-H1
REV_EMP000284_2023-H2,EMP000284,2023-H2,2025-11-28,COMPLETED,EXCEEDS_EXPECTATIONS,2023-H2
REV_EMP000285_2023-H1,EMP000285,2023-H1,2025-10-24,COMPLETED,MEETS_EXPECTATIONS,2023-H1
REV_EMP000285_2023-H2,EMP000285,2023-H2,2024-12-08,COMPLETED,EXCEEDS_EXPECTATIONS,2023-H2
REV_EMP000286_2022-H2,EMP000286,2022-H2,2025-02-27,COMPLETED,EXCEEDS_EXPECTATIONS,2022-H2
REV_EMP000287_2022-H1,EMP000287,2022-H1,2025-11-15,COMPLETED,MEETS_EXPECTATIONS,2022-H1
REV_EMP000287_2022-H2,EMP000287,2022-H2,2025-06-19,COMPLETED,MEETS_EXPECTATIONS,2022-H2
REV_EMP000288_2022-H1,EMP000288,2022-H1,2025-11-20,COMPLETED,MEETS_EXPECTATIONS,2022-H1
REV_EMP000288_2022-H2,EMP000288,2022-H2,2025-05-25,COMPLETED,MEETS_EXPECTATIONS,2022-H2
REV_EMP000288_2023-H1,EMP000288,2023-H1,2025-04-18,COMPLETED,MEETS_EXPECTATIONS,2023-H1
REV_EMP000288_2023-H2,EMP000288,2023-H2,2025-01-07,COMPLETED,MEETS_EXPECTATIONS,2023-H2
REV_EMP000289_2022-H1,EMP000289,2022-H1,2026-03-21,COMPLETED,MEETS_EXPECTATIONS,2022-H1
REV_EMP000289_2022-H2,EMP000289,2022-H2,2026-06-06,COMPLETED,MEETS_EXPECTATIONS,2022-H2
REV_EMP000289_2023-H1,EMP000289,2023-H1,2025-04-28,COMPLETED,MEETS_EXPECTATIONS,2023-H1
REV_EMP000289_2023-H2,EMP000289,2023-H2,2025-12-09,COMPLETED,MEETS_EXPECTATIONS,2023-H2
REV_EMP000290_2022-H2,EMP000290,2022-H2,2025-03-29,COMPLETED,NEEDS_IMPROVEMENT,2022-H2
REV_EMP000290_2023-H1,EMP000290,2023-H1,2025-01-31,COMPLETED,OUTSTANDING,2023-H1
REV_EMP000291_2022-H1,EMP000291,2022-H1,2024-11-14,COMPLETED,NEEDS_IMPROVEMENT,2022-H1
REV_EMP000291_2022-H2,EMP000291,2022-H2,2025-05-19,COMPLETED,OUTSTANDING,2022-H2
REV_EMP000291_2023-H1,EMP000291,2023-H1,2026-01-09,COMPLETED,OUTSTANDING,2023-H1
REV_EMP000291_2023-H2,EMP000291,2023-H2,2026-08-14,COMPLETED,MEETS_EXPECTATIONS,2023-H2
REV_EMP000292_2022-H1,EMP000292,2022-H1,2025-06-10,COMPLETED,MEETS_EXPECTATIONS,2022-H1
REV_EMP000292_2022-H2,EMP000292,2022-H2,2025-11-13,COMPLETED,OUTSTANDING,2022-H2
REV_EMP000292_2023-H1,EMP000292,2023-H1,2025-08-30,COMPLETED,OUTSTANDING,2023-H1
REV_EMP000292_2023-H2,EMP000292,2023-H2,2024-10-29,COMPLETED,MEETS_EXPECTATIONS,2023-H2
REV_EMP000293_2022-H2,EMP000293,2022-H2,2024-12-30,COMPLETED,MEETS_EXPECTATIONS,2022-H2
REV_EMP000293_2023-H2,EMP000293,2023-H2,2024-10-12,COMPLETED,MEETS_EXPECTATIONS,2023-H2
REV_EMP000294_2022-H1,EMP000294,2022-H1,2025-09-20,COMPLETED,EXCEEDS_EXPECTATIONS,2022-H1
REV_EMP000294_2023-H1,EMP000294,2023-H1,2026-08-22,COMPLETED,EXCEEDS_EXPECTATIONS,2023-H1
REV_EMP000294_2023-H2,EMP000294,2023-H2,2026-02-26,COMPLETED,MEETS_EXPECTATIONS,2023-H2
REV_EMP000295_2022-H1,EMP000295,2022-H1,2024-10-29,COMPLETED,MEETS_EXPECTATIONS,2022-H1
REV_EMP000295_2022-H2,EMP000295,2022-H2,2024-12-11,COMPLETED,MEETS_EXPECTATIONS,2022-H2
REV_EMP000295_2023-H1,EMP000295,2023-H1,2025-07-14,COMPLETED,MEETS_EXPECTATIONS,2023-H1
REV_EMP000296_2022-H1,EMP000296,2022-H1,2024-10-31,COMPLETED,OUTSTANDING,2022-H1
REV_EMP000296_2022-H2,EMP000296,2022-H2,2024-11-25,COMPLETED,NEEDS_IMPROVEMENT,2022-H2
REV_EMP000296_2023-H1,EMP000296,2023-H1,2025-08-17,COMPLETED,NEEDS_IMPROVEMENT,2023-H1
REV_EMP000296_2023-H2,EMP000296,2023-H2,2025-07-21,COMPLETED,MEETS_EXPECTATIONS,2023-H2
REV_EMP000297_2022-H1,EMP000297,2022-H1,2025-02-06,COMPLETED,MEETS_EXPECTATIONS,2022-H1
REV_EMP000297_2022-H2,EMP000297,2022-H2,2026-03-21,COMPLETED,MEETS_EXPECTATIONS,2022-H2
REV_EMP000297_2023-H2,EMP000297,2023-H2,2025-12-27,COMPLETED,OUTSTANDING,2023-H2
REV_EMP000298_2022-H1,EMP000298,2022-H1,2026-08-13,COMPLETED,OUTSTANDING,2022-H1
REV_EMP000298_2022-H2,EMP000298,2022-H2,2025-12-24,COMPLETED,OUTSTANDING,2022-H2
REV_EMP000298_2023-H1,EMP000298,2023-H1,2026-01-21,COMPLETED,MEETS_EXPECTATIONS,2023-H1
REV_EMP000299_2022-H2,EMP000299,2022-H2,2026-07-01,COMPLETED,MEETS_EXPECTATIONS,2022-H2
REV_EMP000299_2023-H1,EMP000299,2023-H1,2026-03-10,COMPLETED,MEETS_EXPECTATIONS,2023-H1
REV_EMP000300_2022-H1,EMP000300,2022-H1,2026-03-17,COMPLETED,MEETS_EXPECTATIONS,2022-H1
REV_EMP000300_2022-H2,EMP000300,2022-H2,2025-09-01,COMPLETED,MEETS_EXPECTATIONS,2022-H2
REV_EMP000300_2023-H1,EMP000300,2023-H1,2026-01-11,COMPLETED,MEETS_EXPECTATIONS,2023-H1
REV_EMP000300_2023-H2,EMP000300,2023-H2,2025-06-23,COMPLETED,MEETS_EXPECTATIONS,2023-H2
REV_EMP000301_2022-H1,EMP000301,2022-H1,2025-05-20,COMPLETED,MEETS_EXPECTATIONS,2022-H1
REV_EMP000301_2022-H2,EMP000301,2022-H2,2025-06-05,COMPLETED,EXCEEDS_EXPECTATIONS,2022-H2
REV_EMP000301_2023-H1,EMP000301,2023-H1,2026-06-16,COMPLETED,NEEDS_IMPROVEMENT,2023-H1
REV_EMP000301_2023-H2,EMP000301,2023-H2,2025-02-20,COMPLETED,EXCEEDS_EXPECTATIONS,2023-H2
REV_EMP000302_2022-H2,EMP000302,2022-H2,2026-03-27,COMPLETED,OUTSTANDING,2022-H2
REV_EMP000302_2023-H1,EMP000302,2023-H1,2026-05-02,COMPLETED,MEETS_EXPECTATIONS,2023-H1
REV_EMP000302_2023-H2,EMP000302,2023-H2,2026-02-23,COMPLETED,MEETS_EXPECTATIONS,2023-H2
REV_EMP000303_2022-H1,EMP000303,2022-H1,2026-06-10,COMPLETED,MEETS_EXPECTATIONS,2022-H1
REV_EMP000303_2023-H1,EMP000303,2023-H1,2025-11-08,COMPLETED,EXCEEDS_EXPECTATIONS,2023-H1
REV_EMP000304_2022-H1,EMP000304,2022-H1,2024-11-20,COMPLETED,EXCEEDS_EXPECTATIONS,2022-H1
REV_EMP000304_2022-H2,EMP000304,2022-H2,2026-09-06,COMPLETED,EXCEEDS_EXPECTATIONS,2022-H2
REV_EMP000304_2023-H1,EMP000304,2023-H1,2026-04-30,COMPLETED,MEETS_EXPECTATIONS,2023-H1
REV_EMP000304_2023-H2,EMP000304,2023-H2,2026-05-06,COMPLETED,EXCEEDS_EXPECTATIONS,2023-H2
REV_EMP000305_2022-H1,EMP000305,2022-H1,2025-09-16,COMPLETED,MEETS_EXPECTATIONS,2022-H1
REV_EMP000305_2022-H2,EMP000305,2022-H2,2025-12-05,COMPLETED,MEETS_EXPECTATIONS,2022-H2
REV_EMP000305_2023-H1,EMP000305,2023-H1,2024-12-31,COMPLETED,EXCEEDS_EXPECTATIONS,2023-H1
REV_EMP000305_2023-H2,EMP000305,2023-H2,2024-12-01,COMPLETED,MEETS_EXPECTATIONS,2023-H2
REV_EMP000306_2023-H1,EMP000306,2023-H1,2026-06-13,COMPLETED,OUTSTANDING,2023-H1
REV_EMP000306_2023-H2,EMP000306,2023-H2,2026-06-05,COMPLETED,MEETS_EXPECTATIONS,2023-H2
REV_EMP000307_2022-H1,EMP000307,2022-H1,2026-09-04,COMPLETED,EXCEEDS_EXPECTATIONS,2022-H1
REV_EMP000307_2022-H2,EMP000307,2022-H2,2026-03-16,COMPLETED,MEETS_EXPECTATIONS,2022-H2
REV_EMP000308_2022-H1,EMP000308,2022-H1,2025-09-18,COMPLETED,EXCEEDS_EXPECTATIONS,2022-H1
REV_EMP000308_2022-H2,EMP000308,2022-H2,2024-12-04,COMPLETED,MEETS_EXPECTATIONS,2022-H2
REV_EMP000308_2023-H1,EMP000308,2023-H1,2025-09-08,COMPLETED,MEETS_EXPECTATIONS,2023-H1
REV_EMP000308_2023-H2,EMP000308,2023-H2,2025-05-19,COMPLETED,MEETS_EXPECTATIONS,2023-H2
REV_EMP000309_2022-H1,EMP000309,2022-H1,2026-03-05,COMPLETED,MEETS_EXPECTATIONS,2022-H1
REV_EMP000309_2022-H2,EMP000309,2022-H2,2026-02-02,COMPLETED,MEETS_EXPECTATIONS,2022-H2
REV_EMP000309_2023-H1,EMP000309,2023-H1,2026-03-25,COMPLETED,MEETS_EXPECTATIONS,2023-H1
REV_EMP000309_2023-H2,EMP000309,2023-H2,2026-05-08,COMPLETED,EXCEEDS_EXPECTATIONS,2023-H2
REV_EMP000310_2022-H1,EMP000310,2022-H1,2025-09-16,COMPLETED,MEETS_EXPECTATIONS,2022-H1
REV_EMP000310_2022-H2,EMP000310,2022-H2,2025-09-20,COMPLETED,MEETS_EXPECTATIONS,2022-H2
REV_EMP000310_2023-H1,EMP000310,2023-H1,2025-03-18,COMPLETED,EXCEEDS_EXPECTATIONS,2023-H1
REV_EMP000310_2023-H2,EMP000310,2023-H2,2025-03-12,COMPLETED,MEETS_EXPECTATIONS,2023-H2
REV_EMP000311_2022-H1,EMP000311,2022-H1,2025-01-09,COMPLETED,OUTSTANDING,2022-H1
REV_EMP000311_2023-H1,EMP000311,2023-H1,2026-07-20,COMPLETED,EXCEEDS_EXPECTATIONS,2023-H1
REV_EMP000311_2023-H2,EMP000311,2023-H2,2026-08-16,COMPLETED,EXCEEDS_EXPECTATIONS,2023-H2
REV_EMP000312_2022-H1,EMP000312,2022-H1,2026-01-12,COMPLETED,EXCEEDS_EXPECTATIONS,2022-H1
REV_EMP000312_2022-H2,EMP000312,2022-H2,2025-04-08,COMPLETED,OUTSTANDING,2022-H2
REV_EMP000312_2023-H1,EMP000312,2023-H1,2026-08-30,COMPLETED,EXCEEDS_EXPECTATIONS,2023-H1
REV_EMP000312_2023-H2,EMP000312,2023-H2,2025-06-29,COMPLETED,EXCEEDS_EXPECTATIONS,2023-H2
REV_EMP000313_2022-H1,EMP000313,2022-H1,2025-07-21,COMPLETED,EXCEEDS_EXPECTATIONS,2022-H1
REV_EMP000313_2023-H1,EMP000313,2023-H1,2025-02-09,COMPLETED,MEETS_EXPECTATIONS,2023-H1
REV_EMP000313_2023-H2,EMP000313,2023-H2,2026-03-17,COMPLETED,MEETS_EXPECTATIONS,2023-H2
REV_EMP000314_2022-H1,EMP000314,2022-H1,2026-09-02,COMPLETED,MEETS_EXPECTATIONS,2022-H1
REV_EMP000314_2022-H2,EMP000314,2022-H2,2026-02-18,COMPLETED,OUTSTANDING,2022-H2
REV_EMP000314_2023-H1,EMP000314,2023-H1,2025-06-03,COMPLETED,MEETS_EXPECTATIONS,2023-H1
REV_EMP000314_2023-H2,EMP000314,2023-H2,2026-05-25,COMPLETED,OUTSTANDING,2023-H2
REV_EMP000315_2022-H1,EMP000315,2022-H1,2026-07-20,COMPLETED,MEETS_EXPECTATIONS,2022-H1
REV_EMP000315_2022-H2,EMP000315,2022-H2,2026-08-06,COMPLETED,MEETS_EXPECTATIONS,2022-H2
REV_EMP000315_2023-H1,EMP000315,2023-H1,2025-05-30,COMPLETED,MEETS_EXPECTATIONS,2023-H1
REV_EMP000315_2023-H2,EMP000315,2023-H2,2025-09-07,COMPLETED,MEETS_EXPECTATIONS,2023-H2
REV_EMP000316_2022-H2,EMP000316,2022-H2,2025-10-03,COMPLETED,MEETS_EXPECTATIONS,2022-H2
REV_EMP000316_2023-H1,EMP000316,2023-H1,2024-10-13,COMPLETED,EXCEEDS_EXPECTATIONS,2023-H1
REV_EMP000316_2023-H2,EMP000316,2023-H2,2024-11-09,COMPLETED,MEETS_EXPECTATIONS,2023-H2
REV_EMP000317_2023-H1,EMP000317,2023-H1,2025-09-24,COMPLETED,MEETS_EXPECTATIONS,2023-H1
REV_EMP000318_2022-H1,EMP000318,2022-H1,2024-12-16,COMPLETED,EXCEEDS_EXPECTATIONS,2022-H1
REV_EMP000318_2022-H2,EMP000318,2022-H2,2025-06-19,COMPLETED,NEEDS_IMPROVEMENT,2022-H2
REV_EMP000318_2023-H1,EMP000318,2023-H1,2025-09-26,COMPLETED,MEETS_EXPECTATIONS,2023-H1
REV_EMP000318_2023-H2,EMP000318,2023-H2,2025-09-13,COMPLETED,OUTSTANDING,2023-H2
REV_EMP000319_2022-H2,EMP000319,2022-H2,2026-07-08,COMPLETED,MEETS_EXPECTATIONS,2022-H2
REV_EMP000319_2023-H1,EMP000319,2023-H1,2025-01-30,COMPLETED,OUTSTANDING,2023-H1
REV_EMP000320_2022-H1,EMP000320,2022-H1,2025-04-27,COMPLETED,MEETS_EXPECTATIONS,2022-H1
REV_EMP000320_2023-H1,EMP000320,2023-H1,2026-05-09,COMPLETED,MEETS_EXPECTATIONS,2023-H1
REV_EMP000320_2023-H2,EMP000320,2023-H2,2025-06-17,COMPLETED,OUTSTANDING,2023-H2
REV_EMP000321_2022-H1,EMP000321,2022-H1,2026-01-02,COMPLETED,MEETS_EXPECTATIONS,2022-H1
REV_EMP000321_2023-H1,EMP000321,2023-H1,2025-12-10,COMPLETED,MEETS_EXPECTATIONS,2023-H1
REV_EMP000321_2023-H2,EMP000321,2023-H2,2024-12-27,COMPLETED,OUTSTANDING,2023-H2
REV_EMP000322_2022-H1,EMP000322,2022-H1,2025-10-19,COMPLETED,MEETS_EXPECTATIONS,2022-H1
REV_EMP000322_2022-H2,EMP000322,2022-H2,2024-12-08,COMPLETED,EXCEEDS_EXPECTATIONS,2022-H2
REV_EMP000322_2023-H1,EMP000322,2023-H1,2025-08-01,COMPLETED,EXCEEDS_EXPECTATIONS,2023-H1
REV_EMP000322_2023-H2,EMP000322,2023-H2,2026-06-17,COMPLETED,MEETS_EXPECTATIONS,2023-H2
REV_EMP000323_2022-H1,EMP000323,2022-H1,2026-03-28,COMPLETED,MEETS_EXPECTATIONS,2022-H1
REV_EMP000323_2022-H2,EMP000323,2022-H2,2026-05-31,COMPLETED,MEETS_EXPECTATIONS,2022-H2
REV_EMP000323_2023-H2,EMP000323,2023-H2,2024-12-12,COMPLETED,MEETS_EXPECTATIONS,2023-H2
REV_EMP000324_2022-H1,EMP000324,2022-H1,2025-05-31,COMPLETED,NEEDS_IMPROVEMENT,2022-H1
REV_EMP000324_2022-H2,EMP000324,2022-H2,2025-11-25,COMPLETED,MEETS_EXPECTATIONS,2022-H2
REV_EMP000324_2023-H1,EMP000324,2023-H1,2026-02-06,COMPLETED,EXCEEDS_EXPECTATIONS,2023-H1
REV_EMP000324_2023-H2,EMP000324,2023-H2,2024-11-14,COMPLETED,MEETS_EXPECTATIONS,2023-H2
REV_EMP000325_2022-H1,EMP000325,2022-H1,2026-05-28,COMPLETED,MEETS_EXPECTATIONS,2022-H1
REV_EMP000325_2022-H2,EMP000325,2022-H2,2025-05-12,COMPLETED,MEETS_EXPECTATIONS,2022-H2
REV_EMP000326_2022-H1,EMP000326,2022-H1,2025-11-07,COMPLETED,EXCEEDS_EXPECTATIONS,2022-H1
REV_EMP000326_2023-H1,EMP000326,2023-H1,2025-09-13,COMPLETED,NEEDS_IMPROVEMENT,2023-H1
REV_EMP000326_2023-H2,EMP000326,2023-H2,2025-07-28,COMPLETED,MEETS_EXPECTATIONS,2023-H2
REV_EMP000327_2022-H1,EMP000327,2022-H1,2025-12-22,COMPLETED,MEETS_EXPECTATIONS,2022-H1
REV_EMP000327_2022-H2,EMP000327,2022-H2,2025-08-07,COMPLETED,MEETS_EXPECTATIONS,2022-H2
REV_EMP000327_2023-H1,EMP000327,2023-H1,2025-03-24,COMPLETED,EXCEEDS_EXPECTATIONS,2023-H1
REV_EMP000328_2022-H1,EMP000328,2022-H1,2026-01-15,COMPLETED,OUTSTANDING,2022-H1
REV_EMP000328_2022-H2,EMP000328,2022-H2,2025-03-28,COMPLETED,MEETS_EXPECTATIONS,2022-H2
REV_EMP000328_2023-H1,EMP000328,2023-H1,2025-11-19,COMPLETED,MEETS_EXPECTATIONS,2023-H1
REV_EMP000328_2023-H2,EMP000328,2023-H2,2025-01-21,COMPLETED,EXCEEDS_EXPECTATIONS,2023-H2
REV_EMP000329_2023-H1,EMP000329,2023-H1,2025-09-29,COMPLETED,MEETS_EXPECTATIONS,2023-H1
REV_EMP000329_2023-H2,EMP000329,2023-H2,2025-07-15,COMPLETED,EXCEEDS_EXPECTATIONS,2023-H2
REV_EMP000330_2022-H2,EMP000330,2022-H2,2024-11-10,COMPLETED,MEETS_EXPECTATIONS,2022-H2
REV_EMP000330_2023-H1,EMP000330,2023-H1,2025-06-11,COMPLETED,MEETS_EXPECTATIONS,2023-H1
REV_EMP000330_2023-H2,EMP000330,2023-H2,2025-02-28,COMPLETED,OUTSTANDING,2023-H2
REV_EMP000331_2022-H2,EMP000331,2022-H2,2026-06-14,COMPLETED,OUTSTANDING,2022-H2
REV_EMP000331_2023-H1,EMP000331,2023-H1,2026-03-13,COMPLETED,EXCEEDS_EXPECTATIONS,2023-H1
REV_EMP000331_2023-H2,EMP000331,2023-H2,2025-12-23,COMPLETED,MEETS_EXPECTATIONS,2023-H2
REV_EMP000332_2022-H1,EMP000332,2022-H1,2025-08-20,COMPLETED,MEETS_EXPECTATIONS,2022-H1
REV_EMP000332_2022-H2,EMP000332,2022-H2,2026-05-22,COMPLETED,OUTSTANDING,2022-H2
REV_EMP000332_2023-H1,EMP000332,2023-H1,2025-08-24,COMPLETED,MEETS_EXPECTATIONS,2023-H1
REV_EMP000332_2023-H2,EMP000332,2023-H2,2025-12-04,COMPLETED,NEEDS_IMPROVEMENT,2023-H2
REV_EMP000333_2022-H1,EMP000333,2022-H1,2026-05-24,COMPLETED,MEETS_EXPECTATIONS,2022-H1
REV_EMP000333_2023-H1,EMP000333,2023-H1,2025-06-12,COMPLETED,EXCEEDS_EXPECTATIONS,2023-H1
REV_EMP000333_2023-H2,EMP000333,2023-H2,2025-11-16,COMPLETED,MEETS_EXPECTATIONS,2023-H2
REV_EMP000334_2022-H1,EMP000334,2022-H1,2026-03-13,COMPLETED,MEETS_EXPECTATIONS,2022-H1
REV_EMP000334_2023-H1,EMP000334,2023-H1,2025-03-22,COMPLETED,NEEDS_IMPROVEMENT,2023-H1
REV_EMP000334_2023-H2,EMP000334,2023-H2,2025-02-01,COMPLETED,MEETS_EXPECTATIONS,2023-H2
REV_EMP000335_2022-H1,EMP000335,2022-H1,2026-02-16,COMPLETED,MEETS_EXPECTATIONS,2022-H1
REV_EMP000335_2023-H1,EMP000335,2023-H1,2026-02-22,COMPLETED,MEETS_EXPECTATIONS,2023-H1
REV_EMP000335_2023-H2,EMP000335,2023-H2,2024-11-19,COMPLETED,MEETS_EXPECTATIONS,2023-H2
REV_EMP000336_2022-H2,EMP000336,2022-H2,2026-04-17,COMPLETED,OUTSTANDING,2022-H2
REV_EMP000336_2023-H1,EMP000336,2023-H1,2026-09-13,COMPLETED,MEETS_EXPECTATIONS,2023-H1
REV_EMP000336_2023-H2,EMP000336,2023-H2,2026-03-26,COMPLETED,MEETS_EXPECTATIONS,2023-H2
REV_EMP000337_2022-H1,EMP000337,2022-H1,2025-12-09,COMPLETED,MEETS_EXPECTATIONS,2022-H1
REV_EMP000337_2022-H2,EMP000337,2022-H2,2026-07-01,COMPLETED,MEETS_EXPECTATIONS,2022-H2
REV_EMP000337_2023-H1,EMP000337,2023-H1,2025-10-02,COMPLETED,MEETS_EXPECTATIONS,2023-H1
REV_EMP000338_2022-H1,EMP000338,2022-H1,2024-12-17,COMPLETED,NEEDS_IMPROVEMENT,2022-H1
REV_EMP000338_2023-H2,EMP000338,2023-H2,2025-12-23,COMPLETED,NEEDS_IMPROVEMENT,2023-H2
REV_EMP000339_2022-H1,EMP000339,2022-H1,2025-12-26,COMPLETED,MEETS_EXPECTATIONS,2022-H1
REV_EMP000339_2022-H2,EMP000339,2022-H2,2025-09-14,COMPLETED,MEETS_EXPECTATIONS,2022-H2
REV_EMP000339_2023-H1,EMP000339,2023-H1,2025-05-30,COMPLETED,MEETS_EXPECTATIONS,2023-H1
REV_EMP000340_2022-H1,EMP000340,2022-H1,2025-11-25,COMPLETED,OUTSTANDING,2022-H1
REV_EMP000340_2022-H2,EMP000340,2022-H2,2024-12-04,COMPLETED,MEETS_EXPECTATIONS,2022-H2
REV_EMP000340_2023-H1,EMP000340,2023-H1,2026-06-20,COMPLETED,MEETS_EXPECTATIONS,2023-H1
REV_EMP000340_2023-H2,EMP000340,2023-H2,2025-08-31,COMPLETED,MEETS_EXPECTATIONS,2023-H2
REV_EMP000341_2022-H1,EMP000341,2022-H1,2025-02-03,COMPLETED,MEETS_EXPECTATIONS,2022-H1
REV_EMP000341_2022-H2,EMP000341,2022-H2,2025-05-17,COMPLETED,EXCEEDS_EXPECTATIONS,2022-H2
REV_EMP000341_2023-H1,EMP000341,2023-H1,2025-08-01,COMPLETED,MEETS_EXPECTATIONS,2023-H1
REV_EMP000341_2023-H2,EMP000341,2023-H2,2024-11-13,COMPLETED,EXCEEDS_EXPECTATIONS,2023-H2
REV_EMP000342_2022-H2,EMP000342,2022-H2,2025-12-28,COMPLETED,MEETS_EXPECTATIONS,2022-H2
REV_EMP000342_2023-H1,EMP000342,2023-H1,2024-12-13,COMPLETED,EXCEEDS_EXPECTATIONS,2023-H1
REV_EMP000342_2023-H2,EMP000342,2023-H2,2026-03-06,COMPLETED,MEETS_EXPECTATIONS,2023-H2
REV_EMP000343_2022-H1,EMP000343,2022-H1,2026-06-14,COMPLETED,EXCEEDS_EXPECTATIONS,2022-H1
REV_EMP000343_2022-H2,EMP000343,2022-H2,2025-12-27,COMPLETED,MEETS_EXPECTATIONS,2022-H2
REV_EMP000343_2023-H2,EMP000343,2023-H2,2026-05-12,COMPLETED,MEETS_EXPECTATIONS,2023-H2
REV_EMP000344_2022-H2,EMP000344,2022-H2,2026-06-18,COMPLETED,EXCEEDS_EXPECTATIONS,2022-H2
REV_EMP000344_2023-H2,EMP000344,2023-H2,2025-07-11,COMPLETED,OUTSTANDING,2023-H2
REV_EMP000345_2022-H1,EMP000345,2022-H1,2025-06-01,COMPLETED,MEETS_EXPECTATIONS,2022-H1
REV_EMP000345_2022-H2,EMP000345,2022-H2,2025-10-08,COMPLETED,EXCEEDS_EXPECTATIONS,2022-H2
REV_EMP000345_2023-H2,EMP000345,2023-H2,2026-02-02,COMPLETED,EXCEEDS_EXPECTATIONS,2023-H2
REV_EMP000346_2022-H1,EMP000346,2022-H1,2026-02-14,COMPLETED,MEETS_EXPECTATIONS,2022-H1
REV_EMP000346_2022-H2,EMP000346,2022-H2,2024-11-06,COMPLETED,OUTSTANDING,2022-H2
REV_EMP000346_2023-H1,EMP000346,2023-H1,2024-11-29,COMPLETED,EXCEEDS_EXPECTATIONS,2023-H1
REV_EMP000346_2023-H2,EMP000346,2023-H2,2025-03-08,COMPLETED,EXCEEDS_EXPECTATIONS,2023-H2
REV_EMP000347_2022-H1,EMP000347,2022-H1,2026-06-16,COMPLETED,MEETS_EXPECTATIONS,2022-H1
REV_EMP000347_2022-H2,EMP000347,2022-H2,2025-01-05,COMPLETED,NEEDS_IMPROVEMENT,2022-H2
REV_EMP000347_2023-H2,EMP000347,2023-H2,2026-08-10,COMPLETED,OUTSTANDING,2023-H2
REV_EMP000348_2023-H1,EMP000348,2023-H1,2025-12-15,COMPLETED,MEETS_EXPECTATIONS,2023-H1
REV_EMP000348_2023-H2,EMP000348,2023-H2,2026-08-22,COMPLETED,EXCEEDS_EXPECTATIONS,2023-H2
REV_EMP000349_2022-H1,EMP000349,2022-H1,2026-04-29,COMPLETED,MEETS_EXPECTATIONS,2022-H1
REV_EMP000349_2022-H2,EMP000349,2022-H2,2026-01-27,COMPLETED,EXCEEDS_EXPECTATIONS,2022-H2
REV_EMP000349_2023-H1,EMP000349,2023-H1,2026-06-11,COMPLETED,MEETS_EXPECTATIONS,2023-H1
REV_EMP000349_2023-H2,EMP000349,2023-H2,2024-09-20,COMPLETED,EXCEEDS_EXPECTATIONS,2023-H2
REV_EMP000350_2022-H1,EMP000350,2022-H1,2026-05-01,COMPLETED,MEETS_EXPECTATIONS,2022-H1
REV_EMP000350_2022-H2,EMP000350,2022-H2,2025-01-11,COMPLETED,OUTSTANDING,2022-H2
REV_EMP000350_2023-H1,EMP000350,2023-H1,2026-02-15,COMPLETED,EXCEEDS_EXPECTATIONS,2023-H1
REV_EMP000350_2023-H2,EMP000350,2023-H2,2025-01-13,COMPLETED,EXCEEDS_EXPECTATIONS,2023-H2
REV_EMP000351_2022-H1,EMP000351,2022-H1,2025-09-06,COMPLETED,EXCEEDS_EXPECTATIONS,2022-H1
REV_EMP000351_2022-H2,EMP000351,2022-H2,2025-11-06,COMPLETED,EXCEEDS_EXPECTATIONS,2022-H2
REV_EMP000351_2023-H1,EMP000351,2023-H1,2025-05-04,COMPLETED,MEETS_EXPECTATIONS,2023-H1
REV_EMP000351_2023-H2,EMP000351,2023-H2,2025-07-19,COMPLETED,MEETS_EXPECTATIONS,2023-H2
REV_EMP000352_2022-H1,EMP000352,2022-H1,2026-01-11,COMPLETED,MEETS_EXPECTATIONS,2022-H1
REV_EMP000352_2022-H2,EMP000352,2022-H2,2025-12-12,COMPLETED,MEETS_EXPECTATIONS,2022-H2
REV_EMP000352_2023-H1,EMP000352,2023-H1,2025-09-02,COMPLETED,NEEDS_IMPROVEMENT,2023-H1
REV_EMP000352_2023-H2,EMP000352,2023-H2,2025-02-18,COMPLETED,MEETS_EXPECTATIONS,2023-H2
REV_EMP000353_2022-H1,EMP000353,2022-H1,2025-02-26,COMPLETED,MEETS_EXPECTATIONS,2022-H1
REV_EMP000353_2022-H2,EMP000353,2022-H2,2026-03-03,COMPLETED,MEETS_EXPECTATIONS,2022-H2
REV_EMP000353_2023-H2,EMP000353,2023-H2,2026-08-02,COMPLETED,MEETS_EXPECTATIONS,2023-H2
REV_EMP000354_2022-H1,EMP000354,2022-H1,2025-05-23,COMPLETED,EXCEEDS_EXPECTATIONS,2022-H1
REV_EMP000354_2023-H1,EMP000354,2023-H1,2025-05-10,COMPLETED,MEETS_EXPECTATIONS,2023-H1
REV_EMP000354_2023-H2,EMP000354,2023-H2,2025-12-06,COMPLETED,EXCEEDS_EXPECTATIONS,2023-H2
REV_EMP000355_2022-H1,EMP000355,2022-H1,2026-05-29,COMPLETED,MEETS_EXPECTATIONS,2022-H1
REV_EMP000355_2022-H2,EMP000355,2022-H2,2026-08-30,COMPLETED,OUTSTANDING,2022-H2
REV_EMP000355_2023-H1,EMP000355,2023-H1,2026-03-01,COMPLETED,EXCEEDS_EXPECTATIONS,2023-H1
REV_EMP000356_2022-H1,EMP000356,2022-H1,2025-05-14,COMPLETED,MEETS_EXPECTATIONS,2022-H1
REV_EMP000356_2022-H2,EMP000356,2022-H2,2026-09-03,COMPLETED,MEETS_EXPECTATIONS,2022-H2
REV_EMP000356_2023-H1,EMP000356,2023-H1,2026-09-17,COMPLETED,MEETS_EXPECTATIONS,2023-H1
REV_EMP000356_2023-H2,EMP000356,2023-H2,2025-08-23,COMPLETED,NEEDS_IMPROVEMENT,2023-H2
REV_EMP000357_2022-H1,EMP000357,2022-H1,2026-03-31,COMPLETED,MEETS_EXPECTATIONS,2022-H1
REV_EMP000357_2022-H2,EMP000357,2022-H2,2026-08-31,COMPLETED,MEETS_EXPECTATIONS,2022-H2
REV_EMP000357_2023-H1,EMP000357,2023-H1,2025-06-14,COMPLETED,NEEDS_IMPROVEMENT,2023-H1
REV_EMP000357_2023-H2,EMP000357,2023-H2,2024-11-28,COMPLETED,MEETS_EXPECTATIONS,2023-H2
REV_EMP000358_2022-H2,EMP000358,2022-H2,2025-12-16,COMPLETED,MEETS_EXPECTATIONS,2022-H2
REV_EMP000358_2023-H1,EMP000358,2023-H1,2024-09-26,COMPLETED,MEETS_EXPECTATIONS,2023-H1
REV_EMP000358_2023-H2,EMP000358,2023-H2,2026-01-07,COMPLETED,MEETS_EXPECTATIONS,2023-H2
REV_EMP000359_2022-H1,EMP000359,2022-H1,2025-10-21,COMPLETED,MEETS_EXPECTATIONS,2022-H1
REV_EMP000359_2022-H2,EMP000359,2022-H2,2025-07-30,COMPLETED,MEETS_EXPECTATIONS,2022-H2
REV_EMP000359_2023-H1,EMP000359,2023-H1,2026-07-10,COMPLETED,EXCEEDS_EXPECTATIONS,2023-H1
REV_EMP000360_2022-H1,EMP000360,2022-H1,2024-12-28,COMPLETED,MEETS_EXPECTATIONS,2022-H1
REV_EMP000360_2022-H2,EMP000360,2022-H2,2026-07-14,COMPLETED,EXCEEDS_EXPECTATIONS,2022-H2
REV_EMP000361_2022-H2,EMP000361,2022-H2,2025-05-06,COMPLETED,EXCEEDS_EXPECTATIONS,2022-H2
REV_EMP000361_2023-H1,EMP000361,2023-H1,2024-11-07,COMPLETED,MEETS_EXPECTATIONS,2023-H1
REV_EMP000362_2022-H1,EMP000362,2022-H1,2025-07-03,COMPLETED,MEETS_EXPECTATIONS,2022-H1
REV_EMP000362_2022-H2,EMP000362,2022-H2,2026-08-20,COMPLETED,MEETS_EXPECTATIONS,2022-H2
REV_EMP000362_2023-H1,EMP000362,2023-H1,2025-11-20,COMPLETED,EXCEEDS_EXPECTATIONS,2023-H1
REV_EMP000362_2023-H2,EMP000362,2023-H2,2024-10-31,COMPLETED,MEETS_EXPECTATIONS,2023-H2
REV_EMP000363_2022-H1,EMP000363,2022-H1,2024-09-20,COMPLETED,EXCEEDS_EXPECTATIONS,2022-H1
REV_EMP000363_2022-H2,EMP000363,2022-H2,2026-03-20,COMPLETED,OUTSTANDING,2022-H2
REV_EMP000363_2023-H1,EMP000363,2023-H1,2025-11-28,COMPLETED,MEETS_EXPECTATIONS,2023-H1
REV_EMP000364_2023-H2,EMP000364,2023-H2,2026-06-19,COMPLETED,EXCEEDS_EXPECTATIONS,2023-H2
REV_EMP000365_2022-H1,EMP000365,2022-H1,2025-06-26,COMPLETED,MEETS_EXPECTATIONS,2022-H1
REV_EMP000365_2022-H2,EMP000365,2022-H2,2024-12-14,COMPLETED,OUTSTANDING,2022-H2
REV_EMP000365_2023-H1,EMP000365,2023-H1,2026-07-20,COMPLETED,MEETS_EXPECTATIONS,2023-H1
REV_EMP000365_2023-H2,EMP000365,2023-H2,2025-04-27,COMPLETED,MEETS_EXPECTATIONS,2023-H2
REV_EMP000366_2022-H1,EMP000366,2022-H1,2026-07-24,COMPLETED,MEETS_EXPECTATIONS,2022-H1
REV_EMP000366_2023-H1,EMP000366,2023-H1,2024-10-14,COMPLETED,MEETS_EXPECTATIONS,2023-H1
REV_EMP000366_2023-H2,EMP000366,2023-H2,2025-03-21,COMPLETED,EXCEEDS_EXPECTATIONS,2023-H2
REV_EMP000367_2022-H1,EMP000367,2022-H1,2025-08-21,COMPLETED,MEETS_EXPECTATIONS,2022-H1
REV_EMP000367_2022-H2,EMP000367,2022-H2,2026-03-19,COMPLETED,MEETS_EXPECTATIONS,2022-H2
REV_EMP000367_2023-H1,EMP000367,2023-H1,2025-12-22,COMPLETED,EXCEEDS_EXPECTATIONS,2023-H1
REV_EMP000367_2023-H2,EMP000367,2023-H2,2025-07-23,COMPLETED,MEETS_EXPECTATIONS,2023-H2
REV_EMP000368_2022-H2,EMP000368,2022-H2,2026-01-18,COMPLETED,MEETS_EXPECTATIONS,2022-H2
REV_EMP000368_2023-H1,EMP000368,2023-H1,2025-05-25,COMPLETED,MEETS_EXPECTATIONS,2023-H1
REV_EMP000369_2022-H2,EMP000369,2022-H2,2026-03-26,COMPLETED,OUTSTANDING,2022-H2
REV_EMP000369_2023-H1,EMP000369,2023-H1,2025-07-14,COMPLETED,MEETS_EXPECTATIONS,2023-H1
REV_EMP000370_2022-H2,EMP000370,2022-H2,2025-08-01,COMPLETED,MEETS_EXPECTATIONS,2022-H2
REV_EMP000370_2023-H1,EMP000370,2023-H1,2025-07-13,COMPLETED,MEETS_EXPECTATIONS,2023-H1
REV_EMP000370_2023-H2,EMP000370,2023-H2,2025-08-24,COMPLETED,MEETS_EXPECTATIONS,2023-H2
REV_EMP000371_2022-H1,EMP000371,2022-H1,2025-11-17,COMPLETED,MEETS_EXPECTATIONS,2022-H1
REV_EMP000371_2022-H2,EMP000371,2022-H2,2025-03-03,COMPLETED,MEETS_EXPECTATIONS,2022-H2
REV_EMP000371_2023-H1,EMP000371,2023-H1,2026-02-16,COMPLETED,MEETS_EXPECTATIONS,2023-H1
REV_EMP000371_2023-H2,EMP000371,2023-H2,2025-02-01,COMPLETED,MEETS_EXPECTATIONS,2023-H2
REV_EMP000372_2023-H2,EMP000372,2023-H2,2025-09-23,COMPLETED,MEETS_EXPECTATIONS,2023-H2
REV_EMP000373_2022-H1,EMP000373,2022-H1,2025-01-06,COMPLETED,OUTSTANDING,2022-H1
REV_EMP000373_2023-H2,EMP000373,2023-H2,2025-02-13,COMPLETED,MEETS_EXPECTATIONS,2023-H2
REV_EMP000374_2022-H1,EMP000374,2022-H1,2025-11-25,COMPLETED,NEEDS_IMPROVEMENT,2022-H1
REV_EMP000374_2023-H1,EMP000374,2023-H1,2025-07-15,COMPLETED,EXCEEDS_EXPECTATIONS,2023-H1
REV_EMP000374_2023-H2,EMP000374,2023-H2,2026-07-07,COMPLETED,EXCEEDS_EXPECTATIONS,2023-H2
REV_EMP000375_2022-H1,EMP000375,2022-H1,2026-09-08,COMPLETED,EXCEEDS_EXPECTATIONS,2022-H1
REV_EMP000375_2022-H2,EMP000375,2022-H2,2025-06-26,COMPLETED,MEETS_EXPECTATIONS,2022-H2
REV_EMP000375_2023-H1,EMP000375,2023-H1,2026-07-04,COMPLETED,MEETS_EXPECTATIONS,2023-H1
REV_EMP000375_2023-H2,EMP000375,2023-H2,2025-08-10,COMPLETED,EXCEEDS_EXPECTATIONS,2023-H2
REV_EMP000376_2022-H2,EMP000376,2022-H2,2025-01-17,COMPLETED,MEETS_EXPECTATIONS,2022-H2
REV_EMP000376_2023-H1,EMP000376,2023-H1,2025-05-02,COMPLETED,OUTSTANDING,2023-H1
REV_EMP000376_2023-H2,EMP000376,2023-H2,2026-07-29,COMPLETED,MEETS_EXPECTATIONS,2023-H2
REV_EMP000377_2022-H1,EMP000377,2022-H1,2026-02-22,COMPLETED,OUTSTANDING,2022-H1
REV_EMP000377_2023-H1,EMP000377,2023-H1,2024-12-26,COMPLETED,MEETS_EXPECTATIONS,2023-H1
REV_EMP000377_2023-H2,EMP000377,2023-H2,2025-01-02,COMPLETED,OUTSTANDING,2023-H2
REV_EMP000378_2022-H1,EMP000378,2022-H1,2024-09-29,COMPLETED,EXCEEDS_EXPECTATIONS,2022-H1
REV_EMP000378_2023-H2,EMP000378,2023-H2,2024-11-14,COMPLETED,MEETS_EXPECTATIONS,2023-H2
REV_EMP000379_2022-H1,EMP000379,2022-H1,2026-02-05,COMPLETED,EXCEEDS_EXPECTATIONS,2022-H1
REV_EMP000379_2022-H2,EMP000379,2022-H2,2024-10-02,COMPLETED,OUTSTANDING,2022-H2
REV_EMP000379_2023-H1,EMP000379,2023-H1,2025-01-09,COMPLETED,MEETS_EXPECTATIONS,2023-H1
REV_EMP000379_2023-H2,EMP000379,2023-H2,2026-04-03,COMPLETED,OUTSTANDING,2023-H2
REV_EMP000380_2022-H2,EMP000380,2022-H2,2026-08-08,COMPLETED,OUTSTANDING,2022-H2
REV_EMP000380_2023-H1,EMP000380,2023-H1,2025-10-03,COMPLETED,NEEDS_IMPROVEMENT,2023-H1
REV_EMP000380_2023-H2,EMP000380,2023-H2,2026-02-13,COMPLETED,MEETS_EXPECTATIONS,2023-H2
REV_EMP000381_2023-H1,EMP000381,2023-H1,2025-08-25,COMPLETED,EXCEEDS_EXPECTATIONS,2023-H1
REV_EMP000381_2023-H2,EMP000381,2023-H2,2025-01-03,COMPLETED,EXCEEDS_EXPECTATIONS,2023-H2
REV_EMP000382_2022-H1,EMP000382,2022-H1,2024-11-24,COMPLETED,MEETS_EXPECTATIONS,2022-H1
REV_EMP000382_2022-H2,EMP000382,2022-H2,2025-01-04,COMPLETED,OUTSTANDING,2022-H2
REV_EMP000382_2023-H2,EMP000382,2023-H2,2026-01-31,COMPLETED,MEETS_EXPECTATIONS,2023-H2
REV_EMP000383_2022-H1,EMP000383,2022-H1,2026-06-07,COMPLETED,MEETS_EXPECTATIONS,2022-H1
REV_EMP000383_2022-H2,EMP000383,2022-H2,2025-08-09,COMPLETED,MEETS_EXPECTATIONS,2022-H2
REV_EMP000383_2023-H2,EMP000383,2023-H2,2026-07-20,COMPLETED,MEETS_EXPECTATIONS,2023-H2
REV_EMP000384_2022-H1,EMP000384,2022-H1,2025-09-09,COMPLETED,EXCEEDS_EXPECTATIONS,2022-H1
REV_EMP000384_2022-H2,EMP000384,2022-H2,2026-08-15,COMPLETED,EXCEEDS_EXPECTATIONS,2022-H2
REV_EMP000384_2023-H1,EMP000384,2023-H1,2026-05-25,COMPLETED,MEETS_EXPECTATIONS,2023-H1
REV_EMP000384_2023-H2,EMP000384,2023-H2,2026-03-14,COMPLETED,EXCEEDS_EXPECTATIONS,2023-H2
REV_EMP000385_2022-H1,EMP000385,2022-H1,2026-01-02,COMPLETED,MEETS_EXPECTATIONS,2022-H1
REV_EMP000385_2023-H1,EMP000385,2023-H1,2026-09-12,COMPLETED,NEEDS_IMPROVEMENT,2023-H1
REV_EMP000386_2022-H1,EMP000386,2022-H1,2025-08-16,COMPLETED,OUTSTANDING,2022-H1
REV_EMP000386_2022-H2,EMP000386,2022-H2,2026-01-17,COMPLETED,EXCEEDS_EXPECTATIONS,2022-H2
REV_EMP000386_2023-H1,EMP000386,2023-H1,2025-02-06,COMPLETED,MEETS_EXPECTATIONS,2023-H1
REV_EMP000386_2023-H2,EMP000386,2023-H2,2025-09-07,COMPLETED,MEETS_EXPECTATIONS,2023-H2
REV_EMP000387_2022-H2,EMP000387,2022-H2,2025-10-20,COMPLETED,MEETS_EXPECTATIONS,2022-H2
REV_EMP000387_2023-H1,EMP000387,2023-H1,2025-08-15,COMPLETED,NEEDS_IMPROVEMENT,2023-H1
REV_EMP000387_2023-H2,EMP000387,2023-H2,2025-11-22,COMPLETED,MEETS_EXPECTATIONS,2023-H2
REV_EMP000388_2022-H1,EMP000388,2022-H1,2026-06-18,COMPLETED,MEETS_EXPECTATIONS,2022-H1
REV_EMP000388_2022-H2,EMP000388,2022-H2,2025-09-04,COMPLETED,MEETS_EXPECTATIONS,2022-H2
REV_EMP000388_2023-H2,EMP000388,2023-H2,2025-07-15,COMPLETED,EXCEEDS_EXPECTATIONS,2023-H2
REV_EMP000389_2022-H1,EMP000389,2022-H1,2025-06-22,COMPLETED,OUTSTANDING,2022-H1
REV_EMP000389_2023-H1,EMP000389,2023-H1,2025-03-14,COMPLETED,MEETS_EXPECTATIONS,2023-H1
REV_EMP000389_2023-H2,EMP000389,2023-H2,2025-02-11,COMPLETED,EXCEEDS_EXPECTATIONS,2023-H2
REV_EMP000390_2022-H1,EMP000390,2022-H1,2025-08-15,COMPLETED,MEETS_EXPECTATIONS,2022-H1
REV_EMP000390_2022-H2,EMP000390,2022-H2,2026-01-02,COMPLETED,MEETS_EXPECTATIONS,2022-H2
REV_EMP000390_2023-H1,EMP000390,2023-H1,2024-09-25,COMPLETED,EXCEEDS_EXPECTATIONS,2023-H1
REV_EMP000390_2023-H2,EMP000390,2023-H2,2025-12-12,COMPLETED,MEETS_EXPECTATIONS,2023-H2
REV_EMP000391_2022-H1,EMP000391,2022-H1,2025-10-11,COMPLETED,MEETS_EXPECTATIONS,2022-H1
REV_EMP000391_2022-H2,EMP000391,2022-H2,2026-07-09,COMPLETED,MEETS_EXPECTATIONS,2022-H2
REV_EMP000391_2023-H1,EMP000391,2023-H1,2026-04-10,COMPLETED,EXCEEDS_EXPECTATIONS,2023-H1
REV_EMP000392_2022-H1,EMP000392,2022-H1,2025-03-22,COMPLETED,EXCEEDS_EXPECTATIONS,2022-H1
REV_EMP000392_2022-H2,EMP000392,2022-H2,2026-03-27,COMPLETED,OUTSTANDING,2022-H2
REV_EMP000393_2022-H2,EMP000393,2022-H2,2025-10-14,COMPLETED,MEETS_EXPECTATIONS,2022-H2
REV_EMP000393_2023-H1,EMP000393,2023-H1,2025-04-17,COMPLETED,EXCEEDS_EXPECTATIONS,2023-H1
REV_EMP000393_2023-H2,EMP000393,2023-H2,2025-08-05,COMPLETED,NEEDS_IMPROVEMENT,2023-H2
REV_EMP000394_2023-H1,EMP000394,2023-H1,2026-09-09,COMPLETED,MEETS_EXPECTATIONS,2023-H1
REV_EMP000395_2022-H2,EMP000395,2022-H2,2025-11-18,COMPLETED,OUTSTANDING,2022-H2
REV_EMP000395_2023-H1,EMP000395,2023-H1,2025-12-11,COMPLETED,MEETS_EXPECTATIONS,2023-H1
REV_EMP000395_2023-H2,EMP000395,2023-H2,2025-07-02,COMPLETED,EXCEEDS_EXPECTATIONS,2023-H2
REV_EMP000396_2022-H1,EMP000396,2022-H1,2024-10-15,COMPLETED,MEETS_EXPECTATIONS,2022-H1
REV_EMP000396_2022-H2,EMP000396,2022-H2,2024-10-19,COMPLETED,NEEDS_IMPROVEMENT,2022-H2
REV_EMP000396_2023-H1,EMP000396,2023-H1,2025-12-05,COMPLETED,EXCEEDS_EXPECTATIONS,2023-H1
REV_EMP000396_2023-H2,EMP000396,2023-H2,2025-09-30,COMPLETED,NEEDS_IMPROVEMENT,2023-H2
REV_EMP000397_2022-H1,EMP000397,2022-H1,2026-03-21,COMPLETED,NEEDS_IMPROVEMENT,2022-H1
REV_EMP000397_2023-H1,EMP000397,2023-H1,2025-07-03,COMPLETED,NEEDS_IMPROVEMENT,2023-H1
REV_EMP000397_2023-H2,EMP000397,2023-H2,2024-12-16,COMPLETED,OUTSTANDING,2023-H2
REV_EMP000398_2022-H2,EMP000398,2022-H2,2025-12-14,COMPLETED,MEETS_EXPECTATIONS,2022-H2
REV_EMP000398_2023-H1,EMP000398,2023-H1,2025-09-29,COMPLETED,MEETS_EXPECTATIONS,2023-H1
REV_EMP000398_2023-H2,EMP000398,2023-H2,2026-03-10,COMPLETED,MEETS_EXPECTATIONS,2023-H2
REV_EMP000399_2022-H1,EMP000399,2022-H1,2024-11-21,COMPLETED,MEETS_EXPECTATIONS,2022-H1
REV_EMP000399_2022-H2,EMP000399,2022-H2,2025-01-08,COMPLETED,MEETS_EXPECTATIONS,2022-H2
REV_EMP000399_2023-H2,EMP000399,2023-H2,2026-04-10,COMPLETED,MEETS_EXPECTATIONS,2023-H2
REV_EMP000400_2022-H2,EMP000400,2022-H2,2026-04-11,COMPLETED,MEETS_EXPECTATIONS,2022-H2
REV_EMP000400_2023-H1,EMP000400,2023-H1,2025-11-02,COMPLETED,MEETS_EXPECTATIONS,2023-H1
REV_EMP000400_2023-H2,EMP000400,2023-H2,2026-07-19,COMPLETED,MEETS_EXPECTATIONS,2023-H2
REV_EMP000401_2022-H1,EMP000401,2022-H1,2026-04-25,COMPLETED,NEEDS_IMPROVEMENT,2022-H1
REV_EMP000401_2022-H2,EMP000401,2022-H2,2026-05-17,COMPLETED,MEETS_EXPECTATIONS,2022-H2
REV_EMP000401_2023-H1,EMP000401,2023-H1,2025-04-25,COMPLETED,MEETS_EXPECTATIONS,2023-H1
REV_EMP000401_2023-H2,EMP000401,2023-H2,2025-09-16,COMPLETED,MEETS_EXPECTATIONS,2023-H2
REV_EMP000402_2022-H1,EMP000402,2022-H1,2025-10-26,COMPLETED,EXCEEDS_EXPECTATIONS,2022-H1
REV_EMP000403_2022-H2,EMP000403,2022-H2,2024-11-19,COMPLETED,MEETS_EXPECTATIONS,2022-H2
REV_EMP000403_2023-H1,EMP000403,2023-H1,2025-10-31,COMPLETED,MEETS_EXPECTATIONS,2023-H1
REV_EMP000403_2023-H2,EMP000403,2023-H2,2026-08-12,COMPLETED,OUTSTANDING,2023-H2
REV_EMP000404_2022-H1,EMP000404,2022-H1,2026-01-06,COMPLETED,MEETS_EXPECTATIONS,2022-H1
REV_EMP000404_2023-H1,EMP000404,2023-H1,2024-11-27,COMPLETED,MEETS_EXPECTATIONS,2023-H1
REV_EMP000404_2023-H2,EMP000404,2023-H2,2025-03-29,COMPLETED,MEETS_EXPECTATIONS,2023-H2
REV_EMP000405_2022-H1,EMP000405,2022-H1,2025-09-21,COMPLETED,MEETS_EXPECTATIONS,2022-H1
REV_EMP000405_2022-H2,EMP000405,2022-H2,2026-01-22,COMPLETED,MEETS_EXPECTATIONS,2022-H2
REV_EMP000405_2023-H2,EMP000405,2023-H2,2026-04-19,COMPLETED,MEETS_EXPECTATIONS,2023-H2
REV_EMP000406_2022-H1,EMP000406,2022-H1,2026-02-17,COMPLETED,EXCEEDS_EXPECTATIONS,2022-H1
REV_EMP000406_2022-H2,EMP000406,2022-H2,2026-02-21,COMPLETED,NEEDS_IMPROVEMENT,2022-H2
REV_EMP000406_2023-H2,EMP000406,2023-H2,2024-11-19,COMPLETED,MEETS_EXPECTATIONS,2023-H2
REV_EMP000407_2022-H1,EMP000407,2022-H1,2026-03-05,COMPLETED,MEETS_EXPECTATIONS,2022-H1
REV_EMP000407_2022-H2,EMP000407,2022-H2,2026-01-25,COMPLETED,EXCEEDS_EXPECTATIONS,2022-H2
REV_EMP000407_2023-H1,EMP000407,2023-H1,2025-11-12,COMPLETED,MEETS_EXPECTATIONS,2023-H1
REV_EMP000408_2022-H1,EMP000408,2022-H1,2026-06-01,COMPLETED,OUTSTANDING,2022-H1
REV_EMP000408_2022-H2,EMP000408,2022-H2,2025-12-14,COMPLETED,NEEDS_IMPROVEMENT,2022-H2
REV_EMP000408_2023-H1,EMP000408,2023-H1,2025-05-20,COMPLETED,MEETS_EXPECTATIONS,2023-H1
REV_EMP000408_2023-H2,EMP000408,2023-H2,2026-01-09,COMPLETED,MEETS_EXPECTATIONS,2023-H2
REV_EMP000409_2022-H1,EMP000409,2022-H1,2024-10-30,COMPLETED,MEETS_EXPECTATIONS,2022-H1
REV_EMP000409_2022-H2,EMP000409,2022-H2,2026-08-22,COMPLETED,EXCEEDS_EXPECTATIONS,2022-H2
REV_EMP000409_2023-H1,EMP000409,2023-H1,2025-06-13,COMPLETED,EXCEEDS_EXPECTATIONS,2023-H1
REV_EMP000409_2023-H2,EMP000409,2023-H2,2025-11-09,COMPLETED,MEETS_EXPECTATIONS,2023-H2
REV_EMP000410_2022-H1,EMP000410,2022-H1,2026-05-17,COMPLETED,MEETS_EXPECTATIONS,2022-H1
REV_EMP000410_2022-H2,EMP000410,2022-H2,2024-09-28,COMPLETED,MEETS_EXPECTATIONS,2022-H2
REV_EMP000410_2023-H1,EMP000410,2023-H1,2025-09-19,COMPLETED,MEETS_EXPECTATIONS,2023-H1
REV_EMP000410_2023-H2,EMP000410,2023-H2,2025-09-07,COMPLETED,MEETS_EXPECTATIONS,2023-H2
REV_EMP000411_2022-H1,EMP000411,2022-H1,2025-10-23,COMPLETED,MEETS_EXPECTATIONS,2022-H1
REV_EMP000411_2022-H2,EMP000411,2022-H2,2026-08-24,COMPLETED,EXCEEDS_EXPECTATIONS,2022-H2
REV_EMP000411_2023-H1,EMP000411,2023-H1,2025-09-19,COMPLETED,NEEDS_IMPROVEMENT,2023-H1
REV_EMP000411_2023-H2,EMP000411,2023-H2,2025-12-09,COMPLETED,NEEDS_IMPROVEMENT,2023-H2
REV_EMP000412_2022-H1,EMP000412,2022-H1,2026-04-12,COMPLETED,OUTSTANDING,2022-H1
REV_EMP000412_2022-H2,EMP000412,2022-H2,2025-06-04,COMPLETED,NEEDS_IMPROVEMENT,2022-H2
REV_EMP000412_2023-H1,EMP000412,2023-H1,2025-08-13,COMPLETED,EXCEEDS_EXPECTATIONS,2023-H1
REV_EMP000412_2023-H2,EMP000412,2023-H2,2025-06-21,COMPLETED,EXCEEDS_EXPECTATIONS,2023-H2
REV_EMP000413_2022-H1,EMP000413,2022-H1,2026-06-01,COMPLETED,MEETS_EXPECTATIONS,2022-H1
REV_EMP000413_2022-H2,EMP000413,2022-H2,2025-05-06,COMPLETED,OUTSTANDING,2022-H2
REV_EMP000413_2023-H1,EMP000413,2023-H1,2025-05-02,COMPLETED,MEETS_EXPECTATIONS,2023-H1
REV_EMP000413_2023-H2,EMP000413,2023-H2,2025-01-28,COMPLETED,NEEDS_IMPROVEMENT,2023-H2
REV_EMP000414_2022-H2,EMP000414,2022-H2,2024-10-17,COMPLETED,EXCEEDS_EXPECTATIONS,2022-H2
REV_EMP000414_2023-H1,EMP000414,2023-H1,2026-03-13,COMPLETED,NEEDS_IMPROVEMENT,2023-H1
REV_EMP000414_2023-H2,EMP000414,2023-H2,2026-09-06,COMPLETED,MEETS_EXPECTATIONS,2023-H2
REV_EMP000415_2022-H1,EMP000415,2022-H1,2025-12-28,COMPLETED,MEETS_EXPECTATIONS,2022-H1
REV_EMP000415_2023-H1,EMP000415,2023-H1,2026-04-25,COMPLETED,EXCEEDS_EXPECTATIONS,2023-H1
REV_EMP000416_2022-H1,EMP000416,2022-H1,2025-05-14,COMPLETED,NEEDS_IMPROVEMENT,2022-H1
REV_EMP000416_2023-H1,EMP000416,2023-H1,2026-04-07,COMPLETED,EXCEEDS_EXPECTATIONS,2023-H1
REV_EMP000417_2022-H2,EMP000417,2022-H2,2026-05-22,COMPLETED,EXCEEDS_EXPECTATIONS,2022-H2
REV_EMP000417_2023-H1,EMP000417,2023-H1,2025-12-01,COMPLETED,MEETS_EXPECTATIONS,2023-H1
REV_EMP000417_2023-H2,EMP000417,2023-H2,2025-04-10,COMPLETED,MEETS_EXPECTATIONS,2023-H2
REV_EMP000418_2022-H1,EMP000418,2022-H1,2024-11-06,COMPLETED,MEETS_EXPECTATIONS,2022-H1
REV_EMP000418_2022-H2,EMP000418,2022-H2,2026-01-21,COMPLETED,MEETS_EXPECTATIONS,2022-H2
REV_EMP000418_2023-H1,EMP000418,2023-H1,2025-09-22,COMPLETED,NEEDS_IMPROVEMENT,2023-H1
REV_EMP000418_2023-H2,EMP000418,2023-H2,2025-12-13,COMPLETED,MEETS_EXPECTATIONS,2023-H2
REV_EMP000419_2022-H2,EMP000419,2022-H2,2025-01-29,COMPLETED,MEETS_EXPECTATIONS,2022-H2
REV_EMP000419_2023-H1,EMP000419,2023-H1,2025-12-08,COMPLETED,MEETS_EXPECTATIONS,2023-H1
REV_EMP000419_2023-H2,EMP000419,2023-H2,2024-10-30,COMPLETED,OUTSTANDING,2023-H2
REV_EMP000420_2022-H1,EMP000420,2022-H1,2026-02-11,COMPLETED,EXCEEDS_EXPECTATIONS,2022-H1
REV_EMP000420_2022-H2,EMP000420,2022-H2,2025-05-04,COMPLETED,MEETS_EXPECTATIONS,2022-H2
REV_EMP000420_2023-H1,EMP000420,2023-H1,2026-06-10,COMPLETED,MEETS_EXPECTATIONS,2023-H1
REV_EMP000420_2023-H2,EMP000420,2023-H2,2026-04-15,COMPLETED,MEETS_EXPECTATIONS,2023-H2
REV_EMP000421_2022-H1,EMP000421,2022-H1,2026-01-17,COMPLETED,MEETS_EXPECTATIONS,2022-H1
REV_EMP000421_2022-H2,EMP000421,2022-H2,2024-10-11,COMPLETED,MEETS_EXPECTATIONS,2022-H2
REV_EMP000421_2023-H1,EMP000421,2023-H1,2025-04-30,COMPLETED,MEETS_EXPECTATIONS,2023-H1
REV_EMP000421_2023-H2,EMP000421,2023-H2,2025-10-01,COMPLETED,EXCEEDS_EXPECTATIONS,2023-H2
REV_EMP000422_2022-H1,EMP000422,2022-H1,2024-11-23,COMPLETED,MEETS_EXPECTATIONS,2022-H1
REV_EMP000422_2022-H2,EMP000422,2022-H2,2024-12-27,COMPLETED,EXCEEDS_EXPECTATIONS,2022-H2
REV_EMP000422_2023-H2,EMP000422,2023-H2,2025-10-17,COMPLETED,MEETS_EXPECTATIONS,2023-H2
REV_EMP000423_2023-H2,EMP000423,2023-H2,2024-11-18,COMPLETED,EXCEEDS_EXPECTATIONS,2023-H2
REV_EMP000424_2022-H2,EMP000424,2022-H2,2026-07-13,COMPLETED,MEETS_EXPECTATIONS,2022-H2
REV_EMP000424_2023-H2,EMP000424,2023-H2,2026-05-21,COMPLETED,EXCEEDS_EXPECTATIONS,2023-H2
REV_EMP000425_2022-H1,EMP000425,2022-H1,2025-04-23,COMPLETED,MEETS_EXPECTATIONS,2022-H1
REV_EMP000425_2022-H2,EMP000425,2022-H2,2025-04-03,COMPLETED,NEEDS_IMPROVEMENT,2022-H2
REV_EMP000425_2023-H1,EMP000425,2023-H1,2024-12-31,COMPLETED,OUTSTANDING,2023-H1
REV_EMP000425_2023-H2,EMP000425,2023-H2,2026-01-11,COMPLETED,MEETS_EXPECTATIONS,2023-H2
REV_EMP000426_2022-H1,EMP000426,2022-H1,2025-04-26,COMPLETED,NEEDS_IMPROVEMENT,2022-H1
REV_EMP000426_2022-H2,EMP000426,2022-H2,2025-04-21,COMPLETED,OUTSTANDING,2022-H2
REV_EMP000426_2023-H2,EMP000426,2023-H2,2026-07-18,COMPLETED,MEETS_EXPECTATIONS,2023-H2
REV_EMP000427_2022-H1,EMP000427,2022-H1,2025-04-07,COMPLETED,MEETS_EXPECTATIONS,2022-H1
REV_EMP000427_2022-H2,EMP000427,2022-H2,2024-10-01,COMPLETED,EXCEEDS_EXPECTATIONS,2022-H2
REV_EMP000427_2023-H1,EMP000427,2023-H1,2026-04-18,COMPLETED,EXCEEDS_EXPECTATIONS,2023-H1
REV_EMP000428_2022-H1,EMP000428,2022-H1,2024-12-15,COMPLETED,EXCEEDS_EXPECTATIONS,2022-H1
REV_EMP000428_2023-H1,EMP000428,2023-H1,2026-01-02,COMPLETED,MEETS_EXPECTATIONS,2023-H1
REV_EMP000428_2023-H2,EMP000428,2023-H2,2025-02-02,COMPLETED,MEETS_EXPECTATIONS,2023-H2
REV_EMP000429_2022-H1,EMP000429,2022-H1,2026-08-27,COMPLETED,EXCEEDS_EXPECTATIONS,2022-H1
REV_EMP000429_2022-H2,EMP000429,2022-H2,2025-12-23,COMPLETED,MEETS_EXPECTATIONS,2022-H2
REV_EMP000429_2023-H1,EMP000429,2023-H1,2026-04-16,COMPLETED,EXCEEDS_EXPECTATIONS,2023-H1
REV_EMP000430_2022-H1,EMP000430,2022-H1,2025-01-15,COMPLETED,EXCEEDS_EXPECTATIONS,2022-H1
REV_EMP000430_2022-H2,EMP000430,2022-H2,2026-02-13,COMPLETED,MEETS_EXPECTATIONS,2022-H2
REV_EMP000430_2023-H1,EMP000430,2023-H1,2025-09-01,COMPLETED,MEETS_EXPECTATIONS,2023-H1
REV_EMP000430_2023-H2,EMP000430,2023-H2,2025-07-04,COMPLETED,MEETS_EXPECTATIONS,2023-H2
REV_EMP000431_2022-H1,EMP000431,2022-H1,2026-06-09,COMPLETED,MEETS_EXPECTATIONS,2022-H1
REV_EMP000431_2022-H2,EMP000431,2022-H2,2025-02-03,COMPLETED,MEETS_EXPECTATIONS,2022-H2
REV_EMP000431_2023-H1,EMP000431,2023-H1,2025-04-10,COMPLETED,MEETS_EXPECTATIONS,2023-H1
REV_EMP000431_2023-H2,EMP000431,2023-H2,2026-05-20,COMPLETED,EXCEEDS_EXPECTATIONS,2023-H2
REV_EMP000432_2022-H1,EMP000432,2022-H1,2026-03-18,COMPLETED,EXCEEDS_EXPECTATIONS,2022-H1
REV_EMP000432_2022-H2,EMP000432,2022-H2,2025-03-22,COMPLETED,MEETS_EXPECTATIONS,2022-H2
REV_EMP000432_2023-H1,EMP000432,2023-H1,2025-10-01,COMPLETED,MEETS_EXPECTATIONS,2023-H1
REV_EMP000433_2022-H2,EMP000433,2022-H2,2025-02-07,COMPLETED,MEETS_EXPECTATIONS,2022-H2
REV_EMP000433_2023-H1,EMP000433,2023-H1,2026-06-02,COMPLETED,MEETS_EXPECTATIONS,2023-H1
REV_EMP000433_2023-H2,EMP000433,2023-H2,2025-11-03,COMPLETED,MEETS_EXPECTATIONS,2023-H2
REV_EMP000434_2022-H1,EMP000434,2022-H1,2026-07-21,COMPLETED,EXCEEDS_EXPECTATIONS,2022-H1
REV_EMP000434_2023-H2,EMP000434,2023-H2,2024-10-15,COMPLETED,OUTSTANDING,2023-H2
REV_EMP000435_2022-H2,EMP000435,2022-H2,2025-06-13,COMPLETED,MEETS_EXPECTATIONS,2022-H2
REV_EMP000436_2022-H1,EMP000436,2022-H1,2024-11-24,COMPLETED,MEETS_EXPECTATIONS,2022-H1
REV_EMP000436_2022-H2,EMP000436,2022-H2,2025-01-10,COMPLETED,MEETS_EXPECTATIONS,2022-H2
REV_EMP000436_2023-H1,EMP000436,2023-H1,2025-12-26,COMPLETED,MEETS_EXPECTATIONS,2023-H1
REV_EMP000437_2022-H2,EMP000437,2022-H2,2026-09-15,COMPLETED,NEEDS_IMPROVEMENT,2022-H2
REV_EMP000437_2023-H1,EMP000437,2023-H1,2026-06-20,COMPLETED,MEETS_EXPECTATIONS,2023-H1
REV_EMP000437_2023-H2,EMP000437,2023-H2,2025-01-17,COMPLETED,OUTSTANDING,2023-H2
REV_EMP000438_2022-H2,EMP000438,2022-H2,2026-07-02,COMPLETED,EXCEEDS_EXPECTATIONS,2022-H2
REV_EMP000438_2023-H1,EMP000438,2023-H1,2025-10-10,COMPLETED,MEETS_EXPECTATIONS,2023-H1
REV_EMP000438_2023-H2,EMP000438,2023-H2,2026-04-27,COMPLETED,MEETS_EXPECTATIONS,2023-H2
REV_EMP000439_2022-H1,EMP000439,2022-H1,2025-08-06,COMPLETED,EXCEEDS_EXPECTATIONS,2022-H1
REV_EMP000439_2022-H2,EMP000439,2022-H2,2026-05-11,COMPLETED,MEETS_EXPECTATIONS,2022-H2
REV_EMP000439_2023-H1,EMP000439,2023-H1,2025-07-14,COMPLETED,EXCEEDS_EXPECTATIONS,2023-H1
REV_EMP000439_2023-H2,EMP000439,2023-H2,2025-03-23,COMPLETED,EXCEEDS_EXPECTATIONS,2023-H2
REV_EMP000440_2022-H2,EMP000440,2022-H2,2026-02-15,COMPLETED,MEETS_EXPECTATIONS,2022-H2
REV_EMP000440_2023-H2,EMP000440,2023-H2,2025-08-27,COMPLETED,NEEDS_IMPROVEMENT,2023-H2
REV_EMP000441_2022-H1,EMP000441,2022-H1,2026-04-06,COMPLETED,MEETS_EXPECTATIONS,2022-H1
REV_EMP000441_2023-H1,EMP000441,2023-H1,2026-01-28,COMPLETED,MEETS_EXPECTATIONS,2023-H1
REV_EMP000441_2023-H2,EMP000441,2023-H2,2025-01-27,COMPLETED,MEETS_EXPECTATIONS,2023-H2
REV_EMP000442_2022-H2,EMP000442,2022-H2,2025-03-02,COMPLETED,OUTSTANDING,2022-H2
REV_EMP000442_2023-H1,EMP000442,2023-H1,2025-12-12,COMPLETED,EXCEEDS_EXPECTATIONS,2023-H1
REV_EMP000443_2022-H1,EMP000443,2022-H1,2026-04-13,COMPLETED,MEETS_EXPECTATIONS,2022-H1
REV_EMP000443_2022-H2,EMP000443,2022-H2,2026-07-05,COMPLETED,MEETS_EXPECTATIONS,2022-H2
REV_EMP000443_2023-H1,EMP000443,2023-H1,2025-06-15,COMPLETED,MEETS_EXPECTATIONS,2023-H1
REV_EMP000443_2023-H2,EMP000443,2023-H2,2024-11-01,COMPLETED,NEEDS_IMPROVEMENT,2023-H2
REV_EMP000444_2022-H2,EMP000444,2022-H2,2026-01-31,COMPLETED,MEETS_EXPECTATIONS,2022-H2
REV_EMP000444_2023-H1,EMP000444,2023-H1,2025-04-13,COMPLETED,NEEDS_IMPROVEMENT,2023-H1
REV_EMP000444_2023-H2,EMP000444,2023-H2,2026-04-29,COMPLETED,MEETS_EXPECTATIONS,2023-H2
REV_EMP000445_2022-H1,EMP000445,2022-H1,2026-06-18,COMPLETED,MEETS_EXPECTATIONS,2022-H1
REV_EMP000445_2022-H2,EMP000445,2022-H2,2024-12-19,COMPLETED,MEETS_EXPECTATIONS,2022-H2
REV_EMP000445_2023-H2,EMP000445,2023-H2,2024-10-30,COMPLETED,OUTSTANDING,2023-H2
REV_EMP000446_2022-H1,EMP000446,2022-H1,2025-01-28,COMPLETED,MEETS_EXPECTATIONS,2022-H1
REV_EMP000446_2022-H2,EMP000446,2022-H2,2025-09-15,COMPLETED,NEEDS_IMPROVEMENT,2022-H2
REV_EMP000446_2023-H2,EMP000446,2023-H2,2025-07-26,COMPLETED,MEETS_EXPECTATIONS,2023-H2
REV_EMP000447_2022-H1,EMP000447,2022-H1,2025-09-24,COMPLETED,EXCEEDS_EXPECTATIONS,2022-H1
REV_EMP000447_2022-H2,EMP000447,2022-H2,2025-05-12,COMPLETED,MEETS_EXPECTATIONS,2022-H2
REV_EMP000447_2023-H1,EMP000447,2023-H1,2025-09-24,COMPLETED,EXCEEDS_EXPECTATIONS,2023-H1
REV_EMP000448_2022-H1,EMP000448,2022-H1,2026-04-22,COMPLETED,MEETS_EXPECTATIONS,2022-H1
REV_EMP000448_2022-H2,EMP000448,2022-H2,2026-04-27,COMPLETED,MEETS_EXPECTATIONS,2022-H2
REV_EMP000448_2023-H1,EMP000448,2023-H1,2026-09-06,COMPLETED,MEETS_EXPECTATIONS,2023-H1
REV_EMP000448_2023-H2,EMP000448,2023-H2,2025-11-07,COMPLETED,MEETS_EXPECTATIONS,2023-H2
REV_EMP000449_2022-H2,EMP000449,2022-H2,2025-03-20,COMPLETED,MEETS_EXPECTATIONS,2022-H2
REV_EMP000449_2023-H1,EMP000449,2023-H1,2025-07-11,COMPLETED,MEETS_EXPECTATIONS,2023-H1
REV_EMP000450_2022-H1,EMP000450,2022-H1,2026-03-04,COMPLETED,MEETS_EXPECTATIONS,2022-H1
REV_EMP000450_2023-H1,EMP000450,2023-H1,2026-03-22,COMPLETED,MEETS_EXPECTATIONS,2023-H1
REV_EMP000450_2023-H2,EMP000450,2023-H2,2025-07-19,COMPLETED,OUTSTANDING,2023-H2
REV_EMP000451_2022-H1,EMP000451,2022-H1,2025-09-23,COMPLETED,EXCEEDS_EXPECTATIONS,2022-H1
REV_EMP000451_2022-H2,EMP000451,2022-H2,2025-04-11,COMPLETED,MEETS_EXPECTATIONS,2022-H2
REV_EMP000451_2023-H2,EMP000451,2023-H2,2025-01-10,COMPLETED,MEETS_EXPECTATIONS,2023-H2
REV_EMP000452_2022-H1,EMP000452,2022-H1,2025-11-06,COMPLETED,MEETS_EXPECTATIONS,2022-H1
REV_EMP000452_2022-H2,EMP000452,2022-H2,2026-07-27,COMPLETED,MEETS_EXPECTATIONS,2022-H2
REV_EMP000452_2023-H1,EMP000452,2023-H1,2025-08-23,COMPLETED,NEEDS_IMPROVEMENT,2023-H1
REV_EMP000452_2023-H2,EMP000452,2023-H2,2024-09-29,COMPLETED,EXCEEDS_EXPECTATIONS,2023-H2
REV_EMP000453_2022-H2,EMP000453,2022-H2,2025-05-02,COMPLETED,OUTSTANDING,2022-H2
REV_EMP000453_2023-H2,EMP000453,2023-H2,2026-09-10,COMPLETED,OUTSTANDING,2023-H2
REV_EMP000454_2022-H1,EMP000454,2022-H1,2026-06-01,COMPLETED,MEETS_EXPECTATIONS,2022-H1
REV_EMP000454_2023-H1,EMP000454,2023-H1,2025-09-03,COMPLETED,MEETS_EXPECTATIONS,2023-H1
REV_EMP000454_2023-H2,EMP000454,2023-H2,2025-07-13,COMPLETED,OUTSTANDING,2023-H2
REV_EMP000455_2022-H1,EMP000455,2022-H1,2026-03-01,COMPLETED,NEEDS_IMPROVEMENT,2022-H1
REV_EMP000455_2022-H2,EMP000455,2022-H2,2025-05-23,COMPLETED,NEEDS_IMPROVEMENT,2022-H2
REV_EMP000455_2023-H1,EMP000455,2023-H1,2025-11-05,COMPLETED,MEETS_EXPECTATIONS,2023-H1
REV_EMP000455_2023-H2,EMP000455,2023-H2,2026-03-04,COMPLETED,MEETS_EXPECTATIONS,2023-H2
REV_EMP000456_2022-H1,EMP000456,2022-H1,2024-10-21,COMPLETED,MEETS_EXPECTATIONS,2022-H1
REV_EMP000456_2022-H2,EMP000456,2022-H2,2024-12-04,COMPLETED,MEETS_EXPECTATIONS,2022-H2
REV_EMP000456_2023-H1,EMP000456,2023-H1,2026-09-02,COMPLETED,MEETS_EXPECTATIONS,2023-H1
REV_EMP000456_2023-H2,EMP000456,2023-H2,2025-11-06,COMPLETED,MEETS_EXPECTATIONS,2023-H2
REV_EMP000457_2022-H2,EMP000457,2022-H2,2026-01-28,COMPLETED,MEETS_EXPECTATIONS,2022-H2
REV_EMP000457_2023-H1,EMP000457,2023-H1,2025-06-21,COMPLETED,MEETS_EXPECTATIONS,2023-H1
REV_EMP000457_2023-H2,EMP000457,2023-H2,2026-07-07,COMPLETED,EXCEEDS_EXPECTATIONS,2023-H2
REV_EMP000458_2022-H1,EMP000458,2022-H1,2025-08-21,COMPLETED,MEETS_EXPECTATIONS,2022-H1
REV_EMP000458_2022-H2,EMP000458,2022-H2,2026-01-07,COMPLETED,MEETS_EXPECTATIONS,2022-H2
REV_EMP000458_2023-H1,EMP000458,2023-H1,2026-09-03,COMPLETED,EXCEEDS_EXPECTATIONS,2023-H1
REV_EMP000458_2023-H2,EMP000458,2023-H2,2026-02-08,COMPLETED,EXCEEDS_EXPECTATIONS,2023-H2
REV_EMP000459_2022-H2,EMP000459,2022-H2,2026-07-18,COMPLETED,MEETS_EXPECTATIONS,2022-H2
REV_EMP000459_2023-H1,EMP000459,2023-H1,2025-04-19,COMPLETED,MEETS_EXPECTATIONS,2023-H1
REV_EMP000459_2023-H2,EMP000459,2023-H2,2025-06-07,COMPLETED,OUTSTANDING,2023-H2
REV_EMP000460_2022-H2,EMP000460,2022-H2,2025-04-17,COMPLETED,MEETS_EXPECTATIONS,2022-H2
REV_EMP000460_2023-H2,EMP000460,2023-H2,2025-04-15,COMPLETED,MEETS_EXPECTATIONS,2023-H2
REV_EMP000461_2022-H1,EMP000461,2022-H1,2026-06-05,COMPLETED,MEETS_EXPECTATIONS,2022-H1
REV_EMP000461_2022-H2,EMP000461,2022-H2,2024-12-05,COMPLETED,MEETS_EXPECTATIONS,2022-H2
REV_EMP000461_2023-H1,EMP000461,2023-H1,2025-04-06,COMPLETED,MEETS_EXPECTATIONS,2023-H1
REV_EMP000461_2023-H2,EMP000461,2023-H2,2026-02-10,COMPLETED,OUTSTANDING,2023-H2
REV_EMP000462_2022-H1,EMP000462,2022-H1,2025-12-17,COMPLETED,EXCEEDS_EXPECTATIONS,2022-H1
REV_EMP000462_2022-H2,EMP000462,2022-H2,2025-07-20,COMPLETED,EXCEEDS_EXPECTATIONS,2022-H2
REV_EMP000462_2023-H2,EMP000462,2023-H2,2025-09-13,COMPLETED,MEETS_EXPECTATIONS,2023-H2
REV_EMP000463_2022-H1,EMP000463,2022-H1,2026-05-13,COMPLETED,EXCEEDS_EXPECTATIONS,2022-H1
REV_EMP000463_2022-H2,EMP000463,2022-H2,2026-02-26,COMPLETED,EXCEEDS_EXPECTATIONS,2022-H2
REV_EMP000463_2023-H1,EMP000463,2023-H1,2026-04-24,COMPLETED,MEETS_EXPECTATIONS,2023-H1
REV_EMP000463_2023-H2,EMP000463,2023-H2,2025-03-26,COMPLETED,OUTSTANDING,2023-H2
REV_EMP000464_2022-H1,EMP000464,2022-H1,2026-04-13,COMPLETED,NEEDS_IMPROVEMENT,2022-H1
REV_EMP000464_2023-H1,EMP000464,2023-H1,2026-02-23,COMPLETED,EXCEEDS_EXPECTATIONS,2023-H1
REV_EMP000464_2023-H2,EMP000464,2023-H2,2025-12-21,COMPLETED,MEETS_EXPECTATIONS,2023-H2
REV_EMP000465_2022-H1,EMP000465,2022-H1,2026-05-11,COMPLETED,OUTSTANDING,2022-H1
REV_EMP000465_2022-H2,EMP000465,2022-H2,2025-02-18,COMPLETED,MEETS_EXPECTATIONS,2022-H2
REV_EMP000465_2023-H1,EMP000465,2023-H1,2025-10-28,COMPLETED,MEETS_EXPECTATIONS,2023-H1
REV_EMP000465_2023-H2,EMP000465,2023-H2,2025-06-09,COMPLETED,EXCEEDS_EXPECTATIONS,2023-H2
REV_EMP000466_2022-H1,EMP000466,2022-H1,2026-02-28,COMPLETED,MEETS_EXPECTATIONS,2022-H1
REV_EMP000466_2023-H1,EMP000466,2023-H1,2026-03-10,COMPLETED,OUTSTANDING,2023-H1
REV_EMP000467_2022-H1,EMP000467,2022-H1,2025-02-06,COMPLETED,MEETS_EXPECTATIONS,2022-H1
REV_EMP000467_2022-H2,EMP000467,2022-H2,2025-05-21,COMPLETED,NEEDS_IMPROVEMENT,2022-H2
REV_EMP000467_2023-H1,EMP000467,2023-H1,2025-11-19,COMPLETED,MEETS_EXPECTATIONS,2023-H1
REV_EMP000467_2023-H2,EMP000467,2023-H2,2024-09-28,COMPLETED,EXCEEDS_EXPECTATIONS,2023-H2
REV_EMP000468_2022-H1,EMP000468,2022-H1,2026-02-24,COMPLETED,MEETS_EXPECTATIONS,2022-H1
REV_EMP000468_2022-H2,EMP000468,2022-H2,2024-09-26,COMPLETED,MEETS_EXPECTATIONS,2022-H2
REV_EMP000468_2023-H1,EMP000468,2023-H1,2026-06-27,COMPLETED,MEETS_EXPECTATIONS,2023-H1
REV_EMP000469_2022-H1,EMP000469,2022-H1,2024-11-11,COMPLETED,MEETS_EXPECTATIONS,2022-H1
REV_EMP000469_2022-H2,EMP000469,2022-H2,2024-09-29,COMPLETED,NEEDS_IMPROVEMENT,2022-H2
REV_EMP000469_2023-H1,EMP000469,2023-H1,2025-08-05,COMPLETED,OUTSTANDING,2023-H1
REV_EMP000470_2022-H1,EMP000470,2022-H1,2024-12-04,COMPLETED,EXCEEDS_EXPECTATIONS,2022-H1
REV_EMP000470_2023-H1,EMP000470,2023-H1,2025-11-01,COMPLETED,MEETS_EXPECTATIONS,2023-H1
REV_EMP000470_2023-H2,EMP000470,2023-H2,2024-12-09,COMPLETED,MEETS_EXPECTATIONS,2023-H2
REV_EMP000471_2022-H1,EMP000471,2022-H1,2026-03-06,COMPLETED,MEETS_EXPECTATIONS,2022-H1
REV_EMP000471_2022-H2,EMP000471,2022-H2,2025-09-01,COMPLETED,MEETS_EXPECTATIONS,2022-H2
REV_EMP000471_2023-H1,EMP000471,2023-H1,2025-06-20,COMPLETED,EXCEEDS_EXPECTATIONS,2023-H1
REV_EMP000471_2023-H2,EMP000471,2023-H2,2025-03-09,COMPLETED,MEETS_EXPECTATIONS,2023-H2
REV_EMP000472_2022-H1,EMP000472,2022-H1,2026-04-06,COMPLETED,OUTSTANDING,2022-H1
REV_EMP000472_2022-H2,EMP000472,2022-H2,2025-04-28,COMPLETED,MEETS_EXPECTATIONS,2022-H2
REV_EMP000472_2023-H1,EMP000472,2023-H1,2025-04-03,COMPLETED,MEETS_EXPECTATIONS,2023-H1
REV_EMP000472_2023-H2,EMP000472,2023-H2,2025-02-16,COMPLETED,MEETS_EXPECTATIONS,2023-H2
REV_EMP000473_2022-H2,EMP000473,2022-H2,2024-10-16,COMPLETED,EXCEEDS_EXPECTATIONS,2022-H2
REV_EMP000473_2023-H2,EMP000473,2023-H2,2024-10-08,COMPLETED,MEETS_EXPECTATIONS,2023-H2
REV_EMP000474_2022-H1,EMP000474,2022-H1,2026-01-14,COMPLETED,MEETS_EXPECTATIONS,2022-H1
REV_EMP000474_2022-H2,EMP000474,2022-H2,2024-11-30,COMPLETED,NEEDS_IMPROVEMENT,2022-H2
REV_EMP000474_2023-H2,EMP000474,2023-H2,2024-11-03,COMPLETED,NEEDS_IMPROVEMENT,2023-H2
REV_EMP000475_2022-H1,EMP000475,2022-H1,2026-09-18,COMPLETED,MEETS_EXPECTATIONS,2022-H1
REV_EMP000475_2022-H2,EMP000475,2022-H2,2025-12-25,COMPLETED,OUTSTANDING,2022-H2
REV_EMP000475_2023-H1,EMP000475,2023-H1,2026-02-12,COMPLETED,MEETS_EXPECTATIONS,2023-H1
REV_EMP000476_2022-H2,EMP000476,2022-H2,2026-08-15,COMPLETED,MEETS_EXPECTATIONS,2022-H2
REV_EMP000476_2023-H2,EMP000476,2023-H2,2026-06-30,COMPLETED,OUTSTANDING,2023-H2
REV_EMP000477_2022-H1,EMP000477,2022-H1,2025-03-07,COMPLETED,MEETS_EXPECTATIONS,2022-H1
REV_EMP000477_2022-H2,EMP000477,2022-H2,2025-12-29,COMPLETED,MEETS_EXPECTATIONS,2022-H2
REV_EMP000477_2023-H1,EMP000477,2023-H1,2026-01-28,COMPLETED,OUTSTANDING,2023-H1
REV_EMP000478_2023-H1,EMP000478,2023-H1,2024-12-23,COMPLETED,MEETS_EXPECTATIONS,2023-H1
REV_EMP000478_2023-H2,EMP000478,2023-H2,2026-03-23,COMPLETED,MEETS_EXPECTATIONS,2023-H2
REV_EMP000479_2022-H1,EMP000479,2022-H1,2024-12-22,COMPLETED,MEETS_EXPECTATIONS,2022-H1
REV_EMP000479_2022-H2,EMP000479,2022-H2,2024-11-26,COMPLETED,EXCEEDS_EXPECTATIONS,2022-H2
REV_EMP000479_2023-H1,EMP000479,2023-H1,2026-07-17,COMPLETED,MEETS_EXPECTATIONS,2023-H1
REV_EMP000479_2023-H2,EMP000479,2023-H2,2026-01-02,COMPLETED,OUTSTANDING,2023-H2
REV_EMP000480_2022-H1,EMP000480,2022-H1,2024-12-29,COMPLETED,MEETS_EXPECTATIONS,2022-H1
REV_EMP000480_2022-H2,EMP000480,2022-H2,2025-07-09,COMPLETED,EXCEEDS_EXPECTATIONS,2022-H2
REV_EMP000480_2023-H1,EMP000480,2023-H1,2026-02-11,COMPLETED,MEETS_EXPECTATIONS,2023-H1
REV_EMP000480_2023-H2,EMP000480,2023-H2,2026-05-06,COMPLETED,MEETS_EXPECTATIONS,2023-H2
REV_EMP000481_2022-H2,EMP000481,2022-H2,2026-08-19,COMPLETED,EXCEEDS_EXPECTATIONS,2022-H2
REV_EMP000481_2023-H1,EMP000481,2023-H1,2026-02-05,COMPLETED,MEETS_EXPECTATIONS,2023-H1
REV_EMP000481_2023-H2,EMP000481,2023-H2,2025-12-03,COMPLETED,EXCEEDS_EXPECTATIONS,2023-H2
REV_EMP000482_2022-H1,EMP000482,2022-H1,2026-06-05,COMPLETED,EXCEEDS_EXPECTATIONS,2022-H1
REV_EMP000482_2022-H2,EMP000482,2022-H2,2025-02-10,COMPLETED,MEETS_EXPECTATIONS,2022-H2
REV_EMP000482_2023-H1,EMP000482,2023-H1,2026-08-16,COMPLETED,MEETS_EXPECTATIONS,2023-H1
REV_EMP000482_2023-H2,EMP000482,2023-H2,2024-12-15,COMPLETED,EXCEEDS_EXPECTATIONS,2023-H2
REV_EMP000483_2022-H1,EMP000483,2022-H1,2026-03-14,COMPLETED,MEETS_EXPECTATIONS,2022-H1
REV_EMP000483_2022-H2,EMP000483,2022-H2,2025-02-10,COMPLETED,MEETS_EXPECTATIONS,2022-H2
REV_EMP000483_2023-H1,EMP000483,2023-H1,2025-04-04,COMPLETED,MEETS_EXPECTATIONS,2023-H1
REV_EMP000484_2023-H1,EMP000484,2023-H1,2025-05-06,COMPLETED,MEETS_EXPECTATIONS,2023-H1
REV_EMP000484_2023-H2,EMP000484,2023-H2,2025-09-17,COMPLETED,EXCEEDS_EXPECTATIONS,2023-H2
REV_EMP000485_2022-H1,EMP000485,2022-H1,2026-02-15,COMPLETED,OUTSTANDING,2022-H1
REV_EMP000485_2022-H2,EMP000485,2022-H2,2026-09-17,COMPLETED,NEEDS_IMPROVEMENT,2022-H2
REV_EMP000485_2023-H2,EMP000485,2023-H2,2024-11-17,COMPLETED,EXCEEDS_EXPECTATIONS,2023-H2
REV_EMP000486_2022-H1,EMP000486,2022-H1,2026-01-29,COMPLETED,NEEDS_IMPROVEMENT,2022-H1
REV_EMP000486_2022-H2,EMP000486,2022-H2,2025-09-07,COMPLETED,MEETS_EXPECTATIONS,2022-H2
REV_EMP000486_2023-H1,EMP000486,2023-H1,2026-09-06,COMPLETED,MEETS_EXPECTATIONS,2023-H1
REV_EMP000486_2023-H2,EMP000486,2023-H2,2025-04-22,COMPLETED,NEEDS_IMPROVEMENT,2023-H2
REV_EMP000487_2022-H1,EMP000487,2022-H1,2026-05-10,COMPLETED,MEETS_EXPECTATIONS,2022-H1
REV_EMP000487_2022-H2,EMP000487,2022-H2,2025-08-17,COMPLETED,EXCEEDS_EXPECTATIONS,2022-H2
REV_EMP000487_2023-H1,EMP000487,2023-H1,2026-03-11,COMPLETED,MEETS_EXPECTATIONS,2023-H1
REV_EMP000487_2023-H2,EMP000487,2023-H2,2026-08-22,COMPLETED,MEETS_EXPECTATIONS,2023-H2
REV_EMP000488_2022-H2,EMP000488,2022-H2,2026-02-20,COMPLETED,MEETS_EXPECTATIONS,2022-H2
REV_EMP000488_2023-H1,EMP000488,2023-H1,2026-05-10,COMPLETED,EXCEEDS_EXPECTATIONS,2023-H1
REV_EMP000489_2022-H1,EMP000489,2022-H1,2026-05-11,COMPLETED,MEETS_EXPECTATIONS,2022-H1
REV_EMP000489_2022-H2,EMP000489,2022-H2,2025-05-29,COMPLETED,MEETS_EXPECTATIONS,2022-H2
REV_EMP000489_2023-H1,EMP000489,2023-H1,2025-04-07,COMPLETED,MEETS_EXPECTATIONS,2023-H1
REV_EMP000489_2023-H2,EMP000489,2023-H2,2025-01-23,COMPLETED,MEETS_EXPECTATIONS,2023-H2
REV_EMP000490_2022-H1,EMP000490,2022-H1,2026-05-19,COMPLETED,MEETS_EXPECTATIONS,2022-H1
REV_EMP000490_2023-H2,EMP000490,2023-H2,2024-11-16,COMPLETED,MEETS_EXPECTATIONS,2023-H2
REV_EMP000491_2022-H1,EMP000491,2022-H1,2025-04-23,COMPLETED,MEETS_EXPECTATIONS,2022-H1
REV_EMP000491_2022-H2,EMP000491,2022-H2,2026-05-16,COMPLETED,EXCEEDS_EXPECTATIONS,2022-H2
REV_EMP000491_2023-H1,EMP000491,2023-H1,2024-11-07,COMPLETED,OUTSTANDING,2023-H1
REV_EMP000491_2023-H2,EMP000491,2023-H2,2025-07-14,COMPLETED,EXCEEDS_EXPECTATIONS,2023-H2
REV_EMP000492_2022-H1,EMP000492,2022-H1,2025-07-18,COMPLETED,EXCEEDS_EXPECTATIONS,2022-H1
REV_EMP000492_2022-H2,EMP000492,2022-H2,2025-06-05,COMPLETED,NEEDS_IMPROVEMENT,2022-H2
REV_EMP000492_2023-H1,EMP000492,2023-H1,2024-11-05,COMPLETED,NEEDS_IMPROVEMENT,2023-H1
REV_EMP000493_2022-H1,EMP000493,2022-H1,2025-04-08,COMPLETED,EXCEEDS_EXPECTATIONS,2022-H1
REV_EMP000493_2022-H2,EMP000493,2022-H2,2026-06-13,COMPLETED,EXCEEDS_EXPECTATIONS,2022-H2
REV_EMP000493_2023-H1,EMP000493,2023-H1,2025-04-13,COMPLETED,MEETS_EXPECTATIONS,2023-H1
REV_EMP000493_2023-H2,EMP000493,2023-H2,2025-02-05,COMPLETED,MEETS_EXPECTATIONS,2023-H2
REV_EMP000494_2022-H1,EMP000494,2022-H1,2025-08-28,COMPLETED,MEETS_EXPECTATIONS,2022-H1
REV_EMP000494_2022-H2,EMP000494,2022-H2,2024-11-12,COMPLETED,EXCEEDS_EXPECTATIONS,2022-H2
REV_EMP000494_2023-H1,EMP000494,2023-H1,2025-10-06,COMPLETED,MEETS_EXPECTATIONS,2023-H1
REV_EMP000494_2023-H2,EMP000494,2023-H2,2026-09-11,COMPLETED,MEETS_EXPECTATIONS,2023-H2
REV_EMP000496_2022-H1,EMP000496,2022-H1,2025-02-22,COMPLETED,MEETS_EXPECTATIONS,2022-H1
REV_EMP000496_2022-H2,EMP000496,2022-H2,2026-01-07,COMPLETED,MEETS_EXPECTATIONS,2022-H2
REV_EMP000496_2023-H2,EMP000496,2023-H2,2025-07-21,COMPLETED,MEETS_EXPECTATIONS,2023-H2
REV_EMP000497_2022-H1,EMP000497,2022-H1,2025-02-05,COMPLETED,OUTSTANDING,2022-H1
REV_EMP000497_2022-H2,EMP000497,2022-H2,2026-02-03,COMPLETED,EXCEEDS_EXPECTATIONS,2022-H2
REV_EMP000497_2023-H1,EMP000497,2023-H1,2025-10-07,COMPLETED,EXCEEDS_EXPECTATIONS,2023-H1
REV_EMP000498_2022-H1,EMP000498,2022-H1,2024-12-13,COMPLETED,NEEDS_IMPROVEMENT,2022-H1
REV_EMP000498_2022-H2,EMP000498,2022-H2,2025-01-09,COMPLETED,MEETS_EXPECTATIONS,2022-H2
REV_EMP000498_2023-H1,EMP000498,2023-H1,2025-11-13,COMPLETED,MEETS_EXPECTATIONS,2023-H1
REV_EMP000499_2022-H2,EMP000499,2022-H2,2026-05-10,COMPLETED,MEETS_EXPECTATIONS,2022-H2
REV_EMP000499_2023-H1,EMP000499,2023-H1,2025-08-20,COMPLETED,EXCEEDS_EXPECTATIONS,2023-H1
REV_EMP000499_2023-H2,EMP000499,2023-H2,2025-03-08,COMPLETED,OUTSTANDING,2023-H2
REV_EMP000500_2022-H1,EMP000500,2022-H1,2026-01-09,COMPLETED,MEETS_EXPECTATIONS,2022-H1
REV_EMP000500_2023-H1,EMP000500,2023-H1,2026-02-01,COMPLETED,MEETS_EXPECTATIONS,2023-H1
REV_EMP000500_2023-H2,EMP000500,2023-H2,2024-12-11,COMPLETED,OUTSTANDING,2023-H2
REV_EMP000501_2022-H1,EMP000501,2022-H1,2026-08-29,COMPLETED,EXCEEDS_EXPECTATIONS,2022-H1
REV_EMP000501_2022-H2,EMP000501,2022-H2,2025-08-28,COMPLETED,MEETS_EXPECTATIONS,2022-H2
REV_EMP000501_2023-H1,EMP000501,2023-H1,2026-03-29,COMPLETED,NEEDS_IMPROVEMENT,2023-H1
REV_EMP000501_2023-H2,EMP000501,2023-H2,2025-04-09,COMPLETED,EXCEEDS_EXPECTATIONS,2023-H2
REV_EMP000502_2022-H1,EMP000502,2022-H1,2024-12-09,COMPLETED,EXCEEDS_EXPECTATIONS,2022-H1
REV_EMP000502_2022-H2,EMP000502,2022-H2,2024-10-17,COMPLETED,NEEDS_IMPROVEMENT,2022-H2
REV_EMP000502_2023-H1,EMP000502,2023-H1,2024-11-15,COMPLETED,NEEDS_IMPROVEMENT,2023-H1
REV_EMP000503_2022-H1,EMP000503,2022-H1,2024-11-13,COMPLETED,EXCEEDS_EXPECTATIONS,2022-H1
REV_EMP000503_2023-H2,EMP000503,2023-H2,2025-12-07,COMPLETED,MEETS_EXPECTATIONS,2023-H2
REV_EMP000504_2022-H1,EMP000504,2022-H1,2026-04-08,COMPLETED,EXCEEDS_EXPECTATIONS,2022-H1
REV_EMP000504_2022-H2,EMP000504,2022-H2,2025-04-02,COMPLETED,MEETS_EXPECTATIONS,2022-H2
REV_EMP000504_2023-H1,EMP000504,2023-H1,2026-05-16,COMPLETED,MEETS_EXPECTATIONS,2023-H1
REV_EMP000504_2023-H2,EMP000504,2023-H2,2025-09-01,COMPLETED,OUTSTANDING,2023-H2
REV_EMP000505_2022-H1,EMP000505,2022-H1,2024-10-04,COMPLETED,MEETS_EXPECTATIONS,2022-H1
REV_EMP000505_2022-H2,EMP000505,2022-H2,2026-08-17,COMPLETED,EXCEEDS_EXPECTATIONS,2022-H2
REV_EMP000505_2023-H1,EMP000505,2023-H1,2025-10-11,COMPLETED,EXCEEDS_EXPECTATIONS,2023-H1
REV_EMP000506_2022-H1,EMP000506,2022-H1,2025-01-13,COMPLETED,MEETS_EXPECTATIONS,2022-H1
REV_EMP000506_2022-H2,EMP000506,2022-H2,2026-02-09,COMPLETED,EXCEEDS_EXPECTATIONS,2022-H2
REV_EMP000506_2023-H1,EMP000506,2023-H1,2026-01-30,COMPLETED,MEETS_EXPECTATIONS,2023-H1
REV_EMP000506_2023-H2,EMP000506,2023-H2,2024-09-20,COMPLETED,EXCEEDS_EXPECTATIONS,2023-H2
REV_EMP000507_2022-H1,EMP000507,2022-H1,2026-09-14,COMPLETED,EXCEEDS_EXPECTATIONS,2022-H1
REV_EMP000507_2023-H2,EMP000507,2023-H2,2024-10-19,COMPLETED,MEETS_EXPECTATIONS,2023-H2
REV_EMP000508_2022-H1,EMP000508,2022-H1,2026-02-18,COMPLETED,OUTSTANDING,2022-H1
REV_EMP000508_2023-H1,EMP000508,2023-H1,2025-07-20,COMPLETED,MEETS_EXPECTATIONS,2023-H1
REV_EMP000508_2023-H2,EMP000508,2023-H2,2025-04-14,COMPLETED,MEETS_EXPECTATIONS,2023-H2
REV_EMP000509_2022-H2,EMP000509,2022-H2,2025-01-15,COMPLETED,NEEDS_IMPROVEMENT,2022-H2
REV_EMP000509_2023-H1,EMP000509,2023-H1,2026-03-17,COMPLETED,EXCEEDS_EXPECTATIONS,2023-H1
REV_EMP000509_2023-H2,EMP000509,2023-H2,2025-06-03,COMPLETED,MEETS_EXPECTATIONS,2023-H2
REV_EMP000510_2022-H1,EMP000510,2022-H1,2026-08-23,COMPLETED,MEETS_EXPECTATIONS,2022-H1
REV_EMP000510_2022-H2,EMP000510,2022-H2,2025-07-20,COMPLETED,MEETS_EXPECTATIONS,2022-H2
REV_EMP000510_2023-H1,EMP000510,2023-H1,2025-12-10,COMPLETED,MEETS_EXPECTATIONS,2023-H1
REV_EMP000510_2023-H2,EMP000510,2023-H2,2024-09-22,COMPLETED,OUTSTANDING,2023-H2
REV_EMP000511_2022-H1,EMP000511,2022-H1,2025-10-25,COMPLETED,NEEDS_IMPROVEMENT,2022-H1
REV_EMP000511_2023-H1,EMP000511,2023-H1,2026-03-23,COMPLETED,NEEDS_IMPROVEMENT,2023-H1
REV_EMP000512_2022-H1,EMP000512,2022-H1,2026-09-20,COMPLETED,MEETS_EXPECTATIONS,2022-H1
REV_EMP000512_2022-H2,EMP000512,2022-H2,2026-05-11,COMPLETED,MEETS_EXPECTATIONS,2022-H2
REV_EMP000512_2023-H2,EMP000512,2023-H2,2025-10-06,COMPLETED,EXCEEDS_EXPECTATIONS,2023-H2
REV_EMP000513_2022-H1,EMP000513,2022-H1,2025-09-26,COMPLETED,MEETS_EXPECTATIONS,2022-H1
REV_EMP000513_2022-H2,EMP000513,2022-H2,2025-08-24,COMPLETED,MEETS_EXPECTATIONS,2022-H2
REV_EMP000513_2023-H1,EMP000513,2023-H1,2025-07-30,COMPLETED,MEETS_EXPECTATIONS,2023-H1
REV_EMP000513_2023-H2,EMP000513,2023-H2,2026-07-07,COMPLETED,NEEDS_IMPROVEMENT,2023-H2
REV_EMP000514_2022-H1,EMP000514,2022-H1,2026-04-08,COMPLETED,EXCEEDS_EXPECTATIONS,2022-H1
REV_EMP000514_2022-H2,EMP000514,2022-H2,2026-05-19,COMPLETED,MEETS_EXPECTATIONS,2022-H2
REV_EMP000514_2023-H1,EMP000514,2023-H1,2026-06-12,COMPLETED,MEETS_EXPECTATIONS,2023-H1
REV_EMP000514_2023-H2,EMP000514,2023-H2,2026-05-23,COMPLETED,NEEDS_IMPROVEMENT,2023-H2
REV_EMP000515_2022-H2,EMP000515,2022-H2,2024-11-13,COMPLETED,MEETS_EXPECTATIONS,2022-H2
REV_EMP000515_2023-H2,EMP000515,2023-H2,2025-11-13,COMPLETED,MEETS_EXPECTATIONS,2023-H2
REV_EMP000516_2022-H2,EMP000516,2022-H2,2025-03-14,COMPLETED,NEEDS_IMPROVEMENT,2022-H2
REV_EMP000516_2023-H1,EMP000516,2023-H1,2024-09-22,COMPLETED,EXCEEDS_EXPECTATIONS,2023-H1
REV_EMP000516_2023-H2,EMP000516,2023-H2,2025-07-15,COMPLETED,OUTSTANDING,2023-H2
REV_EMP000517_2022-H1,EMP000517,2022-H1,2026-03-09,COMPLETED,MEETS_EXPECTATIONS,2022-H1
REV_EMP000517_2022-H2,EMP000517,2022-H2,2026-06-17,COMPLETED,MEETS_EXPECTATIONS,2022-H2
REV_EMP000517_2023-H1,EMP000517,2023-H1,2026-05-18,COMPLETED,MEETS_EXPECTATIONS,2023-H1
REV_EMP000517_2023-H2,EMP000517,2023-H2,2025-09-29,COMPLETED,EXCEEDS_EXPECTATIONS,2023-H2
REV_EMP000518_2022-H1,EMP000518,2022-H1,2024-12-23,COMPLETED,MEETS_EXPECTATIONS,2022-H1
REV_EMP000518_2023-H2,EMP000518,2023-H2,2025-12-04,COMPLETED,EXCEEDS_EXPECTATIONS,2023-H2
REV_EMP000519_2022-H1,EMP000519,2022-H1,2025-11-09,COMPLETED,EXCEEDS_EXPECTATIONS,2022-H1
REV_EMP000519_2022-H2,EMP000519,2022-H2,2026-09-16,COMPLETED,MEETS_EXPECTATIONS,2022-H2
REV_EMP000519_2023-H1,EMP000519,2023-H1,2025-06-25,COMPLETED,MEETS_EXPECTATIONS,2023-H1
REV_EMP000520_2022-H1,EMP000520,2022-H1,2025-06-05,COMPLETED,EXCEEDS_EXPECTATIONS,2022-H1
REV_EMP000520_2022-H2,EMP000520,2022-H2,2026-03-03,COMPLETED,EXCEEDS_EXPECTATIONS,2022-H2
REV_EMP000520_2023-H1,EMP000520,2023-H1,2025-05-13,COMPLETED,OUTSTANDING,2023-H1
REV_EMP000520_2023-H2,EMP000520,2023-H2,2025-07-28,COMPLETED,MEETS_EXPECTATIONS,2023-H2
REV_EMP000521_2022-H1,EMP000521,2022-H1,2024-11-01,COMPLETED,EXCEEDS_EXPECTATIONS,2022-H1
REV_EMP000521_2023-H1,EMP000521,2023-H1,2026-01-24,COMPLETED,EXCEEDS_EXPECTATIONS,2023-H1
REV_EMP000521_2023-H2,EMP000521,2023-H2,2026-02-04,COMPLETED,MEETS_EXPECTATIONS,2023-H2
REV_EMP000522_2022-H1,EMP000522,2022-H1,2024-11-29,COMPLETED,MEETS_EXPECTATIONS,2022-H1
REV_EMP000522_2022-H2,EMP000522,2022-H2,2025-06-30,COMPLETED,OUTSTANDING,2022-H2
REV_EMP000522_2023-H1,EMP000522,2023-H1,2025-11-09,COMPLETED,EXCEEDS_EXPECTATIONS,2023-H1
REV_EMP000523_2022-H1,EMP000523,2022-H1,2026-07-14,COMPLETED,MEETS_EXPECTATIONS,2022-H1
REV_EMP000523_2022-H2,EMP000523,2022-H2,2025-06-11,COMPLETED,EXCEEDS_EXPECTATIONS,2022-H2
REV_EMP000523_2023-H1,EMP000523,2023-H1,2024-11-21,COMPLETED,EXCEEDS_EXPECTATIONS,2023-H1
REV_EMP000523_2023-H2,EMP000523,2023-H2,2026-07-05,COMPLETED,OUTSTANDING,2023-H2
REV_EMP000524_2022-H1,EMP000524,2022-H1,2025-09-12,COMPLETED,MEETS_EXPECTATIONS,2022-H1
REV_EMP000524_2022-H2,EMP000524,2022-H2,2026-05-03,COMPLETED,EXCEEDS_EXPECTATIONS,2022-H2
REV_EMP000524_2023-H1,EMP000524,2023-H1,2026-05-08,COMPLETED,MEETS_EXPECTATIONS,2023-H1
REV_EMP000524_2023-H2,EMP000524,2023-H2,2025-05-03,COMPLETED,MEETS_EXPECTATIONS,2023-H2
REV_EMP000525_2022-H2,EMP000525,2022-H2,2026-02-05,COMPLETED,MEETS_EXPECTATIONS,2022-H2
REV_EMP000525_2023-H1,EMP000525,2023-H1,2025-02-24,COMPLETED,MEETS_EXPECTATIONS,2023-H1
REV_EMP000525_2023-H2,EMP000525,2023-H2,2025-02-04,COMPLETED,OUTSTANDING,2023-H2
REV_EMP000526_2022-H1,EMP000526,2022-H1,2025-11-24,COMPLETED,MEETS_EXPECTATIONS,2022-H1
REV_EMP000526_2022-H2,EMP000526,2022-H2,2024-10-20,COMPLETED,MEETS_EXPECTATIONS,2022-H2
REV_EMP000526_2023-H1,EMP000526,2023-H1,2025-07-15,COMPLETED,MEETS_EXPECTATIONS,2023-H1
REV_EMP000527_2022-H1,EMP000527,2022-H1,2026-02-15,COMPLETED,MEETS_EXPECTATIONS,2022-H1
REV_EMP000527_2022-H2,EMP000527,2022-H2,2025-02-15,COMPLETED,MEETS_EXPECTATIONS,2022-H2
REV_EMP000527_2023-H1,EMP000527,2023-H1,2025-05-10,COMPLETED,EXCEEDS_EXPECTATIONS,2023-H1
REV_EMP000528_2022-H2,EMP000528,2022-H2,2026-03-14,COMPLETED,MEETS_EXPECTATIONS,2022-H2
REV_EMP000528_2023-H2,EMP000528,2023-H2,2025-07-20,COMPLETED,MEETS_EXPECTATIONS,2023-H2
REV_EMP000529_2022-H1,EMP000529,2022-H1,2026-08-17,COMPLETED,NEEDS_IMPROVEMENT,2022-H1
REV_EMP000529_2022-H2,EMP000529,2022-H2,2024-12-11,COMPLETED,MEETS_EXPECTATIONS,2022-H2
REV_EMP000529_2023-H1,EMP000529,2023-H1,2026-01-22,COMPLETED,EXCEEDS_EXPECTATIONS,2023-H1
REV_EMP000529_2023-H2,EMP000529,2023-H2,2026-03-09,COMPLETED,EXCEEDS_EXPECTATIONS,2023-H2
REV_EMP000530_2023-H1,EMP000530,2023-H1,2025-06-26,COMPLETED,OUTSTANDING,2023-H1
REV_EMP000531_2022-H1,EMP000531,2022-H1,2025-10-02,COMPLETED,NEEDS_IMPROVEMENT,2022-H1
REV_EMP000531_2022-H2,EMP000531,2022-H2,2024-11-24,COMPLETED,MEETS_EXPECTATIONS,2022-H2
REV_EMP000531_2023-H1,EMP000531,2023-H1,2026-08-08,COMPLETED,EXCEEDS_EXPECTATIONS,2023-H1
REV_EMP000531_2023-H2,EMP000531,2023-H2,2026-01-24,COMPLETED,MEETS_EXPECTATIONS,2023-H2
REV_EMP000532_2022-H1,EMP000532,2022-H1,2025-08-26,COMPLETED,NEEDS_IMPROVEMENT,2022-H1
REV_EMP000532_2022-H2,EMP000532,2022-H2,2026-04-14,COMPLETED,MEETS_EXPECTATIONS,2022-H2
REV_EMP000532_2023-H1,EMP000532,2023-H1,2025-02-14,COMPLETED,MEETS_EXPECTATIONS,2023-H1
REV_EMP000532_2023-H2,EMP000532,2023-H2,2025-01-06,COMPLETED,MEETS_EXPECTATIONS,2023-H2
REV_EMP000533_2022-H1,EMP000533,2022-H1,2024-10-17,COMPLETED,MEETS_EXPECTATIONS,2022-H1
REV_EMP000533_2023-H2,EMP000533,2023-H2,2025-02-16,COMPLETED,MEETS_EXPECTATIONS,2023-H2
REV_EMP000534_2022-H2,EMP000534,2022-H2,2024-10-09,COMPLETED,MEETS_EXPECTATIONS,2022-H2
REV_EMP000534_2023-H1,EMP000534,2023-H1,2026-04-02,COMPLETED,MEETS_EXPECTATIONS,2023-H1
REV_EMP000534_2023-H2,EMP000534,2023-H2,2025-12-24,COMPLETED,MEETS_EXPECTATIONS,2023-H2
REV_EMP000535_2022-H2,EMP000535,2022-H2,2025-03-24,COMPLETED,MEETS_EXPECTATIONS,2022-H2
REV_EMP000535_2023-H1,EMP000535,2023-H1,2025-10-04,COMPLETED,EXCEEDS_EXPECTATIONS,2023-H1
REV_EMP000535_2023-H2,EMP000535,2023-H2,2025-07-18,COMPLETED,MEETS_EXPECTATIONS,2023-H2
REV_EMP000536_2022-H1,EMP000536,2022-H1,2024-11-07,COMPLETED,MEETS_EXPECTATIONS,2022-H1
REV_EMP000536_2023-H1,EMP000536,2023-H1,2026-05-28,COMPLETED,OUTSTANDING,2023-H1
REV_EMP000536_2023-H2,EMP000536,2023-H2,2025-11-13,COMPLETED,EXCEEDS_EXPECTATIONS,2023-H2
REV_EMP000537_2022-H1,EMP000537,2022-H1,2026-02-01,COMPLETED,MEETS_EXPECTATIONS,2022-H1
REV_EMP000537_2022-H2,EMP000537,2022-H2,2025-05-17,COMPLETED,MEETS_EXPECTATIONS,2022-H2
REV_EMP000537_2023-H2,EMP000537,2023-H2,2025-10-13,COMPLETED,MEETS_EXPECTATIONS,2023-H2
REV_EMP000538_2022-H1,EMP000538,2022-H1,2025-11-08,COMPLETED,EXCEEDS_EXPECTATIONS,2022-H1
REV_EMP000538_2022-H2,EMP000538,2022-H2,2026-06-29,COMPLETED,MEETS_EXPECTATIONS,2022-H2
REV_EMP000538_2023-H2,EMP000538,2023-H2,2026-06-12,COMPLETED,EXCEEDS_EXPECTATIONS,2023-H2
REV_EMP000539_2022-H1,EMP000539,2022-H1,2025-09-03,COMPLETED,NEEDS_IMPROVEMENT,2022-H1
REV_EMP000539_2023-H1,EMP000539,2023-H1,2024-10-02,COMPLETED,MEETS_EXPECTATIONS,2023-H1
REV_EMP000539_2023-H2,EMP000539,2023-H2,2024-10-18,COMPLETED,NEEDS_IMPROVEMENT,2023-H2
REV_EMP000540_2022-H1,EMP000540,2022-H1,2025-06-10,COMPLETED,MEETS_EXPECTATIONS,2022-H1
REV_EMP000540_2022-H2,EMP000540,2022-H2,2024-11-02,COMPLETED,NEEDS_IMPROVEMENT,2022-H2
REV_EMP000540_2023-H1,EMP000540,2023-H1,2025-06-09,COMPLETED,MEETS_EXPECTATIONS,2023-H1
REV_EMP000540_2023-H2,EMP000540,2023-H2,2026-05-24,COMPLETED,NEEDS_IMPROVEMENT,2023-H2
REV_EMP000541_2022-H1,EMP000541,2022-H1,2026-04-03,COMPLETED,MEETS_EXPECTATIONS,2022-H1
REV_EMP000541_2022-H2,EMP000541,2022-H2,2024-10-23,COMPLETED,MEETS_EXPECTATIONS,2022-H2
REV_EMP000541_2023-H1,EMP000541,2023-H1,2025-07-31,COMPLETED,MEETS_EXPECTATIONS,2023-H1
REV_EMP000541_2023-H2,EMP000541,2023-H2,2024-12-20,COMPLETED,MEETS_EXPECTATIONS,2023-H2
REV_EMP000542_2022-H1,EMP000542,2022-H1,2025-03-03,COMPLETED,OUTSTANDING,2022-H1
REV_EMP000542_2023-H1,EMP000542,2023-H1,2026-06-08,COMPLETED,MEETS_EXPECTATIONS,2023-H1
REV_EMP000543_2022-H2,EMP000543,2022-H2,2026-02-09,COMPLETED,MEETS_EXPECTATIONS,2022-H2
REV_EMP000543_2023-H2,EMP000543,2023-H2,2026-02-20,COMPLETED,MEETS_EXPECTATIONS,2023-H2
REV_EMP000544_2022-H1,EMP000544,2022-H1,2025-10-31,COMPLETED,MEETS_EXPECTATIONS,2022-H1
REV_EMP000544_2023-H2,EMP000544,2023-H2,2025-09-11,COMPLETED,OUTSTANDING,2023-H2
REV_EMP000545_2022-H1,EMP000545,2022-H1,2026-09-20,COMPLETED,EXCEEDS_EXPECTATIONS,2022-H1
REV_EMP000545_2022-H2,EMP000545,2022-H2,2026-02-28,COMPLETED,EXCEEDS_EXPECTATIONS,2022-H2
REV_EMP000545_2023-H1,EMP000545,2023-H1,2026-07-27,COMPLETED,EXCEEDS_EXPECTATIONS,2023-H1
REV_EMP000545_2023-H2,EMP000545,2023-H2,2026-07-31,COMPLETED,MEETS_EXPECTATIONS,2023-H2
REV_EMP000546_2022-H1,EMP000546,2022-H1,2025-11-10,COMPLETED,MEETS_EXPECTATIONS,2022-H1
REV_EMP000546_2022-H2,EMP000546,2022-H2,2025-01-13,COMPLETED,MEETS_EXPECTATIONS,2022-H2
REV_EMP000546_2023-H2,EMP000546,2023-H2,2026-04-18,COMPLETED,MEETS_EXPECTATIONS,2023-H2
REV_EMP000547_2022-H1,EMP000547,2022-H1,2025-12-13,COMPLETED,MEETS_EXPECTATIONS,2022-H1
REV_EMP000547_2022-H2,EMP000547,2022-H2,2025-03-19,COMPLETED,OUTSTANDING,2022-H2
REV_EMP000547_2023-H1,EMP000547,2023-H1,2026-09-08,COMPLETED,MEETS_EXPECTATIONS,2023-H1
REV_EMP000547_2023-H2,EMP000547,2023-H2,2024-11-14,COMPLETED,MEETS_EXPECTATIONS,2023-H2
REV_EMP000548_2022-H2,EMP000548,2022-H2,2024-10-18,COMPLETED,MEETS_EXPECTATIONS,2022-H2
REV_EMP000548_2023-H2,EMP000548,2023-H2,2026-04-14,COMPLETED,MEETS_EXPECTATIONS,2023-H2
REV_EMP000549_2022-H2,EMP000549,2022-H2,2025-01-07,COMPLETED,MEETS_EXPECTATIONS,2022-H2
REV_EMP000549_2023-H1,EMP000549,2023-H1,2025-10-04,COMPLETED,MEETS_EXPECTATIONS,2023-H1
REV_EMP000550_2022-H1,EMP000550,2022-H1,2026-02-09,COMPLETED,OUTSTANDING,2022-H1
REV_EMP000550_2022-H2,EMP000550,2022-H2,2024-10-04,COMPLETED,EXCEEDS_EXPECTATIONS,2022-H2
REV_EMP000550_2023-H1,EMP000550,2023-H1,2025-09-21,COMPLETED,OUTSTANDING,2023-H1
REV_EMP000550_2023-H2,EMP000550,2023-H2,2026-08-25,COMPLETED,EXCEEDS_EXPECTATIONS,2023-H2
REV_EMP000551_2022-H1,EMP000551,2022-H1,2026-09-03,COMPLETED,MEETS_EXPECTATIONS,2022-H1
REV_EMP000551_2022-H2,EMP000551,2022-H2,2026-01-13,COMPLETED,MEETS_EXPECTATIONS,2022-H2
REV_EMP000551_2023-H2,EMP000551,2023-H2,2024-10-25,COMPLETED,MEETS_EXPECTATIONS,2023-H2
REV_EMP000552_2022-H1,EMP000552,2022-H1,2025-03-27,COMPLETED,MEETS_EXPECTATIONS,2022-H1
REV_EMP000552_2022-H2,EMP000552,2022-H2,2026-03-18,COMPLETED,EXCEEDS_EXPECTATIONS,2022-H2
REV_EMP000552_2023-H1,EMP000552,2023-H1,2026-02-05,COMPLETED,EXCEEDS_EXPECTATIONS,2023-H1
REV_EMP000552_2023-H2,EMP000552,2023-H2,2024-12-30,COMPLETED,MEETS_EXPECTATIONS,2023-H2
REV_EMP000553_2022-H1,EMP000553,2022-H1,2024-10-01,COMPLETED,MEETS_EXPECTATIONS,2022-H1
REV_EMP000553_2022-H2,EMP000553,2022-H2,2025-01-31,COMPLETED,MEETS_EXPECTATIONS,2022-H2
REV_EMP000553_2023-H1,EMP000553,2023-H1,2026-01-24,COMPLETED,MEETS_EXPECTATIONS,2023-H1
REV_EMP000553_2023-H2,EMP000553,2023-H2,2024-10-28,COMPLETED,EXCEEDS_EXPECTATIONS,2023-H2
REV_EMP000554_2022-H1,EMP000554,2022-H1,2026-08-23,COMPLETED,MEETS_EXPECTATIONS,2022-H1
REV_EMP000554_2022-H2,EMP000554,2022-H2,2025-05-16,COMPLETED,OUTSTANDING,2022-H2
REV_EMP000554_2023-H1,EMP000554,2023-H1,2026-06-19,COMPLETED,MEETS_EXPECTATIONS,2023-H1
REV_EMP000554_2023-H2,EMP000554,2023-H2,2026-05-29,COMPLETED,NEEDS_IMPROVEMENT,2023-H2
REV_EMP000555_2022-H1,EMP000555,2022-H1,2024-12-04,COMPLETED,MEETS_EXPECTATIONS,2022-H1
REV_EMP000555_2023-H2,EMP000555,2023-H2,2025-09-09,COMPLETED,MEETS_EXPECTATIONS,2023-H2
REV_EMP000556_2022-H1,EMP000556,2022-H1,2026-01-07,COMPLETED,OUTSTANDING,2022-H1
REV_EMP000556_2022-H2,EMP000556,2022-H2,2025-01-30,COMPLETED,EXCEEDS_EXPECTATIONS,2022-H2
REV_EMP000556_2023-H1,EMP000556,2023-H1,2026-06-30,COMPLETED,EXCEEDS_EXPECTATIONS,2023-H1
REV_EMP000557_2022-H1,EMP000557,2022-H1,2025-12-23,COMPLETED,EXCEEDS_EXPECTATIONS,2022-H1
REV_EMP000557_2022-H2,EMP000557,2022-H2,2024-11-08,COMPLETED,NEEDS_IMPROVEMENT,2022-H2
REV_EMP000557_2023-H1,EMP000557,2023-H1,2026-06-17,COMPLETED,MEETS_EXPECTATIONS,2023-H1
REV_EMP000557_2023-H2,EMP000557,2023-H2,2026-06-16,COMPLETED,NEEDS_IMPROVEMENT,2023-H2
REV_EMP000558_2022-H1,EMP000558,2022-H1,2024-12-11,COMPLETED,MEETS_EXPECTATIONS,2022-H1
REV_EMP000558_2022-H2,EMP000558,2022-H2,2024-12-17,COMPLETED,OUTSTANDING,2022-H2
REV_EMP000558_2023-H1,EMP000558,2023-H1,2025-10-11,COMPLETED,MEETS_EXPECTATIONS,2023-H1
REV_EMP000558_2023-H2,EMP000558,2023-H2,2025-12-26,COMPLETED,OUTSTANDING,2023-H2
REV_EMP000559_2022-H1,EMP000559,2022-H1,2026-06-02,COMPLETED,MEETS_EXPECTATIONS,2022-H1
REV_EMP000559_2022-H2,EMP000559,2022-H2,2026-01-11,COMPLETED,MEETS_EXPECTATIONS,2022-H2
REV_EMP000559_2023-H1,EMP000559,2023-H1,2025-03-10,COMPLETED,MEETS_EXPECTATIONS,2023-H1
REV_EMP000560_2022-H1,EMP000560,2022-H1,2024-11-08,COMPLETED,EXCEEDS_EXPECTATIONS,2022-H1
REV_EMP000560_2023-H1,EMP000560,2023-H1,2026-06-06,COMPLETED,MEETS_EXPECTATIONS,2023-H1
REV_EMP000560_2023-H2,EMP000560,2023-H2,2025-02-24,COMPLETED,MEETS_EXPECTATIONS,2023-H2
REV_EMP000561_2022-H1,EMP000561,2022-H1,2025-08-17,COMPLETED,EXCEEDS_EXPECTATIONS,2022-H1
REV_EMP000561_2022-H2,EMP000561,2022-H2,2025-06-09,COMPLETED,MEETS_EXPECTATIONS,2022-H2
REV_EMP000561_2023-H1,EMP000561,2023-H1,2026-06-12,COMPLETED,NEEDS_IMPROVEMENT,2023-H1
REV_EMP000562_2022-H1,EMP000562,2022-H1,2026-07-01,COMPLETED,OUTSTANDING,2022-H1
REV_EMP000562_2022-H2,EMP000562,2022-H2,2026-04-16,COMPLETED,MEETS_EXPECTATIONS,2022-H2
REV_EMP000562_2023-H1,EMP000562,2023-H1,2026-02-28,COMPLETED,MEETS_EXPECTATIONS,2023-H1
REV_EMP000562_2023-H2,EMP000562,2023-H2,2025-07-29,COMPLETED,MEETS_EXPECTATIONS,2023-H2
REV_EMP000563_2022-H1,EMP000563,2022-H1,2025-05-29,COMPLETED,MEETS_EXPECTATIONS,2022-H1
REV_EMP000563_2023-H2,EMP000563,2023-H2,2024-12-22,COMPLETED,MEETS_EXPECTATIONS,2023-H2
REV_EMP000564_2023-H1,EMP000564,2023-H1,2026-03-05,COMPLETED,MEETS_EXPECTATIONS,2023-H1
REV_EMP000565_2022-H1,EMP000565,2022-H1,2025-12-11,COMPLETED,MEETS_EXPECTATIONS,2022-H1
REV_EMP000565_2022-H2,EMP000565,2022-H2,2025-11-18,COMPLETED,MEETS_EXPECTATIONS,2022-H2
REV_EMP000565_2023-H1,EMP000565,2023-H1,2025-01-04,COMPLETED,OUTSTANDING,2023-H1
REV_EMP000565_2023-H2,EMP000565,2023-H2,2025-05-27,COMPLETED,EXCEEDS_EXPECTATIONS,2023-H2
REV_EMP000566_2022-H2,EMP000566,2022-H2,2026-07-01,COMPLETED,OUTSTANDING,2022-H2
REV_EMP000566_2023-H2,EMP000566,2023-H2,2026-05-29,COMPLETED,EXCEEDS_EXPECTATIONS,2023-H2
REV_EMP000567_2022-H1,EMP000567,2022-H1,2025-03-04,COMPLETED,MEETS_EXPECTATIONS,2022-H1
REV_EMP000567_2022-H2,EMP000567,2022-H2,2026-05-06,COMPLETED,NEEDS_IMPROVEMENT,2022-H2
REV_EMP000567_2023-H1,EMP000567,2023-H1,2024-10-25,COMPLETED,MEETS_EXPECTATIONS,2023-H1
REV_EMP000567_2023-H2,EMP000567,2023-H2,2025-12-24,COMPLETED,OUTSTANDING,2023-H2
REV_EMP000568_2022-H1,EMP000568,2022-H1,2025-02-01,COMPLETED,NEEDS_IMPROVEMENT,2022-H1
REV_EMP000568_2022-H2,EMP000568,2022-H2,2025-06-07,COMPLETED,MEETS_EXPECTATIONS,2022-H2
REV_EMP000568_2023-H1,EMP000568,2023-H1,2024-11-08,COMPLETED,EXCEEDS_EXPECTATIONS,2023-H1
REV_EMP000569_2022-H1,EMP000569,2022-H1,2024-12-22,COMPLETED,EXCEEDS_EXPECTATIONS,2022-H1
REV_EMP000569_2022-H2,EMP000569,2022-H2,2025-04-20,COMPLETED,MEETS_EXPECTATIONS,2022-H2
REV_EMP000569_2023-H1,EMP000569,2023-H1,2025-01-07,COMPLETED,MEETS_EXPECTATIONS,2023-H1
REV_EMP000570_2022-H1,EMP000570,2022-H1,2026-05-01,COMPLETED,OUTSTANDING,2022-H1
REV_EMP000570_2022-H2,EMP000570,2022-H2,2025-08-08,COMPLETED,EXCEEDS_EXPECTATIONS,2022-H2
REV_EMP000570_2023-H2,EMP000570,2023-H2,2025-01-28,COMPLETED,OUTSTANDING,2023-H2
REV_EMP000571_2022-H1,EMP000571,2022-H1,2026-03-14,COMPLETED,MEETS_EXPECTATIONS,2022-H1
REV_EMP000571_2023-H1,EMP000571,2023-H1,2025-07-04,COMPLETED,OUTSTANDING,2023-H1
REV_EMP000571_2023-H2,EMP000571,2023-H2,2025-11-23,COMPLETED,NEEDS_IMPROVEMENT,2023-H2
REV_EMP000572_2022-H2,EMP000572,2022-H2,2025-01-26,COMPLETED,MEETS_EXPECTATIONS,2022-H2
REV_EMP000572_2023-H1,EMP000572,2023-H1,2025-08-26,COMPLETED,MEETS_EXPECTATIONS,2023-H1
REV_EMP000572_2023-H2,EMP000572,2023-H2,2025-03-28,COMPLETED,OUTSTANDING,2023-H2
REV_EMP000573_2023-H1,EMP000573,2023-H1,2026-09-08,COMPLETED,EXCEEDS_EXPECTATIONS,2023-H1
REV_EMP000573_2023-H2,EMP000573,2023-H2,2025-12-16,COMPLETED,EXCEEDS_EXPECTATIONS,2023-H2
REV_EMP000574_2022-H1,EMP000574,2022-H1,2024-10-21,COMPLETED,EXCEEDS_EXPECTATIONS,2022-H1
REV_EMP000574_2022-H2,EMP000574,2022-H2,2025-01-01,COMPLETED,NEEDS_IMPROVEMENT,2022-H2
REV_EMP000574_2023-H1,EMP000574,2023-H1,2024-12-06,COMPLETED,MEETS_EXPECTATIONS,2023-H1
REV_EMP000574_2023-H2,EMP000574,2023-H2,2026-05-27,COMPLETED,MEETS_EXPECTATIONS,2023-H2
REV_EMP000575_2022-H2,EMP000575,2022-H2,2026-07-10,COMPLETED,EXCEEDS_EXPECTATIONS,2022-H2
REV_EMP000575_2023-H1,EMP000575,2023-H1,2026-01-24,COMPLETED,MEETS_EXPECTATIONS,2023-H1
REV_EMP000576_2022-H1,EMP000576,2022-H1,2026-01-08,COMPLETED,NEEDS_IMPROVEMENT,2022-H1
REV_EMP000576_2022-H2,EMP000576,2022-H2,2025-07-09,COMPLETED,MEETS_EXPECTATIONS,2022-H2
REV_EMP000576_2023-H1,EMP000576,2023-H1,2026-05-17,COMPLETED,EXCEEDS_EXPECTATIONS,2023-H1
REV_EMP000576_2023-H2,EMP000576,2023-H2,2025-01-20,COMPLETED,EXCEEDS_EXPECTATIONS,2023-H2
REV_EMP000577_2022-H1,EMP000577,2022-H1,2024-10-02,COMPLETED,OUTSTANDING,2022-H1
REV_EMP000577_2023-H1,EMP000577,2023-H1,2026-08-04,COMPLETED,EXCEEDS_EXPECTATIONS,2023-H1
REV_EMP000578_2023-H2,EMP000578,2023-H2,2025-10-03,COMPLETED,MEETS_EXPECTATIONS,2023-H2
REV_EMP000579_2022-H1,EMP000579,2022-H1,2024-11-21,COMPLETED,MEETS_EXPECTATIONS,2022-H1
REV_EMP000579_2022-H2,EMP000579,2022-H2,2024-09-24,COMPLETED,MEETS_EXPECTATIONS,2022-H2
REV_EMP000580_2022-H1,EMP000580,2022-H1,2024-09-25,COMPLETED,MEETS_EXPECTATIONS,2022-H1
REV_EMP000580_2022-H2,EMP000580,2022-H2,2025-02-06,COMPLETED,EXCEEDS_EXPECTATIONS,2022-H2
REV_EMP000580_2023-H1,EMP000580,2023-H1,2026-09-09,COMPLETED,OUTSTANDING,2023-H1
REV_EMP000580_2023-H2,EMP000580,2023-H2,2024-11-28,COMPLETED,EXCEEDS_EXPECTATIONS,2023-H2
REV_EMP000581_2022-H1,EMP000581,2022-H1,2026-03-22,COMPLETED,EXCEEDS_EXPECTATIONS,2022-H1
REV_EMP000581_2022-H2,EMP000581,2022-H2,2026-02-08,COMPLETED,MEETS_EXPECTATIONS,2022-H2
REV_EMP000581_2023-H1,EMP000581,2023-H1,2025-12-25,COMPLETED,MEETS_EXPECTATIONS,2023-H1
REV_EMP000581_2023-H2,EMP000581,2023-H2,2026-08-09,COMPLETED,MEETS_EXPECTATIONS,2023-H2
REV_EMP000582_2022-H2,EMP000582,2022-H2,2025-04-28,COMPLETED,EXCEEDS_EXPECTATIONS,2022-H2
REV_EMP000582_2023-H1,EMP000582,2023-H1,2025-08-09,COMPLETED,MEETS_EXPECTATIONS,2023-H1
REV_EMP000582_2023-H2,EMP000582,2023-H2,2026-03-12,COMPLETED,MEETS_EXPECTATIONS,2023-H2
REV_EMP000583_2022-H1,EMP000583,2022-H1,2026-06-09,COMPLETED,MEETS_EXPECTATIONS,2022-H1
REV_EMP000583_2022-H2,EMP000583,2022-H2,2026-05-28,COMPLETED,MEETS_EXPECTATIONS,2022-H2
REV_EMP000583_2023-H1,EMP000583,2023-H1,2026-05-13,COMPLETED,EXCEEDS_EXPECTATIONS,2023-H1
REV_EMP000584_2022-H1,EMP000584,2022-H1,2025-09-24,COMPLETED,MEETS_EXPECTATIONS,2022-H1
REV_EMP000584_2022-H2,EMP000584,2022-H2,2026-03-11,COMPLETED,MEETS_EXPECTATIONS,2022-H2
REV_EMP000584_2023-H2,EMP000584,2023-H2,2024-12-27,COMPLETED,NEEDS_IMPROVEMENT,2023-H2
REV_EMP000585_2022-H1,EMP000585,2022-H1,2025-02-27,COMPLETED,MEETS_EXPECTATIONS,2022-H1
REV_EMP000585_2022-H2,EMP000585,2022-H2,2025-01-09,COMPLETED,NEEDS_IMPROVEMENT,2022-H2
REV_EMP000585_2023-H1,EMP000585,2023-H1,2026-01-29,COMPLETED,MEETS_EXPECTATIONS,2023-H1
REV_EMP000585_2023-H2,EMP000585,2023-H2,2025-04-18,COMPLETED,EXCEEDS_EXPECTATIONS,2023-H2
REV_EMP000586_2022-H1,EMP000586,2022-H1,2025-10-31,COMPLETED,NEEDS_IMPROVEMENT,2022-H1
REV_EMP000586_2022-H2,EMP000586,2022-H2,2025-09-04,COMPLETED,MEETS_EXPECTATIONS,2022-H2
REV_EMP000586_2023-H1,EMP000586,2023-H1,2025-08-06,COMPLETED,NEEDS_IMPROVEMENT,2023-H1
REV_EMP000586_2023-H2,EMP000586,2023-H2,2025-03-24,COMPLETED,MEETS_EXPECTATIONS,2023-H2
REV_EMP000587_2022-H1,EMP000587,2022-H1,2026-09-18,COMPLETED,NEEDS_IMPROVEMENT,2022-H1
REV_EMP000587_2022-H2,EMP000587,2022-H2,2025-02-02,COMPLETED,EXCEEDS_EXPECTATIONS,2022-H2
REV_EMP000587_2023-H1,EMP000587,2023-H1,2026-01-07,COMPLETED,OUTSTANDING,2023-H1
REV_EMP000587_2023-H2,EMP000587,2023-H2,2026-03-11,COMPLETED,MEETS_EXPECTATIONS,2023-H2
REV_EMP000588_2022-H1,EMP000588,2022-H1,2024-10-19,COMPLETED,MEETS_EXPECTATIONS,2022-H1
REV_EMP000588_2022-H2,EMP000588,2022-H2,2025-12-27,COMPLETED,MEETS_EXPECTATIONS,2022-H2
REV_EMP000588_2023-H1,EMP000588,2023-H1,2025-02-06,COMPLETED,EXCEEDS_EXPECTATIONS,2023-H1
REV_EMP000588_2023-H2,EMP000588,2023-H2,2026-03-31,COMPLETED,NEEDS_IMPROVEMENT,2023-H2
REV_EMP000589_2022-H2,EMP000589,2022-H2,2025-10-13,COMPLETED,EXCEEDS_EXPECTATIONS,2022-H2
REV_EMP000589_2023-H1,EMP000589,2023-H1,2026-01-08,COMPLETED,EXCEEDS_EXPECTATIONS,2023-H1
REV_EMP000589_2023-H2,EMP000589,2023-H2,2024-11-27,COMPLETED,MEETS_EXPECTATIONS,2023-H2
REV_EMP000590_2022-H1,EMP000590,2022-H1,2026-01-20,COMPLETED,MEETS_EXPECTATIONS,2022-H1
REV_EMP000590_2022-H2,EMP000590,2022-H2,2026-06-23,COMPLETED,MEETS_EXPECTATIONS,2022-H2
REV_EMP000590_2023-H1,EMP000590,2023-H1,2026-05-20,COMPLETED,EXCEEDS_EXPECTATIONS,2023-H1
REV_EMP000590_2023-H2,EMP000590,2023-H2,2025-05-11,COMPLETED,MEETS_EXPECTATIONS,2023-H2
REV_EMP000591_2022-H2,EMP000591,2022-H2,2025-06-17,COMPLETED,OUTSTANDING,2022-H2
REV_EMP000591_2023-H2,EMP000591,2023-H2,2025-08-11,COMPLETED,MEETS_EXPECTATIONS,2023-H2
REV_EMP000592_2022-H1,EMP000592,2022-H1,2024-09-23,COMPLETED,MEETS_EXPECTATIONS,2022-H1
REV_EMP000592_2022-H2,EMP000592,2022-H2,2025-11-27,COMPLETED,MEETS_EXPECTATIONS,2022-H2
REV_EMP000592_2023-H1,EMP000592,2023-H1,2025-03-22,COMPLETED,EXCEEDS_EXPECTATIONS,2023-H1
REV_EMP000592_2023-H2,EMP000592,2023-H2,2025-02-16,COMPLETED,MEETS_EXPECTATIONS,2023-H2
REV_EMP000593_2022-H2,EMP000593,2022-H2,2024-12-20,COMPLETED,MEETS_EXPECTATIONS,2022-H2
REV_EMP000593_2023-H1,EMP000593,2023-H1,2025-11-05,COMPLETED,MEETS_EXPECTATIONS,2023-H1
REV_EMP000593_2023-H2,EMP000593,2023-H2,2024-12-03,COMPLETED,MEETS_EXPECTATIONS,2023-H2
REV_EMP000594_2022-H1,EMP000594,2022-H1,2026-01-13,COMPLETED,OUTSTANDING,2022-H1
REV_EMP000594_2022-H2,EMP000594,2022-H2,2025-06-28,COMPLETED,EXCEEDS_EXPECTATIONS,2022-H2
REV_EMP000594_2023-H1,EMP000594,2023-H1,2026-07-22,COMPLETED,NEEDS_IMPROVEMENT,2023-H1
REV_EMP000594_2023-H2,EMP000594,2023-H2,2026-05-04,COMPLETED,MEETS_EXPECTATIONS,2023-H2
REV_EMP000595_2022-H1,EMP000595,2022-H1,2025-11-13,COMPLETED,MEETS_EXPECTATIONS,2022-H1
REV_EMP000595_2023-H2,EMP000595,2023-H2,2025-10-19,COMPLETED,MEETS_EXPECTATIONS,2023-H2
REV_EMP000596_2022-H1,EMP000596,2022-H1,2025-03-09,COMPLETED,MEETS_EXPECTATIONS,2022-H1
REV_EMP000596_2022-H2,EMP000596,2022-H2,2025-09-15,COMPLETED,MEETS_EXPECTATIONS,2022-H2
REV_EMP000596_2023-H1,EMP000596,2023-H1,2026-05-11,COMPLETED,NEEDS_IMPROVEMENT,2023-H1
REV_EMP000597_2022-H2,EMP000597,2022-H2,2026-01-19,COMPLETED,EXCEEDS_EXPECTATIONS,2022-H2
REV_EMP000597_2023-H1,EMP000597,2023-H1,2026-02-14,COMPLETED,NEEDS_IMPROVEMENT,2023-H1
REV_EMP000597_2023-H2,EMP000597,2023-H2,2025-02-28,COMPLETED,NEEDS_IMPROVEMENT,2023-H2
REV_EMP000598_2022-H1,EMP000598,2022-H1,2025-04-22,COMPLETED,MEETS_EXPECTATIONS,2022-H1
REV_EMP000598_2022-H2,EMP000598,2022-H2,2024-10-31,COMPLETED,MEETS_EXPECTATIONS,2022-H2
REV_EMP000598_2023-H1,EMP000598,2023-H1,2025-02-17,COMPLETED,MEETS_EXPECTATIONS,2023-H1
REV_EMP000598_2023-H2,EMP000598,2023-H2,2024-12-16,COMPLETED,MEETS_EXPECTATIONS,2023-H2
REV_EMP000599_2022-H1,EMP000599,2022-H1,2026-05-31,COMPLETED,NEEDS_IMPROVEMENT,2022-H1
REV_EMP000599_2022-H2,EMP000599,2022-H2,2025-01-13,COMPLETED,MEETS_EXPECTATIONS,2022-H2
REV_EMP000599_2023-H1,EMP000599,2023-H1,2026-03-06,COMPLETED,MEETS_EXPECTATIONS,2023-H1
REV_EMP000599_2023-H2,EMP000599,2023-H2,2026-07-07,COMPLETED,EXCEEDS_EXPECTATIONS,2023-H2
REV_EMP000600_2022-H1,EMP000600,2022-H1,2026-08-28,COMPLETED,MEETS_EXPECTATIONS,2022-H1
REV_EMP000600_2022-H2,EMP000600,2022-H2,2025-09-23,COMPLETED,MEETS_EXPECTATIONS,2022-H2
REV_EMP000600_2023-H1,EMP000600,2023-H1,2025-10-11,COMPLETED,EXCEEDS_EXPECTATIONS,2023-H1
REV_EMP000600_2023-H2,EMP000600,2023-H2,2025-02-03,COMPLETED,MEETS_EXPECTATIONS,2023-H2
REV_EMP000601_2022-H1,EMP000601,2022-H1,2025-01-22,COMPLETED,MEETS_EXPECTATIONS,2022-H1
REV_EMP000601_2022-H2,EMP000601,2022-H2,2026-02-22,COMPLETED,MEETS_EXPECTATIONS,2022-H2
REV_EMP000602_2022-H1,EMP000602,2022-H1,2026-09-06,COMPLETED,OUTSTANDING,2022-H1
REV_EMP000602_2023-H1,EMP000602,2023-H1,2024-10-23,COMPLETED,EXCEEDS_EXPECTATIONS,2023-H1
REV_EMP000602_2023-H2,EMP000602,2023-H2,2024-10-31,COMPLETED,EXCEEDS_EXPECTATIONS,2023-H2
REV_EMP000603_2022-H1,EMP000603,2022-H1,2026-02-02,COMPLETED,MEETS_EXPECTATIONS,2022-H1
REV_EMP000603_2022-H2,EMP000603,2022-H2,2025-06-29,COMPLETED,MEETS_EXPECTATIONS,2022-H2
REV_EMP000603_2023-H1,EMP000603,2023-H1,2025-04-29,COMPLETED,NEEDS_IMPROVEMENT,2023-H1
REV_EMP000603_2023-H2,EMP000603,2023-H2,2025-03-01,COMPLETED,MEETS_EXPECTATIONS,2023-H2
REV_EMP000604_2022-H1,EMP000604,2022-H1,2025-08-23,COMPLETED,NEEDS_IMPROVEMENT,2022-H1
REV_EMP000604_2023-H1,EMP000604,2023-H1,2025-04-03,COMPLETED,MEETS_EXPECTATIONS,2023-H1
REV_EMP000604_2023-H2,EMP000604,2023-H2,2025-06-06,COMPLETED,MEETS_EXPECTATIONS,2023-H2
REV_EMP000605_2022-H1,EMP000605,2022-H1,2026-01-12,COMPLETED,MEETS_EXPECTATIONS,2022-H1
REV_EMP000605_2022-H2,EMP000605,2022-H2,2026-06-07,COMPLETED,EXCEEDS_EXPECTATIONS,2022-H2
REV_EMP000605_2023-H1,EMP000605,2023-H1,2026-08-12,COMPLETED,NEEDS_IMPROVEMENT,2023-H1
REV_EMP000605_2023-H2,EMP000605,2023-H2,2026-05-02,COMPLETED,MEETS_EXPECTATIONS,2023-H2
REV_EMP000606_2022-H1,EMP000606,2022-H1,2025-09-06,COMPLETED,MEETS_EXPECTATIONS,2022-H1
REV_EMP000606_2022-H2,EMP000606,2022-H2,2024-10-23,COMPLETED,MEETS_EXPECTATIONS,2022-H2
REV_EMP000606_2023-H1,EMP000606,2023-H1,2024-12-10,COMPLETED,MEETS_EXPECTATIONS,2023-H1
REV_EMP000606_2023-H2,EMP000606,2023-H2,2026-04-18,COMPLETED,MEETS_EXPECTATIONS,2023-H2
REV_EMP000607_2022-H1,EMP000607,2022-H1,2024-10-30,COMPLETED,EXCEEDS_EXPECTATIONS,2022-H1
REV_EMP000607_2023-H1,EMP000607,2023-H1,2026-09-08,COMPLETED,EXCEEDS_EXPECTATIONS,2023-H1
REV_EMP000607_2023-H2,EMP000607,2023-H2,2025-11-11,COMPLETED,MEETS_EXPECTATIONS,2023-H2
REV_EMP000608_2022-H1,EMP000608,2022-H1,2025-02-03,COMPLETED,MEETS_EXPECTATIONS,2022-H1
REV_EMP000608_2022-H2,EMP000608,2022-H2,2025-01-20,COMPLETED,MEETS_EXPECTATIONS,2022-H2
REV_EMP000608_2023-H1,EMP000608,2023-H1,2026-05-23,COMPLETED,MEETS_EXPECTATIONS,2023-H1
REV_EMP000608_2023-H2,EMP000608,2023-H2,2024-10-12,COMPLETED,MEETS_EXPECTATIONS,2023-H2
REV_EMP000609_2022-H1,EMP000609,2022-H1,2025-10-01,COMPLETED,MEETS_EXPECTATIONS,2022-H1
REV_EMP000609_2022-H2,EMP000609,2022-H2,2025-10-24,COMPLETED,EXCEEDS_EXPECTATIONS,2022-H2
REV_EMP000609_2023-H1,EMP000609,2023-H1,2024-12-19,COMPLETED,MEETS_EXPECTATIONS,2023-H1
REV_EMP000610_2022-H1,EMP000610,2022-H1,2024-11-14,COMPLETED,MEETS_EXPECTATIONS,2022-H1
REV_EMP000610_2022-H2,EMP000610,2022-H2,2026-08-16,COMPLETED,NEEDS_IMPROVEMENT,2022-H2
REV_EMP000610_2023-H1,EMP000610,2023-H1,2025-03-21,COMPLETED,OUTSTANDING,2023-H1
REV_EMP000610_2023-H2,EMP000610,2023-H2,2026-04-03,COMPLETED,MEETS_EXPECTATIONS,2023-H2
REV_EMP000611_2022-H1,EMP000611,2022-H1,2025-08-31,COMPLETED,EXCEEDS_EXPECTATIONS,2022-H1
REV_EMP000611_2022-H2,EMP000611,2022-H2,2025-12-24,COMPLETED,NEEDS_IMPROVEMENT,2022-H2
REV_EMP000611_2023-H2,EMP000611,2023-H2,2025-12-14,COMPLETED,MEETS_EXPECTATIONS,2023-H2
REV_EMP000612_2022-H1,EMP000612,2022-H1,2025-05-31,COMPLETED,EXCEEDS_EXPECTATIONS,2022-H1
REV_EMP000612_2023-H2,EMP000612,2023-H2,2025-08-11,COMPLETED,MEETS_EXPECTATIONS,2023-H2
REV_EMP000613_2022-H1,EMP000613,2022-H1,2025-02-21,COMPLETED,MEETS_EXPECTATIONS,2022-H1
REV_EMP000613_2022-H2,EMP000613,2022-H2,2026-04-23,COMPLETED,OUTSTANDING,2022-H2
REV_EMP000613_2023-H1,EMP000613,2023-H1,2026-02-27,COMPLETED,MEETS_EXPECTATIONS,2023-H1
REV_EMP000613_2023-H2,EMP000613,2023-H2,2026-08-18,COMPLETED,MEETS_EXPECTATIONS,2023-H2
REV_EMP000614_2022-H1,EMP000614,2022-H1,2025-05-30,COMPLETED,MEETS_EXPECTATIONS,2022-H1
REV_EMP000614_2022-H2,EMP000614,2022-H2,2025-03-17,COMPLETED,EXCEEDS_EXPECTATIONS,2022-H2
REV_EMP000614_2023-H1,EMP000614,2023-H1,2026-05-18,COMPLETED,MEETS_EXPECTATIONS,2023-H1
REV_EMP000614_2023-H2,EMP000614,2023-H2,2024-12-14,COMPLETED,NEEDS_IMPROVEMENT,2023-H2
REV_EMP000615_2022-H1,EMP000615,2022-H1,2025-05-31,COMPLETED,MEETS_EXPECTATIONS,2022-H1
REV_EMP000615_2022-H2,EMP000615,2022-H2,2025-03-15,COMPLETED,MEETS_EXPECTATIONS,2022-H2
REV_EMP000615_2023-H1,EMP000615,2023-H1,2024-12-05,COMPLETED,EXCEEDS_EXPECTATIONS,2023-H1
REV_EMP000615_2023-H2,EMP000615,2023-H2,2025-03-23,COMPLETED,MEETS_EXPECTATIONS,2023-H2
REV_EMP000616_2023-H1,EMP000616,2023-H1,2026-04-16,COMPLETED,OUTSTANDING,2023-H1
REV_EMP000616_2023-H2,EMP000616,2023-H2,2025-08-06,COMPLETED,NEEDS_IMPROVEMENT,2023-H2
REV_EMP000617_2022-H1,EMP000617,2022-H1,2026-07-27,COMPLETED,MEETS_EXPECTATIONS,2022-H1
REV_EMP000617_2022-H2,EMP000617,2022-H2,2025-02-22,COMPLETED,MEETS_EXPECTATIONS,2022-H2
REV_EMP000617_2023-H1,EMP000617,2023-H1,2025-07-08,COMPLETED,MEETS_EXPECTATIONS,2023-H1
REV_EMP000617_2023-H2,EMP000617,2023-H2,2026-08-13,COMPLETED,MEETS_EXPECTATIONS,2023-H2
REV_EMP000618_2022-H1,EMP000618,2022-H1,2025-03-10,COMPLETED,NEEDS_IMPROVEMENT,2022-H1
REV_EMP000618_2022-H2,EMP000618,2022-H2,2024-11-16,COMPLETED,MEETS_EXPECTATIONS,2022-H2
REV_EMP000618_2023-H1,EMP000618,2023-H1,2025-09-20,COMPLETED,EXCEEDS_EXPECTATIONS,2023-H1
REV_EMP000618_2023-H2,EMP000618,2023-H2,2025-12-18,COMPLETED,EXCEEDS_EXPECTATIONS,2023-H2
REV_EMP000619_2022-H1,EMP000619,2022-H1,2025-10-01,COMPLETED,MEETS_EXPECTATIONS,2022-H1
REV_EMP000619_2022-H2,EMP000619,2022-H2,2024-11-01,COMPLETED,MEETS_EXPECTATIONS,2022-H2
REV_EMP000619_2023-H2,EMP000619,2023-H2,2026-08-12,COMPLETED,EXCEEDS_EXPECTATIONS,2023-H2
REV_EMP000620_2022-H1,EMP000620,2022-H1,2025-08-24,COMPLETED,MEETS_EXPECTATIONS,2022-H1
REV_EMP000620_2022-H2,EMP000620,2022-H2,2025-01-10,COMPLETED,MEETS_EXPECTATIONS,2022-H2
REV_EMP000620_2023-H1,EMP000620,2023-H1,2025-03-06,COMPLETED,NEEDS_IMPROVEMENT,2023-H1
REV_EMP000620_2023-H2,EMP000620,2023-H2,2026-09-10,COMPLETED,MEETS_EXPECTATIONS,2023-H2
REV_EMP000621_2022-H1,EMP000621,2022-H1,2026-01-06,COMPLETED,MEETS_EXPECTATIONS,2022-H1
REV_EMP000621_2022-H2,EMP000621,2022-H2,2025-09-08,COMPLETED,MEETS_EXPECTATIONS,2022-H2
REV_EMP000621_2023-H1,EMP000621,2023-H1,2025-02-05,COMPLETED,OUTSTANDING,2023-H1
REV_EMP000621_2023-H2,EMP000621,2023-H2,2025-07-17,COMPLETED,OUTSTANDING,2023-H2
REV_EMP000622_2022-H1,EMP000622,2022-H1,2025-07-07,COMPLETED,MEETS_EXPECTATIONS,2022-H1
REV_EMP000622_2022-H2,EMP000622,2022-H2,2025-01-03,COMPLETED,EXCEEDS_EXPECTATIONS,2022-H2
REV_EMP000622_2023-H1,EMP000622,2023-H1,2025-09-10,COMPLETED,NEEDS_IMPROVEMENT,2023-H1
REV_EMP000622_2023-H2,EMP000622,2023-H2,2026-04-02,COMPLETED,OUTSTANDING,2023-H2
REV_EMP000623_2022-H1,EMP000623,2022-H1,2025-02-17,COMPLETED,EXCEEDS_EXPECTATIONS,2022-H1
REV_EMP000623_2023-H1,EMP000623,2023-H1,2026-01-23,COMPLETED,NEEDS_IMPROVEMENT,2023-H1
REV_EMP000623_2023-H2,EMP000623,2023-H2,2025-06-25,COMPLETED,OUTSTANDING,2023-H2
REV_EMP000624_2022-H1,EMP000624,2022-H1,2025-04-17,COMPLETED,EXCEEDS_EXPECTATIONS,2022-H1
REV_EMP000624_2022-H2,EMP000624,2022-H2,2025-02-24,COMPLETED,EXCEEDS_EXPECTATIONS,2022-H2
REV_EMP000624_2023-H1,EMP000624,2023-H1,2025-06-07,COMPLETED,MEETS_EXPECTATIONS,2023-H1
REV_EMP000624_2023-H2,EMP000624,2023-H2,2024-12-27,COMPLETED,EXCEEDS_EXPECTATIONS,2023-H2
REV_EMP000625_2022-H1,EMP000625,2022-H1,2024-10-14,COMPLETED,MEETS_EXPECTATIONS,2022-H1
REV_EMP000625_2022-H2,EMP000625,2022-H2,2026-03-11,COMPLETED,EXCEEDS_EXPECTATIONS,2022-H2
REV_EMP000625_2023-H1,EMP000625,2023-H1,2025-12-05,COMPLETED,EXCEEDS_EXPECTATIONS,2023-H1
REV_EMP000626_2022-H1,EMP000626,2022-H1,2024-11-05,COMPLETED,NEEDS_IMPROVEMENT,2022-H1
REV_EMP000626_2022-H2,EMP000626,2022-H2,2025-04-25,COMPLETED,EXCEEDS_EXPECTATIONS,2022-H2
REV_EMP000626_2023-H1,EMP000626,2023-H1,2025-01-04,COMPLETED,MEETS_EXPECTATIONS,2023-H1
REV_EMP000626_2023-H2,EMP000626,2023-H2,2024-12-15,COMPLETED,MEETS_EXPECTATIONS,2023-H2
REV_EMP000627_2022-H1,EMP000627,2022-H1,2026-07-13,COMPLETED,EXCEEDS_EXPECTATIONS,2022-H1
REV_EMP000627_2022-H2,EMP000627,2022-H2,2025-09-16,COMPLETED,MEETS_EXPECTATIONS,2022-H2
REV_EMP000627_2023-H1,EMP000627,2023-H1,2025-09-11,COMPLETED,MEETS_EXPECTATIONS,2023-H1
REV_EMP000627_2023-H2,EMP000627,2023-H2,2025-08-10,COMPLETED,EXCEEDS_EXPECTATIONS,2023-H2
REV_EMP000628_2022-H1,EMP000628,2022-H1,2025-01-30,COMPLETED,EXCEEDS_EXPECTATIONS,2022-H1
REV_EMP000628_2022-H2,EMP000628,2022-H2,2026-05-03,COMPLETED,EXCEEDS_EXPECTATIONS,2022-H2
REV_EMP000628_2023-H2,EMP000628,2023-H2,2025-06-13,COMPLETED,NEEDS_IMPROVEMENT,2023-H2
REV_EMP000629_2022-H2,EMP000629,2022-H2,2025-03-09,COMPLETED,OUTSTANDING,2022-H2
REV_EMP000629_2023-H1,EMP000629,2023-H1,2026-08-09,COMPLETED,MEETS_EXPECTATIONS,2023-H1
REV_EMP000630_2022-H1,EMP000630,2022-H1,2025-05-07,COMPLETED,EXCEEDS_EXPECTATIONS,2022-H1
REV_EMP000630_2022-H2,EMP000630,2022-H2,2026-01-01,COMPLETED,MEETS_EXPECTATIONS,2022-H2
REV_EMP000630_2023-H1,EMP000630,2023-H1,2025-01-19,COMPLETED,OUTSTANDING,2023-H1
REV_EMP000630_2023-H2,EMP000630,2023-H2,2026-05-26,COMPLETED,EXCEEDS_EXPECTATIONS,2023-H2
REV_EMP000631_2023-H1,EMP000631,2023-H1,2026-05-30,COMPLETED,MEETS_EXPECTATIONS,2023-H1
REV_EMP000632_2022-H1,EMP000632,2022-H1,2026-01-28,COMPLETED,MEETS_EXPECTATIONS,2022-H1
REV_EMP000632_2022-H2,EMP000632,2022-H2,2026-01-07,COMPLETED,MEETS_EXPECTATIONS,2022-H2
REV_EMP000632_2023-H1,EMP000632,2023-H1,2026-08-24,COMPLETED,MEETS_EXPECTATIONS,2023-H1
REV_EMP000632_2023-H2,EMP000632,2023-H2,2025-01-29,COMPLETED,MEETS_EXPECTATIONS,2023-H2
REV_EMP000633_2022-H1,EMP000633,2022-H1,2025-12-13,COMPLETED,MEETS_EXPECTATIONS,2022-H1
REV_EMP000633_2022-H2,EMP000633,2022-H2,2025-11-23,COMPLETED,MEETS_EXPECTATIONS,2022-H2
REV_EMP000633_2023-H1,EMP000633,2023-H1,2026-07-16,COMPLETED,MEETS_EXPECTATIONS,2023-H1
REV_EMP000633_2023-H2,EMP000633,2023-H2,2025-03-17,COMPLETED,MEETS_EXPECTATIONS,2023-H2
REV_EMP000634_2023-H1,EMP000634,2023-H1,2024-11-26,COMPLETED,EXCEEDS_EXPECTATIONS,2023-H1
REV_EMP000634_2023-H2,EMP000634,2023-H2,2025-08-05,COMPLETED,OUTSTANDING,2023-H2
REV_EMP000635_2022-H1,EMP000635,2022-H1,2026-07-17,COMPLETED,MEETS_EXPECTATIONS,2022-H1
REV_EMP000635_2023-H1,EMP000635,2023-H1,2025-10-30,COMPLETED,MEETS_EXPECTATIONS,2023-H1
REV_EMP000636_2022-H1,EMP000636,2022-H1,2025-10-04,COMPLETED,EXCEEDS_EXPECTATIONS,2022-H1
REV_EMP000636_2022-H2,EMP000636,2022-H2,2026-07-21,COMPLETED,MEETS_EXPECTATIONS,2022-H2
REV_EMP000636_2023-H1,EMP000636,2023-H1,2025-03-07,COMPLETED,MEETS_EXPECTATIONS,2023-H1
REV_EMP000636_2023-H2,EMP000636,2023-H2,2025-12-23,COMPLETED,MEETS_EXPECTATIONS,2023-H2
REV_EMP000637_2022-H1,EMP000637,2022-H1,2025-09-22,COMPLETED,MEETS_EXPECTATIONS,2022-H1
REV_EMP000637_2022-H2,EMP000637,2022-H2,2026-07-02,COMPLETED,EXCEEDS_EXPECTATIONS,2022-H2
REV_EMP000637_2023-H2,EMP000637,2023-H2,2025-09-14,COMPLETED,MEETS_EXPECTATIONS,2023-H2
REV_EMP000638_2022-H1,EMP000638,2022-H1,2025-04-24,COMPLETED,MEETS_EXPECTATIONS,2022-H1
REV_EMP000638_2022-H2,EMP000638,2022-H2,2024-10-01,COMPLETED,MEETS_EXPECTATIONS,2022-H2
REV_EMP000638_2023-H1,EMP000638,2023-H1,2026-04-10,COMPLETED,MEETS_EXPECTATIONS,2023-H1
REV_EMP000638_2023-H2,EMP000638,2023-H2,2025-08-18,COMPLETED,MEETS_EXPECTATIONS,2023-H2
REV_EMP000639_2022-H1,EMP000639,2022-H1,2026-04-14,COMPLETED,MEETS_EXPECTATIONS,2022-H1
REV_EMP000639_2022-H2,EMP000639,2022-H2,2026-07-29,COMPLETED,MEETS_EXPECTATIONS,2022-H2
REV_EMP000639_2023-H2,EMP000639,2023-H2,2025-03-30,COMPLETED,MEETS_EXPECTATIONS,2023-H2
REV_EMP000640_2022-H1,EMP000640,2022-H1,2025-03-31,COMPLETED,MEETS_EXPECTATIONS,2022-H1
REV_EMP000640_2022-H2,EMP000640,2022-H2,2025-06-01,COMPLETED,MEETS_EXPECTATIONS,2022-H2
REV_EMP000640_2023-H2,EMP000640,2023-H2,2025-08-23,COMPLETED,EXCEEDS_EXPECTATIONS,2023-H2
REV_EMP000641_2022-H2,EMP000641,2022-H2,2025-12-14,COMPLETED,OUTSTANDING,2022-H2
REV_EMP000641_2023-H1,EMP000641,2023-H1,2025-03-11,COMPLETED,MEETS_EXPECTATIONS,2023-H1
REV_EMP000641_2023-H2,EMP000641,2023-H2,2026-08-13,COMPLETED,MEETS_EXPECTATIONS,2023-H2
REV_EMP000642_2022-H1,EMP000642,2022-H1,2026-09-10,COMPLETED,MEETS_EXPECTATIONS,2022-H1
REV_EMP000642_2023-H1,EMP000642,2023-H1,2025-12-23,COMPLETED,EXCEEDS_EXPECTATIONS,2023-H1
REV_EMP000642_2023-H2,EMP000642,2023-H2,2025-01-13,COMPLETED,EXCEEDS_EXPECTATIONS,2023-H2
REV_EMP000643_2022-H1,EMP000643,2022-H1,2026-08-30,COMPLETED,MEETS_EXPECTATIONS,2022-H1
REV_EMP000643_2022-H2,EMP000643,2022-H2,2025-12-09,COMPLETED,EXCEEDS_EXPECTATIONS,2022-H2
REV_EMP000643_2023-H1,EMP000643,2023-H1,2026-08-18,COMPLETED,NEEDS_IMPROVEMENT,2023-H1
REV_EMP000644_2022-H1,EMP000644,2022-H1,2024-09-23,COMPLETED,MEETS_EXPECTATIONS,2022-H1
REV_EMP000644_2022-H2,EMP000644,2022-H2,2025-08-10,COMPLETED,MEETS_EXPECTATIONS,2022-H2
REV_EMP000644_2023-H2,EMP000644,2023-H2,2024-10-24,COMPLETED,MEETS_EXPECTATIONS,2023-H2
REV_EMP000645_2022-H1,EMP000645,2022-H1,2024-10-21,COMPLETED,MEETS_EXPECTATIONS,2022-H1
REV_EMP000645_2022-H2,EMP000645,2022-H2,2025-09-20,COMPLETED,MEETS_EXPECTATIONS,2022-H2
REV_EMP000645_2023-H1,EMP000645,2023-H1,2026-04-12,COMPLETED,MEETS_EXPECTATIONS,2023-H1
REV_EMP000646_2022-H1,EMP000646,2022-H1,2026-05-09,COMPLETED,MEETS_EXPECTATIONS,2022-H1
REV_EMP000646_2023-H2,EMP000646,2023-H2,2025-10-16,COMPLETED,EXCEEDS_EXPECTATIONS,2023-H2
REV_EMP000647_2022-H1,EMP000647,2022-H1,2024-10-16,COMPLETED,NEEDS_IMPROVEMENT,2022-H1
REV_EMP000647_2022-H2,EMP000647,2022-H2,2025-08-16,COMPLETED,MEETS_EXPECTATIONS,2022-H2
REV_EMP000647_2023-H2,EMP000647,2023-H2,2025-11-06,COMPLETED,EXCEEDS_EXPECTATIONS,2023-H2
REV_EMP000648_2022-H2,EMP000648,2022-H2,2025-07-23,COMPLETED,MEETS_EXPECTATIONS,2022-H2
REV_EMP000648_2023-H1,EMP000648,2023-H1,2025-09-27,COMPLETED,MEETS_EXPECTATIONS,2023-H1
REV_EMP000649_2022-H1,EMP000649,2022-H1,2026-06-10,COMPLETED,MEETS_EXPECTATIONS,2022-H1
REV_EMP000649_2022-H2,EMP000649,2022-H2,2026-06-01,COMPLETED,MEETS_EXPECTATIONS,2022-H2
REV_EMP000649_2023-H1,EMP000649,2023-H1,2026-03-15,COMPLETED,MEETS_EXPECTATIONS,2023-H1
REV_EMP000650_2022-H1,EMP000650,2022-H1,2026-06-19,COMPLETED,MEETS_EXPECTATIONS,2022-H1
REV_EMP000650_2022-H2,EMP000650,2022-H2,2024-12-05,COMPLETED,OUTSTANDING,2022-H2
REV_EMP000650_2023-H1,EMP000650,2023-H1,2025-09-06,COMPLETED,MEETS_EXPECTATIONS,2023-H1
REV_EMP000651_2022-H1,EMP000651,2022-H1,2025-10-09,COMPLETED,MEETS_EXPECTATIONS,2022-H1
REV_EMP000651_2022-H2,EMP000651,2022-H2,2025-03-25,COMPLETED,MEETS_EXPECTATIONS,2022-H2
REV_EMP000651_2023-H2,EMP000651,2023-H2,2024-11-23,COMPLETED,OUTSTANDING,2023-H2
REV_EMP000652_2022-H1,EMP000652,2022-H1,2025-11-27,COMPLETED,MEETS_EXPECTATIONS,2022-H1
REV_EMP000652_2022-H2,EMP000652,2022-H2,2026-04-27,COMPLETED,MEETS_EXPECTATIONS,2022-H2
REV_EMP000652_2023-H1,EMP000652,2023-H1,2024-09-29,COMPLETED,MEETS_EXPECTATIONS,2023-H1
REV_EMP000652_2023-H2,EMP000652,2023-H2,2026-03-12,COMPLETED,OUTSTANDING,2023-H2
REV_EMP000653_2023-H1,EMP000653,2023-H1,2026-04-11,COMPLETED,MEETS_EXPECTATIONS,2023-H1
REV_EMP000653_2023-H2,EMP000653,2023-H2,2025-08-01,COMPLETED,MEETS_EXPECTATIONS,2023-H2
REV_EMP000654_2022-H1,EMP000654,2022-H1,2025-03-08,COMPLETED,MEETS_EXPECTATIONS,2022-H1
REV_EMP000654_2022-H2,EMP000654,2022-H2,2025-01-01,COMPLETED,MEETS_EXPECTATIONS,2022-H2
REV_EMP000654_2023-H1,EMP000654,2023-H1,2025-06-25,COMPLETED,EXCEEDS_EXPECTATIONS,2023-H1
REV_EMP000654_2023-H2,EMP000654,2023-H2,2025-05-07,COMPLETED,MEETS_EXPECTATIONS,2023-H2
REV_EMP000655_2022-H1,EMP000655,2022-H1,2025-03-24,COMPLETED,MEETS_EXPECTATIONS,2022-H1
REV_EMP000655_2022-H2,EMP000655,2022-H2,2026-02-05,COMPLETED,MEETS_EXPECTATIONS,2022-H2
REV_EMP000655_2023-H1,EMP000655,2023-H1,2024-11-29,COMPLETED,NEEDS_IMPROVEMENT,2023-H1
REV_EMP000655_2023-H2,EMP000655,2023-H2,2024-10-02,COMPLETED,EXCEEDS_EXPECTATIONS,2023-H2
REV_EMP000656_2022-H1,EMP000656,2022-H1,2025-09-27,COMPLETED,MEETS_EXPECTATIONS,2022-H1
REV_EMP000656_2022-H2,EMP000656,2022-H2,2026-02-21,COMPLETED,MEETS_EXPECTATIONS,2022-H2
REV_EMP000656_2023-H1,EMP000656,2023-H1,2025-05-14,COMPLETED,EXCEEDS_EXPECTATIONS,2023-H1
REV_EMP000656_2023-H2,EMP000656,2023-H2,2025-01-23,COMPLETED,EXCEEDS_EXPECTATIONS,2023-H2
REV_EMP000657_2022-H1,EMP000657,2022-H1,2026-03-20,COMPLETED,NEEDS_IMPROVEMENT,2022-H1
REV_EMP000657_2023-H1,EMP000657,2023-H1,2025-09-11,COMPLETED,MEETS_EXPECTATIONS,2023-H1
REV_EMP000657_2023-H2,EMP000657,2023-H2,2026-07-18,COMPLETED,MEETS_EXPECTATIONS,2023-H2
REV_EMP000658_2022-H1,EMP000658,2022-H1,2025-12-07,COMPLETED,MEETS_EXPECTATIONS,2022-H1
REV_EMP000658_2022-H2,EMP000658,2022-H2,2026-04-23,COMPLETED,OUTSTANDING,2022-H2
REV_EMP000658_2023-H2,EMP000658,2023-H2,2025-12-17,COMPLETED,MEETS_EXPECTATIONS,2023-H2
REV_EMP000659_2022-H1,EMP000659,2022-H1,2024-10-08,COMPLETED,MEETS_EXPECTATIONS,2022-H1
REV_EMP000659_2022-H2,EMP000659,2022-H2,2025-09-08,COMPLETED,MEETS_EXPECTATIONS,2022-H2
REV_EMP000659_2023-H1,EMP000659,2023-H1,2025-09-15,COMPLETED,MEETS_EXPECTATIONS,2023-H1
REV_EMP000659_2023-H2,EMP000659,2023-H2,2026-05-12,COMPLETED,MEETS_EXPECTATIONS,2023-H2
REV_EMP000660_2022-H1,EMP000660,2022-H1,2025-01-05,COMPLETED,MEETS_EXPECTATIONS,2022-H1
REV_EMP000660_2022-H2,EMP000660,2022-H2,2026-07-31,COMPLETED,MEETS_EXPECTATIONS,2022-H2
REV_EMP000660_2023-H1,EMP000660,2023-H1,2026-03-20,COMPLETED,MEETS_EXPECTATIONS,2023-H1
REV_EMP000661_2022-H1,EMP000661,2022-H1,2025-07-31,COMPLETED,MEETS_EXPECTATIONS,2022-H1
REV_EMP000661_2022-H2,EMP000661,2022-H2,2025-02-10,COMPLETED,EXCEEDS_EXPECTATIONS,2022-H2
REV_EMP000661_2023-H1,EMP000661,2023-H1,2026-05-26,COMPLETED,MEETS_EXPECTATIONS,2023-H1
REV_EMP000661_2023-H2,EMP000661,2023-H2,2026-07-28,COMPLETED,OUTSTANDING,2023-H2
REV_EMP000662_2022-H1,EMP000662,2022-H1,2025-07-04,COMPLETED,EXCEEDS_EXPECTATIONS,2022-H1
REV_EMP000662_2022-H2,EMP000662,2022-H2,2026-01-19,COMPLETED,MEETS_EXPECTATIONS,2022-H2
REV_EMP000662_2023-H1,EMP000662,2023-H1,2025-09-15,COMPLETED,EXCEEDS_EXPECTATIONS,2023-H1
REV_EMP000663_2022-H1,EMP000663,2022-H1,2026-03-20,COMPLETED,MEETS_EXPECTATIONS,2022-H1
REV_EMP000663_2023-H1,EMP000663,2023-H1,2026-01-24,COMPLETED,MEETS_EXPECTATIONS,2023-H1
REV_EMP000664_2022-H1,EMP000664,2022-H1,2024-09-21,COMPLETED,MEETS_EXPECTATIONS,2022-H1
REV_EMP000664_2022-H2,EMP000664,2022-H2,2026-07-20,COMPLETED,NEEDS_IMPROVEMENT,2022-H2
REV_EMP000664_2023-H1,EMP000664,2023-H1,2026-01-20,COMPLETED,MEETS_EXPECTATIONS,2023-H1
REV_EMP000664_2023-H2,EMP000664,2023-H2,2024-11-13,COMPLETED,MEETS_EXPECTATIONS,2023-H2
REV_EMP000665_2022-H1,EMP000665,2022-H1,2025-07-15,COMPLETED,MEETS_EXPECTATIONS,2022-H1
REV_EMP000665_2022-H2,EMP000665,2022-H2,2026-08-14,COMPLETED,MEETS_EXPECTATIONS,2022-H2
REV_EMP000665_2023-H1,EMP000665,2023-H1,2026-03-10,COMPLETED,EXCEEDS_EXPECTATIONS,2023-H1
REV_EMP000665_2023-H2,EMP000665,2023-H2,2025-06-05,COMPLETED,MEETS_EXPECTATIONS,2023-H2
REV_EMP000666_2022-H1,EMP000666,2022-H1,2025-11-06,COMPLETED,MEETS_EXPECTATIONS,2022-H1
REV_EMP000666_2022-H2,EMP000666,2022-H2,2024-10-15,COMPLETED,MEETS_EXPECTATIONS,2022-H2
REV_EMP000666_2023-H1,EMP000666,2023-H1,2025-05-08,COMPLETED,NEEDS_IMPROVEMENT,2023-H1
REV_EMP000667_2022-H1,EMP000667,2022-H1,2025-08-16,COMPLETED,MEETS_EXPECTATIONS,2022-H1
REV_EMP000667_2022-H2,EMP000667,2022-H2,2026-04-27,COMPLETED,MEETS_EXPECTATIONS,2022-H2
REV_EMP000667_2023-H1,EMP000667,2023-H1,2025-04-17,COMPLETED,MEETS_EXPECTATIONS,2023-H1
REV_EMP000667_2023-H2,EMP000667,2023-H2,2026-03-16,COMPLETED,MEETS_EXPECTATIONS,2023-H2
REV_EMP000668_2022-H1,EMP000668,2022-H1,2026-01-08,COMPLETED,MEETS_EXPECTATIONS,2022-H1
REV_EMP000668_2022-H2,EMP000668,2022-H2,2025-11-15,COMPLETED,EXCEEDS_EXPECTATIONS,2022-H2
REV_EMP000668_2023-H1,EMP000668,2023-H1,2025-12-10,COMPLETED,MEETS_EXPECTATIONS,2023-H1
REV_EMP000668_2023-H2,EMP000668,2023-H2,2026-05-30,COMPLETED,MEETS_EXPECTATIONS,2023-H2
REV_EMP000669_2022-H1,EMP000669,2022-H1,2025-02-27,COMPLETED,OUTSTANDING,2022-H1
REV_EMP000669_2023-H1,EMP000669,2023-H1,2026-05-24,COMPLETED,MEETS_EXPECTATIONS,2023-H1
REV_EMP000670_2022-H1,EMP000670,2022-H1,2026-03-05,COMPLETED,MEETS_EXPECTATIONS,2022-H1
REV_EMP000670_2022-H2,EMP000670,2022-H2,2024-11-21,COMPLETED,NEEDS_IMPROVEMENT,2022-H2
REV_EMP000670_2023-H1,EMP000670,2023-H1,2026-01-14,COMPLETED,MEETS_EXPECTATIONS,2023-H1
REV_EMP000670_2023-H2,EMP000670,2023-H2,2026-08-05,COMPLETED,MEETS_EXPECTATIONS,2023-H2
REV_EMP000671_2022-H1,EMP000671,2022-H1,2025-06-07,COMPLETED,MEETS_EXPECTATIONS,2022-H1
REV_EMP000671_2022-H2,EMP000671,2022-H2,2026-04-14,COMPLETED,MEETS_EXPECTATIONS,2022-H2
REV_EMP000671_2023-H1,EMP000671,2023-H1,2026-09-14,COMPLETED,MEETS_EXPECTATIONS,2023-H1
REV_EMP000671_2023-H2,EMP000671,2023-H2,2024-11-01,COMPLETED,MEETS_EXPECTATIONS,2023-H2
REV_EMP000672_2022-H1,EMP000672,2022-H1,2025-10-24,COMPLETED,EXCEEDS_EXPECTATIONS,2022-H1
REV_EMP000672_2022-H2,EMP000672,2022-H2,2026-08-27,COMPLETED,OUTSTANDING,2022-H2
REV_EMP000672_2023-H1,EMP000672,2023-H1,2026-02-26,COMPLETED,EXCEEDS_EXPECTATIONS,2023-H1
REV_EMP000672_2023-H2,EMP000672,2023-H2,2025-06-29,COMPLETED,EXCEEDS_EXPECTATIONS,2023-H2
REV_EMP000673_2022-H1,EMP000673,2022-H1,2026-08-10,COMPLETED,MEETS_EXPECTATIONS,2022-H1
REV_EMP000673_2022-H2,EMP000673,2022-H2,2024-10-30,COMPLETED,MEETS_EXPECTATIONS,2022-H2
REV_EMP000673_2023-H1,EMP000673,2023-H1,2024-12-15,COMPLETED,MEETS_EXPECTATIONS,2023-H1
REV_EMP000673_2023-H2,EMP000673,2023-H2,2025-07-14,COMPLETED,NEEDS_IMPROVEMENT,2023-H2
REV_EMP000674_2022-H1,EMP000674,2022-H1,2025-06-30,COMPLETED,MEETS_EXPECTATIONS,2022-H1
REV_EMP000674_2022-H2,EMP000674,2022-H2,2025-09-16,COMPLETED,EXCEEDS_EXPECTATIONS,2022-H2
REV_EMP000674_2023-H1,EMP000674,2023-H1,2026-01-13,COMPLETED,MEETS_EXPECTATIONS,2023-H1
REV_EMP000674_2023-H2,EMP000674,2023-H2,2024-10-21,COMPLETED,OUTSTANDING,2023-H2
REV_EMP000675_2022-H1,EMP000675,2022-H1,2025-06-30,COMPLETED,MEETS_EXPECTATIONS,2022-H1
REV_EMP000675_2022-H2,EMP000675,2022-H2,2025-07-01,COMPLETED,NEEDS_IMPROVEMENT,2022-H2
REV_EMP000675_2023-H1,EMP000675,2023-H1,2025-02-03,COMPLETED,MEETS_EXPECTATIONS,2023-H1
REV_EMP000676_2022-H1,EMP000676,2022-H1,2026-02-05,COMPLETED,NEEDS_IMPROVEMENT,2022-H1
REV_EMP000676_2022-H2,EMP000676,2022-H2,2025-11-28,COMPLETED,MEETS_EXPECTATIONS,2022-H2
REV_EMP000676_2023-H1,EMP000676,2023-H1,2026-03-21,COMPLETED,MEETS_EXPECTATIONS,2023-H1
REV_EMP000677_2022-H1,EMP000677,2022-H1,2024-11-11,COMPLETED,MEETS_EXPECTATIONS,2022-H1
REV_EMP000677_2023-H1,EMP000677,2023-H1,2025-11-29,COMPLETED,MEETS_EXPECTATIONS,2023-H1
REV_EMP000677_2023-H2,EMP000677,2023-H2,2026-03-24,COMPLETED,OUTSTANDING,2023-H2
REV_EMP000678_2022-H1,EMP000678,2022-H1,2026-05-13,COMPLETED,EXCEEDS_EXPECTATIONS,2022-H1
REV_EMP000678_2022-H2,EMP000678,2022-H2,2025-02-26,COMPLETED,OUTSTANDING,2022-H2
REV_EMP000678_2023-H1,EMP000678,2023-H1,2025-01-05,COMPLETED,MEETS_EXPECTATIONS,2023-H1
REV_EMP000678_2023-H2,EMP000678,2023-H2,2025-06-07,COMPLETED,EXCEEDS_EXPECTATIONS,2023-H2
REV_EMP000679_2022-H1,EMP000679,2022-H1,2025-03-24,COMPLETED,EXCEEDS_EXPECTATIONS,2022-H1
REV_EMP000679_2023-H2,EMP000679,2023-H2,2025-11-13,COMPLETED,MEETS_EXPECTATIONS,2023-H2
REV_EMP000680_2022-H1,EMP000680,2022-H1,2024-12-17,COMPLETED,EXCEEDS_EXPECTATIONS,2022-H1
REV_EMP000680_2023-H1,EMP000680,2023-H1,2026-02-06,COMPLETED,EXCEEDS_EXPECTATIONS,2023-H1
REV_EMP000681_2022-H1,EMP000681,2022-H1,2025-09-26,COMPLETED,NEEDS_IMPROVEMENT,2022-H1
REV_EMP000681_2023-H1,EMP000681,2023-H1,2026-04-15,COMPLETED,OUTSTANDING,2023-H1
REV_EMP000682_2022-H1,EMP000682,2022-H1,2026-09-19,COMPLETED,NEEDS_IMPROVEMENT,2022-H1
REV_EMP000682_2022-H2,EMP000682,2022-H2,2026-04-27,COMPLETED,EXCEEDS_EXPECTATIONS,2022-H2
REV_EMP000682_2023-H1,EMP000682,2023-H1,2025-12-14,COMPLETED,EXCEEDS_EXPECTATIONS,2023-H1
REV_EMP000682_2023-H2,EMP000682,2023-H2,2026-07-28,COMPLETED,MEETS_EXPECTATIONS,2023-H2
REV_EMP000683_2022-H1,EMP000683,2022-H1,2026-03-19,COMPLETED,MEETS_EXPECTATIONS,2022-H1
REV_EMP000683_2022-H2,EMP000683,2022-H2,2025-03-01,COMPLETED,MEETS_EXPECTATIONS,2022-H2
REV_EMP000683_2023-H1,EMP000683,2023-H1,2026-04-28,COMPLETED,MEETS_EXPECTATIONS,2023-H1
REV_EMP000684_2022-H1,EMP000684,2022-H1,2026-04-21,COMPLETED,MEETS_EXPECTATIONS,2022-H1
REV_EMP000684_2022-H2,EMP000684,2022-H2,2026-05-03,COMPLETED,NEEDS_IMPROVEMENT,2022-H2
REV_EMP000684_2023-H1,EMP000684,2023-H1,2025-03-14,COMPLETED,MEETS_EXPECTATIONS,2023-H1
REV_EMP000685_2022-H1,EMP000685,2022-H1,2025-05-26,COMPLETED,MEETS_EXPECTATIONS,2022-H1
REV_EMP000685_2022-H2,EMP000685,2022-H2,2025-06-20,COMPLETED,EXCEEDS_EXPECTATIONS,2022-H2
REV_EMP000685_2023-H2,EMP000685,2023-H2,2026-08-18,COMPLETED,MEETS_EXPECTATIONS,2023-H2
REV_EMP000686_2022-H1,EMP000686,2022-H1,2025-04-15,COMPLETED,MEETS_EXPECTATIONS,2022-H1
REV_EMP000686_2022-H2,EMP000686,2022-H2,2025-10-16,COMPLETED,MEETS_EXPECTATIONS,2022-H2
REV_EMP000686_2023-H1,EMP000686,2023-H1,2026-03-02,COMPLETED,MEETS_EXPECTATIONS,2023-H1
REV_EMP000687_2022-H1,EMP000687,2022-H1,2025-08-14,COMPLETED,MEETS_EXPECTATIONS,2022-H1
REV_EMP000687_2022-H2,EMP000687,2022-H2,2025-04-23,COMPLETED,OUTSTANDING,2022-H2
REV_EMP000687_2023-H1,EMP000687,2023-H1,2024-11-01,COMPLETED,EXCEEDS_EXPECTATIONS,2023-H1
REV_EMP000687_2023-H2,EMP000687,2023-H2,2024-11-08,COMPLETED,MEETS_EXPECTATIONS,2023-H2
REV_EMP000688_2022-H2,EMP000688,2022-H2,2025-07-06,COMPLETED,MEETS_EXPECTATIONS,2022-H2
REV_EMP000688_2023-H1,EMP000688,2023-H1,2025-06-15,COMPLETED,MEETS_EXPECTATIONS,2023-H1
REV_EMP000688_2023-H2,EMP000688,2023-H2,2025-09-06,COMPLETED,MEETS_EXPECTATIONS,2023-H2
REV_EMP000689_2022-H1,EMP000689,2022-H1,2025-10-02,COMPLETED,MEETS_EXPECTATIONS,2022-H1
REV_EMP000689_2023-H1,EMP000689,2023-H1,2025-10-14,COMPLETED,MEETS_EXPECTATIONS,2023-H1
REV_EMP000690_2022-H1,EMP000690,2022-H1,2025-11-03,COMPLETED,MEETS_EXPECTATIONS,2022-H1
REV_EMP000690_2023-H1,EMP000690,2023-H1,2026-06-26,COMPLETED,MEETS_EXPECTATIONS,2023-H1
REV_EMP000690_2023-H2,EMP000690,2023-H2,2024-12-24,COMPLETED,MEETS_EXPECTATIONS,2023-H2
REV_EMP000691_2022-H1,EMP000691,2022-H1,2025-09-20,COMPLETED,MEETS_EXPECTATIONS,2022-H1
REV_EMP000691_2022-H2,EMP000691,2022-H2,2026-03-25,COMPLETED,MEETS_EXPECTATIONS,2022-H2
REV_EMP000691_2023-H1,EMP000691,2023-H1,2025-11-07,COMPLETED,MEETS_EXPECTATIONS,2023-H1
REV_EMP000691_2023-H2,EMP000691,2023-H2,2026-02-28,COMPLETED,EXCEEDS_EXPECTATIONS,2023-H2
REV_EMP000692_2022-H2,EMP000692,2022-H2,2026-06-23,COMPLETED,MEETS_EXPECTATIONS,2022-H2
REV_EMP000692_2023-H1,EMP000692,2023-H1,2025-11-07,COMPLETED,MEETS_EXPECTATIONS,2023-H1
REV_EMP000692_2023-H2,EMP000692,2023-H2,2026-08-19,COMPLETED,MEETS_EXPECTATIONS,2023-H2
REV_EMP000693_2022-H1,EMP000693,2022-H1,2025-05-05,COMPLETED,EXCEEDS_EXPECTATIONS,2022-H1
REV_EMP000693_2022-H2,EMP000693,2022-H2,2025-09-06,COMPLETED,MEETS_EXPECTATIONS,2022-H2
REV_EMP000693_2023-H1,EMP000693,2023-H1,2026-01-15,COMPLETED,EXCEEDS_EXPECTATIONS,2023-H1
REV_EMP000693_2023-H2,EMP000693,2023-H2,2025-07-02,COMPLETED,NEEDS_IMPROVEMENT,2023-H2
REV_EMP000694_2022-H1,EMP000694,2022-H1,2026-06-03,COMPLETED,MEETS_EXPECTATIONS,2022-H1
REV_EMP000694_2022-H2,EMP000694,2022-H2,2026-02-24,COMPLETED,NEEDS_IMPROVEMENT,2022-H2
REV_EMP000694_2023-H2,EMP000694,2023-H2,2026-03-12,COMPLETED,MEETS_EXPECTATIONS,2023-H2
REV_EMP000695_2022-H2,EMP000695,2022-H2,2026-06-10,COMPLETED,MEETS_EXPECTATIONS,2022-H2
REV_EMP000695_2023-H1,EMP000695,2023-H1,2026-09-20,COMPLETED,MEETS_EXPECTATIONS,2023-H1
REV_EMP000696_2022-H1,EMP000696,2022-H1,2026-08-06,COMPLETED,MEETS_EXPECTATIONS,2022-H1
REV_EMP000696_2022-H2,EMP000696,2022-H2,2024-11-09,COMPLETED,NEEDS_IMPROVEMENT,2022-H2
REV_EMP000696_2023-H1,EMP000696,2023-H1,2025-02-13,COMPLETED,MEETS_EXPECTATIONS,2023-H1
REV_EMP000696_2023-H2,EMP000696,2023-H2,2026-08-13,COMPLETED,MEETS_EXPECTATIONS,2023-H2
REV_EMP000697_2022-H1,EMP000697,2022-H1,2026-08-07,COMPLETED,MEETS_EXPECTATIONS,2022-H1
REV_EMP000697_2022-H2,EMP000697,2022-H2,2025-09-10,COMPLETED,MEETS_EXPECTATIONS,2022-H2
REV_EMP000697_2023-H2,EMP000697,2023-H2,2024-11-26,COMPLETED,MEETS_EXPECTATIONS,2023-H2
REV_EMP000698_2022-H1,EMP000698,2022-H1,2024-11-21,COMPLETED,MEETS_EXPECTATIONS,2022-H1
REV_EMP000698_2022-H2,EMP000698,2022-H2,2025-07-20,COMPLETED,EXCEEDS_EXPECTATIONS,2022-H2
REV_EMP000698_2023-H1,EMP000698,2023-H1,2026-08-18,COMPLETED,MEETS_EXPECTATIONS,2023-H1
REV_EMP000698_2023-H2,EMP000698,2023-H2,2025-02-05,COMPLETED,MEETS_EXPECTATIONS,2023-H2
REV_EMP000699_2022-H1,EMP000699,2022-H1,2025-05-01,COMPLETED,OUTSTANDING,2022-H1
REV_EMP000699_2022-H2,EMP000699,2022-H2,2024-11-18,COMPLETED,EXCEEDS_EXPECTATIONS,2022-H2
REV_EMP000699_2023-H1,EMP000699,2023-H1,2024-12-13,COMPLETED,MEETS_EXPECTATIONS,2023-H1
REV_EMP000699_2023-H2,EMP000699,2023-H2,2025-01-25,COMPLETED,EXCEEDS_EXPECTATIONS,2023-H2
REV_EMP000700_2022-H1,EMP000700,2022-H1,2025-04-22,COMPLETED,MEETS_EXPECTATIONS,2022-H1
REV_EMP000700_2023-H1,EMP000700,2023-H1,2024-12-16,COMPLETED,OUTSTANDING,2023-H1
REV_EMP000700_2023-H2,EMP000700,2023-H2,2026-03-15,COMPLETED,OUTSTANDING,2023-H2
REV_EMP000701_2022-H1,EMP000701,2022-H1,2025-01-12,COMPLETED,MEETS_EXPECTATIONS,2022-H1
REV_EMP000701_2022-H2,EMP000701,2022-H2,2025-10-10,COMPLETED,EXCEEDS_EXPECTATIONS,2022-H2
REV_EMP000701_2023-H2,EMP000701,2023-H2,2025-01-14,COMPLETED,OUTSTANDING,2023-H2
REV_EMP000702_2022-H1,EMP000702,2022-H1,2026-07-31,COMPLETED,MEETS_EXPECTATIONS,2022-H1
REV_EMP000702_2022-H2,EMP000702,2022-H2,2025-02-25,COMPLETED,EXCEEDS_EXPECTATIONS,2022-H2
REV_EMP000702_2023-H1,EMP000702,2023-H1,2025-10-29,COMPLETED,MEETS_EXPECTATIONS,2023-H1
REV_EMP000703_2022-H2,EMP000703,2022-H2,2026-01-20,COMPLETED,MEETS_EXPECTATIONS,2022-H2
REV_EMP000703_2023-H2,EMP000703,2023-H2,2024-10-07,COMPLETED,MEETS_EXPECTATIONS,2023-H2
REV_EMP000704_2022-H2,EMP000704,2022-H2,2025-05-05,COMPLETED,MEETS_EXPECTATIONS,2022-H2
REV_EMP000704_2023-H1,EMP000704,2023-H1,2025-08-09,COMPLETED,MEETS_EXPECTATIONS,2023-H1
REV_EMP000704_2023-H2,EMP000704,2023-H2,2026-03-04,COMPLETED,MEETS_EXPECTATIONS,2023-H2
REV_EMP000705_2022-H1,EMP000705,2022-H1,2025-11-14,COMPLETED,MEETS_EXPECTATIONS,2022-H1
REV_EMP000705_2022-H2,EMP000705,2022-H2,2026-09-13,COMPLETED,OUTSTANDING,2022-H2
REV_EMP000705_2023-H1,EMP000705,2023-H1,2024-12-31,COMPLETED,EXCEEDS_EXPECTATIONS,2023-H1
REV_EMP000705_2023-H2,EMP000705,2023-H2,2025-09-23,COMPLETED,EXCEEDS_EXPECTATIONS,2023-H2
REV_EMP000706_2023-H1,EMP000706,2023-H1,2025-06-16,COMPLETED,MEETS_EXPECTATIONS,2023-H1
REV_EMP000706_2023-H2,EMP000706,2023-H2,2025-08-12,COMPLETED,EXCEEDS_EXPECTATIONS,2023-H2
REV_EMP000707_2022-H1,EMP000707,2022-H1,2025-08-30,COMPLETED,EXCEEDS_EXPECTATIONS,2022-H1
REV_EMP000707_2022-H2,EMP000707,2022-H2,2026-04-15,COMPLETED,MEETS_EXPECTATIONS,2022-H2
REV_EMP000707_2023-H2,EMP000707,2023-H2,2026-02-02,COMPLETED,EXCEEDS_EXPECTATIONS,2023-H2
REV_EMP000708_2022-H1,EMP000708,2022-H1,2024-10-06,COMPLETED,MEETS_EXPECTATIONS,2022-H1
REV_EMP000708_2022-H2,EMP000708,2022-H2,2025-05-04,COMPLETED,EXCEEDS_EXPECTATIONS,2022-H2
REV_EMP000708_2023-H1,EMP000708,2023-H1,2025-02-13,COMPLETED,MEETS_EXPECTATIONS,2023-H1
REV_EMP000708_2023-H2,EMP000708,2023-H2,2024-11-07,COMPLETED,MEETS_EXPECTATIONS,2023-H2
REV_EMP000709_2022-H1,EMP000709,2022-H1,2024-10-07,COMPLETED,OUTSTANDING,2022-H1
REV_EMP000709_2022-H2,EMP000709,2022-H2,2026-07-29,COMPLETED,MEETS_EXPECTATIONS,2022-H2
REV_EMP000709_2023-H2,EMP000709,2023-H2,2026-06-04,COMPLETED,MEETS_EXPECTATIONS,2023-H2
REV_EMP000710_2022-H1,EMP000710,2022-H1,2025-03-19,COMPLETED,MEETS_EXPECTATIONS,2022-H1
REV_EMP000710_2022-H2,EMP000710,2022-H2,2026-06-30,COMPLETED,MEETS_EXPECTATIONS,2022-H2
REV_EMP000710_2023-H1,EMP000710,2023-H1,2025-10-28,COMPLETED,EXCEEDS_EXPECTATIONS,2023-H1
REV_EMP000711_2022-H1,EMP000711,2022-H1,2026-02-02,COMPLETED,MEETS_EXPECTATIONS,2022-H1
REV_EMP000711_2023-H1,EMP000711,2023-H1,2025-06-07,COMPLETED,EXCEEDS_EXPECTATIONS,2023-H1
REV_EMP000711_2023-H2,EMP000711,2023-H2,2025-08-05,COMPLETED,NEEDS_IMPROVEMENT,2023-H2
REV_EMP000712_2022-H1,EMP000712,2022-H1,2025-12-13,COMPLETED,MEETS_EXPECTATIONS,2022-H1
REV_EMP000712_2022-H2,EMP000712,2022-H2,2025-06-13,COMPLETED,EXCEEDS_EXPECTATIONS,2022-H2
REV_EMP000712_2023-H2,EMP000712,2023-H2,2026-02-11,COMPLETED,MEETS_EXPECTATIONS,2023-H2
REV_EMP000713_2022-H1,EMP000713,2022-H1,2026-02-03,COMPLETED,MEETS_EXPECTATIONS,2022-H1
REV_EMP000713_2022-H2,EMP000713,2022-H2,2026-05-24,COMPLETED,OUTSTANDING,2022-H2
REV_EMP000713_2023-H1,EMP000713,2023-H1,2025-05-31,COMPLETED,EXCEEDS_EXPECTATIONS,2023-H1
REV_EMP000713_2023-H2,EMP000713,2023-H2,2025-10-02,COMPLETED,MEETS_EXPECTATIONS,2023-H2
REV_EMP000714_2022-H1,EMP000714,2022-H1,2025-12-24,COMPLETED,MEETS_EXPECTATIONS,2022-H1
REV_EMP000714_2022-H2,EMP000714,2022-H2,2026-02-19,COMPLETED,MEETS_EXPECTATIONS,2022-H2
REV_EMP000714_2023-H1,EMP000714,2023-H1,2026-03-15,COMPLETED,MEETS_EXPECTATIONS,2023-H1
REV_EMP000714_2023-H2,EMP000714,2023-H2,2025-11-05,COMPLETED,MEETS_EXPECTATIONS,2023-H2
REV_EMP000715_2022-H1,EMP000715,2022-H1,2026-07-05,COMPLETED,EXCEEDS_EXPECTATIONS,2022-H1
REV_EMP000715_2022-H2,EMP000715,2022-H2,2025-11-20,COMPLETED,MEETS_EXPECTATIONS,2022-H2
REV_EMP000715_2023-H1,EMP000715,2023-H1,2025-08-31,COMPLETED,MEETS_EXPECTATIONS,2023-H1
REV_EMP000716_2022-H1,EMP000716,2022-H1,2025-09-10,COMPLETED,OUTSTANDING,2022-H1
REV_EMP000716_2022-H2,EMP000716,2022-H2,2025-05-14,COMPLETED,MEETS_EXPECTATIONS,2022-H2
REV_EMP000716_2023-H1,EMP000716,2023-H1,2025-12-04,COMPLETED,EXCEEDS_EXPECTATIONS,2023-H1
REV_EMP000716_2023-H2,EMP000716,2023-H2,2024-12-31,COMPLETED,NEEDS_IMPROVEMENT,2023-H2
REV_EMP000717_2022-H1,EMP000717,2022-H1,2026-08-18,COMPLETED,MEETS_EXPECTATIONS,2022-H1
REV_EMP000717_2022-H2,EMP000717,2022-H2,2026-05-26,COMPLETED,MEETS_EXPECTATIONS,2022-H2
REV_EMP000717_2023-H1,EMP000717,2023-H1,2025-05-16,COMPLETED,MEETS_EXPECTATIONS,2023-H1
REV_EMP000717_2023-H2,EMP000717,2023-H2,2025-01-31,COMPLETED,MEETS_EXPECTATIONS,2023-H2
REV_EMP000718_2022-H1,EMP000718,2022-H1,2026-05-26,COMPLETED,EXCEEDS_EXPECTATIONS,2022-H1
REV_EMP000718_2022-H2,EMP000718,2022-H2,2025-04-09,COMPLETED,MEETS_EXPECTATIONS,2022-H2
REV_EMP000718_2023-H1,EMP000718,2023-H1,2025-03-15,COMPLETED,NEEDS_IMPROVEMENT,2023-H1
REV_EMP000718_2023-H2,EMP000718,2023-H2,2025-10-01,COMPLETED,MEETS_EXPECTATIONS,2023-H2
REV_EMP000719_2022-H1,EMP000719,2022-H1,2025-07-05,COMPLETED,MEETS_EXPECTATIONS,2022-H1
REV_EMP000719_2023-H1,EMP000719,2023-H1,2025-05-01,COMPLETED,MEETS_EXPECTATIONS,2023-H1
REV_EMP000720_2022-H2,EMP000720,2022-H2,2026-05-10,COMPLETED,MEETS_EXPECTATIONS,2022-H2
REV_EMP000720_2023-H1,EMP000720,2023-H1,2026-07-08,COMPLETED,MEETS_EXPECTATIONS,2023-H1
REV_EMP000720_2023-H2,EMP000720,2023-H2,2024-10-26,COMPLETED,MEETS_EXPECTATIONS,2023-H2
REV_EMP000721_2022-H1,EMP000721,2022-H1,2025-01-13,COMPLETED,EXCEEDS_EXPECTATIONS,2022-H1
REV_EMP000721_2022-H2,EMP000721,2022-H2,2025-06-21,COMPLETED,EXCEEDS_EXPECTATIONS,2022-H2
REV_EMP000721_2023-H1,EMP000721,2023-H1,2025-04-28,COMPLETED,MEETS_EXPECTATIONS,2023-H1
REV_EMP000722_2022-H1,EMP000722,2022-H1,2025-09-09,COMPLETED,MEETS_EXPECTATIONS,2022-H1
REV_EMP000722_2022-H2,EMP000722,2022-H2,2025-01-27,COMPLETED,MEETS_EXPECTATIONS,2022-H2
REV_EMP000722_2023-H1,EMP000722,2023-H1,2026-01-13,COMPLETED,MEETS_EXPECTATIONS,2023-H1
REV_EMP000722_2023-H2,EMP000722,2023-H2,2026-09-07,COMPLETED,NEEDS_IMPROVEMENT,2023-H2
REV_EMP000723_2022-H1,EMP000723,2022-H1,2025-01-22,COMPLETED,EXCEEDS_EXPECTATIONS,2022-H1
REV_EMP000723_2022-H2,EMP000723,2022-H2,2026-03-26,COMPLETED,NEEDS_IMPROVEMENT,2022-H2
REV_EMP000723_2023-H1,EMP000723,2023-H1,2025-11-09,COMPLETED,MEETS_EXPECTATIONS,2023-H1
REV_EMP000723_2023-H2,EMP000723,2023-H2,2025-04-29,COMPLETED,EXCEEDS_EXPECTATIONS,2023-H2
REV_EMP000724_2022-H1,EMP000724,2022-H1,2025-02-08,COMPLETED,MEETS_EXPECTATIONS,2022-H1
REV_EMP000724_2023-H2,EMP000724,2023-H2,2025-02-03,COMPLETED,MEETS_EXPECTATIONS,2023-H2
REV_EMP000725_2022-H1,EMP000725,2022-H1,2026-07-03,COMPLETED,EXCEEDS_EXPECTATIONS,2022-H1
REV_EMP000725_2022-H2,EMP000725,2022-H2,2026-03-24,COMPLETED,EXCEEDS_EXPECTATIONS,2022-H2
REV_EMP000725_2023-H1,EMP000725,2023-H1,2026-03-12,COMPLETED,MEETS_EXPECTATIONS,2023-H1
REV_EMP000725_2023-H2,EMP000725,2023-H2,2026-08-23,COMPLETED,MEETS_EXPECTATIONS,2023-H2
REV_EMP000726_2022-H1,EMP000726,2022-H1,2026-02-19,COMPLETED,EXCEEDS_EXPECTATIONS,2022-H1
REV_EMP000726_2022-H2,EMP000726,2022-H2,2026-05-30,COMPLETED,MEETS_EXPECTATIONS,2022-H2
REV_EMP000726_2023-H1,EMP000726,2023-H1,2025-01-17,COMPLETED,OUTSTANDING,2023-H1
REV_EMP000726_2023-H2,EMP000726,2023-H2,2025-01-23,COMPLETED,MEETS_EXPECTATIONS,2023-H2
REV_EMP000727_2022-H1,EMP000727,2022-H1,2025-03-23,COMPLETED,NEEDS_IMPROVEMENT,2022-H1
REV_EMP000727_2022-H2,EMP000727,2022-H2,2024-12-19,COMPLETED,MEETS_EXPECTATIONS,2022-H2
REV_EMP000727_2023-H1,EMP000727,2023-H1,2024-10-21,COMPLETED,MEETS_EXPECTATIONS,2023-H1
REV_EMP000727_2023-H2,EMP000727,2023-H2,2025-05-23,COMPLETED,MEETS_EXPECTATIONS,2023-H2
REV_EMP000728_2022-H1,EMP000728,2022-H1,2025-12-10,COMPLETED,NEEDS_IMPROVEMENT,2022-H1
REV_EMP000728_2022-H2,EMP000728,2022-H2,2024-12-27,COMPLETED,NEEDS_IMPROVEMENT,2022-H2
REV_EMP000728_2023-H1,EMP000728,2023-H1,2025-08-28,COMPLETED,EXCEEDS_EXPECTATIONS,2023-H1
REV_EMP000728_2023-H2,EMP000728,2023-H2,2025-04-10,COMPLETED,MEETS_EXPECTATIONS,2023-H2
REV_EMP000729_2022-H1,EMP000729,2022-H1,2025-07-04,COMPLETED,MEETS_EXPECTATIONS,2022-H1
REV_EMP000729_2022-H2,EMP000729,2022-H2,2025-02-10,COMPLETED,OUTSTANDING,2022-H2
REV_EMP000729_2023-H2,EMP000729,2023-H2,2025-02-26,COMPLETED,MEETS_EXPECTATIONS,2023-H2
REV_EMP000730_2022-H1,EMP000730,2022-H1,2025-11-30,COMPLETED,MEETS_EXPECTATIONS,2022-H1
REV_EMP000730_2022-H2,EMP000730,2022-H2,2026-03-23,COMPLETED,MEETS_EXPECTATIONS,2022-H2
REV_EMP000730_2023-H1,EMP000730,2023-H1,2024-10-16,COMPLETED,MEETS_EXPECTATIONS,2023-H1
REV_EMP000730_2023-H2,EMP000730,2023-H2,2026-02-18,COMPLETED,NEEDS_IMPROVEMENT,2023-H2
REV_EMP000731_2022-H1,EMP000731,2022-H1,2025-05-24,COMPLETED,OUTSTANDING,2022-H1
REV_EMP000731_2022-H2,EMP000731,2022-H2,2025-06-14,COMPLETED,MEETS_EXPECTATIONS,2022-H2
REV_EMP000731_2023-H1,EMP000731,2023-H1,2025-01-12,COMPLETED,MEETS_EXPECTATIONS,2023-H1
REV_EMP000731_2023-H2,EMP000731,2023-H2,2025-07-06,COMPLETED,MEETS_EXPECTATIONS,2023-H2
REV_EMP000732_2022-H1,EMP000732,2022-H1,2025-09-03,COMPLETED,MEETS_EXPECTATIONS,2022-H1
REV_EMP000732_2022-H2,EMP000732,2022-H2,2025-11-13,COMPLETED,NEEDS_IMPROVEMENT,2022-H2
REV_EMP000732_2023-H1,EMP000732,2023-H1,2025-01-24,COMPLETED,MEETS_EXPECTATIONS,2023-H1
REV_EMP000732_2023-H2,EMP000732,2023-H2,2025-11-08,COMPLETED,MEETS_EXPECTATIONS,2023-H2
REV_EMP000733_2022-H1,EMP000733,2022-H1,2025-05-12,COMPLETED,NEEDS_IMPROVEMENT,2022-H1
REV_EMP000733_2022-H2,EMP000733,2022-H2,2024-12-23,COMPLETED,MEETS_EXPECTATIONS,2022-H2
REV_EMP000733_2023-H1,EMP000733,2023-H1,2026-09-04,COMPLETED,MEETS_EXPECTATIONS,2023-H1
REV_EMP000733_2023-H2,EMP000733,2023-H2,2024-10-09,COMPLETED,MEETS_EXPECTATIONS,2023-H2
REV_EMP000734_2022-H1,EMP000734,2022-H1,2025-07-31,COMPLETED,EXCEEDS_EXPECTATIONS,2022-H1
REV_EMP000734_2023-H1,EMP000734,2023-H1,2026-09-13,COMPLETED,OUTSTANDING,2023-H1
REV_EMP000734_2023-H2,EMP000734,2023-H2,2025-10-12,COMPLETED,MEETS_EXPECTATIONS,2023-H2
REV_EMP000735_2022-H2,EMP000735,2022-H2,2026-05-09,COMPLETED,EXCEEDS_EXPECTATIONS,2022-H2
REV_EMP000735_2023-H1,EMP000735,2023-H1,2025-01-10,COMPLETED,MEETS_EXPECTATIONS,2023-H1
REV_EMP000735_2023-H2,EMP000735,2023-H2,2025-09-10,COMPLETED,MEETS_EXPECTATIONS,2023-H2
REV_EMP000736_2022-H1,EMP000736,2022-H1,2026-09-10,COMPLETED,MEETS_EXPECTATIONS,2022-H1
REV_EMP000736_2022-H2,EMP000736,2022-H2,2025-05-26,COMPLETED,MEETS_EXPECTATIONS,2022-H2
REV_EMP000736_2023-H1,EMP000736,2023-H1,2025-01-19,COMPLETED,OUTSTANDING,2023-H1
REV_EMP000736_2023-H2,EMP000736,2023-H2,2024-09-23,COMPLETED,MEETS_EXPECTATIONS,2023-H2
REV_EMP000737_2022-H1,EMP000737,2022-H1,2026-04-16,COMPLETED,MEETS_EXPECTATIONS,2022-H1
REV_EMP000737_2022-H2,EMP000737,2022-H2,2025-11-18,COMPLETED,MEETS_EXPECTATIONS,2022-H2
REV_EMP000737_2023-H1,EMP000737,2023-H1,2025-10-19,COMPLETED,EXCEEDS_EXPECTATIONS,2023-H1
REV_EMP000737_2023-H2,EMP000737,2023-H2,2025-06-04,COMPLETED,OUTSTANDING,2023-H2
REV_EMP000738_2022-H2,EMP000738,2022-H2,2026-02-04,COMPLETED,MEETS_EXPECTATIONS,2022-H2
REV_EMP000738_2023-H1,EMP000738,2023-H1,2026-03-21,COMPLETED,MEETS_EXPECTATIONS,2023-H1
REV_EMP000739_2022-H1,EMP000739,2022-H1,2025-05-07,COMPLETED,MEETS_EXPECTATIONS,2022-H1
REV_EMP000739_2022-H2,EMP000739,2022-H2,2025-09-23,COMPLETED,OUTSTANDING,2022-H2
REV_EMP000739_2023-H1,EMP000739,2023-H1,2026-08-16,COMPLETED,MEETS_EXPECTATIONS,2023-H1
REV_EMP000739_2023-H2,EMP000739,2023-H2,2025-05-03,COMPLETED,MEETS_EXPECTATIONS,2023-H2
REV_EMP000740_2022-H1,EMP000740,2022-H1,2026-04-28,COMPLETED,OUTSTANDING,2022-H1
REV_EMP000740_2022-H2,EMP000740,2022-H2,2025-12-09,COMPLETED,EXCEEDS_EXPECTATIONS,2022-H2
REV_EMP000740_2023-H1,EMP000740,2023-H1,2026-02-19,COMPLETED,MEETS_EXPECTATIONS,2023-H1
REV_EMP000740_2023-H2,EMP000740,2023-H2,2025-01-12,COMPLETED,MEETS_EXPECTATIONS,2023-H2
REV_EMP000741_2022-H1,EMP000741,2022-H1,2026-06-03,COMPLETED,NEEDS_IMPROVEMENT,2022-H1
REV_EMP000741_2022-H2,EMP000741,2022-H2,2025-12-03,COMPLETED,EXCEEDS_EXPECTATIONS,2022-H2
REV_EMP000741_2023-H1,EMP000741,2023-H1,2026-04-08,COMPLETED,MEETS_EXPECTATIONS,2023-H1
REV_EMP000741_2023-H2,EMP000741,2023-H2,2026-08-25,COMPLETED,EXCEEDS_EXPECTATIONS,2023-H2
REV_EMP000742_2022-H1,EMP000742,2022-H1,2026-09-06,COMPLETED,MEETS_EXPECTATIONS,2022-H1
REV_EMP000742_2022-H2,EMP000742,2022-H2,2025-08-29,COMPLETED,EXCEEDS_EXPECTATIONS,2022-H2
REV_EMP000742_2023-H2,EMP000742,2023-H2,2025-06-10,COMPLETED,OUTSTANDING,2023-H2
REV_EMP000743_2022-H1,EMP000743,2022-H1,2026-03-09,COMPLETED,MEETS_EXPECTATIONS,2022-H1
REV_EMP000743_2022-H2,EMP000743,2022-H2,2024-12-16,COMPLETED,MEETS_EXPECTATIONS,2022-H2
REV_EMP000743_2023-H1,EMP000743,2023-H1,2026-04-11,COMPLETED,MEETS_EXPECTATIONS,2023-H1
REV_EMP000743_2023-H2,EMP000743,2023-H2,2025-09-27,COMPLETED,OUTSTANDING,2023-H2
REV_EMP000744_2022-H1,EMP000744,2022-H1,2026-08-20,COMPLETED,OUTSTANDING,2022-H1
REV_EMP000744_2022-H2,EMP000744,2022-H2,2024-10-21,COMPLETED,MEETS_EXPECTATIONS,2022-H2
REV_EMP000744_2023-H1,EMP000744,2023-H1,2025-01-06,COMPLETED,MEETS_EXPECTATIONS,2023-H1
REV_EMP000744_2023-H2,EMP000744,2023-H2,2026-02-28,COMPLETED,MEETS_EXPECTATIONS,2023-H2
REV_EMP000745_2022-H1,EMP000745,2022-H1,2025-11-21,COMPLETED,OUTSTANDING,2022-H1
REV_EMP000745_2023-H2,EMP000745,2023-H2,2024-12-19,COMPLETED,EXCEEDS_EXPECTATIONS,2023-H2
REV_EMP000746_2022-H1,EMP000746,2022-H1,2025-05-17,COMPLETED,EXCEEDS_EXPECTATIONS,2022-H1
REV_EMP000746_2023-H1,EMP000746,2023-H1,2024-10-09,COMPLETED,MEETS_EXPECTATIONS,2023-H1
REV_EMP000746_2023-H2,EMP000746,2023-H2,2025-07-28,COMPLETED,MEETS_EXPECTATIONS,2023-H2
REV_EMP000747_2022-H1,EMP000747,2022-H1,2026-01-12,COMPLETED,MEETS_EXPECTATIONS,2022-H1
REV_EMP000747_2022-H2,EMP000747,2022-H2,2026-07-05,COMPLETED,NEEDS_IMPROVEMENT,2022-H2
REV_EMP000747_2023-H1,EMP000747,2023-H1,2025-03-10,COMPLETED,EXCEEDS_EXPECTATIONS,2023-H1
REV_EMP000747_2023-H2,EMP000747,2023-H2,2025-09-01,COMPLETED,MEETS_EXPECTATIONS,2023-H2
REV_EMP000748_2022-H1,EMP000748,2022-H1,2025-06-24,COMPLETED,EXCEEDS_EXPECTATIONS,2022-H1
REV_EMP000748_2022-H2,EMP000748,2022-H2,2024-11-30,COMPLETED,EXCEEDS_EXPECTATIONS,2022-H2
REV_EMP000748_2023-H1,EMP000748,2023-H1,2025-05-31,COMPLETED,MEETS_EXPECTATIONS,2023-H1
REV_EMP000748_2023-H2,EMP000748,2023-H2,2024-11-01,COMPLETED,MEETS_EXPECTATIONS,2023-H2
REV_EMP000749_2022-H2,EMP000749,2022-H2,2026-01-05,COMPLETED,EXCEEDS_EXPECTATIONS,2022-H2
REV_EMP000749_2023-H1,EMP000749,2023-H1,2026-01-31,COMPLETED,MEETS_EXPECTATIONS,2023-H1
REV_EMP000750_2022-H1,EMP000750,2022-H1,2025-02-18,COMPLETED,MEETS_EXPECTATIONS,2022-H1
REV_EMP000750_2022-H2,EMP000750,2022-H2,2025-12-17,COMPLETED,EXCEEDS_EXPECTATIONS,2022-H2
REV_EMP000750_2023-H1,EMP000750,2023-H1,2025-11-02,COMPLETED,NEEDS_IMPROVEMENT,2023-H1
REV_EMP000750_2023-H2,EMP000750,2023-H2,2025-03-11,COMPLETED,NEEDS_IMPROVEMENT,2023-H2
REV_EMP000751_2022-H1,EMP000751,2022-H1,2026-05-19,COMPLETED,MEETS_EXPECTATIONS,2022-H1
REV_EMP000751_2022-H2,EMP000751,2022-H2,2026-09-16,COMPLETED,MEETS_EXPECTATIONS,2022-H2
REV_EMP000751_2023-H1,EMP000751,2023-H1,2026-05-08,COMPLETED,MEETS_EXPECTATIONS,2023-H1
REV_EMP000751_2023-H2,EMP000751,2023-H2,2025-04-23,COMPLETED,MEETS_EXPECTATIONS,2023-H2
REV_EMP000752_2022-H1,EMP000752,2022-H1,2025-02-19,COMPLETED,MEETS_EXPECTATIONS,2022-H1
REV_EMP000752_2022-H2,EMP000752,2022-H2,2024-10-07,COMPLETED,MEETS_EXPECTATIONS,2022-H2
REV_EMP000752_2023-H1,EMP000752,2023-H1,2024-11-23,COMPLETED,MEETS_EXPECTATIONS,2023-H1
REV_EMP000752_2023-H2,EMP000752,2023-H2,2025-11-12,COMPLETED,MEETS_EXPECTATIONS,2023-H2
REV_EMP000753_2022-H1,EMP000753,2022-H1,2026-07-11,COMPLETED,OUTSTANDING,2022-H1
REV_EMP000753_2023-H1,EMP000753,2023-H1,2025-08-31,COMPLETED,MEETS_EXPECTATIONS,2023-H1
REV_EMP000753_2023-H2,EMP000753,2023-H2,2026-02-27,COMPLETED,MEETS_EXPECTATIONS,2023-H2
REV_EMP000754_2022-H1,EMP000754,2022-H1,2026-02-23,COMPLETED,MEETS_EXPECTATIONS,2022-H1
REV_EMP000754_2023-H1,EMP000754,2023-H1,2024-11-26,COMPLETED,MEETS_EXPECTATIONS,2023-H1
REV_EMP000754_2023-H2,EMP000754,2023-H2,2025-10-22,COMPLETED,NEEDS_IMPROVEMENT,2023-H2
REV_EMP000755_2022-H1,EMP000755,2022-H1,2025-07-23,COMPLETED,MEETS_EXPECTATIONS,2022-H1
REV_EMP000755_2022-H2,EMP000755,2022-H2,2025-02-18,COMPLETED,MEETS_EXPECTATIONS,2022-H2
REV_EMP000755_2023-H1,EMP000755,2023-H1,2025-10-05,COMPLETED,EXCEEDS_EXPECTATIONS,2023-H1
REV_EMP000755_2023-H2,EMP000755,2023-H2,2025-05-24,COMPLETED,MEETS_EXPECTATIONS,2023-H2
REV_EMP000756_2022-H1,EMP000756,2022-H1,2026-01-01,COMPLETED,MEETS_EXPECTATIONS,2022-H1
REV_EMP000756_2022-H2,EMP000756,2022-H2,2026-01-02,COMPLETED,MEETS_EXPECTATIONS,2022-H2
REV_EMP000756_2023-H1,EMP000756,2023-H1,2025-10-22,COMPLETED,MEETS_EXPECTATIONS,2023-H1
REV_EMP000756_2023-H2,EMP000756,2023-H2,2024-11-02,COMPLETED,EXCEEDS_EXPECTATIONS,2023-H2
REV_EMP000757_2022-H1,EMP000757,2022-H1,2026-08-26,COMPLETED,MEETS_EXPECTATIONS,2022-H1
REV_EMP000757_2022-H2,EMP000757,2022-H2,2026-02-19,COMPLETED,MEETS_EXPECTATIONS,2022-H2
REV_EMP000757_2023-H1,EMP000757,2023-H1,2025-06-27,COMPLETED,NEEDS_IMPROVEMENT,2023-H1
REV_EMP000757_2023-H2,EMP000757,2023-H2,2025-07-25,COMPLETED,MEETS_EXPECTATIONS,2023-H2
REV_EMP000758_2022-H1,EMP000758,2022-H1,2025-01-12,COMPLETED,MEETS_EXPECTATIONS,2022-H1
REV_EMP000758_2022-H2,EMP000758,2022-H2,2026-03-30,COMPLETED,EXCEEDS_EXPECTATIONS,2022-H2
REV_EMP000758_2023-H1,EMP000758,2023-H1,2026-07-15,COMPLETED,MEETS_EXPECTATIONS,2023-H1
REV_EMP000758_2023-H2,EMP000758,2023-H2,2025-08-18,COMPLETED,MEETS_EXPECTATIONS,2023-H2
REV_EMP000759_2022-H1,EMP000759,2022-H1,2025-07-04,COMPLETED,OUTSTANDING,2022-H1
REV_EMP000759_2022-H2,EMP000759,2022-H2,2025-07-16,COMPLETED,EXCEEDS_EXPECTATIONS,2022-H2
REV_EMP000759_2023-H1,EMP000759,2023-H1,2025-07-06,COMPLETED,MEETS_EXPECTATIONS,2023-H1
REV_EMP000759_2023-H2,EMP000759,2023-H2,2024-09-29,COMPLETED,MEETS_EXPECTATIONS,2023-H2
REV_EMP000760_2022-H1,EMP000760,2022-H1,2025-04-29,COMPLETED,MEETS_EXPECTATIONS,2022-H1
REV_EMP000760_2023-H1,EMP000760,2023-H1,2025-06-14,COMPLETED,NEEDS_IMPROVEMENT,2023-H1
REV_EMP000760_2023-H2,EMP000760,2023-H2,2025-06-19,COMPLETED,MEETS_EXPECTATIONS,2023-H2
REV_EMP000761_2022-H1,EMP000761,2022-H1,2025-05-17,COMPLETED,EXCEEDS_EXPECTATIONS,2022-H1
REV_EMP000761_2022-H2,EMP000761,2022-H2,2025-09-01,COMPLETED,NEEDS_IMPROVEMENT,2022-H2
REV_EMP000761_2023-H1,EMP000761,2023-H1,2026-07-31,COMPLETED,MEETS_EXPECTATIONS,2023-H1
REV_EMP000761_2023-H2,EMP000761,2023-H2,2025-11-29,COMPLETED,EXCEEDS_EXPECTATIONS,2023-H2
REV_EMP000762_2022-H1,EMP000762,2022-H1,2024-11-27,COMPLETED,MEETS_EXPECTATIONS,2022-H1
REV_EMP000762_2022-H2,EMP000762,2022-H2,2025-03-06,COMPLETED,MEETS_EXPECTATIONS,2022-H2
REV_EMP000762_2023-H1,EMP000762,2023-H1,2026-04-08,COMPLETED,NEEDS_IMPROVEMENT,2023-H1
REV_EMP000762_2023-H2,EMP000762,2023-H2,2026-08-10,COMPLETED,MEETS_EXPECTATIONS,2023-H2
REV_EMP000763_2023-H1,EMP000763,2023-H1,2025-08-31,COMPLETED,NEEDS_IMPROVEMENT,2023-H1
REV_EMP000763_2023-H2,EMP000763,2023-H2,2026-04-18,COMPLETED,MEETS_EXPECTATIONS,2023-H2
REV_EMP000764_2022-H2,EMP000764,2022-H2,2025-08-08,COMPLETED,MEETS_EXPECTATIONS,2022-H2
REV_EMP000764_2023-H1,EMP000764,2023-H1,2026-06-06,COMPLETED,MEETS_EXPECTATIONS,2023-H1
REV_EMP000764_2023-H2,EMP000764,2023-H2,2025-08-29,COMPLETED,EXCEEDS_EXPECTATIONS,2023-H2
REV_EMP000765_2022-H1,EMP000765,2022-H1,2025-05-02,COMPLETED,MEETS_EXPECTATIONS,2022-H1
REV_EMP000766_2022-H2,EMP000766,2022-H2,2025-01-25,COMPLETED,MEETS_EXPECTATIONS,2022-H2
REV_EMP000766_2023-H1,EMP000766,2023-H1,2026-06-07,COMPLETED,MEETS_EXPECTATIONS,2023-H1
REV_EMP000766_2023-H2,EMP000766,2023-H2,2026-04-08,COMPLETED,EXCEEDS_EXPECTATIONS,2023-H2
REV_EMP000767_2022-H2,EMP000767,2022-H2,2026-08-18,COMPLETED,EXCEEDS_EXPECTATIONS,2022-H2
REV_EMP000767_2023-H2,EMP000767,2023-H2,2025-08-15,COMPLETED,MEETS_EXPECTATIONS,2023-H2
REV_EMP000768_2022-H1,EMP000768,2022-H1,2026-04-08,COMPLETED,NEEDS_IMPROVEMENT,2022-H1
REV_EMP000768_2022-H2,EMP000768,2022-H2,2026-08-17,COMPLETED,MEETS_EXPECTATIONS,2022-H2
REV_EMP000768_2023-H1,EMP000768,2023-H1,2025-08-07,COMPLETED,MEETS_EXPECTATIONS,2023-H1
REV_EMP000768_2023-H2,EMP000768,2023-H2,2025-01-06,COMPLETED,MEETS_EXPECTATIONS,2023-H2
REV_EMP000769_2022-H1,EMP000769,2022-H1,2026-06-30,COMPLETED,MEETS_EXPECTATIONS,2022-H1
REV_EMP000769_2022-H2,EMP000769,2022-H2,2025-12-20,COMPLETED,MEETS_EXPECTATIONS,2022-H2
REV_EMP000769_2023-H1,EMP000769,2023-H1,2025-12-28,COMPLETED,MEETS_EXPECTATIONS,2023-H1
REV_EMP000769_2023-H2,EMP000769,2023-H2,2024-11-25,COMPLETED,MEETS_EXPECTATIONS,2023-H2
REV_EMP000770_2022-H1,EMP000770,2022-H1,2025-01-09,COMPLETED,OUTSTANDING,2022-H1
REV_EMP000770_2022-H2,EMP000770,2022-H2,2025-02-28,COMPLETED,MEETS_EXPECTATIONS,2022-H2
REV_EMP000770_2023-H1,EMP000770,2023-H1,2025-05-13,COMPLETED,MEETS_EXPECTATIONS,2023-H1
REV_EMP000771_2022-H2,EMP000771,2022-H2,2025-09-23,COMPLETED,MEETS_EXPECTATIONS,2022-H2
REV_EMP000771_2023-H1,EMP000771,2023-H1,2026-07-25,COMPLETED,MEETS_EXPECTATIONS,2023-H1
REV_EMP000771_2023-H2,EMP000771,2023-H2,2025-11-02,COMPLETED,MEETS_EXPECTATIONS,2023-H2
REV_EMP000772_2022-H2,EMP000772,2022-H2,2025-06-07,COMPLETED,EXCEEDS_EXPECTATIONS,2022-H2
REV_EMP000772_2023-H1,EMP000772,2023-H1,2024-11-10,COMPLETED,MEETS_EXPECTATIONS,2023-H1
REV_EMP000772_2023-H2,EMP000772,2023-H2,2026-09-14,COMPLETED,MEETS_EXPECTATIONS,2023-H2
REV_EMP000773_2022-H2,EMP000773,2022-H2,2025-12-22,COMPLETED,MEETS_EXPECTATIONS,2022-H2
REV_EMP000773_2023-H1,EMP000773,2023-H1,2026-04-30,COMPLETED,MEETS_EXPECTATIONS,2023-H1
REV_EMP000774_2022-H1,EMP000774,2022-H1,2025-07-08,COMPLETED,EXCEEDS_EXPECTATIONS,2022-H1
REV_EMP000774_2022-H2,EMP000774,2022-H2,2024-11-27,COMPLETED,MEETS_EXPECTATIONS,2022-H2
REV_EMP000774_2023-H2,EMP000774,2023-H2,2024-09-25,COMPLETED,OUTSTANDING,2023-H2
REV_EMP000775_2022-H1,EMP000775,2022-H1,2025-08-04,COMPLETED,EXCEEDS_EXPECTATIONS,2022-H1
REV_EMP000775_2022-H2,EMP000775,2022-H2,2026-01-29,COMPLETED,MEETS_EXPECTATIONS,2022-H2
REV_EMP000775_2023-H1,EMP000775,2023-H1,2026-08-31,COMPLETED,MEETS_EXPECTATIONS,2023-H1
REV_EMP000775_2023-H2,EMP000775,2023-H2,2025-04-20,COMPLETED,MEETS_EXPECTATIONS,2023-H2
REV_EMP000776_2022-H2,EMP000776,2022-H2,2025-08-07,COMPLETED,MEETS_EXPECTATIONS,2022-H2
REV_EMP000776_2023-H1,EMP000776,2023-H1,2025-02-02,COMPLETED,MEETS_EXPECTATIONS,2023-H1
REV_EMP000776_2023-H2,EMP000776,2023-H2,2025-11-25,COMPLETED,MEETS_EXPECTATIONS,2023-H2
REV_EMP000777_2022-H1,EMP000777,2022-H1,2025-09-13,COMPLETED,EXCEEDS_EXPECTATIONS,2022-H1
REV_EMP000777_2022-H2,EMP000777,2022-H2,2026-03-25,COMPLETED,OUTSTANDING,2022-H2
REV_EMP000777_2023-H1,EMP000777,2023-H1,2025-12-05,COMPLETED,EXCEEDS_EXPECTATIONS,2023-H1
REV_EMP000777_2023-H2,EMP000777,2023-H2,2026-04-29,COMPLETED,EXCEEDS_EXPECTATIONS,2023-H2
REV_EMP000778_2022-H2,EMP000778,2022-H2,2026-08-31,COMPLETED,MEETS_EXPECTATIONS,2022-H2
REV_EMP000778_2023-H1,EMP000778,2023-H1,2025-01-04,COMPLETED,MEETS_EXPECTATIONS,2023-H1
REV_EMP000778_2023-H2,EMP000778,2023-H2,2025-02-21,COMPLETED,MEETS_EXPECTATIONS,2023-H2
REV_EMP000779_2022-H1,EMP000779,2022-H1,2025-02-11,COMPLETED,MEETS_EXPECTATIONS,2022-H1
REV_EMP000779_2022-H2,EMP000779,2022-H2,2026-06-28,COMPLETED,MEETS_EXPECTATIONS,2022-H2
REV_EMP000779_2023-H1,EMP000779,2023-H1,2025-07-13,COMPLETED,MEETS_EXPECTATIONS,2023-H1
REV_EMP000779_2023-H2,EMP000779,2023-H2,2025-05-02,COMPLETED,MEETS_EXPECTATIONS,2023-H2
REV_EMP000780_2022-H1,EMP000780,2022-H1,2025-11-24,COMPLETED,MEETS_EXPECTATIONS,2022-H1
REV_EMP000780_2022-H2,EMP000780,2022-H2,2025-10-06,COMPLETED,EXCEEDS_EXPECTATIONS,2022-H2
REV_EMP000780_2023-H1,EMP000780,2023-H1,2024-10-22,COMPLETED,OUTSTANDING,2023-H1
REV_EMP000781_2022-H1,EMP000781,2022-H1,2026-06-21,COMPLETED,MEETS_EXPECTATIONS,2022-H1
REV_EMP000781_2022-H2,EMP000781,2022-H2,2026-06-23,COMPLETED,MEETS_EXPECTATIONS,2022-H2
REV_EMP000781_2023-H1,EMP000781,2023-H1,2025-05-12,COMPLETED,MEETS_EXPECTATIONS,2023-H1
REV_EMP000781_2023-H2,EMP000781,2023-H2,2026-06-30,COMPLETED,MEETS_EXPECTATIONS,2023-H2
REV_EMP000782_2022-H1,EMP000782,2022-H1,2025-12-18,COMPLETED,MEETS_EXPECTATIONS,2022-H1
REV_EMP000782_2022-H2,EMP000782,2022-H2,2025-05-14,COMPLETED,OUTSTANDING,2022-H2
REV_EMP000783_2022-H1,EMP000783,2022-H1,2025-10-08,COMPLETED,MEETS_EXPECTATIONS,2022-H1
REV_EMP000783_2022-H2,EMP000783,2022-H2,2025-11-28,COMPLETED,MEETS_EXPECTATIONS,2022-H2
REV_EMP000784_2022-H1,EMP000784,2022-H1,2026-04-17,COMPLETED,MEETS_EXPECTATIONS,2022-H1
REV_EMP000784_2023-H1,EMP000784,2023-H1,2025-09-14,COMPLETED,MEETS_EXPECTATIONS,2023-H1
REV_EMP000784_2023-H2,EMP000784,2023-H2,2025-03-13,COMPLETED,MEETS_EXPECTATIONS,2023-H2
REV_EMP000785_2022-H1,EMP000785,2022-H1,2024-10-10,COMPLETED,MEETS_EXPECTATIONS,2022-H1
REV_EMP000785_2023-H1,EMP000785,2023-H1,2026-05-27,COMPLETED,NEEDS_IMPROVEMENT,2023-H1
REV_EMP000785_2023-H2,EMP000785,2023-H2,2024-09-21,COMPLETED,EXCEEDS_EXPECTATIONS,2023-H2
REV_EMP000786_2022-H1,EMP000786,2022-H1,2025-01-17,COMPLETED,EXCEEDS_EXPECTATIONS,2022-H1
REV_EMP000786_2022-H2,EMP000786,2022-H2,2025-04-12,COMPLETED,MEETS_EXPECTATIONS,2022-H2
REV_EMP000786_2023-H1,EMP000786,2023-H1,2025-05-11,COMPLETED,MEETS_EXPECTATIONS,2023-H1
REV_EMP000786_2023-H2,EMP000786,2023-H2,2026-01-30,COMPLETED,MEETS_EXPECTATIONS,2023-H2
REV_EMP000787_2022-H1,EMP000787,2022-H1,2026-06-29,COMPLETED,MEETS_EXPECTATIONS,2022-H1
REV_EMP000787_2022-H2,EMP000787,2022-H2,2026-01-27,COMPLETED,MEETS_EXPECTATIONS,2022-H2
REV_EMP000787_2023-H1,EMP000787,2023-H1,2025-09-22,COMPLETED,NEEDS_IMPROVEMENT,2023-H1
REV_EMP000788_2022-H1,EMP000788,2022-H1,2024-12-25,COMPLETED,MEETS_EXPECTATIONS,2022-H1
REV_EMP000788_2022-H2,EMP000788,2022-H2,2026-02-09,COMPLETED,NEEDS_IMPROVEMENT,2022-H2
REV_EMP000788_2023-H1,EMP000788,2023-H1,2026-02-19,COMPLETED,OUTSTANDING,2023-H1
REV_EMP000788_2023-H2,EMP000788,2023-H2,2026-08-14,COMPLETED,NEEDS_IMPROVEMENT,2023-H2
REV_EMP000789_2022-H1,EMP000789,2022-H1,2025-05-01,COMPLETED,NEEDS_IMPROVEMENT,2022-H1
REV_EMP000789_2022-H2,EMP000789,2022-H2,2025-08-10,COMPLETED,EXCEEDS_EXPECTATIONS,2022-H2
REV_EMP000789_2023-H1,EMP000789,2023-H1,2025-02-06,COMPLETED,MEETS_EXPECTATIONS,2023-H1
REV_EMP000789_2023-H2,EMP000789,2023-H2,2025-10-07,COMPLETED,MEETS_EXPECTATIONS,2023-H2
REV_EMP000790_2022-H1,EMP000790,2022-H1,2026-08-25,COMPLETED,MEETS_EXPECTATIONS,2022-H1
REV_EMP000790_2022-H2,EMP000790,2022-H2,2026-03-08,COMPLETED,EXCEEDS_EXPECTATIONS,2022-H2
REV_EMP000790_2023-H1,EMP000790,2023-H1,2026-02-02,COMPLETED,EXCEEDS_EXPECTATIONS,2023-H1
REV_EMP000790_2023-H2,EMP000790,2023-H2,2025-03-29,COMPLETED,NEEDS_IMPROVEMENT,2023-H2
REV_EMP000791_2022-H1,EMP000791,2022-H1,2024-10-12,COMPLETED,MEETS_EXPECTATIONS,2022-H1
REV_EMP000791_2022-H2,EMP000791,2022-H2,2024-12-21,COMPLETED,EXCEEDS_EXPECTATIONS,2022-H2
REV_EMP000791_2023-H1,EMP000791,2023-H1,2026-05-06,COMPLETED,MEETS_EXPECTATIONS,2023-H1
REV_EMP000791_2023-H2,EMP000791,2023-H2,2025-04-23,COMPLETED,MEETS_EXPECTATIONS,2023-H2
REV_EMP000792_2022-H1,EMP000792,2022-H1,2025-10-07,COMPLETED,EXCEEDS_EXPECTATIONS,2022-H1
REV_EMP000792_2022-H2,EMP000792,2022-H2,2024-11-10,COMPLETED,NEEDS_IMPROVEMENT,2022-H2
REV_EMP000792_2023-H1,EMP000792,2023-H1,2025-12-29,COMPLETED,MEETS_EXPECTATIONS,2023-H1
REV_EMP000792_2023-H2,EMP000792,2023-H2,2026-04-22,COMPLETED,MEETS_EXPECTATIONS,2023-H2
REV_EMP000793_2022-H1,EMP000793,2022-H1,2025-06-27,COMPLETED,MEETS_EXPECTATIONS,2022-H1
REV_EMP000793_2023-H1,EMP000793,2023-H1,2025-12-15,COMPLETED,NEEDS_IMPROVEMENT,2023-H1
REV_EMP000793_2023-H2,EMP000793,2023-H2,2025-09-28,COMPLETED,NEEDS_IMPROVEMENT,2023-H2
REV_EMP000794_2022-H1,EMP000794,2022-H1,2025-12-03,COMPLETED,MEETS_EXPECTATIONS,2022-H1
REV_EMP000794_2022-H2,EMP000794,2022-H2,2025-08-24,COMPLETED,MEETS_EXPECTATIONS,2022-H2
REV_EMP000794_2023-H1,EMP000794,2023-H1,2026-07-26,COMPLETED,MEETS_EXPECTATIONS,2023-H1
REV_EMP000794_2023-H2,EMP000794,2023-H2,2025-04-08,COMPLETED,MEETS_EXPECTATIONS,2023-H2
REV_EMP000795_2022-H1,EMP000795,2022-H1,2026-01-20,COMPLETED,MEETS_EXPECTATIONS,2022-H1
REV_EMP000795_2022-H2,EMP000795,2022-H2,2026-03-06,COMPLETED,EXCEEDS_EXPECTATIONS,2022-H2
REV_EMP000795_2023-H1,EMP000795,2023-H1,2025-09-24,COMPLETED,MEETS_EXPECTATIONS,2023-H1
REV_EMP000795_2023-H2,EMP000795,2023-H2,2026-03-13,COMPLETED,MEETS_EXPECTATIONS,2023-H2
REV_EMP000796_2023-H1,EMP000796,2023-H1,2026-06-17,COMPLETED,EXCEEDS_EXPECTATIONS,2023-H1
REV_EMP000796_2023-H2,EMP000796,2023-H2,2024-12-21,COMPLETED,MEETS_EXPECTATIONS,2023-H2
REV_EMP000797_2022-H1,EMP000797,2022-H1,2025-07-06,COMPLETED,MEETS_EXPECTATIONS,2022-H1
REV_EMP000797_2022-H2,EMP000797,2022-H2,2025-10-23,COMPLETED,MEETS_EXPECTATIONS,2022-H2
REV_EMP000797_2023-H1,EMP000797,2023-H1,2026-04-12,COMPLETED,MEETS_EXPECTATIONS,2023-H1
REV_EMP000797_2023-H2,EMP000797,2023-H2,2025-12-10,COMPLETED,MEETS_EXPECTATIONS,2023-H2
REV_EMP000798_2022-H1,EMP000798,2022-H1,2024-10-03,COMPLETED,MEETS_EXPECTATIONS,2022-H1
REV_EMP000798_2022-H2,EMP000798,2022-H2,2026-07-08,COMPLETED,MEETS_EXPECTATIONS,2022-H2
REV_EMP000798_2023-H1,EMP000798,2023-H1,2025-04-09,COMPLETED,MEETS_EXPECTATIONS,2023-H1
REV_EMP000798_2023-H2,EMP000798,2023-H2,2025-01-24,COMPLETED,MEETS_EXPECTATIONS,2023-H2
REV_EMP000799_2022-H1,EMP000799,2022-H1,2025-12-15,COMPLETED,EXCEEDS_EXPECTATIONS,2022-H1
REV_EMP000799_2022-H2,EMP000799,2022-H2,2024-11-04,COMPLETED,MEETS_EXPECTATIONS,2022-H2
REV_EMP000799_2023-H1,EMP000799,2023-H1,2025-01-11,COMPLETED,MEETS_EXPECTATIONS,2023-H1
REV_EMP000799_2023-H2,EMP000799,2023-H2,2025-05-26,COMPLETED,MEETS_EXPECTATIONS,2023-H2
REV_EMP000800_2022-H1,EMP000800,2022-H1,2025-09-13,COMPLETED,NEEDS_IMPROVEMENT,2022-H1
REV_EMP000800_2023-H1,EMP000800,2023-H1,2026-08-03,COMPLETED,EXCEEDS_EXPECTATIONS,2023-H1
REV_EMP000801_2022-H1,EMP000801,2022-H1,2026-03-12,COMPLETED,MEETS_EXPECTATIONS,2022-H1
REV_EMP000801_2022-H2,EMP000801,2022-H2,2025-01-03,COMPLETED,MEETS_EXPECTATIONS,2022-H2
REV_EMP000801_2023-H1,EMP000801,2023-H1,2025-06-24,COMPLETED,MEETS_EXPECTATIONS,2023-H1
REV_EMP000802_2022-H1,EMP000802,2022-H1,2025-01-24,COMPLETED,EXCEEDS_EXPECTATIONS,2022-H1
REV_EMP000802_2022-H2,EMP000802,2022-H2,2024-10-31,COMPLETED,MEETS_EXPECTATIONS,2022-H2
REV_EMP000802_2023-H2,EMP000802,2023-H2,2025-04-19,COMPLETED,NEEDS_IMPROVEMENT,2023-H2
REV_EMP000803_2022-H1,EMP000803,2022-H1,2025-06-27,COMPLETED,MEETS_EXPECTATIONS,2022-H1
REV_EMP000803_2022-H2,EMP000803,2022-H2,2025-08-11,COMPLETED,MEETS_EXPECTATIONS,2022-H2
REV_EMP000803_2023-H1,EMP000803,2023-H1,2026-01-27,COMPLETED,EXCEEDS_EXPECTATIONS,2023-H1
REV_EMP000803_2023-H2,EMP000803,2023-H2,2026-08-29,COMPLETED,EXCEEDS_EXPECTATIONS,2023-H2
REV_EMP000804_2022-H1,EMP000804,2022-H1,2025-06-23,COMPLETED,OUTSTANDING,2022-H1
REV_EMP000804_2023-H1,EMP000804,2023-H1,2024-10-27,COMPLETED,MEETS_EXPECTATIONS,2023-H1
REV_EMP000804_2023-H2,EMP000804,2023-H2,2025-05-03,COMPLETED,OUTSTANDING,2023-H2
REV_EMP000805_2022-H1,EMP000805,2022-H1,2025-05-04,COMPLETED,MEETS_EXPECTATIONS,2022-H1
REV_EMP000805_2022-H2,EMP000805,2022-H2,2025-11-05,COMPLETED,MEETS_EXPECTATIONS,2022-H2
REV_EMP000805_2023-H1,EMP000805,2023-H1,2026-01-29,COMPLETED,MEETS_EXPECTATIONS,2023-H1
REV_EMP000806_2022-H2,EMP000806,2022-H2,2026-09-17,COMPLETED,EXCEEDS_EXPECTATIONS,2022-H2
REV_EMP000806_2023-H2,EMP000806,2023-H2,2024-11-18,COMPLETED,EXCEEDS_EXPECTATIONS,2023-H2
REV_EMP000807_2022-H1,EMP000807,2022-H1,2025-10-24,COMPLETED,MEETS_EXPECTATIONS,2022-H1
REV_EMP000807_2022-H2,EMP000807,2022-H2,2025-02-17,COMPLETED,MEETS_EXPECTATIONS,2022-H2
REV_EMP000807_2023-H2,EMP000807,2023-H2,2026-05-08,COMPLETED,OUTSTANDING,2023-H2
REV_EMP000808_2022-H1,EMP000808,2022-H1,2026-01-20,COMPLETED,EXCEEDS_EXPECTATIONS,2022-H1
REV_EMP000808_2023-H1,EMP000808,2023-H1,2025-02-09,COMPLETED,MEETS_EXPECTATIONS,2023-H1
REV_EMP000809_2022-H1,EMP000809,2022-H1,2026-05-06,COMPLETED,MEETS_EXPECTATIONS,2022-H1
REV_EMP000809_2022-H2,EMP000809,2022-H2,2024-12-02,COMPLETED,OUTSTANDING,2022-H2
REV_EMP000809_2023-H1,EMP000809,2023-H1,2025-12-29,COMPLETED,MEETS_EXPECTATIONS,2023-H1
REV_EMP000809_2023-H2,EMP000809,2023-H2,2026-04-27,COMPLETED,MEETS_EXPECTATIONS,2023-H2
REV_EMP000810_2022-H1,EMP000810,2022-H1,2025-01-27,COMPLETED,NEEDS_IMPROVEMENT,2022-H1
REV_EMP000810_2022-H2,EMP000810,2022-H2,2025-11-16,COMPLETED,OUTSTANDING,2022-H2
REV_EMP000810_2023-H2,EMP000810,2023-H2,2025-05-28,COMPLETED,MEETS_EXPECTATIONS,2023-H2
REV_EMP000811_2022-H1,EMP000811,2022-H1,2026-07-29,COMPLETED,MEETS_EXPECTATIONS,2022-H1
REV_EMP000811_2023-H1,EMP000811,2023-H1,2025-05-23,COMPLETED,NEEDS_IMPROVEMENT,2023-H1
REV_EMP000811_2023-H2,EMP000811,2023-H2,2026-06-24,COMPLETED,MEETS_EXPECTATIONS,2023-H2
REV_EMP000812_2022-H1,EMP000812,2022-H1,2026-07-08,COMPLETED,OUTSTANDING,2022-H1
REV_EMP000812_2022-H2,EMP000812,2022-H2,2026-03-06,COMPLETED,MEETS_EXPECTATIONS,2022-H2
REV_EMP000812_2023-H2,EMP000812,2023-H2,2026-06-03,COMPLETED,MEETS_EXPECTATIONS,2023-H2
REV_EMP000813_2022-H1,EMP000813,2022-H1,2025-05-11,COMPLETED,MEETS_EXPECTATIONS,2022-H1
REV_EMP000813_2022-H2,EMP000813,2022-H2,2025-04-18,COMPLETED,MEETS_EXPECTATIONS,2022-H2
REV_EMP000813_2023-H1,EMP000813,2023-H1,2026-03-06,COMPLETED,MEETS_EXPECTATIONS,2023-H1
REV_EMP000813_2023-H2,EMP000813,2023-H2,2026-03-16,COMPLETED,EXCEEDS_EXPECTATIONS,2023-H2
REV_EMP000814_2022-H1,EMP000814,2022-H1,2026-03-08,COMPLETED,EXCEEDS_EXPECTATIONS,2022-H1
REV_EMP000814_2022-H2,EMP000814,2022-H2,2025-06-28,COMPLETED,MEETS_EXPECTATIONS,2022-H2
REV_EMP000814_2023-H1,EMP000814,2023-H1,2024-12-03,COMPLETED,MEETS_EXPECTATIONS,2023-H1
REV_EMP000814_2023-H2,EMP000814,2023-H2,2025-11-09,COMPLETED,MEETS_EXPECTATIONS,2023-H2
REV_EMP000815_2023-H1,EMP000815,2023-H1,2025-12-14,COMPLETED,EXCEEDS_EXPECTATIONS,2023-H1
REV_EMP000816_2022-H1,EMP000816,2022-H1,2025-06-20,COMPLETED,MEETS_EXPECTATIONS,2022-H1
REV_EMP000816_2022-H2,EMP000816,2022-H2,2026-06-21,COMPLETED,MEETS_EXPECTATIONS,2022-H2
REV_EMP000816_2023-H1,EMP000816,2023-H1,2025-01-09,COMPLETED,MEETS_EXPECTATIONS,2023-H1
REV_EMP000816_2023-H2,EMP000816,2023-H2,2024-09-30,COMPLETED,MEETS_EXPECTATIONS,2023-H2
REV_EMP000817_2022-H1,EMP000817,2022-H1,2025-01-04,COMPLETED,EXCEEDS_EXPECTATIONS,2022-H1
REV_EMP000817_2023-H1,EMP000817,2023-H1,2025-10-27,COMPLETED,MEETS_EXPECTATIONS,2023-H1
REV_EMP000817_2023-H2,EMP000817,2023-H2,2025-04-26,COMPLETED,OUTSTANDING,2023-H2
REV_EMP000818_2022-H2,EMP000818,2022-H2,2025-07-06,COMPLETED,MEETS_EXPECTATIONS,2022-H2
REV_EMP000819_2023-H2,EMP000819,2023-H2,2026-05-17,COMPLETED,MEETS_EXPECTATIONS,2023-H2
REV_EMP000820_2022-H1,EMP000820,2022-H1,2025-10-01,COMPLETED,MEETS_EXPECTATIONS,2022-H1
REV_EMP000820_2022-H2,EMP000820,2022-H2,2025-08-06,COMPLETED,MEETS_EXPECTATIONS,2022-H2
REV_EMP000820_2023-H1,EMP000820,2023-H1,2025-06-11,COMPLETED,EXCEEDS_EXPECTATIONS,2023-H1
REV_EMP000820_2023-H2,EMP000820,2023-H2,2026-09-05,COMPLETED,MEETS_EXPECTATIONS,2023-H2
REV_EMP000821_2022-H1,EMP000821,2022-H1,2026-08-28,COMPLETED,MEETS_EXPECTATIONS,2022-H1
REV_EMP000821_2022-H2,EMP000821,2022-H2,2025-01-24,COMPLETED,MEETS_EXPECTATIONS,2022-H2
REV_EMP000821_2023-H1,EMP000821,2023-H1,2024-12-08,COMPLETED,EXCEEDS_EXPECTATIONS,2023-H1
REV_EMP000821_2023-H2,EMP000821,2023-H2,2025-03-08,COMPLETED,MEETS_EXPECTATIONS,2023-H2
REV_EMP000822_2022-H1,EMP000822,2022-H1,2025-01-18,COMPLETED,MEETS_EXPECTATIONS,2022-H1
REV_EMP000822_2022-H2,EMP000822,2022-H2,2025-10-15,COMPLETED,MEETS_EXPECTATIONS,2022-H2
REV_EMP000822_2023-H1,EMP000822,2023-H1,2025-03-10,COMPLETED,MEETS_EXPECTATIONS,2023-H1
REV_EMP000822_2023-H2,EMP000822,2023-H2,2026-06-27,COMPLETED,MEETS_EXPECTATIONS,2023-H2
REV_EMP000823_2022-H1,EMP000823,2022-H1,2025-02-13,COMPLETED,NEEDS_IMPROVEMENT,2022-H1
REV_EMP000823_2022-H2,EMP000823,2022-H2,2026-05-30,COMPLETED,MEETS_EXPECTATIONS,2022-H2
REV_EMP000823_2023-H1,EMP000823,2023-H1,2026-08-17,COMPLETED,MEETS_EXPECTATIONS,2023-H1
REV_EMP000823_2023-H2,EMP000823,2023-H2,2025-11-27,COMPLETED,MEETS_EXPECTATIONS,2023-H2
REV_EMP000824_2022-H2,EMP000824,2022-H2,2026-01-09,COMPLETED,MEETS_EXPECTATIONS,2022-H2
REV_EMP000824_2023-H1,EMP000824,2023-H1,2026-03-09,COMPLETED,MEETS_EXPECTATIONS,2023-H1
REV_EMP000824_2023-H2,EMP000824,2023-H2,2026-06-27,COMPLETED,OUTSTANDING,2023-H2
REV_EMP000825_2022-H2,EMP000825,2022-H2,2025-11-02,COMPLETED,MEETS_EXPECTATIONS,2022-H2
REV_EMP000825_2023-H1,EMP000825,2023-H1,2026-07-09,COMPLETED,OUTSTANDING,2023-H1
REV_EMP000825_2023-H2,EMP000825,2023-H2,2025-11-07,COMPLETED,MEETS_EXPECTATIONS,2023-H2
REV_EMP000826_2022-H1,EMP000826,2022-H1,2026-03-27,COMPLETED,MEETS_EXPECTATIONS,2022-H1
REV_EMP000826_2023-H1,EMP000826,2023-H1,2025-11-22,COMPLETED,MEETS_EXPECTATIONS,2023-H1
REV_EMP000826_2023-H2,EMP000826,2023-H2,2026-03-19,COMPLETED,MEETS_EXPECTATIONS,2023-H2
REV_EMP000827_2022-H1,EMP000827,2022-H1,2026-04-30,COMPLETED,MEETS_EXPECTATIONS,2022-H1
REV_EMP000827_2022-H2,EMP000827,2022-H2,2026-06-05,COMPLETED,MEETS_EXPECTATIONS,2022-H2
REV_EMP000827_2023-H1,EMP000827,2023-H1,2024-12-17,COMPLETED,OUTSTANDING,2023-H1
REV_EMP000827_2023-H2,EMP000827,2023-H2,2025-08-10,COMPLETED,MEETS_EXPECTATIONS,2023-H2
REV_EMP000828_2023-H1,EMP000828,2023-H1,2025-09-12,COMPLETED,MEETS_EXPECTATIONS,2023-H1
REV_EMP000828_2023-H2,EMP000828,2023-H2,2026-09-01,COMPLETED,EXCEEDS_EXPECTATIONS,2023-H2
REV_EMP000829_2022-H2,EMP000829,2022-H2,2024-11-18,COMPLETED,MEETS_EXPECTATIONS,2022-H2
REV_EMP000829_2023-H1,EMP000829,2023-H1,2024-12-19,COMPLETED,MEETS_EXPECTATIONS,2023-H1
REV_EMP000829_2023-H2,EMP000829,2023-H2,2026-06-18,COMPLETED,OUTSTANDING,2023-H2
REV_EMP000830_2022-H1,EMP000830,2022-H1,2024-12-30,COMPLETED,OUTSTANDING,2022-H1
REV_EMP000830_2022-H2,EMP000830,2022-H2,2026-09-07,COMPLETED,EXCEEDS_EXPECTATIONS,2022-H2
REV_EMP000830_2023-H1,EMP000830,2023-H1,2024-10-03,COMPLETED,MEETS_EXPECTATIONS,2023-H1
REV_EMP000830_2023-H2,EMP000830,2023-H2,2025-09-27,COMPLETED,NEEDS_IMPROVEMENT,2023-H2
REV_EMP000831_2022-H1,EMP000831,2022-H1,2025-06-17,COMPLETED,MEETS_EXPECTATIONS,2022-H1
REV_EMP000831_2022-H2,EMP000831,2022-H2,2025-05-20,COMPLETED,OUTSTANDING,2022-H2
REV_EMP000831_2023-H1,EMP000831,2023-H1,2026-03-10,COMPLETED,OUTSTANDING,2023-H1
REV_EMP000832_2022-H1,EMP000832,2022-H1,2025-06-28,COMPLETED,MEETS_EXPECTATIONS,2022-H1
REV_EMP000832_2022-H2,EMP000832,2022-H2,2025-01-05,COMPLETED,EXCEEDS_EXPECTATIONS,2022-H2
REV_EMP000832_2023-H1,EMP000832,2023-H1,2026-06-16,COMPLETED,OUTSTANDING,2023-H1
REV_EMP000832_2023-H2,EMP000832,2023-H2,2025-08-29,COMPLETED,EXCEEDS_EXPECTATIONS,2023-H2
REV_EMP000833_2022-H1,EMP000833,2022-H1,2026-08-12,COMPLETED,MEETS_EXPECTATIONS,2022-H1
REV_EMP000833_2023-H1,EMP000833,2023-H1,2025-12-28,COMPLETED,NEEDS_IMPROVEMENT,2023-H1
REV_EMP000833_2023-H2,EMP000833,2023-H2,2025-10-31,COMPLETED,MEETS_EXPECTATIONS,2023-H2
REV_EMP000834_2022-H1,EMP000834,2022-H1,2026-05-06,COMPLETED,MEETS_EXPECTATIONS,2022-H1
REV_EMP000834_2022-H2,EMP000834,2022-H2,2025-06-12,COMPLETED,OUTSTANDING,2022-H2
REV_EMP000834_2023-H2,EMP000834,2023-H2,2025-01-31,COMPLETED,MEETS_EXPECTATIONS,2023-H2
REV_EMP000835_2022-H1,EMP000835,2022-H1,2026-03-25,COMPLETED,NEEDS_IMPROVEMENT,2022-H1
REV_EMP000835_2023-H1,EMP000835,2023-H1,2025-05-14,COMPLETED,MEETS_EXPECTATIONS,2023-H1
REV_EMP000835_2023-H2,EMP000835,2023-H2,2024-10-12,COMPLETED,MEETS_EXPECTATIONS,2023-H2
REV_EMP000836_2022-H1,EMP000836,2022-H1,2026-04-21,COMPLETED,MEETS_EXPECTATIONS,2022-H1
REV_EMP000836_2023-H1,EMP000836,2023-H1,2026-06-14,COMPLETED,MEETS_EXPECTATIONS,2023-H1
REV_EMP000837_2022-H1,EMP000837,2022-H1,2024-12-21,COMPLETED,OUTSTANDING,2022-H1
REV_EMP000837_2022-H2,EMP000837,2022-H2,2025-03-11,COMPLETED,MEETS_EXPECTATIONS,2022-H2
REV_EMP000837_2023-H1,EMP000837,2023-H1,2024-12-28,COMPLETED,MEETS_EXPECTATIONS,2023-H1
REV_EMP000837_2023-H2,EMP000837,2023-H2,2026-07-17,COMPLETED,MEETS_EXPECTATIONS,2023-H2
REV_EMP000838_2022-H1,EMP000838,2022-H1,2026-03-13,COMPLETED,MEETS_EXPECTATIONS,2022-H1
REV_EMP000838_2022-H2,EMP000838,2022-H2,2025-01-08,COMPLETED,MEETS_EXPECTATIONS,2022-H2
REV_EMP000838_2023-H1,EMP000838,2023-H1,2026-03-08,COMPLETED,EXCEEDS_EXPECTATIONS,2023-H1
REV_EMP000838_2023-H2,EMP000838,2023-H2,2025-03-14,COMPLETED,MEETS_EXPECTATIONS,2023-H2
REV_EMP000839_2022-H1,EMP000839,2022-H1,2025-05-16,COMPLETED,MEETS_EXPECTATIONS,2022-H1
REV_EMP000839_2022-H2,EMP000839,2022-H2,2024-12-26,COMPLETED,MEETS_EXPECTATIONS,2022-H2
REV_EMP000839_2023-H1,EMP000839,2023-H1,2025-03-01,COMPLETED,MEETS_EXPECTATIONS,2023-H1
REV_EMP000839_2023-H2,EMP000839,2023-H2,2024-12-30,COMPLETED,OUTSTANDING,2023-H2
REV_EMP000840_2022-H1,EMP000840,2022-H1,2024-11-20,COMPLETED,MEETS_EXPECTATIONS,2022-H1
REV_EMP000840_2022-H2,EMP000840,2022-H2,2025-08-15,COMPLETED,MEETS_EXPECTATIONS,2022-H2
REV_EMP000840_2023-H1,EMP000840,2023-H1,2026-03-10,COMPLETED,MEETS_EXPECTATIONS,2023-H1
REV_EMP000840_2023-H2,EMP000840,2023-H2,2026-05-05,COMPLETED,MEETS_EXPECTATIONS,2023-H2
REV_EMP000841_2022-H1,EMP000841,2022-H1,2026-05-21,COMPLETED,EXCEEDS_EXPECTATIONS,2022-H1
REV_EMP000841_2022-H2,EMP000841,2022-H2,2024-12-15,COMPLETED,NEEDS_IMPROVEMENT,2022-H2
REV_EMP000841_2023-H2,EMP000841,2023-H2,2024-11-19,COMPLETED,MEETS_EXPECTATIONS,2023-H2
REV_EMP000842_2022-H1,EMP000842,2022-H1,2024-10-04,COMPLETED,MEETS_EXPECTATIONS,2022-H1
REV_EMP000842_2022-H2,EMP000842,2022-H2,2026-05-14,COMPLETED,MEETS_EXPECTATIONS,2022-H2
REV_EMP000842_2023-H1,EMP000842,2023-H1,2025-10-01,COMPLETED,EXCEEDS_EXPECTATIONS,2023-H1
REV_EMP000842_2023-H2,EMP000842,2023-H2,2026-05-01,COMPLETED,EXCEEDS_EXPECTATIONS,2023-H2
REV_EMP000843_2022-H1,EMP000843,2022-H1,2025-08-20,COMPLETED,MEETS_EXPECTATIONS,2022-H1
REV_EMP000843_2022-H2,EMP000843,2022-H2,2024-10-23,COMPLETED,MEETS_EXPECTATIONS,2022-H2
REV_EMP000843_2023-H1,EMP000843,2023-H1,2025-02-19,COMPLETED,MEETS_EXPECTATIONS,2023-H1
REV_EMP000843_2023-H2,EMP000843,2023-H2,2024-12-12,COMPLETED,OUTSTANDING,2023-H2
REV_EMP000844_2022-H1,EMP000844,2022-H1,2024-10-15,COMPLETED,MEETS_EXPECTATIONS,2022-H1
REV_EMP000844_2022-H2,EMP000844,2022-H2,2026-05-28,COMPLETED,MEETS_EXPECTATIONS,2022-H2
REV_EMP000844_2023-H1,EMP000844,2023-H1,2026-02-14,COMPLETED,OUTSTANDING,2023-H1
REV_EMP000844_2023-H2,EMP000844,2023-H2,2025-10-23,COMPLETED,MEETS_EXPECTATIONS,2023-H2
REV_EMP000845_2022-H1,EMP000845,2022-H1,2025-12-24,COMPLETED,MEETS_EXPECTATIONS,2022-H1
REV_EMP000845_2022-H2,EMP000845,2022-H2,2024-11-05,COMPLETED,EXCEEDS_EXPECTATIONS,2022-H2
REV_EMP000845_2023-H1,EMP000845,2023-H1,2025-09-19,COMPLETED,MEETS_EXPECTATIONS,2023-H1
REV_EMP000845_2023-H2,EMP000845,2023-H2,2024-12-21,COMPLETED,EXCEEDS_EXPECTATIONS,2023-H2
REV_EMP000846_2022-H1,EMP000846,2022-H1,2026-08-26,COMPLETED,EXCEEDS_EXPECTATIONS,2022-H1
REV_EMP000846_2022-H2,EMP000846,2022-H2,2025-04-04,COMPLETED,NEEDS_IMPROVEMENT,2022-H2
REV_EMP000846_2023-H1,EMP000846,2023-H1,2024-10-23,COMPLETED,NEEDS_IMPROVEMENT,2023-H1
REV_EMP000846_2023-H2,EMP000846,2023-H2,2024-11-10,COMPLETED,NEEDS_IMPROVEMENT,2023-H2
REV_EMP000847_2022-H1,EMP000847,2022-H1,2025-05-12,COMPLETED,EXCEEDS_EXPECTATIONS,2022-H1
REV_EMP000847_2022-H2,EMP000847,2022-H2,2026-02-20,COMPLETED,EXCEEDS_EXPECTATIONS,2022-H2
REV_EMP000847_2023-H1,EMP000847,2023-H1,2024-09-27,COMPLETED,EXCEEDS_EXPECTATIONS,2023-H1
REV_EMP000847_2023-H2,EMP000847,2023-H2,2026-04-29,COMPLETED,OUTSTANDING,2023-H2
REV_EMP000848_2022-H1,EMP000848,2022-H1,2024-12-03,COMPLETED,MEETS_EXPECTATIONS,2022-H1
REV_EMP000848_2023-H1,EMP000848,2023-H1,2026-05-20,COMPLETED,OUTSTANDING,2023-H1
REV_EMP000848_2023-H2,EMP000848,2023-H2,2024-12-25,COMPLETED,EXCEEDS_EXPECTATIONS,2023-H2
REV_EMP000849_2022-H1,EMP000849,2022-H1,2026-09-04,COMPLETED,EXCEEDS_EXPECTATIONS,2022-H1
REV_EMP000849_2022-H2,EMP000849,2022-H2,2025-12-31,COMPLETED,MEETS_EXPECTATIONS,2022-H2
REV_EMP000849_2023-H1,EMP000849,2023-H1,2025-02-26,COMPLETED,MEETS_EXPECTATIONS,2023-H1
REV_EMP000849_2023-H2,EMP000849,2023-H2,2025-12-20,COMPLETED,EXCEEDS_EXPECTATIONS,2023-H2
REV_EMP000850_2022-H1,EMP000850,2022-H1,2026-08-20,COMPLETED,MEETS_EXPECTATIONS,2022-H1
REV_EMP000850_2022-H2,EMP000850,2022-H2,2025-02-22,COMPLETED,EXCEEDS_EXPECTATIONS,2022-H2
REV_EMP000850_2023-H1,EMP000850,2023-H1,2025-02-10,COMPLETED,MEETS_EXPECTATIONS,2023-H1
REV_EMP000850_2023-H2,EMP000850,2023-H2,2026-02-22,COMPLETED,MEETS_EXPECTATIONS,2023-H2
REV_EMP000851_2022-H1,EMP000851,2022-H1,2025-06-20,COMPLETED,MEETS_EXPECTATIONS,2022-H1
REV_EMP000851_2022-H2,EMP000851,2022-H2,2024-10-12,COMPLETED,MEETS_EXPECTATIONS,2022-H2
REV_EMP000851_2023-H2,EMP000851,2023-H2,2024-11-29,COMPLETED,MEETS_EXPECTATIONS,2023-H2
REV_EMP000852_2022-H1,EMP000852,2022-H1,2025-01-11,COMPLETED,MEETS_EXPECTATIONS,2022-H1
REV_EMP000852_2022-H2,EMP000852,2022-H2,2026-07-09,COMPLETED,EXCEEDS_EXPECTATIONS,2022-H2
REV_EMP000852_2023-H1,EMP000852,2023-H1,2026-04-22,COMPLETED,OUTSTANDING,2023-H1
REV_EMP000852_2023-H2,EMP000852,2023-H2,2025-04-23,COMPLETED,MEETS_EXPECTATIONS,2023-H2
REV_EMP000853_2022-H1,EMP000853,2022-H1,2025-12-14,COMPLETED,OUTSTANDING,2022-H1
REV_EMP000853_2022-H2,EMP000853,2022-H2,2025-06-17,COMPLETED,MEETS_EXPECTATIONS,2022-H2
REV_EMP000853_2023-H1,EMP000853,2023-H1,2025-06-20,COMPLETED,MEETS_EXPECTATIONS,2023-H1
REV_EMP000853_2023-H2,EMP000853,2023-H2,2025-01-22,COMPLETED,MEETS_EXPECTATIONS,2023-H2
REV_EMP000854_2023-H1,EMP000854,2023-H1,2026-07-16,COMPLETED,EXCEEDS_EXPECTATIONS,2023-H1
REV_EMP000854_2023-H2,EMP000854,2023-H2,2025-10-13,COMPLETED,MEETS_EXPECTATIONS,2023-H2
REV_EMP000855_2022-H1,EMP000855,2022-H1,2026-05-19,COMPLETED,MEETS_EXPECTATIONS,2022-H1
REV_EMP000855_2022-H2,EMP000855,2022-H2,2026-04-08,COMPLETED,OUTSTANDING,2022-H2
REV_EMP000855_2023-H2,EMP000855,2023-H2,2026-01-09,COMPLETED,EXCEEDS_EXPECTATIONS,2023-H2
REV_EMP000856_2022-H1,EMP000856,2022-H1,2025-03-26,COMPLETED,MEETS_EXPECTATIONS,2022-H1
REV_EMP000856_2022-H2,EMP000856,2022-H2,2025-10-17,COMPLETED,NEEDS_IMPROVEMENT,2022-H2
REV_EMP000856_2023-H1,EMP000856,2023-H1,2025-12-06,COMPLETED,MEETS_EXPECTATIONS,2023-H1
REV_EMP000857_2022-H1,EMP000857,2022-H1,2024-11-12,COMPLETED,MEETS_EXPECTATIONS,2022-H1
REV_EMP000857_2022-H2,EMP000857,2022-H2,2024-12-05,COMPLETED,MEETS_EXPECTATIONS,2022-H2
REV_EMP000857_2023-H1,EMP000857,2023-H1,2026-06-18,COMPLETED,OUTSTANDING,2023-H1
REV_EMP000857_2023-H2,EMP000857,2023-H2,2025-12-13,COMPLETED,MEETS_EXPECTATIONS,2023-H2
REV_EMP000858_2022-H1,EMP000858,2022-H1,2026-05-05,COMPLETED,MEETS_EXPECTATIONS,2022-H1
REV_EMP000858_2023-H1,EMP000858,2023-H1,2024-09-30,COMPLETED,NEEDS_IMPROVEMENT,2023-H1
REV_EMP000858_2023-H2,EMP000858,2023-H2,2025-11-04,COMPLETED,EXCEEDS_EXPECTATIONS,2023-H2
REV_EMP000859_2022-H1,EMP000859,2022-H1,2025-03-07,COMPLETED,MEETS_EXPECTATIONS,2022-H1
REV_EMP000859_2022-H2,EMP000859,2022-H2,2026-03-29,COMPLETED,MEETS_EXPECTATIONS,2022-H2
REV_EMP000859_2023-H1,EMP000859,2023-H1,2025-02-15,COMPLETED,MEETS_EXPECTATIONS,2023-H1
REV_EMP000859_2023-H2,EMP000859,2023-H2,2025-04-26,COMPLETED,EXCEEDS_EXPECTATIONS,2023-H2
REV_EMP000860_2022-H1,EMP000860,2022-H1,2025-01-31,COMPLETED,EXCEEDS_EXPECTATIONS,2022-H1
REV_EMP000860_2022-H2,EMP000860,2022-H2,2026-08-21,COMPLETED,OUTSTANDING,2022-H2
REV_EMP000860_2023-H1,EMP000860,2023-H1,2026-04-28,COMPLETED,MEETS_EXPECTATIONS,2023-H1
REV_EMP000860_2023-H2,EMP000860,2023-H2,2025-11-11,COMPLETED,OUTSTANDING,2023-H2
REV_EMP000861_2022-H1,EMP000861,2022-H1,2024-09-23,COMPLETED,MEETS_EXPECTATIONS,2022-H1
REV_EMP000861_2022-H2,EMP000861,2022-H2,2026-04-06,COMPLETED,OUTSTANDING,2022-H2
REV_EMP000861_2023-H2,EMP000861,2023-H2,2024-12-05,COMPLETED,OUTSTANDING,2023-H2
REV_EMP000862_2022-H1,EMP000862,2022-H1,2026-09-07,COMPLETED,MEETS_EXPECTATIONS,2022-H1
REV_EMP000862_2023-H1,EMP000862,2023-H1,2025-03-05,COMPLETED,EXCEEDS_EXPECTATIONS,2023-H1
REV_EMP000862_2023-H2,EMP000862,2023-H2,2026-09-04,COMPLETED,MEETS_EXPECTATIONS,2023-H2
REV_EMP000863_2022-H1,EMP000863,2022-H1,2025-10-16,COMPLETED,EXCEEDS_EXPECTATIONS,2022-H1
REV_EMP000863_2022-H2,EMP000863,2022-H2,2026-07-13,COMPLETED,EXCEEDS_EXPECTATIONS,2022-H2
REV_EMP000863_2023-H1,EMP000863,2023-H1,2026-03-23,COMPLETED,MEETS_EXPECTATIONS,2023-H1
REV_EMP000863_2023-H2,EMP000863,2023-H2,2025-09-23,COMPLETED,OUTSTANDING,2023-H2
REV_EMP000864_2022-H1,EMP000864,2022-H1,2025-07-01,COMPLETED,MEETS_EXPECTATIONS,2022-H1
REV_EMP000864_2023-H1,EMP000864,2023-H1,2026-03-16,COMPLETED,MEETS_EXPECTATIONS,2023-H1
REV_EMP000864_2023-H2,EMP000864,2023-H2,2025-12-21,COMPLETED,OUTSTANDING,2023-H2
REV_EMP000865_2022-H2,EMP000865,2022-H2,2025-02-10,COMPLETED,MEETS_EXPECTATIONS,2022-H2
REV_EMP000865_2023-H2,EMP000865,2023-H2,2025-08-27,COMPLETED,EXCEEDS_EXPECTATIONS,2023-H2
REV_EMP000866_2022-H2,EMP000866,2022-H2,2026-02-25,COMPLETED,NEEDS_IMPROVEMENT,2022-H2
REV_EMP000866_2023-H1,EMP000866,2023-H1,2024-12-12,COMPLETED,MEETS_EXPECTATIONS,2023-H1
REV_EMP000866_2023-H2,EMP000866,2023-H2,2025-02-07,COMPLETED,EXCEEDS_EXPECTATIONS,2023-H2
REV_EMP000867_2022-H1,EMP000867,2022-H1,2026-06-30,COMPLETED,MEETS_EXPECTATIONS,2022-H1
REV_EMP000867_2022-H2,EMP000867,2022-H2,2025-06-22,COMPLETED,OUTSTANDING,2022-H2
REV_EMP000867_2023-H1,EMP000867,2023-H1,2025-07-11,COMPLETED,MEETS_EXPECTATIONS,2023-H1
REV_EMP000867_2023-H2,EMP000867,2023-H2,2025-08-15,COMPLETED,MEETS_EXPECTATIONS,2023-H2
REV_EMP000868_2022-H1,EMP000868,2022-H1,2025-03-05,COMPLETED,MEETS_EXPECTATIONS,2022-H1
REV_EMP000868_2022-H2,EMP000868,2022-H2,2025-10-24,COMPLETED,EXCEEDS_EXPECTATIONS,2022-H2
REV_EMP000868_2023-H1,EMP000868,2023-H1,2025-03-15,COMPLETED,MEETS_EXPECTATIONS,2023-H1
REV_EMP000868_2023-H2,EMP000868,2023-H2,2025-08-02,COMPLETED,MEETS_EXPECTATIONS,2023-H2
REV_EMP000869_2022-H1,EMP000869,2022-H1,2024-12-16,COMPLETED,NEEDS_IMPROVEMENT,2022-H1
REV_EMP000869_2022-H2,EMP000869,2022-H2,2026-05-04,COMPLETED,EXCEEDS_EXPECTATIONS,2022-H2
REV_EMP000869_2023-H1,EMP000869,2023-H1,2025-05-22,COMPLETED,MEETS_EXPECTATIONS,2023-H1
REV_EMP000869_2023-H2,EMP000869,2023-H2,2024-12-25,COMPLETED,MEETS_EXPECTATIONS,2023-H2
REV_EMP000870_2022-H1,EMP000870,2022-H1,2025-09-16,COMPLETED,EXCEEDS_EXPECTATIONS,2022-H1
REV_EMP000870_2022-H2,EMP000870,2022-H2,2024-12-14,COMPLETED,MEETS_EXPECTATIONS,2022-H2
REV_EMP000870_2023-H1,EMP000870,2023-H1,2025-10-28,COMPLETED,EXCEEDS_EXPECTATIONS,2023-H1
REV_EMP000871_2022-H2,EMP000871,2022-H2,2025-01-03,COMPLETED,MEETS_EXPECTATIONS,2022-H2
REV_EMP000872_2022-H1,EMP000872,2022-H1,2025-10-10,COMPLETED,MEETS_EXPECTATIONS,2022-H1
REV_EMP000872_2022-H2,EMP000872,2022-H2,2026-05-05,COMPLETED,MEETS_EXPECTATIONS,2022-H2
REV_EMP000872_2023-H1,EMP000872,2023-H1,2025-06-27,COMPLETED,MEETS_EXPECTATIONS,2023-H1
REV_EMP000873_2022-H1,EMP000873,2022-H1,2026-03-21,COMPLETED,NEEDS_IMPROVEMENT,2022-H1
REV_EMP000873_2022-H2,EMP000873,2022-H2,2025-05-01,COMPLETED,EXCEEDS_EXPECTATIONS,2022-H2
REV_EMP000873_2023-H1,EMP000873,2023-H1,2025-11-26,COMPLETED,MEETS_EXPECTATIONS,2023-H1
REV_EMP000874_2022-H1,EMP000874,2022-H1,2026-04-03,COMPLETED,MEETS_EXPECTATIONS,2022-H1
REV_EMP000874_2022-H2,EMP000874,2022-H2,2024-10-21,COMPLETED,MEETS_EXPECTATIONS,2022-H2
REV_EMP000874_2023-H1,EMP000874,2023-H1,2024-11-22,COMPLETED,EXCEEDS_EXPECTATIONS,2023-H1
REV_EMP000874_2023-H2,EMP000874,2023-H2,2025-06-01,COMPLETED,NEEDS_IMPROVEMENT,2023-H2
REV_EMP000875_2022-H1,EMP000875,2022-H1,2025-10-08,COMPLETED,OUTSTANDING,2022-H1
REV_EMP000875_2023-H1,EMP000875,2023-H1,2024-12-18,COMPLETED,MEETS_EXPECTATIONS,2023-H1
REV_EMP000875_2023-H2,EMP000875,2023-H2,2025-07-15,COMPLETED,MEETS_EXPECTATIONS,2023-H2
REV_EMP000876_2022-H2,EMP000876,2022-H2,2025-04-28,COMPLETED,NEEDS_IMPROVEMENT,2022-H2
REV_EMP000876_2023-H1,EMP000876,2023-H1,2025-09-09,COMPLETED,MEETS_EXPECTATIONS,2023-H1
REV_EMP000876_2023-H2,EMP000876,2023-H2,2025-12-30,COMPLETED,OUTSTANDING,2023-H2
REV_EMP000877_2022-H2,EMP000877,2022-H2,2026-04-14,COMPLETED,MEETS_EXPECTATIONS,2022-H2
REV_EMP000877_2023-H1,EMP000877,2023-H1,2025-05-20,COMPLETED,MEETS_EXPECTATIONS,2023-H1
REV_EMP000877_2023-H2,EMP000877,2023-H2,2026-03-07,COMPLETED,OUTSTANDING,2023-H2
REV_EMP000878_2022-H1,EMP000878,2022-H1,2026-07-05,COMPLETED,MEETS_EXPECTATIONS,2022-H1
REV_EMP000878_2022-H2,EMP000878,2022-H2,2025-08-30,COMPLETED,EXCEEDS_EXPECTATIONS,2022-H2
REV_EMP000878_2023-H1,EMP000878,2023-H1,2025-03-14,COMPLETED,MEETS_EXPECTATIONS,2023-H1
REV_EMP000879_2022-H1,EMP000879,2022-H1,2025-11-24,COMPLETED,NEEDS_IMPROVEMENT,2022-H1
REV_EMP000879_2023-H1,EMP000879,2023-H1,2025-08-02,COMPLETED,OUTSTANDING,2023-H1
REV_EMP000879_2023-H2,EMP000879,2023-H2,2025-05-03,COMPLETED,EXCEEDS_EXPECTATIONS,2023-H2
REV_EMP000880_2022-H1,EMP000880,2022-H1,2026-07-16,COMPLETED,MEETS_EXPECTATIONS,2022-H1
REV_EMP000880_2022-H2,EMP000880,2022-H2,2025-08-18,COMPLETED,MEETS_EXPECTATIONS,2022-H2
REV_EMP000880_2023-H1,EMP000880,2023-H1,2025-02-13,COMPLETED,OUTSTANDING,2023-H1
REV_EMP000880_2023-H2,EMP000880,2023-H2,2026-07-17,COMPLETED,MEETS_EXPECTATIONS,2023-H2
REV_EMP000881_2022-H1,EMP000881,2022-H1,2024-11-13,COMPLETED,OUTSTANDING,2022-H1
REV_EMP000881_2022-H2,EMP000881,2022-H2,2026-08-15,COMPLETED,OUTSTANDING,2022-H2
REV_EMP000881_2023-H1,EMP000881,2023-H1,2026-07-05,COMPLETED,MEETS_EXPECTATIONS,2023-H1
REV_EMP000881_2023-H2,EMP000881,2023-H2,2026-06-05,COMPLETED,MEETS_EXPECTATIONS,2023-H2
REV_EMP000882_2022-H1,EMP000882,2022-H1,2025-09-24,COMPLETED,MEETS_EXPECTATIONS,2022-H1
REV_EMP000882_2022-H2,EMP000882,2022-H2,2026-09-19,COMPLETED,MEETS_EXPECTATIONS,2022-H2
REV_EMP000882_2023-H1,EMP000882,2023-H1,2026-03-01,COMPLETED,MEETS_EXPECTATIONS,2023-H1
REV_EMP000882_2023-H2,EMP000882,2023-H2,2025-07-02,COMPLETED,MEETS_EXPECTATIONS,2023-H2
REV_EMP000883_2022-H1,EMP000883,2022-H1,2025-02-06,COMPLETED,OUTSTANDING,2022-H1
REV_EMP000883_2022-H2,EMP000883,2022-H2,2024-09-29,COMPLETED,OUTSTANDING,2022-H2
REV_EMP000883_2023-H1,EMP000883,2023-H1,2026-02-25,COMPLETED,EXCEEDS_EXPECTATIONS,2023-H1
REV_EMP000884_2022-H1,EMP000884,2022-H1,2025-10-06,COMPLETED,MEETS_EXPECTATIONS,2022-H1
REV_EMP000884_2022-H2,EMP000884,2022-H2,2026-02-24,COMPLETED,MEETS_EXPECTATIONS,2022-H2
REV_EMP000884_2023-H1,EMP000884,2023-H1,2024-12-10,COMPLETED,MEETS_EXPECTATIONS,2023-H1
REV_EMP000884_2023-H2,EMP000884,2023-H2,2025-07-24,COMPLETED,MEETS_EXPECTATIONS,2023-H2
REV_EMP000885_2022-H1,EMP000885,2022-H1,2025-08-26,COMPLETED,MEETS_EXPECTATIONS,2022-H1
REV_EMP000885_2022-H2,EMP000885,2022-H2,2025-10-30,COMPLETED,MEETS_EXPECTATIONS,2022-H2
REV_EMP000885_2023-H1,EMP000885,2023-H1,2026-02-13,COMPLETED,MEETS_EXPECTATIONS,2023-H1
REV_EMP000885_2023-H2,EMP000885,2023-H2,2026-02-27,COMPLETED,NEEDS_IMPROVEMENT,2023-H2
REV_EMP000886_2023-H1,EMP000886,2023-H1,2024-11-25,COMPLETED,MEETS_EXPECTATIONS,2023-H1
REV_EMP000886_2023-H2,EMP000886,2023-H2,2024-12-21,COMPLETED,OUTSTANDING,2023-H2
REV_EMP000887_2022-H1,EMP000887,2022-H1,2025-01-09,COMPLETED,EXCEEDS_EXPECTATIONS,2022-H1
REV_EMP000887_2022-H2,EMP000887,2022-H2,2025-07-23,COMPLETED,MEETS_EXPECTATIONS,2022-H2
REV_EMP000887_2023-H2,EMP000887,2023-H2,2025-07-28,COMPLETED,MEETS_EXPECTATIONS,2023-H2
REV_EMP000888_2022-H1,EMP000888,2022-H1,2026-03-13,COMPLETED,OUTSTANDING,2022-H1
REV_EMP000888_2022-H2,EMP000888,2022-H2,2025-12-22,COMPLETED,MEETS_EXPECTATIONS,2022-H2
REV_EMP000888_2023-H1,EMP000888,2023-H1,2024-12-08,COMPLETED,MEETS_EXPECTATIONS,2023-H1
REV_EMP000889_2022-H1,EMP000889,2022-H1,2026-04-18,COMPLETED,MEETS_EXPECTATIONS,2022-H1
REV_EMP000889_2022-H2,EMP000889,2022-H2,2026-09-08,COMPLETED,NEEDS_IMPROVEMENT,2022-H2
REV_EMP000889_2023-H1,EMP000889,2023-H1,2026-08-14,COMPLETED,EXCEEDS_EXPECTATIONS,2023-H1
REV_EMP000889_2023-H2,EMP000889,2023-H2,2025-01-29,COMPLETED,MEETS_EXPECTATIONS,2023-H2
REV_EMP000890_2022-H2,EMP000890,2022-H2,2024-11-09,COMPLETED,MEETS_EXPECTATIONS,2022-H2
REV_EMP000890_2023-H1,EMP000890,2023-H1,2025-06-29,COMPLETED,NEEDS_IMPROVEMENT,2023-H1
REV_EMP000890_2023-H2,EMP000890,2023-H2,2025-02-21,COMPLETED,EXCEEDS_EXPECTATIONS,2023-H2
REV_EMP000891_2022-H1,EMP000891,2022-H1,2025-06-10,COMPLETED,NEEDS_IMPROVEMENT,2022-H1
REV_EMP000891_2022-H2,EMP000891,2022-H2,2025-02-22,COMPLETED,MEETS_EXPECTATIONS,2022-H2
REV_EMP000891_2023-H1,EMP000891,2023-H1,2025-12-26,COMPLETED,NEEDS_IMPROVEMENT,2023-H1
REV_EMP000891_2023-H2,EMP000891,2023-H2,2026-07-07,COMPLETED,MEETS_EXPECTATIONS,2023-H2
REV_EMP000892_2022-H1,EMP000892,2022-H1,2025-07-31,COMPLETED,OUTSTANDING,2022-H1
REV_EMP000892_2023-H1,EMP000892,2023-H1,2024-12-24,COMPLETED,EXCEEDS_EXPECTATIONS,2023-H1
REV_EMP000892_2023-H2,EMP000892,2023-H2,2025-03-19,COMPLETED,OUTSTANDING,2023-H2
REV_EMP000893_2022-H1,EMP000893,2022-H1,2026-07-02,COMPLETED,EXCEEDS_EXPECTATIONS,2022-H1
REV_EMP000893_2022-H2,EMP000893,2022-H2,2025-08-15,COMPLETED,EXCEEDS_EXPECTATIONS,2022-H2
REV_EMP000894_2022-H1,EMP000894,2022-H1,2026-04-06,COMPLETED,MEETS_EXPECTATIONS,2022-H1
REV_EMP000894_2022-H2,EMP000894,2022-H2,2025-10-12,COMPLETED,MEETS_EXPECTATIONS,2022-H2
REV_EMP000894_2023-H1,EMP000894,2023-H1,2025-04-24,COMPLETED,EXCEEDS_EXPECTATIONS,2023-H1
REV_EMP000894_2023-H2,EMP000894,2023-H2,2026-05-07,COMPLETED,MEETS_EXPECTATIONS,2023-H2
REV_EMP000895_2022-H1,EMP000895,2022-H1,2026-03-28,COMPLETED,EXCEEDS_EXPECTATIONS,2022-H1
REV_EMP000895_2022-H2,EMP000895,2022-H2,2026-05-07,COMPLETED,MEETS_EXPECTATIONS,2022-H2
REV_EMP000895_2023-H1,EMP000895,2023-H1,2025-12-15,COMPLETED,MEETS_EXPECTATIONS,2023-H1
REV_EMP000895_2023-H2,EMP000895,2023-H2,2025-12-25,COMPLETED,OUTSTANDING,2023-H2
REV_EMP000896_2022-H1,EMP000896,2022-H1,2025-04-20,COMPLETED,MEETS_EXPECTATIONS,2022-H1
REV_EMP000896_2022-H2,EMP000896,2022-H2,2026-04-30,COMPLETED,MEETS_EXPECTATIONS,2022-H2
REV_EMP000896_2023-H1,EMP000896,2023-H1,2026-05-26,COMPLETED,MEETS_EXPECTATIONS,2023-H1
REV_EMP000896_2023-H2,EMP000896,2023-H2,2026-06-04,COMPLETED,MEETS_EXPECTATIONS,2023-H2
REV_EMP000897_2022-H1,EMP000897,2022-H1,2026-02-02,COMPLETED,MEETS_EXPECTATIONS,2022-H1
REV_EMP000897_2023-H1,EMP000897,2023-H1,2025-07-27,COMPLETED,MEETS_EXPECTATIONS,2023-H1
REV_EMP000898_2022-H1,EMP000898,2022-H1,2025-06-23,COMPLETED,OUTSTANDING,2022-H1
REV_EMP000898_2022-H2,EMP000898,2022-H2,2025-09-24,COMPLETED,MEETS_EXPECTATIONS,2022-H2
REV_EMP000898_2023-H1,EMP000898,2023-H1,2026-02-19,COMPLETED,MEETS_EXPECTATIONS,2023-H1
REV_EMP000898_2023-H2,EMP000898,2023-H2,2026-01-01,COMPLETED,MEETS_EXPECTATIONS,2023-H2
REV_EMP000899_2022-H1,EMP000899,2022-H1,2025-07-31,COMPLETED,MEETS_EXPECTATIONS,2022-H1
REV_EMP000899_2023-H1,EMP000899,2023-H1,2025-10-01,COMPLETED,EXCEEDS_EXPECTATIONS,2023-H1
REV_EMP000899_2023-H2,EMP000899,2023-H2,2025-10-22,COMPLETED,MEETS_EXPECTATIONS,2023-H2
REV_EMP000900_2022-H1,EMP000900,2022-H1,2025-04-24,COMPLETED,MEETS_EXPECTATIONS,2022-H1
REV_EMP000900_2022-H2,EMP000900,2022-H2,2025-01-12,COMPLETED,MEETS_EXPECTATIONS,2022-H2
REV_EMP000900_2023-H2,EMP000900,2023-H2,2026-05-09,COMPLETED,EXCEEDS_EXPECTATIONS,2023-H2
REV_EMP000901_2022-H2,EMP000901,2022-H2,2025-09-08,COMPLETED,EXCEEDS_EXPECTATIONS,2022-H2
REV_EMP000901_2023-H1,EMP000901,2023-H1,2024-12-12,COMPLETED,MEETS_EXPECTATIONS,2023-H1
REV_EMP000901_2023-H2,EMP000901,2023-H2,2024-12-23,COMPLETED,MEETS_EXPECTATIONS,2023-H2
REV_EMP000902_2022-H1,EMP000902,2022-H1,2025-04-02,COMPLETED,NEEDS_IMPROVEMENT,2022-H1
REV_EMP000902_2022-H2,EMP000902,2022-H2,2025-10-05,COMPLETED,EXCEEDS_EXPECTATIONS,2022-H2
REV_EMP000902_2023-H2,EMP000902,2023-H2,2025-10-11,COMPLETED,MEETS_EXPECTATIONS,2023-H2
REV_EMP000903_2022-H1,EMP000903,2022-H1,2025-03-18,COMPLETED,OUTSTANDING,2022-H1
REV_EMP000903_2022-H2,EMP000903,2022-H2,2026-01-21,COMPLETED,OUTSTANDING,2022-H2
REV_EMP000903_2023-H1,EMP000903,2023-H1,2025-01-02,COMPLETED,MEETS_EXPECTATIONS,2023-H1
REV_EMP000903_2023-H2,EMP000903,2023-H2,2024-10-13,COMPLETED,MEETS_EXPECTATIONS,2023-H2
REV_EMP000904_2022-H1,EMP000904,2022-H1,2024-12-06,COMPLETED,MEETS_EXPECTATIONS,2022-H1
REV_EMP000904_2022-H2,EMP000904,2022-H2,2026-04-16,COMPLETED,NEEDS_IMPROVEMENT,2022-H2
REV_EMP000905_2022-H1,EMP000905,2022-H1,2024-10-31,COMPLETED,MEETS_EXPECTATIONS,2022-H1
REV_EMP000905_2022-H2,EMP000905,2022-H2,2026-06-26,COMPLETED,NEEDS_IMPROVEMENT,2022-H2
REV_EMP000905_2023-H1,EMP000905,2023-H1,2024-11-11,COMPLETED,MEETS_EXPECTATIONS,2023-H1
REV_EMP000905_2023-H2,EMP000905,2023-H2,2025-10-11,COMPLETED,MEETS_EXPECTATIONS,2023-H2
REV_EMP000906_2022-H1,EMP000906,2022-H1,2026-02-28,COMPLETED,NEEDS_IMPROVEMENT,2022-H1
REV_EMP000906_2022-H2,EMP000906,2022-H2,2024-10-10,COMPLETED,MEETS_EXPECTATIONS,2022-H2
REV_EMP000906_2023-H1,EMP000906,2023-H1,2025-02-06,COMPLETED,MEETS_EXPECTATIONS,2023-H1
REV_EMP000907_2022-H1,EMP000907,2022-H1,2025-07-14,COMPLETED,MEETS_EXPECTATIONS,2022-H1
REV_EMP000907_2023-H2,EMP000907,2023-H2,2026-01-02,COMPLETED,MEETS_EXPECTATIONS,2023-H2
REV_EMP000908_2022-H1,EMP000908,2022-H1,2026-03-01,COMPLETED,EXCEEDS_EXPECTATIONS,2022-H1
REV_EMP000908_2022-H2,EMP000908,2022-H2,2025-05-31,COMPLETED,MEETS_EXPECTATIONS,2022-H2
REV_EMP000908_2023-H1,EMP000908,2023-H1,2025-01-16,COMPLETED,MEETS_EXPECTATIONS,2023-H1
REV_EMP000908_2023-H2,EMP000908,2023-H2,2025-05-13,COMPLETED,NEEDS_IMPROVEMENT,2023-H2
REV_EMP000909_2022-H1,EMP000909,2022-H1,2026-01-16,COMPLETED,OUTSTANDING,2022-H1
REV_EMP000909_2022-H2,EMP000909,2022-H2,2026-01-17,COMPLETED,MEETS_EXPECTATIONS,2022-H2
REV_EMP000909_2023-H1,EMP000909,2023-H1,2024-12-03,COMPLETED,MEETS_EXPECTATIONS,2023-H1
REV_EMP000909_2023-H2,EMP000909,2023-H2,2026-05-03,COMPLETED,EXCEEDS_EXPECTATIONS,2023-H2
REV_EMP000910_2022-H1,EMP000910,2022-H1,2024-11-18,COMPLETED,MEETS_EXPECTATIONS,2022-H1
REV_EMP000910_2022-H2,EMP000910,2022-H2,2026-02-15,COMPLETED,OUTSTANDING,2022-H2
REV_EMP000910_2023-H1,EMP000910,2023-H1,2026-04-26,COMPLETED,OUTSTANDING,2023-H1
REV_EMP000911_2022-H1,EMP000911,2022-H1,2025-10-28,COMPLETED,MEETS_EXPECTATIONS,2022-H1
REV_EMP000911_2023-H1,EMP000911,2023-H1,2026-05-09,COMPLETED,MEETS_EXPECTATIONS,2023-H1
REV_EMP000911_2023-H2,EMP000911,2023-H2,2025-10-07,COMPLETED,OUTSTANDING,2023-H2
REV_EMP000912_2022-H1,EMP000912,2022-H1,2026-05-28,COMPLETED,MEETS_EXPECTATIONS,2022-H1
REV_EMP000912_2023-H1,EMP000912,2023-H1,2025-09-16,COMPLETED,MEETS_EXPECTATIONS,2023-H1
REV_EMP000912_2023-H2,EMP000912,2023-H2,2025-02-23,COMPLETED,EXCEEDS_EXPECTATIONS,2023-H2
REV_EMP000913_2022-H1,EMP000913,2022-H1,2025-05-06,COMPLETED,MEETS_EXPECTATIONS,2022-H1
REV_EMP000913_2022-H2,EMP000913,2022-H2,2026-02-16,COMPLETED,EXCEEDS_EXPECTATIONS,2022-H2
REV_EMP000913_2023-H1,EMP000913,2023-H1,2025-10-11,COMPLETED,OUTSTANDING,2023-H1
REV_EMP000913_2023-H2,EMP000913,2023-H2,2025-10-05,COMPLETED,MEETS_EXPECTATIONS,2023-H2
REV_EMP000914_2022-H1,EMP000914,2022-H1,2025-10-17,COMPLETED,MEETS_EXPECTATIONS,2022-H1
REV_EMP000914_2022-H2,EMP000914,2022-H2,2025-04-11,COMPLETED,MEETS_EXPECTATIONS,2022-H2
REV_EMP000914_2023-H1,EMP000914,2023-H1,2025-11-15,COMPLETED,MEETS_EXPECTATIONS,2023-H1
REV_EMP000914_2023-H2,EMP000914,2023-H2,2025-06-13,COMPLETED,MEETS_EXPECTATIONS,2023-H2
REV_EMP000915_2022-H1,EMP000915,2022-H1,2026-06-10,COMPLETED,MEETS_EXPECTATIONS,2022-H1
REV_EMP000915_2023-H1,EMP000915,2023-H1,2026-07-19,COMPLETED,MEETS_EXPECTATIONS,2023-H1
REV_EMP000915_2023-H2,EMP000915,2023-H2,2025-11-13,COMPLETED,OUTSTANDING,2023-H2
REV_EMP000916_2022-H1,EMP000916,2022-H1,2025-11-18,COMPLETED,EXCEEDS_EXPECTATIONS,2022-H1
REV_EMP000916_2022-H2,EMP000916,2022-H2,2024-10-03,COMPLETED,MEETS_EXPECTATIONS,2022-H2
REV_EMP000916_2023-H1,EMP000916,2023-H1,2026-05-06,COMPLETED,MEETS_EXPECTATIONS,2023-H1
REV_EMP000917_2022-H1,EMP000917,2022-H1,2024-10-14,COMPLETED,MEETS_EXPECTATIONS,2022-H1
REV_EMP000917_2022-H2,EMP000917,2022-H2,2025-08-20,COMPLETED,EXCEEDS_EXPECTATIONS,2022-H2
REV_EMP000917_2023-H1,EMP000917,2023-H1,2026-08-04,COMPLETED,NEEDS_IMPROVEMENT,2023-H1
REV_EMP000917_2023-H2,EMP000917,2023-H2,2026-08-31,COMPLETED,MEETS_EXPECTATIONS,2023-H2
REV_EMP000918_2022-H2,EMP000918,2022-H2,2024-12-21,COMPLETED,MEETS_EXPECTATIONS,2022-H2
REV_EMP000918_2023-H2,EMP000918,2023-H2,2025-07-14,COMPLETED,MEETS_EXPECTATIONS,2023-H2
REV_EMP000919_2022-H1,EMP000919,2022-H1,2025-09-04,COMPLETED,MEETS_EXPECTATIONS,2022-H1
REV_EMP000919_2022-H2,EMP000919,2022-H2,2025-05-22,COMPLETED,EXCEEDS_EXPECTATIONS,2022-H2
REV_EMP000919_2023-H1,EMP000919,2023-H1,2026-07-14,COMPLETED,MEETS_EXPECTATIONS,2023-H1
REV_EMP000919_2023-H2,EMP000919,2023-H2,2025-07-09,COMPLETED,EXCEEDS_EXPECTATIONS,2023-H2
REV_EMP000920_2022-H2,EMP000920,2022-H2,2025-08-29,COMPLETED,MEETS_EXPECTATIONS,2022-H2
REV_EMP000920_2023-H1,EMP000920,2023-H1,2025-09-12,COMPLETED,MEETS_EXPECTATIONS,2023-H1
REV_EMP000920_2023-H2,EMP000920,2023-H2,2024-10-17,COMPLETED,MEETS_EXPECTATIONS,2023-H2
REV_EMP000921_2022-H1,EMP000921,2022-H1,2024-10-15,COMPLETED,MEETS_EXPECTATIONS,2022-H1
REV_EMP000921_2022-H2,EMP000921,2022-H2,2025-02-04,COMPLETED,EXCEEDS_EXPECTATIONS,2022-H2
REV_EMP000921_2023-H1,EMP000921,2023-H1,2025-11-26,COMPLETED,EXCEEDS_EXPECTATIONS,2023-H1
REV_EMP000922_2022-H2,EMP000922,2022-H2,2026-02-14,COMPLETED,NEEDS_IMPROVEMENT,2022-H2
REV_EMP000922_2023-H1,EMP000922,2023-H1,2026-07-20,COMPLETED,MEETS_EXPECTATIONS,2023-H1
REV_EMP000922_2023-H2,EMP000922,2023-H2,2026-05-18,COMPLETED,MEETS_EXPECTATIONS,2023-H2
REV_EMP000923_2022-H2,EMP000923,2022-H2,2025-05-13,COMPLETED,EXCEEDS_EXPECTATIONS,2022-H2
REV_EMP000923_2023-H1,EMP000923,2023-H1,2026-08-08,COMPLETED,OUTSTANDING,2023-H1
REV_EMP000923_2023-H2,EMP000923,2023-H2,2026-03-22,COMPLETED,EXCEEDS_EXPECTATIONS,2023-H2
REV_EMP000924_2022-H1,EMP000924,2022-H1,2025-01-25,COMPLETED,EXCEEDS_EXPECTATIONS,2022-H1
REV_EMP000924_2022-H2,EMP000924,2022-H2,2025-10-06,COMPLETED,MEETS_EXPECTATIONS,2022-H2
REV_EMP000924_2023-H1,EMP000924,2023-H1,2025-08-20,COMPLETED,OUTSTANDING,2023-H1
REV_EMP000925_2022-H1,EMP000925,2022-H1,2025-01-02,COMPLETED,MEETS_EXPECTATIONS,2022-H1
REV_EMP000925_2022-H2,EMP000925,2022-H2,2025-05-20,COMPLETED,MEETS_EXPECTATIONS,2022-H2
REV_EMP000925_2023-H1,EMP000925,2023-H1,2026-03-29,COMPLETED,MEETS_EXPECTATIONS,2023-H1
REV_EMP000925_2023-H2,EMP000925,2023-H2,2025-07-19,COMPLETED,MEETS_EXPECTATIONS,2023-H2
REV_EMP000926_2022-H1,EMP000926,2022-H1,2025-10-03,COMPLETED,OUTSTANDING,2022-H1
REV_EMP000926_2022-H2,EMP000926,2022-H2,2026-05-06,COMPLETED,MEETS_EXPECTATIONS,2022-H2
REV_EMP000926_2023-H1,EMP000926,2023-H1,2024-12-13,COMPLETED,EXCEEDS_EXPECTATIONS,2023-H1
REV_EMP000927_2022-H1,EMP000927,2022-H1,2025-12-05,COMPLETED,MEETS_EXPECTATIONS,2022-H1
REV_EMP000927_2023-H2,EMP000927,2023-H2,2026-02-26,COMPLETED,EXCEEDS_EXPECTATIONS,2023-H2
REV_EMP000928_2022-H1,EMP000928,2022-H1,2025-10-06,COMPLETED,MEETS_EXPECTATIONS,2022-H1
REV_EMP000928_2023-H1,EMP000928,2023-H1,2026-02-14,COMPLETED,OUTSTANDING,2023-H1
REV_EMP000928_2023-H2,EMP000928,2023-H2,2025-11-24,COMPLETED,MEETS_EXPECTATIONS,2023-H2
REV_EMP000929_2022-H1,EMP000929,2022-H1,2026-03-06,COMPLETED,OUTSTANDING,2022-H1
REV_EMP000929_2022-H2,EMP000929,2022-H2,2025-11-12,COMPLETED,NEEDS_IMPROVEMENT,2022-H2
REV_EMP000929_2023-H2,EMP000929,2023-H2,2025-12-08,COMPLETED,MEETS_EXPECTATIONS,2023-H2
REV_EMP000930_2022-H2,EMP000930,2022-H2,2025-09-19,COMPLETED,EXCEEDS_EXPECTATIONS,2022-H2
REV_EMP000930_2023-H1,EMP000930,2023-H1,2025-09-24,COMPLETED,OUTSTANDING,2023-H1
REV_EMP000930_2023-H2,EMP000930,2023-H2,2025-11-30,COMPLETED,EXCEEDS_EXPECTATIONS,2023-H2
REV_EMP000931_2022-H1,EMP000931,2022-H1,2026-07-15,COMPLETED,NEEDS_IMPROVEMENT,2022-H1
REV_EMP000931_2022-H2,EMP000931,2022-H2,2025-01-19,COMPLETED,EXCEEDS_EXPECTATIONS,2022-H2
REV_EMP000931_2023-H2,EMP000931,2023-H2,2025-10-18,COMPLETED,MEETS_EXPECTATIONS,2023-H2
REV_EMP000932_2022-H2,EMP000932,2022-H2,2024-11-02,COMPLETED,MEETS_EXPECTATIONS,2022-H2
REV_EMP000932_2023-H1,EMP000932,2023-H1,2025-07-20,COMPLETED,MEETS_EXPECTATIONS,2023-H1
REV_EMP000932_2023-H2,EMP000932,2023-H2,2025-04-12,COMPLETED,MEETS_EXPECTATIONS,2023-H2
REV_EMP000933_2022-H1,EMP000933,2022-H1,2025-10-09,COMPLETED,NEEDS_IMPROVEMENT,2022-H1
REV_EMP000933_2022-H2,EMP000933,2022-H2,2025-12-23,COMPLETED,MEETS_EXPECTATIONS,2022-H2
REV_EMP000933_2023-H1,EMP000933,2023-H1,2025-07-10,COMPLETED,MEETS_EXPECTATIONS,2023-H1
REV_EMP000934_2022-H1,EMP000934,2022-H1,2026-01-12,COMPLETED,EXCEEDS_EXPECTATIONS,2022-H1
REV_EMP000934_2022-H2,EMP000934,2022-H2,2026-02-27,COMPLETED,NEEDS_IMPROVEMENT,2022-H2
REV_EMP000934_2023-H1,EMP000934,2023-H1,2025-06-20,COMPLETED,MEETS_EXPECTATIONS,2023-H1
REV_EMP000934_2023-H2,EMP000934,2023-H2,2026-05-08,COMPLETED,MEETS_EXPECTATIONS,2023-H2
REV_EMP000935_2022-H1,EMP000935,2022-H1,2025-04-28,COMPLETED,NEEDS_IMPROVEMENT,2022-H1
REV_EMP000935_2022-H2,EMP000935,2022-H2,2025-05-26,COMPLETED,OUTSTANDING,2022-H2
REV_EMP000935_2023-H1,EMP000935,2023-H1,2024-11-06,COMPLETED,NEEDS_IMPROVEMENT,2023-H1
REV_EMP000935_2023-H2,EMP000935,2023-H2,2024-10-11,COMPLETED,MEETS_EXPECTATIONS,2023-H2
REV_EMP000936_2022-H1,EMP000936,2022-H1,2025-12-22,COMPLETED,EXCEEDS_EXPECTATIONS,2022-H1
REV_EMP000936_2022-H2,EMP000936,2022-H2,2024-10-25,COMPLETED,EXCEEDS_EXPECTATIONS,2022-H2
REV_EMP000936_2023-H1,EMP000936,2023-H1,2024-12-28,COMPLETED,MEETS_EXPECTATIONS,2023-H1
REV_EMP000936_2023-H2,EMP000936,2023-H2,2026-07-02,COMPLETED,EXCEEDS_EXPECTATIONS,2023-H2
REV_EMP000937_2022-H1,EMP000937,2022-H1,2025-07-01,COMPLETED,MEETS_EXPECTATIONS,2022-H1
REV_EMP000937_2022-H2,EMP000937,2022-H2,2025-06-17,COMPLETED,OUTSTANDING,2022-H2
REV_EMP000937_2023-H1,EMP000937,2023-H1,2026-06-10,COMPLETED,NEEDS_IMPROVEMENT,2023-H1
REV_EMP000937_2023-H2,EMP000937,2023-H2,2026-04-19,COMPLETED,MEETS_EXPECTATIONS,2023-H2
REV_EMP000938_2022-H1,EMP000938,2022-H1,2025-12-17,COMPLETED,MEETS_EXPECTATIONS,2022-H1
REV_EMP000938_2022-H2,EMP000938,2022-H2,2024-10-10,COMPLETED,EXCEEDS_EXPECTATIONS,2022-H2
REV_EMP000939_2022-H1,EMP000939,2022-H1,2026-05-07,COMPLETED,MEETS_EXPECTATIONS,2022-H1
REV_EMP000939_2022-H2,EMP000939,2022-H2,2026-08-13,COMPLETED,EXCEEDS_EXPECTATIONS,2022-H2
REV_EMP000939_2023-H1,EMP000939,2023-H1,2026-01-18,COMPLETED,NEEDS_IMPROVEMENT,2023-H1
REV_EMP000940_2022-H1,EMP000940,2022-H1,2025-06-12,COMPLETED,EXCEEDS_EXPECTATIONS,2022-H1
REV_EMP000940_2022-H2,EMP000940,2022-H2,2025-07-12,COMPLETED,MEETS_EXPECTATIONS,2022-H2
REV_EMP000940_2023-H1,EMP000940,2023-H1,2024-12-04,COMPLETED,EXCEEDS_EXPECTATIONS,2023-H1
REV_EMP000940_2023-H2,EMP000940,2023-H2,2025-08-18,COMPLETED,EXCEEDS_EXPECTATIONS,2023-H2
REV_EMP000941_2022-H1,EMP000941,2022-H1,2025-06-15,COMPLETED,MEETS_EXPECTATIONS,2022-H1
REV_EMP000941_2023-H1,EMP000941,2023-H1,2025-06-24,COMPLETED,MEETS_EXPECTATIONS,2023-H1
REV_EMP000941_2023-H2,EMP000941,2023-H2,2025-08-05,COMPLETED,NEEDS_IMPROVEMENT,2023-H2
REV_EMP000942_2022-H2,EMP000942,2022-H2,2025-06-19,COMPLETED,NEEDS_IMPROVEMENT,2022-H2
REV_EMP000942_2023-H1,EMP000942,2023-H1,2024-11-02,COMPLETED,MEETS_EXPECTATIONS,2023-H1
REV_EMP000943_2022-H2,EMP000943,2022-H2,2026-02-15,COMPLETED,MEETS_EXPECTATIONS,2022-H2
REV_EMP000943_2023-H1,EMP000943,2023-H1,2025-03-28,COMPLETED,MEETS_EXPECTATIONS,2023-H1
REV_EMP000943_2023-H2,EMP000943,2023-H2,2025-03-31,COMPLETED,MEETS_EXPECTATIONS,2023-H2
REV_EMP000944_2022-H2,EMP000944,2022-H2,2025-03-21,COMPLETED,MEETS_EXPECTATIONS,2022-H2
REV_EMP000944_2023-H1,EMP000944,2023-H1,2026-02-05,COMPLETED,NEEDS_IMPROVEMENT,2023-H1
REV_EMP000946_2022-H1,EMP000946,2022-H1,2025-05-20,COMPLETED,OUTSTANDING,2022-H1
REV_EMP000946_2022-H2,EMP000946,2022-H2,2025-12-24,COMPLETED,EXCEEDS_EXPECTATIONS,2022-H2
REV_EMP000947_2022-H1,EMP000947,2022-H1,2024-11-24,COMPLETED,OUTSTANDING,2022-H1
REV_EMP000947_2023-H1,EMP000947,2023-H1,2026-08-28,COMPLETED,MEETS_EXPECTATIONS,2023-H1
REV_EMP000947_2023-H2,EMP000947,2023-H2,2026-03-08,COMPLETED,MEETS_EXPECTATIONS,2023-H2
REV_EMP000948_2022-H1,EMP000948,2022-H1,2024-11-09,COMPLETED,MEETS_EXPECTATIONS,2022-H1
REV_EMP000948_2022-H2,EMP000948,2022-H2,2026-07-26,COMPLETED,EXCEEDS_EXPECTATIONS,2022-H2
REV_EMP000948_2023-H1,EMP000948,2023-H1,2025-05-14,COMPLETED,MEETS_EXPECTATIONS,2023-H1
REV_EMP000948_2023-H2,EMP000948,2023-H2,2024-12-17,COMPLETED,MEETS_EXPECTATIONS,2023-H2
REV_EMP000949_2022-H1,EMP000949,2022-H1,2025-06-09,COMPLETED,NEEDS_IMPROVEMENT,2022-H1
REV_EMP000949_2023-H1,EMP000949,2023-H1,2025-01-29,COMPLETED,EXCEEDS_EXPECTATIONS,2023-H1
REV_EMP000949_2023-H2,EMP000949,2023-H2,2024-10-05,COMPLETED,EXCEEDS_EXPECTATIONS,2023-H2
REV_EMP000950_2022-H2,EMP000950,2022-H2,2025-11-12,COMPLETED,EXCEEDS_EXPECTATIONS,2022-H2
REV_EMP000950_2023-H2,EMP000950,2023-H2,2025-05-31,COMPLETED,NEEDS_IMPROVEMENT,2023-H2
REV_EMP000951_2022-H1,EMP000951,2022-H1,2024-10-19,COMPLETED,OUTSTANDING,2022-H1
REV_EMP000951_2022-H2,EMP000951,2022-H2,2025-09-12,COMPLETED,MEETS_EXPECTATIONS,2022-H2
REV_EMP000951_2023-H1,EMP000951,2023-H1,2026-02-12,COMPLETED,NEEDS_IMPROVEMENT,2023-H1
REV_EMP000951_2023-H2,EMP000951,2023-H2,2026-07-22,COMPLETED,EXCEEDS_EXPECTATIONS,2023-H2
REV_EMP000952_2022-H1,EMP000952,2022-H1,2025-08-14,COMPLETED,EXCEEDS_EXPECTATIONS,2022-H1
REV_EMP000952_2022-H2,EMP000952,2022-H2,2025-12-05,COMPLETED,MEETS_EXPECTATIONS,2022-H2
REV_EMP000952_2023-H1,EMP000952,2023-H1,2025-10-24,COMPLETED,MEETS_EXPECTATIONS,2023-H1
REV_EMP000952_2023-H2,EMP000952,2023-H2,2026-08-21,COMPLETED,MEETS_EXPECTATIONS,2023-H2
REV_EMP000953_2022-H1,EMP000953,2022-H1,2025-08-13,COMPLETED,NEEDS_IMPROVEMENT,2022-H1
REV_EMP000953_2022-H2,EMP000953,2022-H2,2025-04-15,COMPLETED,MEETS_EXPECTATIONS,2022-H2
REV_EMP000953_2023-H1,EMP000953,2023-H1,2024-10-05,COMPLETED,OUTSTANDING,2023-H1
REV_EMP000953_2023-H2,EMP000953,2023-H2,2026-03-14,COMPLETED,OUTSTANDING,2023-H2
REV_EMP000954_2022-H1,EMP000954,2022-H1,2025-09-19,COMPLETED,EXCEEDS_EXPECTATIONS,2022-H1
REV_EMP000954_2022-H2,EMP000954,2022-H2,2025-12-20,COMPLETED,MEETS_EXPECTATIONS,2022-H2
REV_EMP000954_2023-H1,EMP000954,2023-H1,2024-10-07,COMPLETED,MEETS_EXPECTATIONS,2023-H1
REV_EMP000955_2022-H2,EMP000955,2022-H2,2025-05-23,COMPLETED,OUTSTANDING,2022-H2
REV_EMP000955_2023-H1,EMP000955,2023-H1,2025-07-10,COMPLETED,MEETS_EXPECTATIONS,2023-H1
REV_EMP000956_2022-H1,EMP000956,2022-H1,2025-12-07,COMPLETED,MEETS_EXPECTATIONS,2022-H1
REV_EMP000956_2023-H1,EMP000956,2023-H1,2025-07-20,COMPLETED,MEETS_EXPECTATIONS,2023-H1
REV_EMP000957_2022-H1,EMP000957,2022-H1,2025-05-28,COMPLETED,MEETS_EXPECTATIONS,2022-H1
REV_EMP000957_2022-H2,EMP000957,2022-H2,2025-12-08,COMPLETED,NEEDS_IMPROVEMENT,2022-H2
REV_EMP000957_2023-H1,EMP000957,2023-H1,2024-12-04,COMPLETED,MEETS_EXPECTATIONS,2023-H1
REV_EMP000957_2023-H2,EMP000957,2023-H2,2026-06-09,COMPLETED,MEETS_EXPECTATIONS,2023-H2
REV_EMP000958_2022-H1,EMP000958,2022-H1,2025-10-04,COMPLETED,MEETS_EXPECTATIONS,2022-H1
REV_EMP000958_2022-H2,EMP000958,2022-H2,2024-12-06,COMPLETED,MEETS_EXPECTATIONS,2022-H2
REV_EMP000958_2023-H1,EMP000958,2023-H1,2026-03-10,COMPLETED,MEETS_EXPECTATIONS,2023-H1
REV_EMP000958_2023-H2,EMP000958,2023-H2,2026-02-26,COMPLETED,NEEDS_IMPROVEMENT,2023-H2
REV_EMP000959_2022-H1,EMP000959,2022-H1,2025-02-26,COMPLETED,NEEDS_IMPROVEMENT,2022-H1
REV_EMP000959_2022-H2,EMP000959,2022-H2,2025-06-07,COMPLETED,MEETS_EXPECTATIONS,2022-H2
REV_EMP000959_2023-H1,EMP000959,2023-H1,2025-10-10,COMPLETED,MEETS_EXPECTATIONS,2023-H1
REV_EMP000959_2023-H2,EMP000959,2023-H2,2025-10-15,COMPLETED,EXCEEDS_EXPECTATIONS,2023-H2
REV_EMP000960_2022-H1,EMP000960,2022-H1,2026-06-12,COMPLETED,NEEDS_IMPROVEMENT,2022-H1
REV_EMP000960_2022-H2,EMP000960,2022-H2,2026-05-07,COMPLETED,MEETS_EXPECTATIONS,2022-H2
REV_EMP000960_2023-H1,EMP000960,2023-H1,2026-02-20,COMPLETED,MEETS_EXPECTATIONS,2023-H1
REV_EMP000960_2023-H2,EMP000960,2023-H2,2025-06-10,COMPLETED,MEETS_EXPECTATIONS,2023-H2
REV_EMP000961_2022-H2,EMP000961,2022-H2,2025-01-27,COMPLETED,EXCEEDS_EXPECTATIONS,2022-H2
REV_EMP000961_2023-H1,EMP000961,2023-H1,2026-01-10,COMPLETED,EXCEEDS_EXPECTATIONS,2023-H1
REV_EMP000961_2023-H2,EMP000961,2023-H2,2025-05-10,COMPLETED,OUTSTANDING,2023-H2
REV_EMP000962_2022-H2,EMP000962,2022-H2,2025-06-29,COMPLETED,MEETS_EXPECTATIONS,2022-H2
REV_EMP000962_2023-H1,EMP000962,2023-H1,2025-08-24,COMPLETED,MEETS_EXPECTATIONS,2023-H1
REV_EMP000962_2023-H2,EMP000962,2023-H2,2025-02-23,COMPLETED,EXCEEDS_EXPECTATIONS,2023-H2
REV_EMP000963_2022-H1,EMP000963,2022-H1,2025-10-10,COMPLETED,OUTSTANDING,2022-H1
REV_EMP000963_2022-H2,EMP000963,2022-H2,2026-01-26,COMPLETED,EXCEEDS_EXPECTATIONS,2022-H2
REV_EMP000963_2023-H1,EMP000963,2023-H1,2026-07-10,COMPLETED,MEETS_EXPECTATIONS,2023-H1
REV_EMP000963_2023-H2,EMP000963,2023-H2,2026-05-24,COMPLETED,MEETS_EXPECTATIONS,2023-H2
REV_EMP000964_2022-H2,EMP000964,2022-H2,2024-11-17,COMPLETED,MEETS_EXPECTATIONS,2022-H2
REV_EMP000964_2023-H1,EMP000964,2023-H1,2026-07-04,COMPLETED,MEETS_EXPECTATIONS,2023-H1
REV_EMP000964_2023-H2,EMP000964,2023-H2,2026-07-12,COMPLETED,MEETS_EXPECTATIONS,2023-H2
REV_EMP000965_2022-H1,EMP000965,2022-H1,2025-11-10,COMPLETED,MEETS_EXPECTATIONS,2022-H1
REV_EMP000965_2022-H2,EMP000965,2022-H2,2025-03-05,COMPLETED,NEEDS_IMPROVEMENT,2022-H2
REV_EMP000965_2023-H1,EMP000965,2023-H1,2025-05-01,COMPLETED,NEEDS_IMPROVEMENT,2023-H1
REV_EMP000965_2023-H2,EMP000965,2023-H2,2025-04-13,COMPLETED,MEETS_EXPECTATIONS,2023-H2
REV_EMP000966_2022-H2,EMP000966,2022-H2,2024-10-26,COMPLETED,MEETS_EXPECTATIONS,2022-H2
REV_EMP000966_2023-H1,EMP000966,2023-H1,2025-05-08,COMPLETED,OUTSTANDING,2023-H1
REV_EMP000966_2023-H2,EMP000966,2023-H2,2025-12-09,COMPLETED,MEETS_EXPECTATIONS,2023-H2
REV_EMP000967_2022-H1,EMP000967,2022-H1,2025-07-29,COMPLETED,EXCEEDS_EXPECTATIONS,2022-H1
REV_EMP000967_2022-H2,EMP000967,2022-H2,2026-06-06,COMPLETED,MEETS_EXPECTATIONS,2022-H2
REV_EMP000967_2023-H1,EMP000967,2023-H1,2025-03-14,COMPLETED,NEEDS_IMPROVEMENT,2023-H1
REV_EMP000967_2023-H2,EMP000967,2023-H2,2026-01-18,COMPLETED,MEETS_EXPECTATIONS,2023-H2
REV_EMP000968_2022-H1,EMP000968,2022-H1,2026-04-20,COMPLETED,EXCEEDS_EXPECTATIONS,2022-H1
REV_EMP000968_2022-H2,EMP000968,2022-H2,2024-11-30,COMPLETED,MEETS_EXPECTATIONS,2022-H2
REV_EMP000968_2023-H1,EMP000968,2023-H1,2026-03-31,COMPLETED,MEETS_EXPECTATIONS,2023-H1
REV_EMP000968_2023-H2,EMP000968,2023-H2,2026-07-07,COMPLETED,MEETS_EXPECTATIONS,2023-H2
REV_EMP000969_2022-H1,EMP000969,2022-H1,2025-12-13,COMPLETED,EXCEEDS_EXPECTATIONS,2022-H1
REV_EMP000969_2022-H2,EMP000969,2022-H2,2024-12-02,COMPLETED,OUTSTANDING,2022-H2
REV_EMP000969_2023-H1,EMP000969,2023-H1,2025-12-23,COMPLETED,MEETS_EXPECTATIONS,2023-H1
REV_EMP000969_2023-H2,EMP000969,2023-H2,2025-06-08,COMPLETED,EXCEEDS_EXPECTATIONS,2023-H2
REV_EMP000970_2022-H2,EMP000970,2022-H2,2025-04-20,COMPLETED,MEETS_EXPECTATIONS,2022-H2
REV_EMP000970_2023-H1,EMP000970,2023-H1,2024-11-11,COMPLETED,MEETS_EXPECTATIONS,2023-H1
REV_EMP000970_2023-H2,EMP000970,2023-H2,2025-12-03,COMPLETED,NEEDS_IMPROVEMENT,2023-H2
REV_EMP000971_2022-H1,EMP000971,2022-H1,2026-06-04,COMPLETED,MEETS_EXPECTATIONS,2022-H1
REV_EMP000971_2023-H1,EMP000971,2023-H1,2025-11-06,COMPLETED,EXCEEDS_EXPECTATIONS,2023-H1
REV_EMP000972_2022-H1,EMP000972,2022-H1,2025-09-24,COMPLETED,OUTSTANDING,2022-H1
REV_EMP000972_2023-H1,EMP000972,2023-H1,2025-08-17,COMPLETED,MEETS_EXPECTATIONS,2023-H1
REV_EMP000972_2023-H2,EMP000972,2023-H2,2025-03-01,COMPLETED,EXCEEDS_EXPECTATIONS,2023-H2
REV_EMP000973_2022-H2,EMP000973,2022-H2,2025-06-16,COMPLETED,MEETS_EXPECTATIONS,2022-H2
REV_EMP000973_2023-H1,EMP000973,2023-H1,2026-05-31,COMPLETED,MEETS_EXPECTATIONS,2023-H1
REV_EMP000974_2022-H2,EMP000974,2022-H2,2024-11-18,COMPLETED,MEETS_EXPECTATIONS,2022-H2
REV_EMP000974_2023-H1,EMP000974,2023-H1,2026-02-08,COMPLETED,MEETS_EXPECTATIONS,2023-H1
REV_EMP000974_2023-H2,EMP000974,2023-H2,2026-06-21,COMPLETED,MEETS_EXPECTATIONS,2023-H2
REV_EMP000975_2022-H1,EMP000975,2022-H1,2025-05-12,COMPLETED,MEETS_EXPECTATIONS,2022-H1
REV_EMP000975_2022-H2,EMP000975,2022-H2,2025-10-16,COMPLETED,MEETS_EXPECTATIONS,2022-H2
REV_EMP000975_2023-H1,EMP000975,2023-H1,2026-06-06,COMPLETED,MEETS_EXPECTATIONS,2023-H1
REV_EMP000975_2023-H2,EMP000975,2023-H2,2025-05-10,COMPLETED,NEEDS_IMPROVEMENT,2023-H2
REV_EMP000976_2022-H1,EMP000976,2022-H1,2025-08-22,COMPLETED,MEETS_EXPECTATIONS,2022-H1
REV_EMP000976_2022-H2,EMP000976,2022-H2,2026-02-17,COMPLETED,EXCEEDS_EXPECTATIONS,2022-H2
REV_EMP000976_2023-H2,EMP000976,2023-H2,2025-11-13,COMPLETED,MEETS_EXPECTATIONS,2023-H2
REV_EMP000977_2023-H2,EMP000977,2023-H2,2025-05-21,COMPLETED,OUTSTANDING,2023-H2
REV_EMP000978_2022-H1,EMP000978,2022-H1,2025-02-22,COMPLETED,EXCEEDS_EXPECTATIONS,2022-H1
REV_EMP000978_2022-H2,EMP000978,2022-H2,2025-08-07,COMPLETED,MEETS_EXPECTATIONS,2022-H2
REV_EMP000978_2023-H1,EMP000978,2023-H1,2025-07-29,COMPLETED,EXCEEDS_EXPECTATIONS,2023-H1
REV_EMP000978_2023-H2,EMP000978,2023-H2,2025-04-03,COMPLETED,MEETS_EXPECTATIONS,2023-H2
REV_EMP000979_2022-H1,EMP000979,2022-H1,2026-01-18,COMPLETED,MEETS_EXPECTATIONS,2022-H1
REV_EMP000979_2022-H2,EMP000979,2022-H2,2025-10-25,COMPLETED,MEETS_EXPECTATIONS,2022-H2
REV_EMP000979_2023-H1,EMP000979,2023-H1,2025-09-07,COMPLETED,EXCEEDS_EXPECTATIONS,2023-H1
REV_EMP000979_2023-H2,EMP000979,2023-H2,2026-02-23,COMPLETED,MEETS_EXPECTATIONS,2023-H2
REV_EMP000980_2022-H1,EMP000980,2022-H1,2026-05-05,COMPLETED,MEETS_EXPECTATIONS,2022-H1
REV_EMP000980_2022-H2,EMP000980,2022-H2,2025-11-19,COMPLETED,MEETS_EXPECTATIONS,2022-H2
REV_EMP000980_2023-H1,EMP000980,2023-H1,2025-02-07,COMPLETED,NEEDS_IMPROVEMENT,2023-H1
REV_EMP000980_2023-H2,EMP000980,2023-H2,2026-08-05,COMPLETED,MEETS_EXPECTATIONS,2023-H2
REV_EMP000981_2022-H2,EMP000981,2022-H2,2024-10-04,COMPLETED,MEETS_EXPECTATIONS,2022-H2
REV_EMP000981_2023-H2,EMP000981,2023-H2,2026-01-20,COMPLETED,MEETS_EXPECTATIONS,2023-H2
REV_EMP000982_2022-H1,EMP000982,2022-H1,2026-03-20,COMPLETED,EXCEEDS_EXPECTATIONS,2022-H1
REV_EMP000982_2022-H2,EMP000982,2022-H2,2025-10-25,COMPLETED,NEEDS_IMPROVEMENT,2022-H2
REV_EMP000982_2023-H1,EMP000982,2023-H1,2026-07-22,COMPLETED,MEETS_EXPECTATIONS,2023-H1
REV_EMP000982_2023-H2,EMP000982,2023-H2,2025-02-11,COMPLETED,MEETS_EXPECTATIONS,2023-H2
REV_EMP000983_2022-H1,EMP000983,2022-H1,2025-12-12,COMPLETED,NEEDS_IMPROVEMENT,2022-H1
REV_EMP000983_2022-H2,EMP000983,2022-H2,2025-10-12,COMPLETED,MEETS_EXPECTATIONS,2022-H2
REV_EMP000983_2023-H1,EMP000983,2023-H1,2025-03-04,COMPLETED,NEEDS_IMPROVEMENT,2023-H1
REV_EMP000983_2023-H2,EMP000983,2023-H2,2026-02-15,COMPLETED,MEETS_EXPECTATIONS,2023-H2
REV_EMP000984_2022-H1,EMP000984,2022-H1,2026-06-21,COMPLETED,EXCEEDS_EXPECTATIONS,2022-H1
REV_EMP000984_2023-H1,EMP000984,2023-H1,2026-04-19,COMPLETED,MEETS_EXPECTATIONS,2023-H1
REV_EMP000984_2023-H2,EMP000984,2023-H2,2026-09-18,COMPLETED,EXCEEDS_EXPECTATIONS,2023-H2
REV_EMP000985_2022-H1,EMP000985,2022-H1,2025-09-17,COMPLETED,MEETS_EXPECTATIONS,2022-H1
REV_EMP000985_2022-H2,EMP000985,2022-H2,2025-04-16,COMPLETED,MEETS_EXPECTATIONS,2022-H2
REV_EMP000985_2023-H1,EMP000985,2023-H1,2026-09-17,COMPLETED,MEETS_EXPECTATIONS,2023-H1
REV_EMP000985_2023-H2,EMP000985,2023-H2,2026-01-28,COMPLETED,MEETS_EXPECTATIONS,2023-H2
REV_EMP000986_2022-H1,EMP000986,2022-H1,2025-11-07,COMPLETED,MEETS_EXPECTATIONS,2022-H1
REV_EMP000986_2022-H2,EMP000986,2022-H2,2026-06-10,COMPLETED,NEEDS_IMPROVEMENT,2022-H2
REV_EMP000986_2023-H1,EMP000986,2023-H1,2026-01-10,COMPLETED,MEETS_EXPECTATIONS,2023-H1
REV_EMP000986_2023-H2,EMP000986,2023-H2,2026-07-14,COMPLETED,MEETS_EXPECTATIONS,2023-H2
REV_EMP000987_2023-H1,EMP000987,2023-H1,2026-05-10,COMPLETED,EXCEEDS_EXPECTATIONS,2023-H1
REV_EMP000987_2023-H2,EMP000987,2023-H2,2026-08-25,COMPLETED,MEETS_EXPECTATIONS,2023-H2
REV_EMP000988_2022-H1,EMP000988,2022-H1,2025-08-22,COMPLETED,EXCEEDS_EXPECTATIONS,2022-H1
REV_EMP000988_2022-H2,EMP000988,2022-H2,2026-09-15,COMPLETED,MEETS_EXPECTATIONS,2022-H2
REV_EMP000988_2023-H1,EMP000988,2023-H1,2025-12-03,COMPLETED,EXCEEDS_EXPECTATIONS,2023-H1
REV_EMP000988_2023-H2,EMP000988,2023-H2,2026-04-07,COMPLETED,NEEDS_IMPROVEMENT,2023-H2
REV_EMP000989_2022-H1,EMP000989,2022-H1,2026-01-19,COMPLETED,MEETS_EXPECTATIONS,2022-H1
REV_EMP000989_2022-H2,EMP000989,2022-H2,2024-11-05,COMPLETED,MEETS_EXPECTATIONS,2022-H2
REV_EMP000989_2023-H1,EMP000989,2023-H1,2025-10-30,COMPLETED,MEETS_EXPECTATIONS,2023-H1
REV_EMP000989_2023-H2,EMP000989,2023-H2,2025-02-22,COMPLETED,MEETS_EXPECTATIONS,2023-H2
REV_EMP000990_2022-H1,EMP000990,2022-H1,2025-06-29,COMPLETED,MEETS_EXPECTATIONS,2022-H1
REV_EMP000990_2022-H2,EMP000990,2022-H2,2025-09-14,COMPLETED,EXCEEDS_EXPECTATIONS,2022-H2
REV_EMP000990_2023-H1,EMP000990,2023-H1,2025-01-12,COMPLETED,MEETS_EXPECTATIONS,2023-H1
REV_EMP000990_2023-H2,EMP000990,2023-H2,2025-03-25,COMPLETED,OUTSTANDING,2023-H2
REV_EMP000991_2022-H1,EMP000991,2022-H1,2025-01-14,COMPLETED,MEETS_EXPECTATIONS,2022-H1
REV_EMP000991_2022-H2,EMP000991,2022-H2,2026-04-22,COMPLETED,MEETS_EXPECTATIONS,2022-H2
REV_EMP000991_2023-H1,EMP000991,2023-H1,2026-03-06,COMPLETED,NEEDS_IMPROVEMENT,2023-H1
REV_EMP000993_2022-H1,EMP000993,2022-H1,2026-05-07,COMPLETED,NEEDS_IMPROVEMENT,2022-H1
REV_EMP000993_2022-H2,EMP000993,2022-H2,2025-05-11,COMPLETED,EXCEEDS_EXPECTATIONS,2022-H2
REV_EMP000993_2023-H1,EMP000993,2023-H1,2026-07-07,COMPLETED,NEEDS_IMPROVEMENT,2023-H1
REV_EMP000993_2023-H2,EMP000993,2023-H2,2025-08-24,COMPLETED,MEETS_EXPECTATIONS,2023-H2
REV_EMP000994_2022-H1,EMP000994,2022-H1,2025-08-04,COMPLETED,EXCEEDS_EXPECTATIONS,2022-H1
REV_EMP000994_2022-H2,EMP000994,2022-H2,2025-05-25,COMPLETED,MEETS_EXPECTATIONS,2022-H2
REV_EMP000994_2023-H1,EMP000994,2023-H1,2026-07-20,COMPLETED,MEETS_EXPECTATIONS,2023-H1
REV_EMP000995_2023-H1,EMP000995,2023-H1,2026-06-26,COMPLETED,OUTSTANDING,2023-H1
REV_EMP000995_2023-H2,EMP000995,2023-H2,2026-08-28,COMPLETED,OUTSTANDING,2023-H2
REV_EMP000996_2022-H2,EMP000996,2022-H2,2024-11-09,COMPLETED,OUTSTANDING,2022-H2
REV_EMP000996_2023-H1,EMP000996,2023-H1,2026-01-25,COMPLETED,EXCEEDS_EXPECTATIONS,2023-H1
REV_EMP000996_2023-H2,EMP000996,2023-H2,2025-02-25,COMPLETED,MEETS_EXPECTATIONS,2023-H2
REV_EMP000997_2022-H2,EMP000997,2022-H2,2026-07-09,COMPLETED,MEETS_EXPECTATIONS,2022-H2
REV_EMP000997_2023-H1,EMP000997,2023-H1,2025-08-06,COMPLETED,MEETS_EXPECTATIONS,2023-H1
REV_EMP000997_2023-H2,EMP000997,2023-H2,2025-04-15,COMPLETED,NEEDS_IMPROVEMENT,2023-H2
REV_EMP000998_2022-H1,EMP000998,2022-H1,2026-06-21,COMPLETED,NEEDS_IMPROVEMENT,2022-H1
REV_EMP000998_2022-H2,EMP000998,2022-H2,2025-04-30,COMPLETED,MEETS_EXPECTATIONS,2022-H2
REV_EMP000998_2023-H1,EMP000998,2023-H1,2026-02-03,COMPLETED,MEETS_EXPECTATIONS,2023-H1
REV_EMP000999_2022-H1,EMP000999,2022-H1,2025-01-22,COMPLETED,MEETS_EXPECTATIONS,2022-H1
REV_EMP000999_2023-H2,EMP000999,2023-H2,2025-04-07,COMPLETED,MEETS_EXPECTATIONS,2023-H2
REV_EMP001000_2022-H1,EMP001000,2022-H1,2026-03-07,COMPLETED,EXCEEDS_EXPECTATIONS,2022-H1
REV_EMP001000_2022-H2,EMP001000,2022-H2,2025-12-30,COMPLETED,EXCEEDS_EXPECTATIONS,2022-H2
REV_EMP001000_2023-H1,EMP001000,2023-H1,2025-03-22,COMPLETED,MEETS_EXPECTATIONS,2023-H1
REV_EMP001000_2023-H2,EMP001000,2023-H2,2025-08-01,COMPLETED,OUTSTANDING,2023-H2
