change_id,application_id,change_type,planned_start,planned_end,implementation_status,risk
CHG770487,APP-REPO-3,Standard,2026-06-02 06:31:53,2026-06-02 09:31:53,Successful,High
CHG872246,APP-REPO-3,Emergency,2025-11-09 04:19:20,2025-11-09 05:19:20,Successful,High
CHG131244,APP-REPO-2,Standard,2025-10-06 15:45:31,2025-10-06 17:45:31,Successful,High
CHG688508,APP-REPO-6,Emergency,2026-07-11 22:23:35,2026-07-12 02:23:35,Successful,Low
CHG391704,APP-REPO-0,Standard,2026-01-11 18:06:02,2026-01-11 22:06:02,Successful,High
CHG325772,APP-REPO-10,Standard,2025-12-31 01:11:57,2025-12-31 02:11:57,Successful,Medium
CHG988662,APP-REPO-11,Emergency,2025-12-22 15:06:59,2025-12-22 18:06:59,Successful with issues,Low
CHG581741,APP-REPO-17,Standard,2025-11-20 03:13:45,2025-11-20 07:13:45,Successful,Medium
CHG969693,APP-REPO-19,Normal,2026-07-09 23:03:03,2026-07-10 01:03:03,Successful,High
CHG793384,APP-REPO-7,Normal,2025-11-05 17:57:57,2025-11-05 18:57:57,Successful with issues,High
CHG498591,APP-REPO-8,Normal,2026-06-16 17:56:16,2026-06-16 20:56:16,Successful,Medium
CHG319684,APP-REPO-8,Emergency,2026-07-11 14:09:55,2026-07-11 15:09:55,Successful,High
CHG660086,APP-REPO-7,Standard,2026-09-08 10:21:28,2026-09-08 14:21:28,Successful,Low
CHG821590,APP-REPO-17,Standard,2026-04-26 17:49:34,2026-04-26 20:49:34,Successful with issues,High
CHG340174,APP-REPO-1,Normal,2025-10-30 16:58:13,2025-10-30 20:58:13,Successful,High
CHG694731,APP-REPO-10,Standard,2026-05-14 06:25:50,2026-05-14 10:25:50,Successful,Low
CHG581141,APP-REPO-4,Normal,2026-03-09 19:14:17,2026-03-09 21:14:17,Successful,Low
CHG665158,APP-REPO-8,Emergency,2025-10-09 06:52:39,2025-10-09 10:52:39,Successful with issues,Medium
CHG479580,APP-REPO-7,Standard,2025-10-08 12:22:18,2025-10-08 16:22:18,Successful,High
CHG214975,APP-REPO-4,Emergency,2025-11-02 07:56:40,2025-11-02 09:56:40,Successful,Medium
CHG725380,APP-REPO-2,Normal,2025-12-20 20:29:43,2025-12-21 00:29:43,Successful,Medium
CHG654816,APP-REPO-8,Emergency,2025-12-26 07:11:54,2025-12-26 08:11:54,Successful,High
CHG814825,APP-REPO-17,Normal,2026-04-11 04:53:39,2026-04-11 07:53:39,Successful,Medium
CHG265840,APP-REPO-14,Standard,2026-05-18 17:51:46,2026-05-18 20:51:46,Failed,High
CHG632342,APP-REPO-3,Emergency,2025-10-07 05:58:29,2025-10-07 08:58:29,Successful with issues,Low
CHG738551,APP-REPO-6,Standard,2026-05-02 21:49:29,2026-05-03 00:49:29,Successful,Low
CHG916449,APP-REPO-16,Standard,2025-12-13 03:56:34,2025-12-13 06:56:34,Successful,High
CHG480612,APP-REPO-9,Standard,2026-07-02 00:25:41,2026-07-02 01:25:41,Successful,Low
CHG182582,APP-REPO-2,Emergency,2026-06-06 08:00:13,2026-06-06 12:00:13,Successful with issues,Low
CHG903035,APP-REPO-4,Standard,2026-06-26 07:27:51,2026-06-26 11:27:51,Successful with issues,High
CHG377932,APP-REPO-16,Emergency,2026-04-26 13:51:51,2026-04-26 17:51:51,Failed,Low
CHG891952,APP-REPO-6,Emergency,2026-03-08 20:50:59,2026-03-08 23:50:59,Successful,Low
CHG781446,APP-REPO-11,Normal,2025-12-21 13:17:49,2025-12-21 17:17:49,Successful,High
CHG167136,APP-REPO-10,Standard,2026-03-20 09:34:24,2026-03-20 11:34:24,Successful,High
CHG174441,APP-REPO-1,Standard,2026-05-13 18:59:45,2026-05-13 19:59:45,Successful with issues,Medium
CHG174299,APP-REPO-16,Standard,2026-01-12 23:34:01,2026-01-13 02:34:01,Successful,High
CHG665427,APP-REPO-4,Emergency,2026-08-07 07:04:49,2026-08-07 11:04:49,Successful,Medium
CHG946721,APP-REPO-13,Standard,2026-08-30 13:06:28,2026-08-30 14:06:28,Successful,Medium
CHG471507,APP-REPO-13,Normal,2025-09-29 11:12:52,2025-09-29 15:12:52,Successful with issues,High
CHG806073,APP-REPO-3,Standard,2026-07-18 15:14:20,2026-07-18 19:14:20,Successful,High
CHG360735,APP-REPO-6,Standard,2026-08-05 21:25:17,2026-08-06 01:25:17,Successful,High
CHG392075,APP-REPO-14,Standard,2025-11-27 22:46:27,2025-11-27 23:46:27,Successful,Low
CHG202664,APP-REPO-1,Emergency,2026-06-25 01:46:20,2026-06-25 02:46:20,Failed,High
CHG274389,APP-REPO-13,Normal,2026-03-10 01:41:36,2026-03-10 05:41:36,Successful,Medium
CHG161483,APP-REPO-5,Normal,2026-02-06 02:00:22,2026-02-06 03:00:22,Failed,Medium
CHG922157,APP-REPO-14,Normal,2026-01-12 20:35:25,2026-01-13 00:35:25,Successful,Low
CHG921414,APP-REPO-17,Emergency,2025-11-26 07:48:56,2025-11-26 11:48:56,Successful,Medium
CHG328275,APP-REPO-1,Emergency,2025-12-19 13:30:40,2025-12-19 14:30:40,Successful,High
CHG152578,APP-REPO-18,Normal,2026-07-20 10:55:21,2026-07-20 12:55:21,Successful,Low
CHG184002,APP-REPO-5,Standard,2026-02-04 15:55:48,2026-02-04 16:55:48,Successful,High
CHG523389,APP-REPO-3,Emergency,2025-11-05 15:18:37,2025-11-05 17:18:37,Successful,High
CHG749468,APP-REPO-2,Normal,2025-11-01 23:05:44,2025-11-02 02:05:44,Successful with issues,High
CHG802258,APP-REPO-10,Standard,2026-02-21 11:49:14,2026-02-21 14:49:14,Successful,Low
CHG776856,APP-REPO-9,Normal,2025-11-03 12:06:13,2025-11-03 15:06:13,Successful with issues,High
CHG109767,APP-REPO-14,Emergency,2026-02-13 08:34:19,2026-02-13 09:34:19,Successful,High
CHG630458,APP-REPO-8,Standard,2026-08-22 01:51:42,2026-08-22 04:51:42,Successful with issues,High
CHG487477,APP-REPO-9,Standard,2026-02-07 12:32:28,2026-02-07 16:32:28,Successful with issues,Low
CHG417212,APP-REPO-19,Emergency,2026-05-19 09:46:34,2026-05-19 10:46:34,Successful,Low
CHG413921,APP-REPO-3,Standard,2026-01-07 16:09:17,2026-01-07 19:09:17,Successful,High
CHG878480,APP-REPO-17,Standard,2026-08-06 09:37:20,2026-08-06 12:37:20,Successful,High
CHG852470,APP-REPO-10,Standard,2025-10-13 19:37:44,2025-10-13 22:37:44,Successful,Medium
CHG987204,APP-REPO-1,Standard,2026-07-07 08:14:05,2026-07-07 12:14:05,Successful with issues,High
CHG103717,APP-REPO-10,Standard,2026-03-24 08:47:30,2026-03-24 11:47:30,Successful,Medium
CHG678478,APP-REPO-13,Emergency,2026-04-23 04:38:59,2026-04-23 05:38:59,Successful,Low
CHG256294,APP-REPO-17,Standard,2025-11-14 10:06:20,2025-11-14 13:06:20,Successful,High
CHG550664,APP-REPO-4,Standard,2026-09-20 03:03:27,2026-09-20 06:03:27,Successful,High
CHG475190,APP-REPO-6,Emergency,2026-02-20 22:50:16,2026-02-21 00:50:16,Successful,Medium
CHG918011,APP-REPO-17,Normal,2025-10-27 13:06:45,2025-10-27 15:06:45,Successful with issues,High
CHG270395,APP-REPO-5,Normal,2026-04-29 08:01:59,2026-04-29 09:01:59,Successful,Medium
CHG920391,APP-REPO-13,Emergency,2026-01-18 19:15:40,2026-01-18 21:15:40,Successful,Low
CHG213346,APP-REPO-12,Standard,2026-08-15 01:15:12,2026-08-15 05:15:12,Successful,Medium
CHG466643,APP-REPO-9,Standard,2026-05-29 01:59:21,2026-05-29 03:59:21,Successful,High
CHG517821,APP-REPO-10,Normal,2026-05-25 03:39:48,2026-05-25 04:39:48,Failed,Medium
CHG468203,APP-REPO-16,Normal,2026-09-05 19:39:00,2026-09-05 22:39:00,Successful with issues,High
CHG373903,APP-REPO-5,Emergency,2026-08-27 14:19:55,2026-08-27 17:19:55,Successful,Low
CHG555673,APP-REPO-11,Emergency,2026-02-14 09:19:27,2026-02-14 12:19:27,Successful,Low
CHG221263,APP-REPO-12,Emergency,2026-05-09 03:57:13,2026-05-09 05:57:13,Successful,Low
CHG557239,APP-REPO-0,Emergency,2025-12-10 14:54:04,2025-12-10 16:54:04,Successful,High
CHG796503,APP-REPO-10,Emergency,2026-06-27 13:43:37,2026-06-27 16:43:37,Successful,High
CHG854717,APP-REPO-9,Emergency,2025-10-23 22:56:33,2025-10-24 01:56:33,Successful,Medium
CHG521947,APP-REPO-9,Emergency,2025-10-14 17:45:21,2025-10-14 19:45:21,Successful,Low
CHG497562,APP-REPO-5,Emergency,2026-06-10 18:03:45,2026-06-10 21:03:45,Successful,High
CHG418635,APP-REPO-9,Standard,2025-12-24 10:48:27,2025-12-24 14:48:27,Successful,Low
CHG786508,APP-REPO-10,Normal,2026-07-24 04:09:39,2026-07-24 08:09:39,Successful,High
CHG636004,APP-REPO-15,Emergency,2026-01-17 07:55:58,2026-01-17 09:55:58,Successful,Medium
CHG640490,APP-REPO-19,Normal,2025-10-27 22:21:24,2025-10-27 23:21:24,Successful with issues,High
CHG805477,APP-REPO-9,Standard,2026-08-25 02:46:50,2026-08-25 04:46:50,Successful,High
CHG356736,APP-REPO-15,Emergency,2025-12-26 08:24:35,2025-12-26 09:24:35,Successful,Low
CHG703634,APP-REPO-6,Emergency,2026-08-29 10:51:17,2026-08-29 14:51:17,Successful,High
CHG254739,APP-REPO-0,Standard,2025-11-05 04:02:35,2025-11-05 08:02:35,Successful,Low
CHG643118,APP-REPO-14,Standard,2026-02-21 13:40:29,2026-02-21 15:40:29,Successful with issues,High
CHG578634,APP-REPO-4,Normal,2026-01-12 21:32:36,2026-01-13 00:32:36,Failed,Medium
CHG742412,APP-REPO-16,Normal,2026-03-22 00:43:55,2026-03-22 04:43:55,Successful with issues,Low
CHG597732,APP-REPO-14,Normal,2026-05-31 19:39:00,2026-05-31 21:39:00,Successful with issues,Medium
CHG903013,APP-REPO-16,Normal,2026-08-16 21:06:51,2026-08-16 23:06:51,Successful,High
CHG848206,APP-REPO-9,Standard,2026-02-15 15:07:26,2026-02-15 18:07:26,Successful,Low
CHG184491,APP-REPO-4,Standard,2025-11-29 02:41:15,2025-11-29 04:41:15,Successful,High
CHG840734,APP-REPO-6,Standard,2026-02-17 16:58:42,2026-02-17 20:58:42,Successful,Low
CHG588557,APP-REPO-13,Standard,2026-02-11 22:00:16,2026-02-12 00:00:16,Successful with issues,Medium
CHG907189,APP-REPO-18,Emergency,2025-12-17 07:23:19,2025-12-17 08:23:19,Successful with issues,Low
CHG498858,APP-REPO-15,Standard,2026-06-14 05:07:37,2026-06-14 08:07:37,Successful,Medium
CHG994905,APP-REPO-13,Emergency,2026-01-08 15:03:19,2026-01-08 17:03:19,Successful,Medium
CHG557007,APP-REPO-15,Standard,2026-06-26 12:04:51,2026-06-26 16:04:51,Successful,Low
CHG936912,APP-REPO-12,Emergency,2026-06-19 09:46:03,2026-06-19 11:46:03,Successful with issues,High
CHG752483,APP-REPO-17,Standard,2026-06-05 14:46:09,2026-06-05 18:46:09,Successful,Low
CHG128418,APP-REPO-2,Emergency,2025-10-24 16:09:40,2025-10-24 20:09:40,Successful,Medium
CHG290556,APP-REPO-1,Normal,2026-05-21 12:09:14,2026-05-21 16:09:14,Successful,Medium
CHG442722,APP-REPO-10,Normal,2026-05-31 13:04:05,2026-05-31 16:04:05,Successful,Medium
CHG364525,APP-REPO-2,Normal,2025-12-02 09:46:10,2025-12-02 10:46:10,Successful,High
CHG466960,APP-REPO-7,Emergency,2026-04-22 09:11:10,2026-04-22 10:11:10,Successful,Low
CHG142213,APP-REPO-0,Standard,2026-07-07 02:35:45,2026-07-07 04:35:45,Successful with issues,Low
CHG259784,APP-REPO-7,Standard,2025-12-31 00:26:41,2025-12-31 04:26:41,Successful,Low
CHG328552,APP-REPO-14,Emergency,2025-11-29 09:39:47,2025-11-29 12:39:47,Successful,High
CHG735324,APP-REPO-19,Emergency,2026-03-25 11:13:08,2026-03-25 12:13:08,Successful,High
CHG426147,APP-REPO-3,Emergency,2026-02-21 07:25:21,2026-02-21 08:25:21,Successful with issues,Low
CHG810250,APP-REPO-12,Normal,2026-01-09 18:44:15,2026-01-09 20:44:15,Successful,Low
CHG970917,APP-REPO-7,Standard,2026-09-21 07:54:45,2026-09-21 10:54:45,Successful with issues,Low
CHG944657,APP-REPO-3,Emergency,2026-06-02 11:52:18,2026-06-02 12:52:18,Successful,Medium
CHG793655,APP-REPO-11,Standard,2026-06-21 04:46:33,2026-06-21 07:46:33,Successful,Medium
CHG962276,APP-REPO-15,Standard,2026-05-01 05:47:22,2026-05-01 09:47:22,Failed,Low
CHG968962,APP-REPO-14,Emergency,2025-12-21 05:36:12,2025-12-21 07:36:12,Successful,Low
CHG647091,APP-REPO-8,Emergency,2026-06-19 19:42:32,2026-06-19 23:42:32,Successful,Low
CHG721254,APP-REPO-8,Normal,2026-01-30 21:10:32,2026-01-30 23:10:32,Successful with issues,High
CHG392477,APP-REPO-14,Standard,2026-08-20 06:35:27,2026-08-20 10:35:27,Successful,Low
CHG497399,APP-REPO-10,Standard,2026-07-22 07:50:35,2026-07-22 11:50:35,Successful with issues,High
CHG611233,APP-REPO-6,Normal,2026-07-25 07:29:06,2026-07-25 10:29:06,Successful,Low
CHG835244,APP-REPO-8,Emergency,2025-10-18 16:01:16,2025-10-18 17:01:16,Successful,High
CHG189771,APP-REPO-7,Emergency,2025-12-24 21:31:27,2025-12-25 01:31:27,Successful,High
CHG824156,APP-REPO-15,Emergency,2026-08-12 02:23:49,2026-08-12 06:23:49,Successful,High
CHG197573,APP-REPO-9,Standard,2025-10-09 09:50:15,2025-10-09 13:50:15,Successful,Medium
CHG796212,APP-REPO-18,Normal,2026-08-05 14:12:44,2026-08-05 18:12:44,Successful,Medium
CHG546173,APP-REPO-17,Normal,2026-01-27 10:52:37,2026-01-27 13:52:37,Successful,Medium
CHG421517,APP-REPO-8,Standard,2026-03-01 17:46:06,2026-03-01 18:46:06,Successful,Medium
CHG225362,APP-REPO-17,Emergency,2026-01-08 22:10:03,2026-01-09 00:10:03,Successful,Low
CHG607719,APP-REPO-8,Emergency,2025-10-22 15:33:51,2025-10-22 18:33:51,Failed,High
CHG410636,APP-REPO-7,Normal,2025-12-17 21:08:39,2025-12-17 23:08:39,Successful,Low
CHG660081,APP-REPO-4,Normal,2026-09-16 13:41:13,2026-09-16 14:41:13,Failed,Low
CHG406327,APP-REPO-4,Emergency,2026-05-05 05:08:34,2026-05-05 09:08:34,Successful,High
CHG701949,APP-REPO-9,Normal,2026-09-02 06:58:47,2026-09-02 10:58:47,Successful,High
CHG153872,APP-REPO-8,Normal,2026-07-02 18:05:15,2026-07-02 19:05:15,Successful with issues,Medium
CHG615633,APP-REPO-2,Emergency,2026-01-27 03:39:07,2026-01-27 04:39:07,Successful,Low
CHG418594,APP-REPO-2,Standard,2025-12-18 12:27:52,2025-12-18 13:27:52,Successful,Medium
CHG735770,APP-REPO-19,Emergency,2026-06-08 11:46:22,2026-06-08 13:46:22,Successful,Medium
CHG572398,APP-REPO-14,Normal,2026-04-08 19:48:51,2026-04-08 23:48:51,Successful,Low
CHG163156,APP-REPO-19,Emergency,2026-02-27 14:11:53,2026-02-27 15:11:53,Successful with issues,High
CHG755900,APP-REPO-6,Normal,2026-09-05 12:29:10,2026-09-05 13:29:10,Successful,High
CHG678805,APP-REPO-2,Standard,2026-09-17 02:50:34,2026-09-17 03:50:34,Successful,Low
CHG722656,APP-REPO-15,Normal,2026-06-03 14:27:19,2026-06-03 15:27:19,Successful,Low
CHG396451,APP-REPO-14,Standard,2026-03-24 03:27:03,2026-03-24 05:27:03,Successful with issues,Low
CHG718439,APP-REPO-6,Normal,2025-11-21 10:18:05,2025-11-21 11:18:05,Successful,Low
CHG256226,APP-REPO-8,Standard,2026-01-07 19:30:13,2026-01-07 20:30:13,Successful,Medium
CHG723948,APP-REPO-18,Normal,2025-11-20 04:05:26,2025-11-20 08:05:26,Successful,Low
CHG418862,APP-REPO-12,Normal,2025-12-31 17:22:35,2025-12-31 21:22:35,Successful,Low
CHG141797,APP-REPO-13,Emergency,2026-07-13 06:26:32,2026-07-13 09:26:32,Successful,High
CHG195763,APP-REPO-7,Emergency,2026-05-02 22:58:18,2026-05-02 23:58:18,Failed,Low
CHG961322,APP-REPO-8,Emergency,2026-04-24 06:16:26,2026-04-24 07:16:26,Successful,High
CHG593355,APP-REPO-16,Emergency,2026-01-06 23:34:15,2026-01-07 03:34:15,Successful with issues,High
CHG713762,APP-REPO-13,Emergency,2026-07-14 01:18:54,2026-07-14 05:18:54,Failed,Medium
CHG464863,APP-REPO-13,Normal,2026-05-11 23:22:40,2026-05-12 02:22:40,Successful,High
CHG445824,APP-REPO-13,Emergency,2026-03-12 07:56:03,2026-03-12 11:56:03,Successful,Medium
CHG953085,APP-REPO-17,Standard,2026-09-10 14:57:26,2026-09-10 18:57:26,Successful,Medium
CHG438977,APP-REPO-3,Normal,2026-05-11 13:33:45,2026-05-11 14:33:45,Successful,Low
CHG584417,APP-REPO-13,Standard,2026-03-01 01:19:27,2026-03-01 03:19:27,Successful,Low
CHG893188,APP-REPO-15,Emergency,2026-02-14 12:41:35,2026-02-14 16:41:35,Successful,High
CHG380028,APP-REPO-17,Standard,2025-12-21 02:51:33,2025-12-21 05:51:33,Successful,Low
CHG608257,APP-REPO-3,Standard,2025-11-19 15:59:13,2025-11-19 17:59:13,Successful,Medium
CHG677596,APP-REPO-0,Emergency,2026-04-12 19:46:15,2026-04-12 23:46:15,Successful,High
CHG583863,APP-REPO-3,Emergency,2026-04-06 14:32:33,2026-04-06 16:32:33,Successful,Low
CHG406039,APP-REPO-16,Emergency,2025-11-01 05:58:43,2025-11-01 08:58:43,Successful,Medium
CHG595158,APP-REPO-7,Normal,2026-07-17 11:02:31,2026-07-17 13:02:31,Successful,Low
CHG632929,APP-REPO-4,Standard,2025-10-15 05:47:53,2025-10-15 08:47:53,Successful,Medium
CHG456385,APP-REPO-16,Normal,2026-08-27 08:42:09,2026-08-27 09:42:09,Successful,Medium
CHG978157,APP-REPO-18,Emergency,2025-11-08 12:38:44,2025-11-08 16:38:44,Successful with issues,Medium
CHG664742,APP-REPO-15,Normal,2025-11-25 07:13:33,2025-11-25 10:13:33,Successful,Low
CHG495533,APP-REPO-14,Normal,2026-05-28 14:51:45,2026-05-28 16:51:45,Failed,High
CHG699573,APP-REPO-12,Standard,2025-11-28 01:46:55,2025-11-28 05:46:55,Successful,Low
CHG595951,APP-REPO-12,Normal,2026-07-31 13:21:23,2026-07-31 15:21:23,Successful,High
CHG232378,APP-REPO-16,Emergency,2026-06-18 05:11:10,2026-06-18 08:11:10,Successful with issues,Medium
CHG204555,APP-REPO-16,Normal,2026-03-09 21:27:27,2026-03-09 22:27:27,Successful,Medium
CHG786587,APP-REPO-4,Standard,2026-05-16 13:34:36,2026-05-16 17:34:36,Successful,Medium
CHG455007,APP-REPO-19,Emergency,2025-10-21 14:45:46,2025-10-21 18:45:46,Successful,Medium
CHG993744,APP-REPO-17,Normal,2026-02-23 08:55:58,2026-02-23 11:55:58,Successful,Medium
CHG667296,APP-REPO-1,Emergency,2026-02-22 03:35:28,2026-02-22 04:35:28,Successful,Low
CHG401338,APP-REPO-7,Emergency,2026-05-16 08:43:27,2026-05-16 09:43:27,Successful,High
CHG897305,APP-REPO-3,Normal,2026-03-27 17:10:58,2026-03-27 19:10:58,Successful,High
CHG148225,APP-REPO-10,Standard,2026-04-20 10:20:41,2026-04-20 13:20:41,Successful,Medium
CHG252640,APP-REPO-7,Emergency,2026-01-02 13:59:27,2026-01-02 17:59:27,Successful,High
CHG278240,APP-REPO-5,Standard,2026-04-29 19:04:50,2026-04-29 23:04:50,Successful,High
CHG621841,APP-REPO-18,Standard,2026-08-27 05:41:23,2026-08-27 07:41:23,Successful,Medium
CHG581894,APP-REPO-8,Emergency,2025-10-01 09:39:09,2025-10-01 10:39:09,Successful with issues,Medium
CHG401603,APP-REPO-17,Standard,2026-06-18 03:20:33,2026-06-18 04:20:33,Successful,Medium
CHG716113,APP-REPO-9,Emergency,2026-07-03 20:15:21,2026-07-04 00:15:21,Successful,Medium
CHG986365,APP-REPO-9,Standard,2025-11-10 10:20:28,2025-11-10 14:20:28,Successful with issues,High
CHG348728,APP-REPO-12,Emergency,2026-06-18 16:38:34,2026-06-18 19:38:34,Successful,Low
CHG409571,APP-REPO-0,Emergency,2026-09-05 13:28:03,2026-09-05 17:28:03,Successful,Low
CHG819112,APP-REPO-1,Emergency,2026-04-23 11:34:04,2026-04-23 15:34:04,Successful with issues,Medium
CHG913423,APP-REPO-7,Emergency,2026-07-15 13:19:48,2026-07-15 16:19:48,Successful,High
CHG751051,APP-REPO-8,Emergency,2026-01-08 13:37:57,2026-01-08 15:37:57,Successful,Low
CHG777737,APP-REPO-1,Normal,2026-07-22 10:30:03,2026-07-22 14:30:03,Successful,Medium
CHG867934,APP-REPO-4,Standard,2026-06-02 20:50:19,2026-06-02 23:50:19,Successful,Medium
CHG284171,APP-REPO-6,Standard,2026-02-06 01:18:24,2026-02-06 04:18:24,Successful,Medium
CHG970813,APP-REPO-5,Normal,2025-11-09 06:22:59,2025-11-09 10:22:59,Failed,Medium
CHG882824,APP-REPO-10,Standard,2026-01-18 22:15:40,2026-01-19 02:15:40,Failed,High
CHG890785,APP-REPO-7,Emergency,2026-03-14 18:56:51,2026-03-14 22:56:51,Failed,Low
CHG483542,APP-REPO-2,Normal,2025-11-27 08:46:43,2025-11-27 09:46:43,Successful,High
CHG576877,APP-REPO-11,Emergency,2026-03-22 03:39:11,2026-03-22 06:39:11,Successful,Low
CHG489518,APP-REPO-3,Emergency,2025-09-28 04:53:24,2025-09-28 06:53:24,Successful,Low
CHG688678,APP-REPO-10,Emergency,2026-07-04 09:01:38,2026-07-04 11:01:38,Successful,Low
CHG963874,APP-REPO-14,Emergency,2026-09-02 02:10:57,2026-09-02 05:10:57,Successful,High
CHG246566,APP-REPO-1,Standard,2026-07-03 10:33:06,2026-07-03 13:33:06,Failed,High
CHG201913,APP-REPO-7,Emergency,2026-01-07 05:36:19,2026-01-07 07:36:19,Successful,Medium
CHG803055,APP-REPO-17,Normal,2026-04-09 08:26:32,2026-04-09 10:26:32,Successful with issues,Low
CHG203831,APP-REPO-15,Emergency,2026-07-19 20:38:38,2026-07-20 00:38:38,Successful with issues,Medium
CHG134305,APP-REPO-11,Standard,2025-12-05 07:47:52,2025-12-05 11:47:52,Successful,High
CHG997004,APP-REPO-11,Standard,2026-04-12 02:34:40,2026-04-12 05:34:40,Successful,Low
CHG476096,APP-REPO-1,Normal,2026-09-16 08:56:58,2026-09-16 11:56:58,Successful,High
CHG989227,APP-REPO-14,Standard,2025-11-07 06:27:44,2025-11-07 08:27:44,Successful,Low
CHG122394,APP-REPO-1,Normal,2026-08-31 00:27:46,2026-08-31 02:27:46,Failed,Low
CHG315173,APP-REPO-2,Emergency,2026-05-27 18:51:42,2026-05-27 20:51:42,Successful,High
CHG444519,APP-REPO-4,Emergency,2026-01-20 20:20:55,2026-01-20 21:20:55,Successful,High
CHG236306,APP-REPO-17,Normal,2026-08-19 19:34:06,2026-08-19 21:34:06,Successful,High
CHG238205,APP-REPO-0,Normal,2026-06-02 02:04:57,2026-06-02 04:04:57,Successful,High
CHG282710,APP-REPO-8,Standard,2026-04-12 02:24:09,2026-04-12 04:24:09,Successful,Low
CHG219169,APP-REPO-2,Normal,2026-05-21 10:39:19,2026-05-21 14:39:19,Successful,Low
CHG722503,APP-REPO-3,Normal,2025-12-13 04:37:39,2025-12-13 06:37:39,Successful with issues,High
CHG862569,APP-REPO-16,Normal,2025-11-25 07:12:24,2025-11-25 11:12:24,Successful,High
CHG163780,APP-REPO-15,Normal,2026-02-19 03:46:16,2026-02-19 07:46:16,Successful,Medium
CHG847006,APP-REPO-14,Standard,2026-07-20 01:45:26,2026-07-20 02:45:26,Successful,High
CHG168872,APP-REPO-4,Normal,2025-11-28 16:23:16,2025-11-28 19:23:16,Successful,Low
CHG656329,APP-REPO-9,Normal,2026-04-24 10:01:06,2026-04-24 14:01:06,Successful,Low
CHG219971,APP-REPO-17,Emergency,2026-07-26 07:57:59,2026-07-26 09:57:59,Successful,High
CHG533914,APP-REPO-10,Normal,2026-09-20 04:21:01,2026-09-20 08:21:01,Successful,High
CHG427730,APP-REPO-13,Normal,2026-04-20 21:53:46,2026-04-21 00:53:46,Successful,High
CHG820184,APP-REPO-15,Standard,2026-09-18 15:37:17,2026-09-18 16:37:17,Successful with issues,High
CHG552855,APP-REPO-3,Emergency,2025-09-27 03:58:19,2025-09-27 06:58:19,Successful with issues,Low
CHG162894,APP-REPO-18,Emergency,2026-05-17 13:12:35,2026-05-17 16:12:35,Successful,Medium
CHG470774,APP-REPO-13,Emergency,2026-01-30 19:59:42,2026-01-30 20:59:42,Failed,Low
CHG427626,APP-REPO-11,Standard,2026-04-04 16:46:37,2026-04-04 18:46:37,Successful,Medium
CHG335137,APP-REPO-3,Normal,2025-10-04 12:10:41,2025-10-04 15:10:41,Successful,Medium
CHG701987,APP-REPO-7,Normal,2025-11-09 09:19:27,2025-11-09 10:19:27,Successful,Low
CHG969752,APP-REPO-8,Standard,2026-02-14 21:52:03,2026-02-14 23:52:03,Successful,Medium
CHG456331,APP-REPO-11,Standard,2026-09-03 04:55:23,2026-09-03 06:55:23,Successful with issues,Low
CHG789275,APP-REPO-12,Standard,2026-08-15 22:19:34,2026-08-16 00:19:34,Successful,High
CHG196214,APP-REPO-16,Standard,2026-08-06 06:19:40,2026-08-06 10:19:40,Successful,Medium
CHG265055,APP-REPO-11,Normal,2026-01-24 08:52:51,2026-01-24 11:52:51,Successful,Low
CHG725185,APP-REPO-2,Standard,2025-12-28 22:29:56,2025-12-29 00:29:56,Successful,Low
CHG152179,APP-REPO-2,Normal,2025-10-19 10:32:36,2025-10-19 14:32:36,Successful,Medium
CHG736565,APP-REPO-14,Normal,2025-12-29 11:43:39,2025-12-29 14:43:39,Successful,Low
CHG219346,APP-REPO-11,Normal,2026-09-02 22:17:03,2026-09-02 23:17:03,Successful,Low
CHG721946,APP-REPO-15,Emergency,2026-05-05 06:47:29,2026-05-05 09:47:29,Successful,Medium
CHG728437,APP-REPO-1,Standard,2025-10-27 12:42:38,2025-10-27 14:42:38,Successful,High
CHG904624,APP-REPO-4,Normal,2025-10-30 04:59:22,2025-10-30 07:59:22,Successful,High
CHG621546,APP-REPO-13,Standard,2026-07-08 04:30:53,2026-07-08 06:30:53,Successful,Low
CHG341288,APP-REPO-16,Emergency,2026-04-03 16:24:03,2026-04-03 19:24:03,Successful,Low
CHG144357,APP-REPO-13,Standard,2026-08-09 20:31:46,2026-08-10 00:31:46,Successful with issues,Medium
CHG703727,APP-REPO-13,Emergency,2025-10-23 19:44:56,2025-10-23 23:44:56,Successful,Medium
CHG403578,APP-REPO-3,Normal,2026-07-19 07:58:03,2026-07-19 08:58:03,Failed,High
CHG940247,APP-REPO-19,Normal,2026-04-21 19:49:22,2026-04-21 22:49:22,Successful,High
CHG355135,APP-REPO-13,Emergency,2026-07-21 08:44:09,2026-07-21 12:44:09,Successful,Medium
CHG425346,APP-REPO-10,Standard,2025-11-14 18:48:52,2025-11-14 21:48:52,Successful,High
CHG635280,APP-REPO-3,Emergency,2025-11-15 19:20:12,2025-11-15 21:20:12,Successful with issues,Medium
CHG468154,APP-REPO-4,Standard,2026-06-10 03:57:54,2026-06-10 04:57:54,Successful,High
CHG281926,APP-REPO-19,Standard,2026-03-30 12:35:40,2026-03-30 13:35:40,Successful,Low
CHG618119,APP-REPO-14,Emergency,2026-04-28 11:10:57,2026-04-28 15:10:57,Successful,Low
CHG774225,APP-REPO-19,Normal,2025-11-30 01:44:11,2025-11-30 04:44:11,Successful,High
CHG591699,APP-REPO-14,Emergency,2026-01-07 21:08:54,2026-01-08 00:08:54,Successful,Low
CHG158900,APP-REPO-11,Emergency,2026-04-19 20:55:04,2026-04-19 21:55:04,Successful,Medium
CHG139434,APP-REPO-1,Normal,2026-08-31 18:18:25,2026-08-31 21:18:25,Successful,High
CHG744883,APP-REPO-19,Emergency,2026-05-20 12:30:24,2026-05-20 16:30:24,Successful,Low
CHG930281,APP-REPO-1,Normal,2026-03-10 06:34:23,2026-03-10 08:34:23,Successful,Medium
CHG625721,APP-REPO-4,Standard,2025-12-18 04:44:38,2025-12-18 08:44:38,Successful,Medium
CHG849014,APP-REPO-2,Emergency,2026-04-24 09:14:43,2026-04-24 11:14:43,Successful,Low
CHG559022,APP-REPO-14,Emergency,2026-07-17 06:13:24,2026-07-17 08:13:24,Successful,Medium
CHG506235,APP-REPO-13,Normal,2026-07-07 10:05:32,2026-07-07 11:05:32,Successful,Low
CHG450905,APP-REPO-2,Normal,2026-06-21 20:40:26,2026-06-21 21:40:26,Successful,Medium
CHG397949,APP-REPO-8,Emergency,2025-12-14 01:30:19,2025-12-14 03:30:19,Successful,Low
CHG795847,APP-REPO-4,Normal,2026-06-30 19:48:27,2026-06-30 22:48:27,Failed,Low
CHG794299,APP-REPO-12,Standard,2026-01-26 00:02:53,2026-01-26 01:02:53,Successful,Medium
CHG774751,APP-REPO-10,Standard,2026-02-28 21:31:09,2026-02-28 22:31:09,Successful,Medium
CHG633188,APP-REPO-11,Standard,2026-06-14 19:13:04,2026-06-14 22:13:04,Successful,High
CHG458332,APP-REPO-15,Standard,2026-06-06 07:56:39,2026-06-06 09:56:39,Failed,High
CHG180913,APP-REPO-9,Standard,2026-02-18 23:10:22,2026-02-19 00:10:22,Successful,Low
CHG237414,APP-REPO-19,Normal,2026-03-16 02:01:49,2026-03-16 04:01:49,Successful,Low
CHG908554,APP-REPO-19,Standard,2026-09-11 07:39:09,2026-09-11 11:39:09,Successful,Medium
CHG809217,APP-REPO-7,Normal,2026-04-15 22:47:53,2026-04-16 01:47:53,Successful,Medium
CHG345369,APP-REPO-17,Standard,2026-03-21 06:47:51,2026-03-21 09:47:51,Failed,Medium
CHG975679,APP-REPO-6,Normal,2025-11-12 22:28:57,2025-11-13 02:28:57,Successful,Medium
CHG915922,APP-REPO-12,Emergency,2026-01-01 05:17:22,2026-01-01 09:17:22,Failed,High
CHG940181,APP-REPO-19,Standard,2025-12-23 04:58:21,2025-12-23 07:58:21,Successful,Medium
CHG489244,APP-REPO-17,Standard,2025-10-21 19:24:22,2025-10-21 20:24:22,Successful,High
CHG386042,APP-REPO-14,Emergency,2026-02-05 05:49:39,2026-02-05 07:49:39,Successful with issues,High
CHG332823,APP-REPO-14,Normal,2025-10-05 02:41:42,2025-10-05 03:41:42,Successful,Medium
CHG626392,APP-REPO-11,Standard,2026-05-13 10:04:34,2026-05-13 14:04:34,Failed,Medium
CHG335445,APP-REPO-0,Normal,2026-04-30 01:33:52,2026-04-30 02:33:52,Successful with issues,Low
CHG451577,APP-REPO-4,Standard,2025-12-25 07:27:59,2025-12-25 08:27:59,Successful,Medium
CHG829884,APP-REPO-4,Emergency,2026-05-13 11:18:03,2026-05-13 15:18:03,Successful,High
CHG183074,APP-REPO-0,Normal,2025-12-21 11:12:59,2025-12-21 13:12:59,Successful with issues,Low
CHG862560,APP-REPO-19,Emergency,2025-09-29 17:39:54,2025-09-29 21:39:54,Successful,Medium
CHG349183,APP-REPO-9,Standard,2025-10-24 12:20:42,2025-10-24 13:20:42,Successful,Low
CHG932463,APP-REPO-19,Normal,2026-06-28 20:11:50,2026-06-28 21:11:50,Successful,Medium
CHG725726,APP-REPO-17,Standard,2026-05-30 00:56:51,2026-05-30 02:56:51,Successful,Medium
CHG550089,APP-REPO-0,Emergency,2025-10-19 19:23:05,2025-10-19 22:23:05,Successful,Medium
CHG296412,APP-REPO-2,Emergency,2025-12-24 20:32:01,2025-12-24 23:32:01,Successful,Low
CHG670511,APP-REPO-16,Emergency,2025-10-23 02:51:29,2025-10-23 03:51:29,Successful,Medium
CHG145649,APP-REPO-12,Normal,2026-09-13 13:46:04,2026-09-13 16:46:04,Successful,Medium
CHG926823,APP-REPO-2,Normal,2025-10-09 03:25:53,2025-10-09 05:25:53,Successful,Low
CHG208699,APP-REPO-18,Emergency,2026-08-26 19:01:27,2026-08-26 22:01:27,Successful,Medium
CHG672536,APP-REPO-10,Emergency,2026-02-02 06:27:30,2026-02-02 08:27:30,Successful with issues,Low
CHG587192,APP-REPO-15,Emergency,2025-10-24 11:04:48,2025-10-24 13:04:48,Successful with issues,High
CHG850827,APP-REPO-14,Standard,2026-04-14 14:55:26,2026-04-14 17:55:26,Successful,High
CHG143941,APP-REPO-10,Normal,2025-12-28 09:00:20,2025-12-28 13:00:20,Failed,Low
CHG596395,APP-REPO-8,Standard,2026-01-13 02:14:16,2026-01-13 04:14:16,Successful,High
CHG787584,APP-REPO-10,Normal,2026-06-13 17:57:59,2026-06-13 18:57:59,Successful,Medium
CHG519453,APP-REPO-14,Normal,2026-04-03 11:01:57,2026-04-03 14:01:57,Failed,Medium
CHG825686,APP-REPO-15,Normal,2025-12-19 03:28:24,2025-12-19 06:28:24,Successful with issues,Low
CHG545120,APP-REPO-2,Normal,2026-04-24 08:39:58,2026-04-24 10:39:58,Successful,Medium
CHG207581,APP-REPO-2,Normal,2025-11-17 07:52:38,2025-11-17 10:52:38,Successful,Low
CHG852524,APP-REPO-13,Standard,2026-07-04 20:46:34,2026-07-05 00:46:34,Successful,High
CHG862120,APP-REPO-11,Emergency,2026-09-04 15:02:52,2026-09-04 19:02:52,Successful,High
CHG178686,APP-REPO-12,Normal,2026-05-06 17:08:56,2026-05-06 19:08:56,Failed,High
CHG989894,APP-REPO-19,Emergency,2026-05-08 17:19:24,2026-05-08 21:19:24,Successful,High
CHG347459,APP-REPO-11,Normal,2026-03-29 12:15:17,2026-03-29 16:15:17,Successful with issues,High
CHG734487,APP-REPO-4,Emergency,2025-12-30 07:32:24,2025-12-30 11:32:24,Successful with issues,Medium
CHG565504,APP-REPO-2,Emergency,2026-07-28 15:49:29,2026-07-28 17:49:29,Successful,Medium
CHG429657,APP-REPO-8,Standard,2026-03-29 15:04:08,2026-03-29 16:04:08,Successful,High
CHG623285,APP-REPO-16,Normal,2026-08-06 13:03:33,2026-08-06 14:03:33,Successful,Medium
CHG838237,APP-REPO-14,Standard,2026-03-04 00:42:55,2026-03-04 03:42:55,Successful,Medium
CHG309902,APP-REPO-3,Standard,2025-12-09 21:23:26,2025-12-09 22:23:26,Successful,Low
CHG566732,APP-REPO-2,Emergency,2025-11-02 13:49:18,2025-11-02 16:49:18,Successful,Low
CHG168093,APP-REPO-17,Emergency,2025-11-03 14:06:08,2025-11-03 17:06:08,Successful with issues,High
CHG846385,APP-REPO-5,Normal,2026-06-09 20:48:21,2026-06-09 22:48:21,Successful,High
CHG930541,APP-REPO-4,Standard,2026-03-13 08:19:47,2026-03-13 12:19:47,Successful,Low
CHG700076,APP-REPO-11,Normal,2026-02-11 12:56:03,2026-02-11 14:56:03,Successful,High
CHG168941,APP-REPO-9,Normal,2026-03-10 10:40:50,2026-03-10 14:40:50,Successful,Medium
CHG963333,APP-REPO-18,Standard,2026-03-05 14:23:33,2026-03-05 16:23:33,Failed,Low
CHG177767,APP-REPO-14,Normal,2026-03-27 07:37:37,2026-03-27 10:37:37,Successful,Low
CHG770872,APP-REPO-18,Standard,2026-08-28 10:11:01,2026-08-28 12:11:01,Successful,High
CHG971776,APP-REPO-3,Emergency,2026-07-07 02:07:16,2026-07-07 04:07:16,Successful,High
CHG438334,APP-REPO-7,Normal,2025-10-17 23:33:13,2025-10-18 02:33:13,Successful with issues,Medium
CHG305837,APP-REPO-17,Normal,2026-06-15 10:51:14,2026-06-15 12:51:14,Successful,Low
CHG659392,APP-REPO-2,Emergency,2026-06-07 17:17:17,2026-06-07 19:17:17,Successful,Low
CHG261684,APP-REPO-5,Emergency,2026-06-04 21:28:24,2026-06-05 00:28:24,Successful with issues,Low
CHG143195,APP-REPO-0,Standard,2025-11-04 03:57:45,2025-11-04 04:57:45,Successful with issues,Low
CHG377511,APP-REPO-6,Emergency,2025-10-20 11:35:33,2025-10-20 15:35:33,Successful,High
CHG622230,APP-REPO-17,Normal,2026-03-02 07:20:38,2026-03-02 10:20:38,Successful,Low
CHG525818,APP-REPO-9,Normal,2026-07-06 18:05:03,2026-07-06 19:05:03,Successful,High
CHG560959,APP-REPO-13,Normal,2026-02-05 17:10:16,2026-02-05 21:10:16,Successful,Low
CHG250647,APP-REPO-10,Emergency,2026-08-03 20:42:16,2026-08-03 23:42:16,Successful,Medium
CHG518084,APP-REPO-4,Normal,2026-08-27 14:00:42,2026-08-27 15:00:42,Successful,Medium
CHG228473,APP-REPO-8,Normal,2025-11-08 09:06:10,2025-11-08 11:06:10,Successful,High
CHG404309,APP-REPO-12,Emergency,2026-01-01 12:17:12,2026-01-01 16:17:12,Successful,High
CHG952993,APP-REPO-10,Emergency,2025-12-10 08:23:26,2025-12-10 11:23:26,Successful,High
CHG622469,APP-REPO-16,Normal,2025-12-09 19:31:01,2025-12-09 23:31:01,Successful with issues,Medium
CHG124302,APP-REPO-2,Normal,2026-04-23 05:11:13,2026-04-23 09:11:13,Failed,High
CHG711680,APP-REPO-11,Standard,2026-03-20 04:01:22,2026-03-20 05:01:22,Successful,Low
CHG983791,APP-REPO-15,Normal,2025-11-20 09:14:07,2025-11-20 10:14:07,Successful with issues,Medium
CHG240440,APP-REPO-8,Emergency,2026-03-09 18:51:48,2026-03-09 21:51:48,Successful,Medium
CHG147440,APP-REPO-12,Standard,2025-12-07 04:52:26,2025-12-07 06:52:26,Successful,Medium
CHG177103,APP-REPO-12,Emergency,2026-01-13 02:52:14,2026-01-13 06:52:14,Successful,Medium
CHG965401,APP-REPO-19,Emergency,2026-03-25 14:38:52,2026-03-25 15:38:52,Successful,High
CHG513037,APP-REPO-11,Normal,2026-01-01 23:00:23,2026-01-02 02:00:23,Successful,High
CHG731728,APP-REPO-16,Normal,2026-09-01 13:26:29,2026-09-01 14:26:29,Successful,High
CHG848255,APP-REPO-10,Normal,2026-09-20 12:06:02,2026-09-20 16:06:02,Successful,Low
CHG246570,APP-REPO-10,Emergency,2025-10-26 05:16:47,2025-10-26 08:16:47,Successful,Low
CHG875232,APP-REPO-9,Emergency,2026-03-18 00:55:10,2026-03-18 03:55:10,Successful,Low
CHG658198,APP-REPO-15,Emergency,2026-08-06 17:57:17,2026-08-06 20:57:17,Successful,High
CHG486251,APP-REPO-10,Emergency,2026-08-27 10:59:49,2026-08-27 11:59:49,Failed,Low
CHG422623,APP-REPO-0,Emergency,2026-08-25 08:49:52,2026-08-25 12:49:52,Successful,Low
CHG920934,APP-REPO-18,Emergency,2026-04-28 16:02:43,2026-04-28 18:02:43,Successful,Low
CHG603787,APP-REPO-5,Emergency,2025-11-03 23:13:01,2025-11-04 03:13:01,Successful,Low
CHG353961,APP-REPO-1,Emergency,2025-10-16 14:09:32,2025-10-16 15:09:32,Successful,Medium
CHG428930,APP-REPO-13,Standard,2026-06-07 05:04:21,2026-06-07 09:04:21,Successful,Medium
CHG626195,APP-REPO-19,Normal,2026-04-24 21:17:11,2026-04-24 22:17:11,Successful,Low
CHG317413,APP-REPO-17,Normal,2026-08-17 14:59:00,2026-08-17 18:59:00,Successful,Medium
CHG281594,APP-REPO-14,Emergency,2025-10-02 16:11:41,2025-10-02 19:11:41,Successful,Low
CHG909489,APP-REPO-8,Emergency,2025-11-02 03:54:49,2025-11-02 07:54:49,Successful,High
CHG392559,APP-REPO-17,Normal,2026-09-21 17:00:27,2026-09-21 19:00:27,Successful with issues,Medium
CHG908634,APP-REPO-9,Emergency,2026-07-16 14:22:52,2026-07-16 16:22:52,Successful,Medium
CHG432441,APP-REPO-15,Normal,2026-08-22 13:03:33,2026-08-22 16:03:33,Successful,Low
CHG809489,APP-REPO-17,Normal,2025-12-27 17:51:29,2025-12-27 21:51:29,Successful with issues,High
CHG404561,APP-REPO-1,Normal,2025-11-30 12:46:24,2025-11-30 13:46:24,Successful,Medium
CHG787836,APP-REPO-8,Emergency,2026-03-03 18:41:42,2026-03-03 22:41:42,Successful,Low
CHG384303,APP-REPO-17,Emergency,2026-04-03 13:08:42,2026-04-03 16:08:42,Successful,Low
CHG876880,APP-REPO-18,Standard,2026-04-01 21:13:38,2026-04-01 23:13:38,Successful,Low
CHG336633,APP-REPO-7,Standard,2025-12-18 22:54:39,2025-12-18 23:54:39,Successful,Low
CHG595351,APP-REPO-3,Emergency,2026-08-28 17:46:02,2026-08-28 19:46:02,Successful,Low
CHG265613,APP-REPO-13,Emergency,2026-03-01 16:36:29,2026-03-01 20:36:29,Successful,High
CHG892630,APP-REPO-9,Normal,2026-09-12 10:01:07,2026-09-12 13:01:07,Successful,High
CHG783984,APP-REPO-18,Standard,2025-10-19 17:09:47,2025-10-19 18:09:47,Successful with issues,High
CHG538184,APP-REPO-5,Standard,2025-11-29 21:10:15,2025-11-30 01:10:15,Successful,High
CHG885386,APP-REPO-9,Standard,2026-02-21 02:55:37,2026-02-21 03:55:37,Successful,Low
CHG212512,APP-REPO-10,Normal,2025-09-27 18:43:52,2025-09-27 22:43:52,Failed,Low
CHG649787,APP-REPO-15,Standard,2026-02-25 13:38:10,2026-02-25 17:38:10,Successful,High
CHG446747,APP-REPO-5,Emergency,2026-01-07 22:30:47,2026-01-08 02:30:47,Successful,Low
CHG295243,APP-REPO-0,Emergency,2026-09-21 18:24:57,2026-09-21 21:24:57,Successful,Low
CHG807160,APP-REPO-6,Standard,2026-07-28 10:42:33,2026-07-28 14:42:33,Successful with issues,Low
CHG443856,APP-REPO-2,Normal,2026-07-28 20:34:39,2026-07-28 21:34:39,Successful,High
CHG600646,APP-REPO-10,Standard,2026-03-22 15:37:37,2026-03-22 16:37:37,Successful,High
CHG568436,APP-REPO-8,Normal,2026-01-15 17:21:25,2026-01-15 20:21:25,Successful,Low
CHG111991,APP-REPO-8,Emergency,2026-03-10 05:21:25,2026-03-10 08:21:25,Successful,High
CHG800224,APP-REPO-3,Normal,2026-06-24 11:20:42,2026-06-24 14:20:42,Successful,Low
CHG626930,APP-REPO-9,Emergency,2026-07-07 15:26:40,2026-07-07 16:26:40,Successful,Medium
CHG485397,APP-REPO-19,Standard,2026-07-28 04:06:01,2026-07-28 06:06:01,Failed,Medium
CHG260626,APP-REPO-14,Emergency,2026-04-30 18:46:40,2026-04-30 21:46:40,Successful,Low
CHG593699,APP-REPO-17,Emergency,2026-06-10 23:43:45,2026-06-11 01:43:45,Successful,Low
CHG891401,APP-REPO-19,Standard,2026-07-02 22:41:31,2026-07-03 02:41:31,Successful,Medium
CHG181896,APP-REPO-18,Standard,2026-04-03 22:44:52,2026-04-03 23:44:52,Successful with issues,Low
CHG311976,APP-REPO-18,Emergency,2025-11-26 01:27:09,2025-11-26 03:27:09,Successful,Low
CHG563303,APP-REPO-3,Emergency,2025-12-09 16:37:05,2025-12-09 18:37:05,Successful,Medium
CHG195359,APP-REPO-16,Normal,2026-01-20 04:09:32,2026-01-20 05:09:32,Successful,Low
CHG535604,APP-REPO-14,Emergency,2025-12-20 11:45:39,2025-12-20 12:45:39,Successful,Low
CHG946112,APP-REPO-9,Emergency,2025-10-19 15:44:43,2025-10-19 16:44:43,Successful,High
CHG882032,APP-REPO-6,Emergency,2026-05-09 20:59:35,2026-05-09 21:59:35,Successful,Medium
CHG834406,APP-REPO-2,Emergency,2026-07-09 16:12:33,2026-07-09 17:12:33,Successful with issues,High
CHG595002,APP-REPO-1,Normal,2026-04-25 12:16:02,2026-04-25 16:16:02,Successful,High
CHG903028,APP-REPO-13,Normal,2025-10-20 14:48:26,2025-10-20 18:48:26,Successful,Medium
CHG493892,APP-REPO-2,Emergency,2026-07-14 10:16:45,2026-07-14 12:16:45,Successful,Medium
CHG224395,APP-REPO-5,Emergency,2026-01-26 17:39:01,2026-01-26 21:39:01,Successful,Low
CHG333507,APP-REPO-0,Standard,2025-10-19 03:27:38,2025-10-19 06:27:38,Successful,Low
CHG670892,APP-REPO-13,Emergency,2025-10-16 10:00:07,2025-10-16 14:00:07,Successful with issues,High
CHG583000,APP-REPO-11,Standard,2026-05-11 19:34:17,2026-05-11 22:34:17,Successful,Low
CHG902674,APP-REPO-3,Standard,2026-03-31 02:37:57,2026-03-31 06:37:57,Successful,High
CHG352356,APP-REPO-6,Standard,2026-04-10 05:32:48,2026-04-10 06:32:48,Successful,Medium
CHG726822,APP-REPO-1,Standard,2026-09-18 23:57:02,2026-09-19 00:57:02,Successful,High
CHG665979,APP-REPO-6,Standard,2026-08-24 02:34:01,2026-08-24 04:34:01,Successful,Medium
CHG345536,APP-REPO-18,Normal,2026-04-21 05:05:45,2026-04-21 08:05:45,Successful,High
CHG792282,APP-REPO-16,Standard,2025-11-27 02:01:15,2025-11-27 06:01:15,Successful,High
CHG683761,APP-REPO-18,Emergency,2025-10-19 00:47:51,2025-10-19 02:47:51,Successful,Medium
CHG682851,APP-REPO-15,Standard,2026-04-12 03:56:46,2026-04-12 06:56:46,Successful with issues,Low
CHG499669,APP-REPO-16,Normal,2025-10-28 01:20:04,2025-10-28 05:20:04,Successful,Medium
CHG494747,APP-REPO-5,Emergency,2026-08-23 13:43:45,2026-08-23 17:43:45,Successful,High
CHG415344,APP-REPO-4,Normal,2025-12-08 02:39:21,2025-12-08 03:39:21,Successful,Medium
CHG684357,APP-REPO-16,Standard,2025-10-23 13:18:24,2025-10-23 17:18:24,Successful,High
CHG446305,APP-REPO-2,Normal,2026-05-16 00:46:15,2026-05-16 03:46:15,Successful,Low
CHG969695,APP-REPO-6,Standard,2025-10-23 08:04:58,2025-10-23 11:04:58,Successful,Low
CHG732209,APP-REPO-1,Standard,2026-06-16 04:04:43,2026-06-16 06:04:43,Successful with issues,Low
CHG859489,APP-REPO-17,Standard,2026-08-27 15:22:43,2026-08-27 19:22:43,Successful,Medium
CHG417915,APP-REPO-0,Standard,2025-12-27 06:54:03,2025-12-27 08:54:03,Failed,High
CHG883159,APP-REPO-15,Standard,2026-03-02 18:06:09,2026-03-02 20:06:09,Successful,High
CHG678897,APP-REPO-10,Normal,2025-11-12 12:03:57,2025-11-12 16:03:57,Successful,Low
CHG476710,APP-REPO-9,Normal,2026-09-07 16:43:15,2026-09-07 19:43:15,Successful,Medium
CHG588640,APP-REPO-3,Emergency,2026-05-06 04:24:04,2026-05-06 08:24:04,Successful,Medium
CHG312994,APP-REPO-11,Normal,2025-12-31 13:32:06,2025-12-31 17:32:06,Successful,High
CHG877259,APP-REPO-4,Standard,2026-05-09 18:33:30,2026-05-09 21:33:30,Successful,Low
CHG707275,APP-REPO-13,Normal,2026-05-15 19:57:42,2026-05-15 21:57:42,Successful,High
CHG498290,APP-REPO-18,Standard,2025-10-12 09:03:38,2025-10-12 13:03:38,Successful,Low
CHG453961,APP-REPO-8,Normal,2026-05-25 11:41:44,2026-05-25 15:41:44,Successful,Low
CHG933592,APP-REPO-11,Standard,2025-10-28 18:46:56,2025-10-28 20:46:56,Successful,Medium
CHG292988,APP-REPO-17,Emergency,2026-03-08 18:06:03,2026-03-08 19:06:03,Successful,High
CHG957730,APP-REPO-1,Standard,2026-06-09 05:48:13,2026-06-09 09:48:13,Successful,Low
CHG342675,APP-REPO-2,Emergency,2026-05-11 14:51:42,2026-05-11 16:51:42,Successful,Low
CHG578160,APP-REPO-11,Standard,2026-05-04 10:56:18,2026-05-04 14:56:18,Successful,High
CHG106933,APP-REPO-17,Emergency,2026-04-17 23:19:47,2026-04-18 03:19:47,Successful,Low
CHG857273,APP-REPO-8,Emergency,2026-01-27 19:25:20,2026-01-27 22:25:20,Successful,Low
CHG806774,APP-REPO-13,Standard,2026-01-06 05:09:14,2026-01-06 06:09:14,Successful with issues,Low
CHG256130,APP-REPO-7,Standard,2025-12-15 06:28:31,2025-12-15 09:28:31,Successful with issues,Medium
CHG933551,APP-REPO-12,Standard,2026-06-14 00:56:24,2026-06-14 03:56:24,Failed,Medium
CHG692447,APP-REPO-7,Emergency,2026-07-02 02:01:59,2026-07-02 04:01:59,Successful,High
CHG785491,APP-REPO-1,Standard,2026-01-26 23:02:51,2026-01-27 03:02:51,Successful,Low
CHG599127,APP-REPO-1,Emergency,2025-12-28 15:21:21,2025-12-28 16:21:21,Successful,High
CHG624139,APP-REPO-13,Emergency,2026-01-08 02:20:54,2026-01-08 05:20:54,Successful,High
CHG653815,APP-REPO-1,Standard,2026-02-27 15:37:59,2026-02-27 17:37:59,Successful with issues,Low
CHG694316,APP-REPO-15,Normal,2025-11-16 18:30:56,2025-11-16 19:30:56,Successful with issues,Low
CHG393992,APP-REPO-17,Emergency,2026-06-14 19:14:53,2026-06-14 20:14:53,Successful,Medium
CHG116418,APP-REPO-6,Emergency,2026-06-04 15:08:42,2026-06-04 17:08:42,Successful,Low
CHG960778,APP-REPO-12,Standard,2026-01-21 10:49:01,2026-01-21 13:49:01,Successful,High
CHG694223,APP-REPO-12,Emergency,2026-03-23 12:17:00,2026-03-23 15:17:00,Successful,Low
CHG246748,APP-REPO-2,Emergency,2026-01-27 17:37:36,2026-01-27 20:37:36,Successful,Medium
CHG343420,APP-REPO-2,Normal,2026-07-15 22:31:35,2026-07-16 02:31:35,Failed,Medium
CHG131064,APP-REPO-8,Normal,2025-10-25 02:47:33,2025-10-25 06:47:33,Successful,Low
CHG493663,APP-REPO-13,Standard,2025-09-30 13:28:04,2025-09-30 17:28:04,Successful,Low
CHG409727,APP-REPO-7,Emergency,2026-03-23 22:10:20,2026-03-23 23:10:20,Successful,High
CHG498458,APP-REPO-4,Emergency,2026-05-26 04:15:55,2026-05-26 08:15:55,Successful,High
CHG195966,APP-REPO-0,Normal,2026-05-03 14:07:21,2026-05-03 18:07:21,Successful,Medium
CHG207197,APP-REPO-4,Standard,2025-11-04 18:32:04,2025-11-04 20:32:04,Successful,Low
CHG681687,APP-REPO-16,Normal,2025-10-25 09:28:51,2025-10-25 10:28:51,Successful,Medium
CHG681141,APP-REPO-2,Emergency,2026-04-23 17:45:27,2026-04-23 20:45:27,Successful with issues,High
CHG406024,APP-REPO-13,Normal,2025-12-18 17:23:01,2025-12-18 18:23:01,Successful,Low
CHG354533,APP-REPO-18,Emergency,2026-04-11 09:49:43,2026-04-11 11:49:43,Successful,High
CHG245584,APP-REPO-8,Normal,2026-01-07 22:29:19,2026-01-08 01:29:19,Successful,High
CHG275329,APP-REPO-13,Normal,2025-11-17 09:13:34,2025-11-17 13:13:34,Successful,High
CHG478666,APP-REPO-8,Standard,2026-02-09 11:38:23,2026-02-09 15:38:23,Successful,High
CHG580102,APP-REPO-3,Standard,2026-09-04 00:53:27,2026-09-04 03:53:27,Successful,Medium
CHG448354,APP-REPO-19,Normal,2025-10-23 15:49:23,2025-10-23 18:49:23,Successful,Medium
CHG955088,APP-REPO-19,Standard,2026-09-03 10:02:03,2026-09-03 13:02:03,Successful,Low
CHG310608,APP-REPO-15,Normal,2025-12-30 19:32:14,2025-12-30 21:32:14,Failed,Medium
CHG405605,APP-REPO-15,Emergency,2026-02-17 10:53:01,2026-02-17 12:53:01,Successful,Medium
CHG956156,APP-REPO-12,Normal,2026-01-15 14:55:00,2026-01-15 15:55:00,Successful with issues,High
CHG720995,APP-REPO-17,Standard,2025-11-27 04:56:55,2025-11-27 05:56:55,Failed,Medium
CHG842776,APP-REPO-6,Normal,2026-03-16 02:49:04,2026-03-16 05:49:04,Successful with issues,High
CHG958747,APP-REPO-13,Emergency,2026-08-16 17:42:28,2026-08-16 21:42:28,Successful,Medium
CHG353777,APP-REPO-8,Emergency,2026-04-25 21:48:00,2026-04-25 23:48:00,Successful,Medium
CHG177558,APP-REPO-14,Emergency,2026-06-27 04:06:32,2026-06-27 08:06:32,Successful,Low
CHG631221,APP-REPO-13,Emergency,2026-01-22 10:18:20,2026-01-22 11:18:20,Successful,Medium
CHG835716,APP-REPO-17,Emergency,2026-05-22 11:53:29,2026-05-22 12:53:29,Successful,High
CHG789545,APP-REPO-11,Standard,2026-08-06 09:21:30,2026-08-06 10:21:30,Successful,Low
CHG810380,APP-REPO-12,Normal,2026-06-07 22:08:33,2026-06-08 02:08:33,Successful,High
CHG371306,APP-REPO-7,Emergency,2026-04-20 08:43:34,2026-04-20 10:43:34,Successful,Medium
CHG585556,APP-REPO-18,Emergency,2025-09-29 23:33:29,2025-09-30 01:33:29,Successful,High
CHG606222,APP-REPO-3,Normal,2026-06-13 07:34:40,2026-06-13 11:34:40,Successful with issues,High
CHG221707,APP-REPO-4,Normal,2026-08-10 06:36:15,2026-08-10 09:36:15,Successful,High
CHG646428,APP-REPO-15,Normal,2026-04-30 07:54:34,2026-04-30 11:54:34,Successful,Low
CHG830609,APP-REPO-14,Normal,2026-01-21 05:03:13,2026-01-21 06:03:13,Successful,Low
CHG220675,APP-REPO-0,Normal,2026-06-11 13:52:21,2026-06-11 14:52:21,Successful,High
CHG876459,APP-REPO-7,Emergency,2025-11-06 04:08:16,2025-11-06 06:08:16,Successful,Medium
CHG687044,APP-REPO-13,Normal,2026-09-02 23:22:41,2026-09-03 01:22:41,Successful,Low
CHG293411,APP-REPO-5,Emergency,2025-11-18 02:19:32,2025-11-18 06:19:32,Successful,Low
CHG743937,APP-REPO-6,Normal,2026-01-07 15:38:33,2026-01-07 19:38:33,Successful,Low
CHG325230,APP-REPO-6,Normal,2025-11-10 18:30:53,2025-11-10 19:30:53,Successful,Low
CHG296041,APP-REPO-11,Normal,2026-09-07 11:21:54,2026-09-07 13:21:54,Successful,Medium
CHG803281,APP-REPO-15,Emergency,2025-11-07 12:17:21,2025-11-07 15:17:21,Successful,Low
CHG511612,APP-REPO-18,Standard,2026-07-12 06:28:00,2026-07-12 09:28:00,Successful,Medium
CHG747351,APP-REPO-5,Emergency,2026-04-29 19:03:35,2026-04-29 22:03:35,Successful with issues,Low
CHG188868,APP-REPO-4,Normal,2025-11-26 07:31:16,2025-11-26 08:31:16,Successful,High
CHG291936,APP-REPO-11,Emergency,2026-01-10 17:06:39,2026-01-10 19:06:39,Successful,Medium
CHG725397,APP-REPO-4,Emergency,2026-01-14 08:48:01,2026-01-14 12:48:01,Successful,Medium
CHG766371,APP-REPO-17,Emergency,2026-05-19 20:03:51,2026-05-19 22:03:51,Successful,Medium
CHG402865,APP-REPO-4,Standard,2025-12-17 17:51:08,2025-12-17 20:51:08,Successful with issues,Low
CHG156215,APP-REPO-11,Standard,2026-07-02 15:16:19,2026-07-02 19:16:19,Successful,Medium
CHG688861,APP-REPO-16,Emergency,2026-02-07 02:31:03,2026-02-07 06:31:03,Successful,Medium
CHG535820,APP-REPO-14,Normal,2025-12-15 00:18:22,2025-12-15 02:18:22,Successful,High
CHG934541,APP-REPO-7,Normal,2026-06-20 22:34:45,2026-06-20 23:34:45,Successful,Low
CHG402692,APP-REPO-5,Normal,2026-05-31 06:10:04,2026-05-31 10:10:04,Successful,High
CHG700534,APP-REPO-3,Normal,2026-08-24 04:21:55,2026-08-24 07:21:55,Successful,High
CHG896922,APP-REPO-14,Emergency,2026-01-07 11:08:59,2026-01-07 13:08:59,Failed,High
CHG871740,APP-REPO-7,Normal,2026-04-11 05:23:43,2026-04-11 06:23:43,Successful,Medium
CHG956401,APP-REPO-2,Normal,2026-04-04 16:05:18,2026-04-04 17:05:18,Successful,High
CHG320073,APP-REPO-18,Emergency,2026-01-02 11:15:40,2026-01-02 14:15:40,Successful with issues,Low
CHG763508,APP-REPO-13,Standard,2026-09-13 12:59:21,2026-09-13 14:59:21,Successful,High
CHG944565,APP-REPO-1,Emergency,2026-09-14 15:17:50,2026-09-14 18:17:50,Successful,Low
CHG664939,APP-REPO-5,Normal,2026-08-21 12:53:59,2026-08-21 15:53:59,Successful,Medium
CHG999695,APP-REPO-16,Emergency,2025-10-16 16:07:18,2025-10-16 17:07:18,Successful,Medium
CHG162165,APP-REPO-8,Emergency,2025-11-01 18:55:32,2025-11-01 20:55:32,Successful,High
CHG361805,APP-REPO-4,Emergency,2026-05-31 06:36:04,2026-05-31 09:36:04,Successful with issues,Low
CHG511776,APP-REPO-15,Standard,2026-03-10 10:39:14,2026-03-10 13:39:14,Successful,Medium
CHG573947,APP-REPO-2,Emergency,2026-08-15 00:43:34,2026-08-15 01:43:34,Successful,Low
CHG391740,APP-REPO-11,Normal,2026-01-12 09:29:17,2026-01-12 13:29:17,Successful,High
CHG911739,APP-REPO-2,Emergency,2025-10-14 01:33:36,2025-10-14 05:33:36,Successful,Low
CHG475623,APP-REPO-2,Emergency,2025-09-28 07:41:23,2025-09-28 11:41:23,Successful,Medium
CHG964915,APP-REPO-6,Normal,2026-02-03 11:36:50,2026-02-03 14:36:50,Successful,Medium
CHG454161,APP-REPO-17,Emergency,2026-07-23 09:59:37,2026-07-23 11:59:37,Successful,Medium
CHG926596,APP-REPO-10,Emergency,2025-11-16 17:58:09,2025-11-16 18:58:09,Successful,Low
CHG921967,APP-REPO-14,Standard,2026-06-01 08:58:07,2026-06-01 09:58:07,Successful with issues,High
CHG562721,APP-REPO-14,Standard,2026-01-06 16:14:30,2026-01-06 20:14:30,Successful,Low
CHG238320,APP-REPO-9,Standard,2025-11-28 16:41:41,2025-11-28 19:41:41,Successful,Medium
CHG362552,APP-REPO-2,Normal,2026-07-11 19:24:52,2026-07-11 21:24:52,Successful,Low
CHG420349,APP-REPO-7,Normal,2026-03-17 12:50:49,2026-03-17 13:50:49,Successful,High
CHG323788,APP-REPO-15,Standard,2026-04-29 04:40:33,2026-04-29 06:40:33,Successful,Low
CHG813013,APP-REPO-14,Standard,2026-06-27 23:56:20,2026-06-28 00:56:20,Successful,High
CHG542828,APP-REPO-4,Normal,2026-03-12 00:58:21,2026-03-12 01:58:21,Successful,High
CHG866260,APP-REPO-3,Standard,2026-05-02 18:40:21,2026-05-02 21:40:21,Successful,Medium
CHG243790,APP-REPO-12,Standard,2025-09-30 16:46:11,2025-09-30 18:46:11,Successful,Low
CHG108886,APP-REPO-19,Emergency,2025-11-09 09:22:54,2025-11-09 11:22:54,Successful,Low
CHG323404,APP-REPO-4,Normal,2025-10-26 03:57:54,2025-10-26 07:57:54,Successful with issues,High
CHG205345,APP-REPO-4,Standard,2026-09-04 21:47:23,2026-09-05 01:47:23,Successful,Medium
CHG429780,APP-REPO-4,Standard,2026-06-22 07:24:40,2026-06-22 10:24:40,Successful,High
CHG680278,APP-REPO-19,Emergency,2026-09-12 23:51:59,2026-09-13 02:51:59,Successful,Low
CHG128127,APP-REPO-9,Standard,2025-11-23 19:55:41,2025-11-23 21:55:41,Successful,Medium
CHG777558,APP-REPO-1,Standard,2026-04-26 19:54:42,2026-04-26 23:54:42,Successful,High
CHG623850,APP-REPO-19,Standard,2025-10-10 22:26:53,2025-10-10 23:26:53,Failed,Medium
CHG238394,APP-REPO-12,Emergency,2026-08-17 01:37:51,2026-08-17 05:37:51,Successful,Low
CHG281162,APP-REPO-15,Standard,2026-02-17 07:59:02,2026-02-17 08:59:02,Successful,High
CHG374921,APP-REPO-6,Standard,2026-05-11 04:01:27,2026-05-11 05:01:27,Successful with issues,Medium
CHG631219,APP-REPO-9,Emergency,2026-04-29 12:32:55,2026-04-29 16:32:55,Successful,Medium
CHG186431,APP-REPO-17,Emergency,2025-11-23 10:58:32,2025-11-23 12:58:32,Successful,Medium
CHG182860,APP-REPO-16,Standard,2026-03-12 20:32:39,2026-03-12 22:32:39,Successful,Medium
CHG714923,APP-REPO-2,Normal,2025-11-15 10:31:12,2025-11-15 14:31:12,Successful,High
CHG160718,APP-REPO-7,Standard,2025-10-13 04:30:53,2025-10-13 08:30:53,Successful,Low
CHG738407,APP-REPO-1,Normal,2026-01-24 15:49:03,2026-01-24 17:49:03,Successful,Low
CHG243876,APP-REPO-0,Standard,2026-02-15 13:26:24,2026-02-15 17:26:24,Failed,Low
CHG642347,APP-REPO-8,Standard,2026-09-11 01:45:23,2026-09-11 04:45:23,Successful,Medium
CHG868538,APP-REPO-3,Standard,2026-08-02 03:02:21,2026-08-02 06:02:21,Successful with issues,Medium
CHG649300,APP-REPO-2,Normal,2026-08-27 04:58:16,2026-08-27 05:58:16,Successful,Low
CHG477617,APP-REPO-1,Normal,2025-10-12 10:29:19,2025-10-12 12:29:19,Successful,Medium
CHG910894,APP-REPO-3,Emergency,2026-09-11 01:13:35,2026-09-11 02:13:35,Successful,Low
CHG102693,APP-REPO-1,Standard,2026-02-12 21:39:55,2026-02-12 23:39:55,Successful,Medium
CHG501583,APP-REPO-4,Standard,2025-12-17 12:41:48,2025-12-17 13:41:48,Successful,Low
CHG876644,APP-REPO-13,Standard,2026-06-18 19:57:50,2026-06-18 22:57:50,Successful,Low
CHG435476,APP-REPO-8,Standard,2026-01-01 20:25:38,2026-01-01 23:25:38,Successful,Low
CHG155230,APP-REPO-5,Standard,2026-06-12 22:54:41,2026-06-12 23:54:41,Failed,High
CHG587686,APP-REPO-9,Normal,2025-11-05 20:44:51,2025-11-05 23:44:51,Successful,Medium
CHG108356,APP-REPO-11,Standard,2026-02-11 07:09:55,2026-02-11 10:09:55,Successful,Medium
CHG875501,APP-REPO-19,Standard,2026-07-26 21:51:07,2026-07-27 01:51:07,Successful,Medium
CHG910143,APP-REPO-6,Emergency,2026-05-02 09:08:03,2026-05-02 11:08:03,Successful,Medium
CHG125071,APP-REPO-7,Emergency,2026-09-05 07:22:27,2026-09-05 10:22:27,Successful,Low
CHG110060,APP-REPO-10,Standard,2026-09-01 15:33:18,2026-09-01 19:33:18,Successful with issues,Low
CHG422448,APP-REPO-3,Standard,2026-03-03 18:21:12,2026-03-03 20:21:12,Successful,High
CHG249289,APP-REPO-8,Standard,2026-05-25 23:37:34,2026-05-26 00:37:34,Successful with issues,Low
CHG533121,APP-REPO-11,Normal,2026-07-15 00:16:45,2026-07-15 01:16:45,Successful,Low
CHG239999,APP-REPO-12,Standard,2025-11-25 23:10:59,2025-11-26 00:10:59,Successful,High
CHG348273,APP-REPO-9,Normal,2026-09-21 11:23:09,2026-09-21 14:23:09,Successful with issues,Medium
CHG834764,APP-REPO-10,Normal,2025-12-27 21:11:36,2025-12-28 01:11:36,Successful,High
CHG312559,APP-REPO-4,Emergency,2026-08-28 17:21:03,2026-08-28 18:21:03,Successful,High
CHG571404,APP-REPO-14,Normal,2025-11-29 01:16:04,2025-11-29 05:16:04,Successful,Medium
CHG907756,APP-REPO-6,Normal,2026-08-03 14:07:44,2026-08-03 17:07:44,Successful,High
CHG194813,APP-REPO-5,Emergency,2026-08-07 19:34:54,2026-08-07 22:34:54,Successful with issues,Low
CHG732608,APP-REPO-1,Standard,2025-12-04 16:53:21,2025-12-04 19:53:21,Successful,Low
CHG360276,APP-REPO-11,Normal,2026-09-04 06:02:10,2026-09-04 07:02:10,Successful,Medium
CHG959926,APP-REPO-5,Standard,2026-03-06 01:30:14,2026-03-06 05:30:14,Successful with issues,Low
CHG884417,APP-REPO-17,Standard,2025-10-06 13:40:02,2025-10-06 14:40:02,Successful,High
CHG227352,APP-REPO-0,Standard,2025-12-05 14:24:15,2025-12-05 16:24:15,Successful,Medium
CHG490321,APP-REPO-2,Emergency,2026-07-09 23:55:12,2026-07-10 02:55:12,Successful with issues,High
CHG122859,APP-REPO-2,Standard,2026-09-20 23:29:16,2026-09-21 03:29:16,Successful with issues,High
CHG988432,APP-REPO-10,Standard,2026-02-02 22:50:04,2026-02-02 23:50:04,Successful with issues,High
CHG276149,APP-REPO-18,Normal,2026-07-27 19:00:44,2026-07-27 23:00:44,Successful,Medium
CHG816400,APP-REPO-13,Standard,2026-03-05 20:05:11,2026-03-05 23:05:11,Successful,High
CHG388339,APP-REPO-8,Normal,2026-08-04 12:00:54,2026-08-04 14:00:54,Successful,Low
CHG746947,APP-REPO-7,Emergency,2026-06-14 02:37:43,2026-06-14 05:37:43,Successful,Low
CHG602300,APP-REPO-1,Standard,2026-08-28 12:18:07,2026-08-28 15:18:07,Successful,Medium
CHG309146,APP-REPO-16,Standard,2026-07-09 09:52:28,2026-07-09 10:52:28,Failed,Low
CHG476556,APP-REPO-15,Emergency,2026-08-07 19:22:22,2026-08-07 23:22:22,Successful,Low
CHG626797,APP-REPO-10,Normal,2026-01-01 07:43:40,2026-01-01 10:43:40,Successful,Medium
CHG726121,APP-REPO-7,Standard,2026-01-08 13:27:04,2026-01-08 16:27:04,Successful,Medium
CHG655149,APP-REPO-11,Emergency,2025-11-27 18:28:23,2025-11-27 20:28:23,Failed,High
CHG359896,APP-REPO-7,Normal,2026-07-29 17:30:14,2026-07-29 18:30:14,Successful,High
CHG703656,APP-REPO-12,Normal,2026-06-26 07:01:41,2026-06-26 09:01:41,Successful,Low
CHG433451,APP-REPO-11,Emergency,2025-11-07 22:09:57,2025-11-07 23:09:57,Successful,Medium
CHG695225,APP-REPO-18,Standard,2026-02-22 12:11:20,2026-02-22 14:11:20,Successful with issues,Medium
CHG668458,APP-REPO-9,Standard,2026-08-31 15:49:31,2026-08-31 19:49:31,Successful,High
CHG343923,APP-REPO-19,Standard,2025-10-11 23:34:52,2025-10-12 00:34:52,Successful,High
CHG447848,APP-REPO-19,Standard,2026-08-26 09:18:38,2026-08-26 11:18:38,Successful,High
CHG941403,APP-REPO-10,Standard,2026-03-28 17:47:26,2026-03-28 18:47:26,Successful,Low
CHG248533,APP-REPO-3,Emergency,2025-12-22 07:52:27,2025-12-22 10:52:27,Failed,Medium
CHG838761,APP-REPO-12,Emergency,2025-12-13 10:47:42,2025-12-13 11:47:42,Successful,Medium
CHG243079,APP-REPO-5,Emergency,2026-08-10 01:46:49,2026-08-10 05:46:49,Successful,Medium
CHG780714,APP-REPO-10,Standard,2026-09-18 15:14:01,2026-09-18 18:14:01,Successful,Low
CHG954017,APP-REPO-5,Normal,2026-03-24 16:58:43,2026-03-24 19:58:43,Successful,Medium
CHG233534,APP-REPO-5,Emergency,2026-02-09 17:41:39,2026-02-09 18:41:39,Successful with issues,Low
CHG510623,APP-REPO-18,Standard,2026-01-23 11:13:36,2026-01-23 13:13:36,Successful,Low
CHG331625,APP-REPO-18,Standard,2026-08-11 14:35:42,2026-08-11 18:35:42,Successful,Low
CHG181586,APP-REPO-7,Normal,2026-08-01 19:47:56,2026-08-01 22:47:56,Successful,High
CHG961574,APP-REPO-10,Normal,2026-08-31 07:57:39,2026-08-31 08:57:39,Successful,High
CHG826847,APP-REPO-2,Normal,2025-12-24 07:59:07,2025-12-24 10:59:07,Successful,Low
CHG101343,APP-REPO-1,Normal,2025-12-22 12:26:23,2025-12-22 16:26:23,Successful,High
CHG534130,APP-REPO-15,Normal,2025-10-06 03:12:36,2025-10-06 06:12:36,Successful,High
CHG969067,APP-REPO-15,Emergency,2026-06-10 06:35:48,2026-06-10 08:35:48,Successful,High
CHG938016,APP-REPO-1,Normal,2025-12-10 22:44:30,2025-12-10 23:44:30,Successful,High
CHG177804,APP-REPO-10,Standard,2026-02-28 16:36:49,2026-02-28 20:36:49,Successful,High
CHG673619,APP-REPO-2,Normal,2026-02-01 10:15:53,2026-02-01 14:15:53,Successful,Medium
CHG785386,APP-REPO-5,Emergency,2026-01-13 03:24:37,2026-01-13 07:24:37,Successful,High
CHG447177,APP-REPO-6,Standard,2026-08-28 14:59:42,2026-08-28 18:59:42,Successful,Low
CHG865433,APP-REPO-17,Normal,2025-10-23 21:41:23,2025-10-24 00:41:23,Successful,High
CHG152046,APP-REPO-12,Emergency,2026-07-24 06:34:06,2026-07-24 10:34:06,Successful,Medium
CHG104000,APP-REPO-13,Standard,2026-01-13 08:16:30,2026-01-13 11:16:30,Successful with issues,Low
CHG729371,APP-REPO-15,Standard,2026-02-10 07:33:38,2026-02-10 08:33:38,Successful,High
CHG769191,APP-REPO-9,Standard,2026-06-03 01:41:05,2026-06-03 05:41:05,Successful with issues,Medium
CHG923002,APP-REPO-12,Normal,2026-04-12 18:38:48,2026-04-12 22:38:48,Successful with issues,Medium
CHG195563,APP-REPO-17,Normal,2026-03-01 03:54:51,2026-03-01 05:54:51,Successful,Medium
CHG487345,APP-REPO-5,Normal,2026-06-17 20:12:34,2026-06-17 21:12:34,Successful,Medium
CHG376195,APP-REPO-7,Normal,2026-08-20 14:08:01,2026-08-20 15:08:01,Successful,Low
CHG799891,APP-REPO-3,Standard,2026-04-23 04:32:04,2026-04-23 07:32:04,Successful with issues,Medium
CHG893202,APP-REPO-18,Standard,2026-02-02 13:10:55,2026-02-02 14:10:55,Successful with issues,Low
CHG538967,APP-REPO-17,Emergency,2025-10-07 15:53:50,2025-10-07 19:53:50,Successful,High
CHG599397,APP-REPO-9,Standard,2025-11-10 17:42:16,2025-11-10 21:42:16,Successful with issues,Low
CHG136415,APP-REPO-16,Emergency,2026-09-02 13:13:55,2026-09-02 15:13:55,Successful,Medium
CHG281276,APP-REPO-5,Standard,2026-01-06 09:20:37,2026-01-06 11:20:37,Successful,Medium
CHG182175,APP-REPO-13,Standard,2025-12-05 07:00:51,2025-12-05 09:00:51,Successful with issues,Medium
CHG435281,APP-REPO-2,Standard,2026-05-10 10:07:48,2026-05-10 14:07:48,Successful,Low
CHG441968,APP-REPO-8,Emergency,2026-01-08 00:58:03,2026-01-08 04:58:03,Successful with issues,High
CHG924758,APP-REPO-19,Emergency,2025-10-11 19:13:28,2025-10-11 23:13:28,Successful,High
CHG255398,APP-REPO-18,Emergency,2025-11-08 01:01:35,2025-11-08 02:01:35,Successful with issues,Low
CHG917411,APP-REPO-3,Normal,2026-05-16 15:05:19,2026-05-16 18:05:19,Successful with issues,Medium
CHG501650,APP-REPO-15,Emergency,2026-03-14 17:04:10,2026-03-14 21:04:10,Successful,Medium
CHG522548,APP-REPO-4,Emergency,2026-02-08 04:40:44,2026-02-08 08:40:44,Successful,Medium
CHG824056,APP-REPO-7,Standard,2026-07-06 21:10:25,2026-07-07 01:10:25,Successful with issues,Medium
CHG121215,APP-REPO-10,Normal,2026-07-29 08:41:00,2026-07-29 11:41:00,Successful,Medium
CHG999924,APP-REPO-3,Standard,2026-01-26 18:19:34,2026-01-26 20:19:34,Successful,Low
CHG564635,APP-REPO-10,Normal,2026-03-15 10:07:38,2026-03-15 14:07:38,Successful,High
CHG297064,APP-REPO-14,Standard,2026-05-20 08:55:03,2026-05-20 12:55:03,Successful,Low
CHG492073,APP-REPO-1,Emergency,2026-04-13 13:27:00,2026-04-13 15:27:00,Successful,Low
CHG631413,APP-REPO-12,Standard,2025-11-10 20:32:18,2025-11-10 21:32:18,Successful,High
CHG977633,APP-REPO-1,Standard,2026-02-23 12:55:23,2026-02-23 13:55:23,Successful,Medium
CHG838862,APP-REPO-6,Normal,2026-09-11 06:38:00,2026-09-11 09:38:00,Successful with issues,Low
CHG516224,APP-REPO-3,Emergency,2026-05-08 20:49:54,2026-05-08 21:49:54,Successful,Medium
CHG722899,APP-REPO-14,Standard,2025-12-09 18:18:15,2025-12-09 22:18:15,Successful,Medium
CHG460971,APP-REPO-5,Normal,2026-01-03 20:49:39,2026-01-03 21:49:39,Successful,Medium
CHG152062,APP-REPO-5,Emergency,2025-10-14 04:21:14,2025-10-14 06:21:14,Successful with issues,Low
CHG336047,APP-REPO-6,Normal,2026-06-29 04:59:57,2026-06-29 08:59:57,Successful,Low
CHG109330,APP-REPO-15,Standard,2026-03-15 06:59:32,2026-03-15 08:59:32,Successful,High
CHG334639,APP-REPO-8,Emergency,2025-09-27 14:24:19,2025-09-27 17:24:19,Successful,Low
CHG773962,APP-REPO-8,Normal,2026-04-16 20:39:01,2026-04-17 00:39:01,Successful with issues,Medium
CHG364239,APP-REPO-6,Normal,2026-09-21 09:37:38,2026-09-21 12:37:38,Successful,Low
CHG516444,APP-REPO-18,Standard,2026-08-06 03:52:04,2026-08-06 04:52:04,Successful,Low
CHG984247,APP-REPO-11,Emergency,2026-04-24 01:22:40,2026-04-24 04:22:40,Successful,High
CHG605139,APP-REPO-2,Normal,2026-06-20 16:36:51,2026-06-20 19:36:51,Successful,Medium
CHG373832,APP-REPO-9,Standard,2026-07-03 08:12:54,2026-07-03 10:12:54,Successful,High
CHG159532,APP-REPO-19,Normal,2026-07-12 02:07:03,2026-07-12 05:07:03,Successful,Low
CHG126691,APP-REPO-15,Normal,2026-07-10 04:19:51,2026-07-10 07:19:51,Successful with issues,Medium
CHG507135,APP-REPO-1,Emergency,2026-06-14 09:21:08,2026-06-14 11:21:08,Successful,Low
CHG333164,APP-REPO-17,Emergency,2025-12-12 11:08:31,2025-12-12 15:08:31,Successful with issues,Low
CHG475911,APP-REPO-16,Normal,2026-02-15 09:25:54,2026-02-15 11:25:54,Successful with issues,Low
CHG289934,APP-REPO-9,Standard,2026-03-13 10:37:29,2026-03-13 14:37:29,Successful,Medium
CHG860413,APP-REPO-17,Standard,2025-10-24 02:50:41,2025-10-24 05:50:41,Successful,High
CHG472541,APP-REPO-7,Emergency,2026-06-11 21:47:08,2026-06-12 00:47:08,Successful,Medium
CHG489737,APP-REPO-8,Emergency,2026-09-19 12:50:53,2026-09-19 15:50:53,Successful,High
CHG593393,APP-REPO-1,Emergency,2026-02-02 04:19:44,2026-02-02 05:19:44,Successful,High
CHG624788,APP-REPO-3,Emergency,2026-05-26 22:52:15,2026-05-27 02:52:15,Successful,Medium
CHG156688,APP-REPO-4,Standard,2026-01-26 20:32:51,2026-01-26 22:32:51,Successful,Low
CHG579798,APP-REPO-4,Normal,2026-06-11 13:51:39,2026-06-11 15:51:39,Successful,Medium
CHG448787,APP-REPO-5,Normal,2026-08-22 06:43:01,2026-08-22 07:43:01,Successful,Medium
CHG319553,APP-REPO-5,Emergency,2025-11-14 08:14:01,2025-11-14 10:14:01,Successful,High
CHG235691,APP-REPO-19,Normal,2026-07-03 11:14:15,2026-07-03 15:14:15,Successful,Medium
CHG501936,APP-REPO-0,Standard,2026-09-11 11:41:10,2026-09-11 13:41:10,Successful,High
CHG437864,APP-REPO-16,Standard,2026-01-21 13:50:53,2026-01-21 14:50:53,Successful,Low
CHG869238,APP-REPO-7,Standard,2026-04-11 21:21:57,2026-04-12 00:21:57,Successful,High
CHG502181,APP-REPO-16,Emergency,2026-01-25 01:23:01,2026-01-25 04:23:01,Successful,High
CHG412687,APP-REPO-9,Normal,2026-06-12 22:32:02,2026-06-13 01:32:02,Successful,Low
CHG240288,APP-REPO-10,Normal,2026-03-04 13:08:22,2026-03-04 16:08:22,Successful,High
CHG951452,APP-REPO-12,Standard,2026-01-31 14:53:12,2026-01-31 16:53:12,Successful,High
CHG321449,APP-REPO-0,Emergency,2026-03-02 05:17:06,2026-03-02 07:17:06,Successful,Low
CHG782141,APP-REPO-1,Normal,2026-06-24 17:05:42,2026-06-24 20:05:42,Successful,Low
CHG150947,APP-REPO-19,Standard,2026-01-19 18:20:52,2026-01-19 19:20:52,Successful,High
CHG150578,APP-REPO-3,Normal,2026-04-30 06:08:25,2026-04-30 10:08:25,Successful,Low
CHG365015,APP-REPO-15,Emergency,2025-11-15 09:02:59,2025-11-15 11:02:59,Successful,Low
CHG760929,APP-REPO-0,Normal,2025-12-10 10:43:15,2025-12-10 14:43:15,Successful,Low
CHG645583,APP-REPO-8,Emergency,2026-03-09 05:29:07,2026-03-09 07:29:07,Successful,High
CHG636435,APP-REPO-19,Standard,2026-06-12 04:13:59,2026-06-12 07:13:59,Successful,High
CHG621917,APP-REPO-6,Emergency,2026-02-21 04:31:54,2026-02-21 06:31:54,Successful,Low
CHG311469,APP-REPO-11,Emergency,2026-06-16 23:42:08,2026-06-17 03:42:08,Successful,High
CHG674765,APP-REPO-15,Standard,2026-07-14 11:45:40,2026-07-14 15:45:40,Successful,High
CHG113368,APP-REPO-2,Standard,2026-09-12 13:23:57,2026-09-12 17:23:57,Successful,High
CHG917392,APP-REPO-16,Standard,2025-12-03 12:41:38,2025-12-03 13:41:38,Successful with issues,Low
CHG342389,APP-REPO-14,Normal,2026-05-23 23:39:23,2026-05-24 02:39:23,Successful,High
CHG952679,APP-REPO-5,Standard,2026-05-05 23:05:13,2026-05-06 02:05:13,Successful,Low
CHG427897,APP-REPO-13,Emergency,2026-01-21 19:41:52,2026-01-21 20:41:52,Successful,High
CHG110142,APP-REPO-4,Emergency,2026-03-03 15:32:11,2026-03-03 17:32:11,Successful,Medium
CHG752011,APP-REPO-8,Emergency,2026-04-27 17:47:11,2026-04-27 18:47:11,Successful,Medium
CHG291752,APP-REPO-3,Normal,2026-08-16 17:31:24,2026-08-16 21:31:24,Failed,Medium
CHG976303,APP-REPO-12,Emergency,2025-09-27 02:25:31,2025-09-27 06:25:31,Successful,Low
CHG935620,APP-REPO-5,Standard,2026-01-22 22:57:41,2026-01-23 00:57:41,Successful,High
CHG985364,APP-REPO-5,Standard,2026-01-16 08:52:16,2026-01-16 12:52:16,Successful with issues,Medium
CHG941235,APP-REPO-18,Emergency,2025-12-17 13:41:10,2025-12-17 17:41:10,Successful,Medium
CHG917012,APP-REPO-11,Emergency,2026-03-12 21:29:22,2026-03-12 22:29:22,Successful with issues,Low
CHG237002,APP-REPO-15,Normal,2026-07-29 02:26:41,2026-07-29 03:26:41,Successful with issues,Medium
CHG148205,APP-REPO-2,Normal,2026-05-10 04:29:29,2026-05-10 07:29:29,Successful,Low
CHG650311,APP-REPO-18,Emergency,2026-05-20 13:08:14,2026-05-20 15:08:14,Failed,Low
CHG454733,APP-REPO-16,Emergency,2026-06-08 04:56:25,2026-06-08 05:56:25,Successful,Low
CHG360651,APP-REPO-15,Normal,2026-01-30 02:13:19,2026-01-30 06:13:19,Successful,Low
CHG742686,APP-REPO-1,Standard,2026-03-26 12:38:44,2026-03-26 14:38:44,Successful,Medium
CHG993251,APP-REPO-15,Standard,2026-03-17 12:23:08,2026-03-17 13:23:08,Successful,Medium
CHG352593,APP-REPO-10,Normal,2026-03-17 15:52:10,2026-03-17 16:52:10,Successful,Low
CHG774567,APP-REPO-12,Normal,2026-06-16 07:56:38,2026-06-16 09:56:38,Successful,Medium
CHG940183,APP-REPO-18,Normal,2025-12-18 22:28:59,2025-12-18 23:28:59,Successful with issues,Medium
CHG431414,APP-REPO-3,Normal,2026-04-13 11:07:43,2026-04-13 12:07:43,Successful,Medium
CHG137572,APP-REPO-17,Emergency,2026-03-29 17:03:23,2026-03-29 18:03:23,Successful with issues,Low
CHG749137,APP-REPO-9,Emergency,2026-08-01 04:47:30,2026-08-01 06:47:30,Successful,Medium
CHG457411,APP-REPO-11,Standard,2026-09-11 22:15:20,2026-09-12 00:15:20,Successful with issues,Medium
CHG687360,APP-REPO-19,Emergency,2026-08-02 02:07:48,2026-08-02 06:07:48,Successful,Medium
CHG850689,APP-REPO-14,Standard,2026-07-09 18:17:58,2026-07-09 19:17:58,Successful,High
CHG102303,APP-REPO-10,Normal,2025-12-01 20:16:48,2025-12-01 23:16:48,Successful,Medium
CHG836201,APP-REPO-3,Standard,2026-06-09 19:34:32,2026-06-09 21:34:32,Successful,Low
CHG878579,APP-REPO-13,Standard,2025-10-29 20:59:36,2025-10-29 23:59:36,Successful,High
CHG226611,APP-REPO-12,Standard,2026-01-15 03:43:21,2026-01-15 07:43:21,Successful with issues,High
CHG851606,APP-REPO-10,Standard,2026-04-15 03:00:09,2026-04-15 07:00:09,Successful,Low
CHG978146,APP-REPO-18,Standard,2026-06-11 18:12:28,2026-06-11 22:12:28,Successful,Low
CHG628689,APP-REPO-4,Normal,2026-05-30 18:04:40,2026-05-30 19:04:40,Successful,High
CHG680099,APP-REPO-13,Emergency,2026-05-25 10:34:14,2026-05-25 14:34:14,Successful with issues,High
CHG825423,APP-REPO-18,Standard,2026-02-04 02:49:21,2026-02-04 04:49:21,Successful,Low
CHG729718,APP-REPO-19,Normal,2025-11-02 05:04:24,2025-11-02 09:04:24,Successful,Low
CHG826155,APP-REPO-7,Normal,2026-08-10 18:54:04,2026-08-10 22:54:04,Failed,Medium
CHG574843,APP-REPO-4,Standard,2026-07-15 15:45:23,2026-07-15 19:45:23,Successful,Low
CHG637179,APP-REPO-9,Emergency,2025-12-27 03:46:32,2025-12-27 06:46:32,Successful,Low
CHG763311,APP-REPO-6,Standard,2026-06-15 05:33:06,2026-06-15 07:33:06,Successful,Medium
CHG819964,APP-REPO-11,Emergency,2026-01-25 11:57:38,2026-01-25 13:57:38,Failed,Low
CHG286450,APP-REPO-16,Emergency,2025-12-23 04:26:39,2025-12-23 07:26:39,Successful,Medium
CHG689593,APP-REPO-15,Emergency,2026-08-06 04:21:09,2026-08-06 08:21:09,Successful,Low
CHG399817,APP-REPO-13,Standard,2025-12-13 06:40:01,2025-12-13 07:40:01,Successful,High
CHG155642,APP-REPO-1,Standard,2025-11-23 04:04:48,2025-11-23 07:04:48,Successful,High
CHG400538,APP-REPO-8,Standard,2025-10-06 10:18:10,2025-10-06 11:18:10,Successful,Medium
CHG313910,APP-REPO-17,Standard,2025-10-14 21:23:05,2025-10-15 00:23:05,Successful with issues,High
CHG746036,APP-REPO-17,Standard,2025-12-31 00:44:22,2025-12-31 04:44:22,Successful,Low
CHG401610,APP-REPO-1,Normal,2026-03-30 11:14:00,2026-03-30 15:14:00,Successful,Low
CHG427841,APP-REPO-17,Standard,2026-05-22 08:07:40,2026-05-22 09:07:40,Successful,High
CHG750706,APP-REPO-14,Standard,2026-08-22 22:46:15,2026-08-23 01:46:15,Successful,Low
CHG874320,APP-REPO-19,Standard,2026-07-22 09:28:53,2026-07-22 11:28:53,Successful,High
CHG815819,APP-REPO-2,Standard,2025-10-25 05:26:59,2025-10-25 07:26:59,Successful,High
CHG495521,APP-REPO-1,Normal,2026-03-22 19:25:40,2026-03-22 22:25:40,Successful,High
CHG268746,APP-REPO-18,Normal,2026-03-06 21:30:42,2026-03-06 22:30:42,Successful,Low
CHG262325,APP-REPO-1,Standard,2026-09-06 02:02:10,2026-09-06 05:02:10,Successful,Low
CHG745512,APP-REPO-9,Normal,2026-05-29 12:28:49,2026-05-29 15:28:49,Successful,Low
CHG433299,APP-REPO-16,Standard,2026-05-08 12:17:00,2026-05-08 14:17:00,Successful,Low
CHG267112,APP-REPO-13,Emergency,2025-12-11 10:54:33,2025-12-11 14:54:33,Successful,High
CHG323717,APP-REPO-10,Normal,2026-07-02 22:06:39,2026-07-03 01:06:39,Successful,Low
CHG656268,APP-REPO-15,Emergency,2026-06-24 09:08:01,2026-06-24 10:08:01,Successful,Medium
CHG567315,APP-REPO-7,Emergency,2026-02-23 01:34:49,2026-02-23 03:34:49,Failed,Low
CHG436526,APP-REPO-12,Standard,2026-04-06 22:34:15,2026-04-07 02:34:15,Successful,Low
CHG396567,APP-REPO-0,Emergency,2026-03-01 03:40:34,2026-03-01 06:40:34,Successful,Low
CHG567200,APP-REPO-15,Standard,2025-12-30 16:44:29,2025-12-30 19:44:29,Successful with issues,High
CHG435872,APP-REPO-16,Standard,2025-11-23 06:06:22,2025-11-23 07:06:22,Successful,Low
CHG659106,APP-REPO-0,Emergency,2026-06-08 17:32:43,2026-06-08 18:32:43,Successful,Low
CHG911159,APP-REPO-6,Emergency,2026-06-20 23:44:49,2026-06-21 03:44:49,Successful with issues,High
CHG663876,APP-REPO-13,Emergency,2025-09-29 02:19:23,2025-09-29 03:19:23,Successful,High
CHG124906,APP-REPO-14,Emergency,2026-09-08 14:50:03,2026-09-08 17:50:03,Successful,High
CHG156904,APP-REPO-5,Normal,2026-07-15 14:08:16,2026-07-15 15:08:16,Successful,High
CHG371212,APP-REPO-13,Normal,2026-08-27 02:31:44,2026-08-27 06:31:44,Successful,Medium
CHG431773,APP-REPO-0,Normal,2026-07-22 23:59:32,2026-07-23 00:59:32,Successful,Low
CHG855274,APP-REPO-19,Standard,2026-09-05 19:46:32,2026-09-05 20:46:32,Successful,High
CHG475075,APP-REPO-16,Standard,2025-11-07 08:06:26,2025-11-07 11:06:26,Successful,Medium
CHG736030,APP-REPO-2,Normal,2026-07-26 06:02:44,2026-07-26 10:02:44,Successful,Low
CHG132316,APP-REPO-15,Standard,2026-03-11 01:17:29,2026-03-11 03:17:29,Successful,Medium
CHG935474,APP-REPO-17,Normal,2025-12-20 22:23:20,2025-12-21 00:23:20,Successful,Low
CHG779414,APP-REPO-11,Standard,2025-12-04 06:01:27,2025-12-04 08:01:27,Successful,High
CHG700538,APP-REPO-19,Normal,2026-08-05 05:29:19,2026-08-05 06:29:19,Successful,Low
CHG877446,APP-REPO-11,Standard,2026-06-24 05:00:34,2026-06-24 09:00:34,Successful with issues,Low
CHG249375,APP-REPO-5,Standard,2026-04-16 02:21:28,2026-04-16 04:21:28,Successful,Medium
CHG303765,APP-REPO-3,Standard,2026-03-26 08:33:37,2026-03-26 09:33:37,Successful with issues,Low
CHG583671,APP-REPO-17,Standard,2025-10-16 10:42:39,2025-10-16 13:42:39,Successful,Medium
CHG202972,APP-REPO-6,Emergency,2026-05-01 10:02:24,2026-05-01 14:02:24,Failed,Medium
CHG234443,APP-REPO-7,Standard,2026-01-01 17:20:16,2026-01-01 20:20:16,Successful,High
CHG433222,APP-REPO-15,Normal,2026-09-18 06:04:55,2026-09-18 09:04:55,Successful,Medium
CHG827143,APP-REPO-18,Standard,2026-08-22 09:42:34,2026-08-22 12:42:34,Successful with issues,Medium
CHG276831,APP-REPO-0,Normal,2025-11-13 01:47:08,2025-11-13 03:47:08,Successful,Low
CHG875753,APP-REPO-13,Normal,2026-03-23 05:10:27,2026-03-23 08:10:27,Successful,Low
CHG447668,APP-REPO-15,Normal,2025-11-17 17:27:07,2025-11-17 21:27:07,Successful,Medium
CHG610626,APP-REPO-17,Standard,2026-08-04 04:23:08,2026-08-04 06:23:08,Successful,High
CHG982683,APP-REPO-8,Standard,2026-03-26 09:25:49,2026-03-26 11:25:49,Successful,Low
CHG180176,APP-REPO-2,Standard,2026-06-13 04:55:01,2026-06-13 05:55:01,Successful with issues,Low
CHG524814,APP-REPO-18,Standard,2026-04-21 05:08:58,2026-04-21 06:08:58,Successful,Low
CHG665892,APP-REPO-15,Emergency,2026-05-02 00:12:10,2026-05-02 02:12:10,Successful,High
CHG909652,APP-REPO-18,Emergency,2026-05-16 04:39:34,2026-05-16 07:39:34,Successful,Low
CHG635205,APP-REPO-2,Normal,2026-01-28 04:04:22,2026-01-28 07:04:22,Successful,Low
CHG350484,APP-REPO-19,Emergency,2026-07-17 06:04:55,2026-07-17 08:04:55,Successful,High
CHG567896,APP-REPO-5,Standard,2026-09-08 03:20:00,2026-09-08 05:20:00,Successful,Medium
CHG476224,APP-REPO-1,Standard,2026-03-17 19:43:29,2026-03-17 23:43:29,Successful,Medium
CHG487380,APP-REPO-7,Standard,2026-05-22 20:58:30,2026-05-22 22:58:30,Successful,Medium
CHG506945,APP-REPO-15,Normal,2026-08-09 11:03:10,2026-08-09 12:03:10,Successful,Low
CHG439813,APP-REPO-3,Emergency,2026-07-03 06:45:39,2026-07-03 09:45:39,Successful with issues,Medium
CHG706739,APP-REPO-17,Emergency,2026-09-08 08:52:24,2026-09-08 10:52:24,Successful,Medium
CHG483041,APP-REPO-18,Emergency,2026-04-10 23:30:54,2026-04-11 00:30:54,Successful,Medium
CHG333726,APP-REPO-16,Normal,2026-03-11 16:09:13,2026-03-11 19:09:13,Successful with issues,Medium
CHG610511,APP-REPO-15,Emergency,2026-08-15 12:06:26,2026-08-15 13:06:26,Successful,High
CHG561267,APP-REPO-5,Standard,2026-09-14 03:08:25,2026-09-14 04:08:25,Successful,Medium
CHG321791,APP-REPO-4,Standard,2026-04-27 17:10:42,2026-04-27 19:10:42,Successful,Low
CHG956639,APP-REPO-3,Emergency,2026-03-19 02:51:27,2026-03-19 04:51:27,Successful,Medium
CHG855242,APP-REPO-3,Normal,2026-09-10 09:13:38,2026-09-10 13:13:38,Successful,Low
CHG269078,APP-REPO-13,Standard,2025-11-27 18:06:03,2025-11-27 20:06:03,Successful,Low
CHG721121,APP-REPO-5,Standard,2026-07-12 18:00:45,2026-07-12 19:00:45,Successful with issues,High
CHG158627,APP-REPO-5,Normal,2026-08-27 12:21:22,2026-08-27 14:21:22,Successful,Medium
CHG728471,APP-REPO-18,Emergency,2026-03-30 06:55:41,2026-03-30 07:55:41,Successful with issues,Low
CHG793889,APP-REPO-9,Standard,2026-03-20 17:35:45,2026-03-20 19:35:45,Successful,Medium
CHG605065,APP-REPO-5,Standard,2026-01-05 14:28:55,2026-01-05 18:28:55,Successful,Low
CHG960307,APP-REPO-5,Emergency,2026-07-15 21:42:33,2026-07-16 00:42:33,Successful,Low
CHG459316,APP-REPO-14,Emergency,2025-12-31 23:04:58,2026-01-01 00:04:58,Successful,Medium
CHG238635,APP-REPO-3,Standard,2026-08-19 02:43:52,2026-08-19 04:43:52,Successful,Low
CHG817611,APP-REPO-13,Standard,2026-06-01 14:04:37,2026-06-01 15:04:37,Successful,Low
CHG728950,APP-REPO-1,Emergency,2026-01-12 15:22:14,2026-01-12 16:22:14,Successful,Low
CHG236659,APP-REPO-19,Emergency,2026-07-21 08:32:33,2026-07-21 09:32:33,Successful with issues,Low
CHG780768,APP-REPO-13,Emergency,2026-07-25 23:05:47,2026-07-26 03:05:47,Successful,High
CHG831531,APP-REPO-16,Normal,2026-04-17 09:30:29,2026-04-17 11:30:29,Successful with issues,Medium
CHG927909,APP-REPO-12,Normal,2026-04-03 03:24:47,2026-04-03 04:24:47,Successful,Medium
CHG600318,APP-REPO-7,Standard,2026-05-28 08:21:37,2026-05-28 11:21:37,Successful,Low
CHG528497,APP-REPO-8,Standard,2025-12-28 20:34:29,2025-12-28 21:34:29,Successful,High
CHG706063,APP-REPO-16,Standard,2026-01-11 14:04:31,2026-01-11 15:04:31,Successful,High
CHG821175,APP-REPO-10,Normal,2026-03-16 18:33:05,2026-03-16 21:33:05,Successful,Medium
CHG783226,APP-REPO-18,Normal,2025-10-27 00:50:19,2025-10-27 03:50:19,Successful with issues,Medium
CHG692099,APP-REPO-11,Emergency,2026-07-01 01:21:42,2026-07-01 04:21:42,Failed,Medium
CHG891645,APP-REPO-6,Normal,2026-01-15 21:49:15,2026-01-16 01:49:15,Successful,Low
CHG681866,APP-REPO-15,Normal,2025-12-27 00:16:48,2025-12-27 03:16:48,Successful,Low
CHG517469,APP-REPO-4,Emergency,2026-01-10 11:12:36,2026-01-10 12:12:36,Successful,Medium
CHG921149,APP-REPO-5,Standard,2026-02-04 08:58:03,2026-02-04 10:58:03,Successful,Medium
CHG939756,APP-REPO-17,Emergency,2026-01-29 02:33:02,2026-01-29 03:33:02,Successful,Low
CHG105547,APP-REPO-2,Standard,2026-09-08 18:15:18,2026-09-08 22:15:18,Successful with issues,Medium
CHG192422,APP-REPO-2,Normal,2026-04-24 17:13:31,2026-04-24 19:13:31,Successful,Low
CHG139589,APP-REPO-12,Normal,2025-10-28 05:40:47,2025-10-28 08:40:47,Successful,Low
CHG160254,APP-REPO-5,Emergency,2025-11-19 16:22:53,2025-11-19 20:22:53,Successful,High
CHG991884,APP-REPO-16,Normal,2025-11-24 12:29:07,2025-11-24 14:29:07,Successful,Low
CHG635348,APP-REPO-16,Emergency,2025-12-25 18:09:17,2025-12-25 20:09:17,Successful,Low
CHG137812,APP-REPO-11,Standard,2026-02-22 16:47:21,2026-02-22 17:47:21,Failed,High
CHG389340,APP-REPO-12,Normal,2026-06-23 10:43:21,2026-06-23 14:43:21,Successful,High
CHG642892,APP-REPO-0,Emergency,2025-11-25 06:53:23,2025-11-25 07:53:23,Successful with issues,Low
CHG398313,APP-REPO-17,Emergency,2026-06-28 06:56:43,2026-06-28 09:56:43,Successful,Medium
CHG337288,APP-REPO-19,Standard,2025-12-19 00:49:37,2025-12-19 04:49:37,Successful with issues,Low
CHG104877,APP-REPO-8,Standard,2025-10-21 21:17:52,2025-10-22 01:17:52,Successful,Low
CHG175902,APP-REPO-16,Normal,2026-03-07 01:29:26,2026-03-07 04:29:26,Successful with issues,Low
CHG370211,APP-REPO-17,Emergency,2026-03-04 05:44:35,2026-03-04 08:44:35,Successful,Medium
CHG690525,APP-REPO-15,Standard,2026-02-02 10:40:47,2026-02-02 13:40:47,Failed,Medium
CHG814703,APP-REPO-14,Emergency,2026-04-25 16:08:38,2026-04-25 17:08:38,Successful,Medium
CHG170835,APP-REPO-12,Emergency,2026-03-26 21:22:15,2026-03-26 23:22:15,Successful,High
CHG939030,APP-REPO-10,Normal,2026-03-07 09:56:18,2026-03-07 12:56:18,Successful,High
CHG834861,APP-REPO-8,Standard,2025-10-21 03:00:00,2025-10-21 06:00:00,Successful,Low
CHG885161,APP-REPO-10,Standard,2025-12-16 06:28:40,2025-12-16 08:28:40,Successful,Medium
CHG329183,APP-REPO-18,Normal,2026-08-16 09:45:00,2026-08-16 11:45:00,Successful with issues,Low
CHG299405,APP-REPO-15,Emergency,2026-03-09 02:39:47,2026-03-09 04:39:47,Successful,High
CHG378297,APP-REPO-6,Standard,2026-02-25 04:49:43,2026-02-25 06:49:43,Successful with issues,Low
CHG473321,APP-REPO-4,Standard,2026-09-13 08:20:51,2026-09-13 09:20:51,Successful with issues,Low
CHG795650,APP-REPO-15,Emergency,2026-07-22 21:39:29,2026-07-22 22:39:29,Successful,Low
CHG144316,APP-REPO-15,Normal,2026-05-11 18:39:22,2026-05-11 21:39:22,Successful,Low
CHG388078,APP-REPO-15,Standard,2026-06-24 01:23:08,2026-06-24 04:23:08,Successful,Low
CHG234475,APP-REPO-1,Emergency,2025-10-04 12:41:33,2025-10-04 16:41:33,Successful,Low
CHG134144,APP-REPO-16,Normal,2026-08-25 15:57:46,2026-08-25 19:57:46,Successful with issues,High
CHG579404,APP-REPO-3,Emergency,2026-09-03 22:57:24,2026-09-04 02:57:24,Successful,High
CHG112394,APP-REPO-6,Normal,2026-07-21 06:30:01,2026-07-21 07:30:01,Successful,Low
CHG372315,APP-REPO-5,Emergency,2026-05-08 12:27:52,2026-05-08 15:27:52,Successful,Medium
CHG742865,APP-REPO-10,Normal,2026-02-21 16:02:59,2026-02-21 18:02:59,Successful,High
CHG539450,APP-REPO-11,Normal,2026-03-31 04:24:54,2026-03-31 08:24:54,Successful,High
CHG699166,APP-REPO-4,Emergency,2025-09-29 05:35:49,2025-09-29 07:35:49,Successful with issues,Low
CHG383062,APP-REPO-7,Emergency,2026-02-10 13:16:16,2026-02-10 17:16:16,Successful with issues,High
CHG252928,APP-REPO-4,Normal,2026-01-20 21:54:47,2026-01-20 22:54:47,Successful,Medium
CHG241003,APP-REPO-16,Emergency,2026-07-16 13:32:19,2026-07-16 16:32:19,Successful,Medium
CHG363165,APP-REPO-17,Emergency,2026-02-25 09:34:50,2026-02-25 10:34:50,Successful,Low
CHG271276,APP-REPO-1,Standard,2026-08-24 09:21:11,2026-08-24 12:21:11,Successful,Low
CHG200979,APP-REPO-14,Emergency,2026-09-08 05:20:35,2026-09-08 08:20:35,Successful,Medium
CHG687569,APP-REPO-17,Normal,2026-08-17 12:11:50,2026-08-17 15:11:50,Successful,High
CHG468145,APP-REPO-19,Standard,2026-03-08 16:12:11,2026-03-08 18:12:11,Failed,Medium
CHG472358,APP-REPO-10,Emergency,2026-04-23 23:13:15,2026-04-24 03:13:15,Successful,Medium
CHG182216,APP-REPO-12,Emergency,2026-07-14 05:59:33,2026-07-14 08:59:33,Successful,High
CHG275715,APP-REPO-10,Normal,2026-07-09 05:55:38,2026-07-09 09:55:38,Successful with issues,High
CHG182954,APP-REPO-5,Normal,2026-04-27 00:57:49,2026-04-27 02:57:49,Successful,Low
CHG405509,APP-REPO-8,Emergency,2026-08-03 13:57:12,2026-08-03 17:57:12,Successful,Medium
CHG918910,APP-REPO-11,Emergency,2026-05-19 05:21:47,2026-05-19 09:21:47,Successful,High
CHG995706,APP-REPO-0,Standard,2026-09-10 14:50:59,2026-09-10 16:50:59,Successful,Low
CHG834733,APP-REPO-2,Standard,2025-12-21 14:12:40,2025-12-21 16:12:40,Successful,High
CHG166891,APP-REPO-15,Emergency,2026-04-04 13:16:12,2026-04-04 14:16:12,Successful,Medium
CHG649435,APP-REPO-2,Standard,2025-12-21 03:47:58,2025-12-21 06:47:58,Successful,High
CHG786641,APP-REPO-12,Normal,2026-01-10 22:34:59,2026-01-11 00:34:59,Successful,Medium
CHG564687,APP-REPO-4,Standard,2026-03-15 04:55:38,2026-03-15 06:55:38,Successful,Low
CHG474175,APP-REPO-10,Normal,2026-04-03 13:09:11,2026-04-03 17:09:11,Failed,Low
CHG385647,APP-REPO-17,Normal,2025-10-08 05:10:21,2025-10-08 07:10:21,Failed,Low
CHG665484,APP-REPO-5,Emergency,2026-02-24 23:03:12,2026-02-25 03:03:12,Successful,Low
CHG691380,APP-REPO-13,Emergency,2026-02-04 11:35:45,2026-02-04 14:35:45,Successful with issues,Medium
CHG665883,APP-REPO-7,Standard,2026-06-13 16:59:44,2026-06-13 20:59:44,Successful,Medium
CHG372427,APP-REPO-4,Normal,2026-06-17 16:42:10,2026-06-17 17:42:10,Successful,High
CHG460589,APP-REPO-9,Normal,2026-08-02 21:52:02,2026-08-02 22:52:02,Successful,Medium
CHG892170,APP-REPO-15,Normal,2026-03-02 23:08:46,2026-03-03 00:08:46,Successful,Medium
CHG726003,APP-REPO-7,Standard,2026-07-05 04:30:04,2026-07-05 07:30:04,Successful,Low
CHG558339,APP-REPO-12,Standard,2025-11-30 00:58:12,2025-11-30 02:58:12,Successful,Low
CHG508654,APP-REPO-12,Standard,2026-08-19 08:43:20,2026-08-19 11:43:20,Successful,Low
CHG351198,APP-REPO-16,Emergency,2026-03-27 11:02:00,2026-03-27 14:02:00,Successful,Low
CHG657783,APP-REPO-8,Normal,2026-09-19 01:23:26,2026-09-19 03:23:26,Successful with issues,High
CHG243260,APP-REPO-9,Standard,2025-11-15 12:13:08,2025-11-15 16:13:08,Successful,Medium
CHG834498,APP-REPO-19,Normal,2026-05-26 14:29:48,2026-05-26 16:29:48,Successful,High
CHG152042,APP-REPO-17,Standard,2026-04-22 09:02:05,2026-04-22 11:02:05,Failed,Medium
CHG382271,APP-REPO-4,Emergency,2025-10-07 09:59:13,2025-10-07 13:59:13,Successful,High
CHG194578,APP-REPO-4,Standard,2026-09-14 03:49:52,2026-09-14 07:49:52,Successful,Medium
CHG426711,APP-REPO-15,Normal,2026-02-26 23:10:35,2026-02-27 03:10:35,Successful,High
CHG446290,APP-REPO-2,Standard,2026-05-14 19:28:55,2026-05-14 20:28:55,Successful,Medium
CHG174852,APP-REPO-17,Normal,2026-05-04 03:09:22,2026-05-04 05:09:22,Successful,Medium
CHG956949,APP-REPO-12,Standard,2026-06-11 10:14:50,2026-06-11 11:14:50,Failed,Low
CHG361055,APP-REPO-12,Normal,2025-10-07 11:15:03,2025-10-07 13:15:03,Successful,High
CHG308855,APP-REPO-14,Emergency,2025-10-29 13:05:19,2025-10-29 14:05:19,Successful,High
CHG595793,APP-REPO-12,Emergency,2026-06-03 13:30:09,2026-06-03 16:30:09,Successful with issues,High
CHG759726,APP-REPO-1,Emergency,2026-03-12 09:36:08,2026-03-12 10:36:08,Successful,Low
CHG413328,APP-REPO-6,Normal,2025-11-18 15:27:09,2025-11-18 16:27:09,Successful with issues,High
CHG218414,APP-REPO-7,Emergency,2026-08-29 14:16:54,2026-08-29 18:16:54,Successful,High
CHG932978,APP-REPO-8,Emergency,2026-03-25 05:58:59,2026-03-25 06:58:59,Successful,High
CHG109363,APP-REPO-1,Emergency,2025-12-06 12:28:44,2025-12-06 16:28:44,Successful,High
CHG489439,APP-REPO-2,Standard,2025-10-16 11:19:42,2025-10-16 13:19:42,Successful,Low
CHG748696,APP-REPO-10,Emergency,2026-01-05 23:28:27,2026-01-06 00:28:27,Successful,Low
CHG261395,APP-REPO-17,Standard,2026-02-21 04:08:44,2026-02-21 06:08:44,Successful,Medium
CHG685472,APP-REPO-11,Normal,2026-02-01 01:47:22,2026-02-01 03:47:22,Successful,Medium
CHG475565,APP-REPO-4,Normal,2025-12-18 03:27:30,2025-12-18 04:27:30,Successful,Medium
CHG686179,APP-REPO-9,Emergency,2026-03-22 12:44:47,2026-03-22 16:44:47,Successful,High
CHG670027,APP-REPO-11,Normal,2026-01-31 21:03:55,2026-02-01 01:03:55,Successful,Low
CHG681456,APP-REPO-5,Standard,2026-02-05 00:22:29,2026-02-05 02:22:29,Successful,Medium
CHG667915,APP-REPO-11,Normal,2026-07-19 13:49:00,2026-07-19 14:49:00,Successful,Low
CHG497455,APP-REPO-5,Standard,2026-09-03 13:28:50,2026-09-03 16:28:50,Successful,High
CHG436272,APP-REPO-2,Emergency,2026-02-21 04:21:14,2026-02-21 08:21:14,Successful,Low
CHG621718,APP-REPO-17,Standard,2026-01-13 00:10:52,2026-01-13 03:10:52,Successful,Low
CHG437666,APP-REPO-3,Standard,2026-07-15 23:52:52,2026-07-16 00:52:52,Successful,High
CHG287316,APP-REPO-1,Standard,2026-08-16 00:44:16,2026-08-16 01:44:16,Successful,High
CHG133362,APP-REPO-18,Emergency,2026-03-09 15:54:38,2026-03-09 19:54:38,Successful,Low
CHG754280,APP-REPO-18,Normal,2026-01-02 21:58:57,2026-01-02 22:58:57,Successful,Low
CHG852715,APP-REPO-2,Standard,2026-08-17 04:34:31,2026-08-17 06:34:31,Successful,High
CHG590795,APP-REPO-1,Normal,2025-10-28 18:03:47,2025-10-28 22:03:47,Successful with issues,Low
CHG161132,APP-REPO-19,Normal,2026-03-28 14:13:08,2026-03-28 15:13:08,Successful,Medium
CHG181721,APP-REPO-6,Emergency,2025-10-04 11:18:25,2025-10-04 12:18:25,Successful,High
CHG657487,APP-REPO-12,Standard,2026-07-14 20:03:13,2026-07-14 22:03:13,Successful,High
CHG697717,APP-REPO-5,Emergency,2026-04-24 10:23:29,2026-04-24 14:23:29,Successful,Low
CHG704570,APP-REPO-11,Emergency,2025-10-17 04:06:52,2025-10-17 08:06:52,Successful,Medium
CHG209159,APP-REPO-5,Standard,2026-02-09 20:30:30,2026-02-10 00:30:30,Successful,Low
CHG265860,APP-REPO-17,Emergency,2025-12-23 00:32:37,2025-12-23 04:32:37,Successful with issues,Medium
CHG676802,APP-REPO-10,Normal,2026-06-06 10:25:25,2026-06-06 14:25:25,Successful,Medium
CHG966286,APP-REPO-10,Emergency,2025-10-23 14:12:40,2025-10-23 16:12:40,Successful,High
CHG493282,APP-REPO-17,Emergency,2026-07-27 08:15:41,2026-07-27 11:15:41,Successful,Medium
CHG569237,APP-REPO-12,Standard,2026-06-07 01:26:07,2026-06-07 02:26:07,Failed,Low
CHG117094,APP-REPO-16,Standard,2025-10-12 13:52:28,2025-10-12 16:52:28,Successful,High
CHG325258,APP-REPO-10,Standard,2026-07-16 20:36:16,2026-07-16 23:36:16,Successful with issues,Low
CHG683347,APP-REPO-18,Emergency,2025-10-08 23:51:43,2025-10-09 01:51:43,Successful,Medium
CHG472932,APP-REPO-4,Standard,2025-12-31 23:29:20,2026-01-01 02:29:20,Successful,Low
CHG361993,APP-REPO-7,Normal,2025-12-13 08:49:04,2025-12-13 11:49:04,Successful,Medium
CHG696707,APP-REPO-6,Emergency,2026-08-18 20:49:17,2026-08-18 21:49:17,Successful,Medium
CHG281301,APP-REPO-15,Emergency,2025-10-04 20:35:49,2025-10-04 21:35:49,Successful,Medium
CHG139186,APP-REPO-18,Normal,2026-05-26 05:54:35,2026-05-26 06:54:35,Successful,Medium
CHG464831,APP-REPO-13,Normal,2025-11-25 02:56:53,2025-11-25 03:56:53,Successful with issues,High
CHG883997,APP-REPO-19,Standard,2025-12-28 14:02:30,2025-12-28 18:02:30,Successful,Low
CHG143182,APP-REPO-10,Emergency,2025-11-14 23:06:23,2025-11-15 01:06:23,Successful,Low
CHG331522,APP-REPO-4,Standard,2026-03-29 20:33:02,2026-03-30 00:33:02,Failed,Low
CHG703198,APP-REPO-16,Standard,2026-06-13 22:27:01,2026-06-14 00:27:01,Successful,Medium
CHG255202,APP-REPO-4,Normal,2025-11-10 08:49:42,2025-11-10 09:49:42,Successful,Low
CHG151706,APP-REPO-17,Normal,2026-05-03 23:13:08,2026-05-04 02:13:08,Successful,Low
CHG555596,APP-REPO-4,Standard,2025-12-20 14:13:06,2025-12-20 18:13:06,Successful,Medium
CHG514521,APP-REPO-18,Standard,2026-03-26 13:04:21,2026-03-26 15:04:21,Successful,Medium
CHG914504,APP-REPO-13,Normal,2026-06-25 14:07:39,2026-06-25 15:07:39,Successful,Medium
CHG544114,APP-REPO-11,Normal,2026-01-04 11:00:21,2026-01-04 13:00:21,Successful,Low
CHG787247,APP-REPO-0,Normal,2026-07-21 18:39:00,2026-07-21 20:39:00,Failed,Low
CHG961493,APP-REPO-14,Emergency,2026-02-17 04:59:38,2026-02-17 06:59:38,Successful,High
CHG309385,APP-REPO-11,Standard,2025-12-01 02:32:59,2025-12-01 03:32:59,Successful,High
CHG354854,APP-REPO-19,Standard,2026-05-20 05:58:15,2026-05-20 08:58:15,Successful,Low
CHG943349,APP-REPO-3,Normal,2026-05-20 18:35:54,2026-05-20 22:35:54,Successful,Medium
CHG319162,APP-REPO-17,Standard,2026-07-14 09:48:50,2026-07-14 11:48:50,Successful,Medium
CHG675458,APP-REPO-15,Emergency,2026-07-02 22:12:58,2026-07-03 00:12:58,Successful,Low
CHG119281,APP-REPO-12,Emergency,2025-11-10 10:09:55,2025-11-10 11:09:55,Successful,High
CHG397809,APP-REPO-6,Emergency,2026-07-26 00:11:14,2026-07-26 03:11:14,Successful,Low
CHG108739,APP-REPO-2,Normal,2026-08-11 03:04:55,2026-08-11 06:04:55,Successful,Low
CHG477717,APP-REPO-3,Standard,2025-11-29 13:02:58,2025-11-29 16:02:58,Successful with issues,Low
CHG505298,APP-REPO-7,Normal,2026-01-25 17:44:04,2026-01-25 18:44:04,Successful with issues,Medium
CHG726111,APP-REPO-17,Standard,2025-11-07 22:11:42,2025-11-08 00:11:42,Successful,Medium
CHG687923,APP-REPO-0,Standard,2026-05-09 16:22:27,2026-05-09 18:22:27,Successful with issues,Medium
CHG449773,APP-REPO-15,Normal,2025-10-06 21:58:54,2025-10-06 23:58:54,Successful,Low
CHG469007,APP-REPO-11,Emergency,2026-01-26 02:17:38,2026-01-26 05:17:38,Successful,Low
CHG389279,APP-REPO-1,Emergency,2026-05-08 13:27:22,2026-05-08 16:27:22,Successful with issues,High
CHG681896,APP-REPO-8,Standard,2026-06-16 23:58:33,2026-06-17 01:58:33,Successful,Medium
CHG788842,APP-REPO-4,Standard,2026-09-14 14:03:31,2026-09-14 18:03:31,Successful,Low
CHG742198,APP-REPO-7,Normal,2026-02-19 16:45:21,2026-02-19 18:45:21,Successful,Medium
CHG427557,APP-REPO-19,Normal,2026-02-27 23:43:44,2026-02-28 03:43:44,Successful,High
CHG784167,APP-REPO-4,Emergency,2026-07-01 15:03:42,2026-07-01 17:03:42,Successful with issues,Medium
CHG821978,APP-REPO-16,Standard,2025-12-12 23:12:33,2025-12-13 03:12:33,Failed,High
CHG788108,APP-REPO-18,Standard,2025-10-26 10:58:48,2025-10-26 13:58:48,Successful,Low
CHG854388,APP-REPO-3,Standard,2026-05-14 21:23:37,2026-05-15 00:23:37,Successful with issues,High
CHG862398,APP-REPO-0,Normal,2026-06-22 03:38:04,2026-06-22 07:38:04,Failed,Medium
CHG564523,APP-REPO-8,Standard,2026-08-15 12:07:49,2026-08-15 14:07:49,Successful,High
CHG127470,APP-REPO-19,Emergency,2026-05-28 12:57:52,2026-05-28 15:57:52,Successful,Low
CHG342128,APP-REPO-19,Standard,2025-12-30 06:09:43,2025-12-30 08:09:43,Successful,Medium
CHG183336,APP-REPO-15,Standard,2025-11-05 12:25:50,2025-11-05 16:25:50,Successful,Medium
CHG292913,APP-REPO-12,Normal,2026-06-24 16:57:05,2026-06-24 20:57:05,Successful,High
CHG337264,APP-REPO-1,Normal,2026-07-23 22:41:07,2026-07-23 23:41:07,Successful with issues,Medium
CHG333365,APP-REPO-6,Standard,2026-01-22 01:35:45,2026-01-22 02:35:45,Successful,Medium
CHG747033,APP-REPO-15,Emergency,2026-08-23 03:56:56,2026-08-23 06:56:56,Successful with issues,High
CHG548324,APP-REPO-12,Standard,2026-06-19 16:23:53,2026-06-19 20:23:53,Successful,Medium
CHG741209,APP-REPO-18,Emergency,2026-05-18 02:53:00,2026-05-18 03:53:00,Successful,Medium
CHG579094,APP-REPO-1,Standard,2026-08-05 18:42:23,2026-08-05 22:42:23,Failed,High
CHG684791,APP-REPO-12,Emergency,2025-11-12 22:57:23,2025-11-12 23:57:23,Successful,Medium
CHG517375,APP-REPO-9,Normal,2026-08-02 04:01:01,2026-08-02 08:01:01,Successful,Medium
CHG742917,APP-REPO-1,Emergency,2026-05-04 17:30:55,2026-05-04 19:30:55,Successful,Low
CHG573639,APP-REPO-2,Emergency,2026-07-27 21:19:54,2026-07-27 22:19:54,Successful,Low
CHG829928,APP-REPO-17,Standard,2025-10-12 21:26:01,2025-10-13 01:26:01,Successful,Medium
CHG126122,APP-REPO-5,Normal,2026-02-08 18:48:55,2026-02-08 20:48:55,Successful with issues,High
CHG362230,APP-REPO-10,Emergency,2026-04-21 20:11:14,2026-04-21 22:11:14,Successful,High
CHG195620,APP-REPO-3,Emergency,2026-03-12 07:24:50,2026-03-12 11:24:50,Successful,High
CHG649262,APP-REPO-12,Emergency,2026-06-10 20:28:02,2026-06-10 22:28:02,Successful,Medium
CHG146038,APP-REPO-5,Normal,2026-02-17 20:36:45,2026-02-17 22:36:45,Successful,High
CHG287555,APP-REPO-1,Normal,2025-10-23 17:21:54,2025-10-23 20:21:54,Successful,Medium
CHG402808,APP-REPO-5,Standard,2026-04-11 10:32:16,2026-04-11 12:32:16,Failed,High
CHG752801,APP-REPO-8,Standard,2026-06-05 10:10:56,2026-06-05 14:10:56,Successful,Medium
CHG669902,APP-REPO-0,Emergency,2026-02-06 11:08:48,2026-02-06 15:08:48,Successful,Low
CHG791505,APP-REPO-15,Normal,2025-10-01 20:34:05,2025-10-02 00:34:05,Successful,Low
CHG729252,APP-REPO-0,Standard,2026-08-22 21:15:37,2026-08-23 00:15:37,Successful,Low
CHG959959,APP-REPO-6,Standard,2026-03-09 01:52:22,2026-03-09 03:52:22,Successful,Low
CHG465973,APP-REPO-1,Standard,2026-08-12 07:19:16,2026-08-12 08:19:16,Successful,Low
CHG412938,APP-REPO-10,Standard,2026-04-05 07:39:09,2026-04-05 08:39:09,Successful,High
CHG269172,APP-REPO-9,Emergency,2025-11-06 22:20:06,2025-11-07 00:20:06,Failed,Low
CHG707090,APP-REPO-11,Standard,2026-03-14 07:22:21,2026-03-14 08:22:21,Successful,Medium
CHG486473,APP-REPO-12,Standard,2026-02-14 14:28:43,2026-02-14 18:28:43,Successful with issues,High
CHG407057,APP-REPO-15,Standard,2026-05-31 18:43:27,2026-05-31 19:43:27,Successful,Medium
CHG445200,APP-REPO-16,Normal,2026-09-08 04:43:23,2026-09-08 06:43:23,Successful,Low
CHG161010,APP-REPO-3,Emergency,2026-08-14 18:45:13,2026-08-14 19:45:13,Successful,Low
CHG734155,APP-REPO-9,Normal,2026-03-24 11:43:22,2026-03-24 14:43:22,Successful,Low
CHG753518,APP-REPO-11,Standard,2026-06-28 15:14:09,2026-06-28 19:14:09,Successful,Low
CHG621919,APP-REPO-15,Standard,2025-11-25 08:37:21,2025-11-25 10:37:21,Successful,High
CHG101657,APP-REPO-3,Standard,2026-03-15 01:40:33,2026-03-15 05:40:33,Successful,High
CHG873291,APP-REPO-6,Emergency,2025-12-04 08:21:25,2025-12-04 12:21:25,Successful,Medium
CHG466634,APP-REPO-17,Emergency,2026-07-08 22:06:34,2026-07-09 00:06:34,Successful,High
CHG823535,APP-REPO-9,Normal,2026-04-17 13:40:25,2026-04-17 14:40:25,Successful,Low
CHG676710,APP-REPO-10,Standard,2026-06-06 13:20:39,2026-06-06 14:20:39,Successful,Medium
CHG515287,APP-REPO-18,Emergency,2026-01-09 19:59:31,2026-01-09 20:59:31,Successful with issues,High
CHG446569,APP-REPO-10,Emergency,2026-05-24 03:21:39,2026-05-24 07:21:39,Successful with issues,High
CHG777015,APP-REPO-4,Normal,2026-08-06 19:36:15,2026-08-06 21:36:15,Successful,Low
CHG451387,APP-REPO-14,Normal,2026-09-19 02:05:58,2026-09-19 03:05:58,Successful with issues,Medium
CHG692385,APP-REPO-10,Emergency,2026-04-23 22:46:36,2026-04-23 23:46:36,Successful,Low
CHG447832,APP-REPO-11,Standard,2026-07-24 18:49:23,2026-07-24 20:49:23,Successful,High
CHG455627,APP-REPO-12,Emergency,2026-04-02 17:09:54,2026-04-02 19:09:54,Successful,Medium
CHG296481,APP-REPO-19,Standard,2026-03-26 11:34:45,2026-03-26 14:34:45,Successful,Medium
CHG844321,APP-REPO-1,Normal,2026-03-15 02:29:24,2026-03-15 06:29:24,Successful,High
CHG489633,APP-REPO-14,Normal,2026-08-13 15:02:45,2026-08-13 17:02:45,Successful,High
CHG217683,APP-REPO-11,Standard,2026-07-07 20:17:59,2026-07-07 22:17:59,Successful with issues,Medium
CHG630573,APP-REPO-0,Normal,2026-05-15 00:54:19,2026-05-15 02:54:19,Successful,Medium
CHG868020,APP-REPO-16,Normal,2026-01-09 04:16:09,2026-01-09 07:16:09,Successful,High
CHG962074,APP-REPO-16,Emergency,2026-01-30 02:44:17,2026-01-30 04:44:17,Successful,High
CHG581682,APP-REPO-12,Emergency,2026-08-23 17:11:01,2026-08-23 18:11:01,Successful,High
CHG820426,APP-REPO-19,Standard,2025-12-31 06:49:20,2025-12-31 09:49:20,Successful,High
CHG208111,APP-REPO-16,Emergency,2026-08-15 13:36:57,2026-08-15 16:36:57,Successful,Medium
CHG769883,APP-REPO-6,Normal,2025-10-30 14:23:54,2025-10-30 16:23:54,Successful,Medium
CHG658131,APP-REPO-10,Normal,2026-01-13 06:26:28,2026-01-13 07:26:28,Successful,High
CHG386929,APP-REPO-3,Standard,2026-09-04 08:02:23,2026-09-04 09:02:23,Successful,Medium
CHG676051,APP-REPO-10,Normal,2026-03-21 00:25:15,2026-03-21 02:25:15,Successful with issues,Medium
CHG701969,APP-REPO-7,Standard,2025-12-30 15:36:49,2025-12-30 16:36:49,Successful,Medium
CHG666836,APP-REPO-14,Standard,2026-07-15 09:35:15,2026-07-15 11:35:15,Successful,Low
CHG152906,APP-REPO-3,Normal,2026-03-26 10:02:18,2026-03-26 11:02:18,Successful,Medium
CHG287677,APP-REPO-19,Emergency,2026-05-06 06:01:31,2026-05-06 10:01:31,Successful,Medium
CHG448475,APP-REPO-6,Emergency,2026-05-21 23:20:43,2026-05-22 00:20:43,Failed,Medium
CHG695370,APP-REPO-4,Standard,2026-06-13 10:36:34,2026-06-13 14:36:34,Successful,Medium
CHG817727,APP-REPO-14,Normal,2026-02-21 03:04:40,2026-02-21 05:04:40,Successful with issues,High
CHG746910,APP-REPO-8,Normal,2026-02-04 14:05:07,2026-02-04 18:05:07,Successful,Low
CHG446373,APP-REPO-10,Normal,2025-10-08 02:08:42,2025-10-08 06:08:42,Successful,Medium
CHG218370,APP-REPO-11,Normal,2026-04-06 21:54:43,2026-04-07 01:54:43,Successful with issues,Medium
CHG905245,APP-REPO-11,Emergency,2026-08-23 10:05:49,2026-08-23 12:05:49,Successful,Medium
CHG957266,APP-REPO-3,Normal,2026-01-31 03:59:35,2026-01-31 04:59:35,Successful,Low
CHG583367,APP-REPO-12,Emergency,2025-12-06 13:30:43,2025-12-06 17:30:43,Successful,High
CHG674566,APP-REPO-5,Normal,2026-04-04 06:56:11,2026-04-04 10:56:11,Successful,High
CHG953452,APP-REPO-18,Normal,2025-12-18 07:44:31,2025-12-18 11:44:31,Successful,Medium
CHG670977,APP-REPO-7,Standard,2026-02-11 17:51:00,2026-02-11 18:51:00,Successful,Low
CHG702080,APP-REPO-15,Standard,2026-08-02 18:58:41,2026-08-02 22:58:41,Successful,High
CHG961953,APP-REPO-14,Standard,2026-01-05 06:39:38,2026-01-05 09:39:38,Failed,High
CHG727320,APP-REPO-3,Emergency,2026-02-06 02:49:46,2026-02-06 06:49:46,Successful,Low
CHG792232,APP-REPO-1,Standard,2026-01-13 13:14:51,2026-01-13 15:14:51,Successful with issues,Low
CHG891662,APP-REPO-0,Standard,2026-09-03 19:49:06,2026-09-03 21:49:06,Successful,Medium
CHG508926,APP-REPO-19,Emergency,2026-05-16 11:12:32,2026-05-16 15:12:32,Successful,Low
CHG431976,APP-REPO-9,Emergency,2026-06-26 06:08:52,2026-06-26 09:08:52,Successful with issues,Medium
CHG852658,APP-REPO-11,Standard,2026-09-03 17:50:12,2026-09-03 18:50:12,Successful,Low
CHG523831,APP-REPO-4,Normal,2026-01-12 05:39:05,2026-01-12 06:39:05,Successful,Low
CHG155708,APP-REPO-0,Emergency,2026-04-30 18:59:22,2026-04-30 21:59:22,Successful,Medium
CHG132699,APP-REPO-7,Normal,2025-09-30 21:15:24,2025-10-01 01:15:24,Successful,Low
CHG501384,APP-REPO-12,Normal,2026-04-15 13:57:23,2026-04-15 17:57:23,Successful,Low
CHG281833,APP-REPO-15,Standard,2025-12-10 03:24:59,2025-12-10 05:24:59,Successful,Medium
CHG980764,APP-REPO-13,Standard,2025-10-30 04:36:44,2025-10-30 07:36:44,Failed,Low
CHG231647,APP-REPO-4,Standard,2025-12-29 16:14:35,2025-12-29 17:14:35,Successful,High
CHG856379,APP-REPO-15,Emergency,2026-07-03 14:13:26,2026-07-03 18:13:26,Failed,High
CHG188776,APP-REPO-4,Emergency,2026-03-03 18:49:34,2026-03-03 22:49:34,Successful with issues,Low
CHG733790,APP-REPO-13,Emergency,2026-04-04 16:31:02,2026-04-04 18:31:02,Successful,Medium
CHG678866,APP-REPO-14,Normal,2026-04-30 13:15:32,2026-04-30 16:15:32,Successful,Medium
CHG733941,APP-REPO-0,Emergency,2026-07-18 09:14:54,2026-07-18 13:14:54,Successful with issues,High
CHG846722,APP-REPO-16,Normal,2025-12-29 06:37:23,2025-12-29 10:37:23,Successful with issues,Low
CHG484795,APP-REPO-1,Standard,2026-06-22 03:35:14,2026-06-22 07:35:14,Successful,High
CHG708455,APP-REPO-15,Emergency,2026-03-30 20:09:03,2026-03-30 21:09:03,Successful,Low
CHG651978,APP-REPO-8,Normal,2026-06-04 18:53:34,2026-06-04 19:53:34,Successful,Low
CHG192742,APP-REPO-7,Normal,2026-06-30 09:29:37,2026-06-30 10:29:37,Successful,Low
CHG936866,APP-REPO-18,Normal,2026-04-05 13:25:41,2026-04-05 14:25:41,Successful with issues,Low
CHG916344,APP-REPO-0,Normal,2026-03-19 23:55:52,2026-03-20 03:55:52,Successful,Medium
CHG701846,APP-REPO-10,Normal,2026-07-31 21:18:42,2026-08-01 00:18:42,Failed,Medium
CHG403257,APP-REPO-5,Standard,2025-10-03 15:21:37,2025-10-03 18:21:37,Successful,Low
CHG373094,APP-REPO-1,Emergency,2025-11-02 01:57:42,2025-11-02 05:57:42,Successful,Low
CHG154127,APP-REPO-9,Emergency,2026-01-19 05:06:57,2026-01-19 06:06:57,Successful,High
CHG232981,APP-REPO-16,Standard,2025-12-22 00:04:11,2025-12-22 03:04:11,Successful,Low
CHG394620,APP-REPO-8,Normal,2026-03-02 23:56:00,2026-03-03 00:56:00,Successful,Low
CHG283095,APP-REPO-18,Emergency,2026-06-22 14:33:55,2026-06-22 16:33:55,Successful,Medium
CHG947082,APP-REPO-5,Normal,2025-12-30 10:24:36,2025-12-30 12:24:36,Successful,Low
CHG134697,APP-REPO-10,Standard,2026-01-23 20:41:19,2026-01-23 22:41:19,Successful,High
CHG978302,APP-REPO-15,Normal,2026-06-11 19:11:51,2026-06-11 23:11:51,Successful,Medium
CHG861265,APP-REPO-5,Standard,2026-05-10 19:07:57,2026-05-10 22:07:57,Successful,Medium
CHG892182,APP-REPO-3,Standard,2026-02-17 06:09:41,2026-02-17 08:09:41,Successful,Medium
CHG416006,APP-REPO-15,Emergency,2026-03-29 17:44:56,2026-03-29 19:44:56,Successful,Low
CHG509018,APP-REPO-15,Normal,2026-04-29 21:23:00,2026-04-29 23:23:00,Successful,Medium
CHG112439,APP-REPO-9,Normal,2026-04-21 03:11:33,2026-04-21 07:11:33,Successful,Low
CHG816047,APP-REPO-1,Standard,2026-02-07 10:41:34,2026-02-07 13:41:34,Failed,Medium
CHG740140,APP-REPO-8,Normal,2026-03-11 04:37:28,2026-03-11 07:37:28,Successful,High
CHG367747,APP-REPO-18,Normal,2026-07-13 15:15:49,2026-07-13 19:15:49,Successful,Low
CHG353542,APP-REPO-18,Standard,2026-04-28 16:38:02,2026-04-28 19:38:02,Successful,High
CHG428487,APP-REPO-17,Standard,2026-02-02 09:50:24,2026-02-02 10:50:24,Successful with issues,High
CHG531225,APP-REPO-3,Emergency,2026-02-10 13:45:12,2026-02-10 14:45:12,Successful,Medium
CHG330074,APP-REPO-9,Normal,2026-06-26 21:43:28,2026-06-26 23:43:28,Successful,Low
CHG196407,APP-REPO-1,Emergency,2026-03-22 03:51:14,2026-03-22 05:51:14,Failed,Low
CHG227706,APP-REPO-3,Standard,2026-01-10 03:45:56,2026-01-10 05:45:56,Successful,Low
CHG693566,APP-REPO-5,Standard,2026-01-24 00:34:30,2026-01-24 02:34:30,Successful,Medium
CHG792561,APP-REPO-2,Emergency,2026-01-02 13:53:37,2026-01-02 17:53:37,Successful with issues,Medium
CHG906731,APP-REPO-13,Emergency,2025-12-25 11:24:43,2025-12-25 14:24:43,Successful,High
CHG390756,APP-REPO-1,Normal,2025-11-12 19:14:09,2025-11-12 23:14:09,Successful,High
CHG370782,APP-REPO-8,Standard,2026-07-04 01:29:56,2026-07-04 05:29:56,Successful,High
CHG739947,APP-REPO-12,Standard,2025-12-10 17:39:26,2025-12-10 21:39:26,Successful,Low
CHG906048,APP-REPO-13,Standard,2026-01-27 11:45:42,2026-01-27 12:45:42,Successful with issues,Low
CHG371577,APP-REPO-3,Standard,2025-11-12 08:58:21,2025-11-12 09:58:21,Successful,Low
CHG362769,APP-REPO-14,Standard,2026-07-12 10:47:42,2026-07-12 14:47:42,Successful,Low
CHG100909,APP-REPO-1,Emergency,2026-04-23 01:15:20,2026-04-23 05:15:20,Successful,Low
CHG445852,APP-REPO-12,Emergency,2026-07-19 22:45:49,2026-07-19 23:45:49,Successful,Medium
CHG601365,APP-REPO-13,Normal,2026-06-21 23:25:56,2026-06-22 00:25:56,Successful,High
CHG503097,APP-REPO-15,Standard,2025-12-07 20:21:47,2025-12-07 23:21:47,Successful,Medium
CHG520075,APP-REPO-1,Emergency,2025-12-10 07:55:58,2025-12-10 08:55:58,Successful,Medium
CHG184365,APP-REPO-14,Normal,2025-12-19 23:29:33,2025-12-20 01:29:33,Successful,High
CHG502824,APP-REPO-6,Normal,2026-07-10 18:56:09,2026-07-10 22:56:09,Successful with issues,Low
CHG822303,APP-REPO-11,Normal,2026-04-02 23:41:58,2026-04-03 00:41:58,Successful with issues,Medium
CHG871043,APP-REPO-6,Standard,2026-01-12 07:48:17,2026-01-12 08:48:17,Successful,Low
CHG721748,APP-REPO-7,Normal,2026-07-05 08:15:48,2026-07-05 12:15:48,Successful,Low
CHG774661,APP-REPO-9,Normal,2026-05-13 21:59:23,2026-05-14 01:59:23,Failed,High
CHG138842,APP-REPO-10,Standard,2026-07-19 04:17:34,2026-07-19 07:17:34,Successful,High
CHG525205,APP-REPO-3,Standard,2026-04-18 16:36:42,2026-04-18 20:36:42,Successful with issues,Low
CHG256189,APP-REPO-18,Standard,2026-05-16 17:08:04,2026-05-16 18:08:04,Successful,High
CHG612643,APP-REPO-0,Normal,2026-01-14 20:22:50,2026-01-14 21:22:50,Successful,Low
CHG236878,APP-REPO-0,Standard,2025-11-04 23:36:46,2025-11-05 00:36:46,Successful with issues,High
CHG578344,APP-REPO-19,Standard,2026-08-16 07:18:01,2026-08-16 08:18:01,Successful with issues,High
CHG219726,APP-REPO-15,Emergency,2025-12-11 07:56:55,2025-12-11 09:56:55,Successful,High
CHG546915,APP-REPO-10,Emergency,2026-01-19 23:51:31,2026-01-20 03:51:31,Successful,Low
CHG703945,APP-REPO-17,Standard,2025-12-24 06:56:18,2025-12-24 09:56:18,Successful with issues,High
CHG901351,APP-REPO-1,Emergency,2026-02-14 02:17:49,2026-02-14 04:17:49,Successful,High
CHG387198,APP-REPO-4,Normal,2025-12-05 15:09:29,2025-12-05 17:09:29,Successful,Low
CHG273021,APP-REPO-14,Standard,2026-01-22 07:58:47,2026-01-22 08:58:47,Successful,Low
CHG742191,APP-REPO-12,Standard,2025-10-02 10:30:50,2025-10-02 11:30:50,Successful with issues,High
CHG106658,APP-REPO-0,Standard,2026-06-28 21:51:08,2026-06-28 22:51:08,Successful,Low
CHG397514,APP-REPO-13,Emergency,2026-04-22 09:08:29,2026-04-22 13:08:29,Successful,High
CHG250038,APP-REPO-8,Emergency,2025-11-15 02:28:49,2025-11-15 06:28:49,Successful,High
CHG740195,APP-REPO-1,Emergency,2026-01-11 11:24:30,2026-01-11 13:24:30,Successful,Low
CHG192296,APP-REPO-9,Normal,2025-10-14 14:52:43,2025-10-14 18:52:43,Successful,High
CHG301224,APP-REPO-3,Emergency,2025-10-18 02:51:39,2025-10-18 03:51:39,Successful,Low
CHG632195,APP-REPO-7,Normal,2026-04-29 20:19:15,2026-04-29 22:19:15,Successful,High
CHG218152,APP-REPO-4,Emergency,2026-01-18 09:33:09,2026-01-18 13:33:09,Successful,High
CHG802695,APP-REPO-1,Standard,2026-06-24 19:02:34,2026-06-24 22:02:34,Successful,Medium
CHG363592,APP-REPO-10,Emergency,2025-11-14 23:39:06,2025-11-15 03:39:06,Successful,Low
CHG155004,APP-REPO-17,Standard,2026-06-01 16:01:03,2026-06-01 18:01:03,Successful,Medium
CHG639915,APP-REPO-3,Standard,2026-08-30 05:17:12,2026-08-30 07:17:12,Successful,Low
CHG707924,APP-REPO-10,Normal,2026-07-16 07:10:23,2026-07-16 09:10:23,Successful,Medium
CHG341238,APP-REPO-3,Normal,2026-04-05 13:57:45,2026-04-05 15:57:45,Successful,Low
CHG532637,APP-REPO-6,Normal,2025-11-05 18:49:40,2025-11-05 20:49:40,Successful,Low
