incident_id,application_id,opened_timestamp,resolved_timestamp,severity,category,status
INC607938,APP-REPO-1,2026-08-31 20:58:45,2026-09-02 00:58:45,2 - High,Hardware,Resolved
INC739037,APP-REPO-14,2025-10-01 16:57:48,2025-10-02 04:57:48,4 - Low,Network,Resolved
INC243030,APP-REPO-14,2026-05-07 21:18:28,2026-05-09 20:18:28,2 - High,Network,Resolved
INC382795,APP-REPO-6,2026-01-15 08:52:34,2026-01-16 06:52:34,2 - High,Software,Resolved
INC825835,APP-REPO-18,2026-03-28 05:44:17,2026-03-28 09:44:17,3 - Moderate,Hardware,Resolved
INC216506,APP-REPO-14,2026-03-31 20:34:53,2026-04-02 02:34:53,4 - Low,Hardware,Resolved
INC897273,APP-REPO-10,2026-03-17 00:06:30,2026-03-17 15:06:30,3 - Moderate,Hardware,Resolved
INC927899,APP-REPO-19,2026-02-06 06:15:04,2026-02-06 17:15:04,2 - High,Software,Resolved
INC531694,APP-REPO-16,2025-12-07 13:02:08,2025-12-08 21:02:08,2 - High,Database,Resolved
INC977646,APP-REPO-14,2025-10-16 21:30:26,2025-10-17 15:30:26,1 - Critical,Database,Resolved
INC871939,APP-REPO-7,2026-01-02 23:54:38,2026-01-03 15:54:38,3 - Moderate,Database,Resolved
INC707615,APP-REPO-7,2026-08-27 14:28:54,2026-08-29 04:28:54,2 - High,Software,Resolved
INC538065,APP-REPO-1,2026-03-31 11:24:01,2026-03-31 14:24:01,4 - Low,Software,Resolved
INC546376,APP-REPO-16,2025-11-10 06:00:39,2025-11-11 08:00:39,4 - Low,Software,Resolved
INC574419,APP-REPO-15,2026-08-12 05:18:53,2026-08-12 21:18:53,1 - Critical,Software,Resolved
INC826830,APP-REPO-13,2025-10-22 07:41:11,2025-10-22 21:41:11,2 - High,Network,Resolved
INC410158,APP-REPO-7,2026-03-01 13:30:20,2026-03-03 07:30:20,1 - Critical,Software,Resolved
INC603088,APP-REPO-9,2026-04-05 22:03:06,2026-04-06 09:03:06,4 - Low,Software,Resolved
INC576935,APP-REPO-14,2025-10-25 17:08:15,2025-10-26 02:08:15,4 - Low,Hardware,Resolved
INC928226,APP-REPO-11,2026-05-09 00:52:07,2026-05-10 17:52:07,4 - Low,Software,Resolved
INC757776,APP-REPO-2,2026-05-29 09:30:03,2026-05-30 10:30:03,3 - Moderate,Software,Resolved
INC410997,APP-REPO-13,2026-06-20 12:49:44,2026-06-21 06:49:44,2 - High,Software,Resolved
INC750594,APP-REPO-10,2025-10-17 18:18:52,2025-10-19 18:18:52,1 - Critical,Network,Resolved
INC154067,APP-REPO-3,2025-11-24 20:50:23,2025-11-25 21:50:23,3 - Moderate,Database,Resolved
INC749208,APP-REPO-1,2025-11-23 21:15:50,2025-11-24 21:15:50,3 - Moderate,Hardware,Resolved
INC779658,APP-REPO-17,2026-08-07 23:02:01,2026-08-09 21:02:01,1 - Critical,Hardware,Resolved
INC245129,APP-REPO-10,2026-05-03 12:41:12,2026-05-04 04:41:12,1 - Critical,Database,Resolved
INC873199,APP-REPO-18,2026-01-22 22:35:38,2026-01-24 19:35:38,2 - High,Hardware,Resolved
INC436030,APP-REPO-11,2025-10-30 00:35:06,2025-10-30 18:35:06,4 - Low,Network,Resolved
INC157105,APP-REPO-2,2026-01-01 07:56:56,2026-01-02 07:56:56,3 - Moderate,Database,Resolved
INC609845,APP-REPO-16,2025-11-11 22:41:24,2025-11-13 08:41:24,1 - Critical,Database,Resolved
INC844305,APP-REPO-17,2026-05-01 16:15:33,2026-05-03 12:15:33,3 - Moderate,Database,Resolved
INC751114,APP-REPO-11,2026-07-20 19:46:15,2026-07-22 15:46:15,1 - Critical,Hardware,Resolved
INC580115,APP-REPO-2,2026-03-07 13:39:52,2026-03-07 19:39:52,4 - Low,Hardware,Resolved
INC402380,APP-REPO-2,2026-05-20 09:55:54,2026-05-20 16:55:54,2 - High,Network,Resolved
INC217466,APP-REPO-4,2026-05-16 10:56:47,2026-05-17 18:56:47,2 - High,Hardware,Resolved
INC645980,APP-REPO-0,2026-07-31 00:52:49,2026-07-31 19:52:49,4 - Low,Hardware,Resolved
INC596925,APP-REPO-11,2026-05-25 02:43:06,2026-05-26 05:43:06,4 - Low,Software,Resolved
INC405677,APP-REPO-6,2025-12-23 14:11:53,2025-12-23 19:11:53,1 - Critical,Hardware,Resolved
INC975505,APP-REPO-16,2026-07-25 04:37:46,2026-07-26 22:37:46,3 - Moderate,Database,Resolved
INC706815,APP-REPO-10,2026-04-17 21:22:14,2026-04-19 15:22:14,3 - Moderate,Database,Resolved
INC722180,APP-REPO-16,2026-02-21 16:01:18,2026-02-23 04:01:18,4 - Low,Database,Resolved
INC418853,APP-REPO-18,2026-03-20 21:44:26,2026-03-21 06:44:26,3 - Moderate,Hardware,Resolved
INC927607,APP-REPO-8,2026-09-14 18:30:58,2026-09-15 09:30:58,4 - Low,Network,Resolved
INC402143,APP-REPO-1,2026-03-17 21:06:01,2026-03-18 07:06:01,3 - Moderate,Network,Resolved
INC578073,APP-REPO-5,2026-01-20 10:10:25,2026-01-22 02:10:25,2 - High,Network,Resolved
INC291134,APP-REPO-5,2026-08-26 23:58:33,2026-08-28 21:58:33,2 - High,Hardware,Resolved
INC349461,APP-REPO-3,2026-05-13 12:05:36,2026-05-13 15:05:36,3 - Moderate,Hardware,Resolved
INC562305,APP-REPO-8,2026-03-12 11:37:31,2026-03-13 11:37:31,2 - High,Hardware,Resolved
INC689810,APP-REPO-1,2026-01-23 12:59:30,2026-01-25 07:59:30,3 - Moderate,Network,Resolved
INC255130,APP-REPO-11,2026-05-05 18:39:08,2026-05-06 23:39:08,2 - High,Network,Resolved
INC227391,APP-REPO-0,2026-05-26 03:02:09,2026-05-27 05:02:09,4 - Low,Hardware,Resolved
INC580290,APP-REPO-10,2025-10-20 08:01:43,2025-10-20 18:01:43,1 - Critical,Network,Resolved
INC778684,APP-REPO-9,2026-05-21 16:48:48,2026-05-22 23:48:48,3 - Moderate,Hardware,Resolved
INC938416,APP-REPO-18,2026-07-11 08:46:26,2026-07-13 07:46:26,4 - Low,Network,Resolved
INC822622,APP-REPO-3,2025-11-04 11:33:56,2025-11-06 10:33:56,4 - Low,Software,Resolved
INC246195,APP-REPO-17,2026-07-20 03:52:00,2026-07-20 11:52:00,3 - Moderate,Software,Resolved
INC521139,APP-REPO-19,2025-12-16 15:21:55,2025-12-17 06:21:55,4 - Low,Network,Resolved
INC196973,APP-REPO-10,2026-05-27 20:51:51,2026-05-28 00:51:51,2 - High,Hardware,Resolved
INC919234,APP-REPO-8,2025-12-17 21:32:20,2025-12-18 10:32:20,1 - Critical,Software,Resolved
INC664566,APP-REPO-14,2026-01-07 17:19:20,2026-01-09 13:19:20,1 - Critical,Database,Resolved
INC303895,APP-REPO-15,2026-06-10 10:16:41,2026-06-11 07:16:41,1 - Critical,Network,Resolved
INC516869,APP-REPO-4,2025-10-28 11:21:49,2025-10-30 09:21:49,4 - Low,Network,Resolved
INC504868,APP-REPO-11,2025-11-26 22:31:11,2025-11-26 23:31:11,3 - Moderate,Network,Resolved
INC468422,APP-REPO-9,2025-12-29 02:20:49,2025-12-30 07:20:49,1 - Critical,Hardware,Resolved
INC863209,APP-REPO-14,2025-12-03 10:42:04,2025-12-05 10:42:04,4 - Low,Database,Resolved
INC402654,APP-REPO-5,2026-04-29 07:34:56,2026-05-01 06:34:56,4 - Low,Database,Resolved
INC246347,APP-REPO-18,2025-10-26 02:17:49,2025-10-27 17:17:49,1 - Critical,Hardware,Resolved
INC317877,APP-REPO-9,2025-11-26 17:37:53,2025-11-28 00:37:53,3 - Moderate,Software,Resolved
INC719371,APP-REPO-12,2025-09-27 23:34:52,2025-09-28 05:34:52,1 - Critical,Database,Resolved
INC769836,APP-REPO-8,2026-03-04 14:18:05,2026-03-05 17:18:05,2 - High,Database,Resolved
INC844747,APP-REPO-18,2026-03-20 21:38:25,2026-03-21 06:38:25,2 - High,Hardware,Resolved
INC972712,APP-REPO-12,2026-06-21 16:02:46,2026-06-22 11:02:46,4 - Low,Software,Resolved
INC962767,APP-REPO-9,2026-05-15 13:21:47,2026-05-17 03:21:47,3 - Moderate,Database,Resolved
INC686448,APP-REPO-14,2026-03-28 10:32:36,2026-03-29 01:32:36,1 - Critical,Software,Resolved
INC261505,APP-REPO-8,2026-01-18 01:22:30,2026-01-18 21:22:30,4 - Low,Software,Resolved
INC785572,APP-REPO-9,2025-10-09 14:52:01,2025-10-10 17:52:01,2 - High,Database,Resolved
INC821255,APP-REPO-7,2025-12-25 20:09:23,2025-12-25 22:09:23,1 - Critical,Network,Resolved
INC617000,APP-REPO-2,2026-01-16 19:58:25,2026-01-18 10:58:25,3 - Moderate,Database,Resolved
INC693047,APP-REPO-13,2026-06-28 11:56:51,2026-06-29 04:56:51,4 - Low,Software,Resolved
INC491330,APP-REPO-16,2026-01-14 17:46:04,2026-01-16 16:46:04,1 - Critical,Network,Resolved
INC270757,APP-REPO-18,2026-06-26 22:57:38,2026-06-27 02:57:38,2 - High,Network,Resolved
INC583439,APP-REPO-4,2026-08-26 18:45:25,2026-08-27 17:45:25,2 - High,Software,Resolved
INC385915,APP-REPO-11,2026-03-22 06:31:13,2026-03-23 09:31:13,3 - Moderate,Software,Resolved
INC403936,APP-REPO-9,2025-10-24 14:05:06,2025-10-26 00:05:06,1 - Critical,Hardware,Resolved
INC903673,APP-REPO-5,2026-06-20 21:32:00,2026-06-21 04:32:00,2 - High,Network,Resolved
INC431570,APP-REPO-9,2025-12-26 14:18:33,2025-12-27 08:18:33,3 - Moderate,Software,Resolved
INC660380,APP-REPO-18,2026-09-20 18:07:00,2026-09-21 17:07:00,2 - High,Software,Resolved
INC243601,APP-REPO-16,2026-01-07 16:28:10,2026-01-08 11:28:10,3 - Moderate,Database,Resolved
INC532007,APP-REPO-10,2026-07-29 21:43:51,2026-07-30 08:43:51,1 - Critical,Hardware,Resolved
INC262062,APP-REPO-16,2026-07-31 05:36:18,2026-07-31 20:36:18,2 - High,Software,Resolved
INC537619,APP-REPO-14,2026-05-27 16:36:16,2026-05-27 21:36:16,1 - Critical,Hardware,Resolved
INC118223,APP-REPO-15,2026-05-13 23:52:44,2026-05-14 22:52:44,3 - Moderate,Network,Resolved
INC245766,APP-REPO-14,2026-06-10 17:18:51,2026-06-12 08:18:51,3 - Moderate,Hardware,Resolved
INC844378,APP-REPO-9,2026-08-05 03:35:08,2026-08-05 05:35:08,1 - Critical,Hardware,Resolved
INC234966,APP-REPO-4,2025-12-12 18:27:01,2025-12-14 15:27:01,2 - High,Network,Resolved
INC231432,APP-REPO-6,2026-03-11 01:13:26,2026-03-11 10:13:26,1 - Critical,Database,Resolved
INC824375,APP-REPO-3,2025-11-10 12:26:03,2025-11-10 17:26:03,1 - Critical,Database,Resolved
INC894122,APP-REPO-13,2026-04-26 10:19:51,2026-04-26 13:19:51,2 - High,Software,Resolved
INC134385,APP-REPO-16,2025-12-23 06:01:03,2025-12-24 20:01:03,1 - Critical,Database,Resolved
INC224698,APP-REPO-8,2026-06-05 11:02:05,2026-06-05 14:02:05,1 - Critical,Network,Resolved
INC800015,APP-REPO-0,2025-11-23 19:19:24,2025-11-24 02:19:24,1 - Critical,Hardware,Resolved
INC716146,APP-REPO-6,2026-09-14 17:39:00,2026-09-15 05:39:00,3 - Moderate,Software,Resolved
INC195189,APP-REPO-4,2026-01-08 02:30:56,2026-01-10 02:30:56,3 - Moderate,Network,Resolved
INC469311,APP-REPO-5,2026-08-13 23:24:09,2026-08-15 08:24:09,2 - High,Software,Resolved
INC203919,APP-REPO-18,2025-11-21 04:22:47,2025-11-21 05:22:47,2 - High,Hardware,Resolved
INC395548,APP-REPO-5,2025-10-24 16:13:46,2025-10-26 03:13:46,1 - Critical,Software,Resolved
INC324411,APP-REPO-16,2025-10-20 02:30:30,2025-10-22 00:30:30,4 - Low,Network,Resolved
INC832045,APP-REPO-18,2025-11-30 09:09:14,2025-11-30 21:09:14,4 - Low,Software,Resolved
INC289633,APP-REPO-11,2026-07-31 18:28:31,2026-08-01 19:28:31,4 - Low,Hardware,Resolved
INC639231,APP-REPO-7,2026-01-24 09:47:29,2026-01-25 12:47:29,1 - Critical,Network,Resolved
INC229620,APP-REPO-14,2026-05-16 00:51:14,2026-05-16 08:51:14,2 - High,Database,Resolved
INC899301,APP-REPO-11,2026-07-14 19:26:00,2026-07-16 17:26:00,3 - Moderate,Software,Resolved
INC186243,APP-REPO-10,2026-08-13 01:07:05,2026-08-14 09:07:05,1 - Critical,Database,Resolved
INC397388,APP-REPO-14,2026-05-06 00:02:09,2026-05-07 15:02:09,3 - Moderate,Database,Resolved
INC336845,APP-REPO-17,2026-09-19 16:46:42,2026-09-20 19:46:42,3 - Moderate,Database,Resolved
INC297955,APP-REPO-2,2026-01-17 00:41:14,2026-01-18 07:41:14,3 - Moderate,Hardware,Resolved
INC113406,APP-REPO-15,2026-03-16 11:50:54,2026-03-18 07:50:54,1 - Critical,Database,Resolved
INC559337,APP-REPO-16,2025-11-14 05:42:06,2025-11-16 00:42:06,1 - Critical,Software,Resolved
INC250331,APP-REPO-12,2026-03-27 23:13:24,2026-03-29 01:13:24,1 - Critical,Hardware,Resolved
INC167853,APP-REPO-11,2026-06-21 09:35:08,2026-06-21 22:35:08,3 - Moderate,Hardware,Resolved
INC723861,APP-REPO-12,2026-01-23 00:58:37,2026-01-23 08:58:37,2 - High,Database,Resolved
INC860427,APP-REPO-15,2026-06-25 16:37:56,2026-06-26 10:37:56,3 - Moderate,Database,Resolved
INC473395,APP-REPO-15,2026-03-02 06:17:34,2026-03-04 01:17:34,4 - Low,Database,Resolved
INC636256,APP-REPO-8,2026-01-10 16:09:36,2026-01-11 02:09:36,4 - Low,Software,Resolved
INC228125,APP-REPO-8,2026-04-09 07:22:49,2026-04-10 15:22:49,4 - Low,Hardware,Resolved
INC758894,APP-REPO-4,2026-04-24 15:38:04,2026-04-24 17:38:04,1 - Critical,Software,Resolved
INC970645,APP-REPO-2,2026-04-06 17:08:48,2026-04-08 01:08:48,1 - Critical,Hardware,Resolved
INC501219,APP-REPO-19,2026-03-15 22:51:00,2026-03-17 18:51:00,3 - Moderate,Hardware,Resolved
INC417459,APP-REPO-19,2025-10-28 04:24:50,2025-10-29 20:24:50,1 - Critical,Software,Resolved
INC793193,APP-REPO-16,2026-05-17 04:44:50,2026-05-18 12:44:50,4 - Low,Hardware,Resolved
INC407823,APP-REPO-15,2025-10-12 10:10:15,2025-10-13 18:10:15,3 - Moderate,Network,Resolved
INC948802,APP-REPO-17,2026-09-07 08:39:49,2026-09-08 19:39:49,1 - Critical,Software,Resolved
INC551313,APP-REPO-3,2026-03-13 17:26:26,2026-03-14 18:26:26,4 - Low,Network,Resolved
INC994303,APP-REPO-12,2026-07-09 04:59:38,2026-07-10 09:59:38,4 - Low,Software,Resolved
INC134455,APP-REPO-5,2026-01-30 02:53:47,2026-01-31 14:53:47,3 - Moderate,Hardware,Resolved
INC615353,APP-REPO-13,2026-05-19 09:39:38,2026-05-19 18:39:38,3 - Moderate,Database,Resolved
INC611133,APP-REPO-3,2026-01-02 04:14:22,2026-01-03 17:14:22,4 - Low,Database,Resolved
INC599028,APP-REPO-17,2025-10-06 23:43:11,2025-10-07 10:43:11,1 - Critical,Database,Resolved
INC376185,APP-REPO-15,2025-11-01 09:52:11,2025-11-02 23:52:11,4 - Low,Network,Resolved
INC903702,APP-REPO-9,2025-12-24 20:22:18,2025-12-25 17:22:18,1 - Critical,Software,Resolved
INC719145,APP-REPO-1,2026-06-15 19:33:28,2026-06-16 04:33:28,3 - Moderate,Network,Resolved
INC948878,APP-REPO-18,2026-08-17 14:20:26,2026-08-17 16:20:26,3 - Moderate,Database,Resolved
INC202078,APP-REPO-13,2026-08-27 03:14:24,2026-08-28 02:14:24,3 - Moderate,Database,Resolved
INC468332,APP-REPO-1,2026-05-08 07:53:09,2026-05-10 02:53:09,2 - High,Hardware,Resolved
INC346019,APP-REPO-9,2026-05-12 23:01:26,2026-05-14 13:01:26,1 - Critical,Software,Resolved
INC419723,APP-REPO-3,2025-10-05 00:00:11,2025-10-05 22:00:11,2 - High,Software,Resolved
INC664570,APP-REPO-10,2026-07-20 22:43:30,2026-07-21 01:43:30,4 - Low,Database,Resolved
INC695642,APP-REPO-16,2026-06-15 00:45:36,2026-06-16 03:45:36,3 - Moderate,Software,Resolved
INC829765,APP-REPO-15,2026-08-11 22:50:33,2026-08-13 12:50:33,1 - Critical,Network,Resolved
INC496086,APP-REPO-18,2026-01-09 14:39:59,2026-01-10 15:39:59,3 - Moderate,Software,Resolved
INC947591,APP-REPO-15,2026-05-08 17:39:10,2026-05-09 00:39:10,2 - High,Network,Resolved
INC620860,APP-REPO-16,2025-10-12 13:37:40,2025-10-14 08:37:40,3 - Moderate,Hardware,Resolved
INC744693,APP-REPO-9,2026-07-20 07:19:59,2026-07-21 07:19:59,4 - Low,Hardware,Resolved
INC621091,APP-REPO-2,2026-07-17 15:34:41,2026-07-19 02:34:41,2 - High,Network,Resolved
INC378035,APP-REPO-1,2025-12-03 23:32:15,2025-12-04 19:32:15,4 - Low,Hardware,Resolved
INC754911,APP-REPO-2,2026-03-28 16:01:37,2026-03-30 14:01:37,1 - Critical,Network,Resolved
INC386643,APP-REPO-2,2026-04-16 11:44:06,2026-04-18 00:44:06,4 - Low,Database,Resolved
INC319927,APP-REPO-11,2026-06-06 23:09:00,2026-06-07 04:09:00,3 - Moderate,Network,Resolved
INC553939,APP-REPO-17,2026-03-17 16:31:06,2026-03-18 13:31:06,2 - High,Database,Resolved
INC521843,APP-REPO-8,2026-09-17 17:03:32,2026-09-19 09:03:32,4 - Low,Hardware,Resolved
INC119506,APP-REPO-16,2026-01-12 23:14:55,2026-01-13 11:14:55,4 - Low,Hardware,Resolved
INC792905,APP-REPO-14,2025-12-06 10:14:35,2025-12-07 04:14:35,4 - Low,Software,Resolved
INC647639,APP-REPO-6,2026-05-12 06:18:33,2026-05-13 06:18:33,4 - Low,Hardware,Resolved
INC352050,APP-REPO-4,2026-03-15 05:23:03,2026-03-17 05:23:03,3 - Moderate,Database,Resolved
INC530189,APP-REPO-10,2026-05-31 11:15:50,2026-05-31 16:15:50,2 - High,Database,Resolved
INC379901,APP-REPO-9,2026-08-09 03:57:16,2026-08-10 21:57:16,2 - High,Network,Resolved
INC820219,APP-REPO-19,2026-04-05 21:51:29,2026-04-06 13:51:29,4 - Low,Hardware,Resolved
INC219074,APP-REPO-4,2025-11-01 09:04:57,2025-11-01 22:04:57,1 - Critical,Hardware,Resolved
INC935762,APP-REPO-9,2026-03-28 11:27:21,2026-03-29 17:27:21,4 - Low,Database,Resolved
INC542519,APP-REPO-1,2026-02-09 01:52:25,2026-02-09 14:52:25,2 - High,Network,Resolved
INC243057,APP-REPO-0,2026-03-04 12:43:18,2026-03-05 05:43:18,3 - Moderate,Hardware,Resolved
INC775591,APP-REPO-1,2026-02-03 09:18:03,2026-02-05 08:18:03,4 - Low,Software,Resolved
INC158014,APP-REPO-2,2026-01-29 15:07:17,2026-01-30 12:07:17,3 - Moderate,Software,Resolved
INC526777,APP-REPO-11,2026-06-14 04:44:19,2026-06-15 23:44:19,1 - Critical,Database,Resolved
INC980605,APP-REPO-4,2025-11-06 13:34:59,2025-11-07 05:34:59,1 - Critical,Software,Resolved
INC647312,APP-REPO-18,2026-08-26 01:17:36,2026-08-27 11:17:36,3 - Moderate,Database,Resolved
INC194632,APP-REPO-7,2025-11-28 09:38:16,2025-11-30 00:38:16,1 - Critical,Network,Resolved
INC445281,APP-REPO-18,2026-02-02 00:38:04,2026-02-04 00:38:04,4 - Low,Hardware,Resolved
INC543410,APP-REPO-6,2026-03-05 19:27:07,2026-03-06 05:27:07,1 - Critical,Hardware,Resolved
INC324509,APP-REPO-8,2026-06-23 08:08:56,2026-06-24 13:08:56,4 - Low,Network,Resolved
INC718115,APP-REPO-1,2026-04-07 08:44:51,2026-04-08 16:44:51,3 - Moderate,Software,Resolved
INC431863,APP-REPO-17,2026-01-16 21:01:34,2026-01-18 01:01:34,4 - Low,Hardware,Resolved
INC391224,APP-REPO-4,2026-06-11 06:22:04,2026-06-12 06:22:04,4 - Low,Network,Resolved
INC961264,APP-REPO-9,2026-03-01 11:07:37,2026-03-01 13:07:37,1 - Critical,Software,Resolved
INC824233,APP-REPO-7,2026-08-08 21:37:36,2026-08-09 14:37:36,4 - Low,Network,Resolved
INC769986,APP-REPO-11,2026-07-19 07:00:47,2026-07-21 03:00:47,1 - Critical,Hardware,Resolved
INC999308,APP-REPO-14,2026-04-28 13:54:49,2026-04-29 14:54:49,1 - Critical,Database,Resolved
INC367946,APP-REPO-9,2025-10-11 04:41:01,2025-10-11 10:41:01,2 - High,Network,Resolved
INC320606,APP-REPO-5,2026-03-22 13:55:35,2026-03-23 18:55:35,3 - Moderate,Database,Resolved
INC927659,APP-REPO-1,2025-10-31 03:25:06,2025-10-31 21:25:06,1 - Critical,Database,Resolved
INC593975,APP-REPO-13,2026-01-27 02:09:14,2026-01-28 00:09:14,4 - Low,Software,Resolved
INC964446,APP-REPO-5,2026-01-02 23:10:10,2026-01-04 20:10:10,3 - Moderate,Software,Resolved
INC468948,APP-REPO-13,2026-01-30 11:46:18,2026-02-01 02:46:18,3 - Moderate,Database,Resolved
INC828980,APP-REPO-0,2025-11-10 23:06:33,2025-11-11 03:06:33,2 - High,Database,Resolved
INC929443,APP-REPO-4,2026-07-23 23:18:36,2026-07-24 00:18:36,4 - Low,Hardware,Resolved
INC758816,APP-REPO-9,2026-03-02 21:49:34,2026-03-03 18:49:34,1 - Critical,Software,Resolved
INC265488,APP-REPO-7,2026-08-28 20:11:33,2026-08-30 06:11:33,2 - High,Database,Resolved
INC931145,APP-REPO-10,2026-04-14 19:01:34,2026-04-16 00:01:34,4 - Low,Hardware,Resolved
INC373342,APP-REPO-5,2026-08-13 07:31:13,2026-08-15 03:31:13,3 - Moderate,Network,Resolved
INC308314,APP-REPO-2,2025-09-27 09:22:13,2025-09-28 12:22:13,3 - Moderate,Hardware,Resolved
INC512608,APP-REPO-12,2026-06-09 08:28:50,2026-06-10 21:28:50,2 - High,Software,Resolved
INC124085,APP-REPO-17,2026-08-30 13:44:02,2026-09-01 07:44:02,2 - High,Software,Resolved
INC584887,APP-REPO-6,2026-04-25 15:58:49,2026-04-26 08:58:49,2 - High,Software,Resolved
INC520515,APP-REPO-19,2026-03-25 08:34:23,2026-03-26 12:34:23,3 - Moderate,Hardware,Resolved
INC193387,APP-REPO-11,2026-03-06 10:23:17,2026-03-06 21:23:17,1 - Critical,Software,Resolved
INC853489,APP-REPO-16,2025-10-17 23:51:37,2025-10-19 03:51:37,4 - Low,Database,Resolved
INC224269,APP-REPO-7,2025-12-08 19:02:15,2025-12-10 17:02:15,2 - High,Hardware,Resolved
INC952924,APP-REPO-8,2026-04-16 06:50:49,2026-04-17 01:50:49,4 - Low,Database,Resolved
INC236523,APP-REPO-13,2026-02-14 10:40:10,2026-02-15 00:40:10,2 - High,Network,Resolved
INC862008,APP-REPO-6,2026-05-26 18:00:35,2026-05-27 21:00:35,2 - High,Database,Resolved
INC930958,APP-REPO-4,2026-07-17 17:12:10,2026-07-17 19:12:10,3 - Moderate,Network,Resolved
INC346924,APP-REPO-19,2026-04-08 12:56:02,2026-04-09 17:56:02,2 - High,Network,Resolved
INC711218,APP-REPO-14,2026-05-27 19:52:25,2026-05-28 01:52:25,1 - Critical,Database,Resolved
INC239675,APP-REPO-10,2026-03-17 14:45:43,2026-03-19 11:45:43,4 - Low,Hardware,Resolved
INC847986,APP-REPO-12,2026-07-19 02:16:00,2026-07-21 00:16:00,4 - Low,Network,Resolved
INC176604,APP-REPO-3,2025-10-16 23:41:53,2025-10-18 11:41:53,1 - Critical,Software,Resolved
INC449031,APP-REPO-7,2025-12-14 23:56:31,2025-12-16 06:56:31,3 - Moderate,Software,Resolved
INC105621,APP-REPO-8,2026-01-08 15:47:10,2026-01-10 00:47:10,4 - Low,Network,Resolved
INC513869,APP-REPO-11,2026-04-28 05:44:23,2026-04-28 14:44:23,1 - Critical,Hardware,Resolved
INC372935,APP-REPO-5,2025-11-16 19:46:24,2025-11-18 04:46:24,4 - Low,Network,Resolved
INC590822,APP-REPO-4,2026-01-16 19:16:04,2026-01-17 01:16:04,3 - Moderate,Database,Resolved
INC248683,APP-REPO-8,2026-03-16 02:10:46,2026-03-16 10:10:46,3 - Moderate,Software,Resolved
INC234082,APP-REPO-15,2026-09-04 00:43:37,2026-09-04 18:43:37,3 - Moderate,Database,Resolved
INC396668,APP-REPO-8,2026-06-25 02:48:13,2026-06-26 18:48:13,3 - Moderate,Network,Resolved
INC556943,APP-REPO-5,2026-04-03 04:28:59,2026-04-04 01:28:59,4 - Low,Hardware,Resolved
INC682667,APP-REPO-14,2025-11-13 02:24:53,2025-11-13 06:24:53,2 - High,Hardware,Resolved
INC157217,APP-REPO-7,2025-10-08 03:43:27,2025-10-08 15:43:27,1 - Critical,Database,Resolved
INC372864,APP-REPO-5,2026-05-29 14:52:29,2026-05-31 12:52:29,4 - Low,Database,Resolved
INC221660,APP-REPO-15,2026-05-21 09:44:12,2026-05-21 12:44:12,4 - Low,Network,Resolved
INC843470,APP-REPO-17,2026-08-03 08:47:08,2026-08-04 16:47:08,4 - Low,Database,Resolved
INC217955,APP-REPO-4,2025-12-28 21:03:20,2025-12-29 05:03:20,3 - Moderate,Software,Resolved
INC313630,APP-REPO-9,2026-06-29 14:17:49,2026-06-30 02:17:49,2 - High,Network,Resolved
INC690607,APP-REPO-18,2025-11-27 10:49:59,2025-11-28 00:49:59,1 - Critical,Hardware,Resolved
INC536646,APP-REPO-2,2026-01-25 15:02:34,2026-01-26 07:02:34,4 - Low,Software,Resolved
INC444622,APP-REPO-0,2026-04-28 20:50:00,2026-04-29 15:50:00,1 - Critical,Database,Resolved
INC491704,APP-REPO-18,2025-10-02 06:05:48,2025-10-02 13:05:48,3 - Moderate,Hardware,Resolved
INC130277,APP-REPO-2,2026-04-29 09:59:52,2026-04-30 15:59:52,4 - Low,Database,Resolved
INC758879,APP-REPO-8,2026-03-04 09:23:25,2026-03-06 00:23:25,1 - Critical,Network,Resolved
INC145976,APP-REPO-19,2025-11-02 03:24:51,2025-11-03 08:24:51,3 - Moderate,Hardware,Resolved
INC321634,APP-REPO-1,2025-12-23 05:00:12,2025-12-24 23:00:12,3 - Moderate,Network,Resolved
INC936917,APP-REPO-1,2026-08-19 17:06:39,2026-08-21 17:06:39,1 - Critical,Database,Resolved
INC197046,APP-REPO-12,2026-09-16 11:45:53,2026-09-17 04:45:53,2 - High,Hardware,Resolved
INC908323,APP-REPO-12,2025-11-10 00:10:33,2025-11-10 06:10:33,1 - Critical,Hardware,Resolved
INC270855,APP-REPO-12,2026-03-25 03:38:51,2026-03-26 05:38:51,3 - Moderate,Hardware,Resolved
INC226460,APP-REPO-9,2025-11-11 13:30:19,2025-11-12 21:30:19,4 - Low,Network,Resolved
INC818234,APP-REPO-19,2026-06-05 11:44:00,2026-06-05 20:44:00,3 - Moderate,Software,Resolved
INC972470,APP-REPO-11,2026-08-16 02:46:41,2026-08-17 11:46:41,2 - High,Database,Resolved
INC567080,APP-REPO-12,2025-11-25 17:45:23,2025-11-27 00:45:23,3 - Moderate,Database,Resolved
INC194604,APP-REPO-13,2026-04-08 11:50:16,2026-04-09 11:50:16,2 - High,Database,Resolved
INC761322,APP-REPO-13,2026-07-02 05:52:07,2026-07-02 11:52:07,1 - Critical,Network,Resolved
INC586041,APP-REPO-7,2026-01-18 06:59:18,2026-01-20 00:59:18,2 - High,Database,Resolved
INC652891,APP-REPO-16,2026-04-12 13:40:21,2026-04-12 19:40:21,3 - Moderate,Database,Resolved
INC558600,APP-REPO-2,2026-06-27 21:33:16,2026-06-29 04:33:16,3 - Moderate,Hardware,Resolved
INC233997,APP-REPO-9,2026-01-11 03:08:47,2026-01-11 19:08:47,4 - Low,Network,Resolved
INC696152,APP-REPO-1,2026-03-07 07:17:32,2026-03-08 19:17:32,1 - Critical,Software,Resolved
INC638354,APP-REPO-3,2026-08-17 02:49:57,2026-08-18 11:49:57,4 - Low,Database,Resolved
INC199074,APP-REPO-14,2026-04-02 07:51:49,2026-04-04 02:51:49,3 - Moderate,Network,Resolved
INC367240,APP-REPO-18,2026-03-29 08:02:56,2026-03-29 14:02:56,1 - Critical,Software,Resolved
INC876487,APP-REPO-14,2025-12-30 14:22:42,2025-12-31 02:22:42,2 - High,Database,Resolved
INC147457,APP-REPO-2,2026-03-23 08:12:00,2026-03-24 11:12:00,3 - Moderate,Network,Resolved
INC715732,APP-REPO-14,2026-04-29 00:48:16,2026-04-30 19:48:16,4 - Low,Network,Resolved
INC457915,APP-REPO-5,2025-11-22 02:48:09,2025-11-22 16:48:09,2 - High,Software,Resolved
INC883317,APP-REPO-19,2026-02-22 21:55:20,2026-02-23 14:55:20,1 - Critical,Database,Resolved
INC660333,APP-REPO-0,2025-12-09 23:15:32,2025-12-10 00:15:32,4 - Low,Software,Resolved
INC113950,APP-REPO-5,2026-09-19 23:04:32,2026-09-21 17:04:32,4 - Low,Database,Resolved
INC825411,APP-REPO-12,2026-05-17 17:14:44,2026-05-19 12:14:44,4 - Low,Network,Resolved
INC748543,APP-REPO-19,2026-04-12 07:47:24,2026-04-13 07:47:24,4 - Low,Network,Resolved
INC191892,APP-REPO-4,2026-07-13 18:35:32,2026-07-14 03:35:32,1 - Critical,Hardware,Resolved
INC217348,APP-REPO-0,2026-09-03 10:33:23,2026-09-05 07:33:23,2 - High,Software,Resolved
INC319393,APP-REPO-15,2025-11-18 22:59:29,2025-11-20 16:59:29,2 - High,Hardware,Resolved
INC556957,APP-REPO-17,2026-08-28 11:57:23,2026-08-29 00:57:23,1 - Critical,Network,Resolved
INC907111,APP-REPO-14,2025-10-24 01:19:07,2025-10-24 11:19:07,4 - Low,Database,Resolved
INC122876,APP-REPO-3,2026-01-12 05:27:14,2026-01-12 16:27:14,2 - High,Database,Resolved
INC608608,APP-REPO-15,2026-07-24 00:29:45,2026-07-24 02:29:45,4 - Low,Hardware,Resolved
INC311118,APP-REPO-9,2026-07-30 18:01:58,2026-08-01 07:01:58,4 - Low,Software,Resolved
INC450067,APP-REPO-0,2026-08-24 18:20:32,2026-08-25 01:20:32,4 - Low,Database,Resolved
INC989838,APP-REPO-15,2026-03-07 02:11:07,2026-03-09 02:11:07,3 - Moderate,Software,Resolved
INC611177,APP-REPO-12,2026-02-05 22:30:30,2026-02-07 06:30:30,4 - Low,Hardware,Resolved
INC848987,APP-REPO-1,2026-07-29 20:42:00,2026-07-31 06:42:00,1 - Critical,Database,Resolved
INC704402,APP-REPO-10,2026-04-12 03:05:59,2026-04-13 15:05:59,1 - Critical,Network,Resolved
INC779792,APP-REPO-13,2026-01-08 16:52:16,2026-01-09 23:52:16,1 - Critical,Database,Resolved
INC752944,APP-REPO-11,2026-08-11 14:43:01,2026-08-12 19:43:01,4 - Low,Software,Resolved
INC269170,APP-REPO-9,2025-09-27 22:33:05,2025-09-29 21:33:05,2 - High,Database,Resolved
INC460550,APP-REPO-14,2026-01-14 18:53:31,2026-01-15 09:53:31,2 - High,Network,Resolved
INC731347,APP-REPO-14,2026-07-05 21:55:38,2026-07-06 06:55:38,3 - Moderate,Database,Resolved
INC537110,APP-REPO-11,2026-01-20 21:23:01,2026-01-22 04:23:01,2 - High,Hardware,Resolved
INC396177,APP-REPO-2,2026-08-18 04:28:58,2026-08-19 23:28:58,4 - Low,Hardware,Resolved
INC281708,APP-REPO-6,2026-05-12 21:17:51,2026-05-13 08:17:51,4 - Low,Software,Resolved
INC932026,APP-REPO-13,2026-05-10 03:55:09,2026-05-11 11:55:09,3 - Moderate,Hardware,Resolved
INC319606,APP-REPO-17,2026-06-10 05:44:07,2026-06-10 09:44:07,1 - Critical,Network,Resolved
INC373477,APP-REPO-11,2026-04-05 02:25:13,2026-04-06 22:25:13,2 - High,Hardware,Resolved
INC968167,APP-REPO-16,2026-08-28 23:27:17,2026-08-29 02:27:17,1 - Critical,Network,Resolved
INC551538,APP-REPO-3,2025-11-23 15:39:04,2025-11-25 07:39:04,2 - High,Software,Resolved
INC689280,APP-REPO-7,2026-03-19 08:45:54,2026-03-20 16:45:54,3 - Moderate,Network,Resolved
INC923012,APP-REPO-11,2026-04-24 02:34:35,2026-04-24 05:34:35,3 - Moderate,Hardware,Resolved
INC994863,APP-REPO-16,2026-04-03 01:01:50,2026-04-04 16:01:50,1 - Critical,Software,Resolved
INC559094,APP-REPO-14,2026-02-07 23:25:47,2026-02-08 07:25:47,1 - Critical,Software,Resolved
INC963617,APP-REPO-17,2026-02-03 01:12:23,2026-02-03 04:12:23,1 - Critical,Hardware,Resolved
INC760525,APP-REPO-3,2026-04-29 06:53:05,2026-04-29 20:53:05,3 - Moderate,Hardware,Resolved
INC863729,APP-REPO-9,2026-07-20 05:07:49,2026-07-22 03:07:49,4 - Low,Database,Resolved
INC868136,APP-REPO-3,2026-04-25 23:46:37,2026-04-26 09:46:37,3 - Moderate,Network,Resolved
INC958952,APP-REPO-4,2026-02-20 10:29:39,2026-02-20 18:29:39,2 - High,Database,Resolved
INC535945,APP-REPO-0,2026-03-22 18:45:39,2026-03-23 10:45:39,4 - Low,Network,Resolved
INC400687,APP-REPO-16,2026-01-29 21:49:26,2026-01-30 08:49:26,1 - Critical,Network,Resolved
INC490527,APP-REPO-13,2026-08-30 15:55:00,2026-08-31 15:55:00,2 - High,Hardware,Resolved
INC889794,APP-REPO-16,2025-12-09 05:00:33,2025-12-10 08:00:33,2 - High,Hardware,Resolved
INC940715,APP-REPO-13,2026-06-24 19:47:53,2026-06-25 22:47:53,4 - Low,Database,Resolved
INC993796,APP-REPO-16,2025-12-28 16:28:14,2025-12-30 12:28:14,3 - Moderate,Software,Resolved
INC564077,APP-REPO-4,2026-05-07 00:10:55,2026-05-07 01:10:55,1 - Critical,Software,Resolved
INC454737,APP-REPO-10,2026-02-22 16:11:19,2026-02-23 18:11:19,2 - High,Database,Resolved
INC164454,APP-REPO-12,2025-12-26 15:36:05,2025-12-26 18:36:05,2 - High,Software,Resolved
INC762288,APP-REPO-16,2026-08-25 09:15:39,2026-08-26 04:15:39,4 - Low,Database,Resolved
INC813944,APP-REPO-17,2026-07-25 03:14:24,2026-07-25 23:14:24,3 - Moderate,Network,Resolved
INC108286,APP-REPO-8,2026-03-05 11:20:35,2026-03-06 21:20:35,2 - High,Database,Resolved
INC567863,APP-REPO-6,2025-10-13 21:27:50,2025-10-15 08:27:50,4 - Low,Network,Resolved
INC951266,APP-REPO-12,2026-01-28 12:15:35,2026-01-29 01:15:35,3 - Moderate,Software,Resolved
INC138766,APP-REPO-17,2026-07-13 03:47:48,2026-07-14 01:47:48,4 - Low,Hardware,Resolved
INC645752,APP-REPO-17,2026-03-29 15:05:59,2026-03-30 10:05:59,2 - High,Software,Resolved
INC636526,APP-REPO-17,2026-06-27 19:50:30,2026-06-28 15:50:30,3 - Moderate,Hardware,Resolved
INC124559,APP-REPO-0,2026-09-16 16:25:40,2026-09-18 03:25:40,3 - Moderate,Hardware,Resolved
INC972655,APP-REPO-9,2026-08-08 01:31:14,2026-08-10 00:31:14,4 - Low,Software,Resolved
INC867543,APP-REPO-1,2026-02-21 23:58:24,2026-02-22 23:58:24,3 - Moderate,Network,Resolved
INC229827,APP-REPO-1,2026-02-23 21:09:23,2026-02-25 15:09:23,1 - Critical,Database,Resolved
INC412434,APP-REPO-18,2026-06-11 16:40:11,2026-06-13 16:40:11,1 - Critical,Database,Resolved
INC455446,APP-REPO-7,2026-07-31 16:17:09,2026-08-02 16:17:09,2 - High,Network,Resolved
INC413735,APP-REPO-9,2026-08-11 16:33:47,2026-08-13 11:33:47,2 - High,Database,Resolved
INC644909,APP-REPO-7,2026-06-07 03:53:57,2026-06-07 10:53:57,3 - Moderate,Hardware,Resolved
INC962813,APP-REPO-11,2025-11-25 00:21:57,2025-11-26 06:21:57,1 - Critical,Hardware,Resolved
INC846209,APP-REPO-13,2026-04-07 07:26:21,2026-04-08 10:26:21,1 - Critical,Software,Resolved
INC165214,APP-REPO-13,2025-10-11 07:41:22,2025-10-11 16:41:22,4 - Low,Hardware,Resolved
INC567836,APP-REPO-2,2025-11-14 23:20:31,2025-11-15 23:20:31,4 - Low,Database,Resolved
INC376502,APP-REPO-18,2026-04-10 00:20:04,2026-04-11 08:20:04,4 - Low,Database,Resolved
INC822487,APP-REPO-15,2026-05-14 03:31:19,2026-05-16 02:31:19,4 - Low,Hardware,Resolved
INC251357,APP-REPO-16,2026-02-02 21:03:23,2026-02-03 06:03:23,4 - Low,Database,Resolved
INC235670,APP-REPO-16,2026-08-30 16:50:10,2026-09-01 02:50:10,1 - Critical,Hardware,Resolved
INC577555,APP-REPO-15,2025-11-04 22:06:27,2025-11-05 01:06:27,2 - High,Network,Resolved
INC224535,APP-REPO-19,2026-09-01 10:41:11,2026-09-02 13:41:11,1 - Critical,Software,Resolved
INC487538,APP-REPO-18,2026-08-21 02:58:47,2026-08-21 21:58:47,1 - Critical,Hardware,Resolved
INC223461,APP-REPO-11,2026-03-16 22:35:34,2026-03-17 18:35:34,3 - Moderate,Network,Resolved
INC408261,APP-REPO-15,2025-11-04 16:01:19,2025-11-04 18:01:19,2 - High,Hardware,Resolved
INC921866,APP-REPO-18,2026-04-19 04:51:39,2026-04-20 07:51:39,1 - Critical,Network,Resolved
INC397252,APP-REPO-6,2026-09-15 12:34:23,2026-09-16 00:34:23,4 - Low,Software,Resolved
INC228270,APP-REPO-17,2026-03-23 09:31:12,2026-03-24 08:31:12,1 - Critical,Software,Resolved
INC537859,APP-REPO-15,2025-10-02 21:41:29,2025-10-04 10:41:29,3 - Moderate,Database,Resolved
INC454233,APP-REPO-12,2026-07-04 12:18:22,2026-07-05 19:18:22,2 - High,Hardware,Resolved
INC629283,APP-REPO-14,2025-11-21 22:16:03,2025-11-23 03:16:03,4 - Low,Hardware,Resolved
INC863220,APP-REPO-10,2026-03-05 03:55:09,2026-03-05 09:55:09,4 - Low,Database,Resolved
INC344131,APP-REPO-12,2026-08-31 04:19:31,2026-09-01 02:19:31,1 - Critical,Database,Resolved
INC871660,APP-REPO-8,2026-06-08 05:38:45,2026-06-09 23:38:45,1 - Critical,Hardware,Resolved
INC841561,APP-REPO-0,2025-11-25 21:23:33,2025-11-27 10:23:33,3 - Moderate,Software,Resolved
INC775192,APP-REPO-17,2025-10-26 00:05:29,2025-10-26 06:05:29,2 - High,Software,Resolved
INC697944,APP-REPO-16,2026-03-28 06:36:40,2026-03-28 19:36:40,4 - Low,Software,Resolved
INC226126,APP-REPO-17,2026-07-27 10:59:07,2026-07-27 22:59:07,1 - Critical,Network,Resolved
INC924974,APP-REPO-6,2026-01-07 20:49:58,2026-01-08 12:49:58,4 - Low,Software,Resolved
INC946118,APP-REPO-17,2026-02-05 10:15:39,2026-02-07 01:15:39,3 - Moderate,Database,Resolved
INC717499,APP-REPO-1,2026-05-26 23:50:25,2026-05-28 07:50:25,1 - Critical,Network,Resolved
INC558245,APP-REPO-5,2026-06-22 23:06:59,2026-06-24 02:06:59,1 - Critical,Network,Resolved
INC500567,APP-REPO-8,2026-02-28 07:27:17,2026-02-28 13:27:17,1 - Critical,Software,Resolved
INC668096,APP-REPO-5,2026-06-06 07:33:29,2026-06-07 02:33:29,2 - High,Hardware,Resolved
INC367968,APP-REPO-2,2025-10-28 03:14:04,2025-10-28 13:14:04,3 - Moderate,Database,Resolved
INC811572,APP-REPO-5,2026-08-23 17:40:10,2026-08-23 21:40:10,3 - Moderate,Hardware,Resolved
INC128491,APP-REPO-1,2026-02-01 13:05:41,2026-02-02 09:05:41,4 - Low,Software,Resolved
INC435587,APP-REPO-4,2026-08-23 23:02:19,2026-08-25 02:02:19,3 - Moderate,Network,Resolved
INC493754,APP-REPO-3,2026-06-15 20:06:32,2026-06-16 00:06:32,2 - High,Hardware,Resolved
INC888669,APP-REPO-19,2026-08-26 16:17:28,2026-08-28 06:17:28,2 - High,Database,Resolved
INC633328,APP-REPO-16,2026-04-22 04:21:43,2026-04-23 05:21:43,1 - Critical,Network,Resolved
INC163577,APP-REPO-10,2026-02-21 12:35:09,2026-02-22 18:35:09,4 - Low,Software,Resolved
INC607690,APP-REPO-0,2026-01-27 22:08:15,2026-01-29 01:08:15,2 - High,Software,Resolved
INC382234,APP-REPO-17,2026-05-28 08:50:00,2026-05-29 22:50:00,1 - Critical,Hardware,Resolved
INC900040,APP-REPO-17,2026-07-03 01:34:24,2026-07-04 19:34:24,2 - High,Network,Resolved
INC695848,APP-REPO-13,2026-09-06 14:10:10,2026-09-07 19:10:10,1 - Critical,Hardware,Resolved
INC920910,APP-REPO-4,2026-07-18 20:46:46,2026-07-19 20:46:46,2 - High,Hardware,Resolved
INC663646,APP-REPO-13,2026-04-04 10:38:30,2026-04-05 22:38:30,4 - Low,Software,Resolved
INC101049,APP-REPO-14,2026-08-31 17:50:26,2026-09-02 09:50:26,3 - Moderate,Hardware,Resolved
INC100569,APP-REPO-1,2026-04-25 01:16:35,2026-04-26 08:16:35,3 - Moderate,Network,Resolved
INC980266,APP-REPO-12,2025-10-10 21:14:43,2025-10-11 20:14:43,2 - High,Network,Resolved
INC147694,APP-REPO-5,2026-05-24 17:46:51,2026-05-26 17:46:51,1 - Critical,Network,Resolved
INC194073,APP-REPO-12,2025-10-23 12:22:09,2025-10-25 09:22:09,1 - Critical,Hardware,Resolved
INC860294,APP-REPO-17,2025-12-27 02:51:32,2025-12-27 20:51:32,4 - Low,Hardware,Resolved
INC740098,APP-REPO-16,2026-05-30 01:29:19,2026-05-30 22:29:19,3 - Moderate,Network,Resolved
INC889256,APP-REPO-14,2026-06-19 17:42:28,2026-06-20 11:42:28,2 - High,Network,Resolved
INC458224,APP-REPO-6,2026-09-19 14:19:22,2026-09-20 20:19:22,3 - Moderate,Software,Resolved
INC825452,APP-REPO-4,2026-01-16 13:12:29,2026-01-18 07:12:29,1 - Critical,Database,Resolved
INC104487,APP-REPO-0,2025-12-24 06:58:02,2025-12-26 02:58:02,2 - High,Database,Resolved
INC682788,APP-REPO-15,2026-07-13 23:00:31,2026-07-15 01:00:31,1 - Critical,Software,Resolved
INC664814,APP-REPO-0,2025-11-01 01:02:17,2025-11-02 20:02:17,4 - Low,Software,Resolved
INC470141,APP-REPO-12,2026-03-14 11:32:56,2026-03-16 02:32:56,3 - Moderate,Database,Resolved
INC285793,APP-REPO-0,2025-11-04 04:11:53,2025-11-04 12:11:53,4 - Low,Network,Resolved
INC302365,APP-REPO-14,2026-07-19 05:48:03,2026-07-19 06:48:03,2 - High,Software,Resolved
INC895262,APP-REPO-8,2026-05-31 01:35:58,2026-06-01 21:35:58,3 - Moderate,Hardware,Resolved
INC194336,APP-REPO-19,2026-06-27 07:22:46,2026-06-29 00:22:46,3 - Moderate,Hardware,Resolved
INC345637,APP-REPO-15,2026-08-31 19:40:10,2026-09-01 19:40:10,1 - Critical,Network,Resolved
INC616777,APP-REPO-19,2025-11-04 23:26:13,2025-11-05 13:26:13,1 - Critical,Hardware,Resolved
INC961010,APP-REPO-12,2026-03-18 06:01:31,2026-03-18 14:01:31,3 - Moderate,Database,Resolved
INC278758,APP-REPO-17,2025-11-30 13:16:25,2025-12-01 02:16:25,2 - High,Software,Resolved
INC716735,APP-REPO-4,2026-06-23 11:12:04,2026-06-25 11:12:04,1 - Critical,Hardware,Resolved
INC372235,APP-REPO-18,2026-01-21 05:52:04,2026-01-21 20:52:04,3 - Moderate,Hardware,Resolved
INC988843,APP-REPO-0,2026-09-12 19:09:51,2026-09-14 16:09:51,3 - Moderate,Database,Resolved
INC102049,APP-REPO-13,2025-10-08 04:26:58,2025-10-09 22:26:58,1 - Critical,Network,Resolved
INC553559,APP-REPO-13,2025-10-14 19:18:30,2025-10-15 13:18:30,1 - Critical,Database,Resolved
INC619647,APP-REPO-11,2026-01-30 22:01:57,2026-02-01 08:01:57,1 - Critical,Hardware,Resolved
INC149246,APP-REPO-8,2026-08-02 03:14:11,2026-08-03 06:14:11,4 - Low,Network,Resolved
INC105409,APP-REPO-12,2025-10-18 17:42:38,2025-10-19 06:42:38,3 - Moderate,Software,Resolved
INC699596,APP-REPO-0,2026-01-18 21:01:39,2026-01-20 21:01:39,2 - High,Database,Resolved
INC178056,APP-REPO-7,2026-02-13 03:45:43,2026-02-13 16:45:43,2 - High,Network,Resolved
INC425903,APP-REPO-2,2026-02-19 12:24:49,2026-02-21 05:24:49,1 - Critical,Software,Resolved
INC603281,APP-REPO-13,2026-03-13 04:56:00,2026-03-13 06:56:00,3 - Moderate,Network,Resolved
INC359159,APP-REPO-3,2025-11-22 11:27:01,2025-11-23 18:27:01,2 - High,Network,Resolved
INC972957,APP-REPO-1,2025-12-30 18:43:36,2025-12-31 16:43:36,2 - High,Software,Resolved
INC913432,APP-REPO-19,2026-04-21 05:28:14,2026-04-22 21:28:14,4 - Low,Software,Resolved
INC755725,APP-REPO-14,2026-03-05 23:14:32,2026-03-07 13:14:32,1 - Critical,Software,Resolved
INC163634,APP-REPO-1,2026-05-04 17:28:24,2026-05-05 18:28:24,3 - Moderate,Software,Resolved
INC920664,APP-REPO-4,2026-06-18 17:28:54,2026-06-18 21:28:54,4 - Low,Software,Resolved
INC416115,APP-REPO-19,2026-07-31 17:27:30,2026-08-02 10:27:30,4 - Low,Software,Resolved
INC206773,APP-REPO-1,2025-12-05 20:53:36,2025-12-07 08:53:36,1 - Critical,Network,Resolved
INC991215,APP-REPO-12,2025-12-01 23:00:14,2025-12-03 01:00:14,1 - Critical,Database,Resolved
INC344435,APP-REPO-19,2025-12-03 22:24:22,2025-12-05 17:24:22,1 - Critical,Database,Resolved
INC502569,APP-REPO-14,2025-10-27 14:40:48,2025-10-28 18:40:48,1 - Critical,Network,Resolved
INC782540,APP-REPO-0,2026-05-21 15:31:00,2026-05-22 21:31:00,3 - Moderate,Hardware,Resolved
INC213253,APP-REPO-3,2026-08-31 03:27:18,2026-08-31 04:27:18,1 - Critical,Hardware,Resolved
INC701056,APP-REPO-4,2026-02-22 12:12:46,2026-02-24 05:12:46,3 - Moderate,Network,Resolved
INC541457,APP-REPO-15,2026-05-25 14:45:39,2026-05-27 13:45:39,4 - Low,Hardware,Resolved
INC354963,APP-REPO-4,2026-06-19 05:55:02,2026-06-19 08:55:02,1 - Critical,Hardware,Resolved
INC426806,APP-REPO-18,2025-12-29 11:20:16,2025-12-30 15:20:16,3 - Moderate,Network,Resolved
INC712018,APP-REPO-17,2026-04-08 05:14:11,2026-04-08 15:14:11,2 - High,Database,Resolved
INC423668,APP-REPO-19,2026-09-16 10:49:29,2026-09-17 08:49:29,3 - Moderate,Network,Resolved
INC108474,APP-REPO-16,2026-05-11 10:03:36,2026-05-13 00:03:36,2 - High,Software,Resolved
INC348918,APP-REPO-16,2025-11-21 12:35:43,2025-11-23 00:35:43,1 - Critical,Database,Resolved
INC460517,APP-REPO-6,2025-12-26 02:47:41,2025-12-26 15:47:41,2 - High,Software,Resolved
INC458143,APP-REPO-6,2026-03-25 00:52:13,2026-03-26 19:52:13,4 - Low,Database,Resolved
INC728896,APP-REPO-10,2026-06-01 16:20:37,2026-06-03 06:20:37,3 - Moderate,Network,Resolved
INC539033,APP-REPO-10,2026-01-03 13:52:55,2026-01-04 00:52:55,1 - Critical,Database,Resolved
INC927527,APP-REPO-1,2026-03-24 10:08:57,2026-03-25 18:08:57,2 - High,Software,Resolved
INC769795,APP-REPO-7,2026-01-04 02:27:32,2026-01-05 23:27:32,2 - High,Database,Resolved
INC754227,APP-REPO-6,2026-06-12 22:02:51,2026-06-13 14:02:51,4 - Low,Network,Resolved
INC946485,APP-REPO-12,2025-09-30 14:13:55,2025-10-01 04:13:55,4 - Low,Hardware,Resolved
INC966212,APP-REPO-0,2026-09-11 01:04:35,2026-09-12 01:04:35,1 - Critical,Software,Resolved
INC475271,APP-REPO-0,2026-08-05 10:21:55,2026-08-06 22:21:55,1 - Critical,Hardware,Resolved
INC404691,APP-REPO-14,2026-03-26 15:06:58,2026-03-27 04:06:58,3 - Moderate,Software,Resolved
INC131127,APP-REPO-6,2026-09-11 22:31:20,2026-09-12 11:31:20,3 - Moderate,Hardware,Resolved
INC329580,APP-REPO-8,2026-01-16 15:33:47,2026-01-18 14:33:47,2 - High,Network,Resolved
INC988704,APP-REPO-17,2026-06-17 02:25:58,2026-06-17 18:25:58,2 - High,Hardware,Resolved
INC122536,APP-REPO-5,2026-04-27 05:18:20,2026-04-27 22:18:20,1 - Critical,Software,Resolved
INC971834,APP-REPO-4,2025-11-27 07:04:52,2025-11-28 08:04:52,1 - Critical,Network,Resolved
INC320449,APP-REPO-9,2025-10-25 15:05:04,2025-10-26 21:05:04,2 - High,Network,Resolved
INC948809,APP-REPO-11,2026-03-17 11:51:41,2026-03-19 06:51:41,2 - High,Database,Resolved
INC845476,APP-REPO-2,2026-02-08 03:32:48,2026-02-08 11:32:48,2 - High,Hardware,Resolved
INC933511,APP-REPO-6,2026-05-13 03:12:24,2026-05-13 16:12:24,4 - Low,Network,Resolved
INC433396,APP-REPO-19,2026-01-21 02:57:40,2026-01-22 06:57:40,2 - High,Software,Resolved
INC900149,APP-REPO-19,2026-06-02 01:58:55,2026-06-03 15:58:55,2 - High,Network,Resolved
INC927942,APP-REPO-4,2026-03-10 17:29:15,2026-03-11 14:29:15,2 - High,Software,Resolved
INC760035,APP-REPO-8,2026-06-22 00:49:47,2026-06-22 09:49:47,4 - Low,Hardware,Resolved
INC862627,APP-REPO-2,2026-01-02 01:43:33,2026-01-03 08:43:33,1 - Critical,Hardware,Resolved
INC633320,APP-REPO-12,2026-03-23 08:39:36,2026-03-25 02:39:36,3 - Moderate,Database,Resolved
INC644098,APP-REPO-14,2026-08-21 05:26:43,2026-08-21 17:26:43,3 - Moderate,Network,Resolved
INC651001,APP-REPO-15,2026-01-22 06:37:11,2026-01-24 04:37:11,4 - Low,Database,Resolved
INC381370,APP-REPO-18,2025-12-13 07:28:43,2025-12-14 09:28:43,1 - Critical,Hardware,Resolved
INC330189,APP-REPO-6,2026-02-23 08:14:33,2026-02-24 13:14:33,2 - High,Database,Resolved
INC329212,APP-REPO-9,2026-08-24 08:18:16,2026-08-25 12:18:16,4 - Low,Hardware,Resolved
INC983353,APP-REPO-11,2026-04-02 14:28:02,2026-04-03 07:28:02,1 - Critical,Hardware,Resolved
INC888133,APP-REPO-2,2025-11-07 08:43:19,2025-11-08 03:43:19,4 - Low,Network,Resolved
INC341358,APP-REPO-18,2025-12-28 01:33:32,2025-12-28 04:33:32,4 - Low,Network,Resolved
INC546800,APP-REPO-14,2026-02-22 01:12:52,2026-02-23 07:12:52,4 - Low,Database,Resolved
INC485364,APP-REPO-15,2026-05-07 01:20:51,2026-05-07 22:20:51,3 - Moderate,Database,Resolved
INC125918,APP-REPO-5,2026-02-13 08:23:00,2026-02-14 13:23:00,2 - High,Network,Resolved
INC776703,APP-REPO-2,2026-05-08 04:16:37,2026-05-09 03:16:37,1 - Critical,Network,Resolved
INC983533,APP-REPO-16,2026-01-19 20:22:19,2026-01-21 05:22:19,1 - Critical,Network,Resolved
INC338804,APP-REPO-3,2026-06-25 12:23:42,2026-06-25 20:23:42,1 - Critical,Network,Resolved
INC140140,APP-REPO-17,2026-01-19 14:23:30,2026-01-20 03:23:30,3 - Moderate,Hardware,Resolved
INC807901,APP-REPO-10,2025-10-05 11:08:00,2025-10-06 04:08:00,3 - Moderate,Network,Resolved
INC299903,APP-REPO-19,2026-08-15 07:09:08,2026-08-15 16:09:08,3 - Moderate,Software,Resolved
INC907483,APP-REPO-9,2026-06-09 13:47:17,2026-06-10 08:47:17,3 - Moderate,Database,Resolved
INC525468,APP-REPO-18,2026-02-27 15:49:06,2026-03-01 09:49:06,1 - Critical,Database,Resolved
INC785864,APP-REPO-16,2026-01-11 12:59:03,2026-01-11 22:59:03,4 - Low,Hardware,Resolved
INC337949,APP-REPO-6,2025-09-30 02:07:12,2025-10-01 09:07:12,2 - High,Database,Resolved
INC857607,APP-REPO-14,2026-05-04 17:28:56,2026-05-05 15:28:56,1 - Critical,Network,Resolved
INC986887,APP-REPO-6,2026-08-28 21:39:15,2026-08-30 01:39:15,4 - Low,Hardware,Resolved
INC559990,APP-REPO-14,2026-06-20 06:45:22,2026-06-21 18:45:22,1 - Critical,Network,Resolved
INC245699,APP-REPO-18,2026-07-26 05:01:54,2026-07-26 14:01:54,3 - Moderate,Software,Resolved
INC624078,APP-REPO-11,2026-07-13 03:27:29,2026-07-14 01:27:29,2 - High,Database,Resolved
INC546399,APP-REPO-12,2025-10-15 23:46:01,2025-10-17 20:46:01,3 - Moderate,Network,Resolved
INC715467,APP-REPO-0,2026-09-15 14:12:24,2026-09-17 03:12:24,1 - Critical,Hardware,Resolved
INC261156,APP-REPO-10,2026-05-20 10:45:35,2026-05-21 23:45:35,4 - Low,Database,Resolved
INC314124,APP-REPO-12,2026-07-13 08:08:58,2026-07-13 13:08:58,4 - Low,Hardware,Resolved
INC597840,APP-REPO-3,2026-04-07 20:28:31,2026-04-08 18:28:31,4 - Low,Network,Resolved
INC197770,APP-REPO-5,2026-08-16 09:15:46,2026-08-16 16:15:46,2 - High,Software,Resolved
INC966621,APP-REPO-19,2026-09-13 01:58:47,2026-09-14 09:58:47,1 - Critical,Hardware,Resolved
INC308665,APP-REPO-2,2026-09-12 14:36:18,2026-09-13 15:36:18,3 - Moderate,Hardware,Resolved
INC344359,APP-REPO-9,2026-01-16 02:09:52,2026-01-17 21:09:52,1 - Critical,Database,Resolved
INC160244,APP-REPO-11,2026-07-25 05:04:17,2026-07-26 15:04:17,1 - Critical,Hardware,Resolved
INC442645,APP-REPO-13,2026-08-03 04:33:27,2026-08-04 06:33:27,2 - High,Software,Resolved
INC235410,APP-REPO-17,2025-12-25 07:30:01,2025-12-26 10:30:01,4 - Low,Software,Resolved
INC507888,APP-REPO-6,2026-05-20 16:53:51,2026-05-21 01:53:51,2 - High,Network,Resolved
INC553195,APP-REPO-15,2026-08-04 09:11:21,2026-08-04 20:11:21,3 - Moderate,Hardware,Resolved
INC626883,APP-REPO-14,2026-02-10 18:30:39,2026-02-11 12:30:39,2 - High,Software,Resolved
INC249623,APP-REPO-14,2025-12-20 23:54:42,2025-12-21 04:54:42,4 - Low,Hardware,Resolved
INC651400,APP-REPO-10,2026-06-01 04:21:01,2026-06-02 17:21:01,4 - Low,Database,Resolved
INC585171,APP-REPO-18,2025-12-09 18:48:00,2025-12-09 21:48:00,1 - Critical,Network,Resolved
INC777693,APP-REPO-14,2026-05-26 01:46:00,2026-05-27 00:46:00,3 - Moderate,Database,Resolved
INC742805,APP-REPO-5,2026-01-02 06:39:09,2026-01-03 09:39:09,2 - High,Hardware,Resolved
INC747743,APP-REPO-13,2026-06-17 03:51:51,2026-06-18 09:51:51,4 - Low,Hardware,Resolved
INC832453,APP-REPO-18,2026-07-17 09:07:57,2026-07-17 16:07:57,4 - Low,Software,Resolved
INC351338,APP-REPO-5,2026-07-03 22:10:52,2026-07-04 16:10:52,3 - Moderate,Software,Resolved
INC831952,APP-REPO-6,2026-07-21 23:59:15,2026-07-23 07:59:15,4 - Low,Software,Resolved
INC486643,APP-REPO-2,2026-06-09 22:39:32,2026-06-10 05:39:32,3 - Moderate,Database,Resolved
INC572840,APP-REPO-5,2026-06-18 08:40:15,2026-06-19 01:40:15,2 - High,Software,Resolved
INC584617,APP-REPO-0,2026-08-18 12:30:35,2026-08-18 17:30:35,4 - Low,Database,Resolved
INC460351,APP-REPO-12,2025-11-19 01:30:59,2025-11-19 14:30:59,4 - Low,Software,Resolved
INC111258,APP-REPO-8,2026-05-28 22:20:18,2026-05-29 06:20:18,2 - High,Network,Resolved
INC802855,APP-REPO-14,2025-11-03 16:16:30,2025-11-05 00:16:30,4 - Low,Software,Resolved
INC186558,APP-REPO-17,2026-09-12 18:58:28,2026-09-14 13:58:28,2 - High,Database,Resolved
INC247068,APP-REPO-15,2026-05-28 14:58:30,2026-05-29 08:58:30,2 - High,Hardware,Resolved
INC979226,APP-REPO-0,2026-06-04 22:58:22,2026-06-06 13:58:22,1 - Critical,Hardware,Resolved
INC408433,APP-REPO-3,2025-10-12 06:05:12,2025-10-13 17:05:12,4 - Low,Hardware,Resolved
INC181354,APP-REPO-0,2026-01-24 22:06:17,2026-01-26 18:06:17,3 - Moderate,Hardware,Resolved
INC562063,APP-REPO-11,2026-07-30 05:01:26,2026-07-30 17:01:26,2 - High,Software,Resolved
INC807835,APP-REPO-17,2026-03-17 03:24:41,2026-03-17 17:24:41,4 - Low,Software,Resolved
INC977135,APP-REPO-16,2025-10-09 21:37:17,2025-10-11 15:37:17,1 - Critical,Database,Resolved
INC823880,APP-REPO-9,2026-05-10 00:39:39,2026-05-11 05:39:39,1 - Critical,Software,Resolved
INC151028,APP-REPO-12,2026-02-15 15:23:41,2026-02-16 04:23:41,2 - High,Network,Resolved
INC350127,APP-REPO-6,2026-07-08 08:43:46,2026-07-08 14:43:46,1 - Critical,Database,Resolved
INC129301,APP-REPO-0,2025-11-16 23:29:18,2025-11-17 21:29:18,2 - High,Software,Resolved
INC331282,APP-REPO-3,2025-10-31 22:44:44,2025-11-02 17:44:44,2 - High,Hardware,Resolved
INC146150,APP-REPO-13,2026-09-15 04:59:14,2026-09-16 13:59:14,1 - Critical,Network,Resolved
INC438354,APP-REPO-17,2026-01-19 13:16:13,2026-01-21 06:16:13,2 - High,Hardware,Resolved
INC668016,APP-REPO-12,2026-01-31 19:53:04,2026-02-01 23:53:04,1 - Critical,Hardware,Resolved
INC324164,APP-REPO-3,2026-07-14 05:40:05,2026-07-15 04:40:05,3 - Moderate,Hardware,Resolved
INC115722,APP-REPO-12,2026-03-07 07:24:40,2026-03-09 01:24:40,3 - Moderate,Software,Resolved
INC508091,APP-REPO-6,2025-12-04 03:43:32,2025-12-05 09:43:32,2 - High,Software,Resolved
INC789922,APP-REPO-8,2025-12-13 22:11:05,2025-12-15 16:11:05,3 - Moderate,Software,Resolved
INC170601,APP-REPO-6,2025-11-17 06:27:36,2025-11-18 09:27:36,3 - Moderate,Database,Resolved
INC206759,APP-REPO-17,2026-07-29 09:28:20,2026-07-30 22:28:20,2 - High,Network,Resolved
INC199346,APP-REPO-19,2026-04-24 10:17:10,2026-04-25 07:17:10,4 - Low,Hardware,Resolved
INC448176,APP-REPO-5,2026-09-02 07:50:47,2026-09-04 00:50:47,3 - Moderate,Database,Resolved
INC170793,APP-REPO-10,2026-02-16 00:40:51,2026-02-16 02:40:51,4 - Low,Database,Resolved
INC635849,APP-REPO-7,2026-04-21 02:32:39,2026-04-22 11:32:39,1 - Critical,Hardware,Resolved
INC122243,APP-REPO-19,2026-04-09 19:42:28,2026-04-10 03:42:28,3 - Moderate,Hardware,Resolved
INC873758,APP-REPO-13,2026-09-16 16:57:26,2026-09-17 08:57:26,1 - Critical,Software,Resolved
INC244237,APP-REPO-11,2026-01-10 18:46:50,2026-01-12 02:46:50,3 - Moderate,Hardware,Resolved
INC259038,APP-REPO-12,2026-08-15 11:12:27,2026-08-16 01:12:27,1 - Critical,Hardware,Resolved
INC860541,APP-REPO-19,2025-11-29 20:18:24,2025-12-01 01:18:24,3 - Moderate,Hardware,Resolved
INC391636,APP-REPO-10,2026-01-04 17:46:35,2026-01-06 11:46:35,1 - Critical,Database,Resolved
INC779525,APP-REPO-9,2026-09-16 22:11:43,2026-09-17 00:11:43,2 - High,Network,Resolved
INC459376,APP-REPO-7,2026-08-13 05:18:28,2026-08-13 19:18:28,1 - Critical,Hardware,Resolved
INC940383,APP-REPO-7,2026-04-02 01:47:20,2026-04-03 16:47:20,4 - Low,Network,Resolved
INC292461,APP-REPO-14,2026-08-06 03:39:33,2026-08-07 20:39:33,1 - Critical,Software,Resolved
INC615524,APP-REPO-2,2026-01-19 13:33:33,2026-01-20 02:33:33,1 - Critical,Hardware,Resolved
INC314140,APP-REPO-4,2026-07-13 21:04:44,2026-07-14 03:04:44,2 - High,Hardware,Resolved
INC347789,APP-REPO-16,2026-08-30 23:19:45,2026-08-31 05:19:45,4 - Low,Database,Resolved
INC426592,APP-REPO-5,2026-02-05 11:41:47,2026-02-07 10:41:47,2 - High,Hardware,Resolved
INC544613,APP-REPO-5,2026-08-05 06:37:56,2026-08-06 21:37:56,2 - High,Network,Resolved
INC399214,APP-REPO-18,2025-11-10 16:06:04,2025-11-11 21:06:04,2 - High,Network,Resolved
INC919240,APP-REPO-15,2026-03-27 19:48:23,2026-03-28 01:48:23,3 - Moderate,Database,Resolved
INC496065,APP-REPO-5,2025-10-26 04:28:57,2025-10-27 11:28:57,4 - Low,Database,Resolved
INC629837,APP-REPO-19,2025-11-20 14:35:31,2025-11-22 14:35:31,4 - Low,Hardware,Resolved
INC959416,APP-REPO-15,2026-07-16 19:50:34,2026-07-16 21:50:34,4 - Low,Database,Resolved
INC995528,APP-REPO-2,2025-12-23 13:31:22,2025-12-24 09:31:22,2 - High,Hardware,Resolved
INC369789,APP-REPO-12,2026-08-26 23:43:59,2026-08-28 05:43:59,3 - Moderate,Database,Resolved
INC396983,APP-REPO-12,2026-06-16 14:26:08,2026-06-18 02:26:08,4 - Low,Software,Resolved
INC449421,APP-REPO-4,2026-07-05 04:49:50,2026-07-07 02:49:50,4 - Low,Hardware,Resolved
INC262240,APP-REPO-6,2026-06-15 20:33:47,2026-06-15 21:33:47,1 - Critical,Network,Resolved
INC615326,APP-REPO-12,2026-02-28 06:47:06,2026-03-01 09:47:06,4 - Low,Network,Resolved
INC502692,APP-REPO-15,2026-08-21 09:33:05,2026-08-22 05:33:05,1 - Critical,Database,Resolved
INC140712,APP-REPO-3,2026-08-05 09:56:31,2026-08-06 10:56:31,2 - High,Hardware,Resolved
INC900011,APP-REPO-13,2026-05-01 09:10:18,2026-05-02 02:10:18,3 - Moderate,Database,Resolved
INC765824,APP-REPO-11,2026-02-15 23:54:44,2026-02-17 20:54:44,1 - Critical,Database,Resolved
INC544638,APP-REPO-7,2025-11-01 00:19:31,2025-11-01 16:19:31,4 - Low,Software,Resolved
INC952624,APP-REPO-11,2026-07-31 00:19:54,2026-08-01 17:19:54,1 - Critical,Hardware,Resolved
INC374025,APP-REPO-19,2026-02-27 04:20:35,2026-02-28 10:20:35,2 - High,Network,Resolved
INC359433,APP-REPO-19,2025-10-02 08:22:22,2025-10-03 22:22:22,2 - High,Software,Resolved
INC222400,APP-REPO-2,2026-01-07 15:34:27,2026-01-09 09:34:27,4 - Low,Database,Resolved
INC840367,APP-REPO-18,2026-04-23 07:51:29,2026-04-23 13:51:29,2 - High,Database,Resolved
INC273878,APP-REPO-13,2025-11-13 22:34:19,2025-11-14 15:34:19,3 - Moderate,Database,Resolved
INC714549,APP-REPO-9,2026-03-22 13:33:16,2026-03-24 12:33:16,4 - Low,Software,Resolved
INC214582,APP-REPO-18,2026-02-17 02:06:32,2026-02-18 01:06:32,2 - High,Network,Resolved
INC885100,APP-REPO-6,2026-06-15 05:51:24,2026-06-17 05:51:24,4 - Low,Network,Resolved
INC106732,APP-REPO-5,2026-07-14 19:56:08,2026-07-16 03:56:08,1 - Critical,Software,Resolved
INC173234,APP-REPO-13,2026-06-15 01:18:43,2026-06-16 11:18:43,4 - Low,Network,Resolved
INC868650,APP-REPO-13,2026-01-06 18:09:47,2026-01-07 05:09:47,2 - High,Network,Resolved
INC295454,APP-REPO-4,2026-05-11 23:08:11,2026-05-12 12:08:11,4 - Low,Hardware,Resolved
INC627028,APP-REPO-3,2026-02-21 22:03:24,2026-02-23 03:03:24,2 - High,Hardware,Resolved
INC310701,APP-REPO-1,2026-08-12 08:07:35,2026-08-14 08:07:35,2 - High,Hardware,Resolved
INC371950,APP-REPO-13,2026-06-01 22:21:07,2026-06-03 03:21:07,1 - Critical,Hardware,Resolved
INC183686,APP-REPO-9,2026-02-18 05:01:37,2026-02-18 11:01:37,4 - Low,Software,Resolved
INC390206,APP-REPO-2,2025-11-08 00:30:01,2025-11-08 22:30:01,1 - Critical,Hardware,Resolved
INC601111,APP-REPO-15,2026-06-16 00:34:27,2026-06-17 20:34:27,1 - Critical,Software,Resolved
INC164022,APP-REPO-8,2025-12-26 18:01:11,2025-12-26 19:01:11,1 - Critical,Software,Resolved
INC321321,APP-REPO-16,2026-03-29 01:07:28,2026-03-29 02:07:28,4 - Low,Network,Resolved
INC609530,APP-REPO-15,2025-10-06 15:53:17,2025-10-07 13:53:17,4 - Low,Network,Resolved
INC488796,APP-REPO-10,2026-05-25 13:14:13,2026-05-26 10:14:13,2 - High,Network,Resolved
INC797385,APP-REPO-12,2026-09-05 08:18:27,2026-09-06 09:18:27,1 - Critical,Network,Resolved
INC446297,APP-REPO-3,2026-05-02 23:20:15,2026-05-03 00:20:15,4 - Low,Database,Resolved
INC860448,APP-REPO-4,2026-02-01 07:52:54,2026-02-01 09:52:54,1 - Critical,Network,Resolved
INC833232,APP-REPO-7,2026-09-17 09:26:42,2026-09-18 09:26:42,4 - Low,Database,Resolved
INC639926,APP-REPO-13,2026-05-21 21:01:11,2026-05-23 16:01:11,2 - High,Software,Resolved
INC769068,APP-REPO-10,2025-12-21 21:56:00,2025-12-21 23:56:00,3 - Moderate,Software,Resolved
INC946785,APP-REPO-10,2026-06-05 11:11:57,2026-06-07 07:11:57,4 - Low,Hardware,Resolved
INC736237,APP-REPO-15,2025-10-21 11:52:01,2025-10-22 13:52:01,1 - Critical,Network,Resolved
INC548702,APP-REPO-15,2026-05-31 17:02:07,2026-06-02 12:02:07,1 - Critical,Database,Resolved
INC408137,APP-REPO-19,2026-08-12 21:31:48,2026-08-13 10:31:48,2 - High,Software,Resolved
INC234072,APP-REPO-15,2026-03-26 05:55:43,2026-03-26 11:55:43,3 - Moderate,Database,Resolved
INC276216,APP-REPO-14,2026-09-15 02:44:55,2026-09-15 10:44:55,4 - Low,Hardware,Resolved
INC355177,APP-REPO-6,2026-06-26 05:09:16,2026-06-26 16:09:16,1 - Critical,Software,Resolved
INC556018,APP-REPO-0,2026-01-22 07:15:29,2026-01-22 18:15:29,3 - Moderate,Database,Resolved
INC903533,APP-REPO-8,2026-06-06 01:59:30,2026-06-06 16:59:30,3 - Moderate,Database,Resolved
INC803176,APP-REPO-3,2026-03-04 12:14:05,2026-03-06 07:14:05,2 - High,Database,Resolved
INC194835,APP-REPO-10,2025-11-11 06:08:24,2025-11-11 21:08:24,1 - Critical,Network,Resolved
INC495323,APP-REPO-12,2025-11-20 05:27:28,2025-11-21 23:27:28,4 - Low,Hardware,Resolved
INC334410,APP-REPO-8,2025-10-14 13:18:16,2025-10-14 21:18:16,3 - Moderate,Software,Resolved
INC216793,APP-REPO-2,2025-10-11 09:29:01,2025-10-12 07:29:01,2 - High,Software,Resolved
INC700665,APP-REPO-11,2026-01-23 03:31:30,2026-01-23 12:31:30,3 - Moderate,Database,Resolved
INC704941,APP-REPO-0,2026-04-06 06:14:09,2026-04-07 02:14:09,1 - Critical,Hardware,Resolved
INC988268,APP-REPO-12,2025-11-11 00:57:46,2025-11-12 04:57:46,3 - Moderate,Network,Resolved
INC936258,APP-REPO-4,2025-11-03 16:32:12,2025-11-05 02:32:12,2 - High,Software,Resolved
INC514515,APP-REPO-0,2025-12-27 03:08:11,2025-12-28 14:08:11,4 - Low,Network,Resolved
INC251729,APP-REPO-9,2026-09-06 12:29:52,2026-09-07 03:29:52,4 - Low,Database,Resolved
INC254586,APP-REPO-19,2026-04-23 16:56:21,2026-04-24 11:56:21,2 - High,Software,Resolved
INC727971,APP-REPO-10,2025-11-18 15:07:20,2025-11-19 11:07:20,1 - Critical,Network,Resolved
INC988845,APP-REPO-18,2026-02-24 21:05:00,2026-02-26 04:05:00,2 - High,Database,Resolved
INC405654,APP-REPO-12,2026-03-22 02:54:28,2026-03-22 06:54:28,3 - Moderate,Hardware,Resolved
INC968100,APP-REPO-6,2026-02-18 00:43:10,2026-02-19 23:43:10,2 - High,Software,Resolved
INC913735,APP-REPO-5,2026-06-14 08:01:34,2026-06-15 16:01:34,4 - Low,Network,Resolved
INC954602,APP-REPO-5,2026-07-12 13:12:34,2026-07-12 15:12:34,4 - Low,Network,Resolved
INC542957,APP-REPO-15,2026-06-24 10:20:34,2026-06-25 09:20:34,4 - Low,Database,Resolved
INC175312,APP-REPO-16,2026-04-24 17:36:02,2026-04-26 16:36:02,3 - Moderate,Network,Resolved
INC830203,APP-REPO-6,2026-03-08 17:11:10,2026-03-10 14:11:10,4 - Low,Software,Resolved
INC237259,APP-REPO-10,2026-05-13 01:03:01,2026-05-14 15:03:01,1 - Critical,Network,Resolved
INC579757,APP-REPO-5,2026-07-12 05:05:25,2026-07-13 18:05:25,2 - High,Database,Resolved
INC829762,APP-REPO-15,2026-07-06 03:02:11,2026-07-06 22:02:11,2 - High,Hardware,Resolved
INC328732,APP-REPO-6,2025-11-25 22:53:58,2025-11-27 22:53:58,1 - Critical,Network,Resolved
INC861221,APP-REPO-18,2026-09-05 19:17:46,2026-09-06 02:17:46,2 - High,Database,Resolved
INC547858,APP-REPO-5,2026-03-07 01:38:44,2026-03-07 05:38:44,1 - Critical,Network,Resolved
INC596894,APP-REPO-5,2026-06-08 06:57:22,2026-06-08 10:57:22,1 - Critical,Network,Resolved
INC722217,APP-REPO-13,2025-11-04 09:35:24,2025-11-04 19:35:24,4 - Low,Hardware,Resolved
INC135644,APP-REPO-3,2026-08-16 17:13:27,2026-08-17 09:13:27,4 - Low,Database,Resolved
INC417393,APP-REPO-19,2026-04-04 23:41:11,2026-04-05 11:41:11,4 - Low,Software,Resolved
INC915509,APP-REPO-14,2026-05-24 00:56:10,2026-05-25 18:56:10,4 - Low,Network,Resolved
INC763049,APP-REPO-14,2026-03-04 10:33:26,2026-03-05 10:33:26,1 - Critical,Software,Resolved
INC222292,APP-REPO-2,2026-01-13 14:00:31,2026-01-13 22:00:31,4 - Low,Hardware,Resolved
INC124145,APP-REPO-18,2025-10-09 15:34:46,2025-10-11 04:34:46,4 - Low,Network,Resolved
INC827424,APP-REPO-3,2026-06-22 00:31:25,2026-06-23 14:31:25,2 - High,Database,Resolved
INC607711,APP-REPO-13,2026-02-17 20:13:52,2026-02-18 16:13:52,2 - High,Software,Resolved
INC441027,APP-REPO-2,2025-12-20 07:44:30,2025-12-22 05:44:30,2 - High,Database,Resolved
INC952353,APP-REPO-0,2026-03-18 03:16:17,2026-03-19 05:16:17,4 - Low,Software,Resolved
INC644107,APP-REPO-18,2026-03-18 15:30:26,2026-03-20 02:30:26,1 - Critical,Hardware,Resolved
INC790573,APP-REPO-3,2025-12-27 15:22:15,2025-12-28 03:22:15,2 - High,Software,Resolved
INC681667,APP-REPO-14,2026-08-25 04:00:55,2026-08-26 01:00:55,1 - Critical,Software,Resolved
INC235073,APP-REPO-18,2026-02-14 19:07:14,2026-02-15 09:07:14,2 - High,Software,Resolved
INC689820,APP-REPO-8,2025-11-04 12:41:37,2025-11-04 15:41:37,1 - Critical,Software,Resolved
INC630734,APP-REPO-9,2026-06-20 05:38:41,2026-06-21 05:38:41,2 - High,Database,Resolved
INC790130,APP-REPO-0,2026-02-16 14:27:05,2026-02-17 06:27:05,3 - Moderate,Software,Resolved
INC644675,APP-REPO-9,2026-04-26 09:25:52,2026-04-28 04:25:52,4 - Low,Hardware,Resolved
INC705103,APP-REPO-15,2026-09-12 03:03:34,2026-09-14 00:03:34,3 - Moderate,Network,Resolved
INC735617,APP-REPO-17,2026-06-04 08:51:47,2026-06-05 17:51:47,2 - High,Software,Resolved
INC794804,APP-REPO-1,2026-02-13 05:43:27,2026-02-13 21:43:27,1 - Critical,Hardware,Resolved
INC248548,APP-REPO-9,2025-10-20 11:00:33,2025-10-21 01:00:33,2 - High,Hardware,Resolved
INC720529,APP-REPO-11,2026-02-28 13:34:19,2026-03-01 07:34:19,2 - High,Database,Resolved
INC177971,APP-REPO-17,2026-01-12 02:02:35,2026-01-12 19:02:35,3 - Moderate,Database,Resolved
INC781332,APP-REPO-5,2025-12-09 15:47:08,2025-12-10 17:47:08,4 - Low,Software,Resolved
INC366526,APP-REPO-13,2025-11-13 09:15:09,2025-11-15 06:15:09,2 - High,Hardware,Resolved
INC173985,APP-REPO-8,2026-08-22 06:53:01,2026-08-23 23:53:01,2 - High,Network,Resolved
INC691021,APP-REPO-16,2026-08-13 00:39:33,2026-08-14 15:39:33,2 - High,Database,Resolved
INC961476,APP-REPO-4,2026-03-22 12:54:53,2026-03-23 09:54:53,4 - Low,Database,Resolved
INC127168,APP-REPO-19,2025-11-01 13:05:59,2025-11-02 05:05:59,1 - Critical,Network,Resolved
INC230674,APP-REPO-17,2026-06-11 08:05:38,2026-06-11 16:05:38,4 - Low,Software,Resolved
INC445356,APP-REPO-2,2025-12-18 07:36:40,2025-12-19 07:36:40,3 - Moderate,Network,Resolved
INC253437,APP-REPO-7,2026-06-03 03:45:38,2026-06-03 21:45:38,1 - Critical,Software,Resolved
INC495476,APP-REPO-7,2026-06-02 07:08:51,2026-06-03 08:08:51,1 - Critical,Software,Resolved
INC284267,APP-REPO-16,2026-05-16 20:26:43,2026-05-18 19:26:43,3 - Moderate,Database,Resolved
INC200181,APP-REPO-16,2025-10-05 05:42:27,2025-10-06 04:42:27,3 - Moderate,Network,Resolved
INC736975,APP-REPO-3,2025-10-16 14:04:03,2025-10-16 18:04:03,2 - High,Network,Resolved
INC888395,APP-REPO-12,2026-07-29 12:05:55,2026-07-30 00:05:55,3 - Moderate,Database,Resolved
INC600025,APP-REPO-18,2026-02-03 11:10:20,2026-02-03 20:10:20,3 - Moderate,Software,Resolved
INC820013,APP-REPO-16,2025-12-30 12:52:05,2026-01-01 10:52:05,2 - High,Hardware,Resolved
INC249600,APP-REPO-12,2025-11-14 20:20:14,2025-11-16 09:20:14,3 - Moderate,Software,Resolved
INC860657,APP-REPO-11,2026-07-29 13:48:33,2026-07-31 11:48:33,2 - High,Database,Resolved
INC841119,APP-REPO-14,2026-05-04 04:53:23,2026-05-04 16:53:23,4 - Low,Network,Resolved
INC937255,APP-REPO-14,2025-12-15 15:17:46,2025-12-17 00:17:46,3 - Moderate,Network,Resolved
INC548544,APP-REPO-16,2025-10-23 14:08:04,2025-10-25 12:08:04,2 - High,Network,Resolved
INC766511,APP-REPO-2,2026-08-15 05:06:16,2026-08-16 01:06:16,4 - Low,Network,Resolved
INC986304,APP-REPO-2,2026-07-21 02:25:31,2026-07-22 19:25:31,1 - Critical,Software,Resolved
INC865411,APP-REPO-7,2026-04-30 04:13:57,2026-04-30 10:13:57,2 - High,Software,Resolved
INC188693,APP-REPO-9,2025-12-16 09:29:17,2025-12-17 21:29:17,4 - Low,Software,Resolved
INC544579,APP-REPO-16,2026-05-12 16:07:41,2026-05-14 15:07:41,2 - High,Database,Resolved
INC621986,APP-REPO-16,2025-12-19 19:27:14,2025-12-21 15:27:14,1 - Critical,Database,Resolved
INC114575,APP-REPO-19,2026-08-08 16:50:40,2026-08-09 05:50:40,1 - Critical,Database,Resolved
INC836720,APP-REPO-17,2026-08-30 16:47:26,2026-09-01 16:47:26,3 - Moderate,Hardware,Resolved
INC874879,APP-REPO-16,2025-12-26 10:20:48,2025-12-28 06:20:48,1 - Critical,Database,Resolved
INC276718,APP-REPO-16,2026-02-01 13:02:19,2026-02-02 04:02:19,2 - High,Software,Resolved
INC484880,APP-REPO-4,2026-07-24 16:16:47,2026-07-26 01:16:47,3 - Moderate,Software,Resolved
INC543256,APP-REPO-15,2025-11-23 05:56:46,2025-11-24 06:56:46,2 - High,Network,Resolved
INC218733,APP-REPO-10,2026-07-30 05:20:03,2026-08-01 01:20:03,2 - High,Software,Resolved
INC404154,APP-REPO-9,2026-09-11 16:11:57,2026-09-12 23:11:57,3 - Moderate,Network,Resolved
INC323415,APP-REPO-0,2026-05-16 09:35:35,2026-05-18 09:35:35,4 - Low,Hardware,Resolved
INC419626,APP-REPO-16,2025-09-28 01:04:15,2025-09-28 04:04:15,4 - Low,Database,Resolved
INC160289,APP-REPO-11,2026-01-12 15:01:49,2026-01-12 16:01:49,4 - Low,Network,Resolved
INC412843,APP-REPO-11,2026-08-26 07:33:59,2026-08-26 14:33:59,1 - Critical,Network,Resolved
INC857526,APP-REPO-5,2025-11-22 03:13:52,2025-11-23 05:13:52,3 - Moderate,Software,Resolved
INC206260,APP-REPO-13,2025-11-16 10:15:22,2025-11-17 18:15:22,2 - High,Software,Resolved
INC654797,APP-REPO-16,2026-04-24 17:48:52,2026-04-25 03:48:52,4 - Low,Software,Resolved
INC611088,APP-REPO-0,2026-01-02 06:54:29,2026-01-02 16:54:29,3 - Moderate,Hardware,Resolved
INC593563,APP-REPO-12,2026-08-03 01:19:47,2026-08-04 01:19:47,3 - Moderate,Network,Resolved
INC549148,APP-REPO-5,2025-12-03 17:04:21,2025-12-05 04:04:21,3 - Moderate,Software,Resolved
INC559876,APP-REPO-14,2025-11-08 15:13:46,2025-11-09 02:13:46,2 - High,Network,Resolved
INC883381,APP-REPO-13,2026-06-10 16:08:43,2026-06-10 17:08:43,3 - Moderate,Hardware,Resolved
INC216041,APP-REPO-6,2026-08-29 10:31:16,2026-08-30 05:31:16,1 - Critical,Hardware,Resolved
INC513711,APP-REPO-13,2025-10-06 22:55:48,2025-10-08 22:55:48,3 - Moderate,Software,Resolved
INC268099,APP-REPO-6,2025-11-17 03:08:12,2025-11-18 10:08:12,3 - Moderate,Software,Resolved
INC541550,APP-REPO-15,2025-10-02 17:08:59,2025-10-04 05:08:59,4 - Low,Hardware,Resolved
INC440669,APP-REPO-12,2026-02-13 01:42:06,2026-02-14 10:42:06,4 - Low,Hardware,Resolved
INC215063,APP-REPO-3,2026-07-30 17:49:56,2026-07-30 19:49:56,2 - High,Hardware,Resolved
INC460836,APP-REPO-16,2026-07-30 03:21:22,2026-07-30 04:21:22,2 - High,Software,Resolved
INC811259,APP-REPO-10,2025-12-28 08:19:29,2025-12-29 12:19:29,1 - Critical,Database,Resolved
INC603518,APP-REPO-9,2026-05-13 15:08:55,2026-05-14 10:08:55,4 - Low,Software,Resolved
INC897861,APP-REPO-13,2026-01-30 16:24:37,2026-01-31 08:24:37,2 - High,Hardware,Resolved
INC361584,APP-REPO-8,2025-10-03 01:43:55,2025-10-03 09:43:55,3 - Moderate,Hardware,Resolved
INC798698,APP-REPO-13,2025-12-03 14:44:02,2025-12-04 03:44:02,4 - Low,Software,Resolved
INC835203,APP-REPO-16,2026-01-08 00:02:46,2026-01-09 16:02:46,2 - High,Hardware,Resolved
INC996398,APP-REPO-18,2025-10-17 07:02:09,2025-10-19 00:02:09,2 - High,Hardware,Resolved
INC226312,APP-REPO-4,2025-11-15 04:07:00,2025-11-16 06:07:00,1 - Critical,Network,Resolved
INC301512,APP-REPO-4,2026-07-11 23:57:18,2026-07-13 03:57:18,1 - Critical,Hardware,Resolved
INC195352,APP-REPO-1,2026-03-09 10:16:42,2026-03-10 11:16:42,4 - Low,Network,Resolved
INC834169,APP-REPO-7,2026-04-19 06:06:51,2026-04-19 21:06:51,3 - Moderate,Database,Resolved
INC602472,APP-REPO-1,2025-11-10 01:55:47,2025-11-11 10:55:47,4 - Low,Software,Resolved
INC419071,APP-REPO-3,2026-07-13 12:44:44,2026-07-14 06:44:44,3 - Moderate,Network,Resolved
INC468075,APP-REPO-13,2025-10-21 15:02:43,2025-10-22 07:02:43,3 - Moderate,Software,Resolved
INC290580,APP-REPO-1,2026-03-30 21:34:32,2026-03-30 22:34:32,1 - Critical,Network,Resolved
INC322274,APP-REPO-9,2026-03-20 00:52:10,2026-03-21 07:52:10,3 - Moderate,Software,Resolved
INC551839,APP-REPO-5,2026-07-26 02:17:09,2026-07-26 19:17:09,4 - Low,Network,Resolved
INC450520,APP-REPO-9,2026-02-14 13:05:22,2026-02-14 21:05:22,1 - Critical,Software,Resolved
INC816137,APP-REPO-17,2026-04-14 06:21:58,2026-04-14 15:21:58,3 - Moderate,Network,Resolved
INC877301,APP-REPO-11,2026-05-15 12:00:36,2026-05-17 12:00:36,3 - Moderate,Hardware,Resolved
INC781834,APP-REPO-8,2025-11-08 07:05:55,2025-11-08 21:05:55,4 - Low,Software,Resolved
INC211532,APP-REPO-4,2026-03-21 11:38:15,2026-03-23 04:38:15,1 - Critical,Software,Resolved
INC715054,APP-REPO-6,2026-04-10 14:45:31,2026-04-11 03:45:31,4 - Low,Software,Resolved
INC178516,APP-REPO-17,2025-12-21 23:38:06,2025-12-23 15:38:06,3 - Moderate,Network,Resolved
INC860585,APP-REPO-15,2026-05-23 19:51:10,2026-05-24 08:51:10,2 - High,Software,Resolved
INC234041,APP-REPO-6,2025-10-13 18:49:59,2025-10-14 21:49:59,3 - Moderate,Network,Resolved
INC483791,APP-REPO-14,2026-07-06 09:02:15,2026-07-08 02:02:15,1 - Critical,Database,Resolved
INC170997,APP-REPO-15,2026-07-28 02:50:46,2026-07-29 05:50:46,1 - Critical,Hardware,Resolved
INC728258,APP-REPO-8,2026-09-14 20:49:16,2026-09-16 17:49:16,2 - High,Network,Resolved
INC147652,APP-REPO-18,2026-08-29 15:29:21,2026-08-29 19:29:21,2 - High,Database,Resolved
INC619072,APP-REPO-17,2026-06-09 20:03:48,2026-06-11 05:03:48,1 - Critical,Hardware,Resolved
INC559008,APP-REPO-16,2026-04-17 10:55:09,2026-04-18 11:55:09,4 - Low,Database,Resolved
INC736714,APP-REPO-8,2026-01-22 02:02:24,2026-01-22 16:02:24,2 - High,Software,Resolved
INC267775,APP-REPO-18,2026-03-23 19:54:26,2026-03-24 09:54:26,1 - Critical,Database,Resolved
INC628291,APP-REPO-16,2026-06-03 19:00:41,2026-06-04 12:00:41,3 - Moderate,Hardware,Resolved
INC410759,APP-REPO-8,2025-10-09 00:59:12,2025-10-10 12:59:12,1 - Critical,Hardware,Resolved
INC334807,APP-REPO-1,2025-10-20 13:34:31,2025-10-22 00:34:31,2 - High,Network,Resolved
INC140989,APP-REPO-4,2026-03-31 23:04:35,2026-04-01 17:04:35,2 - High,Network,Resolved
INC929026,APP-REPO-1,2026-08-22 00:02:11,2026-08-23 18:02:11,2 - High,Hardware,Resolved
INC660563,APP-REPO-3,2026-03-01 21:59:08,2026-03-01 22:59:08,3 - Moderate,Network,Resolved
INC440327,APP-REPO-2,2026-03-11 11:47:59,2026-03-13 09:47:59,3 - Moderate,Hardware,Resolved
INC528178,APP-REPO-19,2026-06-20 09:32:01,2026-06-21 04:32:01,3 - Moderate,Software,Resolved
INC756361,APP-REPO-0,2025-11-07 20:55:07,2025-11-08 19:55:07,2 - High,Network,Resolved
INC285320,APP-REPO-8,2026-04-05 08:16:42,2026-04-05 10:16:42,1 - Critical,Database,Resolved
INC785584,APP-REPO-8,2026-06-30 14:42:11,2026-07-02 07:42:11,2 - High,Database,Resolved
INC331356,APP-REPO-10,2026-09-15 05:40:04,2026-09-15 23:40:04,2 - High,Database,Resolved
INC263201,APP-REPO-14,2026-03-18 04:56:32,2026-03-18 19:56:32,4 - Low,Network,Resolved
INC255539,APP-REPO-15,2025-10-25 11:37:29,2025-10-25 17:37:29,4 - Low,Hardware,Resolved
INC581705,APP-REPO-5,2026-09-11 04:24:55,2026-09-11 16:24:55,2 - High,Database,Resolved
INC864915,APP-REPO-5,2025-10-28 07:39:48,2025-10-30 01:39:48,3 - Moderate,Software,Resolved
INC425226,APP-REPO-5,2026-01-30 00:56:29,2026-01-30 12:56:29,4 - Low,Hardware,Resolved
INC172827,APP-REPO-4,2026-05-21 04:23:04,2026-05-21 09:23:04,4 - Low,Hardware,Resolved
INC577127,APP-REPO-12,2025-11-23 13:12:47,2025-11-23 20:12:47,2 - High,Software,Resolved
INC732599,APP-REPO-3,2025-10-22 10:50:40,2025-10-23 11:50:40,4 - Low,Software,Resolved
INC215380,APP-REPO-0,2025-11-14 22:49:57,2025-11-16 16:49:57,1 - Critical,Hardware,Resolved
INC360406,APP-REPO-2,2026-01-11 17:58:35,2026-01-12 11:58:35,2 - High,Software,Resolved
INC930892,APP-REPO-0,2026-05-27 09:42:08,2026-05-27 16:42:08,3 - Moderate,Software,Resolved
INC312149,APP-REPO-4,2026-05-30 19:20:39,2026-06-01 02:20:39,4 - Low,Hardware,Resolved
INC422316,APP-REPO-10,2026-05-12 06:38:09,2026-05-13 13:38:09,2 - High,Hardware,Resolved
INC158589,APP-REPO-17,2026-04-27 21:41:38,2026-04-29 18:41:38,3 - Moderate,Software,Resolved
INC122238,APP-REPO-1,2026-06-30 12:23:12,2026-06-30 19:23:12,3 - Moderate,Software,Resolved
INC636391,APP-REPO-13,2026-01-31 05:35:22,2026-01-31 15:35:22,1 - Critical,Hardware,Resolved
INC125166,APP-REPO-7,2026-02-21 20:55:40,2026-02-23 00:55:40,4 - Low,Hardware,Resolved
INC470472,APP-REPO-9,2026-05-16 22:44:14,2026-05-17 13:44:14,4 - Low,Software,Resolved
INC615711,APP-REPO-5,2026-04-20 23:47:23,2026-04-21 07:47:23,2 - High,Software,Resolved
INC395503,APP-REPO-11,2026-01-19 11:17:16,2026-01-19 16:17:16,3 - Moderate,Software,Resolved
INC478004,APP-REPO-2,2026-03-22 03:34:33,2026-03-22 06:34:33,2 - High,Hardware,Resolved
INC549449,APP-REPO-16,2026-04-11 06:43:09,2026-04-12 04:43:09,2 - High,Database,Resolved
INC257517,APP-REPO-9,2026-05-20 01:37:42,2026-05-21 17:37:42,3 - Moderate,Network,Resolved
INC208970,APP-REPO-8,2026-03-13 00:23:24,2026-03-14 08:23:24,3 - Moderate,Network,Resolved
INC950100,APP-REPO-2,2025-11-04 11:03:06,2025-11-04 12:03:06,2 - High,Hardware,Resolved
INC435812,APP-REPO-4,2026-07-31 22:49:58,2026-08-01 23:49:58,4 - Low,Database,Resolved
INC954222,APP-REPO-2,2026-06-26 11:41:59,2026-06-26 19:41:59,4 - Low,Network,Resolved
INC251695,APP-REPO-2,2025-11-10 09:03:29,2025-11-11 06:03:29,2 - High,Hardware,Resolved
INC904819,APP-REPO-12,2026-08-24 03:14:45,2026-08-25 02:14:45,3 - Moderate,Database,Resolved
INC544420,APP-REPO-15,2026-06-08 05:00:31,2026-06-10 02:00:31,4 - Low,Network,Resolved
INC244935,APP-REPO-7,2026-06-06 17:37:28,2026-06-07 18:37:28,4 - Low,Database,Resolved
INC664917,APP-REPO-17,2026-09-02 19:27:23,2026-09-04 03:27:23,2 - High,Database,Resolved
INC187679,APP-REPO-18,2026-07-22 13:53:37,2026-07-24 11:53:37,4 - Low,Hardware,Resolved
INC837246,APP-REPO-2,2026-04-29 01:27:30,2026-04-29 17:27:30,3 - Moderate,Software,Resolved
INC313154,APP-REPO-0,2026-07-03 21:21:23,2026-07-04 21:21:23,4 - Low,Hardware,Resolved
INC215507,APP-REPO-1,2026-08-29 01:36:53,2026-08-30 00:36:53,3 - Moderate,Hardware,Resolved
INC409012,APP-REPO-14,2025-12-19 10:48:06,2025-12-19 20:48:06,4 - Low,Hardware,Resolved
INC320974,APP-REPO-7,2026-03-12 23:11:02,2026-03-13 03:11:02,2 - High,Software,Resolved
INC829578,APP-REPO-4,2026-03-21 07:26:18,2026-03-22 08:26:18,1 - Critical,Database,Resolved
INC489739,APP-REPO-1,2026-09-06 20:14:59,2026-09-08 17:14:59,1 - Critical,Software,Resolved
INC599988,APP-REPO-19,2025-12-24 16:21:22,2025-12-25 03:21:22,1 - Critical,Hardware,Resolved
INC482986,APP-REPO-4,2026-03-06 15:39:49,2026-03-06 21:39:49,2 - High,Software,Resolved
INC113083,APP-REPO-18,2026-02-05 13:42:47,2026-02-06 16:42:47,2 - High,Hardware,Resolved
INC592584,APP-REPO-4,2026-08-14 06:44:52,2026-08-16 06:44:52,3 - Moderate,Database,Resolved
INC531512,APP-REPO-10,2026-03-22 01:33:28,2026-03-23 06:33:28,1 - Critical,Network,Resolved
INC216671,APP-REPO-4,2026-02-28 19:04:34,2026-02-28 23:04:34,1 - Critical,Hardware,Resolved
INC627743,APP-REPO-5,2026-03-07 11:56:46,2026-03-07 12:56:46,4 - Low,Database,Resolved
INC812930,APP-REPO-14,2026-07-07 07:07:23,2026-07-08 19:07:23,3 - Moderate,Network,Resolved
INC843810,APP-REPO-7,2025-11-02 20:54:21,2025-11-04 00:54:21,2 - High,Network,Resolved
INC196402,APP-REPO-16,2026-01-26 07:48:12,2026-01-27 08:48:12,2 - High,Hardware,Resolved
INC519852,APP-REPO-19,2026-03-11 16:22:13,2026-03-11 20:22:13,2 - High,Database,Resolved
INC292616,APP-REPO-17,2026-01-26 07:34:20,2026-01-27 22:34:20,1 - Critical,Database,Resolved
INC600607,APP-REPO-10,2026-06-12 05:53:46,2026-06-13 23:53:46,4 - Low,Database,Resolved
INC272830,APP-REPO-1,2026-01-03 22:23:12,2026-01-04 22:23:12,4 - Low,Hardware,Resolved
INC383031,APP-REPO-3,2026-02-19 07:22:48,2026-02-19 14:22:48,1 - Critical,Network,Resolved
INC732490,APP-REPO-10,2025-11-25 05:20:22,2025-11-25 07:20:22,2 - High,Network,Resolved
INC270666,APP-REPO-17,2026-06-20 16:16:39,2026-06-20 23:16:39,1 - Critical,Hardware,Resolved
INC726116,APP-REPO-0,2026-09-20 09:29:08,2026-09-21 05:29:08,2 - High,Hardware,Resolved
INC769399,APP-REPO-1,2026-03-30 03:08:19,2026-03-30 19:08:19,3 - Moderate,Software,Resolved
INC697817,APP-REPO-18,2025-10-23 00:22:10,2025-10-23 03:22:10,4 - Low,Software,Resolved
INC150382,APP-REPO-10,2025-11-01 08:55:05,2025-11-01 14:55:05,3 - Moderate,Software,Resolved
INC473973,APP-REPO-9,2026-08-15 23:19:03,2026-08-17 01:19:03,2 - High,Network,Resolved
INC888363,APP-REPO-12,2025-10-30 02:17:42,2025-11-01 01:17:42,3 - Moderate,Hardware,Resolved
INC836789,APP-REPO-3,2025-11-02 03:36:33,2025-11-03 01:36:33,4 - Low,Software,Resolved
INC626570,APP-REPO-4,2026-03-13 16:01:21,2026-03-13 18:01:21,4 - Low,Database,Resolved
INC714841,APP-REPO-1,2025-11-03 10:41:14,2025-11-04 05:41:14,2 - High,Hardware,Resolved
INC815520,APP-REPO-14,2026-07-13 02:42:49,2026-07-13 08:42:49,1 - Critical,Hardware,Resolved
INC326122,APP-REPO-4,2026-07-10 20:43:10,2026-07-12 18:43:10,2 - High,Network,Resolved
INC569217,APP-REPO-4,2026-02-18 15:57:43,2026-02-19 13:57:43,3 - Moderate,Network,Resolved
INC753756,APP-REPO-13,2026-08-08 04:52:47,2026-08-08 07:52:47,4 - Low,Hardware,Resolved
INC318964,APP-REPO-19,2025-11-16 11:24:20,2025-11-18 02:24:20,1 - Critical,Hardware,Resolved
INC694438,APP-REPO-15,2026-05-01 00:23:34,2026-05-01 07:23:34,1 - Critical,Hardware,Resolved
INC903541,APP-REPO-9,2025-10-20 05:42:17,2025-10-21 17:42:17,1 - Critical,Database,Resolved
INC198685,APP-REPO-14,2026-05-12 16:53:32,2026-05-13 13:53:32,2 - High,Network,Resolved
INC269316,APP-REPO-2,2026-05-03 01:00:23,2026-05-03 19:00:23,3 - Moderate,Network,Resolved
INC193563,APP-REPO-2,2026-05-03 01:54:36,2026-05-03 13:54:36,4 - Low,Network,Resolved
INC596250,APP-REPO-8,2026-02-01 23:09:53,2026-02-03 04:09:53,2 - High,Software,Resolved
INC696360,APP-REPO-15,2026-06-14 03:37:04,2026-06-14 06:37:04,3 - Moderate,Network,Resolved
INC520415,APP-REPO-13,2025-11-13 09:55:11,2025-11-15 01:55:11,2 - High,Database,Resolved
INC484546,APP-REPO-16,2026-03-05 11:39:20,2026-03-07 03:39:20,3 - Moderate,Network,Resolved
INC187546,APP-REPO-13,2026-02-11 06:24:52,2026-02-12 15:24:52,4 - Low,Network,Resolved
INC815711,APP-REPO-1,2026-09-01 05:15:09,2026-09-02 21:15:09,1 - Critical,Hardware,Resolved
INC833736,APP-REPO-17,2026-06-12 08:03:53,2026-06-12 09:03:53,2 - High,Software,Resolved
INC404779,APP-REPO-12,2026-07-15 07:47:51,2026-07-15 18:47:51,4 - Low,Software,Resolved
INC333886,APP-REPO-12,2026-03-10 04:41:55,2026-03-11 10:41:55,1 - Critical,Network,Resolved
INC588508,APP-REPO-14,2026-08-30 01:50:48,2026-08-31 19:50:48,4 - Low,Software,Resolved
INC189991,APP-REPO-5,2026-09-17 14:55:24,2026-09-19 13:55:24,1 - Critical,Database,Resolved
INC905533,APP-REPO-13,2026-07-03 23:24:51,2026-07-04 12:24:51,4 - Low,Network,Resolved
INC167603,APP-REPO-10,2025-10-16 22:09:13,2025-10-17 20:09:13,4 - Low,Hardware,Resolved
INC836405,APP-REPO-15,2026-01-16 15:32:31,2026-01-16 23:32:31,3 - Moderate,Database,Resolved
INC140141,APP-REPO-17,2026-05-18 02:52:09,2026-05-18 12:52:09,4 - Low,Hardware,Resolved
INC771315,APP-REPO-6,2026-01-26 06:52:35,2026-01-27 03:52:35,1 - Critical,Database,Resolved
INC165431,APP-REPO-11,2026-02-10 12:13:18,2026-02-11 16:13:18,4 - Low,Hardware,Resolved
INC156704,APP-REPO-6,2025-11-06 04:16:08,2025-11-06 06:16:08,4 - Low,Network,Resolved
INC364315,APP-REPO-5,2026-05-09 09:13:57,2026-05-09 15:13:57,2 - High,Software,Resolved
INC387210,APP-REPO-12,2026-04-12 00:04:09,2026-04-12 06:04:09,3 - Moderate,Database,Resolved
INC540110,APP-REPO-16,2025-12-18 13:30:39,2025-12-19 03:30:39,3 - Moderate,Hardware,Resolved
INC970893,APP-REPO-1,2025-11-26 00:49:53,2025-11-26 06:49:53,4 - Low,Network,Resolved
INC889762,APP-REPO-9,2026-06-08 23:52:03,2026-06-09 10:52:03,2 - High,Network,Resolved
INC539459,APP-REPO-15,2026-04-02 04:58:21,2026-04-03 11:58:21,2 - High,Database,Resolved
INC471921,APP-REPO-18,2025-12-23 00:45:19,2025-12-24 01:45:19,1 - Critical,Hardware,Resolved
INC181588,APP-REPO-18,2026-08-21 23:48:56,2026-08-23 15:48:56,2 - High,Network,Resolved
INC796320,APP-REPO-10,2025-11-07 23:18:36,2025-11-08 00:18:36,2 - High,Database,Resolved
INC254650,APP-REPO-15,2026-02-09 21:56:26,2026-02-10 18:56:26,1 - Critical,Database,Resolved
INC375568,APP-REPO-16,2026-08-21 06:05:34,2026-08-23 05:05:34,1 - Critical,Database,Resolved
INC972950,APP-REPO-4,2026-04-30 23:24:42,2026-05-02 16:24:42,4 - Low,Software,Resolved
INC138258,APP-REPO-6,2026-02-16 16:33:32,2026-02-18 16:33:32,2 - High,Database,Resolved
INC830276,APP-REPO-17,2025-11-10 13:27:01,2025-11-11 00:27:01,4 - Low,Hardware,Resolved
INC464994,APP-REPO-6,2026-07-20 02:38:28,2026-07-20 15:38:28,1 - Critical,Network,Resolved
INC953309,APP-REPO-11,2026-01-13 03:05:08,2026-01-13 05:05:08,3 - Moderate,Network,Resolved
INC626474,APP-REPO-3,2026-05-07 21:38:29,2026-05-09 18:38:29,4 - Low,Database,Resolved
INC534166,APP-REPO-13,2025-12-23 18:35:49,2025-12-24 17:35:49,3 - Moderate,Database,Resolved
INC648583,APP-REPO-10,2026-08-06 10:29:24,2026-08-06 18:29:24,2 - High,Database,Resolved
INC549192,APP-REPO-11,2026-03-12 14:15:33,2026-03-13 02:15:33,2 - High,Database,Resolved
INC500098,APP-REPO-9,2026-08-21 04:03:31,2026-08-22 23:03:31,4 - Low,Network,Resolved
INC836197,APP-REPO-19,2026-05-02 19:13:15,2026-05-03 02:13:15,1 - Critical,Software,Resolved
INC193992,APP-REPO-0,2026-07-21 23:37:52,2026-07-23 15:37:52,4 - Low,Software,Resolved
INC620518,APP-REPO-19,2026-08-10 18:55:58,2026-08-12 05:55:58,1 - Critical,Database,Resolved
INC627812,APP-REPO-18,2026-05-26 09:31:39,2026-05-26 12:31:39,3 - Moderate,Database,Resolved
INC322162,APP-REPO-7,2026-05-23 05:33:32,2026-05-24 11:33:32,4 - Low,Software,Resolved
INC305059,APP-REPO-15,2026-06-16 01:52:50,2026-06-16 09:52:50,3 - Moderate,Database,Resolved
INC532993,APP-REPO-12,2026-06-03 13:01:55,2026-06-03 14:01:55,3 - Moderate,Hardware,Resolved
INC632216,APP-REPO-9,2026-05-01 03:49:56,2026-05-01 21:49:56,3 - Moderate,Network,Resolved
INC979214,APP-REPO-13,2025-10-07 03:20:42,2025-10-08 23:20:42,2 - High,Software,Resolved
INC534694,APP-REPO-1,2026-05-21 10:53:08,2026-05-21 11:53:08,1 - Critical,Hardware,Resolved
INC928909,APP-REPO-11,2026-06-09 10:04:23,2026-06-10 20:04:23,3 - Moderate,Network,Resolved
INC278688,APP-REPO-18,2026-08-15 01:46:35,2026-08-16 05:46:35,2 - High,Database,Resolved
INC302019,APP-REPO-19,2026-06-23 06:15:41,2026-06-25 00:15:41,4 - Low,Software,Resolved
INC940257,APP-REPO-18,2026-01-08 19:26:06,2026-01-09 23:26:06,2 - High,Database,Resolved
INC863481,APP-REPO-5,2025-10-08 04:30:17,2025-10-09 06:30:17,3 - Moderate,Hardware,Resolved
INC558648,APP-REPO-7,2025-12-06 00:14:28,2025-12-06 07:14:28,2 - High,Software,Resolved
INC762113,APP-REPO-18,2026-01-11 01:42:22,2026-01-12 03:42:22,3 - Moderate,Hardware,Resolved
INC438065,APP-REPO-6,2026-06-26 20:16:08,2026-06-27 02:16:08,1 - Critical,Software,Resolved
INC558669,APP-REPO-0,2026-07-20 00:48:48,2026-07-21 17:48:48,2 - High,Software,Resolved
INC748124,APP-REPO-17,2026-01-24 22:35:15,2026-01-25 04:35:15,4 - Low,Software,Resolved
INC878399,APP-REPO-4,2026-09-19 19:59:38,2026-09-21 01:59:38,3 - Moderate,Hardware,Resolved
INC351366,APP-REPO-7,2026-02-05 22:02:13,2026-02-06 18:02:13,2 - High,Hardware,Resolved
INC861593,APP-REPO-12,2026-02-10 06:25:01,2026-02-10 23:25:01,1 - Critical,Network,Resolved
INC186993,APP-REPO-4,2025-09-29 07:33:06,2025-10-01 00:33:06,1 - Critical,Software,Resolved
INC216320,APP-REPO-14,2025-12-06 09:27:50,2025-12-08 00:27:50,1 - Critical,Software,Resolved
INC248725,APP-REPO-9,2026-08-30 18:20:59,2026-08-31 11:20:59,2 - High,Software,Resolved
INC181140,APP-REPO-15,2025-11-21 13:50:32,2025-11-22 13:50:32,2 - High,Database,Resolved
INC205561,APP-REPO-15,2026-05-04 21:08:12,2026-05-04 23:08:12,4 - Low,Software,Resolved
INC610150,APP-REPO-2,2026-06-09 05:32:15,2026-06-09 19:32:15,4 - Low,Database,Resolved
INC428817,APP-REPO-14,2026-03-01 14:13:21,2026-03-02 01:13:21,2 - High,Network,Resolved
INC110632,APP-REPO-5,2025-10-23 23:13:29,2025-10-25 18:13:29,1 - Critical,Software,Resolved
INC459462,APP-REPO-11,2025-11-21 01:00:33,2025-11-22 08:00:33,1 - Critical,Hardware,Resolved
INC647093,APP-REPO-8,2026-07-11 16:58:25,2026-07-12 00:58:25,2 - High,Software,Resolved
INC661988,APP-REPO-0,2026-05-30 20:13:57,2026-06-01 06:13:57,2 - High,Hardware,Resolved
INC482615,APP-REPO-3,2025-10-08 20:23:11,2025-10-09 10:23:11,1 - Critical,Network,Resolved
INC245295,APP-REPO-7,2025-11-01 13:53:06,2025-11-01 19:53:06,2 - High,Network,Resolved
INC386960,APP-REPO-15,2026-07-13 16:54:26,2026-07-14 05:54:26,1 - Critical,Network,Resolved
INC842479,APP-REPO-17,2026-04-20 23:05:55,2026-04-22 17:05:55,3 - Moderate,Database,Resolved
INC881393,APP-REPO-15,2025-12-19 11:49:31,2025-12-20 15:49:31,4 - Low,Hardware,Resolved
INC362241,APP-REPO-5,2026-02-20 01:01:39,2026-02-20 14:01:39,3 - Moderate,Database,Resolved
INC207892,APP-REPO-18,2026-03-08 23:45:50,2026-03-10 13:45:50,3 - Moderate,Hardware,Resolved
INC932673,APP-REPO-6,2026-03-22 02:55:36,2026-03-24 01:55:36,4 - Low,Database,Resolved
INC567830,APP-REPO-13,2026-02-06 08:01:21,2026-02-07 23:01:21,3 - Moderate,Network,Resolved
INC753169,APP-REPO-3,2025-11-27 01:48:08,2025-11-28 16:48:08,4 - Low,Database,Resolved
INC309422,APP-REPO-18,2026-02-17 15:47:11,2026-02-18 14:47:11,3 - Moderate,Software,Resolved
INC571233,APP-REPO-5,2026-01-25 23:18:44,2026-01-26 02:18:44,3 - Moderate,Database,Resolved
INC407729,APP-REPO-19,2026-07-04 04:24:12,2026-07-05 22:24:12,3 - Moderate,Database,Resolved
INC131394,APP-REPO-3,2026-01-30 22:06:33,2026-01-31 10:06:33,3 - Moderate,Database,Resolved
INC929314,APP-REPO-5,2026-07-25 15:16:27,2026-07-26 14:16:27,2 - High,Software,Resolved
INC325636,APP-REPO-11,2026-05-05 08:59:49,2026-05-06 08:59:49,2 - High,Network,Resolved
INC228244,APP-REPO-0,2026-05-16 11:51:00,2026-05-17 08:51:00,1 - Critical,Network,Resolved
INC324156,APP-REPO-14,2025-10-29 22:29:55,2025-10-31 11:29:55,3 - Moderate,Hardware,Resolved
INC688922,APP-REPO-2,2026-09-04 23:59:15,2026-09-06 00:59:15,3 - Moderate,Hardware,Resolved
INC652874,APP-REPO-6,2025-10-17 08:59:29,2025-10-17 15:59:29,3 - Moderate,Software,Resolved
INC701828,APP-REPO-13,2025-11-26 08:45:05,2025-11-28 04:45:05,4 - Low,Network,Resolved
INC952905,APP-REPO-10,2025-11-27 01:48:29,2025-11-27 14:48:29,2 - High,Software,Resolved
INC941718,APP-REPO-15,2026-07-16 22:29:37,2026-07-18 06:29:37,1 - Critical,Network,Resolved
INC541699,APP-REPO-3,2026-05-24 21:18:39,2026-05-25 05:18:39,4 - Low,Hardware,Resolved
INC730645,APP-REPO-10,2025-10-16 06:27:42,2025-10-17 20:27:42,4 - Low,Hardware,Resolved
INC704413,APP-REPO-0,2026-06-15 16:29:07,2026-06-16 11:29:07,1 - Critical,Software,Resolved
INC584202,APP-REPO-9,2025-10-28 15:02:11,2025-10-29 00:02:11,4 - Low,Software,Resolved
INC659380,APP-REPO-16,2026-01-10 14:49:26,2026-01-10 17:49:26,3 - Moderate,Software,Resolved
INC172827,APP-REPO-15,2026-03-18 00:45:14,2026-03-18 07:45:14,4 - Low,Network,Resolved
INC388016,APP-REPO-10,2026-06-11 00:21:26,2026-06-11 23:21:26,4 - Low,Software,Resolved
INC683480,APP-REPO-10,2026-03-10 14:44:44,2026-03-11 22:44:44,1 - Critical,Database,Resolved
INC412941,APP-REPO-14,2026-04-03 13:20:12,2026-04-04 21:20:12,1 - Critical,Network,Resolved
INC747995,APP-REPO-3,2026-05-20 17:00:00,2026-05-20 19:00:00,2 - High,Software,Resolved
INC965553,APP-REPO-0,2026-03-17 14:47:31,2026-03-17 23:47:31,1 - Critical,Network,Resolved
INC820999,APP-REPO-13,2026-03-06 19:06:50,2026-03-07 10:06:50,2 - High,Software,Resolved
INC300445,APP-REPO-11,2026-01-11 00:44:28,2026-01-12 11:44:28,1 - Critical,Software,Resolved
INC372302,APP-REPO-1,2025-12-19 15:53:24,2025-12-19 23:53:24,1 - Critical,Network,Resolved
INC178687,APP-REPO-8,2026-07-17 03:13:18,2026-07-18 01:13:18,4 - Low,Network,Resolved
INC832603,APP-REPO-5,2026-04-13 22:03:19,2026-04-14 07:03:19,4 - Low,Software,Resolved
INC232423,APP-REPO-10,2025-11-10 03:29:51,2025-11-10 13:29:51,4 - Low,Database,Resolved
INC800695,APP-REPO-3,2026-02-07 23:53:09,2026-02-09 09:53:09,2 - High,Database,Resolved
INC793390,APP-REPO-15,2026-03-12 21:43:37,2026-03-13 15:43:37,3 - Moderate,Database,Resolved
INC336800,APP-REPO-2,2025-11-09 00:12:33,2025-11-09 17:12:33,3 - Moderate,Software,Resolved
INC470157,APP-REPO-17,2026-01-14 22:41:24,2026-01-15 14:41:24,2 - High,Software,Resolved
INC178794,APP-REPO-15,2026-06-17 08:05:26,2026-06-17 12:05:26,2 - High,Software,Resolved
INC803069,APP-REPO-6,2026-06-17 10:35:30,2026-06-18 16:35:30,4 - Low,Hardware,Resolved
INC611333,APP-REPO-3,2026-05-15 07:03:12,2026-05-16 05:03:12,2 - High,Network,Resolved
INC897429,APP-REPO-9,2026-04-03 22:23:15,2026-04-05 20:23:15,4 - Low,Hardware,Resolved
INC988990,APP-REPO-16,2026-04-19 14:01:24,2026-04-19 21:01:24,2 - High,Hardware,Resolved
INC481308,APP-REPO-12,2026-06-13 00:46:04,2026-06-14 05:46:04,2 - High,Database,Resolved
INC297083,APP-REPO-2,2026-01-24 17:19:07,2026-01-25 11:19:07,4 - Low,Hardware,Resolved
INC819602,APP-REPO-9,2025-10-14 13:57:43,2025-10-16 02:57:43,1 - Critical,Hardware,Resolved
INC583345,APP-REPO-3,2025-12-21 14:01:20,2025-12-23 14:01:20,1 - Critical,Hardware,Resolved
INC117393,APP-REPO-14,2026-02-27 10:45:48,2026-02-27 22:45:48,3 - Moderate,Software,Resolved
INC599374,APP-REPO-16,2026-05-17 16:45:18,2026-05-18 21:45:18,3 - Moderate,Network,Resolved
INC224074,APP-REPO-17,2025-10-18 05:14:47,2025-10-18 11:14:47,3 - Moderate,Database,Resolved
INC322367,APP-REPO-4,2025-09-29 22:17:25,2025-10-01 00:17:25,4 - Low,Network,Resolved
INC155739,APP-REPO-14,2025-12-15 08:00:11,2025-12-16 02:00:11,3 - Moderate,Software,Resolved
INC151521,APP-REPO-12,2026-01-22 00:04:25,2026-01-23 23:04:25,4 - Low,Hardware,Resolved
INC408287,APP-REPO-6,2025-12-17 23:29:06,2025-12-19 01:29:06,2 - High,Network,Resolved
INC655286,APP-REPO-19,2026-07-21 22:51:27,2026-07-23 06:51:27,4 - Low,Software,Resolved
INC814248,APP-REPO-1,2025-11-19 05:45:45,2025-11-20 23:45:45,2 - High,Software,Resolved
INC330246,APP-REPO-3,2026-07-20 17:08:14,2026-07-20 21:08:14,1 - Critical,Network,Resolved
INC350365,APP-REPO-2,2026-01-04 04:15:21,2026-01-05 15:15:21,1 - Critical,Network,Resolved
INC337465,APP-REPO-19,2026-01-17 08:29:04,2026-01-19 05:29:04,4 - Low,Database,Resolved
INC511970,APP-REPO-3,2026-02-01 08:57:49,2026-02-01 23:57:49,3 - Moderate,Database,Resolved
INC315697,APP-REPO-5,2025-11-12 12:58:36,2025-11-13 02:58:36,3 - Moderate,Network,Resolved
INC840140,APP-REPO-19,2025-09-29 22:41:22,2025-09-30 17:41:22,1 - Critical,Software,Resolved
INC294069,APP-REPO-16,2026-04-08 02:36:32,2026-04-09 23:36:32,4 - Low,Network,Resolved
INC993978,APP-REPO-7,2026-07-14 01:19:04,2026-07-14 12:19:04,3 - Moderate,Software,Resolved
INC274740,APP-REPO-5,2026-03-13 04:38:14,2026-03-14 02:38:14,4 - Low,Hardware,Resolved
INC113353,APP-REPO-15,2025-12-04 04:14:09,2025-12-05 08:14:09,3 - Moderate,Software,Resolved
INC286138,APP-REPO-8,2025-11-16 02:44:22,2025-11-16 07:44:22,2 - High,Software,Resolved
INC722859,APP-REPO-11,2026-02-21 14:25:54,2026-02-22 21:25:54,1 - Critical,Database,Resolved
INC359533,APP-REPO-15,2026-04-21 18:40:08,2026-04-22 02:40:08,1 - Critical,Software,Resolved
INC694822,APP-REPO-9,2026-06-27 05:19:59,2026-06-27 20:19:59,2 - High,Hardware,Resolved
INC912915,APP-REPO-3,2025-12-25 07:25:44,2025-12-25 14:25:44,3 - Moderate,Network,Resolved
INC574602,APP-REPO-15,2026-04-09 05:25:28,2026-04-11 05:25:28,3 - Moderate,Network,Resolved
INC795634,APP-REPO-15,2026-05-01 22:19:21,2026-05-02 15:19:21,3 - Moderate,Database,Resolved
INC114219,APP-REPO-11,2026-08-16 14:03:56,2026-08-17 10:03:56,3 - Moderate,Database,Resolved
INC218238,APP-REPO-8,2026-06-13 09:18:06,2026-06-15 05:18:06,1 - Critical,Hardware,Resolved
INC530250,APP-REPO-7,2026-08-06 00:58:19,2026-08-07 19:58:19,2 - High,Network,Resolved
INC622014,APP-REPO-0,2026-02-11 11:43:08,2026-02-12 03:43:08,4 - Low,Network,Resolved
INC316329,APP-REPO-2,2025-10-24 22:26:02,2025-10-25 11:26:02,4 - Low,Software,Resolved
INC387230,APP-REPO-17,2026-02-28 03:36:47,2026-03-01 08:36:47,2 - High,Network,Resolved
INC812052,APP-REPO-11,2026-08-27 14:52:03,2026-08-28 12:52:03,4 - Low,Database,Resolved
INC389666,APP-REPO-9,2026-07-12 02:58:05,2026-07-12 15:58:05,1 - Critical,Network,Resolved
INC974692,APP-REPO-19,2025-10-13 08:55:38,2025-10-13 16:55:38,4 - Low,Database,Resolved
INC694188,APP-REPO-11,2026-03-15 08:30:10,2026-03-16 03:30:10,1 - Critical,Software,Resolved
INC623162,APP-REPO-4,2025-10-04 05:19:31,2025-10-05 11:19:31,2 - High,Network,Resolved
INC754096,APP-REPO-17,2026-03-24 11:51:42,2026-03-26 06:51:42,2 - High,Network,Resolved
INC610472,APP-REPO-9,2026-09-19 16:29:52,2026-09-19 21:29:52,3 - Moderate,Software,Resolved
INC575904,APP-REPO-1,2025-10-27 04:22:25,2025-10-27 18:22:25,3 - Moderate,Software,Resolved
INC155777,APP-REPO-15,2026-08-27 18:05:21,2026-08-28 14:05:21,1 - Critical,Database,Resolved
INC469366,APP-REPO-0,2026-01-26 12:34:41,2026-01-26 16:34:41,3 - Moderate,Hardware,Resolved
INC467230,APP-REPO-9,2026-05-08 13:06:21,2026-05-09 22:06:21,2 - High,Software,Resolved
INC847841,APP-REPO-8,2026-03-12 15:51:40,2026-03-13 01:51:40,2 - High,Database,Resolved
INC713652,APP-REPO-2,2026-05-07 15:06:50,2026-05-08 10:06:50,2 - High,Software,Resolved
INC596162,APP-REPO-11,2026-03-03 00:08:10,2026-03-03 16:08:10,4 - Low,Database,Resolved
INC518500,APP-REPO-3,2026-06-29 11:39:04,2026-06-30 04:39:04,3 - Moderate,Network,Resolved
INC281720,APP-REPO-18,2026-06-02 13:11:40,2026-06-03 17:11:40,3 - Moderate,Hardware,Resolved
INC816514,APP-REPO-6,2026-03-08 03:49:53,2026-03-08 20:49:53,2 - High,Database,Resolved
INC681208,APP-REPO-6,2026-01-17 09:07:08,2026-01-18 05:07:08,3 - Moderate,Software,Resolved
INC411777,APP-REPO-18,2025-11-10 16:08:07,2025-11-12 09:08:07,4 - Low,Hardware,Resolved
INC494228,APP-REPO-13,2026-03-03 05:48:59,2026-03-03 12:48:59,2 - High,Database,Resolved
INC827851,APP-REPO-10,2025-10-05 01:02:19,2025-10-06 10:02:19,3 - Moderate,Database,Resolved
INC471399,APP-REPO-13,2026-01-31 01:42:01,2026-02-01 07:42:01,4 - Low,Database,Resolved
INC583691,APP-REPO-0,2025-12-02 16:36:56,2025-12-04 04:36:56,1 - Critical,Database,Resolved
INC192724,APP-REPO-4,2026-08-04 03:30:19,2026-08-05 19:30:19,3 - Moderate,Hardware,Resolved
INC708512,APP-REPO-16,2026-05-24 23:59:12,2026-05-25 23:59:12,2 - High,Network,Resolved
INC156136,APP-REPO-12,2026-03-24 15:03:20,2026-03-25 00:03:20,4 - Low,Software,Resolved
INC585289,APP-REPO-16,2026-08-16 01:41:06,2026-08-17 07:41:06,1 - Critical,Software,Resolved
INC157349,APP-REPO-8,2026-06-21 18:16:23,2026-06-23 12:16:23,1 - Critical,Network,Resolved
INC723210,APP-REPO-3,2026-09-19 03:31:01,2026-09-19 22:31:01,4 - Low,Network,Resolved
INC163821,APP-REPO-3,2026-02-14 11:21:11,2026-02-16 11:21:11,1 - Critical,Hardware,Resolved
INC641342,APP-REPO-4,2025-10-31 04:04:18,2025-11-01 16:04:18,4 - Low,Hardware,Resolved
INC334402,APP-REPO-4,2026-03-15 13:05:25,2026-03-16 09:05:25,3 - Moderate,Software,Resolved
INC944750,APP-REPO-15,2026-08-20 21:48:23,2026-08-22 13:48:23,2 - High,Software,Resolved
INC170403,APP-REPO-0,2025-11-07 01:21:27,2025-11-07 11:21:27,1 - Critical,Software,Resolved
INC359214,APP-REPO-6,2025-12-30 10:30:56,2025-12-30 17:30:56,4 - Low,Software,Resolved
INC973176,APP-REPO-16,2026-03-15 03:26:28,2026-03-16 08:26:28,4 - Low,Software,Resolved
INC227728,APP-REPO-9,2026-05-13 15:19:11,2026-05-14 17:19:11,4 - Low,Hardware,Resolved
INC960116,APP-REPO-7,2026-03-01 11:06:16,2026-03-02 22:06:16,3 - Moderate,Database,Resolved
INC790130,APP-REPO-19,2026-04-18 10:19:35,2026-04-18 18:19:35,4 - Low,Hardware,Resolved
INC767101,APP-REPO-0,2025-10-27 11:41:08,2025-10-27 23:41:08,2 - High,Hardware,Resolved
INC279071,APP-REPO-16,2026-02-27 15:27:16,2026-03-01 15:27:16,2 - High,Database,Resolved
INC603805,APP-REPO-9,2026-08-31 00:31:02,2026-08-31 19:31:02,1 - Critical,Database,Resolved
INC485183,APP-REPO-8,2026-01-25 10:36:36,2026-01-26 12:36:36,4 - Low,Software,Resolved
INC586501,APP-REPO-13,2026-07-13 14:02:47,2026-07-14 18:02:47,2 - High,Software,Resolved
INC397189,APP-REPO-14,2026-02-05 19:08:05,2026-02-06 03:08:05,4 - Low,Software,Resolved
INC708738,APP-REPO-9,2025-12-21 23:50:34,2025-12-22 02:50:34,4 - Low,Software,Resolved
INC471958,APP-REPO-4,2026-02-03 07:03:58,2026-02-04 13:03:58,4 - Low,Network,Resolved
INC109563,APP-REPO-5,2026-07-26 12:32:47,2026-07-27 11:32:47,2 - High,Network,Resolved
INC840530,APP-REPO-16,2025-12-01 05:45:07,2025-12-02 06:45:07,1 - Critical,Hardware,Resolved
INC787781,APP-REPO-4,2025-10-26 14:32:56,2025-10-27 13:32:56,3 - Moderate,Database,Resolved
INC849923,APP-REPO-4,2026-04-13 04:41:26,2026-04-13 22:41:26,3 - Moderate,Database,Resolved
INC171523,APP-REPO-15,2026-05-30 20:43:24,2026-05-31 21:43:24,4 - Low,Hardware,Resolved
INC704020,APP-REPO-16,2025-11-10 05:26:49,2025-11-12 00:26:49,3 - Moderate,Hardware,Resolved
INC831663,APP-REPO-10,2026-04-21 00:14:13,2026-04-22 14:14:13,3 - Moderate,Database,Resolved
INC170852,APP-REPO-1,2026-04-12 23:44:21,2026-04-13 01:44:21,2 - High,Hardware,Resolved
INC201229,APP-REPO-3,2025-12-11 05:57:18,2025-12-12 13:57:18,4 - Low,Network,Resolved
INC896822,APP-REPO-7,2026-09-13 18:27:12,2026-09-15 17:27:12,2 - High,Software,Resolved
INC282450,APP-REPO-12,2026-07-25 09:36:47,2026-07-26 12:36:47,1 - Critical,Software,Resolved
INC741627,APP-REPO-8,2026-02-09 15:03:18,2026-02-09 23:03:18,1 - Critical,Software,Resolved
INC562976,APP-REPO-11,2026-02-10 07:07:42,2026-02-11 22:07:42,1 - Critical,Hardware,Resolved
INC436759,APP-REPO-3,2026-07-06 10:18:22,2026-07-08 07:18:22,4 - Low,Database,Resolved
INC239687,APP-REPO-18,2026-08-10 23:47:45,2026-08-12 11:47:45,2 - High,Hardware,Resolved
INC364760,APP-REPO-15,2026-06-04 14:36:22,2026-06-05 19:36:22,3 - Moderate,Hardware,Resolved
INC310965,APP-REPO-5,2026-08-09 11:20:13,2026-08-10 15:20:13,2 - High,Software,Resolved
INC710384,APP-REPO-0,2025-11-23 07:12:38,2025-11-25 00:12:38,1 - Critical,Hardware,Resolved
INC134853,APP-REPO-4,2025-12-27 16:49:37,2025-12-27 17:49:37,3 - Moderate,Database,Resolved
INC695900,APP-REPO-17,2025-11-05 20:50:57,2025-11-06 01:50:57,3 - Moderate,Hardware,Resolved
INC815507,APP-REPO-16,2025-11-22 19:36:02,2025-11-24 03:36:02,2 - High,Hardware,Resolved
INC698076,APP-REPO-15,2026-01-04 08:26:18,2026-01-05 17:26:18,3 - Moderate,Network,Resolved
INC748522,APP-REPO-17,2025-12-12 13:20:53,2025-12-12 22:20:53,1 - Critical,Database,Resolved
INC548278,APP-REPO-12,2025-12-03 07:46:11,2025-12-03 12:46:11,1 - Critical,Hardware,Resolved
INC920392,APP-REPO-16,2026-05-18 21:24:25,2026-05-19 17:24:25,1 - Critical,Software,Resolved
INC622937,APP-REPO-7,2025-11-25 07:29:28,2025-11-25 11:29:28,3 - Moderate,Software,Resolved
INC334903,APP-REPO-9,2026-07-19 04:21:42,2026-07-19 21:21:42,4 - Low,Network,Resolved
INC171253,APP-REPO-5,2026-07-18 18:27:16,2026-07-19 13:27:16,1 - Critical,Hardware,Resolved
INC994640,APP-REPO-16,2026-06-08 12:25:42,2026-06-10 04:25:42,3 - Moderate,Database,Resolved
INC748696,APP-REPO-1,2025-10-26 04:59:06,2025-10-27 15:59:06,1 - Critical,Database,Resolved
INC375831,APP-REPO-0,2025-12-04 17:45:47,2025-12-04 20:45:47,3 - Moderate,Database,Resolved
INC373553,APP-REPO-6,2026-07-24 02:06:28,2026-07-25 00:06:28,1 - Critical,Hardware,Resolved
INC314154,APP-REPO-17,2026-05-28 19:32:54,2026-05-30 18:32:54,3 - Moderate,Software,Resolved
INC347062,APP-REPO-15,2026-04-06 20:08:46,2026-04-07 01:08:46,1 - Critical,Network,Resolved
INC174200,APP-REPO-13,2026-03-26 02:59:51,2026-03-27 17:59:51,1 - Critical,Database,Resolved
INC235753,APP-REPO-8,2026-07-16 22:35:11,2026-07-18 21:35:11,1 - Critical,Software,Resolved
INC137329,APP-REPO-15,2026-05-03 21:02:13,2026-05-05 06:02:13,2 - High,Network,Resolved
INC552476,APP-REPO-15,2026-07-19 01:12:36,2026-07-19 21:12:36,2 - High,Software,Resolved
INC158045,APP-REPO-0,2026-05-09 23:40:32,2026-05-10 12:40:32,4 - Low,Software,Resolved
INC679334,APP-REPO-15,2026-03-20 06:44:30,2026-03-20 10:44:30,4 - Low,Database,Resolved
INC829222,APP-REPO-4,2026-06-18 11:15:56,2026-06-19 15:15:56,4 - Low,Hardware,Resolved
INC221197,APP-REPO-14,2026-09-20 20:23:01,2026-09-21 04:23:01,3 - Moderate,Network,Resolved
INC303052,APP-REPO-10,2026-09-04 11:55:34,2026-09-05 15:55:34,1 - Critical,Hardware,Resolved
INC343304,APP-REPO-2,2026-05-04 04:05:11,2026-05-05 18:05:11,1 - Critical,Hardware,Resolved
INC533130,APP-REPO-17,2026-06-03 15:45:35,2026-06-05 04:45:35,1 - Critical,Software,Resolved
INC854793,APP-REPO-7,2026-05-31 16:03:04,2026-05-31 20:03:04,1 - Critical,Software,Resolved
INC232871,APP-REPO-14,2026-05-27 11:36:23,2026-05-27 23:36:23,3 - Moderate,Software,Resolved
INC429384,APP-REPO-11,2026-01-30 11:09:38,2026-02-01 02:09:38,2 - High,Network,Resolved
INC236017,APP-REPO-19,2026-08-28 14:00:22,2026-08-29 16:00:22,4 - Low,Software,Resolved
INC788484,APP-REPO-2,2026-05-28 12:43:53,2026-05-28 17:43:53,3 - Moderate,Hardware,Resolved
INC618970,APP-REPO-11,2026-01-27 17:16:11,2026-01-28 08:16:11,4 - Low,Network,Resolved
INC484757,APP-REPO-17,2025-11-24 13:39:59,2025-11-25 08:39:59,2 - High,Network,Resolved
INC434347,APP-REPO-17,2026-03-16 17:31:41,2026-03-18 02:31:41,1 - Critical,Software,Resolved
INC463473,APP-REPO-13,2025-10-23 11:06:56,2025-10-25 09:06:56,4 - Low,Network,Resolved
INC182256,APP-REPO-6,2026-03-28 01:18:10,2026-03-28 10:18:10,2 - High,Network,Resolved
INC877947,APP-REPO-17,2026-03-17 16:19:10,2026-03-18 06:19:10,1 - Critical,Network,Resolved
INC860124,APP-REPO-4,2026-05-30 03:34:39,2026-05-30 06:34:39,2 - High,Database,Resolved
INC781478,APP-REPO-14,2026-01-22 13:07:57,2026-01-22 21:07:57,1 - Critical,Database,Resolved
INC976950,APP-REPO-1,2026-08-02 04:58:20,2026-08-02 22:58:20,3 - Moderate,Database,Resolved
INC415005,APP-REPO-2,2026-01-11 14:47:08,2026-01-11 18:47:08,3 - Moderate,Database,Resolved
INC619419,APP-REPO-0,2026-05-14 15:04:24,2026-05-15 16:04:24,4 - Low,Database,Resolved
INC146573,APP-REPO-7,2025-10-18 18:12:13,2025-10-19 08:12:13,4 - Low,Hardware,Resolved
INC791982,APP-REPO-13,2026-02-10 14:58:51,2026-02-12 01:58:51,1 - Critical,Network,Resolved
INC132826,APP-REPO-17,2026-04-11 23:21:51,2026-04-12 22:21:51,1 - Critical,Network,Resolved
INC968386,APP-REPO-8,2025-10-25 18:08:55,2025-10-27 08:08:55,2 - High,Software,Resolved
INC457506,APP-REPO-19,2026-01-25 11:51:09,2026-01-26 15:51:09,4 - Low,Software,Resolved
INC946616,APP-REPO-3,2026-03-25 06:23:36,2026-03-26 18:23:36,4 - Low,Network,Resolved
INC660737,APP-REPO-14,2026-03-21 10:47:03,2026-03-22 14:47:03,3 - Moderate,Hardware,Resolved
INC499812,APP-REPO-14,2025-10-11 13:09:59,2025-10-13 13:09:59,2 - High,Hardware,Resolved
INC115920,APP-REPO-8,2025-10-19 00:53:43,2025-10-20 20:53:43,3 - Moderate,Software,Resolved
INC362073,APP-REPO-17,2026-02-17 03:31:30,2026-02-17 22:31:30,3 - Moderate,Database,Resolved
INC140481,APP-REPO-19,2026-08-15 22:36:58,2026-08-16 16:36:58,3 - Moderate,Network,Resolved
INC791252,APP-REPO-8,2026-01-16 10:23:36,2026-01-18 04:23:36,1 - Critical,Software,Resolved
INC421802,APP-REPO-18,2025-10-26 17:49:35,2025-10-28 12:49:35,3 - Moderate,Network,Resolved
INC988765,APP-REPO-5,2026-06-04 07:22:07,2026-06-05 12:22:07,4 - Low,Software,Resolved
INC561278,APP-REPO-0,2026-08-28 14:02:08,2026-08-29 20:02:08,1 - Critical,Network,Resolved
INC603534,APP-REPO-17,2026-08-25 02:33:13,2026-08-25 16:33:13,4 - Low,Software,Resolved
INC707723,APP-REPO-2,2025-11-01 00:15:57,2025-11-01 18:15:57,3 - Moderate,Software,Resolved
INC561834,APP-REPO-5,2026-05-23 18:56:07,2026-05-24 11:56:07,3 - Moderate,Network,Resolved
INC618970,APP-REPO-4,2026-05-15 15:52:00,2026-05-16 06:52:00,2 - High,Hardware,Resolved
INC747966,APP-REPO-1,2026-04-11 20:51:22,2026-04-12 11:51:22,1 - Critical,Software,Resolved
INC293205,APP-REPO-16,2026-02-23 06:16:41,2026-02-24 11:16:41,3 - Moderate,Software,Resolved
INC680290,APP-REPO-7,2026-03-25 15:25:36,2026-03-25 19:25:36,3 - Moderate,Network,Resolved
INC116901,APP-REPO-11,2026-05-10 07:42:13,2026-05-11 18:42:13,1 - Critical,Hardware,Resolved
INC466718,APP-REPO-3,2026-04-30 05:14:40,2026-04-30 10:14:40,4 - Low,Software,Resolved
INC635859,APP-REPO-2,2026-07-31 10:55:06,2026-08-01 02:55:06,2 - High,Network,Resolved
INC698071,APP-REPO-11,2026-07-10 21:53:05,2026-07-12 17:53:05,4 - Low,Software,Resolved
INC773067,APP-REPO-13,2026-09-09 20:49:06,2026-09-10 15:49:06,2 - High,Software,Resolved
INC442402,APP-REPO-19,2025-10-12 21:00:03,2025-10-13 21:00:03,3 - Moderate,Database,Resolved
INC783648,APP-REPO-11,2026-03-20 14:27:48,2026-03-21 21:27:48,3 - Moderate,Software,Resolved
INC268100,APP-REPO-11,2026-09-14 23:36:04,2026-09-15 02:36:04,3 - Moderate,Hardware,Resolved
INC719946,APP-REPO-0,2026-08-07 10:40:23,2026-08-07 17:40:23,2 - High,Network,Resolved
INC635608,APP-REPO-16,2026-05-06 22:52:05,2026-05-08 12:52:05,3 - Moderate,Hardware,Resolved
INC497242,APP-REPO-18,2026-06-07 02:12:25,2026-06-07 05:12:25,2 - High,Database,Resolved
INC899656,APP-REPO-2,2025-12-09 01:09:38,2025-12-09 06:09:38,2 - High,Database,Resolved
INC665148,APP-REPO-3,2026-01-29 19:29:17,2026-01-31 05:29:17,1 - Critical,Database,Resolved
INC791218,APP-REPO-16,2026-05-19 21:42:17,2026-05-21 07:42:17,4 - Low,Network,Resolved
INC382258,APP-REPO-6,2026-03-30 15:49:31,2026-04-01 04:49:31,3 - Moderate,Hardware,Resolved
INC444650,APP-REPO-7,2026-04-09 15:43:25,2026-04-10 15:43:25,2 - High,Database,Resolved
INC430108,APP-REPO-3,2025-11-24 12:46:07,2025-11-26 09:46:07,2 - High,Database,Resolved
INC868394,APP-REPO-13,2025-10-20 23:20:46,2025-10-21 23:20:46,1 - Critical,Network,Resolved
INC687681,APP-REPO-16,2026-03-20 21:49:17,2026-03-21 02:49:17,3 - Moderate,Database,Resolved
INC734617,APP-REPO-7,2025-11-06 03:20:56,2025-11-07 08:20:56,4 - Low,Hardware,Resolved
INC696998,APP-REPO-4,2026-08-07 21:24:00,2026-08-09 08:24:00,2 - High,Database,Resolved
INC806850,APP-REPO-18,2026-09-11 03:06:40,2026-09-12 22:06:40,2 - High,Network,Resolved
INC934515,APP-REPO-9,2026-08-18 03:33:45,2026-08-19 01:33:45,3 - Moderate,Software,Resolved
INC185465,APP-REPO-13,2026-02-07 07:42:49,2026-02-08 10:42:49,2 - High,Database,Resolved
INC763360,APP-REPO-6,2026-07-01 08:32:42,2026-07-01 20:32:42,4 - Low,Software,Resolved
INC274872,APP-REPO-3,2025-10-29 16:38:46,2025-10-30 19:38:46,3 - Moderate,Database,Resolved
INC878938,APP-REPO-3,2026-04-10 21:22:45,2026-04-11 06:22:45,1 - Critical,Database,Resolved
INC125093,APP-REPO-5,2026-06-04 20:58:57,2026-06-05 01:58:57,2 - High,Database,Resolved
INC542875,APP-REPO-11,2025-12-02 23:00:26,2025-12-03 08:00:26,4 - Low,Hardware,Resolved
INC846568,APP-REPO-9,2025-10-12 03:28:21,2025-10-12 11:28:21,3 - Moderate,Network,Resolved
INC720209,APP-REPO-19,2026-01-01 03:46:49,2026-01-02 19:46:49,1 - Critical,Software,Resolved
INC177335,APP-REPO-11,2026-06-28 18:09:14,2026-06-29 23:09:14,4 - Low,Database,Resolved
INC876677,APP-REPO-13,2026-03-15 22:50:40,2026-03-16 17:50:40,4 - Low,Hardware,Resolved
INC869070,APP-REPO-5,2026-03-16 14:20:58,2026-03-18 13:20:58,1 - Critical,Hardware,Resolved
INC108161,APP-REPO-18,2026-04-18 11:18:52,2026-04-20 01:18:52,3 - Moderate,Database,Resolved
INC497803,APP-REPO-10,2026-04-17 23:00:23,2026-04-19 04:00:23,2 - High,Network,Resolved
INC910555,APP-REPO-3,2026-05-21 18:26:24,2026-05-22 09:26:24,3 - Moderate,Database,Resolved
INC457687,APP-REPO-1,2025-11-27 14:15:48,2025-11-29 03:15:48,4 - Low,Network,Resolved
INC438480,APP-REPO-12,2026-02-15 06:24:59,2026-02-16 03:24:59,2 - High,Hardware,Resolved
INC143971,APP-REPO-6,2026-02-18 17:52:26,2026-02-19 21:52:26,3 - Moderate,Network,Resolved
INC204298,APP-REPO-11,2026-09-18 10:25:57,2026-09-19 05:25:57,2 - High,Software,Resolved
INC401825,APP-REPO-8,2026-01-14 19:24:03,2026-01-16 03:24:03,4 - Low,Hardware,Resolved
INC277545,APP-REPO-9,2026-02-24 09:37:32,2026-02-25 02:37:32,1 - Critical,Hardware,Resolved
INC798806,APP-REPO-8,2026-03-04 16:38:54,2026-03-05 02:38:54,1 - Critical,Hardware,Resolved
INC678985,APP-REPO-16,2026-07-24 17:10:36,2026-07-25 04:10:36,1 - Critical,Software,Resolved
INC666052,APP-REPO-17,2026-02-05 08:27:07,2026-02-05 21:27:07,1 - Critical,Database,Resolved
INC972944,APP-REPO-0,2026-06-17 14:25:37,2026-06-18 14:25:37,2 - High,Network,Resolved
INC698910,APP-REPO-13,2026-05-17 03:20:30,2026-05-19 02:20:30,4 - Low,Hardware,Resolved
INC971406,APP-REPO-14,2025-10-17 06:43:25,2025-10-18 01:43:25,1 - Critical,Software,Resolved
INC565992,APP-REPO-13,2026-07-30 10:46:11,2026-07-31 18:46:11,3 - Moderate,Software,Resolved
INC243464,APP-REPO-8,2026-05-29 22:55:50,2026-05-31 21:55:50,1 - Critical,Network,Resolved
INC942678,APP-REPO-2,2026-06-05 07:57:53,2026-06-07 07:57:53,2 - High,Software,Resolved
INC443005,APP-REPO-5,2026-02-03 21:47:58,2026-02-05 06:47:58,3 - Moderate,Network,Resolved
INC575491,APP-REPO-16,2025-10-22 12:59:04,2025-10-24 08:59:04,1 - Critical,Network,Resolved
INC140220,APP-REPO-13,2026-02-01 23:34:56,2026-02-02 06:34:56,3 - Moderate,Hardware,Resolved
INC982304,APP-REPO-17,2025-11-02 15:30:03,2025-11-04 10:30:03,1 - Critical,Software,Resolved
INC357859,APP-REPO-4,2026-05-01 15:14:08,2026-05-03 05:14:08,4 - Low,Hardware,Resolved
INC806056,APP-REPO-6,2026-06-17 09:35:43,2026-06-18 02:35:43,4 - Low,Hardware,Resolved
INC608042,APP-REPO-5,2026-02-24 01:40:52,2026-02-26 00:40:52,4 - Low,Network,Resolved
INC238193,APP-REPO-6,2026-01-15 07:05:00,2026-01-17 00:05:00,1 - Critical,Hardware,Resolved
INC103353,APP-REPO-13,2026-01-02 19:24:45,2026-01-03 00:24:45,4 - Low,Hardware,Resolved
INC844479,APP-REPO-5,2026-07-05 00:19:41,2026-07-05 03:19:41,4 - Low,Network,Resolved
INC743173,APP-REPO-12,2026-08-23 15:48:52,2026-08-25 08:48:52,2 - High,Network,Resolved
INC607755,APP-REPO-16,2026-06-08 22:15:44,2026-06-10 17:15:44,2 - High,Network,Resolved
INC981529,APP-REPO-7,2026-09-13 22:22:04,2026-09-14 17:22:04,4 - Low,Database,Resolved
INC935448,APP-REPO-12,2026-05-19 00:13:13,2026-05-20 15:13:13,3 - Moderate,Database,Resolved
INC409767,APP-REPO-3,2026-09-01 02:11:53,2026-09-01 17:11:53,1 - Critical,Network,Resolved
INC539976,APP-REPO-14,2025-11-24 08:13:21,2025-11-25 05:13:21,2 - High,Database,Resolved
INC221445,APP-REPO-5,2026-02-03 09:48:03,2026-02-04 15:48:03,3 - Moderate,Software,Resolved
INC464462,APP-REPO-12,2025-10-28 14:17:42,2025-10-30 12:17:42,2 - High,Database,Resolved
INC980930,APP-REPO-15,2026-05-11 06:10:03,2026-05-12 21:10:03,4 - Low,Hardware,Resolved
INC130369,APP-REPO-9,2026-06-11 15:57:17,2026-06-12 09:57:17,2 - High,Database,Resolved
INC163756,APP-REPO-17,2025-11-20 20:50:58,2025-11-21 17:50:58,3 - Moderate,Network,Resolved
INC531204,APP-REPO-12,2026-09-17 23:20:16,2026-09-19 04:20:16,4 - Low,Database,Resolved
INC373363,APP-REPO-1,2026-02-09 19:12:27,2026-02-10 13:12:27,4 - Low,Hardware,Resolved
INC456349,APP-REPO-1,2026-01-25 10:12:39,2026-01-26 06:12:39,4 - Low,Database,Resolved
INC332060,APP-REPO-18,2026-06-08 17:30:53,2026-06-09 04:30:53,2 - High,Software,Resolved
INC743095,APP-REPO-19,2026-06-25 04:56:48,2026-06-26 02:56:48,2 - High,Software,Resolved
INC857311,APP-REPO-0,2026-06-11 02:11:19,2026-06-12 03:11:19,1 - Critical,Network,Resolved
INC469833,APP-REPO-17,2026-02-26 03:57:17,2026-02-26 08:57:17,1 - Critical,Hardware,Resolved
INC479687,APP-REPO-17,2025-11-16 00:33:29,2025-11-16 13:33:29,2 - High,Database,Resolved
INC852689,APP-REPO-7,2026-05-16 00:49:40,2026-05-16 19:49:40,2 - High,Network,Resolved
INC447605,APP-REPO-13,2026-06-29 05:27:12,2026-06-29 19:27:12,2 - High,Software,Resolved
INC137827,APP-REPO-0,2025-10-29 20:16:48,2025-10-31 06:16:48,1 - Critical,Database,Resolved
INC929783,APP-REPO-15,2026-01-25 04:09:14,2026-01-25 07:09:14,2 - High,Network,Resolved
INC416110,APP-REPO-0,2026-05-02 00:10:22,2026-05-02 15:10:22,2 - High,Software,Resolved
INC385693,APP-REPO-3,2026-02-20 05:32:50,2026-02-21 06:32:50,4 - Low,Hardware,Resolved
INC958045,APP-REPO-8,2026-06-03 20:26:00,2026-06-04 02:26:00,1 - Critical,Software,Resolved
INC629016,APP-REPO-13,2026-07-31 09:27:57,2026-07-31 11:27:57,1 - Critical,Hardware,Resolved
INC200198,APP-REPO-18,2026-02-01 12:15:54,2026-02-02 14:15:54,2 - High,Network,Resolved
INC922892,APP-REPO-10,2026-08-08 18:04:23,2026-08-09 22:04:23,1 - Critical,Network,Resolved
INC387361,APP-REPO-14,2025-11-15 13:45:57,2025-11-16 02:45:57,1 - Critical,Network,Resolved
INC787919,APP-REPO-18,2026-06-14 04:34:45,2026-06-15 11:34:45,4 - Low,Network,Resolved
INC550399,APP-REPO-2,2026-06-26 21:30:00,2026-06-27 12:30:00,4 - Low,Network,Resolved
INC606828,APP-REPO-9,2026-08-14 21:05:57,2026-08-16 18:05:57,2 - High,Database,Resolved
INC118048,APP-REPO-15,2026-07-10 20:31:14,2026-07-12 19:31:14,4 - Low,Network,Resolved
INC899749,APP-REPO-17,2026-06-20 03:10:02,2026-06-22 01:10:02,1 - Critical,Database,Resolved
INC334944,APP-REPO-18,2026-09-16 07:16:23,2026-09-16 09:16:23,4 - Low,Hardware,Resolved
INC568802,APP-REPO-11,2026-04-19 08:58:59,2026-04-20 15:58:59,1 - Critical,Network,Resolved
INC448583,APP-REPO-4,2025-11-02 05:41:11,2025-11-03 22:41:11,1 - Critical,Software,Resolved
INC688130,APP-REPO-5,2026-06-04 20:01:45,2026-06-05 10:01:45,4 - Low,Hardware,Resolved
INC187963,APP-REPO-4,2026-06-14 07:44:41,2026-06-15 09:44:41,4 - Low,Hardware,Resolved
INC161795,APP-REPO-15,2026-03-10 09:04:30,2026-03-11 02:04:30,4 - Low,Network,Resolved
INC876482,APP-REPO-10,2026-04-12 10:05:52,2026-04-12 20:05:52,1 - Critical,Network,Resolved
INC822466,APP-REPO-18,2026-02-14 11:07:26,2026-02-16 02:07:26,4 - Low,Software,Resolved
INC381170,APP-REPO-6,2025-10-04 00:33:45,2025-10-05 12:33:45,4 - Low,Database,Resolved
INC428221,APP-REPO-7,2026-02-14 18:17:48,2026-02-15 15:17:48,4 - Low,Database,Resolved
INC639420,APP-REPO-17,2026-01-24 21:28:55,2026-01-26 21:28:55,1 - Critical,Software,Resolved
INC546380,APP-REPO-2,2025-12-05 22:48:49,2025-12-06 23:48:49,2 - High,Software,Resolved
INC269966,APP-REPO-16,2025-12-19 03:03:43,2025-12-21 03:03:43,1 - Critical,Hardware,Resolved
INC306954,APP-REPO-14,2026-02-06 15:49:04,2026-02-06 23:49:04,1 - Critical,Database,Resolved
INC619238,APP-REPO-5,2026-07-21 11:44:06,2026-07-23 04:44:06,4 - Low,Hardware,Resolved
INC885376,APP-REPO-17,2026-04-03 19:00:54,2026-04-04 22:00:54,4 - Low,Software,Resolved
INC411166,APP-REPO-3,2025-12-10 12:15:36,2025-12-11 16:15:36,3 - Moderate,Network,Resolved
INC647860,APP-REPO-10,2025-12-23 22:10:33,2025-12-25 14:10:33,3 - Moderate,Hardware,Resolved
INC248391,APP-REPO-9,2025-11-19 08:50:37,2025-11-20 18:50:37,2 - High,Network,Resolved
INC644609,APP-REPO-19,2025-11-26 02:50:07,2025-11-26 19:50:07,4 - Low,Database,Resolved
INC320848,APP-REPO-10,2025-10-26 21:52:20,2025-10-28 21:52:20,2 - High,Hardware,Resolved
INC649850,APP-REPO-15,2026-01-19 19:37:25,2026-01-19 20:37:25,3 - Moderate,Database,Resolved
INC287931,APP-REPO-4,2026-08-20 21:17:04,2026-08-22 04:17:04,1 - Critical,Software,Resolved
INC426988,APP-REPO-6,2026-07-30 00:27:14,2026-07-30 13:27:14,1 - Critical,Database,Resolved
INC447115,APP-REPO-3,2025-11-05 05:20:30,2025-11-05 09:20:30,4 - Low,Hardware,Resolved
INC170015,APP-REPO-11,2026-04-12 02:39:09,2026-04-13 19:39:09,2 - High,Network,Resolved
INC759367,APP-REPO-0,2026-07-23 07:42:53,2026-07-23 20:42:53,3 - Moderate,Network,Resolved
INC960623,APP-REPO-13,2026-04-24 13:40:11,2026-04-26 03:40:11,3 - Moderate,Network,Resolved
INC754836,APP-REPO-12,2026-08-17 06:31:21,2026-08-17 23:31:21,2 - High,Software,Resolved
INC721427,APP-REPO-4,2026-07-10 19:18:09,2026-07-11 02:18:09,2 - High,Network,Resolved
INC286987,APP-REPO-8,2026-09-05 03:09:23,2026-09-06 16:09:23,1 - Critical,Hardware,Resolved
INC935593,APP-REPO-16,2026-04-19 10:16:19,2026-04-21 00:16:19,4 - Low,Network,Resolved
INC703618,APP-REPO-18,2025-10-11 14:28:25,2025-10-13 05:28:25,3 - Moderate,Database,Resolved
INC319473,APP-REPO-5,2026-06-11 00:16:09,2026-06-11 01:16:09,2 - High,Hardware,Resolved
INC195775,APP-REPO-19,2026-02-04 17:30:47,2026-02-05 03:30:47,2 - High,Hardware,Resolved
INC598560,APP-REPO-0,2026-09-02 07:12:51,2026-09-03 04:12:51,1 - Critical,Software,Resolved
INC243628,APP-REPO-16,2026-07-21 13:08:46,2026-07-22 18:08:46,4 - Low,Database,Resolved
INC442978,APP-REPO-9,2026-05-24 23:06:44,2026-05-26 08:06:44,1 - Critical,Hardware,Resolved
INC687354,APP-REPO-12,2025-11-16 20:06:26,2025-11-17 21:06:26,4 - Low,Database,Resolved
INC472235,APP-REPO-9,2026-05-16 21:22:55,2026-05-18 07:22:55,3 - Moderate,Software,Resolved
INC734787,APP-REPO-6,2026-02-20 05:55:31,2026-02-20 16:55:31,3 - Moderate,Hardware,Resolved
INC980673,APP-REPO-13,2025-11-25 20:22:53,2025-11-27 08:22:53,4 - Low,Database,Resolved
INC828864,APP-REPO-8,2025-11-28 22:53:43,2025-11-30 18:53:43,1 - Critical,Database,Resolved
INC783768,APP-REPO-11,2025-12-06 04:14:53,2025-12-06 16:14:53,1 - Critical,Network,Resolved
INC996922,APP-REPO-14,2026-08-15 19:20:21,2026-08-17 14:20:21,3 - Moderate,Database,Resolved
INC324164,APP-REPO-19,2026-06-23 00:25:51,2026-06-24 12:25:51,2 - High,Database,Resolved
INC492383,APP-REPO-5,2026-07-23 09:47:39,2026-07-25 09:47:39,1 - Critical,Hardware,Resolved
INC563555,APP-REPO-11,2026-05-27 13:38:41,2026-05-28 23:38:41,2 - High,Software,Resolved
INC714663,APP-REPO-9,2026-08-07 03:28:32,2026-08-08 01:28:32,1 - Critical,Network,Resolved
INC366086,APP-REPO-16,2026-09-12 12:00:18,2026-09-12 13:00:18,3 - Moderate,Software,Resolved
INC778657,APP-REPO-8,2025-11-30 05:34:42,2025-12-01 23:34:42,4 - Low,Database,Resolved
INC146050,APP-REPO-8,2026-07-04 00:33:15,2026-07-04 18:33:15,1 - Critical,Software,Resolved
INC852908,APP-REPO-15,2026-03-15 22:03:12,2026-03-17 13:03:12,4 - Low,Database,Resolved
INC282212,APP-REPO-15,2025-10-13 21:53:04,2025-10-15 21:53:04,1 - Critical,Software,Resolved
INC487484,APP-REPO-0,2026-03-05 12:07:17,2026-03-07 04:07:17,2 - High,Hardware,Resolved
INC992278,APP-REPO-4,2026-02-15 10:09:29,2026-02-15 16:09:29,4 - Low,Software,Resolved
INC158770,APP-REPO-14,2026-06-16 14:48:03,2026-06-18 07:48:03,1 - Critical,Network,Resolved
INC202210,APP-REPO-17,2026-07-03 09:39:58,2026-07-04 03:39:58,2 - High,Software,Resolved
INC448824,APP-REPO-10,2025-12-28 04:35:00,2025-12-30 02:35:00,2 - High,Network,Resolved
INC641422,APP-REPO-0,2026-03-18 10:52:25,2026-03-20 05:52:25,4 - Low,Database,Resolved
INC978409,APP-REPO-1,2026-05-22 01:48:12,2026-05-22 06:48:12,2 - High,Hardware,Resolved
INC864366,APP-REPO-8,2026-01-15 14:21:44,2026-01-15 20:21:44,2 - High,Database,Resolved
INC146670,APP-REPO-8,2026-07-16 03:26:08,2026-07-17 18:26:08,2 - High,Database,Resolved
INC281370,APP-REPO-0,2026-07-14 15:30:27,2026-07-15 11:30:27,3 - Moderate,Network,Resolved
INC223432,APP-REPO-10,2026-07-28 08:11:25,2026-07-29 14:11:25,1 - Critical,Database,Resolved
INC192444,APP-REPO-3,2026-03-20 06:57:12,2026-03-20 12:57:12,2 - High,Software,Resolved
INC294677,APP-REPO-10,2025-12-26 19:42:25,2025-12-28 09:42:25,1 - Critical,Hardware,Resolved
INC927050,APP-REPO-0,2026-04-22 07:59:10,2026-04-22 21:59:10,3 - Moderate,Database,Resolved
INC185222,APP-REPO-7,2025-12-28 19:51:13,2025-12-29 15:51:13,2 - High,Hardware,Resolved
INC425569,APP-REPO-1,2026-01-25 03:05:29,2026-01-26 04:05:29,3 - Moderate,Hardware,Resolved
INC392514,APP-REPO-4,2026-08-06 23:33:44,2026-08-08 12:33:44,3 - Moderate,Database,Resolved
INC336936,APP-REPO-6,2026-07-28 13:30:07,2026-07-29 07:30:07,2 - High,Hardware,Resolved
INC409258,APP-REPO-8,2026-03-28 02:11:02,2026-03-29 23:11:02,4 - Low,Network,Resolved
INC196901,APP-REPO-15,2026-09-13 00:17:35,2026-09-13 23:17:35,3 - Moderate,Network,Resolved
INC909889,APP-REPO-16,2026-08-17 06:27:45,2026-08-18 11:27:45,2 - High,Software,Resolved
INC975271,APP-REPO-18,2025-12-11 07:00:12,2025-12-12 08:00:12,2 - High,Hardware,Resolved
INC836296,APP-REPO-13,2026-02-16 19:10:04,2026-02-17 18:10:04,3 - Moderate,Hardware,Resolved
INC458802,APP-REPO-16,2026-06-17 08:55:10,2026-06-18 20:55:10,3 - Moderate,Software,Resolved
INC638205,APP-REPO-6,2026-05-06 11:20:08,2026-05-07 04:20:08,2 - High,Database,Resolved
INC373516,APP-REPO-1,2026-03-17 01:18:25,2026-03-17 09:18:25,2 - High,Database,Resolved
INC246606,APP-REPO-14,2026-03-25 05:48:39,2026-03-26 19:48:39,3 - Moderate,Network,Resolved
INC691155,APP-REPO-12,2026-07-22 18:19:43,2026-07-24 13:19:43,1 - Critical,Network,Resolved
INC835354,APP-REPO-3,2026-01-14 08:56:40,2026-01-16 01:56:40,3 - Moderate,Software,Resolved
INC266461,APP-REPO-13,2026-07-26 03:17:00,2026-07-27 10:17:00,3 - Moderate,Network,Resolved
INC779352,APP-REPO-3,2026-02-22 05:57:02,2026-02-22 17:57:02,3 - Moderate,Network,Resolved
INC270651,APP-REPO-14,2026-04-10 06:04:18,2026-04-11 17:04:18,2 - High,Software,Resolved
INC560333,APP-REPO-19,2026-04-19 18:55:23,2026-04-21 00:55:23,4 - Low,Database,Resolved
INC596576,APP-REPO-7,2026-03-08 12:50:36,2026-03-09 05:50:36,3 - Moderate,Network,Resolved
INC605998,APP-REPO-12,2025-11-28 21:07:59,2025-11-29 17:07:59,1 - Critical,Hardware,Resolved
INC900244,APP-REPO-16,2026-08-10 04:37:11,2026-08-10 11:37:11,4 - Low,Database,Resolved
INC911673,APP-REPO-8,2025-12-13 11:57:33,2025-12-15 00:57:33,4 - Low,Software,Resolved
INC271993,APP-REPO-16,2026-08-04 02:55:08,2026-08-04 13:55:08,3 - Moderate,Hardware,Resolved
INC695578,APP-REPO-4,2026-05-19 18:30:48,2026-05-20 03:30:48,3 - Moderate,Software,Resolved
INC194789,APP-REPO-9,2025-11-19 16:36:34,2025-11-20 02:36:34,3 - Moderate,Database,Resolved
INC515229,APP-REPO-5,2026-08-31 23:36:33,2026-09-02 05:36:33,1 - Critical,Hardware,Resolved
INC310141,APP-REPO-5,2026-01-02 00:50:25,2026-01-02 20:50:25,3 - Moderate,Software,Resolved
INC293560,APP-REPO-7,2025-10-17 04:59:33,2025-10-17 18:59:33,4 - Low,Software,Resolved
INC859309,APP-REPO-7,2026-06-02 22:51:48,2026-06-03 08:51:48,3 - Moderate,Software,Resolved
INC600531,APP-REPO-5,2026-04-01 14:04:16,2026-04-02 13:04:16,1 - Critical,Database,Resolved
INC676537,APP-REPO-12,2026-09-01 10:00:07,2026-09-03 07:00:07,2 - High,Database,Resolved
INC800906,APP-REPO-12,2026-02-18 02:35:21,2026-02-19 08:35:21,2 - High,Software,Resolved
INC506400,APP-REPO-4,2026-04-30 07:20:09,2026-05-01 04:20:09,2 - High,Database,Resolved
INC910822,APP-REPO-10,2025-11-05 18:50:50,2025-11-06 13:50:50,4 - Low,Database,Resolved
INC660060,APP-REPO-2,2026-06-30 05:22:45,2026-07-01 04:22:45,4 - Low,Software,Resolved
INC332463,APP-REPO-19,2026-08-21 10:55:44,2026-08-21 22:55:44,2 - High,Network,Resolved
INC479878,APP-REPO-10,2026-04-15 07:15:56,2026-04-16 16:15:56,1 - Critical,Database,Resolved
INC181023,APP-REPO-7,2026-08-23 12:05:03,2026-08-23 21:05:03,4 - Low,Hardware,Resolved
INC146397,APP-REPO-6,2025-11-14 08:43:21,2025-11-15 04:43:21,4 - Low,Software,Resolved
INC456082,APP-REPO-12,2026-01-15 15:37:17,2026-01-17 09:37:17,2 - High,Database,Resolved
INC258070,APP-REPO-9,2025-10-29 12:24:52,2025-10-30 08:24:52,4 - Low,Database,Resolved
INC136518,APP-REPO-8,2026-07-20 07:24:21,2026-07-21 10:24:21,2 - High,Hardware,Resolved
INC517559,APP-REPO-16,2025-11-28 04:51:39,2025-11-28 11:51:39,4 - Low,Software,Resolved
INC463108,APP-REPO-3,2026-01-10 21:14:27,2026-01-12 15:14:27,4 - Low,Software,Resolved
INC268698,APP-REPO-10,2026-03-20 10:36:01,2026-03-20 19:36:01,4 - Low,Database,Resolved
INC112151,APP-REPO-15,2026-09-13 12:42:25,2026-09-15 06:42:25,4 - Low,Database,Resolved
INC908829,APP-REPO-1,2026-04-14 07:26:09,2026-04-15 03:26:09,4 - Low,Network,Resolved
INC878111,APP-REPO-3,2025-11-23 04:01:50,2025-11-24 19:01:50,4 - Low,Network,Resolved
INC918941,APP-REPO-15,2026-08-15 16:33:30,2026-08-17 14:33:30,3 - Moderate,Network,Resolved
INC217096,APP-REPO-5,2026-03-15 20:10:53,2026-03-17 00:10:53,4 - Low,Software,Resolved
INC257692,APP-REPO-0,2025-11-01 13:28:26,2025-11-02 11:28:26,3 - Moderate,Hardware,Resolved
INC639907,APP-REPO-19,2026-09-15 13:09:46,2026-09-17 12:09:46,4 - Low,Database,Resolved
INC150901,APP-REPO-14,2025-12-22 04:11:09,2025-12-22 23:11:09,1 - Critical,Software,Resolved
INC613405,APP-REPO-14,2026-08-10 02:52:03,2026-08-11 02:52:03,1 - Critical,Network,Resolved
INC364583,APP-REPO-13,2026-03-21 03:27:33,2026-03-22 01:27:33,3 - Moderate,Software,Resolved
INC669113,APP-REPO-8,2026-09-05 11:59:19,2026-09-05 23:59:19,3 - Moderate,Network,Resolved
INC537319,APP-REPO-0,2026-02-09 17:00:38,2026-02-10 22:00:38,3 - Moderate,Network,Resolved
INC766876,APP-REPO-1,2025-10-07 07:13:33,2025-10-08 22:13:33,1 - Critical,Network,Resolved
INC867457,APP-REPO-1,2026-03-07 01:45:40,2026-03-08 12:45:40,4 - Low,Hardware,Resolved
INC283745,APP-REPO-2,2025-10-17 15:01:54,2025-10-19 02:01:54,1 - Critical,Hardware,Resolved
INC862091,APP-REPO-4,2026-02-27 21:51:37,2026-03-01 14:51:37,4 - Low,Database,Resolved
INC388039,APP-REPO-11,2026-04-09 21:41:13,2026-04-11 03:41:13,2 - High,Database,Resolved
INC142615,APP-REPO-2,2026-02-19 04:12:55,2026-02-20 01:12:55,3 - Moderate,Software,Resolved
INC253878,APP-REPO-19,2025-12-27 12:15:09,2025-12-29 11:15:09,1 - Critical,Database,Resolved
INC637533,APP-REPO-2,2026-02-23 21:58:14,2026-02-24 19:58:14,3 - Moderate,Database,Resolved
INC520205,APP-REPO-0,2025-10-28 15:15:34,2025-10-29 03:15:34,3 - Moderate,Software,Resolved
INC977504,APP-REPO-13,2026-02-19 13:04:51,2026-02-19 21:04:51,2 - High,Network,Resolved
INC417929,APP-REPO-19,2025-12-23 03:29:40,2025-12-24 12:29:40,2 - High,Software,Resolved
INC492415,APP-REPO-18,2025-10-07 21:22:07,2025-10-09 04:22:07,2 - High,Database,Resolved
INC388134,APP-REPO-5,2026-01-28 16:59:59,2026-01-29 10:59:59,1 - Critical,Database,Resolved
INC290065,APP-REPO-9,2025-11-04 10:09:47,2025-11-05 04:09:47,1 - Critical,Database,Resolved
INC317198,APP-REPO-0,2026-08-18 20:19:53,2026-08-19 23:19:53,2 - High,Network,Resolved
INC380025,APP-REPO-14,2026-07-01 12:10:05,2026-07-03 03:10:05,3 - Moderate,Software,Resolved
INC332074,APP-REPO-7,2026-06-06 08:42:51,2026-06-06 10:42:51,3 - Moderate,Hardware,Resolved
INC166817,APP-REPO-19,2026-02-04 03:46:27,2026-02-04 22:46:27,4 - Low,Database,Resolved
INC765607,APP-REPO-19,2026-07-31 06:50:37,2026-08-01 04:50:37,4 - Low,Database,Resolved
INC684745,APP-REPO-0,2025-11-22 15:55:11,2025-11-23 13:55:11,3 - Moderate,Network,Resolved
INC463191,APP-REPO-14,2025-11-19 09:09:46,2025-11-19 19:09:46,4 - Low,Database,Resolved
INC320869,APP-REPO-17,2025-10-11 19:39:11,2025-10-13 16:39:11,2 - High,Database,Resolved
INC368113,APP-REPO-12,2026-01-16 08:33:05,2026-01-16 11:33:05,1 - Critical,Database,Resolved
INC688592,APP-REPO-11,2026-09-18 05:23:37,2026-09-18 11:23:37,2 - High,Network,Resolved
INC418801,APP-REPO-9,2026-08-15 04:34:48,2026-08-16 01:34:48,4 - Low,Database,Resolved
INC131000,APP-REPO-4,2026-03-29 10:14:26,2026-03-31 02:14:26,2 - High,Network,Resolved
INC692332,APP-REPO-13,2026-06-24 06:30:10,2026-06-25 09:30:10,1 - Critical,Network,Resolved
INC683469,APP-REPO-15,2026-08-15 17:09:10,2026-08-16 09:09:10,4 - Low,Hardware,Resolved
INC496811,APP-REPO-19,2025-11-19 20:16:59,2025-11-20 04:16:59,1 - Critical,Database,Resolved
INC328909,APP-REPO-6,2026-07-18 15:33:13,2026-07-18 23:33:13,3 - Moderate,Hardware,Resolved
INC266846,APP-REPO-12,2026-06-27 22:42:55,2026-06-29 10:42:55,4 - Low,Network,Resolved
INC887775,APP-REPO-6,2026-03-28 03:03:53,2026-03-29 06:03:53,3 - Moderate,Network,Resolved
INC907927,APP-REPO-11,2026-03-20 03:54:37,2026-03-21 20:54:37,1 - Critical,Network,Resolved
INC626704,APP-REPO-17,2026-05-23 22:06:11,2026-05-25 09:06:11,4 - Low,Hardware,Resolved
INC523589,APP-REPO-15,2025-09-28 23:35:10,2025-09-30 05:35:10,3 - Moderate,Database,Resolved
INC264592,APP-REPO-5,2026-09-13 17:50:43,2026-09-14 19:50:43,3 - Moderate,Software,Resolved
INC658540,APP-REPO-10,2025-10-27 17:04:45,2025-10-28 23:04:45,2 - High,Software,Resolved
INC501975,APP-REPO-18,2025-10-04 07:46:14,2025-10-06 01:46:14,4 - Low,Database,Resolved
INC530224,APP-REPO-6,2026-01-04 08:01:32,2026-01-06 01:01:32,1 - Critical,Hardware,Resolved
INC245303,APP-REPO-19,2025-12-19 16:41:22,2025-12-21 08:41:22,1 - Critical,Database,Resolved
INC123942,APP-REPO-10,2026-08-17 05:03:42,2026-08-18 21:03:42,2 - High,Hardware,Resolved
INC696960,APP-REPO-15,2025-11-24 00:15:55,2025-11-25 20:15:55,1 - Critical,Network,Resolved
INC123823,APP-REPO-19,2026-04-28 01:52:04,2026-04-29 19:52:04,4 - Low,Hardware,Resolved
INC991613,APP-REPO-5,2026-07-06 08:57:40,2026-07-07 14:57:40,3 - Moderate,Hardware,Resolved
INC283722,APP-REPO-15,2026-05-21 09:48:55,2026-05-23 07:48:55,2 - High,Network,Resolved
INC239093,APP-REPO-9,2026-04-19 21:49:43,2026-04-20 02:49:43,1 - Critical,Hardware,Resolved
INC705659,APP-REPO-14,2026-03-10 07:39:43,2026-03-11 13:39:43,2 - High,Database,Resolved
INC353633,APP-REPO-5,2025-11-09 02:58:41,2025-11-10 08:58:41,1 - Critical,Network,Resolved
INC267003,APP-REPO-7,2026-07-25 09:05:41,2026-07-26 15:05:41,1 - Critical,Software,Resolved
INC884972,APP-REPO-1,2026-01-16 19:56:34,2026-01-18 15:56:34,4 - Low,Database,Resolved
INC504032,APP-REPO-2,2025-12-28 05:36:32,2025-12-29 08:36:32,3 - Moderate,Software,Resolved
INC850565,APP-REPO-19,2026-01-21 21:34:27,2026-01-23 15:34:27,1 - Critical,Database,Resolved
INC604163,APP-REPO-1,2025-11-13 06:21:02,2025-11-14 01:21:02,4 - Low,Software,Resolved
INC481024,APP-REPO-12,2025-10-15 11:41:55,2025-10-17 09:41:55,4 - Low,Database,Resolved
INC925673,APP-REPO-3,2025-12-28 13:03:32,2025-12-28 20:03:32,2 - High,Network,Resolved
INC894758,APP-REPO-18,2026-03-08 23:41:57,2026-03-09 07:41:57,2 - High,Network,Resolved
INC532949,APP-REPO-10,2026-06-02 02:06:12,2026-06-02 12:06:12,2 - High,Database,Resolved
INC320290,APP-REPO-8,2026-08-01 06:19:03,2026-08-01 13:19:03,3 - Moderate,Software,Resolved
INC580501,APP-REPO-15,2026-05-26 19:39:24,2026-05-27 11:39:24,3 - Moderate,Network,Resolved
INC409636,APP-REPO-14,2026-03-23 11:14:57,2026-03-24 09:14:57,4 - Low,Network,Resolved
INC695833,APP-REPO-8,2025-10-21 08:02:48,2025-10-22 23:02:48,1 - Critical,Hardware,Resolved
INC255214,APP-REPO-16,2025-11-08 23:54:43,2025-11-09 18:54:43,1 - Critical,Hardware,Resolved
INC488865,APP-REPO-18,2026-08-17 21:08:11,2026-08-18 21:08:11,3 - Moderate,Network,Resolved
INC850609,APP-REPO-5,2026-09-13 11:13:19,2026-09-15 00:13:19,3 - Moderate,Database,Resolved
INC847717,APP-REPO-14,2026-04-09 01:23:15,2026-04-10 21:23:15,3 - Moderate,Hardware,Resolved
INC879860,APP-REPO-4,2026-05-16 16:39:09,2026-05-17 02:39:09,3 - Moderate,Database,Resolved
INC369804,APP-REPO-7,2026-04-23 03:01:30,2026-04-23 05:01:30,2 - High,Network,Resolved
INC255570,APP-REPO-18,2025-10-03 07:49:48,2025-10-03 08:49:48,3 - Moderate,Network,Resolved
INC856169,APP-REPO-16,2026-05-30 08:53:19,2026-06-01 08:53:19,4 - Low,Database,Resolved
INC748502,APP-REPO-5,2026-04-15 02:17:29,2026-04-16 01:17:29,2 - High,Network,Resolved
INC648759,APP-REPO-11,2026-05-08 06:28:20,2026-05-09 07:28:20,4 - Low,Hardware,Resolved
INC650750,APP-REPO-15,2025-12-29 21:40:06,2025-12-30 09:40:06,4 - Low,Database,Resolved
INC114923,APP-REPO-2,2026-07-02 23:57:36,2026-07-03 21:57:36,2 - High,Network,Resolved
INC316456,APP-REPO-7,2025-11-21 16:52:29,2025-11-22 02:52:29,3 - Moderate,Software,Resolved
INC781570,APP-REPO-6,2026-01-18 01:29:36,2026-01-19 00:29:36,4 - Low,Database,Resolved
INC697067,APP-REPO-0,2026-03-12 15:26:17,2026-03-14 15:26:17,2 - High,Hardware,Resolved
INC481220,APP-REPO-1,2025-09-27 13:13:20,2025-09-28 15:13:20,1 - Critical,Network,Resolved
INC632064,APP-REPO-2,2026-05-23 17:04:56,2026-05-24 11:04:56,1 - Critical,Software,Resolved
INC568328,APP-REPO-18,2026-02-10 23:07:31,2026-02-12 09:07:31,2 - High,Hardware,Resolved
INC368511,APP-REPO-5,2025-12-29 08:51:46,2025-12-31 05:51:46,2 - High,Hardware,Resolved
INC823137,APP-REPO-14,2026-05-06 13:36:46,2026-05-07 01:36:46,1 - Critical,Network,Resolved
INC678788,APP-REPO-8,2026-03-07 17:19:59,2026-03-07 23:19:59,2 - High,Software,Resolved
INC238987,APP-REPO-16,2025-12-08 16:32:01,2025-12-09 12:32:01,1 - Critical,Hardware,Resolved
INC338641,APP-REPO-7,2026-06-11 23:01:51,2026-06-13 13:01:51,4 - Low,Database,Resolved
INC203043,APP-REPO-17,2026-06-13 10:51:21,2026-06-13 14:51:21,3 - Moderate,Software,Resolved
INC305967,APP-REPO-15,2025-10-30 04:37:17,2025-10-30 12:37:17,4 - Low,Software,Resolved
INC599159,APP-REPO-6,2026-04-18 05:52:16,2026-04-18 12:52:16,2 - High,Database,Resolved
INC414531,APP-REPO-18,2026-02-13 23:42:44,2026-02-14 00:42:44,4 - Low,Software,Resolved
INC854955,APP-REPO-14,2025-10-23 05:27:31,2025-10-24 23:27:31,2 - High,Database,Resolved
INC100519,APP-REPO-8,2026-04-19 05:52:15,2026-04-20 08:52:15,3 - Moderate,Database,Resolved
INC761785,APP-REPO-5,2026-04-26 05:51:11,2026-04-27 03:51:11,4 - Low,Network,Resolved
INC776624,APP-REPO-9,2026-04-11 23:16:42,2026-04-12 16:16:42,2 - High,Network,Resolved
INC388660,APP-REPO-17,2026-07-29 08:32:09,2026-07-30 17:32:09,3 - Moderate,Database,Resolved
INC216884,APP-REPO-5,2026-04-12 02:01:37,2026-04-13 10:01:37,1 - Critical,Network,Resolved
INC634299,APP-REPO-15,2026-04-30 03:42:44,2026-05-01 11:42:44,2 - High,Hardware,Resolved
INC168744,APP-REPO-13,2025-10-04 20:10:16,2025-10-06 16:10:16,3 - Moderate,Software,Resolved
INC564727,APP-REPO-10,2026-02-25 13:56:03,2026-02-27 06:56:03,2 - High,Hardware,Resolved
INC916622,APP-REPO-3,2026-09-01 02:40:50,2026-09-01 17:40:50,2 - High,Network,Resolved
INC626154,APP-REPO-9,2026-03-28 12:37:05,2026-03-29 09:37:05,4 - Low,Software,Resolved
INC818008,APP-REPO-9,2025-10-13 20:24:42,2025-10-15 12:24:42,2 - High,Hardware,Resolved
INC439492,APP-REPO-5,2026-05-31 19:31:22,2026-06-01 08:31:22,4 - Low,Hardware,Resolved
INC993761,APP-REPO-5,2026-02-24 04:38:12,2026-02-25 20:38:12,2 - High,Network,Resolved
INC641554,APP-REPO-15,2026-02-18 22:04:19,2026-02-20 16:04:19,4 - Low,Network,Resolved
INC339834,APP-REPO-8,2026-01-03 10:50:00,2026-01-04 17:50:00,3 - Moderate,Network,Resolved
INC252029,APP-REPO-9,2026-07-14 04:08:13,2026-07-15 02:08:13,3 - Moderate,Network,Resolved
INC571552,APP-REPO-9,2025-10-03 06:01:48,2025-10-04 10:01:48,4 - Low,Database,Resolved
INC105948,APP-REPO-12,2026-02-12 14:59:52,2026-02-12 18:59:52,4 - Low,Network,Resolved
INC777162,APP-REPO-4,2026-07-30 04:10:51,2026-07-31 10:10:51,3 - Moderate,Software,Resolved
INC958294,APP-REPO-6,2025-10-23 04:20:32,2025-10-23 18:20:32,3 - Moderate,Network,Resolved
INC972993,APP-REPO-11,2026-02-07 20:26:01,2026-02-07 22:26:01,3 - Moderate,Database,Resolved
INC929339,APP-REPO-12,2025-12-29 14:05:53,2025-12-30 11:05:53,2 - High,Hardware,Resolved
INC747554,APP-REPO-16,2026-07-08 14:08:49,2026-07-09 19:08:49,3 - Moderate,Software,Resolved
INC178042,APP-REPO-7,2026-06-09 03:17:54,2026-06-09 14:17:54,3 - Moderate,Database,Resolved
INC856300,APP-REPO-18,2026-05-28 22:25:15,2026-05-30 05:25:15,1 - Critical,Database,Resolved
INC821211,APP-REPO-15,2025-11-06 04:51:32,2025-11-06 20:51:32,3 - Moderate,Database,Resolved
INC162198,APP-REPO-3,2026-07-23 13:33:20,2026-07-23 17:33:20,3 - Moderate,Network,Resolved
INC664024,APP-REPO-11,2026-05-10 22:22:25,2026-05-12 03:22:25,3 - Moderate,Software,Resolved
INC594761,APP-REPO-4,2026-07-09 11:04:51,2026-07-11 11:04:51,1 - Critical,Network,Resolved
INC912901,APP-REPO-13,2026-07-17 19:24:01,2026-07-18 05:24:01,2 - High,Network,Resolved
INC701975,APP-REPO-6,2026-02-03 01:56:23,2026-02-04 13:56:23,1 - Critical,Database,Resolved
INC357138,APP-REPO-10,2025-11-17 18:06:33,2025-11-19 07:06:33,3 - Moderate,Network,Resolved
INC823066,APP-REPO-0,2025-10-14 03:52:48,2025-10-14 12:52:48,1 - Critical,Network,Resolved
INC994889,APP-REPO-11,2026-02-10 18:18:24,2026-02-11 23:18:24,2 - High,Hardware,Resolved
INC436873,APP-REPO-14,2026-04-26 23:51:31,2026-04-27 14:51:31,4 - Low,Network,Resolved
INC449188,APP-REPO-6,2026-02-05 10:07:50,2026-02-07 06:07:50,3 - Moderate,Network,Resolved
INC732938,APP-REPO-0,2026-08-08 21:05:37,2026-08-09 06:05:37,1 - Critical,Database,Resolved
INC548088,APP-REPO-12,2026-06-03 13:55:51,2026-06-04 21:55:51,1 - Critical,Software,Resolved
INC637145,APP-REPO-11,2025-12-03 22:35:26,2025-12-04 00:35:26,4 - Low,Software,Resolved
INC628704,APP-REPO-10,2026-08-15 10:22:41,2026-08-16 21:22:41,4 - Low,Network,Resolved
INC702737,APP-REPO-10,2026-07-26 12:46:37,2026-07-28 05:46:37,1 - Critical,Software,Resolved
INC692767,APP-REPO-2,2026-06-19 20:20:44,2026-06-21 08:20:44,1 - Critical,Hardware,Resolved
INC937383,APP-REPO-16,2026-03-26 09:14:27,2026-03-26 15:14:27,4 - Low,Hardware,Resolved
INC888432,APP-REPO-2,2026-06-24 00:08:21,2026-06-25 20:08:21,4 - Low,Network,Resolved
INC588337,APP-REPO-14,2026-03-31 18:52:31,2026-04-02 18:52:31,2 - High,Network,Resolved
INC176573,APP-REPO-5,2026-05-30 06:50:47,2026-06-01 00:50:47,3 - Moderate,Database,Resolved
INC653348,APP-REPO-13,2025-12-06 17:35:44,2025-12-06 19:35:44,4 - Low,Network,Resolved
INC106662,APP-REPO-19,2026-08-08 02:20:53,2026-08-09 03:20:53,1 - Critical,Software,Resolved
INC336170,APP-REPO-10,2025-11-18 07:33:31,2025-11-19 11:33:31,2 - High,Network,Resolved
INC997135,APP-REPO-7,2025-10-21 10:46:52,2025-10-23 00:46:52,3 - Moderate,Database,Resolved
INC785362,APP-REPO-6,2026-07-02 00:39:55,2026-07-03 13:39:55,3 - Moderate,Hardware,Resolved
INC298020,APP-REPO-4,2026-07-25 09:15:37,2026-07-25 23:15:37,3 - Moderate,Hardware,Resolved
INC205797,APP-REPO-0,2026-03-23 16:31:28,2026-03-25 03:31:28,1 - Critical,Hardware,Resolved
INC666310,APP-REPO-11,2025-10-11 07:21:20,2025-10-11 12:21:20,3 - Moderate,Network,Resolved
INC341281,APP-REPO-6,2026-01-18 21:43:28,2026-01-19 10:43:28,3 - Moderate,Hardware,Resolved
INC544893,APP-REPO-8,2025-12-14 05:36:21,2025-12-14 20:36:21,2 - High,Network,Resolved
INC128622,APP-REPO-4,2025-10-13 22:56:44,2025-10-15 03:56:44,1 - Critical,Database,Resolved
INC126658,APP-REPO-14,2026-07-31 04:18:50,2026-08-02 04:18:50,2 - High,Database,Resolved
INC151604,APP-REPO-14,2025-12-13 09:50:06,2025-12-14 14:50:06,4 - Low,Hardware,Resolved
INC315621,APP-REPO-12,2026-09-05 22:48:23,2026-09-07 12:48:23,1 - Critical,Software,Resolved
INC283602,APP-REPO-16,2025-10-13 05:14:00,2025-10-14 19:14:00,1 - Critical,Hardware,Resolved
INC893359,APP-REPO-6,2026-01-27 12:12:28,2026-01-27 20:12:28,4 - Low,Network,Resolved
INC886099,APP-REPO-10,2026-01-25 08:45:30,2026-01-26 11:45:30,2 - High,Hardware,Resolved
INC195201,APP-REPO-16,2026-04-15 02:21:53,2026-04-16 02:21:53,4 - Low,Network,Resolved
INC633447,APP-REPO-3,2026-02-28 14:21:31,2026-03-01 20:21:31,1 - Critical,Software,Resolved
INC498489,APP-REPO-13,2026-08-09 14:46:37,2026-08-10 16:46:37,1 - Critical,Network,Resolved
INC477898,APP-REPO-9,2026-04-25 20:03:16,2026-04-26 01:03:16,4 - Low,Network,Resolved
INC340500,APP-REPO-2,2026-03-29 19:02:50,2026-03-31 13:02:50,4 - Low,Database,Resolved
INC116619,APP-REPO-8,2026-01-03 07:41:49,2026-01-05 06:41:49,3 - Moderate,Software,Resolved
INC247572,APP-REPO-7,2025-10-11 03:58:19,2025-10-11 15:58:19,1 - Critical,Hardware,Resolved
INC643814,APP-REPO-4,2026-07-16 11:49:18,2026-07-16 20:49:18,4 - Low,Software,Resolved
INC164153,APP-REPO-19,2026-06-05 04:11:28,2026-06-05 18:11:28,3 - Moderate,Network,Resolved
INC747553,APP-REPO-13,2025-12-10 03:51:17,2025-12-10 14:51:17,4 - Low,Hardware,Resolved
INC283120,APP-REPO-16,2026-01-16 01:23:18,2026-01-16 11:23:18,2 - High,Network,Resolved
INC214705,APP-REPO-5,2026-02-12 13:52:55,2026-02-12 15:52:55,4 - Low,Hardware,Resolved
INC420932,APP-REPO-12,2026-08-27 18:21:18,2026-08-29 11:21:18,3 - Moderate,Network,Resolved
INC752123,APP-REPO-10,2026-07-27 04:36:45,2026-07-27 06:36:45,1 - Critical,Network,Resolved
INC129881,APP-REPO-15,2025-10-15 12:12:27,2025-10-15 15:12:27,2 - High,Database,Resolved
INC148758,APP-REPO-17,2026-08-29 04:27:59,2026-08-30 05:27:59,2 - High,Hardware,Resolved
INC204978,APP-REPO-0,2026-06-08 14:30:03,2026-06-09 13:30:03,2 - High,Software,Resolved
INC540279,APP-REPO-2,2026-02-02 20:24:14,2026-02-03 04:24:14,4 - Low,Database,Resolved
INC535239,APP-REPO-17,2026-01-11 01:12:18,2026-01-12 06:12:18,2 - High,Software,Resolved
INC426558,APP-REPO-15,2025-11-14 06:49:58,2025-11-15 13:49:58,3 - Moderate,Hardware,Resolved
INC438560,APP-REPO-17,2026-08-03 09:03:10,2026-08-04 09:03:10,1 - Critical,Database,Resolved
INC616740,APP-REPO-18,2026-02-16 20:49:44,2026-02-17 09:49:44,2 - High,Hardware,Resolved
INC639737,APP-REPO-4,2026-03-15 15:19:25,2026-03-16 01:19:25,2 - High,Software,Resolved
INC879286,APP-REPO-3,2026-09-07 09:15:24,2026-09-09 07:15:24,4 - Low,Network,Resolved
INC744889,APP-REPO-3,2026-03-01 07:06:53,2026-03-01 23:06:53,2 - High,Network,Resolved
INC293595,APP-REPO-9,2026-07-12 14:46:17,2026-07-13 12:46:17,4 - Low,Network,Resolved
INC896806,APP-REPO-4,2026-03-16 17:17:02,2026-03-17 14:17:02,4 - Low,Network,Resolved
INC793320,APP-REPO-4,2026-09-09 09:16:02,2026-09-10 23:16:02,1 - Critical,Database,Resolved
INC762574,APP-REPO-1,2026-02-24 02:25:55,2026-02-24 15:25:55,2 - High,Software,Resolved
INC249898,APP-REPO-1,2026-02-05 14:41:31,2026-02-06 06:41:31,2 - High,Database,Resolved
INC438199,APP-REPO-0,2025-12-08 11:54:15,2025-12-10 00:54:15,4 - Low,Database,Resolved
INC999343,APP-REPO-11,2026-04-07 15:35:27,2026-04-08 04:35:27,4 - Low,Database,Resolved
INC325272,APP-REPO-14,2026-06-22 17:11:15,2026-06-24 09:11:15,3 - Moderate,Database,Resolved
INC223542,APP-REPO-8,2026-04-08 03:53:44,2026-04-09 21:53:44,3 - Moderate,Network,Resolved
INC295370,APP-REPO-8,2026-02-16 14:33:47,2026-02-17 12:33:47,4 - Low,Database,Resolved
INC795466,APP-REPO-3,2026-09-20 21:50:22,2026-09-22 16:50:22,3 - Moderate,Network,Resolved
INC166183,APP-REPO-11,2026-08-02 13:55:52,2026-08-03 17:55:52,1 - Critical,Hardware,Resolved
INC199178,APP-REPO-7,2026-04-16 14:38:36,2026-04-17 20:38:36,1 - Critical,Software,Resolved
INC677204,APP-REPO-9,2026-01-08 12:39:31,2026-01-08 21:39:31,3 - Moderate,Network,Resolved
INC574548,APP-REPO-13,2026-08-04 01:52:59,2026-08-05 13:52:59,1 - Critical,Hardware,Resolved
INC516869,APP-REPO-16,2025-10-29 00:38:12,2025-10-29 13:38:12,2 - High,Hardware,Resolved
INC913602,APP-REPO-0,2026-07-06 07:31:50,2026-07-06 20:31:50,3 - Moderate,Hardware,Resolved
INC690225,APP-REPO-16,2026-03-10 19:15:55,2026-03-12 05:15:55,1 - Critical,Network,Resolved
INC665661,APP-REPO-7,2025-10-27 14:17:40,2025-10-29 11:17:40,2 - High,Network,Resolved
INC266461,APP-REPO-3,2026-03-13 04:11:28,2026-03-15 00:11:28,2 - High,Hardware,Resolved
INC984199,APP-REPO-4,2026-05-18 21:54:48,2026-05-20 08:54:48,4 - Low,Hardware,Resolved
INC391945,APP-REPO-1,2026-08-12 07:25:04,2026-08-13 09:25:04,3 - Moderate,Database,Resolved
INC647093,APP-REPO-13,2025-12-06 00:37:04,2025-12-07 07:37:04,4 - Low,Network,Resolved
INC242732,APP-REPO-9,2026-04-26 18:49:53,2026-04-26 19:49:53,1 - Critical,Network,Resolved
INC842749,APP-REPO-17,2026-01-19 00:44:35,2026-01-20 19:44:35,3 - Moderate,Hardware,Resolved
INC869089,APP-REPO-19,2026-01-29 16:32:57,2026-01-31 07:32:57,1 - Critical,Software,Resolved
INC891852,APP-REPO-13,2025-11-05 18:55:24,2025-11-06 03:55:24,2 - High,Database,Resolved
INC962392,APP-REPO-5,2025-10-28 00:56:16,2025-10-28 16:56:16,4 - Low,Hardware,Resolved
INC777468,APP-REPO-13,2026-02-01 07:04:36,2026-02-02 09:04:36,2 - High,Hardware,Resolved
INC974857,APP-REPO-11,2026-06-10 14:51:19,2026-06-10 19:51:19,2 - High,Network,Resolved
INC247262,APP-REPO-12,2026-01-19 18:12:20,2026-01-20 02:12:20,2 - High,Hardware,Resolved
INC564919,APP-REPO-4,2026-01-23 23:23:24,2026-01-25 19:23:24,3 - Moderate,Network,Resolved
INC111292,APP-REPO-3,2026-03-19 02:52:40,2026-03-20 12:52:40,3 - Moderate,Software,Resolved
INC909142,APP-REPO-19,2026-05-18 23:28:56,2026-05-20 06:28:56,2 - High,Database,Resolved
INC413337,APP-REPO-3,2026-07-02 15:44:41,2026-07-04 02:44:41,4 - Low,Hardware,Resolved
INC173822,APP-REPO-10,2026-03-11 10:19:52,2026-03-12 04:19:52,1 - Critical,Database,Resolved
INC978683,APP-REPO-8,2025-11-30 15:53:00,2025-11-30 23:53:00,4 - Low,Database,Resolved
INC713394,APP-REPO-5,2026-06-21 19:42:56,2026-06-23 17:42:56,4 - Low,Network,Resolved
INC335545,APP-REPO-16,2026-03-18 08:10:03,2026-03-18 15:10:03,1 - Critical,Network,Resolved
INC353013,APP-REPO-15,2026-02-10 11:17:49,2026-02-12 08:17:49,4 - Low,Database,Resolved
INC159404,APP-REPO-3,2026-03-19 14:11:31,2026-03-20 08:11:31,3 - Moderate,Network,Resolved
INC771366,APP-REPO-16,2025-10-13 09:25:13,2025-10-14 07:25:13,4 - Low,Network,Resolved
INC473986,APP-REPO-2,2026-07-06 05:02:34,2026-07-06 06:02:34,1 - Critical,Database,Resolved
INC354535,APP-REPO-18,2026-08-30 19:58:33,2026-09-01 03:58:33,2 - High,Database,Resolved
INC797962,APP-REPO-8,2026-09-15 23:26:12,2026-09-16 06:26:12,4 - Low,Database,Resolved
INC736095,APP-REPO-16,2026-02-10 20:43:57,2026-02-12 15:43:57,4 - Low,Software,Resolved
INC730888,APP-REPO-3,2026-05-23 17:28:22,2026-05-25 07:28:22,1 - Critical,Software,Resolved
INC223179,APP-REPO-7,2026-03-14 20:34:51,2026-03-15 20:34:51,4 - Low,Database,Resolved
INC853180,APP-REPO-1,2026-01-11 13:40:59,2026-01-12 12:40:59,4 - Low,Database,Resolved
INC701195,APP-REPO-16,2026-06-02 06:55:39,2026-06-02 09:55:39,4 - Low,Database,Resolved
INC801569,APP-REPO-0,2026-07-31 07:44:58,2026-07-31 21:44:58,2 - High,Software,Resolved
INC761149,APP-REPO-10,2025-10-19 05:15:27,2025-10-19 12:15:27,3 - Moderate,Database,Resolved
INC940848,APP-REPO-0,2025-10-26 02:04:33,2025-10-28 01:04:33,4 - Low,Network,Resolved
INC476007,APP-REPO-11,2026-06-14 14:31:44,2026-06-15 13:31:44,2 - High,Network,Resolved
INC567672,APP-REPO-1,2026-06-01 12:41:21,2026-06-02 09:41:21,4 - Low,Network,Resolved
INC905947,APP-REPO-5,2026-03-03 16:47:43,2026-03-04 06:47:43,3 - Moderate,Database,Resolved
INC889912,APP-REPO-11,2026-02-15 00:56:48,2026-02-15 12:56:48,4 - Low,Software,Resolved
INC449976,APP-REPO-11,2026-04-14 04:56:59,2026-04-15 20:56:59,2 - High,Network,Resolved
INC968937,APP-REPO-9,2026-08-04 01:23:50,2026-08-04 08:23:50,1 - Critical,Database,Resolved
INC428124,APP-REPO-19,2026-07-15 04:11:50,2026-07-16 12:11:50,2 - High,Database,Resolved
INC311968,APP-REPO-8,2026-06-17 19:12:27,2026-06-19 17:12:27,4 - Low,Network,Resolved
INC453371,APP-REPO-14,2025-11-28 01:49:33,2025-11-29 01:49:33,2 - High,Hardware,Resolved
INC438438,APP-REPO-0,2025-10-09 00:53:35,2025-10-09 08:53:35,2 - High,Network,Resolved
INC630704,APP-REPO-17,2025-11-21 09:26:33,2025-11-22 04:26:33,2 - High,Database,Resolved
INC748513,APP-REPO-2,2026-08-22 12:48:46,2026-08-23 01:48:46,1 - Critical,Software,Resolved
INC846235,APP-REPO-19,2026-05-20 21:37:53,2026-05-22 16:37:53,4 - Low,Network,Resolved
INC252846,APP-REPO-10,2026-06-17 06:53:16,2026-06-18 17:53:16,3 - Moderate,Database,Resolved
INC239494,APP-REPO-12,2026-07-27 08:59:49,2026-07-27 15:59:49,3 - Moderate,Software,Resolved
INC439566,APP-REPO-7,2026-03-16 02:42:30,2026-03-17 07:42:30,1 - Critical,Hardware,Resolved
INC674606,APP-REPO-4,2025-10-10 10:59:29,2025-10-12 05:59:29,3 - Moderate,Software,Resolved
INC618513,APP-REPO-7,2025-11-14 23:11:26,2025-11-16 20:11:26,2 - High,Hardware,Resolved
INC336802,APP-REPO-14,2025-10-23 01:18:07,2025-10-24 19:18:07,2 - High,Hardware,Resolved
INC113021,APP-REPO-9,2025-12-27 14:16:40,2025-12-28 06:16:40,1 - Critical,Database,Resolved
INC978634,APP-REPO-14,2026-07-26 06:55:51,2026-07-27 09:55:51,2 - High,Database,Resolved
INC295095,APP-REPO-16,2026-06-04 11:59:43,2026-06-06 01:59:43,4 - Low,Database,Resolved
INC883068,APP-REPO-8,2026-02-16 05:04:13,2026-02-18 03:04:13,3 - Moderate,Network,Resolved
INC552266,APP-REPO-11,2026-02-14 14:07:47,2026-02-15 14:07:47,2 - High,Network,Resolved
INC666618,APP-REPO-11,2026-02-22 15:06:11,2026-02-22 20:06:11,2 - High,Network,Resolved
INC967641,APP-REPO-7,2026-05-05 05:44:41,2026-05-06 16:44:41,2 - High,Software,Resolved
INC922312,APP-REPO-16,2025-10-09 12:29:41,2025-10-11 10:29:41,4 - Low,Network,Resolved
INC209898,APP-REPO-19,2026-05-19 22:32:03,2026-05-20 13:32:03,3 - Moderate,Hardware,Resolved
INC587888,APP-REPO-8,2025-11-25 12:47:20,2025-11-27 01:47:20,1 - Critical,Database,Resolved
INC748865,APP-REPO-14,2026-06-17 15:57:31,2026-06-18 23:57:31,4 - Low,Software,Resolved
INC279664,APP-REPO-0,2026-03-20 16:13:26,2026-03-22 04:13:26,4 - Low,Software,Resolved
INC464488,APP-REPO-15,2026-02-18 00:16:53,2026-02-19 22:16:53,2 - High,Software,Resolved
INC815136,APP-REPO-11,2026-02-18 10:03:27,2026-02-18 15:03:27,3 - Moderate,Network,Resolved
INC863112,APP-REPO-0,2026-03-18 08:27:20,2026-03-20 06:27:20,4 - Low,Database,Resolved
INC838425,APP-REPO-4,2026-07-20 07:06:16,2026-07-21 09:06:16,2 - High,Database,Resolved
INC424875,APP-REPO-17,2025-10-26 19:15:56,2025-10-28 16:15:56,3 - Moderate,Network,Resolved
INC343861,APP-REPO-18,2026-05-07 19:58:49,2026-05-09 04:58:49,4 - Low,Hardware,Resolved
INC903524,APP-REPO-17,2025-11-19 10:03:11,2025-11-21 06:03:11,3 - Moderate,Software,Resolved
INC739206,APP-REPO-1,2026-04-20 13:33:55,2026-04-22 11:33:55,3 - Moderate,Software,Resolved
INC912248,APP-REPO-2,2026-02-16 10:51:47,2026-02-18 02:51:47,1 - Critical,Database,Resolved
INC865859,APP-REPO-5,2026-02-28 12:35:16,2026-03-02 11:35:16,2 - High,Hardware,Resolved
INC730745,APP-REPO-5,2026-01-27 00:55:34,2026-01-27 12:55:34,1 - Critical,Database,Resolved
INC864062,APP-REPO-3,2026-06-06 04:59:11,2026-06-07 02:59:11,1 - Critical,Software,Resolved
INC523158,APP-REPO-18,2026-01-13 04:13:06,2026-01-15 01:13:06,4 - Low,Database,Resolved
INC499812,APP-REPO-15,2026-01-01 21:11:27,2026-01-02 06:11:27,3 - Moderate,Hardware,Resolved
INC200519,APP-REPO-9,2025-11-10 00:03:33,2025-11-10 23:03:33,2 - High,Database,Resolved
INC364255,APP-REPO-15,2025-10-07 00:10:17,2025-10-07 06:10:17,2 - High,Network,Resolved
INC520927,APP-REPO-6,2026-07-09 15:37:42,2026-07-10 06:37:42,3 - Moderate,Software,Resolved
INC456222,APP-REPO-14,2025-12-08 04:44:06,2025-12-08 11:44:06,3 - Moderate,Software,Resolved
INC735604,APP-REPO-1,2026-04-08 18:04:06,2026-04-10 06:04:06,1 - Critical,Network,Resolved
INC200128,APP-REPO-5,2026-04-16 00:22:38,2026-04-16 01:22:38,1 - Critical,Software,Resolved
INC442737,APP-REPO-12,2026-02-24 05:37:31,2026-02-25 01:37:31,1 - Critical,Network,Resolved
INC172759,APP-REPO-5,2026-09-16 17:28:29,2026-09-17 06:28:29,4 - Low,Hardware,Resolved
INC661212,APP-REPO-6,2026-05-03 01:48:38,2026-05-04 00:48:38,1 - Critical,Hardware,Resolved
INC728850,APP-REPO-11,2025-11-11 16:15:13,2025-11-13 05:15:13,2 - High,Database,Resolved
INC840680,APP-REPO-5,2026-01-06 14:34:37,2026-01-07 23:34:37,2 - High,Database,Resolved
INC131815,APP-REPO-19,2026-07-24 21:50:03,2026-07-25 00:50:03,1 - Critical,Network,Resolved
INC405587,APP-REPO-3,2026-01-06 00:43:05,2026-01-06 23:43:05,2 - High,Hardware,Resolved
INC204565,APP-REPO-15,2026-06-27 08:44:58,2026-06-27 21:44:58,2 - High,Network,Resolved
INC576752,APP-REPO-17,2026-03-19 06:12:30,2026-03-20 07:12:30,4 - Low,Software,Resolved
INC801188,APP-REPO-17,2025-12-19 06:34:58,2025-12-19 11:34:58,3 - Moderate,Hardware,Resolved
INC483457,APP-REPO-4,2026-05-22 13:45:01,2026-05-23 05:45:01,4 - Low,Hardware,Resolved
INC932625,APP-REPO-12,2026-01-15 20:24:39,2026-01-15 23:24:39,3 - Moderate,Software,Resolved
INC603760,APP-REPO-18,2026-06-23 11:00:36,2026-06-23 18:00:36,1 - Critical,Network,Resolved
INC652953,APP-REPO-18,2026-09-17 20:50:39,2026-09-19 09:50:39,4 - Low,Hardware,Resolved
INC396287,APP-REPO-10,2026-04-05 16:57:33,2026-04-06 01:57:33,4 - Low,Hardware,Resolved
INC407189,APP-REPO-13,2025-12-13 16:26:20,2025-12-14 18:26:20,4 - Low,Database,Resolved
INC186391,APP-REPO-15,2025-11-13 13:42:19,2025-11-13 15:42:19,4 - Low,Software,Resolved
INC437132,APP-REPO-17,2025-11-18 15:43:19,2025-11-19 22:43:19,4 - Low,Network,Resolved
INC621786,APP-REPO-9,2026-08-24 03:33:31,2026-08-25 23:33:31,1 - Critical,Software,Resolved
INC297215,APP-REPO-2,2025-10-25 16:51:24,2025-10-26 12:51:24,2 - High,Network,Resolved
INC875167,APP-REPO-1,2026-03-21 11:59:05,2026-03-22 22:59:05,1 - Critical,Software,Resolved
INC417661,APP-REPO-12,2025-12-02 23:54:56,2025-12-03 12:54:56,3 - Moderate,Software,Resolved
INC963760,APP-REPO-13,2026-09-10 22:56:14,2026-09-12 22:56:14,2 - High,Network,Resolved
INC814220,APP-REPO-1,2026-06-30 23:43:51,2026-07-01 13:43:51,1 - Critical,Database,Resolved
INC294726,APP-REPO-7,2026-03-18 19:22:43,2026-03-20 17:22:43,3 - Moderate,Software,Resolved
INC848719,APP-REPO-6,2025-10-31 00:54:38,2025-11-01 08:54:38,2 - High,Software,Resolved
INC147431,APP-REPO-12,2026-08-07 17:10:20,2026-08-08 07:10:20,1 - Critical,Network,Resolved
INC104968,APP-REPO-7,2026-06-18 18:40:58,2026-06-20 13:40:58,3 - Moderate,Hardware,Resolved
INC508856,APP-REPO-7,2026-08-21 07:28:14,2026-08-22 07:28:14,4 - Low,Software,Resolved
INC263503,APP-REPO-4,2026-01-29 01:24:56,2026-01-30 16:24:56,2 - High,Network,Resolved
INC543380,APP-REPO-18,2026-06-13 07:21:34,2026-06-15 05:21:34,3 - Moderate,Hardware,Resolved
INC785072,APP-REPO-8,2026-02-08 20:52:48,2026-02-09 23:52:48,1 - Critical,Database,Resolved
INC963559,APP-REPO-13,2026-06-29 12:02:18,2026-06-30 13:02:18,3 - Moderate,Hardware,Resolved
INC956397,APP-REPO-15,2025-10-22 03:55:03,2025-10-22 20:55:03,1 - Critical,Database,Resolved
INC143829,APP-REPO-14,2026-04-28 12:59:11,2026-04-28 21:59:11,2 - High,Software,Resolved
INC768568,APP-REPO-3,2026-04-25 12:02:42,2026-04-25 20:02:42,2 - High,Database,Resolved
INC169730,APP-REPO-5,2026-01-17 17:00:51,2026-01-19 04:00:51,3 - Moderate,Hardware,Resolved
INC876043,APP-REPO-8,2026-09-08 02:27:18,2026-09-09 22:27:18,4 - Low,Network,Resolved
INC662309,APP-REPO-9,2026-01-21 10:26:25,2026-01-22 05:26:25,3 - Moderate,Software,Resolved
INC897955,APP-REPO-3,2026-08-23 13:54:40,2026-08-24 15:54:40,2 - High,Software,Resolved
INC681697,APP-REPO-15,2025-11-27 02:41:49,2025-11-27 15:41:49,2 - High,Software,Resolved
INC591737,APP-REPO-15,2026-06-30 09:11:00,2026-06-30 16:11:00,1 - Critical,Hardware,Resolved
INC139878,APP-REPO-12,2026-06-29 12:15:19,2026-06-30 00:15:19,1 - Critical,Software,Resolved
INC353495,APP-REPO-13,2026-06-25 21:09:29,2026-06-27 13:09:29,3 - Moderate,Database,Resolved
INC874212,APP-REPO-4,2026-06-01 14:26:12,2026-06-02 19:26:12,1 - Critical,Hardware,Resolved
INC905882,APP-REPO-6,2025-12-03 13:17:14,2025-12-05 12:17:14,3 - Moderate,Software,Resolved
INC696431,APP-REPO-0,2026-08-01 04:25:41,2026-08-01 14:25:41,3 - Moderate,Network,Resolved
INC284055,APP-REPO-11,2026-02-14 07:59:34,2026-02-15 13:59:34,2 - High,Software,Resolved
INC510320,APP-REPO-12,2026-04-12 12:35:20,2026-04-12 22:35:20,3 - Moderate,Software,Resolved
INC336176,APP-REPO-5,2025-12-23 00:43:30,2025-12-24 17:43:30,2 - High,Network,Resolved
INC789975,APP-REPO-14,2025-11-13 01:49:18,2025-11-13 03:49:18,4 - Low,Software,Resolved
INC984392,APP-REPO-7,2025-12-13 23:54:52,2025-12-15 14:54:52,3 - Moderate,Hardware,Resolved
INC250327,APP-REPO-17,2026-07-31 13:13:43,2026-08-01 10:13:43,1 - Critical,Software,Resolved
INC818025,APP-REPO-2,2025-11-19 21:04:04,2025-11-21 00:04:04,1 - Critical,Hardware,Resolved
INC859252,APP-REPO-10,2025-12-27 21:10:58,2025-12-28 21:10:58,1 - Critical,Hardware,Resolved
INC208834,APP-REPO-7,2026-07-30 21:27:09,2026-07-30 22:27:09,4 - Low,Software,Resolved
INC690045,APP-REPO-1,2026-04-06 19:15:35,2026-04-07 20:15:35,1 - Critical,Hardware,Resolved
INC899199,APP-REPO-1,2025-10-07 03:37:35,2025-10-08 16:37:35,1 - Critical,Software,Resolved
INC780381,APP-REPO-15,2026-02-14 02:26:27,2026-02-15 15:26:27,4 - Low,Network,Resolved
INC818914,APP-REPO-19,2026-04-30 02:29:44,2026-05-01 03:29:44,4 - Low,Hardware,Resolved
INC816052,APP-REPO-15,2026-05-07 04:39:13,2026-05-08 20:39:13,3 - Moderate,Network,Resolved
INC767625,APP-REPO-14,2026-02-17 05:08:34,2026-02-18 12:08:34,2 - High,Database,Resolved
INC662513,APP-REPO-11,2026-03-27 11:10:47,2026-03-28 02:10:47,2 - High,Network,Resolved
INC768040,APP-REPO-5,2026-08-05 01:18:42,2026-08-06 02:18:42,3 - Moderate,Hardware,Resolved
INC485957,APP-REPO-0,2026-04-29 04:21:49,2026-04-30 08:21:49,3 - Moderate,Hardware,Resolved
INC144622,APP-REPO-14,2025-11-16 08:11:49,2025-11-17 11:11:49,2 - High,Database,Resolved
INC231097,APP-REPO-11,2026-05-22 14:24:49,2026-05-23 04:24:49,4 - Low,Database,Resolved
INC538017,APP-REPO-14,2026-09-05 08:24:57,2026-09-07 07:24:57,4 - Low,Database,Resolved
INC507311,APP-REPO-14,2025-10-30 10:13:41,2025-10-31 10:13:41,3 - Moderate,Network,Resolved
INC797694,APP-REPO-12,2025-10-22 11:27:30,2025-10-22 20:27:30,2 - High,Hardware,Resolved
INC327498,APP-REPO-6,2026-01-25 01:26:24,2026-01-26 14:26:24,2 - High,Network,Resolved
INC585884,APP-REPO-17,2026-02-28 13:45:41,2026-03-01 16:45:41,3 - Moderate,Network,Resolved
INC323885,APP-REPO-12,2026-07-02 08:56:49,2026-07-02 18:56:49,4 - Low,Software,Resolved
INC669197,APP-REPO-14,2026-07-03 02:59:33,2026-07-03 22:59:33,4 - Low,Software,Resolved
INC309096,APP-REPO-6,2026-03-31 20:07:25,2026-04-01 18:07:25,2 - High,Database,Resolved
INC642638,APP-REPO-13,2026-04-19 02:28:49,2026-04-19 14:28:49,4 - Low,Software,Resolved
INC827679,APP-REPO-6,2026-03-05 11:31:46,2026-03-06 12:31:46,2 - High,Network,Resolved
INC882208,APP-REPO-18,2026-07-22 15:46:29,2026-07-23 01:46:29,4 - Low,Hardware,Resolved
INC258002,APP-REPO-13,2026-03-04 22:50:19,2026-03-05 19:50:19,4 - Low,Hardware,Resolved
INC874337,APP-REPO-4,2026-08-12 16:43:15,2026-08-14 00:43:15,3 - Moderate,Software,Resolved
INC809035,APP-REPO-3,2026-05-08 05:06:10,2026-05-08 10:06:10,1 - Critical,Software,Resolved
INC109089,APP-REPO-1,2025-10-25 14:02:53,2025-10-26 12:02:53,1 - Critical,Network,Resolved
INC474023,APP-REPO-6,2025-11-14 14:46:18,2025-11-16 14:46:18,2 - High,Hardware,Resolved
INC422501,APP-REPO-2,2026-01-28 01:33:13,2026-01-29 01:33:13,3 - Moderate,Database,Resolved
INC598165,APP-REPO-10,2026-06-03 09:40:16,2026-06-05 07:40:16,2 - High,Network,Resolved
INC417970,APP-REPO-3,2025-10-25 17:54:35,2025-10-27 05:54:35,2 - High,Hardware,Resolved
INC271187,APP-REPO-13,2026-03-20 16:42:28,2026-03-21 00:42:28,4 - Low,Hardware,Resolved
INC688947,APP-REPO-17,2026-03-26 20:31:18,2026-03-28 13:31:18,4 - Low,Network,Resolved
INC823479,APP-REPO-7,2026-06-18 01:43:00,2026-06-18 09:43:00,2 - High,Database,Resolved
INC201784,APP-REPO-1,2026-04-15 20:47:11,2026-04-16 05:47:11,4 - Low,Database,Resolved
INC497798,APP-REPO-15,2026-02-07 17:45:07,2026-02-08 04:45:07,1 - Critical,Network,Resolved
INC562355,APP-REPO-18,2025-11-15 18:48:24,2025-11-17 07:48:24,2 - High,Database,Resolved
INC120821,APP-REPO-15,2026-09-02 21:49:24,2026-09-04 16:49:24,3 - Moderate,Network,Resolved
INC189139,APP-REPO-11,2026-08-14 21:58:56,2026-08-15 02:58:56,2 - High,Hardware,Resolved
INC754344,APP-REPO-9,2026-07-26 23:13:09,2026-07-28 19:13:09,4 - Low,Hardware,Resolved
INC216362,APP-REPO-6,2026-04-29 01:09:43,2026-04-30 18:09:43,3 - Moderate,Network,Resolved
INC845965,APP-REPO-2,2026-06-02 09:57:11,2026-06-03 08:57:11,4 - Low,Software,Resolved
INC752069,APP-REPO-18,2026-05-13 05:12:15,2026-05-14 08:12:15,2 - High,Network,Resolved
INC992603,APP-REPO-8,2025-12-06 14:39:39,2025-12-07 03:39:39,3 - Moderate,Software,Resolved
INC613392,APP-REPO-10,2026-07-22 02:53:06,2026-07-22 13:53:06,1 - Critical,Hardware,Resolved
INC834543,APP-REPO-9,2025-11-16 01:18:57,2025-11-16 18:18:57,4 - Low,Database,Resolved
INC453913,APP-REPO-1,2026-03-13 22:56:10,2026-03-14 16:56:10,4 - Low,Software,Resolved
INC449090,APP-REPO-17,2026-04-10 05:40:18,2026-04-10 08:40:18,2 - High,Software,Resolved
INC870327,APP-REPO-18,2026-09-15 15:05:42,2026-09-15 17:05:42,3 - Moderate,Database,Resolved
INC309340,APP-REPO-15,2026-08-30 02:57:38,2026-08-31 03:57:38,4 - Low,Software,Resolved
INC829062,APP-REPO-8,2025-10-18 11:07:36,2025-10-20 08:07:36,4 - Low,Network,Resolved
INC484611,APP-REPO-16,2026-08-15 19:45:56,2026-08-16 23:45:56,4 - Low,Network,Resolved
INC238768,APP-REPO-11,2025-11-14 03:54:25,2025-11-16 02:54:25,3 - Moderate,Hardware,Resolved
INC612575,APP-REPO-9,2026-04-16 03:42:12,2026-04-16 21:42:12,1 - Critical,Database,Resolved
INC804441,APP-REPO-2,2025-11-25 08:50:57,2025-11-27 03:50:57,3 - Moderate,Software,Resolved
INC124125,APP-REPO-4,2026-01-23 01:17:16,2026-01-23 08:17:16,2 - High,Software,Resolved
INC285710,APP-REPO-11,2025-11-29 21:21:24,2025-11-30 02:21:24,2 - High,Hardware,Resolved
INC916711,APP-REPO-2,2025-11-28 20:16:59,2025-11-29 01:16:59,1 - Critical,Software,Resolved
INC872279,APP-REPO-10,2026-01-30 06:03:28,2026-01-31 22:03:28,1 - Critical,Hardware,Resolved
INC711062,APP-REPO-14,2026-06-29 10:05:46,2026-07-01 03:05:46,3 - Moderate,Software,Resolved
INC742321,APP-REPO-3,2025-12-23 12:10:37,2025-12-23 16:10:37,2 - High,Hardware,Resolved
INC882304,APP-REPO-2,2026-02-08 07:48:37,2026-02-08 19:48:37,1 - Critical,Software,Resolved
INC104027,APP-REPO-13,2026-04-16 11:07:10,2026-04-18 07:07:10,2 - High,Hardware,Resolved
INC152427,APP-REPO-2,2026-09-09 11:57:20,2026-09-10 12:57:20,3 - Moderate,Hardware,Resolved
INC599168,APP-REPO-6,2026-01-15 06:09:49,2026-01-17 04:09:49,4 - Low,Hardware,Resolved
INC592002,APP-REPO-9,2026-08-21 11:18:55,2026-08-23 10:18:55,1 - Critical,Database,Resolved
INC293910,APP-REPO-16,2025-10-27 13:40:09,2025-10-27 14:40:09,1 - Critical,Hardware,Resolved
INC307324,APP-REPO-8,2026-01-02 06:27:08,2026-01-02 16:27:08,2 - High,Software,Resolved
INC837010,APP-REPO-2,2025-12-12 04:18:29,2025-12-12 17:18:29,2 - High,Network,Resolved
INC893023,APP-REPO-7,2026-05-31 13:48:09,2026-06-01 00:48:09,4 - Low,Network,Resolved
INC730775,APP-REPO-13,2026-04-28 20:51:20,2026-04-30 05:51:20,3 - Moderate,Hardware,Resolved
INC547242,APP-REPO-8,2026-01-11 12:42:38,2026-01-12 11:42:38,2 - High,Software,Resolved
INC786651,APP-REPO-8,2025-11-14 13:18:48,2025-11-15 08:18:48,2 - High,Software,Resolved
INC164612,APP-REPO-2,2026-05-27 16:16:20,2026-05-29 00:16:20,3 - Moderate,Software,Resolved
INC749954,APP-REPO-13,2026-01-22 13:10:17,2026-01-22 19:10:17,4 - Low,Software,Resolved
INC880422,APP-REPO-2,2026-05-23 13:31:41,2026-05-24 10:31:41,3 - Moderate,Software,Resolved
INC696850,APP-REPO-8,2026-04-22 03:01:02,2026-04-24 02:01:02,3 - Moderate,Database,Resolved
INC475508,APP-REPO-15,2025-11-02 05:27:27,2025-11-03 05:27:27,4 - Low,Network,Resolved
INC900496,APP-REPO-15,2026-04-10 02:57:46,2026-04-10 23:57:46,2 - High,Hardware,Resolved
INC715754,APP-REPO-5,2026-06-02 21:04:39,2026-06-03 00:04:39,3 - Moderate,Database,Resolved
INC587529,APP-REPO-14,2025-12-01 10:26:31,2025-12-02 07:26:31,4 - Low,Database,Resolved
INC586950,APP-REPO-14,2026-05-14 18:41:46,2026-05-15 04:41:46,2 - High,Database,Resolved
INC539979,APP-REPO-0,2026-05-10 10:39:33,2026-05-10 19:39:33,3 - Moderate,Database,Resolved
INC762902,APP-REPO-4,2025-11-25 19:50:11,2025-11-26 21:50:11,3 - Moderate,Software,Resolved
INC555481,APP-REPO-5,2025-12-02 10:20:49,2025-12-02 20:20:49,2 - High,Hardware,Resolved
INC199453,APP-REPO-0,2026-06-09 18:28:37,2026-06-10 20:28:37,4 - Low,Hardware,Resolved
INC384048,APP-REPO-10,2026-05-27 11:12:34,2026-05-28 00:12:34,1 - Critical,Database,Resolved
INC511284,APP-REPO-5,2026-07-03 19:25:33,2026-07-04 15:25:33,3 - Moderate,Hardware,Resolved
INC299172,APP-REPO-15,2026-09-12 05:53:57,2026-09-13 20:53:57,4 - Low,Database,Resolved
INC556243,APP-REPO-5,2026-05-19 22:56:42,2026-05-21 06:56:42,1 - Critical,Network,Resolved
INC211161,APP-REPO-2,2026-02-05 01:29:03,2026-02-05 22:29:03,4 - Low,Network,Resolved
INC248350,APP-REPO-7,2026-08-20 03:35:25,2026-08-21 13:35:25,4 - Low,Hardware,Resolved
INC536569,APP-REPO-15,2026-09-20 18:17:27,2026-09-20 19:17:27,3 - Moderate,Hardware,Resolved
INC455027,APP-REPO-9,2026-05-03 19:56:33,2026-05-05 15:56:33,4 - Low,Software,Resolved
INC728218,APP-REPO-4,2025-10-12 22:36:01,2025-10-14 08:36:01,3 - Moderate,Network,Resolved
INC859962,APP-REPO-11,2026-08-13 10:24:04,2026-08-15 07:24:04,2 - High,Network,Resolved
INC692789,APP-REPO-15,2026-08-28 09:39:57,2026-08-28 14:39:57,1 - Critical,Database,Resolved
INC487982,APP-REPO-13,2025-10-07 23:06:06,2025-10-08 15:06:06,2 - High,Network,Resolved
INC821715,APP-REPO-7,2025-10-28 11:41:36,2025-10-29 08:41:36,4 - Low,Network,Resolved
INC681955,APP-REPO-10,2025-10-14 14:22:34,2025-10-16 03:22:34,3 - Moderate,Hardware,Resolved
INC233308,APP-REPO-10,2026-06-03 01:25:25,2026-06-04 18:25:25,2 - High,Hardware,Resolved
INC952829,APP-REPO-7,2026-07-23 09:05:27,2026-07-24 17:05:27,4 - Low,Software,Resolved
INC428686,APP-REPO-16,2026-05-08 22:32:21,2026-05-09 05:32:21,4 - Low,Hardware,Resolved
INC753899,APP-REPO-10,2026-01-07 17:24:48,2026-01-07 23:24:48,4 - Low,Database,Resolved
INC731871,APP-REPO-8,2026-06-06 19:36:46,2026-06-07 00:36:46,4 - Low,Database,Resolved
INC915197,APP-REPO-6,2025-12-17 19:31:05,2025-12-18 13:31:05,2 - High,Network,Resolved
INC988954,APP-REPO-1,2026-07-21 19:13:03,2026-07-23 02:13:03,2 - High,Hardware,Resolved
INC763821,APP-REPO-0,2026-05-07 03:20:48,2026-05-08 00:20:48,3 - Moderate,Database,Resolved
INC689171,APP-REPO-4,2026-03-07 17:30:42,2026-03-08 11:30:42,3 - Moderate,Database,Resolved
INC429429,APP-REPO-19,2026-05-24 23:49:47,2026-05-26 10:49:47,2 - High,Hardware,Resolved
INC726615,APP-REPO-19,2026-06-02 02:28:16,2026-06-02 10:28:16,3 - Moderate,Software,Resolved
INC871222,APP-REPO-6,2025-10-08 16:55:36,2025-10-10 02:55:36,3 - Moderate,Hardware,Resolved
INC929118,APP-REPO-12,2026-04-08 08:41:34,2026-04-09 12:41:34,1 - Critical,Network,Resolved
INC373665,APP-REPO-6,2026-09-07 04:41:35,2026-09-07 14:41:35,3 - Moderate,Software,Resolved
INC130221,APP-REPO-13,2026-05-28 12:14:02,2026-05-28 18:14:02,3 - Moderate,Database,Resolved
INC913482,APP-REPO-4,2026-04-26 19:47:32,2026-04-28 00:47:32,4 - Low,Hardware,Resolved
INC722691,APP-REPO-14,2026-01-17 10:34:37,2026-01-18 07:34:37,1 - Critical,Network,Resolved
INC578091,APP-REPO-8,2026-06-03 05:39:04,2026-06-03 18:39:04,4 - Low,Network,Resolved
INC270814,APP-REPO-18,2026-01-22 06:21:46,2026-01-22 15:21:46,3 - Moderate,Software,Resolved
INC229934,APP-REPO-1,2026-04-02 12:00:49,2026-04-03 09:00:49,4 - Low,Network,Resolved
INC248638,APP-REPO-10,2025-12-31 01:04:09,2026-01-02 00:04:09,4 - Low,Software,Resolved
INC759439,APP-REPO-13,2026-08-05 10:52:43,2026-08-07 04:52:43,3 - Moderate,Database,Resolved
INC286644,APP-REPO-10,2026-08-06 11:40:57,2026-08-08 03:40:57,1 - Critical,Network,Resolved
INC439753,APP-REPO-18,2026-06-19 23:13:08,2026-06-21 12:13:08,1 - Critical,Software,Resolved
INC857886,APP-REPO-4,2026-03-03 15:41:54,2026-03-04 23:41:54,1 - Critical,Software,Resolved
INC246707,APP-REPO-4,2026-01-20 10:55:34,2026-01-20 17:55:34,2 - High,Hardware,Resolved
INC196321,APP-REPO-11,2026-03-22 01:58:45,2026-03-23 00:58:45,3 - Moderate,Software,Resolved
INC532686,APP-REPO-10,2025-10-25 06:47:58,2025-10-25 11:47:58,4 - Low,Database,Resolved
INC671590,APP-REPO-1,2026-06-21 08:59:07,2026-06-22 18:59:07,4 - Low,Database,Resolved
INC828326,APP-REPO-4,2025-10-20 05:04:17,2025-10-21 17:04:17,1 - Critical,Hardware,Resolved
INC570284,APP-REPO-5,2025-11-27 08:03:29,2025-11-27 16:03:29,3 - Moderate,Hardware,Resolved
INC350887,APP-REPO-1,2026-03-16 16:03:42,2026-03-18 10:03:42,1 - Critical,Software,Resolved
INC774132,APP-REPO-7,2026-03-07 08:31:01,2026-03-08 15:31:01,1 - Critical,Software,Resolved
INC329639,APP-REPO-7,2026-04-03 00:11:21,2026-04-03 10:11:21,2 - High,Network,Resolved
INC438637,APP-REPO-12,2026-03-26 07:33:22,2026-03-28 00:33:22,4 - Low,Software,Resolved
INC635032,APP-REPO-9,2025-12-15 04:16:26,2025-12-16 12:16:26,1 - Critical,Database,Resolved
INC676749,APP-REPO-2,2026-02-06 01:27:58,2026-02-06 04:27:58,2 - High,Software,Resolved
INC318981,APP-REPO-7,2026-05-20 13:07:30,2026-05-22 03:07:30,4 - Low,Software,Resolved
INC466353,APP-REPO-2,2025-11-21 17:43:51,2025-11-23 07:43:51,3 - Moderate,Hardware,Resolved
INC516474,APP-REPO-6,2026-01-26 08:07:18,2026-01-26 18:07:18,1 - Critical,Network,Resolved
INC378550,APP-REPO-17,2026-08-27 12:15:52,2026-08-28 12:15:52,4 - Low,Hardware,Resolved
INC975374,APP-REPO-6,2026-07-02 22:16:08,2026-07-04 13:16:08,3 - Moderate,Network,Resolved
INC305282,APP-REPO-10,2026-01-28 22:53:10,2026-01-29 15:53:10,4 - Low,Software,Resolved
INC782059,APP-REPO-9,2026-07-09 01:52:45,2026-07-10 06:52:45,1 - Critical,Database,Resolved
INC732677,APP-REPO-16,2026-08-27 05:40:05,2026-08-28 07:40:05,2 - High,Hardware,Resolved
INC218167,APP-REPO-1,2026-02-08 01:43:42,2026-02-09 02:43:42,1 - Critical,Hardware,Resolved
INC309864,APP-REPO-18,2026-02-28 18:56:59,2026-03-02 18:56:59,3 - Moderate,Hardware,Resolved
INC722076,APP-REPO-9,2025-11-16 17:28:13,2025-11-17 17:28:13,4 - Low,Software,Resolved
INC779299,APP-REPO-7,2026-07-19 08:33:11,2026-07-20 21:33:11,3 - Moderate,Hardware,Resolved
INC635926,APP-REPO-0,2026-02-17 20:19:35,2026-02-18 16:19:35,1 - Critical,Hardware,Resolved
INC969885,APP-REPO-5,2026-04-14 22:36:15,2026-04-15 20:36:15,2 - High,Database,Resolved
INC854914,APP-REPO-12,2026-05-03 01:36:37,2026-05-05 00:36:37,3 - Moderate,Database,Resolved
INC509735,APP-REPO-19,2025-11-07 04:20:51,2025-11-07 15:20:51,4 - Low,Database,Resolved
INC688072,APP-REPO-19,2026-01-28 21:01:02,2026-01-29 16:01:02,2 - High,Software,Resolved
INC746311,APP-REPO-3,2025-12-29 19:48:06,2025-12-29 20:48:06,1 - Critical,Software,Resolved
INC998803,APP-REPO-0,2026-03-27 02:28:52,2026-03-27 20:28:52,1 - Critical,Network,Resolved
INC566679,APP-REPO-12,2025-11-13 12:37:43,2025-11-15 11:37:43,2 - High,Software,Resolved
INC156138,APP-REPO-11,2026-01-08 19:39:30,2026-01-09 09:39:30,2 - High,Database,Resolved
INC877882,APP-REPO-11,2026-03-20 13:10:48,2026-03-20 18:10:48,3 - Moderate,Database,Resolved
INC785376,APP-REPO-0,2026-01-01 05:24:47,2026-01-02 01:24:47,1 - Critical,Software,Resolved
INC416722,APP-REPO-4,2025-11-20 15:42:59,2025-11-21 08:42:59,4 - Low,Hardware,Resolved
INC226169,APP-REPO-0,2025-11-03 12:59:30,2025-11-04 19:59:30,2 - High,Software,Resolved
INC218055,APP-REPO-2,2025-10-16 14:19:01,2025-10-18 13:19:01,2 - High,Database,Resolved
INC707940,APP-REPO-17,2026-01-17 15:36:48,2026-01-18 09:36:48,3 - Moderate,Software,Resolved
INC837019,APP-REPO-18,2026-02-23 03:10:39,2026-02-24 10:10:39,1 - Critical,Hardware,Resolved
INC325942,APP-REPO-2,2026-08-28 13:13:57,2026-08-29 15:13:57,4 - Low,Software,Resolved
INC138966,APP-REPO-15,2026-05-23 22:22:30,2026-05-25 02:22:30,4 - Low,Database,Resolved
INC283524,APP-REPO-0,2026-03-08 07:56:23,2026-03-09 20:56:23,1 - Critical,Software,Resolved
INC906913,APP-REPO-8,2026-01-01 08:41:18,2026-01-03 06:41:18,3 - Moderate,Database,Resolved
INC312544,APP-REPO-8,2026-08-28 23:53:31,2026-08-29 01:53:31,3 - Moderate,Hardware,Resolved
INC346225,APP-REPO-14,2026-09-12 08:47:17,2026-09-12 09:47:17,1 - Critical,Database,Resolved
INC686095,APP-REPO-15,2025-11-27 23:09:01,2025-11-28 14:09:01,1 - Critical,Network,Resolved
INC481718,APP-REPO-2,2026-08-08 20:48:17,2026-08-10 11:48:17,3 - Moderate,Database,Resolved
INC960581,APP-REPO-15,2026-02-01 02:33:52,2026-02-02 13:33:52,2 - High,Network,Resolved
INC790593,APP-REPO-11,2026-05-09 07:04:30,2026-05-11 06:04:30,2 - High,Network,Resolved
INC870907,APP-REPO-11,2026-07-04 00:02:44,2026-07-05 03:02:44,2 - High,Database,Resolved
INC490185,APP-REPO-14,2026-01-26 09:21:21,2026-01-27 08:21:21,3 - Moderate,Hardware,Resolved
INC953779,APP-REPO-15,2025-12-09 16:01:25,2025-12-11 12:01:25,4 - Low,Network,Resolved
INC552682,APP-REPO-2,2026-07-20 07:26:54,2026-07-21 22:26:54,3 - Moderate,Hardware,Resolved
INC448970,APP-REPO-11,2025-11-27 19:49:14,2025-11-29 13:49:14,4 - Low,Database,Resolved
INC890315,APP-REPO-17,2026-04-08 10:48:47,2026-04-10 06:48:47,2 - High,Software,Resolved
INC460137,APP-REPO-16,2026-04-14 20:13:29,2026-04-16 13:13:29,2 - High,Network,Resolved
INC666452,APP-REPO-5,2026-03-27 05:40:26,2026-03-28 18:40:26,2 - High,Hardware,Resolved
INC964745,APP-REPO-12,2026-04-08 15:25:08,2026-04-08 21:25:08,4 - Low,Software,Resolved
INC625738,APP-REPO-17,2026-09-03 08:13:14,2026-09-03 11:13:14,1 - Critical,Software,Resolved
INC367090,APP-REPO-17,2026-01-24 18:26:50,2026-01-26 13:26:50,2 - High,Hardware,Resolved
INC817237,APP-REPO-10,2026-04-08 02:28:07,2026-04-09 10:28:07,1 - Critical,Network,Resolved
INC867405,APP-REPO-11,2025-10-05 22:39:37,2025-10-07 10:39:37,4 - Low,Database,Resolved
INC329713,APP-REPO-18,2025-10-31 21:57:36,2025-11-01 20:57:36,4 - Low,Software,Resolved
INC336783,APP-REPO-14,2026-02-26 15:55:28,2026-02-27 01:55:28,2 - High,Software,Resolved
INC932143,APP-REPO-16,2026-04-11 05:43:31,2026-04-11 12:43:31,4 - Low,Hardware,Resolved
INC175714,APP-REPO-9,2026-03-23 12:20:24,2026-03-24 04:20:24,4 - Low,Network,Resolved
INC965318,APP-REPO-6,2025-12-29 10:23:42,2025-12-30 21:23:42,1 - Critical,Hardware,Resolved
INC124647,APP-REPO-0,2025-12-19 11:55:58,2025-12-19 13:55:58,3 - Moderate,Software,Resolved
INC317146,APP-REPO-5,2026-05-11 11:48:10,2026-05-13 07:48:10,1 - Critical,Software,Resolved
INC365744,APP-REPO-14,2026-02-10 23:51:44,2026-02-11 07:51:44,4 - Low,Network,Resolved
INC793722,APP-REPO-12,2025-10-15 20:10:06,2025-10-15 21:10:06,3 - Moderate,Network,Resolved
INC506582,APP-REPO-11,2025-10-16 13:42:44,2025-10-17 03:42:44,3 - Moderate,Database,Resolved
INC749338,APP-REPO-18,2026-01-14 05:04:22,2026-01-15 12:04:22,1 - Critical,Database,Resolved
INC133049,APP-REPO-15,2026-04-07 03:23:23,2026-04-08 00:23:23,3 - Moderate,Software,Resolved
INC368207,APP-REPO-15,2026-05-16 23:55:12,2026-05-18 00:55:12,1 - Critical,Database,Resolved
INC822040,APP-REPO-18,2026-09-04 14:38:29,2026-09-06 06:38:29,3 - Moderate,Database,Resolved
INC128655,APP-REPO-12,2026-08-20 06:34:11,2026-08-20 09:34:11,4 - Low,Software,Resolved
INC597939,APP-REPO-8,2026-06-08 00:47:13,2026-06-09 11:47:13,1 - Critical,Software,Resolved
INC357309,APP-REPO-3,2026-06-15 02:59:16,2026-06-16 08:59:16,4 - Low,Network,Resolved
INC353103,APP-REPO-19,2026-03-28 16:49:44,2026-03-29 23:49:44,1 - Critical,Network,Resolved
INC424863,APP-REPO-17,2026-01-15 22:00:34,2026-01-17 20:00:34,4 - Low,Hardware,Resolved
INC743529,APP-REPO-13,2026-04-23 08:57:43,2026-04-23 15:57:43,1 - Critical,Hardware,Resolved
INC722255,APP-REPO-0,2025-09-30 02:51:38,2025-10-01 11:51:38,4 - Low,Software,Resolved
INC626461,APP-REPO-5,2026-08-21 22:51:37,2026-08-23 04:51:37,3 - Moderate,Database,Resolved
INC940231,APP-REPO-17,2025-11-07 16:35:13,2025-11-09 10:35:13,1 - Critical,Network,Resolved
INC714110,APP-REPO-3,2026-03-13 07:10:46,2026-03-15 04:10:46,4 - Low,Hardware,Resolved
INC573668,APP-REPO-9,2025-11-17 23:00:20,2025-11-18 10:00:20,1 - Critical,Network,Resolved
INC730320,APP-REPO-10,2026-09-04 15:43:30,2026-09-05 19:43:30,1 - Critical,Hardware,Resolved
INC978050,APP-REPO-2,2026-01-07 15:42:27,2026-01-08 04:42:27,4 - Low,Database,Resolved
INC361140,APP-REPO-0,2026-07-06 11:30:29,2026-07-07 12:30:29,2 - High,Database,Resolved
INC146005,APP-REPO-9,2026-02-15 23:56:10,2026-02-16 11:56:10,2 - High,Network,Resolved
INC816212,APP-REPO-18,2026-07-20 14:18:09,2026-07-21 22:18:09,2 - High,Database,Resolved
INC947688,APP-REPO-3,2026-03-02 13:14:31,2026-03-02 20:14:31,2 - High,Hardware,Resolved
INC238410,APP-REPO-19,2026-02-16 01:25:30,2026-02-17 14:25:30,1 - Critical,Database,Resolved
INC620246,APP-REPO-11,2025-10-14 12:19:52,2025-10-16 09:19:52,4 - Low,Software,Resolved
INC842820,APP-REPO-16,2026-03-01 12:19:58,2026-03-03 09:19:58,3 - Moderate,Software,Resolved
INC538959,APP-REPO-15,2025-10-16 19:27:57,2025-10-16 22:27:57,3 - Moderate,Database,Resolved
INC684352,APP-REPO-13,2026-05-06 10:03:06,2026-05-06 15:03:06,1 - Critical,Software,Resolved
INC375540,APP-REPO-11,2026-05-03 03:09:15,2026-05-04 10:09:15,4 - Low,Hardware,Resolved
INC244207,APP-REPO-3,2025-12-11 12:57:38,2025-12-11 14:57:38,2 - High,Software,Resolved
INC698129,APP-REPO-5,2026-02-14 17:36:29,2026-02-16 12:36:29,2 - High,Database,Resolved
INC791915,APP-REPO-17,2026-04-29 19:03:11,2026-04-30 19:03:11,3 - Moderate,Database,Resolved
INC170064,APP-REPO-5,2026-01-17 00:36:16,2026-01-18 14:36:16,4 - Low,Software,Resolved
INC686852,APP-REPO-1,2025-10-25 12:00:26,2025-10-26 03:00:26,2 - High,Hardware,Resolved
INC414932,APP-REPO-4,2026-02-23 23:40:25,2026-02-25 23:40:25,4 - Low,Software,Resolved
INC489921,APP-REPO-1,2026-04-10 18:38:37,2026-04-12 03:38:37,1 - Critical,Software,Resolved
INC650044,APP-REPO-8,2026-03-20 20:14:55,2026-03-22 10:14:55,1 - Critical,Network,Resolved
INC950879,APP-REPO-4,2026-07-20 19:24:15,2026-07-21 16:24:15,2 - High,Database,Resolved
INC940145,APP-REPO-6,2026-04-28 11:40:52,2026-04-29 00:40:52,4 - Low,Database,Resolved
INC601989,APP-REPO-6,2026-01-13 13:49:38,2026-01-13 20:49:38,2 - High,Database,Resolved
INC679896,APP-REPO-17,2026-08-13 11:06:02,2026-08-13 16:06:02,2 - High,Hardware,Resolved
INC999516,APP-REPO-16,2026-05-26 23:40:27,2026-05-27 09:40:27,1 - Critical,Database,Resolved
INC638322,APP-REPO-2,2026-06-18 04:24:59,2026-06-19 17:24:59,2 - High,Hardware,Resolved
INC757395,APP-REPO-13,2026-05-22 05:58:35,2026-05-23 22:58:35,3 - Moderate,Hardware,Resolved
INC968195,APP-REPO-8,2025-11-12 02:02:26,2025-11-13 05:02:26,1 - Critical,Database,Resolved
INC144993,APP-REPO-10,2025-11-15 21:52:16,2025-11-16 23:52:16,1 - Critical,Hardware,Resolved
INC804282,APP-REPO-11,2025-11-03 11:46:42,2025-11-04 13:46:42,4 - Low,Hardware,Resolved
INC884972,APP-REPO-4,2026-02-26 22:05:25,2026-02-28 05:05:25,4 - Low,Hardware,Resolved
INC353063,APP-REPO-19,2026-02-18 21:06:08,2026-02-20 07:06:08,3 - Moderate,Database,Resolved
INC910653,APP-REPO-2,2026-08-01 15:37:14,2026-08-02 19:37:14,1 - Critical,Database,Resolved
INC169556,APP-REPO-17,2026-02-05 15:08:44,2026-02-05 21:08:44,2 - High,Software,Resolved
INC487470,APP-REPO-8,2026-05-01 14:00:40,2026-05-02 16:00:40,3 - Moderate,Database,Resolved
INC781749,APP-REPO-10,2026-02-15 22:20:24,2026-02-16 18:20:24,3 - Moderate,Network,Resolved
INC996929,APP-REPO-15,2026-07-17 03:25:37,2026-07-18 12:25:37,4 - Low,Database,Resolved
INC894210,APP-REPO-18,2025-11-21 23:18:39,2025-11-23 20:18:39,2 - High,Database,Resolved
INC453449,APP-REPO-2,2025-12-13 05:59:44,2025-12-15 02:59:44,4 - Low,Network,Resolved
INC658617,APP-REPO-16,2026-05-18 22:00:12,2026-05-20 14:00:12,1 - Critical,Network,Resolved
INC759681,APP-REPO-8,2026-04-12 16:00:26,2026-04-13 10:00:26,3 - Moderate,Hardware,Resolved
INC428258,APP-REPO-10,2026-03-01 19:50:25,2026-03-02 11:50:25,2 - High,Network,Resolved
INC421228,APP-REPO-6,2026-04-09 03:42:20,2026-04-10 01:42:20,4 - Low,Network,Resolved
INC376729,APP-REPO-19,2025-10-12 13:50:40,2025-10-13 17:50:40,2 - High,Hardware,Resolved
INC941214,APP-REPO-9,2025-10-14 12:53:58,2025-10-15 01:53:58,3 - Moderate,Network,Resolved
INC314396,APP-REPO-14,2025-10-12 01:20:46,2025-10-13 15:20:46,2 - High,Software,Resolved
INC859790,APP-REPO-9,2025-11-19 03:54:47,2025-11-20 20:54:47,2 - High,Hardware,Resolved
INC727186,APP-REPO-10,2026-07-01 01:47:59,2026-07-01 13:47:59,4 - Low,Network,Resolved
INC357565,APP-REPO-12,2026-02-03 06:48:21,2026-02-04 13:48:21,3 - Moderate,Database,Resolved
INC663513,APP-REPO-10,2026-08-05 04:08:47,2026-08-05 14:08:47,3 - Moderate,Software,Resolved
INC364802,APP-REPO-3,2026-03-29 22:15:25,2026-03-30 23:15:25,4 - Low,Software,Resolved
INC169778,APP-REPO-6,2026-04-16 15:10:24,2026-04-17 08:10:24,4 - Low,Database,Resolved
INC677392,APP-REPO-18,2026-03-23 10:05:01,2026-03-24 04:05:01,4 - Low,Hardware,Resolved
INC378607,APP-REPO-1,2025-11-23 18:52:09,2025-11-24 22:52:09,4 - Low,Software,Resolved
INC599508,APP-REPO-13,2026-05-20 09:23:57,2026-05-21 10:23:57,3 - Moderate,Software,Resolved
INC246514,APP-REPO-5,2026-09-08 19:13:56,2026-09-09 03:13:56,3 - Moderate,Software,Resolved
INC143027,APP-REPO-2,2026-04-15 03:30:12,2026-04-15 21:30:12,1 - Critical,Network,Resolved
INC233611,APP-REPO-3,2025-11-20 05:29:41,2025-11-22 05:29:41,4 - Low,Hardware,Resolved
INC141877,APP-REPO-18,2026-02-01 07:30:17,2026-02-01 11:30:17,1 - Critical,Software,Resolved
INC454005,APP-REPO-19,2026-05-23 00:51:02,2026-05-24 23:51:02,3 - Moderate,Network,Resolved
INC550680,APP-REPO-7,2026-01-28 15:33:24,2026-01-29 06:33:24,2 - High,Network,Resolved
INC679459,APP-REPO-11,2025-11-29 01:16:13,2025-11-29 17:16:13,2 - High,Software,Resolved
INC680607,APP-REPO-18,2026-02-26 13:14:37,2026-02-27 10:14:37,2 - High,Hardware,Resolved
INC944848,APP-REPO-12,2026-05-24 08:50:33,2026-05-24 22:50:33,1 - Critical,Hardware,Resolved
INC195606,APP-REPO-18,2026-07-11 01:35:51,2026-07-13 01:35:51,3 - Moderate,Database,Resolved
INC230614,APP-REPO-3,2026-08-20 04:15:39,2026-08-20 20:15:39,4 - Low,Hardware,Resolved
INC353781,APP-REPO-14,2026-01-21 03:42:28,2026-01-22 19:42:28,2 - High,Hardware,Resolved
INC331044,APP-REPO-8,2026-05-15 12:33:23,2026-05-15 19:33:23,1 - Critical,Hardware,Resolved
INC803763,APP-REPO-9,2026-02-04 13:52:10,2026-02-05 17:52:10,4 - Low,Database,Resolved
INC323753,APP-REPO-7,2026-04-11 23:09:36,2026-04-12 06:09:36,1 - Critical,Database,Resolved
INC847031,APP-REPO-14,2026-08-14 14:51:29,2026-08-15 19:51:29,2 - High,Database,Resolved
INC991904,APP-REPO-19,2026-04-12 21:31:17,2026-04-13 22:31:17,1 - Critical,Network,Resolved
INC315093,APP-REPO-15,2026-04-21 16:24:30,2026-04-22 20:24:30,3 - Moderate,Network,Resolved
INC121722,APP-REPO-15,2026-04-05 04:20:36,2026-04-06 13:20:36,4 - Low,Database,Resolved
INC736017,APP-REPO-6,2026-06-29 04:34:31,2026-06-30 04:34:31,2 - High,Software,Resolved
INC730145,APP-REPO-12,2026-05-03 13:28:33,2026-05-04 00:28:33,4 - Low,Hardware,Resolved
INC328514,APP-REPO-10,2026-01-21 08:53:32,2026-01-22 07:53:32,4 - Low,Network,Resolved
INC360849,APP-REPO-9,2026-03-30 08:57:41,2026-03-30 23:57:41,4 - Low,Database,Resolved
INC125455,APP-REPO-18,2026-08-09 17:58:18,2026-08-10 09:58:18,1 - Critical,Database,Resolved
INC847707,APP-REPO-0,2025-10-03 09:42:33,2025-10-04 10:42:33,3 - Moderate,Network,Resolved
INC499476,APP-REPO-0,2026-02-16 23:59:07,2026-02-18 07:59:07,4 - Low,Database,Resolved
INC544740,APP-REPO-2,2026-02-02 14:01:06,2026-02-03 18:01:06,3 - Moderate,Network,Resolved
INC339659,APP-REPO-8,2026-06-15 14:58:20,2026-06-16 14:58:20,3 - Moderate,Database,Resolved
INC265777,APP-REPO-5,2025-11-08 12:13:49,2025-11-09 03:13:49,2 - High,Software,Resolved
INC499973,APP-REPO-11,2026-03-07 17:04:42,2026-03-07 21:04:42,2 - High,Software,Resolved
INC841452,APP-REPO-5,2026-05-11 15:08:23,2026-05-11 21:08:23,1 - Critical,Network,Resolved
INC183105,APP-REPO-16,2026-01-24 10:24:24,2026-01-25 03:24:24,4 - Low,Hardware,Resolved
INC407393,APP-REPO-4,2026-08-02 08:56:05,2026-08-03 12:56:05,3 - Moderate,Hardware,Resolved
INC340216,APP-REPO-13,2026-09-10 23:45:29,2026-09-11 19:45:29,2 - High,Software,Resolved
INC343076,APP-REPO-2,2026-07-05 15:09:11,2026-07-07 07:09:11,1 - Critical,Hardware,Resolved
INC402244,APP-REPO-17,2026-08-31 15:11:40,2026-09-01 22:11:40,4 - Low,Hardware,Resolved
INC347721,APP-REPO-0,2026-06-21 03:40:23,2026-06-21 16:40:23,1 - Critical,Software,Resolved
INC910377,APP-REPO-3,2026-05-29 07:46:28,2026-05-30 01:46:28,2 - High,Software,Resolved
INC916902,APP-REPO-14,2025-10-07 07:00:40,2025-10-08 19:00:40,3 - Moderate,Hardware,Resolved
INC260137,APP-REPO-17,2026-05-16 18:14:33,2026-05-17 06:14:33,2 - High,Software,Resolved
INC441288,APP-REPO-5,2026-03-30 06:08:35,2026-03-31 00:08:35,1 - Critical,Software,Resolved
INC512935,APP-REPO-4,2026-01-08 01:33:52,2026-01-08 12:33:52,1 - Critical,Database,Resolved
INC263482,APP-REPO-4,2026-06-08 13:11:32,2026-06-09 05:11:32,3 - Moderate,Network,Resolved
INC584867,APP-REPO-7,2026-07-27 23:50:08,2026-07-29 05:50:08,2 - High,Software,Resolved
INC848085,APP-REPO-7,2026-07-25 08:59:45,2026-07-25 19:59:45,1 - Critical,Software,Resolved
INC495758,APP-REPO-4,2026-05-09 14:24:47,2026-05-09 15:24:47,3 - Moderate,Database,Resolved
INC654584,APP-REPO-15,2026-05-09 06:35:04,2026-05-11 02:35:04,4 - Low,Database,Resolved
INC650555,APP-REPO-14,2025-12-24 07:29:53,2025-12-26 01:29:53,3 - Moderate,Database,Resolved
INC888142,APP-REPO-8,2026-07-04 02:34:41,2026-07-05 12:34:41,4 - Low,Hardware,Resolved
INC627593,APP-REPO-15,2025-10-16 21:18:23,2025-10-17 06:18:23,1 - Critical,Hardware,Resolved
INC176983,APP-REPO-19,2026-05-11 13:28:22,2026-05-12 13:28:22,3 - Moderate,Software,Resolved
INC733754,APP-REPO-13,2026-04-01 12:44:56,2026-04-02 13:44:56,4 - Low,Network,Resolved
INC491772,APP-REPO-0,2025-12-02 03:55:45,2025-12-03 00:55:45,4 - Low,Hardware,Resolved
INC886758,APP-REPO-0,2026-04-18 12:50:28,2026-04-19 02:50:28,4 - Low,Hardware,Resolved
INC571796,APP-REPO-18,2026-05-29 05:34:54,2026-05-31 05:34:54,2 - High,Network,Resolved
INC515614,APP-REPO-7,2026-07-04 00:33:10,2026-07-04 10:33:10,1 - Critical,Hardware,Resolved
INC560352,APP-REPO-8,2026-05-25 14:59:52,2026-05-26 22:59:52,4 - Low,Database,Resolved
INC847519,APP-REPO-14,2026-07-24 18:29:38,2026-07-25 18:29:38,2 - High,Database,Resolved
INC236749,APP-REPO-13,2026-08-19 14:53:15,2026-08-19 18:53:15,2 - High,Hardware,Resolved
INC771112,APP-REPO-3,2026-02-21 14:16:20,2026-02-22 09:16:20,3 - Moderate,Software,Resolved
INC467583,APP-REPO-14,2025-11-23 08:00:39,2025-11-24 09:00:39,4 - Low,Software,Resolved
INC727296,APP-REPO-9,2026-08-12 01:04:47,2026-08-13 00:04:47,4 - Low,Software,Resolved
INC988326,APP-REPO-15,2026-06-18 07:28:34,2026-06-18 12:28:34,3 - Moderate,Network,Resolved
INC302877,APP-REPO-9,2025-12-30 00:04:38,2025-12-31 09:04:38,2 - High,Software,Resolved
INC206223,APP-REPO-4,2025-10-09 04:54:00,2025-10-11 04:54:00,3 - Moderate,Software,Resolved
INC125882,APP-REPO-16,2026-05-07 07:23:00,2026-05-07 21:23:00,3 - Moderate,Software,Resolved
INC570138,APP-REPO-12,2026-06-25 23:58:11,2026-06-26 21:58:11,4 - Low,Network,Resolved
INC751975,APP-REPO-10,2025-11-08 14:56:31,2025-11-09 09:56:31,3 - Moderate,Software,Resolved
INC940144,APP-REPO-16,2025-12-10 00:52:49,2025-12-11 14:52:49,1 - Critical,Database,Resolved
INC895337,APP-REPO-15,2025-10-04 07:09:02,2025-10-05 11:09:02,1 - Critical,Software,Resolved
INC260778,APP-REPO-12,2026-03-17 05:25:08,2026-03-18 03:25:08,4 - Low,Network,Resolved
INC250944,APP-REPO-4,2026-01-26 18:28:03,2026-01-27 07:28:03,1 - Critical,Database,Resolved
INC389155,APP-REPO-12,2026-03-08 13:57:25,2026-03-09 04:57:25,1 - Critical,Software,Resolved
INC417624,APP-REPO-0,2025-11-24 18:04:59,2025-11-25 03:04:59,2 - High,Database,Resolved
INC696948,APP-REPO-6,2026-03-06 07:42:31,2026-03-07 10:42:31,2 - High,Database,Resolved
INC673629,APP-REPO-18,2026-06-22 02:34:14,2026-06-22 19:34:14,2 - High,Software,Resolved
INC169445,APP-REPO-5,2025-12-15 03:02:59,2025-12-15 06:02:59,3 - Moderate,Database,Resolved
INC925242,APP-REPO-2,2026-03-05 07:38:10,2026-03-05 22:38:10,4 - Low,Hardware,Resolved
INC805284,APP-REPO-15,2026-04-09 19:56:18,2026-04-10 03:56:18,1 - Critical,Database,Resolved
INC951118,APP-REPO-10,2026-07-24 21:54:25,2026-07-26 13:54:25,3 - Moderate,Database,Resolved
INC370620,APP-REPO-18,2026-05-22 10:01:48,2026-05-23 22:01:48,3 - Moderate,Network,Resolved
INC652294,APP-REPO-4,2026-09-19 10:31:07,2026-09-21 05:31:07,3 - Moderate,Hardware,Resolved
INC337186,APP-REPO-0,2026-03-29 02:19:23,2026-03-30 06:19:23,4 - Low,Network,Resolved
INC444094,APP-REPO-16,2026-08-31 21:53:32,2026-09-01 17:53:32,4 - Low,Database,Resolved
INC153777,APP-REPO-18,2026-08-22 10:05:18,2026-08-23 06:05:18,3 - Moderate,Software,Resolved
INC964098,APP-REPO-4,2026-07-09 17:08:31,2026-07-11 05:08:31,2 - High,Hardware,Resolved
INC360820,APP-REPO-14,2026-07-06 10:31:14,2026-07-06 20:31:14,1 - Critical,Network,Resolved
INC532689,APP-REPO-12,2025-10-21 03:08:43,2025-10-22 06:08:43,3 - Moderate,Network,Resolved
INC185070,APP-REPO-7,2026-06-28 00:56:37,2026-06-28 11:56:37,4 - Low,Software,Resolved
INC912610,APP-REPO-10,2025-11-19 13:39:49,2025-11-19 17:39:49,4 - Low,Database,Resolved
INC954653,APP-REPO-13,2026-04-16 09:07:10,2026-04-16 19:07:10,4 - Low,Database,Resolved
INC132081,APP-REPO-10,2025-12-16 11:12:23,2025-12-17 11:12:23,1 - Critical,Network,Resolved
INC347130,APP-REPO-15,2026-05-02 18:29:07,2026-05-04 02:29:07,4 - Low,Hardware,Resolved
INC525006,APP-REPO-13,2026-01-31 04:19:22,2026-01-31 20:19:22,3 - Moderate,Hardware,Resolved
INC740231,APP-REPO-5,2026-06-11 03:02:34,2026-06-12 01:02:34,2 - High,Network,Resolved
INC722273,APP-REPO-12,2026-03-31 17:22:56,2026-03-31 23:22:56,1 - Critical,Software,Resolved
INC186308,APP-REPO-0,2026-04-19 00:26:37,2026-04-19 10:26:37,4 - Low,Database,Resolved
INC196799,APP-REPO-4,2026-02-20 06:54:11,2026-02-20 10:54:11,1 - Critical,Database,Resolved
INC286198,APP-REPO-1,2026-01-26 19:01:40,2026-01-27 04:01:40,3 - Moderate,Network,Resolved
INC811710,APP-REPO-11,2025-12-03 04:49:07,2025-12-04 23:49:07,1 - Critical,Software,Resolved
INC273247,APP-REPO-9,2026-03-24 11:00:58,2026-03-25 09:00:58,1 - Critical,Software,Resolved
INC711176,APP-REPO-2,2026-09-16 04:15:18,2026-09-16 07:15:18,1 - Critical,Hardware,Resolved
INC927895,APP-REPO-5,2026-04-21 23:44:45,2026-04-23 01:44:45,4 - Low,Software,Resolved
INC380316,APP-REPO-18,2026-02-06 21:21:38,2026-02-07 16:21:38,1 - Critical,Network,Resolved
INC245349,APP-REPO-2,2026-04-27 02:16:37,2026-04-28 08:16:37,3 - Moderate,Hardware,Resolved
INC774720,APP-REPO-16,2026-02-11 12:50:08,2026-02-11 19:50:08,4 - Low,Hardware,Resolved
INC822502,APP-REPO-9,2026-06-16 10:11:36,2026-06-16 13:11:36,4 - Low,Network,Resolved
INC797312,APP-REPO-5,2026-07-23 18:06:28,2026-07-25 15:06:28,4 - Low,Database,Resolved
INC476178,APP-REPO-16,2026-08-29 21:46:00,2026-08-30 17:46:00,3 - Moderate,Database,Resolved
INC538272,APP-REPO-7,2026-07-03 22:08:44,2026-07-04 18:08:44,3 - Moderate,Hardware,Resolved
INC352372,APP-REPO-14,2026-06-18 07:39:11,2026-06-18 17:39:11,2 - High,Software,Resolved
INC183312,APP-REPO-1,2026-06-03 18:43:01,2026-06-05 08:43:01,1 - Critical,Hardware,Resolved
INC212904,APP-REPO-14,2026-08-05 01:13:34,2026-08-05 10:13:34,2 - High,Software,Resolved
INC396196,APP-REPO-10,2026-06-23 04:47:24,2026-06-25 01:47:24,3 - Moderate,Hardware,Resolved
INC853549,APP-REPO-15,2026-01-07 14:40:32,2026-01-08 18:40:32,4 - Low,Software,Resolved
INC775609,APP-REPO-17,2026-05-21 20:58:03,2026-05-23 19:58:03,3 - Moderate,Hardware,Resolved
INC596215,APP-REPO-1,2026-04-02 23:31:38,2026-04-03 23:31:38,2 - High,Database,Resolved
INC300790,APP-REPO-11,2025-12-10 14:40:24,2025-12-10 19:40:24,1 - Critical,Software,Resolved
INC981979,APP-REPO-8,2025-12-31 16:21:59,2026-01-01 17:21:59,2 - High,Database,Resolved
INC586019,APP-REPO-12,2026-01-13 07:10:11,2026-01-15 05:10:11,3 - Moderate,Database,Resolved
INC239359,APP-REPO-10,2026-05-01 16:23:10,2026-05-03 16:23:10,4 - Low,Network,Resolved
INC888019,APP-REPO-18,2026-01-20 20:51:19,2026-01-22 17:51:19,2 - High,Software,Resolved
INC921251,APP-REPO-5,2025-12-23 06:33:15,2025-12-23 23:33:15,4 - Low,Software,Resolved
INC610545,APP-REPO-10,2026-01-20 12:36:37,2026-01-20 22:36:37,1 - Critical,Hardware,Resolved
INC351682,APP-REPO-16,2026-07-23 10:30:24,2026-07-25 01:30:24,4 - Low,Network,Resolved
INC312080,APP-REPO-5,2026-01-17 04:21:19,2026-01-18 07:21:19,1 - Critical,Software,Resolved
INC762215,APP-REPO-11,2026-06-27 16:47:40,2026-06-29 14:47:40,3 - Moderate,Network,Resolved
INC453558,APP-REPO-0,2025-12-16 10:36:38,2025-12-16 17:36:38,4 - Low,Hardware,Resolved
INC321314,APP-REPO-4,2026-06-22 00:08:38,2026-06-22 22:08:38,3 - Moderate,Database,Resolved
INC654418,APP-REPO-18,2026-06-27 17:36:30,2026-06-29 09:36:30,2 - High,Database,Resolved
INC907101,APP-REPO-1,2026-04-04 20:28:50,2026-04-06 02:28:50,3 - Moderate,Database,Resolved
INC146675,APP-REPO-9,2026-01-28 01:40:32,2026-01-28 23:40:32,1 - Critical,Database,Resolved
INC717947,APP-REPO-2,2026-04-01 06:44:01,2026-04-02 13:44:01,4 - Low,Database,Resolved
INC738331,APP-REPO-18,2026-02-09 09:43:22,2026-02-10 00:43:22,3 - Moderate,Hardware,Resolved
INC571095,APP-REPO-8,2026-05-02 14:45:52,2026-05-03 10:45:52,1 - Critical,Hardware,Resolved
INC800901,APP-REPO-18,2026-08-01 20:21:24,2026-08-02 13:21:24,4 - Low,Network,Resolved
INC104493,APP-REPO-16,2026-07-04 05:02:28,2026-07-04 20:02:28,1 - Critical,Hardware,Resolved
INC961412,APP-REPO-14,2026-01-11 03:27:02,2026-01-11 19:27:02,4 - Low,Software,Resolved
INC550898,APP-REPO-1,2026-01-16 17:01:59,2026-01-16 22:01:59,3 - Moderate,Database,Resolved
INC117137,APP-REPO-16,2025-11-13 06:35:26,2025-11-15 05:35:26,3 - Moderate,Software,Resolved
INC620760,APP-REPO-18,2026-05-07 15:49:58,2026-05-08 05:49:58,3 - Moderate,Software,Resolved
INC996777,APP-REPO-7,2026-06-16 17:13:05,2026-06-17 18:13:05,3 - Moderate,Hardware,Resolved
INC671540,APP-REPO-6,2026-04-25 21:32:51,2026-04-25 22:32:51,4 - Low,Software,Resolved
INC444745,APP-REPO-7,2026-02-21 09:38:52,2026-02-22 16:38:52,1 - Critical,Software,Resolved
INC236186,APP-REPO-8,2026-09-09 19:44:03,2026-09-10 06:44:03,3 - Moderate,Network,Resolved
INC535762,APP-REPO-5,2026-02-27 03:57:02,2026-02-28 07:57:02,2 - High,Hardware,Resolved
INC478986,APP-REPO-3,2026-08-10 18:28:20,2026-08-11 13:28:20,3 - Moderate,Software,Resolved
INC179928,APP-REPO-4,2026-02-07 23:31:47,2026-02-08 07:31:47,1 - Critical,Hardware,Resolved
INC169187,APP-REPO-8,2026-07-24 04:07:24,2026-07-24 16:07:24,1 - Critical,Database,Resolved
INC453925,APP-REPO-3,2026-08-05 10:12:17,2026-08-06 19:12:17,4 - Low,Software,Resolved
INC604618,APP-REPO-19,2025-11-22 19:53:53,2025-11-23 13:53:53,1 - Critical,Network,Resolved
INC927326,APP-REPO-2,2026-01-17 17:51:23,2026-01-18 16:51:23,2 - High,Database,Resolved
INC945783,APP-REPO-6,2025-10-13 06:43:47,2025-10-14 17:43:47,3 - Moderate,Software,Resolved
INC750475,APP-REPO-2,2026-01-16 15:33:02,2026-01-16 20:33:02,2 - High,Hardware,Resolved
INC458719,APP-REPO-5,2026-07-01 06:55:15,2026-07-02 16:55:15,2 - High,Database,Resolved
INC894101,APP-REPO-11,2025-10-27 15:14:57,2025-10-27 17:14:57,3 - Moderate,Database,Resolved
INC931169,APP-REPO-13,2026-02-08 10:59:00,2026-02-08 17:59:00,4 - Low,Hardware,Resolved
INC275660,APP-REPO-6,2026-09-20 19:02:08,2026-09-22 11:02:08,4 - Low,Software,Resolved
INC880823,APP-REPO-7,2026-03-17 17:53:09,2026-03-19 12:53:09,4 - Low,Database,Resolved
INC506087,APP-REPO-10,2026-06-08 16:44:39,2026-06-10 10:44:39,3 - Moderate,Hardware,Resolved
INC144003,APP-REPO-1,2026-01-04 12:52:21,2026-01-05 17:52:21,2 - High,Software,Resolved
INC698673,APP-REPO-11,2026-07-14 04:20:28,2026-07-14 06:20:28,3 - Moderate,Network,Resolved
INC535718,APP-REPO-0,2026-03-31 23:59:02,2026-04-01 20:59:02,4 - Low,Software,Resolved
INC240592,APP-REPO-3,2025-12-19 01:08:35,2025-12-20 16:08:35,1 - Critical,Hardware,Resolved
INC596427,APP-REPO-15,2025-12-14 10:03:07,2025-12-15 22:03:07,3 - Moderate,Software,Resolved
INC755303,APP-REPO-1,2026-08-14 11:42:39,2026-08-16 04:42:39,3 - Moderate,Hardware,Resolved
INC427216,APP-REPO-17,2026-04-24 02:33:06,2026-04-25 06:33:06,3 - Moderate,Software,Resolved
INC211751,APP-REPO-1,2026-01-10 05:46:54,2026-01-11 01:46:54,2 - High,Network,Resolved
INC955316,APP-REPO-12,2026-05-03 05:01:45,2026-05-03 15:01:45,3 - Moderate,Network,Resolved
INC991013,APP-REPO-13,2026-06-24 07:25:42,2026-06-24 12:25:42,3 - Moderate,Software,Resolved
INC622491,APP-REPO-9,2026-01-10 10:20:14,2026-01-12 10:20:14,3 - Moderate,Database,Resolved
INC123836,APP-REPO-0,2025-11-19 06:07:06,2025-11-20 01:07:06,3 - Moderate,Hardware,Resolved
INC846376,APP-REPO-2,2025-11-08 08:42:25,2025-11-08 17:42:25,1 - Critical,Network,Resolved
INC218881,APP-REPO-3,2026-05-24 01:10:03,2026-05-24 18:10:03,3 - Moderate,Network,Resolved
INC229737,APP-REPO-5,2026-07-11 16:14:45,2026-07-13 05:14:45,2 - High,Software,Resolved
INC342765,APP-REPO-1,2026-05-12 20:17:54,2026-05-13 14:17:54,3 - Moderate,Software,Resolved
INC951000,APP-REPO-17,2025-12-28 20:54:43,2025-12-30 09:54:43,3 - Moderate,Network,Resolved
INC205314,APP-REPO-12,2025-12-30 02:30:51,2025-12-30 05:30:51,3 - Moderate,Database,Resolved
INC197483,APP-REPO-10,2025-10-16 15:48:35,2025-10-17 09:48:35,1 - Critical,Hardware,Resolved
INC172087,APP-REPO-3,2026-06-14 01:56:48,2026-06-15 15:56:48,1 - Critical,Software,Resolved
INC600146,APP-REPO-1,2026-09-13 11:34:11,2026-09-14 18:34:11,3 - Moderate,Database,Resolved
INC668290,APP-REPO-3,2026-04-21 04:18:25,2026-04-21 21:18:25,2 - High,Hardware,Resolved
INC185992,APP-REPO-10,2025-12-23 14:03:13,2025-12-24 01:03:13,2 - High,Software,Resolved
INC761482,APP-REPO-0,2026-06-01 16:42:57,2026-06-02 23:42:57,2 - High,Hardware,Resolved
INC277596,APP-REPO-16,2025-12-26 08:50:08,2025-12-27 00:50:08,4 - Low,Software,Resolved
INC814511,APP-REPO-16,2025-10-17 07:53:39,2025-10-18 01:53:39,2 - High,Database,Resolved
INC674162,APP-REPO-7,2025-11-04 20:33:15,2025-11-05 00:33:15,4 - Low,Hardware,Resolved
INC743047,APP-REPO-12,2026-03-06 10:53:22,2026-03-06 23:53:22,3 - Moderate,Network,Resolved
INC242827,APP-REPO-12,2026-02-02 05:12:04,2026-02-03 19:12:04,4 - Low,Network,Resolved
INC382444,APP-REPO-7,2026-07-02 12:54:12,2026-07-04 04:54:12,1 - Critical,Database,Resolved
INC367386,APP-REPO-19,2026-03-29 09:45:54,2026-03-30 17:45:54,1 - Critical,Software,Resolved
INC525244,APP-REPO-18,2025-11-04 23:47:17,2025-11-05 12:47:17,3 - Moderate,Hardware,Resolved
INC704625,APP-REPO-5,2026-06-18 11:48:40,2026-06-20 05:48:40,1 - Critical,Hardware,Resolved
INC238882,APP-REPO-1,2026-07-23 06:42:07,2026-07-23 21:42:07,2 - High,Software,Resolved
INC866773,APP-REPO-2,2025-11-19 07:55:38,2025-11-21 03:55:38,4 - Low,Hardware,Resolved
INC328731,APP-REPO-8,2025-09-28 22:56:10,2025-09-29 06:56:10,1 - Critical,Hardware,Resolved
INC852076,APP-REPO-3,2026-04-28 16:17:57,2026-04-30 13:17:57,1 - Critical,Database,Resolved
INC212149,APP-REPO-10,2025-11-27 06:45:33,2025-11-27 20:45:33,4 - Low,Hardware,Resolved
INC254127,APP-REPO-3,2026-03-03 23:17:38,2026-03-04 23:17:38,3 - Moderate,Database,Resolved
INC497121,APP-REPO-16,2026-06-07 12:02:36,2026-06-09 08:02:36,3 - Moderate,Database,Resolved
INC795331,APP-REPO-6,2026-09-03 22:52:15,2026-09-05 15:52:15,2 - High,Hardware,Resolved
INC508117,APP-REPO-11,2026-09-03 01:55:10,2026-09-03 14:55:10,2 - High,Database,Resolved
INC612662,APP-REPO-8,2026-03-30 16:29:01,2026-03-31 20:29:01,1 - Critical,Network,Resolved
INC103205,APP-REPO-13,2026-03-31 08:47:03,2026-04-01 14:47:03,2 - High,Software,Resolved
INC919350,APP-REPO-1,2026-06-06 14:06:06,2026-06-08 14:06:06,4 - Low,Network,Resolved
INC313741,APP-REPO-13,2025-12-13 09:42:21,2025-12-13 17:42:21,3 - Moderate,Hardware,Resolved
INC397214,APP-REPO-8,2026-07-17 12:14:36,2026-07-18 00:14:36,4 - Low,Software,Resolved
INC596221,APP-REPO-16,2026-01-16 11:57:34,2026-01-16 16:57:34,4 - Low,Network,Resolved
INC417923,APP-REPO-7,2026-01-29 16:08:29,2026-01-30 21:08:29,2 - High,Network,Resolved
INC980245,APP-REPO-15,2026-01-15 18:54:19,2026-01-16 19:54:19,3 - Moderate,Hardware,Resolved
INC603683,APP-REPO-7,2026-06-04 18:50:47,2026-06-05 23:50:47,2 - High,Software,Resolved
INC918946,APP-REPO-7,2025-10-19 22:04:36,2025-10-21 16:04:36,4 - Low,Database,Resolved
INC329504,APP-REPO-17,2026-09-14 13:13:38,2026-09-15 22:13:38,2 - High,Software,Resolved
INC380678,APP-REPO-11,2026-07-22 11:40:40,2026-07-23 21:40:40,3 - Moderate,Software,Resolved
INC385015,APP-REPO-16,2025-10-31 16:28:33,2025-11-01 12:28:33,4 - Low,Software,Resolved
INC166026,APP-REPO-18,2026-06-07 06:30:23,2026-06-07 13:30:23,2 - High,Network,Resolved
INC364344,APP-REPO-7,2026-05-07 21:57:08,2026-05-09 16:57:08,2 - High,Database,Resolved
INC653991,APP-REPO-0,2025-12-26 03:05:26,2025-12-26 13:05:26,1 - Critical,Network,Resolved
INC905823,APP-REPO-17,2026-04-22 18:37:20,2026-04-23 21:37:20,3 - Moderate,Software,Resolved
INC604385,APP-REPO-6,2026-07-10 19:41:56,2026-07-11 07:41:56,1 - Critical,Network,Resolved
INC855898,APP-REPO-13,2026-07-04 18:35:12,2026-07-05 11:35:12,3 - Moderate,Hardware,Resolved
INC759393,APP-REPO-12,2026-08-23 04:19:14,2026-08-24 23:19:14,3 - Moderate,Software,Resolved
INC498376,APP-REPO-15,2025-10-11 10:17:11,2025-10-13 02:17:11,2 - High,Hardware,Resolved
INC440488,APP-REPO-1,2026-09-16 14:33:34,2026-09-17 12:33:34,3 - Moderate,Database,Resolved
INC895792,APP-REPO-7,2026-09-19 19:22:22,2026-09-21 06:22:22,3 - Moderate,Database,Resolved
INC338632,APP-REPO-13,2025-12-03 22:21:49,2025-12-05 10:21:49,1 - Critical,Software,Resolved
INC208205,APP-REPO-18,2026-03-08 05:36:43,2026-03-08 14:36:43,2 - High,Database,Resolved
INC146008,APP-REPO-6,2026-09-04 13:45:38,2026-09-05 19:45:38,4 - Low,Software,Resolved
INC207599,APP-REPO-17,2026-08-18 05:41:06,2026-08-19 10:41:06,2 - High,Hardware,Resolved
INC873874,APP-REPO-6,2025-12-04 05:06:40,2025-12-04 19:06:40,3 - Moderate,Software,Resolved
INC138394,APP-REPO-8,2026-09-19 02:15:33,2026-09-19 03:15:33,4 - Low,Software,Resolved
INC394032,APP-REPO-18,2025-10-11 01:21:12,2025-10-12 06:21:12,2 - High,Software,Resolved
INC457369,APP-REPO-7,2026-08-17 16:37:13,2026-08-19 08:37:13,1 - Critical,Software,Resolved
INC944539,APP-REPO-8,2026-02-28 02:53:57,2026-03-01 17:53:57,2 - High,Software,Resolved
INC599135,APP-REPO-8,2026-07-29 22:58:01,2026-07-31 09:58:01,2 - High,Software,Resolved
INC982950,APP-REPO-15,2026-04-07 07:57:15,2026-04-07 21:57:15,4 - Low,Network,Resolved
INC204955,APP-REPO-2,2025-12-08 07:11:30,2025-12-09 16:11:30,2 - High,Network,Resolved
INC100097,APP-REPO-13,2026-07-14 19:51:26,2026-07-16 16:51:26,3 - Moderate,Network,Resolved
INC889921,APP-REPO-14,2026-08-31 16:58:48,2026-09-02 04:58:48,2 - High,Software,Resolved
INC874793,APP-REPO-3,2026-09-21 13:57:26,2026-09-23 06:57:26,1 - Critical,Network,Resolved
INC301897,APP-REPO-5,2026-01-17 08:40:09,2026-01-17 19:40:09,2 - High,Software,Resolved
INC868019,APP-REPO-5,2026-09-02 10:28:49,2026-09-02 23:28:49,2 - High,Hardware,Resolved
INC239070,APP-REPO-9,2025-10-11 11:51:06,2025-10-12 17:51:06,1 - Critical,Database,Resolved
INC336585,APP-REPO-19,2025-09-30 13:01:04,2025-09-30 22:01:04,1 - Critical,Software,Resolved
INC860997,APP-REPO-6,2026-01-20 19:51:31,2026-01-21 19:51:31,3 - Moderate,Database,Resolved
INC261406,APP-REPO-2,2026-05-05 12:25:47,2026-05-05 23:25:47,4 - Low,Database,Resolved
INC107993,APP-REPO-5,2026-05-19 00:59:10,2026-05-20 00:59:10,1 - Critical,Hardware,Resolved
INC817686,APP-REPO-13,2025-11-07 14:45:23,2025-11-07 21:45:23,1 - Critical,Hardware,Resolved
INC322072,APP-REPO-2,2026-02-04 01:27:37,2026-02-04 11:27:37,4 - Low,Software,Resolved
INC555730,APP-REPO-7,2026-01-15 10:56:54,2026-01-17 07:56:54,2 - High,Network,Resolved
INC848365,APP-REPO-16,2026-03-22 09:28:55,2026-03-24 07:28:55,3 - Moderate,Database,Resolved
INC265042,APP-REPO-19,2026-06-03 00:06:23,2026-06-04 11:06:23,2 - High,Database,Resolved
INC545525,APP-REPO-5,2026-04-25 22:34:09,2026-04-27 14:34:09,4 - Low,Network,Resolved
INC431067,APP-REPO-8,2026-04-18 13:38:40,2026-04-20 04:38:40,2 - High,Software,Resolved
INC305803,APP-REPO-12,2026-04-06 18:14:20,2026-04-07 13:14:20,4 - Low,Database,Resolved
INC195446,APP-REPO-18,2026-09-07 07:08:42,2026-09-07 15:08:42,2 - High,Software,Resolved
INC340897,APP-REPO-17,2025-11-18 01:28:32,2025-11-18 09:28:32,4 - Low,Database,Resolved
INC781212,APP-REPO-18,2026-08-23 11:05:36,2026-08-25 09:05:36,2 - High,Software,Resolved
INC643114,APP-REPO-5,2026-04-10 18:14:39,2026-04-12 05:14:39,2 - High,Hardware,Resolved
INC352164,APP-REPO-1,2026-03-27 16:54:41,2026-03-29 01:54:41,1 - Critical,Hardware,Resolved
INC665185,APP-REPO-17,2026-01-10 21:40:03,2026-01-11 03:40:03,3 - Moderate,Software,Resolved
INC372271,APP-REPO-8,2025-12-10 19:46:26,2025-12-11 17:46:26,2 - High,Hardware,Resolved
INC146156,APP-REPO-13,2026-08-07 01:20:00,2026-08-08 09:20:00,2 - High,Hardware,Resolved
INC941870,APP-REPO-7,2025-11-09 16:35:08,2025-11-11 13:35:08,1 - Critical,Hardware,Resolved
INC755192,APP-REPO-14,2026-02-02 08:50:27,2026-02-02 13:50:27,4 - Low,Software,Resolved
INC873577,APP-REPO-10,2025-11-29 01:11:52,2025-11-30 07:11:52,2 - High,Network,Resolved
INC988380,APP-REPO-10,2026-07-07 21:10:00,2026-07-07 23:10:00,1 - Critical,Software,Resolved
INC917939,APP-REPO-0,2026-03-24 04:02:04,2026-03-25 23:02:04,1 - Critical,Software,Resolved
INC187696,APP-REPO-10,2026-06-05 17:05:56,2026-06-06 04:05:56,1 - Critical,Software,Resolved
INC821374,APP-REPO-6,2026-01-04 20:31:26,2026-01-06 03:31:26,1 - Critical,Database,Resolved
INC921716,APP-REPO-17,2026-07-03 00:27:43,2026-07-04 18:27:43,3 - Moderate,Software,Resolved
INC925717,APP-REPO-19,2025-12-08 06:08:34,2025-12-08 08:08:34,2 - High,Network,Resolved
INC428040,APP-REPO-12,2025-10-02 09:54:57,2025-10-04 05:54:57,1 - Critical,Network,Resolved
INC889084,APP-REPO-9,2026-07-10 00:25:05,2026-07-10 17:25:05,2 - High,Software,Resolved
INC672286,APP-REPO-4,2026-02-04 20:45:17,2026-02-06 11:45:17,4 - Low,Network,Resolved
INC614996,APP-REPO-16,2026-07-31 01:07:49,2026-07-31 06:07:49,2 - High,Hardware,Resolved
INC964400,APP-REPO-9,2026-01-19 12:28:01,2026-01-20 21:28:01,1 - Critical,Network,Resolved
INC497877,APP-REPO-15,2026-05-05 10:44:46,2026-05-05 13:44:46,4 - Low,Database,Resolved
INC127526,APP-REPO-1,2026-06-15 20:30:57,2026-06-17 11:30:57,1 - Critical,Software,Resolved
INC794196,APP-REPO-8,2026-07-18 01:01:42,2026-07-18 17:01:42,4 - Low,Network,Resolved
INC767594,APP-REPO-10,2025-12-10 23:02:07,2025-12-11 05:02:07,3 - Moderate,Network,Resolved
INC655782,APP-REPO-4,2025-12-04 02:22:22,2025-12-05 04:22:22,4 - Low,Software,Resolved
INC347256,APP-REPO-13,2026-05-22 05:09:01,2026-05-22 15:09:01,3 - Moderate,Hardware,Resolved
INC437264,APP-REPO-11,2026-08-25 10:30:19,2026-08-27 05:30:19,1 - Critical,Network,Resolved
INC425191,APP-REPO-5,2026-06-01 23:59:51,2026-06-03 12:59:51,4 - Low,Software,Resolved
INC679383,APP-REPO-1,2026-09-10 07:41:10,2026-09-12 00:41:10,4 - Low,Software,Resolved
INC526489,APP-REPO-6,2026-03-03 10:05:09,2026-03-04 02:05:09,4 - Low,Database,Resolved
INC748115,APP-REPO-11,2026-08-14 02:44:43,2026-08-14 04:44:43,2 - High,Hardware,Resolved
INC167648,APP-REPO-1,2026-03-12 01:07:29,2026-03-12 19:07:29,1 - Critical,Software,Resolved
INC510702,APP-REPO-8,2026-04-15 01:24:19,2026-04-16 11:24:19,1 - Critical,Software,Resolved
INC374315,APP-REPO-8,2026-02-01 07:08:22,2026-02-03 01:08:22,2 - High,Database,Resolved
INC622659,APP-REPO-7,2025-10-30 15:05:46,2025-11-01 01:05:46,2 - High,Database,Resolved
INC853067,APP-REPO-6,2026-03-01 14:40:41,2026-03-03 00:40:41,1 - Critical,Database,Resolved
INC380808,APP-REPO-7,2026-06-13 20:33:30,2026-06-14 06:33:30,1 - Critical,Hardware,Resolved
INC830484,APP-REPO-12,2025-11-02 23:41:43,2025-11-04 15:41:43,3 - Moderate,Hardware,Resolved
INC647066,APP-REPO-18,2025-12-07 16:55:38,2025-12-09 10:55:38,3 - Moderate,Database,Resolved
INC412042,APP-REPO-5,2025-11-20 13:14:21,2025-11-20 15:14:21,2 - High,Database,Resolved
INC893226,APP-REPO-4,2026-03-31 08:50:11,2026-04-01 08:50:11,4 - Low,Hardware,Resolved
INC209149,APP-REPO-9,2026-01-30 14:49:40,2026-01-31 07:49:40,1 - Critical,Database,Resolved
INC142759,APP-REPO-12,2026-01-01 06:36:29,2026-01-02 01:36:29,4 - Low,Hardware,Resolved
INC471904,APP-REPO-11,2025-09-29 14:18:10,2025-09-30 09:18:10,1 - Critical,Hardware,Resolved
INC522868,APP-REPO-7,2026-01-06 05:20:11,2026-01-08 04:20:11,3 - Moderate,Network,Resolved
INC669868,APP-REPO-5,2026-02-22 21:48:50,2026-02-23 16:48:50,2 - High,Software,Resolved
INC801145,APP-REPO-2,2025-12-27 09:51:31,2025-12-28 16:51:31,4 - Low,Network,Resolved
INC531165,APP-REPO-8,2026-03-19 10:31:06,2026-03-20 05:31:06,1 - Critical,Hardware,Resolved
INC866278,APP-REPO-3,2026-07-16 16:09:46,2026-07-17 16:09:46,2 - High,Hardware,Resolved
INC970753,APP-REPO-8,2026-01-08 15:12:32,2026-01-09 13:12:32,2 - High,Database,Resolved
INC739731,APP-REPO-1,2026-02-01 22:58:19,2026-02-03 18:58:19,3 - Moderate,Software,Resolved
INC403768,APP-REPO-1,2026-01-22 04:58:51,2026-01-22 23:58:51,2 - High,Hardware,Resolved
INC326632,APP-REPO-6,2026-05-11 03:34:09,2026-05-12 02:34:09,2 - High,Network,Resolved
INC715641,APP-REPO-10,2026-07-04 16:23:42,2026-07-06 14:23:42,1 - Critical,Database,Resolved
INC863836,APP-REPO-7,2026-05-07 10:14:44,2026-05-07 20:14:44,1 - Critical,Software,Resolved
INC199168,APP-REPO-19,2025-10-01 09:13:49,2025-10-02 15:13:49,4 - Low,Software,Resolved
INC670821,APP-REPO-1,2026-01-06 12:29:37,2026-01-08 03:29:37,2 - High,Hardware,Resolved
INC722138,APP-REPO-2,2026-06-07 19:24:44,2026-06-09 12:24:44,2 - High,Database,Resolved
INC327312,APP-REPO-4,2026-02-13 13:54:36,2026-02-14 15:54:36,3 - Moderate,Hardware,Resolved
INC141115,APP-REPO-13,2026-06-22 23:42:46,2026-06-23 02:42:46,1 - Critical,Software,Resolved
INC886476,APP-REPO-19,2025-12-27 17:08:28,2025-12-29 02:08:28,4 - Low,Network,Resolved
INC508253,APP-REPO-3,2025-10-21 01:40:56,2025-10-22 07:40:56,4 - Low,Software,Resolved
INC111190,APP-REPO-5,2026-06-13 06:51:33,2026-06-13 20:51:33,1 - Critical,Software,Resolved
INC714560,APP-REPO-3,2025-11-11 20:34:37,2025-11-12 18:34:37,4 - Low,Software,Resolved
INC676444,APP-REPO-4,2026-03-26 16:26:14,2026-03-28 07:26:14,1 - Critical,Hardware,Resolved
INC821836,APP-REPO-12,2026-01-24 02:17:02,2026-01-25 00:17:02,4 - Low,Database,Resolved
INC376705,APP-REPO-9,2025-11-27 23:18:37,2025-11-29 14:18:37,1 - Critical,Database,Resolved
INC103223,APP-REPO-19,2026-03-03 09:23:54,2026-03-05 05:23:54,2 - High,Database,Resolved
INC485776,APP-REPO-19,2026-06-20 09:18:40,2026-06-21 08:18:40,2 - High,Software,Resolved
INC179955,APP-REPO-9,2026-04-10 02:28:18,2026-04-11 17:28:18,1 - Critical,Software,Resolved
INC651510,APP-REPO-18,2026-09-20 10:36:47,2026-09-21 05:36:47,1 - Critical,Network,Resolved
INC336814,APP-REPO-7,2026-09-09 13:44:58,2026-09-10 15:44:58,4 - Low,Network,Resolved
INC978775,APP-REPO-0,2026-09-06 17:33:02,2026-09-08 07:33:02,2 - High,Database,Resolved
INC304163,APP-REPO-5,2026-06-27 04:16:06,2026-06-29 03:16:06,2 - High,Hardware,Resolved
INC736032,APP-REPO-19,2026-07-22 22:04:49,2026-07-24 07:04:49,2 - High,Software,Resolved
INC351807,APP-REPO-14,2026-01-25 17:09:58,2026-01-26 11:09:58,3 - Moderate,Network,Resolved
INC538586,APP-REPO-2,2026-06-22 00:36:51,2026-06-22 06:36:51,3 - Moderate,Software,Resolved
INC829197,APP-REPO-9,2025-11-11 13:02:08,2025-11-11 22:02:08,4 - Low,Software,Resolved
INC969880,APP-REPO-11,2026-06-01 23:51:45,2026-06-03 16:51:45,1 - Critical,Network,Resolved
INC349192,APP-REPO-15,2026-09-17 17:35:44,2026-09-18 19:35:44,4 - Low,Database,Resolved
INC929142,APP-REPO-1,2026-01-19 12:35:29,2026-01-20 22:35:29,1 - Critical,Software,Resolved
INC882597,APP-REPO-4,2026-02-16 16:23:56,2026-02-17 20:23:56,1 - Critical,Software,Resolved
INC302310,APP-REPO-1,2026-05-23 15:21:57,2026-05-25 01:21:57,2 - High,Network,Resolved
INC509563,APP-REPO-12,2025-12-21 17:06:20,2025-12-23 08:06:20,1 - Critical,Software,Resolved
INC505048,APP-REPO-4,2025-12-21 01:04:05,2025-12-22 21:04:05,4 - Low,Software,Resolved
INC435940,APP-REPO-6,2025-11-17 19:35:34,2025-11-18 02:35:34,2 - High,Hardware,Resolved
INC366366,APP-REPO-10,2026-03-31 15:37:12,2026-04-01 14:37:12,1 - Critical,Database,Resolved
INC633804,APP-REPO-17,2025-11-25 10:26:04,2025-11-25 22:26:04,4 - Low,Software,Resolved
INC608964,APP-REPO-15,2026-03-22 15:21:00,2026-03-23 19:21:00,2 - High,Hardware,Resolved
INC649969,APP-REPO-8,2026-07-14 08:02:07,2026-07-15 03:02:07,1 - Critical,Software,Resolved
INC353860,APP-REPO-9,2026-05-20 04:32:16,2026-05-21 16:32:16,1 - Critical,Database,Resolved
INC918144,APP-REPO-6,2026-02-19 01:04:39,2026-02-19 23:04:39,3 - Moderate,Hardware,Resolved
INC600052,APP-REPO-17,2026-03-07 10:36:13,2026-03-09 10:36:13,2 - High,Database,Resolved
INC148360,APP-REPO-6,2026-06-26 13:12:12,2026-06-27 04:12:12,3 - Moderate,Software,Resolved
INC155994,APP-REPO-3,2026-04-28 05:52:41,2026-04-30 00:52:41,3 - Moderate,Database,Resolved
INC824679,APP-REPO-0,2026-09-16 10:31:31,2026-09-18 01:31:31,1 - Critical,Network,Resolved
INC691881,APP-REPO-18,2026-03-28 19:04:38,2026-03-30 17:04:38,1 - Critical,Network,Resolved
INC399645,APP-REPO-18,2026-07-18 01:39:36,2026-07-18 13:39:36,1 - Critical,Database,Resolved
INC367642,APP-REPO-18,2026-04-23 16:40:10,2026-04-24 03:40:10,4 - Low,Database,Resolved
INC903868,APP-REPO-19,2026-08-04 09:46:36,2026-08-05 22:46:36,4 - Low,Network,Resolved
INC970613,APP-REPO-17,2026-06-11 20:27:01,2026-06-13 14:27:01,4 - Low,Software,Resolved
INC647579,APP-REPO-9,2026-08-13 13:49:26,2026-08-13 23:49:26,3 - Moderate,Database,Resolved
INC767709,APP-REPO-18,2025-12-20 18:23:07,2025-12-21 10:23:07,2 - High,Network,Resolved
INC692801,APP-REPO-3,2026-07-19 19:41:16,2026-07-20 14:41:16,1 - Critical,Network,Resolved
INC697144,APP-REPO-19,2026-01-01 01:11:11,2026-01-01 14:11:11,2 - High,Hardware,Resolved
INC213618,APP-REPO-5,2026-06-18 03:53:16,2026-06-18 18:53:16,3 - Moderate,Hardware,Resolved
INC913976,APP-REPO-13,2026-07-17 01:19:26,2026-07-18 03:19:26,1 - Critical,Database,Resolved
INC752442,APP-REPO-0,2026-05-16 08:02:05,2026-05-17 20:02:05,4 - Low,Hardware,Resolved
INC517326,APP-REPO-3,2026-09-01 00:51:00,2026-09-02 06:51:00,4 - Low,Software,Resolved
INC773118,APP-REPO-14,2026-07-29 17:28:06,2026-07-30 05:28:06,2 - High,Network,Resolved
INC688942,APP-REPO-7,2025-10-28 17:43:41,2025-10-30 03:43:41,2 - High,Network,Resolved
INC802699,APP-REPO-19,2026-04-19 00:43:07,2026-04-20 00:43:07,2 - High,Hardware,Resolved
INC789186,APP-REPO-17,2026-03-19 10:38:04,2026-03-19 12:38:04,3 - Moderate,Software,Resolved
INC461426,APP-REPO-13,2026-04-20 01:34:19,2026-04-21 20:34:19,1 - Critical,Hardware,Resolved
INC828910,APP-REPO-18,2026-06-27 06:13:02,2026-06-28 22:13:02,4 - Low,Network,Resolved
INC131394,APP-REPO-17,2026-02-14 10:43:15,2026-02-14 20:43:15,4 - Low,Network,Resolved
INC670950,APP-REPO-4,2025-10-27 06:36:42,2025-10-28 10:36:42,3 - Moderate,Software,Resolved
INC921665,APP-REPO-17,2026-09-18 03:58:55,2026-09-19 04:58:55,4 - Low,Network,Resolved
INC526691,APP-REPO-2,2026-05-04 01:04:31,2026-05-04 15:04:31,1 - Critical,Database,Resolved
INC948027,APP-REPO-13,2025-11-09 12:30:12,2025-11-09 19:30:12,2 - High,Hardware,Resolved
INC946444,APP-REPO-16,2025-10-20 22:16:06,2025-10-21 19:16:06,3 - Moderate,Software,Resolved
INC364168,APP-REPO-6,2026-08-14 19:22:32,2026-08-15 13:22:32,4 - Low,Hardware,Resolved
INC352288,APP-REPO-18,2026-04-27 15:06:09,2026-04-28 11:06:09,3 - Moderate,Software,Resolved
INC996151,APP-REPO-0,2026-09-12 14:10:09,2026-09-13 01:10:09,4 - Low,Hardware,Resolved
INC101025,APP-REPO-0,2026-04-11 06:07:21,2026-04-13 01:07:21,4 - Low,Database,Resolved
INC508196,APP-REPO-2,2025-12-14 10:52:45,2025-12-14 14:52:45,1 - Critical,Database,Resolved
INC628376,APP-REPO-6,2026-05-07 08:36:29,2026-05-07 13:36:29,1 - Critical,Hardware,Resolved
INC953869,APP-REPO-19,2026-04-23 08:40:36,2026-04-24 06:40:36,1 - Critical,Software,Resolved
INC169439,APP-REPO-12,2025-11-24 03:22:01,2025-11-25 13:22:01,1 - Critical,Network,Resolved
INC183995,APP-REPO-9,2025-11-29 20:14:20,2025-12-01 13:14:20,1 - Critical,Network,Resolved
INC156962,APP-REPO-14,2026-02-01 08:55:10,2026-02-02 11:55:10,2 - High,Hardware,Resolved
INC710756,APP-REPO-14,2026-08-24 19:01:42,2026-08-26 13:01:42,4 - Low,Hardware,Resolved
INC152742,APP-REPO-11,2026-04-17 00:34:34,2026-04-17 15:34:34,3 - Moderate,Network,Resolved
INC117634,APP-REPO-15,2026-03-17 12:53:38,2026-03-18 17:53:38,4 - Low,Network,Resolved
INC509718,APP-REPO-5,2025-11-11 02:04:37,2025-11-11 06:04:37,4 - Low,Hardware,Resolved
INC861288,APP-REPO-12,2026-06-18 03:27:10,2026-06-19 06:27:10,2 - High,Hardware,Resolved
INC461287,APP-REPO-0,2025-12-15 17:07:20,2025-12-17 05:07:20,1 - Critical,Database,Resolved
INC860205,APP-REPO-15,2026-07-02 08:48:05,2026-07-03 09:48:05,1 - Critical,Hardware,Resolved
INC692887,APP-REPO-19,2026-05-11 09:58:19,2026-05-11 14:58:19,3 - Moderate,Software,Resolved
INC516577,APP-REPO-16,2026-04-04 18:50:54,2026-04-06 14:50:54,3 - Moderate,Software,Resolved
INC304753,APP-REPO-6,2025-11-01 06:16:45,2025-11-01 19:16:45,4 - Low,Hardware,Resolved
INC193519,APP-REPO-4,2026-09-11 00:53:51,2026-09-11 21:53:51,3 - Moderate,Hardware,Resolved
INC312460,APP-REPO-11,2026-04-13 03:41:05,2026-04-14 05:41:05,1 - Critical,Database,Resolved
INC671144,APP-REPO-2,2026-03-18 22:50:28,2026-03-20 04:50:28,1 - Critical,Hardware,Resolved
INC990813,APP-REPO-5,2026-08-07 00:11:53,2026-08-08 20:11:53,1 - Critical,Software,Resolved
INC732214,APP-REPO-5,2025-10-18 13:12:17,2025-10-18 14:12:17,4 - Low,Software,Resolved
INC329502,APP-REPO-13,2026-03-22 00:56:13,2026-03-22 16:56:13,3 - Moderate,Hardware,Resolved
INC590448,APP-REPO-15,2025-11-17 04:27:07,2025-11-18 15:27:07,3 - Moderate,Database,Resolved
INC227154,APP-REPO-6,2026-04-14 06:27:29,2026-04-14 20:27:29,4 - Low,Software,Resolved
INC800318,APP-REPO-17,2026-03-07 06:40:45,2026-03-08 01:40:45,3 - Moderate,Network,Resolved
INC721338,APP-REPO-1,2026-03-23 08:18:43,2026-03-25 07:18:43,2 - High,Network,Resolved
INC150106,APP-REPO-4,2026-05-03 22:40:29,2026-05-05 00:40:29,3 - Moderate,Software,Resolved
INC957170,APP-REPO-3,2025-10-19 08:47:14,2025-10-20 12:47:14,3 - Moderate,Network,Resolved
INC155469,APP-REPO-7,2026-05-01 23:00:32,2026-05-03 04:00:32,2 - High,Network,Resolved
INC972415,APP-REPO-3,2026-03-25 12:19:11,2026-03-26 14:19:11,4 - Low,Software,Resolved
INC248660,APP-REPO-14,2026-06-15 05:17:28,2026-06-17 05:17:28,4 - Low,Hardware,Resolved
INC295714,APP-REPO-2,2026-08-06 07:38:16,2026-08-06 08:38:16,2 - High,Software,Resolved
INC615454,APP-REPO-18,2026-01-24 14:59:24,2026-01-26 01:59:24,2 - High,Software,Resolved
INC758784,APP-REPO-6,2026-07-04 20:06:02,2026-07-05 13:06:02,4 - Low,Hardware,Resolved
INC700330,APP-REPO-17,2025-10-05 09:33:25,2025-10-06 07:33:25,4 - Low,Database,Resolved
INC345224,APP-REPO-13,2026-02-27 17:09:04,2026-02-28 08:09:04,2 - High,Software,Resolved
INC989272,APP-REPO-16,2026-01-03 18:21:17,2026-01-04 06:21:17,3 - Moderate,Database,Resolved
INC130573,APP-REPO-10,2026-08-10 00:32:14,2026-08-10 15:32:14,4 - Low,Software,Resolved
INC616765,APP-REPO-18,2025-09-28 02:44:52,2025-09-29 13:44:52,4 - Low,Database,Resolved
INC813813,APP-REPO-3,2026-07-13 14:02:35,2026-07-14 20:02:35,4 - Low,Software,Resolved
INC522218,APP-REPO-15,2025-12-20 13:37:44,2025-12-21 05:37:44,4 - Low,Hardware,Resolved
INC930895,APP-REPO-0,2026-05-09 12:53:36,2026-05-10 12:53:36,1 - Critical,Database,Resolved
INC666881,APP-REPO-4,2025-10-25 07:19:34,2025-10-25 13:19:34,2 - High,Hardware,Resolved
INC334784,APP-REPO-11,2025-10-14 12:46:23,2025-10-15 09:46:23,2 - High,Software,Resolved
INC512464,APP-REPO-11,2026-03-10 11:47:15,2026-03-10 12:47:15,3 - Moderate,Database,Resolved
INC209996,APP-REPO-8,2026-02-07 17:53:00,2026-02-08 19:53:00,2 - High,Software,Resolved
INC648234,APP-REPO-5,2026-06-25 22:42:06,2026-06-26 03:42:06,2 - High,Network,Resolved
INC695451,APP-REPO-12,2025-10-21 16:55:37,2025-10-22 22:55:37,1 - Critical,Network,Resolved
INC346645,APP-REPO-13,2026-04-25 02:39:03,2026-04-26 18:39:03,3 - Moderate,Software,Resolved
INC266028,APP-REPO-4,2025-10-20 08:15:53,2025-10-20 11:15:53,3 - Moderate,Software,Resolved
INC734563,APP-REPO-7,2026-09-09 05:21:42,2026-09-11 00:21:42,4 - Low,Network,Resolved
INC632006,APP-REPO-9,2025-10-23 17:56:48,2025-10-25 11:56:48,2 - High,Network,Resolved
INC735015,APP-REPO-10,2026-03-29 06:39:51,2026-03-31 06:39:51,1 - Critical,Software,Resolved
INC397340,APP-REPO-11,2025-10-09 06:25:55,2025-10-10 11:25:55,4 - Low,Software,Resolved
INC829054,APP-REPO-14,2026-01-16 10:31:15,2026-01-16 16:31:15,3 - Moderate,Hardware,Resolved
INC346709,APP-REPO-17,2026-03-04 17:33:27,2026-03-05 19:33:27,4 - Low,Database,Resolved
INC600801,APP-REPO-6,2025-12-05 20:11:21,2025-12-07 07:11:21,2 - High,Software,Resolved
INC745485,APP-REPO-14,2026-07-22 13:58:50,2026-07-23 07:58:50,4 - Low,Software,Resolved
INC743851,APP-REPO-2,2025-11-18 12:55:48,2025-11-20 11:55:48,4 - Low,Database,Resolved
INC740084,APP-REPO-17,2026-07-21 08:40:22,2026-07-22 16:40:22,4 - Low,Hardware,Resolved
INC998654,APP-REPO-19,2026-06-03 02:05:16,2026-06-04 15:05:16,4 - Low,Database,Resolved
INC853443,APP-REPO-4,2026-07-07 04:06:44,2026-07-07 13:06:44,3 - Moderate,Hardware,Resolved
INC617899,APP-REPO-1,2026-06-04 18:41:13,2026-06-06 12:41:13,3 - Moderate,Software,Resolved
INC517955,APP-REPO-5,2026-03-09 04:41:56,2026-03-11 00:41:56,2 - High,Network,Resolved
INC154391,APP-REPO-8,2026-02-19 08:52:13,2026-02-19 10:52:13,3 - Moderate,Database,Resolved
INC499443,APP-REPO-19,2026-09-08 02:28:22,2026-09-09 00:28:22,4 - Low,Software,Resolved
INC132122,APP-REPO-3,2026-02-22 11:36:36,2026-02-22 22:36:36,3 - Moderate,Hardware,Resolved
INC916189,APP-REPO-10,2026-03-20 03:18:38,2026-03-21 03:18:38,3 - Moderate,Network,Resolved
