enterprise_employee_id,source_system,source_identity,mapping_status,effective_date,expiry_date
EMP000001,SuccessFactors,EMP000001,ACTIVE,2020-01-01,9999-12-31
EMP000002,SuccessFactors,EMP000002,ACTIVE,2020-01-01,9999-12-31
EMP000003,SuccessFactors,EMP000003,ACTIVE,2020-01-01,9999-12-31
EMP000004,SuccessFactors,EMP000004,ACTIVE,2020-01-01,9999-12-31
EMP000005,SuccessFactors,EMP000005,ACTIVE,2020-01-01,9999-12-31
EMP000006,SuccessFactors,EMP000006,ACTIVE,2020-01-01,9999-12-31
EMP000007,SuccessFactors,EMP000007,ACTIVE,2020-01-01,9999-12-31
EMP000008,SuccessFactors,EMP000008,ACTIVE,2020-01-01,9999-12-31
EMP000009,SuccessFactors,EMP000009,ACTIVE,2020-01-01,9999-12-31
EMP000010,SuccessFactors,EMP000010,ACTIVE,2020-01-01,9999-12-31
EMP000011,SuccessFactors,EMP000011,ACTIVE,2020-01-01,9999-12-31
EMP000012,SuccessFactors,EMP000012,ACTIVE,2020-01-01,9999-12-31
EMP000013,SuccessFactors,EMP000013,ACTIVE,2020-01-01,9999-12-31
EMP000014,SuccessFactors,EMP000014,ACTIVE,2020-01-01,9999-12-31
EMP000015,SuccessFactors,EMP000015,ACTIVE,2020-01-01,9999-12-31
EMP000016,SuccessFactors,EMP000016,ACTIVE,2020-01-01,9999-12-31
EMP000017,SuccessFactors,EMP000017,ACTIVE,2020-01-01,9999-12-31
EMP000018,SuccessFactors,EMP000018,ACTIVE,2020-01-01,9999-12-31
EMP000019,SuccessFactors,EMP000019,ACTIVE,2020-01-01,9999-12-31
EMP000020,SuccessFactors,EMP000020,ACTIVE,2020-01-01,9999-12-31
EMP000021,SuccessFactors,EMP000021,ACTIVE,2020-01-01,9999-12-31
EMP000022,SuccessFactors,EMP000022,ACTIVE,2020-01-01,9999-12-31
EMP000023,SuccessFactors,EMP000023,ACTIVE,2020-01-01,9999-12-31
EMP000024,SuccessFactors,EMP000024,ACTIVE,2020-01-01,9999-12-31
EMP000025,SuccessFactors,EMP000025,ACTIVE,2020-01-01,9999-12-31
EMP000026,SuccessFactors,EMP000026,ACTIVE,2020-01-01,9999-12-31
EMP000027,SuccessFactors,EMP000027,ACTIVE,2020-01-01,9999-12-31
EMP000028,SuccessFactors,EMP000028,ACTIVE,2020-01-01,9999-12-31
EMP000029,SuccessFactors,EMP000029,ACTIVE,2020-01-01,9999-12-31
EMP000030,SuccessFactors,EMP000030,ACTIVE,2020-01-01,9999-12-31
EMP000031,SuccessFactors,EMP000031,ACTIVE,2020-01-01,9999-12-31
EMP000032,SuccessFactors,EMP000032,ACTIVE,2020-01-01,9999-12-31
EMP000033,SuccessFactors,EMP000033,ACTIVE,2020-01-01,9999-12-31
EMP000034,SuccessFactors,EMP000034,ACTIVE,2020-01-01,9999-12-31
EMP000035,SuccessFactors,EMP000035,ACTIVE,2020-01-01,9999-12-31
EMP000036,SuccessFactors,EMP000036,ACTIVE,2020-01-01,9999-12-31
EMP000037,SuccessFactors,EMP000037,ACTIVE,2020-01-01,9999-12-31
EMP000038,SuccessFactors,EMP000038,ACTIVE,2020-01-01,9999-12-31
EMP000039,SuccessFactors,EMP000039,ACTIVE,2020-01-01,9999-12-31
EMP000040,SuccessFactors,EMP000040,ACTIVE,2020-01-01,9999-12-31
EMP000041,SuccessFactors,EMP000041,ACTIVE,2020-01-01,9999-12-31
EMP000042,SuccessFactors,EMP000042,ACTIVE,2020-01-01,9999-12-31
EMP000043,SuccessFactors,EMP000043,ACTIVE,2020-01-01,9999-12-31
EMP000044,SuccessFactors,EMP000044,ACTIVE,2020-01-01,9999-12-31
EMP000045,SuccessFactors,EMP000045,ACTIVE,2020-01-01,9999-12-31
EMP000046,SuccessFactors,EMP000046,ACTIVE,2020-01-01,9999-12-31
EMP000047,SuccessFactors,EMP000047,ACTIVE,2020-01-01,9999-12-31
EMP000048,SuccessFactors,EMP000048,ACTIVE,2020-01-01,9999-12-31
EMP000049,SuccessFactors,EMP000049,ACTIVE,2020-01-01,9999-12-31
EMP000050,SuccessFactors,EMP000050,ACTIVE,2020-01-01,9999-12-31
EMP000051,SuccessFactors,EMP000051,ACTIVE,2020-01-01,9999-12-31
EMP000052,SuccessFactors,EMP000052,ACTIVE,2020-01-01,9999-12-31
EMP000053,SuccessFactors,EMP000053,ACTIVE,2020-01-01,9999-12-31
EMP000054,SuccessFactors,EMP000054,ACTIVE,2020-01-01,9999-12-31
EMP000055,SuccessFactors,EMP000055,ACTIVE,2020-01-01,9999-12-31
EMP000056,SuccessFactors,EMP000056,ACTIVE,2020-01-01,9999-12-31
EMP000057,SuccessFactors,EMP000057,ACTIVE,2020-01-01,9999-12-31
EMP000058,SuccessFactors,EMP000058,ACTIVE,2020-01-01,9999-12-31
EMP000059,SuccessFactors,EMP000059,ACTIVE,2020-01-01,9999-12-31
EMP000060,SuccessFactors,EMP000060,ACTIVE,2020-01-01,9999-12-31
EMP000061,SuccessFactors,EMP000061,ACTIVE,2020-01-01,9999-12-31
EMP000062,SuccessFactors,EMP000062,ACTIVE,2020-01-01,9999-12-31
EMP000063,SuccessFactors,EMP000063,ACTIVE,2020-01-01,9999-12-31
EMP000064,SuccessFactors,EMP000064,ACTIVE,2020-01-01,9999-12-31
EMP000065,SuccessFactors,EMP000065,ACTIVE,2020-01-01,9999-12-31
EMP000066,SuccessFactors,EMP000066,ACTIVE,2020-01-01,9999-12-31
EMP000067,SuccessFactors,EMP000067,ACTIVE,2020-01-01,9999-12-31
EMP000068,SuccessFactors,EMP000068,ACTIVE,2020-01-01,9999-12-31
EMP000069,SuccessFactors,EMP000069,ACTIVE,2020-01-01,9999-12-31
EMP000070,SuccessFactors,EMP000070,ACTIVE,2020-01-01,9999-12-31
EMP000071,SuccessFactors,EMP000071,ACTIVE,2020-01-01,9999-12-31
EMP000072,SuccessFactors,EMP000072,ACTIVE,2020-01-01,9999-12-31
EMP000073,SuccessFactors,EMP000073,ACTIVE,2020-01-01,9999-12-31
EMP000074,SuccessFactors,EMP000074,ACTIVE,2020-01-01,9999-12-31
EMP000075,SuccessFactors,EMP000075,ACTIVE,2020-01-01,9999-12-31
EMP000076,SuccessFactors,EMP000076,ACTIVE,2020-01-01,9999-12-31
EMP000077,SuccessFactors,EMP000077,ACTIVE,2020-01-01,9999-12-31
EMP000078,SuccessFactors,EMP000078,ACTIVE,2020-01-01,9999-12-31
EMP000079,SuccessFactors,EMP000079,ACTIVE,2020-01-01,9999-12-31
EMP000080,SuccessFactors,EMP000080,ACTIVE,2020-01-01,9999-12-31
EMP000081,SuccessFactors,EMP000081,ACTIVE,2020-01-01,9999-12-31
EMP000082,SuccessFactors,EMP000082,ACTIVE,2020-01-01,9999-12-31
EMP000083,SuccessFactors,EMP000083,ACTIVE,2020-01-01,9999-12-31
EMP000084,SuccessFactors,EMP000084,ACTIVE,2020-01-01,9999-12-31
EMP000085,SuccessFactors,EMP000085,ACTIVE,2020-01-01,9999-12-31
EMP000086,SuccessFactors,EMP000086,ACTIVE,2020-01-01,9999-12-31
EMP000087,SuccessFactors,EMP000087,ACTIVE,2020-01-01,9999-12-31
EMP000088,SuccessFactors,EMP000088,ACTIVE,2020-01-01,9999-12-31
EMP000089,SuccessFactors,EMP000089,ACTIVE,2020-01-01,9999-12-31
EMP000090,SuccessFactors,EMP000090,ACTIVE,2020-01-01,9999-12-31
EMP000091,SuccessFactors,EMP000091,ACTIVE,2020-01-01,9999-12-31
EMP000092,SuccessFactors,EMP000092,ACTIVE,2020-01-01,9999-12-31
EMP000093,SuccessFactors,EMP000093,ACTIVE,2020-01-01,9999-12-31
EMP000094,SuccessFactors,EMP000094,ACTIVE,2020-01-01,9999-12-31
EMP000095,SuccessFactors,EMP000095,ACTIVE,2020-01-01,9999-12-31
EMP000096,SuccessFactors,EMP000096,ACTIVE,2020-01-01,9999-12-31
EMP000097,SuccessFactors,EMP000097,ACTIVE,2020-01-01,9999-12-31
EMP000098,SuccessFactors,EMP000098,ACTIVE,2020-01-01,9999-12-31
EMP000099,SuccessFactors,EMP000099,ACTIVE,2020-01-01,9999-12-31
EMP000100,SuccessFactors,EMP000100,ACTIVE,2020-01-01,9999-12-31
EMP000101,SuccessFactors,EMP000101,ACTIVE,2020-01-01,9999-12-31
EMP000102,SuccessFactors,EMP000102,ACTIVE,2020-01-01,9999-12-31
EMP000103,SuccessFactors,EMP000103,ACTIVE,2020-01-01,9999-12-31
EMP000104,SuccessFactors,EMP000104,ACTIVE,2020-01-01,9999-12-31
EMP000105,SuccessFactors,EMP000105,ACTIVE,2020-01-01,9999-12-31
EMP000106,SuccessFactors,EMP000106,ACTIVE,2020-01-01,9999-12-31
EMP000107,SuccessFactors,EMP000107,ACTIVE,2020-01-01,9999-12-31
EMP000108,SuccessFactors,EMP000108,ACTIVE,2020-01-01,9999-12-31
EMP000109,SuccessFactors,EMP000109,ACTIVE,2020-01-01,9999-12-31
EMP000110,SuccessFactors,EMP000110,ACTIVE,2020-01-01,9999-12-31
EMP000111,SuccessFactors,EMP000111,ACTIVE,2020-01-01,9999-12-31
EMP000112,SuccessFactors,EMP000112,ACTIVE,2020-01-01,9999-12-31
EMP000113,SuccessFactors,EMP000113,ACTIVE,2020-01-01,9999-12-31
EMP000114,SuccessFactors,EMP000114,ACTIVE,2020-01-01,9999-12-31
EMP000115,SuccessFactors,EMP000115,ACTIVE,2020-01-01,9999-12-31
EMP000116,SuccessFactors,EMP000116,ACTIVE,2020-01-01,9999-12-31
EMP000117,SuccessFactors,EMP000117,ACTIVE,2020-01-01,9999-12-31
EMP000118,SuccessFactors,EMP000118,ACTIVE,2020-01-01,9999-12-31
EMP000119,SuccessFactors,EMP000119,ACTIVE,2020-01-01,9999-12-31
EMP000120,SuccessFactors,EMP000120,ACTIVE,2020-01-01,9999-12-31
EMP000121,SuccessFactors,EMP000121,ACTIVE,2020-01-01,9999-12-31
EMP000122,SuccessFactors,EMP000122,ACTIVE,2020-01-01,9999-12-31
EMP000123,SuccessFactors,EMP000123,ACTIVE,2020-01-01,9999-12-31
EMP000124,SuccessFactors,EMP000124,ACTIVE,2020-01-01,9999-12-31
EMP000125,SuccessFactors,EMP000125,ACTIVE,2020-01-01,9999-12-31
EMP000126,SuccessFactors,EMP000126,ACTIVE,2020-01-01,9999-12-31
EMP000127,SuccessFactors,EMP000127,ACTIVE,2020-01-01,9999-12-31
EMP000128,SuccessFactors,EMP000128,ACTIVE,2020-01-01,9999-12-31
EMP000129,SuccessFactors,EMP000129,ACTIVE,2020-01-01,9999-12-31
EMP000130,SuccessFactors,EMP000130,ACTIVE,2020-01-01,9999-12-31
EMP000131,SuccessFactors,EMP000131,ACTIVE,2020-01-01,9999-12-31
EMP000132,SuccessFactors,EMP000132,ACTIVE,2020-01-01,9999-12-31
EMP000133,SuccessFactors,EMP000133,ACTIVE,2020-01-01,9999-12-31
EMP000134,SuccessFactors,EMP000134,ACTIVE,2020-01-01,9999-12-31
EMP000135,SuccessFactors,EMP000135,ACTIVE,2020-01-01,9999-12-31
EMP000136,SuccessFactors,EMP000136,ACTIVE,2020-01-01,9999-12-31
EMP000137,SuccessFactors,EMP000137,ACTIVE,2020-01-01,9999-12-31
EMP000138,SuccessFactors,EMP000138,ACTIVE,2020-01-01,9999-12-31
EMP000139,SuccessFactors,EMP000139,ACTIVE,2020-01-01,9999-12-31
EMP000140,SuccessFactors,EMP000140,ACTIVE,2020-01-01,9999-12-31
EMP000141,SuccessFactors,EMP000141,ACTIVE,2020-01-01,9999-12-31
EMP000142,SuccessFactors,EMP000142,ACTIVE,2020-01-01,9999-12-31
EMP000143,SuccessFactors,EMP000143,ACTIVE,2020-01-01,9999-12-31
EMP000144,SuccessFactors,EMP000144,ACTIVE,2020-01-01,9999-12-31
EMP000145,SuccessFactors,EMP000145,ACTIVE,2020-01-01,9999-12-31
EMP000146,SuccessFactors,EMP000146,ACTIVE,2020-01-01,9999-12-31
EMP000147,SuccessFactors,EMP000147,ACTIVE,2020-01-01,9999-12-31
EMP000148,SuccessFactors,EMP000148,ACTIVE,2020-01-01,9999-12-31
EMP000149,SuccessFactors,EMP000149,ACTIVE,2020-01-01,9999-12-31
EMP000150,SuccessFactors,EMP000150,ACTIVE,2020-01-01,9999-12-31
EMP000151,SuccessFactors,EMP000151,ACTIVE,2020-01-01,9999-12-31
EMP000152,SuccessFactors,EMP000152,ACTIVE,2020-01-01,9999-12-31
EMP000153,SuccessFactors,EMP000153,ACTIVE,2020-01-01,9999-12-31
EMP000154,SuccessFactors,EMP000154,ACTIVE,2020-01-01,9999-12-31
EMP000155,SuccessFactors,EMP000155,ACTIVE,2020-01-01,9999-12-31
EMP000156,SuccessFactors,EMP000156,ACTIVE,2020-01-01,9999-12-31
EMP000157,SuccessFactors,EMP000157,ACTIVE,2020-01-01,9999-12-31
EMP000158,SuccessFactors,EMP000158,ACTIVE,2020-01-01,9999-12-31
EMP000159,SuccessFactors,EMP000159,ACTIVE,2020-01-01,9999-12-31
EMP000160,SuccessFactors,EMP000160,ACTIVE,2020-01-01,9999-12-31
EMP000161,SuccessFactors,EMP000161,ACTIVE,2020-01-01,9999-12-31
EMP000162,SuccessFactors,EMP000162,ACTIVE,2020-01-01,9999-12-31
EMP000163,SuccessFactors,EMP000163,ACTIVE,2020-01-01,9999-12-31
EMP000164,SuccessFactors,EMP000164,ACTIVE,2020-01-01,9999-12-31
EMP000165,SuccessFactors,EMP000165,ACTIVE,2020-01-01,9999-12-31
EMP000166,SuccessFactors,EMP000166,ACTIVE,2020-01-01,9999-12-31
EMP000167,SuccessFactors,EMP000167,ACTIVE,2020-01-01,9999-12-31
EMP000168,SuccessFactors,EMP000168,ACTIVE,2020-01-01,9999-12-31
EMP000169,SuccessFactors,EMP000169,ACTIVE,2020-01-01,9999-12-31
EMP000170,SuccessFactors,EMP000170,ACTIVE,2020-01-01,9999-12-31
EMP000171,SuccessFactors,EMP000171,ACTIVE,2020-01-01,9999-12-31
EMP000172,SuccessFactors,EMP000172,ACTIVE,2020-01-01,9999-12-31
EMP000173,SuccessFactors,EMP000173,ACTIVE,2020-01-01,9999-12-31
EMP000174,SuccessFactors,EMP000174,ACTIVE,2020-01-01,9999-12-31
EMP000175,SuccessFactors,EMP000175,ACTIVE,2020-01-01,9999-12-31
EMP000176,SuccessFactors,EMP000176,ACTIVE,2020-01-01,9999-12-31
EMP000177,SuccessFactors,EMP000177,ACTIVE,2020-01-01,9999-12-31
EMP000178,SuccessFactors,EMP000178,ACTIVE,2020-01-01,9999-12-31
EMP000179,SuccessFactors,EMP000179,ACTIVE,2020-01-01,9999-12-31
EMP000180,SuccessFactors,EMP000180,ACTIVE,2020-01-01,9999-12-31
EMP000181,SuccessFactors,EMP000181,ACTIVE,2020-01-01,9999-12-31
EMP000182,SuccessFactors,EMP000182,ACTIVE,2020-01-01,9999-12-31
EMP000183,SuccessFactors,EMP000183,ACTIVE,2020-01-01,9999-12-31
EMP000184,SuccessFactors,EMP000184,ACTIVE,2020-01-01,9999-12-31
EMP000185,SuccessFactors,EMP000185,ACTIVE,2020-01-01,9999-12-31
EMP000186,SuccessFactors,EMP000186,ACTIVE,2020-01-01,9999-12-31
EMP000187,SuccessFactors,EMP000187,ACTIVE,2020-01-01,9999-12-31
EMP000188,SuccessFactors,EMP000188,ACTIVE,2020-01-01,9999-12-31
EMP000189,SuccessFactors,EMP000189,ACTIVE,2020-01-01,9999-12-31
EMP000190,SuccessFactors,EMP000190,ACTIVE,2020-01-01,9999-12-31
EMP000191,SuccessFactors,EMP000191,ACTIVE,2020-01-01,9999-12-31
EMP000192,SuccessFactors,EMP000192,ACTIVE,2020-01-01,9999-12-31
EMP000193,SuccessFactors,EMP000193,ACTIVE,2020-01-01,9999-12-31
EMP000194,SuccessFactors,EMP000194,ACTIVE,2020-01-01,9999-12-31
EMP000195,SuccessFactors,EMP000195,ACTIVE,2020-01-01,9999-12-31
EMP000196,SuccessFactors,EMP000196,ACTIVE,2020-01-01,9999-12-31
EMP000197,SuccessFactors,EMP000197,ACTIVE,2020-01-01,9999-12-31
EMP000198,SuccessFactors,EMP000198,ACTIVE,2020-01-01,9999-12-31
EMP000199,SuccessFactors,EMP000199,ACTIVE,2020-01-01,9999-12-31
EMP000200,SuccessFactors,EMP000200,ACTIVE,2020-01-01,9999-12-31
EMP000201,SuccessFactors,EMP000201,ACTIVE,2020-01-01,9999-12-31
EMP000202,SuccessFactors,EMP000202,ACTIVE,2020-01-01,9999-12-31
EMP000203,SuccessFactors,EMP000203,ACTIVE,2020-01-01,9999-12-31
EMP000204,SuccessFactors,EMP000204,ACTIVE,2020-01-01,9999-12-31
EMP000205,SuccessFactors,EMP000205,ACTIVE,2020-01-01,9999-12-31
EMP000206,SuccessFactors,EMP000206,ACTIVE,2020-01-01,9999-12-31
EMP000207,SuccessFactors,EMP000207,ACTIVE,2020-01-01,9999-12-31
EMP000208,SuccessFactors,EMP000208,ACTIVE,2020-01-01,9999-12-31
EMP000209,SuccessFactors,EMP000209,ACTIVE,2020-01-01,9999-12-31
EMP000210,SuccessFactors,EMP000210,ACTIVE,2020-01-01,9999-12-31
EMP000211,SuccessFactors,EMP000211,ACTIVE,2020-01-01,9999-12-31
EMP000212,SuccessFactors,EMP000212,ACTIVE,2020-01-01,9999-12-31
EMP000213,SuccessFactors,EMP000213,ACTIVE,2020-01-01,9999-12-31
EMP000214,SuccessFactors,EMP000214,ACTIVE,2020-01-01,9999-12-31
EMP000215,SuccessFactors,EMP000215,ACTIVE,2020-01-01,9999-12-31
EMP000216,SuccessFactors,EMP000216,ACTIVE,2020-01-01,9999-12-31
EMP000217,SuccessFactors,EMP000217,ACTIVE,2020-01-01,9999-12-31
EMP000218,SuccessFactors,EMP000218,ACTIVE,2020-01-01,9999-12-31
EMP000219,SuccessFactors,EMP000219,ACTIVE,2020-01-01,9999-12-31
EMP000220,SuccessFactors,EMP000220,ACTIVE,2020-01-01,9999-12-31
EMP000221,SuccessFactors,EMP000221,ACTIVE,2020-01-01,9999-12-31
EMP000222,SuccessFactors,EMP000222,ACTIVE,2020-01-01,9999-12-31
EMP000223,SuccessFactors,EMP000223,ACTIVE,2020-01-01,9999-12-31
EMP000224,SuccessFactors,EMP000224,ACTIVE,2020-01-01,9999-12-31
EMP000225,SuccessFactors,EMP000225,ACTIVE,2020-01-01,9999-12-31
EMP000226,SuccessFactors,EMP000226,ACTIVE,2020-01-01,9999-12-31
EMP000227,SuccessFactors,EMP000227,ACTIVE,2020-01-01,9999-12-31
EMP000228,SuccessFactors,EMP000228,ACTIVE,2020-01-01,9999-12-31
EMP000229,SuccessFactors,EMP000229,ACTIVE,2020-01-01,9999-12-31
EMP000230,SuccessFactors,EMP000230,ACTIVE,2020-01-01,9999-12-31
EMP000231,SuccessFactors,EMP000231,ACTIVE,2020-01-01,9999-12-31
EMP000232,SuccessFactors,EMP000232,ACTIVE,2020-01-01,9999-12-31
EMP000233,SuccessFactors,EMP000233,ACTIVE,2020-01-01,9999-12-31
EMP000234,SuccessFactors,EMP000234,ACTIVE,2020-01-01,9999-12-31
EMP000235,SuccessFactors,EMP000235,ACTIVE,2020-01-01,9999-12-31
EMP000236,SuccessFactors,EMP000236,ACTIVE,2020-01-01,9999-12-31
EMP000237,SuccessFactors,EMP000237,ACTIVE,2020-01-01,9999-12-31
EMP000238,SuccessFactors,EMP000238,ACTIVE,2020-01-01,9999-12-31
EMP000239,SuccessFactors,EMP000239,ACTIVE,2020-01-01,9999-12-31
EMP000240,SuccessFactors,EMP000240,ACTIVE,2020-01-01,9999-12-31
EMP000241,SuccessFactors,EMP000241,ACTIVE,2020-01-01,9999-12-31
EMP000242,SuccessFactors,EMP000242,ACTIVE,2020-01-01,9999-12-31
EMP000243,SuccessFactors,EMP000243,ACTIVE,2020-01-01,9999-12-31
EMP000244,SuccessFactors,EMP000244,ACTIVE,2020-01-01,9999-12-31
EMP000245,SuccessFactors,EMP000245,ACTIVE,2020-01-01,9999-12-31
EMP000246,SuccessFactors,EMP000246,ACTIVE,2020-01-01,9999-12-31
EMP000247,SuccessFactors,EMP000247,ACTIVE,2020-01-01,9999-12-31
EMP000248,SuccessFactors,EMP000248,ACTIVE,2020-01-01,9999-12-31
EMP000249,SuccessFactors,EMP000249,ACTIVE,2020-01-01,9999-12-31
EMP000250,SuccessFactors,EMP000250,ACTIVE,2020-01-01,9999-12-31
EMP000251,SuccessFactors,EMP000251,ACTIVE,2020-01-01,9999-12-31
EMP000252,SuccessFactors,EMP000252,ACTIVE,2020-01-01,9999-12-31
EMP000253,SuccessFactors,EMP000253,ACTIVE,2020-01-01,9999-12-31
EMP000254,SuccessFactors,EMP000254,ACTIVE,2020-01-01,9999-12-31
EMP000255,SuccessFactors,EMP000255,ACTIVE,2020-01-01,9999-12-31
EMP000256,SuccessFactors,EMP000256,ACTIVE,2020-01-01,9999-12-31
EMP000257,SuccessFactors,EMP000257,ACTIVE,2020-01-01,9999-12-31
EMP000258,SuccessFactors,EMP000258,ACTIVE,2020-01-01,9999-12-31
EMP000259,SuccessFactors,EMP000259,ACTIVE,2020-01-01,9999-12-31
EMP000260,SuccessFactors,EMP000260,ACTIVE,2020-01-01,9999-12-31
EMP000261,SuccessFactors,EMP000261,ACTIVE,2020-01-01,9999-12-31
EMP000262,SuccessFactors,EMP000262,ACTIVE,2020-01-01,9999-12-31
EMP000263,SuccessFactors,EMP000263,ACTIVE,2020-01-01,9999-12-31
EMP000264,SuccessFactors,EMP000264,ACTIVE,2020-01-01,9999-12-31
EMP000265,SuccessFactors,EMP000265,ACTIVE,2020-01-01,9999-12-31
EMP000266,SuccessFactors,EMP000266,ACTIVE,2020-01-01,9999-12-31
EMP000267,SuccessFactors,EMP000267,ACTIVE,2020-01-01,9999-12-31
EMP000268,SuccessFactors,EMP000268,ACTIVE,2020-01-01,9999-12-31
EMP000269,SuccessFactors,EMP000269,ACTIVE,2020-01-01,9999-12-31
EMP000270,SuccessFactors,EMP000270,ACTIVE,2020-01-01,9999-12-31
EMP000271,SuccessFactors,EMP000271,ACTIVE,2020-01-01,9999-12-31
EMP000272,SuccessFactors,EMP000272,ACTIVE,2020-01-01,9999-12-31
EMP000273,SuccessFactors,EMP000273,ACTIVE,2020-01-01,9999-12-31
EMP000274,SuccessFactors,EMP000274,ACTIVE,2020-01-01,9999-12-31
EMP000275,SuccessFactors,EMP000275,ACTIVE,2020-01-01,9999-12-31
EMP000276,SuccessFactors,EMP000276,ACTIVE,2020-01-01,9999-12-31
EMP000277,SuccessFactors,EMP000277,ACTIVE,2020-01-01,9999-12-31
EMP000278,SuccessFactors,EMP000278,ACTIVE,2020-01-01,9999-12-31
EMP000279,SuccessFactors,EMP000279,ACTIVE,2020-01-01,9999-12-31
EMP000280,SuccessFactors,EMP000280,ACTIVE,2020-01-01,9999-12-31
EMP000281,SuccessFactors,EMP000281,ACTIVE,2020-01-01,9999-12-31
EMP000282,SuccessFactors,EMP000282,ACTIVE,2020-01-01,9999-12-31
EMP000283,SuccessFactors,EMP000283,ACTIVE,2020-01-01,9999-12-31
EMP000284,SuccessFactors,EMP000284,ACTIVE,2020-01-01,9999-12-31
EMP000285,SuccessFactors,EMP000285,ACTIVE,2020-01-01,9999-12-31
EMP000286,SuccessFactors,EMP000286,ACTIVE,2020-01-01,9999-12-31
EMP000287,SuccessFactors,EMP000287,ACTIVE,2020-01-01,9999-12-31
EMP000288,SuccessFactors,EMP000288,ACTIVE,2020-01-01,9999-12-31
EMP000289,SuccessFactors,EMP000289,ACTIVE,2020-01-01,9999-12-31
EMP000290,SuccessFactors,EMP000290,ACTIVE,2020-01-01,9999-12-31
EMP000291,SuccessFactors,EMP000291,ACTIVE,2020-01-01,9999-12-31
EMP000292,SuccessFactors,EMP000292,ACTIVE,2020-01-01,9999-12-31
EMP000293,SuccessFactors,EMP000293,ACTIVE,2020-01-01,9999-12-31
EMP000294,SuccessFactors,EMP000294,ACTIVE,2020-01-01,9999-12-31
EMP000295,SuccessFactors,EMP000295,ACTIVE,2020-01-01,9999-12-31
EMP000296,SuccessFactors,EMP000296,ACTIVE,2020-01-01,9999-12-31
EMP000297,SuccessFactors,EMP000297,ACTIVE,2020-01-01,9999-12-31
EMP000298,SuccessFactors,EMP000298,ACTIVE,2020-01-01,9999-12-31
EMP000299,SuccessFactors,EMP000299,ACTIVE,2020-01-01,9999-12-31
EMP000300,SuccessFactors,EMP000300,ACTIVE,2020-01-01,9999-12-31
EMP000301,SuccessFactors,EMP000301,ACTIVE,2020-01-01,9999-12-31
EMP000302,SuccessFactors,EMP000302,ACTIVE,2020-01-01,9999-12-31
EMP000303,SuccessFactors,EMP000303,ACTIVE,2020-01-01,9999-12-31
EMP000304,SuccessFactors,EMP000304,ACTIVE,2020-01-01,9999-12-31
EMP000305,SuccessFactors,EMP000305,ACTIVE,2020-01-01,9999-12-31
EMP000306,SuccessFactors,EMP000306,ACTIVE,2020-01-01,9999-12-31
EMP000307,SuccessFactors,EMP000307,ACTIVE,2020-01-01,9999-12-31
EMP000308,SuccessFactors,EMP000308,ACTIVE,2020-01-01,9999-12-31
EMP000309,SuccessFactors,EMP000309,ACTIVE,2020-01-01,9999-12-31
EMP000310,SuccessFactors,EMP000310,ACTIVE,2020-01-01,9999-12-31
EMP000311,SuccessFactors,EMP000311,ACTIVE,2020-01-01,9999-12-31
EMP000312,SuccessFactors,EMP000312,ACTIVE,2020-01-01,9999-12-31
EMP000313,SuccessFactors,EMP000313,ACTIVE,2020-01-01,9999-12-31
EMP000314,SuccessFactors,EMP000314,ACTIVE,2020-01-01,9999-12-31
EMP000315,SuccessFactors,EMP000315,ACTIVE,2020-01-01,9999-12-31
EMP000316,SuccessFactors,EMP000316,ACTIVE,2020-01-01,9999-12-31
EMP000317,SuccessFactors,EMP000317,ACTIVE,2020-01-01,9999-12-31
EMP000318,SuccessFactors,EMP000318,ACTIVE,2020-01-01,9999-12-31
EMP000319,SuccessFactors,EMP000319,ACTIVE,2020-01-01,9999-12-31
EMP000320,SuccessFactors,EMP000320,ACTIVE,2020-01-01,9999-12-31
EMP000321,SuccessFactors,EMP000321,ACTIVE,2020-01-01,9999-12-31
EMP000322,SuccessFactors,EMP000322,ACTIVE,2020-01-01,9999-12-31
EMP000323,SuccessFactors,EMP000323,ACTIVE,2020-01-01,9999-12-31
EMP000324,SuccessFactors,EMP000324,ACTIVE,2020-01-01,9999-12-31
EMP000325,SuccessFactors,EMP000325,ACTIVE,2020-01-01,9999-12-31
EMP000326,SuccessFactors,EMP000326,ACTIVE,2020-01-01,9999-12-31
EMP000327,SuccessFactors,EMP000327,ACTIVE,2020-01-01,9999-12-31
EMP000328,SuccessFactors,EMP000328,ACTIVE,2020-01-01,9999-12-31
EMP000329,SuccessFactors,EMP000329,ACTIVE,2020-01-01,9999-12-31
EMP000330,SuccessFactors,EMP000330,ACTIVE,2020-01-01,9999-12-31
EMP000331,SuccessFactors,EMP000331,ACTIVE,2020-01-01,9999-12-31
EMP000332,SuccessFactors,EMP000332,ACTIVE,2020-01-01,9999-12-31
EMP000333,SuccessFactors,EMP000333,ACTIVE,2020-01-01,9999-12-31
EMP000334,SuccessFactors,EMP000334,ACTIVE,2020-01-01,9999-12-31
EMP000335,SuccessFactors,EMP000335,ACTIVE,2020-01-01,9999-12-31
EMP000336,SuccessFactors,EMP000336,ACTIVE,2020-01-01,9999-12-31
EMP000337,SuccessFactors,EMP000337,ACTIVE,2020-01-01,9999-12-31
EMP000338,SuccessFactors,EMP000338,ACTIVE,2020-01-01,9999-12-31
EMP000339,SuccessFactors,EMP000339,ACTIVE,2020-01-01,9999-12-31
EMP000340,SuccessFactors,EMP000340,ACTIVE,2020-01-01,9999-12-31
EMP000341,SuccessFactors,EMP000341,ACTIVE,2020-01-01,9999-12-31
EMP000342,SuccessFactors,EMP000342,ACTIVE,2020-01-01,9999-12-31
EMP000343,SuccessFactors,EMP000343,ACTIVE,2020-01-01,9999-12-31
EMP000344,SuccessFactors,EMP000344,ACTIVE,2020-01-01,9999-12-31
EMP000345,SuccessFactors,EMP000345,ACTIVE,2020-01-01,9999-12-31
EMP000346,SuccessFactors,EMP000346,ACTIVE,2020-01-01,9999-12-31
EMP000347,SuccessFactors,EMP000347,ACTIVE,2020-01-01,9999-12-31
EMP000348,SuccessFactors,EMP000348,ACTIVE,2020-01-01,9999-12-31
EMP000349,SuccessFactors,EMP000349,ACTIVE,2020-01-01,9999-12-31
EMP000350,SuccessFactors,EMP000350,ACTIVE,2020-01-01,9999-12-31
EMP000351,SuccessFactors,EMP000351,ACTIVE,2020-01-01,9999-12-31
EMP000352,SuccessFactors,EMP000352,ACTIVE,2020-01-01,9999-12-31
EMP000353,SuccessFactors,EMP000353,ACTIVE,2020-01-01,9999-12-31
EMP000354,SuccessFactors,EMP000354,ACTIVE,2020-01-01,9999-12-31
EMP000355,SuccessFactors,EMP000355,ACTIVE,2020-01-01,9999-12-31
EMP000356,SuccessFactors,EMP000356,ACTIVE,2020-01-01,9999-12-31
EMP000357,SuccessFactors,EMP000357,ACTIVE,2020-01-01,9999-12-31
EMP000358,SuccessFactors,EMP000358,ACTIVE,2020-01-01,9999-12-31
EMP000359,SuccessFactors,EMP000359,ACTIVE,2020-01-01,9999-12-31
EMP000360,SuccessFactors,EMP000360,ACTIVE,2020-01-01,9999-12-31
EMP000361,SuccessFactors,EMP000361,ACTIVE,2020-01-01,9999-12-31
EMP000362,SuccessFactors,EMP000362,ACTIVE,2020-01-01,9999-12-31
EMP000363,SuccessFactors,EMP000363,ACTIVE,2020-01-01,9999-12-31
EMP000364,SuccessFactors,EMP000364,ACTIVE,2020-01-01,9999-12-31
EMP000365,SuccessFactors,EMP000365,ACTIVE,2020-01-01,9999-12-31
EMP000366,SuccessFactors,EMP000366,ACTIVE,2020-01-01,9999-12-31
EMP000367,SuccessFactors,EMP000367,ACTIVE,2020-01-01,9999-12-31
EMP000368,SuccessFactors,EMP000368,ACTIVE,2020-01-01,9999-12-31
EMP000369,SuccessFactors,EMP000369,ACTIVE,2020-01-01,9999-12-31
EMP000370,SuccessFactors,EMP000370,ACTIVE,2020-01-01,9999-12-31
EMP000371,SuccessFactors,EMP000371,ACTIVE,2020-01-01,9999-12-31
EMP000372,SuccessFactors,EMP000372,ACTIVE,2020-01-01,9999-12-31
EMP000373,SuccessFactors,EMP000373,ACTIVE,2020-01-01,9999-12-31
EMP000374,SuccessFactors,EMP000374,ACTIVE,2020-01-01,9999-12-31
EMP000375,SuccessFactors,EMP000375,ACTIVE,2020-01-01,9999-12-31
EMP000376,SuccessFactors,EMP000376,ACTIVE,2020-01-01,9999-12-31
EMP000377,SuccessFactors,EMP000377,ACTIVE,2020-01-01,9999-12-31
EMP000378,SuccessFactors,EMP000378,ACTIVE,2020-01-01,9999-12-31
EMP000379,SuccessFactors,EMP000379,ACTIVE,2020-01-01,9999-12-31
EMP000380,SuccessFactors,EMP000380,ACTIVE,2020-01-01,9999-12-31
EMP000381,SuccessFactors,EMP000381,ACTIVE,2020-01-01,9999-12-31
EMP000382,SuccessFactors,EMP000382,ACTIVE,2020-01-01,9999-12-31
EMP000383,SuccessFactors,EMP000383,ACTIVE,2020-01-01,9999-12-31
EMP000384,SuccessFactors,EMP000384,ACTIVE,2020-01-01,9999-12-31
EMP000385,SuccessFactors,EMP000385,ACTIVE,2020-01-01,9999-12-31
EMP000386,SuccessFactors,EMP000386,ACTIVE,2020-01-01,9999-12-31
EMP000387,SuccessFactors,EMP000387,ACTIVE,2020-01-01,9999-12-31
EMP000388,SuccessFactors,EMP000388,ACTIVE,2020-01-01,9999-12-31
EMP000389,SuccessFactors,EMP000389,ACTIVE,2020-01-01,9999-12-31
EMP000390,SuccessFactors,EMP000390,ACTIVE,2020-01-01,9999-12-31
EMP000391,SuccessFactors,EMP000391,ACTIVE,2020-01-01,9999-12-31
EMP000392,SuccessFactors,EMP000392,ACTIVE,2020-01-01,9999-12-31
EMP000393,SuccessFactors,EMP000393,ACTIVE,2020-01-01,9999-12-31
EMP000394,SuccessFactors,EMP000394,ACTIVE,2020-01-01,9999-12-31
EMP000395,SuccessFactors,EMP000395,ACTIVE,2020-01-01,9999-12-31
EMP000396,SuccessFactors,EMP000396,ACTIVE,2020-01-01,9999-12-31
EMP000397,SuccessFactors,EMP000397,ACTIVE,2020-01-01,9999-12-31
EMP000398,SuccessFactors,EMP000398,ACTIVE,2020-01-01,9999-12-31
EMP000399,SuccessFactors,EMP000399,ACTIVE,2020-01-01,9999-12-31
EMP000400,SuccessFactors,EMP000400,ACTIVE,2020-01-01,9999-12-31
EMP000401,SuccessFactors,EMP000401,ACTIVE,2020-01-01,9999-12-31
EMP000402,SuccessFactors,EMP000402,ACTIVE,2020-01-01,9999-12-31
EMP000403,SuccessFactors,EMP000403,ACTIVE,2020-01-01,9999-12-31
EMP000404,SuccessFactors,EMP000404,ACTIVE,2020-01-01,9999-12-31
EMP000405,SuccessFactors,EMP000405,ACTIVE,2020-01-01,9999-12-31
EMP000406,SuccessFactors,EMP000406,ACTIVE,2020-01-01,9999-12-31
EMP000407,SuccessFactors,EMP000407,ACTIVE,2020-01-01,9999-12-31
EMP000408,SuccessFactors,EMP000408,ACTIVE,2020-01-01,9999-12-31
EMP000409,SuccessFactors,EMP000409,ACTIVE,2020-01-01,9999-12-31
EMP000410,SuccessFactors,EMP000410,ACTIVE,2020-01-01,9999-12-31
EMP000411,SuccessFactors,EMP000411,ACTIVE,2020-01-01,9999-12-31
EMP000412,SuccessFactors,EMP000412,ACTIVE,2020-01-01,9999-12-31
EMP000413,SuccessFactors,EMP000413,ACTIVE,2020-01-01,9999-12-31
EMP000414,SuccessFactors,EMP000414,ACTIVE,2020-01-01,9999-12-31
EMP000415,SuccessFactors,EMP000415,ACTIVE,2020-01-01,9999-12-31
EMP000416,SuccessFactors,EMP000416,ACTIVE,2020-01-01,9999-12-31
EMP000417,SuccessFactors,EMP000417,ACTIVE,2020-01-01,9999-12-31
EMP000418,SuccessFactors,EMP000418,ACTIVE,2020-01-01,9999-12-31
EMP000419,SuccessFactors,EMP000419,ACTIVE,2020-01-01,9999-12-31
EMP000420,SuccessFactors,EMP000420,ACTIVE,2020-01-01,9999-12-31
EMP000421,SuccessFactors,EMP000421,ACTIVE,2020-01-01,9999-12-31
EMP000422,SuccessFactors,EMP000422,ACTIVE,2020-01-01,9999-12-31
EMP000423,SuccessFactors,EMP000423,ACTIVE,2020-01-01,9999-12-31
EMP000424,SuccessFactors,EMP000424,ACTIVE,2020-01-01,9999-12-31
EMP000425,SuccessFactors,EMP000425,ACTIVE,2020-01-01,9999-12-31
EMP000426,SuccessFactors,EMP000426,ACTIVE,2020-01-01,9999-12-31
EMP000427,SuccessFactors,EMP000427,ACTIVE,2020-01-01,9999-12-31
EMP000428,SuccessFactors,EMP000428,ACTIVE,2020-01-01,9999-12-31
EMP000429,SuccessFactors,EMP000429,ACTIVE,2020-01-01,9999-12-31
EMP000430,SuccessFactors,EMP000430,ACTIVE,2020-01-01,9999-12-31
EMP000431,SuccessFactors,EMP000431,ACTIVE,2020-01-01,9999-12-31
EMP000432,SuccessFactors,EMP000432,ACTIVE,2020-01-01,9999-12-31
EMP000433,SuccessFactors,EMP000433,ACTIVE,2020-01-01,9999-12-31
EMP000434,SuccessFactors,EMP000434,ACTIVE,2020-01-01,9999-12-31
EMP000435,SuccessFactors,EMP000435,ACTIVE,2020-01-01,9999-12-31
EMP000436,SuccessFactors,EMP000436,ACTIVE,2020-01-01,9999-12-31
EMP000437,SuccessFactors,EMP000437,ACTIVE,2020-01-01,9999-12-31
EMP000438,SuccessFactors,EMP000438,ACTIVE,2020-01-01,9999-12-31
EMP000439,SuccessFactors,EMP000439,ACTIVE,2020-01-01,9999-12-31
EMP000440,SuccessFactors,EMP000440,ACTIVE,2020-01-01,9999-12-31
EMP000441,SuccessFactors,EMP000441,ACTIVE,2020-01-01,9999-12-31
EMP000442,SuccessFactors,EMP000442,ACTIVE,2020-01-01,9999-12-31
EMP000443,SuccessFactors,EMP000443,ACTIVE,2020-01-01,9999-12-31
EMP000444,SuccessFactors,EMP000444,ACTIVE,2020-01-01,9999-12-31
EMP000445,SuccessFactors,EMP000445,ACTIVE,2020-01-01,9999-12-31
EMP000446,SuccessFactors,EMP000446,ACTIVE,2020-01-01,9999-12-31
EMP000447,SuccessFactors,EMP000447,ACTIVE,2020-01-01,9999-12-31
EMP000448,SuccessFactors,EMP000448,ACTIVE,2020-01-01,9999-12-31
EMP000449,SuccessFactors,EMP000449,ACTIVE,2020-01-01,9999-12-31
EMP000450,SuccessFactors,EMP000450,ACTIVE,2020-01-01,9999-12-31
EMP000451,SuccessFactors,EMP000451,ACTIVE,2020-01-01,9999-12-31
EMP000452,SuccessFactors,EMP000452,ACTIVE,2020-01-01,9999-12-31
EMP000453,SuccessFactors,EMP000453,ACTIVE,2020-01-01,9999-12-31
EMP000454,SuccessFactors,EMP000454,ACTIVE,2020-01-01,9999-12-31
EMP000455,SuccessFactors,EMP000455,ACTIVE,2020-01-01,9999-12-31
EMP000456,SuccessFactors,EMP000456,ACTIVE,2020-01-01,9999-12-31
EMP000457,SuccessFactors,EMP000457,ACTIVE,2020-01-01,9999-12-31
EMP000458,SuccessFactors,EMP000458,ACTIVE,2020-01-01,9999-12-31
EMP000459,SuccessFactors,EMP000459,ACTIVE,2020-01-01,9999-12-31
EMP000460,SuccessFactors,EMP000460,ACTIVE,2020-01-01,9999-12-31
EMP000461,SuccessFactors,EMP000461,ACTIVE,2020-01-01,9999-12-31
EMP000462,SuccessFactors,EMP000462,ACTIVE,2020-01-01,9999-12-31
EMP000463,SuccessFactors,EMP000463,ACTIVE,2020-01-01,9999-12-31
EMP000464,SuccessFactors,EMP000464,ACTIVE,2020-01-01,9999-12-31
EMP000465,SuccessFactors,EMP000465,ACTIVE,2020-01-01,9999-12-31
EMP000466,SuccessFactors,EMP000466,ACTIVE,2020-01-01,9999-12-31
EMP000467,SuccessFactors,EMP000467,ACTIVE,2020-01-01,9999-12-31
EMP000468,SuccessFactors,EMP000468,ACTIVE,2020-01-01,9999-12-31
EMP000469,SuccessFactors,EMP000469,ACTIVE,2020-01-01,9999-12-31
EMP000470,SuccessFactors,EMP000470,ACTIVE,2020-01-01,9999-12-31
EMP000471,SuccessFactors,EMP000471,ACTIVE,2020-01-01,9999-12-31
EMP000472,SuccessFactors,EMP000472,ACTIVE,2020-01-01,9999-12-31
EMP000473,SuccessFactors,EMP000473,ACTIVE,2020-01-01,9999-12-31
EMP000474,SuccessFactors,EMP000474,ACTIVE,2020-01-01,9999-12-31
EMP000475,SuccessFactors,EMP000475,ACTIVE,2020-01-01,9999-12-31
EMP000476,SuccessFactors,EMP000476,ACTIVE,2020-01-01,9999-12-31
EMP000477,SuccessFactors,EMP000477,ACTIVE,2020-01-01,9999-12-31
EMP000478,SuccessFactors,EMP000478,ACTIVE,2020-01-01,9999-12-31
EMP000479,SuccessFactors,EMP000479,ACTIVE,2020-01-01,9999-12-31
EMP000480,SuccessFactors,EMP000480,ACTIVE,2020-01-01,9999-12-31
EMP000481,SuccessFactors,EMP000481,ACTIVE,2020-01-01,9999-12-31
EMP000482,SuccessFactors,EMP000482,ACTIVE,2020-01-01,9999-12-31
EMP000483,SuccessFactors,EMP000483,ACTIVE,2020-01-01,9999-12-31
EMP000484,SuccessFactors,EMP000484,ACTIVE,2020-01-01,9999-12-31
EMP000485,SuccessFactors,EMP000485,ACTIVE,2020-01-01,9999-12-31
EMP000486,SuccessFactors,EMP000486,ACTIVE,2020-01-01,9999-12-31
EMP000487,SuccessFactors,EMP000487,ACTIVE,2020-01-01,9999-12-31
EMP000488,SuccessFactors,EMP000488,ACTIVE,2020-01-01,9999-12-31
EMP000489,SuccessFactors,EMP000489,ACTIVE,2020-01-01,9999-12-31
EMP000490,SuccessFactors,EMP000490,ACTIVE,2020-01-01,9999-12-31
EMP000491,SuccessFactors,EMP000491,ACTIVE,2020-01-01,9999-12-31
EMP000492,SuccessFactors,EMP000492,ACTIVE,2020-01-01,9999-12-31
EMP000493,SuccessFactors,EMP000493,ACTIVE,2020-01-01,9999-12-31
EMP000494,SuccessFactors,EMP000494,ACTIVE,2020-01-01,9999-12-31
EMP000495,SuccessFactors,EMP000495,ACTIVE,2020-01-01,9999-12-31
EMP000496,SuccessFactors,EMP000496,ACTIVE,2020-01-01,9999-12-31
EMP000497,SuccessFactors,EMP000497,ACTIVE,2020-01-01,9999-12-31
EMP000498,SuccessFactors,EMP000498,ACTIVE,2020-01-01,9999-12-31
EMP000499,SuccessFactors,EMP000499,ACTIVE,2020-01-01,9999-12-31
EMP000500,SuccessFactors,EMP000500,ACTIVE,2020-01-01,9999-12-31
EMP000501,SuccessFactors,EMP000501,ACTIVE,2020-01-01,9999-12-31
EMP000502,SuccessFactors,EMP000502,ACTIVE,2020-01-01,9999-12-31
EMP000503,SuccessFactors,EMP000503,ACTIVE,2020-01-01,9999-12-31
EMP000504,SuccessFactors,EMP000504,ACTIVE,2020-01-01,9999-12-31
EMP000505,SuccessFactors,EMP000505,ACTIVE,2020-01-01,9999-12-31
EMP000506,SuccessFactors,EMP000506,ACTIVE,2020-01-01,9999-12-31
EMP000507,SuccessFactors,EMP000507,ACTIVE,2020-01-01,9999-12-31
EMP000508,SuccessFactors,EMP000508,ACTIVE,2020-01-01,9999-12-31
EMP000509,SuccessFactors,EMP000509,ACTIVE,2020-01-01,9999-12-31
EMP000510,SuccessFactors,EMP000510,ACTIVE,2020-01-01,9999-12-31
EMP000511,SuccessFactors,EMP000511,ACTIVE,2020-01-01,9999-12-31
EMP000512,SuccessFactors,EMP000512,ACTIVE,2020-01-01,9999-12-31
EMP000513,SuccessFactors,EMP000513,ACTIVE,2020-01-01,9999-12-31
EMP000514,SuccessFactors,EMP000514,ACTIVE,2020-01-01,9999-12-31
EMP000515,SuccessFactors,EMP000515,ACTIVE,2020-01-01,9999-12-31
EMP000516,SuccessFactors,EMP000516,ACTIVE,2020-01-01,9999-12-31
EMP000517,SuccessFactors,EMP000517,ACTIVE,2020-01-01,9999-12-31
EMP000518,SuccessFactors,EMP000518,ACTIVE,2020-01-01,9999-12-31
EMP000519,SuccessFactors,EMP000519,ACTIVE,2020-01-01,9999-12-31
EMP000520,SuccessFactors,EMP000520,ACTIVE,2020-01-01,9999-12-31
EMP000521,SuccessFactors,EMP000521,ACTIVE,2020-01-01,9999-12-31
EMP000522,SuccessFactors,EMP000522,ACTIVE,2020-01-01,9999-12-31
EMP000523,SuccessFactors,EMP000523,ACTIVE,2020-01-01,9999-12-31
EMP000524,SuccessFactors,EMP000524,ACTIVE,2020-01-01,9999-12-31
EMP000525,SuccessFactors,EMP000525,ACTIVE,2020-01-01,9999-12-31
EMP000526,SuccessFactors,EMP000526,ACTIVE,2020-01-01,9999-12-31
EMP000527,SuccessFactors,EMP000527,ACTIVE,2020-01-01,9999-12-31
EMP000528,SuccessFactors,EMP000528,ACTIVE,2020-01-01,9999-12-31
EMP000529,SuccessFactors,EMP000529,ACTIVE,2020-01-01,9999-12-31
EMP000530,SuccessFactors,EMP000530,ACTIVE,2020-01-01,9999-12-31
EMP000531,SuccessFactors,EMP000531,ACTIVE,2020-01-01,9999-12-31
EMP000532,SuccessFactors,EMP000532,ACTIVE,2020-01-01,9999-12-31
EMP000533,SuccessFactors,EMP000533,ACTIVE,2020-01-01,9999-12-31
EMP000534,SuccessFactors,EMP000534,ACTIVE,2020-01-01,9999-12-31
EMP000535,SuccessFactors,EMP000535,ACTIVE,2020-01-01,9999-12-31
EMP000536,SuccessFactors,EMP000536,ACTIVE,2020-01-01,9999-12-31
EMP000537,SuccessFactors,EMP000537,ACTIVE,2020-01-01,9999-12-31
EMP000538,SuccessFactors,EMP000538,ACTIVE,2020-01-01,9999-12-31
EMP000539,SuccessFactors,EMP000539,ACTIVE,2020-01-01,9999-12-31
EMP000540,SuccessFactors,EMP000540,ACTIVE,2020-01-01,9999-12-31
EMP000541,SuccessFactors,EMP000541,ACTIVE,2020-01-01,9999-12-31
EMP000542,SuccessFactors,EMP000542,ACTIVE,2020-01-01,9999-12-31
EMP000543,SuccessFactors,EMP000543,ACTIVE,2020-01-01,9999-12-31
EMP000544,SuccessFactors,EMP000544,ACTIVE,2020-01-01,9999-12-31
EMP000545,SuccessFactors,EMP000545,ACTIVE,2020-01-01,9999-12-31
EMP000546,SuccessFactors,EMP000546,ACTIVE,2020-01-01,9999-12-31
EMP000547,SuccessFactors,EMP000547,ACTIVE,2020-01-01,9999-12-31
EMP000548,SuccessFactors,EMP000548,ACTIVE,2020-01-01,9999-12-31
EMP000549,SuccessFactors,EMP000549,ACTIVE,2020-01-01,9999-12-31
EMP000550,SuccessFactors,EMP000550,ACTIVE,2020-01-01,9999-12-31
EMP000551,SuccessFactors,EMP000551,ACTIVE,2020-01-01,9999-12-31
EMP000552,SuccessFactors,EMP000552,ACTIVE,2020-01-01,9999-12-31
EMP000553,SuccessFactors,EMP000553,ACTIVE,2020-01-01,9999-12-31
EMP000554,SuccessFactors,EMP000554,ACTIVE,2020-01-01,9999-12-31
EMP000555,SuccessFactors,EMP000555,ACTIVE,2020-01-01,9999-12-31
EMP000556,SuccessFactors,EMP000556,ACTIVE,2020-01-01,9999-12-31
EMP000557,SuccessFactors,EMP000557,ACTIVE,2020-01-01,9999-12-31
EMP000558,SuccessFactors,EMP000558,ACTIVE,2020-01-01,9999-12-31
EMP000559,SuccessFactors,EMP000559,ACTIVE,2020-01-01,9999-12-31
EMP000560,SuccessFactors,EMP000560,ACTIVE,2020-01-01,9999-12-31
EMP000561,SuccessFactors,EMP000561,ACTIVE,2020-01-01,9999-12-31
EMP000562,SuccessFactors,EMP000562,ACTIVE,2020-01-01,9999-12-31
EMP000563,SuccessFactors,EMP000563,ACTIVE,2020-01-01,9999-12-31
EMP000564,SuccessFactors,EMP000564,ACTIVE,2020-01-01,9999-12-31
EMP000565,SuccessFactors,EMP000565,ACTIVE,2020-01-01,9999-12-31
EMP000566,SuccessFactors,EMP000566,ACTIVE,2020-01-01,9999-12-31
EMP000567,SuccessFactors,EMP000567,ACTIVE,2020-01-01,9999-12-31
EMP000568,SuccessFactors,EMP000568,ACTIVE,2020-01-01,9999-12-31
EMP000569,SuccessFactors,EMP000569,ACTIVE,2020-01-01,9999-12-31
EMP000570,SuccessFactors,EMP000570,ACTIVE,2020-01-01,9999-12-31
EMP000571,SuccessFactors,EMP000571,ACTIVE,2020-01-01,9999-12-31
EMP000572,SuccessFactors,EMP000572,ACTIVE,2020-01-01,9999-12-31
EMP000573,SuccessFactors,EMP000573,ACTIVE,2020-01-01,9999-12-31
EMP000574,SuccessFactors,EMP000574,ACTIVE,2020-01-01,9999-12-31
EMP000575,SuccessFactors,EMP000575,ACTIVE,2020-01-01,9999-12-31
EMP000576,SuccessFactors,EMP000576,ACTIVE,2020-01-01,9999-12-31
EMP000577,SuccessFactors,EMP000577,ACTIVE,2020-01-01,9999-12-31
EMP000578,SuccessFactors,EMP000578,ACTIVE,2020-01-01,9999-12-31
EMP000579,SuccessFactors,EMP000579,ACTIVE,2020-01-01,9999-12-31
EMP000580,SuccessFactors,EMP000580,ACTIVE,2020-01-01,9999-12-31
EMP000581,SuccessFactors,EMP000581,ACTIVE,2020-01-01,9999-12-31
EMP000582,SuccessFactors,EMP000582,ACTIVE,2020-01-01,9999-12-31
EMP000583,SuccessFactors,EMP000583,ACTIVE,2020-01-01,9999-12-31
EMP000584,SuccessFactors,EMP000584,ACTIVE,2020-01-01,9999-12-31
EMP000585,SuccessFactors,EMP000585,ACTIVE,2020-01-01,9999-12-31
EMP000586,SuccessFactors,EMP000586,ACTIVE,2020-01-01,9999-12-31
EMP000587,SuccessFactors,EMP000587,ACTIVE,2020-01-01,9999-12-31
EMP000588,SuccessFactors,EMP000588,ACTIVE,2020-01-01,9999-12-31
EMP000589,SuccessFactors,EMP000589,ACTIVE,2020-01-01,9999-12-31
EMP000590,SuccessFactors,EMP000590,ACTIVE,2020-01-01,9999-12-31
EMP000591,SuccessFactors,EMP000591,ACTIVE,2020-01-01,9999-12-31
EMP000592,SuccessFactors,EMP000592,ACTIVE,2020-01-01,9999-12-31
EMP000593,SuccessFactors,EMP000593,ACTIVE,2020-01-01,9999-12-31
EMP000594,SuccessFactors,EMP000594,ACTIVE,2020-01-01,9999-12-31
EMP000595,SuccessFactors,EMP000595,ACTIVE,2020-01-01,9999-12-31
EMP000596,SuccessFactors,EMP000596,ACTIVE,2020-01-01,9999-12-31
EMP000597,SuccessFactors,EMP000597,ACTIVE,2020-01-01,9999-12-31
EMP000598,SuccessFactors,EMP000598,ACTIVE,2020-01-01,9999-12-31
EMP000599,SuccessFactors,EMP000599,ACTIVE,2020-01-01,9999-12-31
EMP000600,SuccessFactors,EMP000600,ACTIVE,2020-01-01,9999-12-31
EMP000601,SuccessFactors,EMP000601,ACTIVE,2020-01-01,9999-12-31
EMP000602,SuccessFactors,EMP000602,ACTIVE,2020-01-01,9999-12-31
EMP000603,SuccessFactors,EMP000603,ACTIVE,2020-01-01,9999-12-31
EMP000604,SuccessFactors,EMP000604,ACTIVE,2020-01-01,9999-12-31
EMP000605,SuccessFactors,EMP000605,ACTIVE,2020-01-01,9999-12-31
EMP000606,SuccessFactors,EMP000606,ACTIVE,2020-01-01,9999-12-31
EMP000607,SuccessFactors,EMP000607,ACTIVE,2020-01-01,9999-12-31
EMP000608,SuccessFactors,EMP000608,ACTIVE,2020-01-01,9999-12-31
EMP000609,SuccessFactors,EMP000609,ACTIVE,2020-01-01,9999-12-31
EMP000610,SuccessFactors,EMP000610,ACTIVE,2020-01-01,9999-12-31
EMP000611,SuccessFactors,EMP000611,ACTIVE,2020-01-01,9999-12-31
EMP000612,SuccessFactors,EMP000612,ACTIVE,2020-01-01,9999-12-31
EMP000613,SuccessFactors,EMP000613,ACTIVE,2020-01-01,9999-12-31
EMP000614,SuccessFactors,EMP000614,ACTIVE,2020-01-01,9999-12-31
EMP000615,SuccessFactors,EMP000615,ACTIVE,2020-01-01,9999-12-31
EMP000616,SuccessFactors,EMP000616,ACTIVE,2020-01-01,9999-12-31
EMP000617,SuccessFactors,EMP000617,ACTIVE,2020-01-01,9999-12-31
EMP000618,SuccessFactors,EMP000618,ACTIVE,2020-01-01,9999-12-31
EMP000619,SuccessFactors,EMP000619,ACTIVE,2020-01-01,9999-12-31
EMP000620,SuccessFactors,EMP000620,ACTIVE,2020-01-01,9999-12-31
EMP000621,SuccessFactors,EMP000621,ACTIVE,2020-01-01,9999-12-31
EMP000622,SuccessFactors,EMP000622,ACTIVE,2020-01-01,9999-12-31
EMP000623,SuccessFactors,EMP000623,ACTIVE,2020-01-01,9999-12-31
EMP000624,SuccessFactors,EMP000624,ACTIVE,2020-01-01,9999-12-31
EMP000625,SuccessFactors,EMP000625,ACTIVE,2020-01-01,9999-12-31
EMP000626,SuccessFactors,EMP000626,ACTIVE,2020-01-01,9999-12-31
EMP000627,SuccessFactors,EMP000627,ACTIVE,2020-01-01,9999-12-31
EMP000628,SuccessFactors,EMP000628,ACTIVE,2020-01-01,9999-12-31
EMP000629,SuccessFactors,EMP000629,ACTIVE,2020-01-01,9999-12-31
EMP000630,SuccessFactors,EMP000630,ACTIVE,2020-01-01,9999-12-31
EMP000631,SuccessFactors,EMP000631,ACTIVE,2020-01-01,9999-12-31
EMP000632,SuccessFactors,EMP000632,ACTIVE,2020-01-01,9999-12-31
EMP000633,SuccessFactors,EMP000633,ACTIVE,2020-01-01,9999-12-31
EMP000634,SuccessFactors,EMP000634,ACTIVE,2020-01-01,9999-12-31
EMP000635,SuccessFactors,EMP000635,ACTIVE,2020-01-01,9999-12-31
EMP000636,SuccessFactors,EMP000636,ACTIVE,2020-01-01,9999-12-31
EMP000637,SuccessFactors,EMP000637,ACTIVE,2020-01-01,9999-12-31
EMP000638,SuccessFactors,EMP000638,ACTIVE,2020-01-01,9999-12-31
EMP000639,SuccessFactors,EMP000639,ACTIVE,2020-01-01,9999-12-31
EMP000640,SuccessFactors,EMP000640,ACTIVE,2020-01-01,9999-12-31
EMP000641,SuccessFactors,EMP000641,ACTIVE,2020-01-01,9999-12-31
EMP000642,SuccessFactors,EMP000642,ACTIVE,2020-01-01,9999-12-31
EMP000643,SuccessFactors,EMP000643,ACTIVE,2020-01-01,9999-12-31
EMP000644,SuccessFactors,EMP000644,ACTIVE,2020-01-01,9999-12-31
EMP000645,SuccessFactors,EMP000645,ACTIVE,2020-01-01,9999-12-31
EMP000646,SuccessFactors,EMP000646,ACTIVE,2020-01-01,9999-12-31
EMP000647,SuccessFactors,EMP000647,ACTIVE,2020-01-01,9999-12-31
EMP000648,SuccessFactors,EMP000648,ACTIVE,2020-01-01,9999-12-31
EMP000649,SuccessFactors,EMP000649,ACTIVE,2020-01-01,9999-12-31
EMP000650,SuccessFactors,EMP000650,ACTIVE,2020-01-01,9999-12-31
EMP000651,SuccessFactors,EMP000651,ACTIVE,2020-01-01,9999-12-31
EMP000652,SuccessFactors,EMP000652,ACTIVE,2020-01-01,9999-12-31
EMP000653,SuccessFactors,EMP000653,ACTIVE,2020-01-01,9999-12-31
EMP000654,SuccessFactors,EMP000654,ACTIVE,2020-01-01,9999-12-31
EMP000655,SuccessFactors,EMP000655,ACTIVE,2020-01-01,9999-12-31
EMP000656,SuccessFactors,EMP000656,ACTIVE,2020-01-01,9999-12-31
EMP000657,SuccessFactors,EMP000657,ACTIVE,2020-01-01,9999-12-31
EMP000658,SuccessFactors,EMP000658,ACTIVE,2020-01-01,9999-12-31
EMP000659,SuccessFactors,EMP000659,ACTIVE,2020-01-01,9999-12-31
EMP000660,SuccessFactors,EMP000660,ACTIVE,2020-01-01,9999-12-31
EMP000661,SuccessFactors,EMP000661,ACTIVE,2020-01-01,9999-12-31
EMP000662,SuccessFactors,EMP000662,ACTIVE,2020-01-01,9999-12-31
EMP000663,SuccessFactors,EMP000663,ACTIVE,2020-01-01,9999-12-31
EMP000664,SuccessFactors,EMP000664,ACTIVE,2020-01-01,9999-12-31
EMP000665,SuccessFactors,EMP000665,ACTIVE,2020-01-01,9999-12-31
EMP000666,SuccessFactors,EMP000666,ACTIVE,2020-01-01,9999-12-31
EMP000667,SuccessFactors,EMP000667,ACTIVE,2020-01-01,9999-12-31
EMP000668,SuccessFactors,EMP000668,ACTIVE,2020-01-01,9999-12-31
EMP000669,SuccessFactors,EMP000669,ACTIVE,2020-01-01,9999-12-31
EMP000670,SuccessFactors,EMP000670,ACTIVE,2020-01-01,9999-12-31
EMP000671,SuccessFactors,EMP000671,ACTIVE,2020-01-01,9999-12-31
EMP000672,SuccessFactors,EMP000672,ACTIVE,2020-01-01,9999-12-31
EMP000673,SuccessFactors,EMP000673,ACTIVE,2020-01-01,9999-12-31
EMP000674,SuccessFactors,EMP000674,ACTIVE,2020-01-01,9999-12-31
EMP000675,SuccessFactors,EMP000675,ACTIVE,2020-01-01,9999-12-31
EMP000676,SuccessFactors,EMP000676,ACTIVE,2020-01-01,9999-12-31
EMP000677,SuccessFactors,EMP000677,ACTIVE,2020-01-01,9999-12-31
EMP000678,SuccessFactors,EMP000678,ACTIVE,2020-01-01,9999-12-31
EMP000679,SuccessFactors,EMP000679,ACTIVE,2020-01-01,9999-12-31
EMP000680,SuccessFactors,EMP000680,ACTIVE,2020-01-01,9999-12-31
EMP000681,SuccessFactors,EMP000681,ACTIVE,2020-01-01,9999-12-31
EMP000682,SuccessFactors,EMP000682,ACTIVE,2020-01-01,9999-12-31
EMP000683,SuccessFactors,EMP000683,ACTIVE,2020-01-01,9999-12-31
EMP000684,SuccessFactors,EMP000684,ACTIVE,2020-01-01,9999-12-31
EMP000685,SuccessFactors,EMP000685,ACTIVE,2020-01-01,9999-12-31
EMP000686,SuccessFactors,EMP000686,ACTIVE,2020-01-01,9999-12-31
EMP000687,SuccessFactors,EMP000687,ACTIVE,2020-01-01,9999-12-31
EMP000688,SuccessFactors,EMP000688,ACTIVE,2020-01-01,9999-12-31
EMP000689,SuccessFactors,EMP000689,ACTIVE,2020-01-01,9999-12-31
EMP000690,SuccessFactors,EMP000690,ACTIVE,2020-01-01,9999-12-31
EMP000691,SuccessFactors,EMP000691,ACTIVE,2020-01-01,9999-12-31
EMP000692,SuccessFactors,EMP000692,ACTIVE,2020-01-01,9999-12-31
EMP000693,SuccessFactors,EMP000693,ACTIVE,2020-01-01,9999-12-31
EMP000694,SuccessFactors,EMP000694,ACTIVE,2020-01-01,9999-12-31
EMP000695,SuccessFactors,EMP000695,ACTIVE,2020-01-01,9999-12-31
EMP000696,SuccessFactors,EMP000696,ACTIVE,2020-01-01,9999-12-31
EMP000697,SuccessFactors,EMP000697,ACTIVE,2020-01-01,9999-12-31
EMP000698,SuccessFactors,EMP000698,ACTIVE,2020-01-01,9999-12-31
EMP000699,SuccessFactors,EMP000699,ACTIVE,2020-01-01,9999-12-31
EMP000700,SuccessFactors,EMP000700,ACTIVE,2020-01-01,9999-12-31
EMP000701,SuccessFactors,EMP000701,ACTIVE,2020-01-01,9999-12-31
EMP000702,SuccessFactors,EMP000702,ACTIVE,2020-01-01,9999-12-31
EMP000703,SuccessFactors,EMP000703,ACTIVE,2020-01-01,9999-12-31
EMP000704,SuccessFactors,EMP000704,ACTIVE,2020-01-01,9999-12-31
EMP000705,SuccessFactors,EMP000705,ACTIVE,2020-01-01,9999-12-31
EMP000706,SuccessFactors,EMP000706,ACTIVE,2020-01-01,9999-12-31
EMP000707,SuccessFactors,EMP000707,ACTIVE,2020-01-01,9999-12-31
EMP000708,SuccessFactors,EMP000708,ACTIVE,2020-01-01,9999-12-31
EMP000709,SuccessFactors,EMP000709,ACTIVE,2020-01-01,9999-12-31
EMP000710,SuccessFactors,EMP000710,ACTIVE,2020-01-01,9999-12-31
EMP000711,SuccessFactors,EMP000711,ACTIVE,2020-01-01,9999-12-31
EMP000712,SuccessFactors,EMP000712,ACTIVE,2020-01-01,9999-12-31
EMP000713,SuccessFactors,EMP000713,ACTIVE,2020-01-01,9999-12-31
EMP000714,SuccessFactors,EMP000714,ACTIVE,2020-01-01,9999-12-31
EMP000715,SuccessFactors,EMP000715,ACTIVE,2020-01-01,9999-12-31
EMP000716,SuccessFactors,EMP000716,ACTIVE,2020-01-01,9999-12-31
EMP000717,SuccessFactors,EMP000717,ACTIVE,2020-01-01,9999-12-31
EMP000718,SuccessFactors,EMP000718,ACTIVE,2020-01-01,9999-12-31
EMP000719,SuccessFactors,EMP000719,ACTIVE,2020-01-01,9999-12-31
EMP000720,SuccessFactors,EMP000720,ACTIVE,2020-01-01,9999-12-31
EMP000721,SuccessFactors,EMP000721,ACTIVE,2020-01-01,9999-12-31
EMP000722,SuccessFactors,EMP000722,ACTIVE,2020-01-01,9999-12-31
EMP000723,SuccessFactors,EMP000723,ACTIVE,2020-01-01,9999-12-31
EMP000724,SuccessFactors,EMP000724,ACTIVE,2020-01-01,9999-12-31
EMP000725,SuccessFactors,EMP000725,ACTIVE,2020-01-01,9999-12-31
EMP000726,SuccessFactors,EMP000726,ACTIVE,2020-01-01,9999-12-31
EMP000727,SuccessFactors,EMP000727,ACTIVE,2020-01-01,9999-12-31
EMP000728,SuccessFactors,EMP000728,ACTIVE,2020-01-01,9999-12-31
EMP000729,SuccessFactors,EMP000729,ACTIVE,2020-01-01,9999-12-31
EMP000730,SuccessFactors,EMP000730,ACTIVE,2020-01-01,9999-12-31
EMP000731,SuccessFactors,EMP000731,ACTIVE,2020-01-01,9999-12-31
EMP000732,SuccessFactors,EMP000732,ACTIVE,2020-01-01,9999-12-31
EMP000733,SuccessFactors,EMP000733,ACTIVE,2020-01-01,9999-12-31
EMP000734,SuccessFactors,EMP000734,ACTIVE,2020-01-01,9999-12-31
EMP000735,SuccessFactors,EMP000735,ACTIVE,2020-01-01,9999-12-31
EMP000736,SuccessFactors,EMP000736,ACTIVE,2020-01-01,9999-12-31
EMP000737,SuccessFactors,EMP000737,ACTIVE,2020-01-01,9999-12-31
EMP000738,SuccessFactors,EMP000738,ACTIVE,2020-01-01,9999-12-31
EMP000739,SuccessFactors,EMP000739,ACTIVE,2020-01-01,9999-12-31
EMP000740,SuccessFactors,EMP000740,ACTIVE,2020-01-01,9999-12-31
EMP000741,SuccessFactors,EMP000741,ACTIVE,2020-01-01,9999-12-31
EMP000742,SuccessFactors,EMP000742,ACTIVE,2020-01-01,9999-12-31
EMP000743,SuccessFactors,EMP000743,ACTIVE,2020-01-01,9999-12-31
EMP000744,SuccessFactors,EMP000744,ACTIVE,2020-01-01,9999-12-31
EMP000745,SuccessFactors,EMP000745,ACTIVE,2020-01-01,9999-12-31
EMP000746,SuccessFactors,EMP000746,ACTIVE,2020-01-01,9999-12-31
EMP000747,SuccessFactors,EMP000747,ACTIVE,2020-01-01,9999-12-31
EMP000748,SuccessFactors,EMP000748,ACTIVE,2020-01-01,9999-12-31
EMP000749,SuccessFactors,EMP000749,ACTIVE,2020-01-01,9999-12-31
EMP000750,SuccessFactors,EMP000750,ACTIVE,2020-01-01,9999-12-31
EMP000751,SuccessFactors,EMP000751,ACTIVE,2020-01-01,9999-12-31
EMP000752,SuccessFactors,EMP000752,ACTIVE,2020-01-01,9999-12-31
EMP000753,SuccessFactors,EMP000753,ACTIVE,2020-01-01,9999-12-31
EMP000754,SuccessFactors,EMP000754,ACTIVE,2020-01-01,9999-12-31
EMP000755,SuccessFactors,EMP000755,ACTIVE,2020-01-01,9999-12-31
EMP000756,SuccessFactors,EMP000756,ACTIVE,2020-01-01,9999-12-31
EMP000757,SuccessFactors,EMP000757,ACTIVE,2020-01-01,9999-12-31
EMP000758,SuccessFactors,EMP000758,ACTIVE,2020-01-01,9999-12-31
EMP000759,SuccessFactors,EMP000759,ACTIVE,2020-01-01,9999-12-31
EMP000760,SuccessFactors,EMP000760,ACTIVE,2020-01-01,9999-12-31
EMP000761,SuccessFactors,EMP000761,ACTIVE,2020-01-01,9999-12-31
EMP000762,SuccessFactors,EMP000762,ACTIVE,2020-01-01,9999-12-31
EMP000763,SuccessFactors,EMP000763,ACTIVE,2020-01-01,9999-12-31
EMP000764,SuccessFactors,EMP000764,ACTIVE,2020-01-01,9999-12-31
EMP000765,SuccessFactors,EMP000765,ACTIVE,2020-01-01,9999-12-31
EMP000766,SuccessFactors,EMP000766,ACTIVE,2020-01-01,9999-12-31
EMP000767,SuccessFactors,EMP000767,ACTIVE,2020-01-01,9999-12-31
EMP000768,SuccessFactors,EMP000768,ACTIVE,2020-01-01,9999-12-31
EMP000769,SuccessFactors,EMP000769,ACTIVE,2020-01-01,9999-12-31
EMP000770,SuccessFactors,EMP000770,ACTIVE,2020-01-01,9999-12-31
EMP000771,SuccessFactors,EMP000771,ACTIVE,2020-01-01,9999-12-31
EMP000772,SuccessFactors,EMP000772,ACTIVE,2020-01-01,9999-12-31
EMP000773,SuccessFactors,EMP000773,ACTIVE,2020-01-01,9999-12-31
EMP000774,SuccessFactors,EMP000774,ACTIVE,2020-01-01,9999-12-31
EMP000775,SuccessFactors,EMP000775,ACTIVE,2020-01-01,9999-12-31
EMP000776,SuccessFactors,EMP000776,ACTIVE,2020-01-01,9999-12-31
EMP000777,SuccessFactors,EMP000777,ACTIVE,2020-01-01,9999-12-31
EMP000778,SuccessFactors,EMP000778,ACTIVE,2020-01-01,9999-12-31
EMP000779,SuccessFactors,EMP000779,ACTIVE,2020-01-01,9999-12-31
EMP000780,SuccessFactors,EMP000780,ACTIVE,2020-01-01,9999-12-31
EMP000781,SuccessFactors,EMP000781,ACTIVE,2020-01-01,9999-12-31
EMP000782,SuccessFactors,EMP000782,ACTIVE,2020-01-01,9999-12-31
EMP000783,SuccessFactors,EMP000783,ACTIVE,2020-01-01,9999-12-31
EMP000784,SuccessFactors,EMP000784,ACTIVE,2020-01-01,9999-12-31
EMP000785,SuccessFactors,EMP000785,ACTIVE,2020-01-01,9999-12-31
EMP000786,SuccessFactors,EMP000786,ACTIVE,2020-01-01,9999-12-31
EMP000787,SuccessFactors,EMP000787,ACTIVE,2020-01-01,9999-12-31
EMP000788,SuccessFactors,EMP000788,ACTIVE,2020-01-01,9999-12-31
EMP000789,SuccessFactors,EMP000789,ACTIVE,2020-01-01,9999-12-31
EMP000790,SuccessFactors,EMP000790,ACTIVE,2020-01-01,9999-12-31
EMP000791,SuccessFactors,EMP000791,ACTIVE,2020-01-01,9999-12-31
EMP000792,SuccessFactors,EMP000792,ACTIVE,2020-01-01,9999-12-31
EMP000793,SuccessFactors,EMP000793,ACTIVE,2020-01-01,9999-12-31
EMP000794,SuccessFactors,EMP000794,ACTIVE,2020-01-01,9999-12-31
EMP000795,SuccessFactors,EMP000795,ACTIVE,2020-01-01,9999-12-31
EMP000796,SuccessFactors,EMP000796,ACTIVE,2020-01-01,9999-12-31
EMP000797,SuccessFactors,EMP000797,ACTIVE,2020-01-01,9999-12-31
EMP000798,SuccessFactors,EMP000798,ACTIVE,2020-01-01,9999-12-31
EMP000799,SuccessFactors,EMP000799,ACTIVE,2020-01-01,9999-12-31
EMP000800,SuccessFactors,EMP000800,ACTIVE,2020-01-01,9999-12-31
EMP000801,SuccessFactors,EMP000801,ACTIVE,2020-01-01,9999-12-31
EMP000802,SuccessFactors,EMP000802,ACTIVE,2020-01-01,9999-12-31
EMP000803,SuccessFactors,EMP000803,ACTIVE,2020-01-01,9999-12-31
EMP000804,SuccessFactors,EMP000804,ACTIVE,2020-01-01,9999-12-31
EMP000805,SuccessFactors,EMP000805,ACTIVE,2020-01-01,9999-12-31
EMP000806,SuccessFactors,EMP000806,ACTIVE,2020-01-01,9999-12-31
EMP000807,SuccessFactors,EMP000807,ACTIVE,2020-01-01,9999-12-31
EMP000808,SuccessFactors,EMP000808,ACTIVE,2020-01-01,9999-12-31
EMP000809,SuccessFactors,EMP000809,ACTIVE,2020-01-01,9999-12-31
EMP000810,SuccessFactors,EMP000810,ACTIVE,2020-01-01,9999-12-31
EMP000811,SuccessFactors,EMP000811,ACTIVE,2020-01-01,9999-12-31
EMP000812,SuccessFactors,EMP000812,ACTIVE,2020-01-01,9999-12-31
EMP000813,SuccessFactors,EMP000813,ACTIVE,2020-01-01,9999-12-31
EMP000814,SuccessFactors,EMP000814,ACTIVE,2020-01-01,9999-12-31
EMP000815,SuccessFactors,EMP000815,ACTIVE,2020-01-01,9999-12-31
EMP000816,SuccessFactors,EMP000816,ACTIVE,2020-01-01,9999-12-31
EMP000817,SuccessFactors,EMP000817,ACTIVE,2020-01-01,9999-12-31
EMP000818,SuccessFactors,EMP000818,ACTIVE,2020-01-01,9999-12-31
EMP000819,SuccessFactors,EMP000819,ACTIVE,2020-01-01,9999-12-31
EMP000820,SuccessFactors,EMP000820,ACTIVE,2020-01-01,9999-12-31
EMP000821,SuccessFactors,EMP000821,ACTIVE,2020-01-01,9999-12-31
EMP000822,SuccessFactors,EMP000822,ACTIVE,2020-01-01,9999-12-31
EMP000823,SuccessFactors,EMP000823,ACTIVE,2020-01-01,9999-12-31
EMP000824,SuccessFactors,EMP000824,ACTIVE,2020-01-01,9999-12-31
EMP000825,SuccessFactors,EMP000825,ACTIVE,2020-01-01,9999-12-31
EMP000826,SuccessFactors,EMP000826,ACTIVE,2020-01-01,9999-12-31
EMP000827,SuccessFactors,EMP000827,ACTIVE,2020-01-01,9999-12-31
EMP000828,SuccessFactors,EMP000828,ACTIVE,2020-01-01,9999-12-31
EMP000829,SuccessFactors,EMP000829,ACTIVE,2020-01-01,9999-12-31
EMP000830,SuccessFactors,EMP000830,ACTIVE,2020-01-01,9999-12-31
EMP000831,SuccessFactors,EMP000831,ACTIVE,2020-01-01,9999-12-31
EMP000832,SuccessFactors,EMP000832,ACTIVE,2020-01-01,9999-12-31
EMP000833,SuccessFactors,EMP000833,ACTIVE,2020-01-01,9999-12-31
EMP000834,SuccessFactors,EMP000834,ACTIVE,2020-01-01,9999-12-31
EMP000835,SuccessFactors,EMP000835,ACTIVE,2020-01-01,9999-12-31
EMP000836,SuccessFactors,EMP000836,ACTIVE,2020-01-01,9999-12-31
EMP000837,SuccessFactors,EMP000837,ACTIVE,2020-01-01,9999-12-31
EMP000838,SuccessFactors,EMP000838,ACTIVE,2020-01-01,9999-12-31
EMP000839,SuccessFactors,EMP000839,ACTIVE,2020-01-01,9999-12-31
EMP000840,SuccessFactors,EMP000840,ACTIVE,2020-01-01,9999-12-31
EMP000841,SuccessFactors,EMP000841,ACTIVE,2020-01-01,9999-12-31
EMP000842,SuccessFactors,EMP000842,ACTIVE,2020-01-01,9999-12-31
EMP000843,SuccessFactors,EMP000843,ACTIVE,2020-01-01,9999-12-31
EMP000844,SuccessFactors,EMP000844,ACTIVE,2020-01-01,9999-12-31
EMP000845,SuccessFactors,EMP000845,ACTIVE,2020-01-01,9999-12-31
EMP000846,SuccessFactors,EMP000846,ACTIVE,2020-01-01,9999-12-31
EMP000847,SuccessFactors,EMP000847,ACTIVE,2020-01-01,9999-12-31
EMP000848,SuccessFactors,EMP000848,ACTIVE,2020-01-01,9999-12-31
EMP000849,SuccessFactors,EMP000849,ACTIVE,2020-01-01,9999-12-31
EMP000850,SuccessFactors,EMP000850,ACTIVE,2020-01-01,9999-12-31
EMP000851,SuccessFactors,EMP000851,ACTIVE,2020-01-01,9999-12-31
EMP000852,SuccessFactors,EMP000852,ACTIVE,2020-01-01,9999-12-31
EMP000853,SuccessFactors,EMP000853,ACTIVE,2020-01-01,9999-12-31
EMP000854,SuccessFactors,EMP000854,ACTIVE,2020-01-01,9999-12-31
EMP000855,SuccessFactors,EMP000855,ACTIVE,2020-01-01,9999-12-31
EMP000856,SuccessFactors,EMP000856,ACTIVE,2020-01-01,9999-12-31
EMP000857,SuccessFactors,EMP000857,ACTIVE,2020-01-01,9999-12-31
EMP000858,SuccessFactors,EMP000858,ACTIVE,2020-01-01,9999-12-31
EMP000859,SuccessFactors,EMP000859,ACTIVE,2020-01-01,9999-12-31
EMP000860,SuccessFactors,EMP000860,ACTIVE,2020-01-01,9999-12-31
EMP000861,SuccessFactors,EMP000861,ACTIVE,2020-01-01,9999-12-31
EMP000862,SuccessFactors,EMP000862,ACTIVE,2020-01-01,9999-12-31
EMP000863,SuccessFactors,EMP000863,ACTIVE,2020-01-01,9999-12-31
EMP000864,SuccessFactors,EMP000864,ACTIVE,2020-01-01,9999-12-31
EMP000865,SuccessFactors,EMP000865,ACTIVE,2020-01-01,9999-12-31
EMP000866,SuccessFactors,EMP000866,ACTIVE,2020-01-01,9999-12-31
EMP000867,SuccessFactors,EMP000867,ACTIVE,2020-01-01,9999-12-31
EMP000868,SuccessFactors,EMP000868,ACTIVE,2020-01-01,9999-12-31
EMP000869,SuccessFactors,EMP000869,ACTIVE,2020-01-01,9999-12-31
EMP000870,SuccessFactors,EMP000870,ACTIVE,2020-01-01,9999-12-31
EMP000871,SuccessFactors,EMP000871,ACTIVE,2020-01-01,9999-12-31
EMP000872,SuccessFactors,EMP000872,ACTIVE,2020-01-01,9999-12-31
EMP000873,SuccessFactors,EMP000873,ACTIVE,2020-01-01,9999-12-31
EMP000874,SuccessFactors,EMP000874,ACTIVE,2020-01-01,9999-12-31
EMP000875,SuccessFactors,EMP000875,ACTIVE,2020-01-01,9999-12-31
EMP000876,SuccessFactors,EMP000876,ACTIVE,2020-01-01,9999-12-31
EMP000877,SuccessFactors,EMP000877,ACTIVE,2020-01-01,9999-12-31
EMP000878,SuccessFactors,EMP000878,ACTIVE,2020-01-01,9999-12-31
EMP000879,SuccessFactors,EMP000879,ACTIVE,2020-01-01,9999-12-31
EMP000880,SuccessFactors,EMP000880,ACTIVE,2020-01-01,9999-12-31
EMP000881,SuccessFactors,EMP000881,ACTIVE,2020-01-01,9999-12-31
EMP000882,SuccessFactors,EMP000882,ACTIVE,2020-01-01,9999-12-31
EMP000883,SuccessFactors,EMP000883,ACTIVE,2020-01-01,9999-12-31
EMP000884,SuccessFactors,EMP000884,ACTIVE,2020-01-01,9999-12-31
EMP000885,SuccessFactors,EMP000885,ACTIVE,2020-01-01,9999-12-31
EMP000886,SuccessFactors,EMP000886,ACTIVE,2020-01-01,9999-12-31
EMP000887,SuccessFactors,EMP000887,ACTIVE,2020-01-01,9999-12-31
EMP000888,SuccessFactors,EMP000888,ACTIVE,2020-01-01,9999-12-31
EMP000889,SuccessFactors,EMP000889,ACTIVE,2020-01-01,9999-12-31
EMP000890,SuccessFactors,EMP000890,ACTIVE,2020-01-01,9999-12-31
EMP000891,SuccessFactors,EMP000891,ACTIVE,2020-01-01,9999-12-31
EMP000892,SuccessFactors,EMP000892,ACTIVE,2020-01-01,9999-12-31
EMP000893,SuccessFactors,EMP000893,ACTIVE,2020-01-01,9999-12-31
EMP000894,SuccessFactors,EMP000894,ACTIVE,2020-01-01,9999-12-31
EMP000895,SuccessFactors,EMP000895,ACTIVE,2020-01-01,9999-12-31
EMP000896,SuccessFactors,EMP000896,ACTIVE,2020-01-01,9999-12-31
EMP000897,SuccessFactors,EMP000897,ACTIVE,2020-01-01,9999-12-31
EMP000898,SuccessFactors,EMP000898,ACTIVE,2020-01-01,9999-12-31
EMP000899,SuccessFactors,EMP000899,ACTIVE,2020-01-01,9999-12-31
EMP000900,SuccessFactors,EMP000900,ACTIVE,2020-01-01,9999-12-31
EMP000901,SuccessFactors,EMP000901,ACTIVE,2020-01-01,9999-12-31
EMP000902,SuccessFactors,EMP000902,ACTIVE,2020-01-01,9999-12-31
EMP000903,SuccessFactors,EMP000903,ACTIVE,2020-01-01,9999-12-31
EMP000904,SuccessFactors,EMP000904,ACTIVE,2020-01-01,9999-12-31
EMP000905,SuccessFactors,EMP000905,ACTIVE,2020-01-01,9999-12-31
EMP000906,SuccessFactors,EMP000906,ACTIVE,2020-01-01,9999-12-31
EMP000907,SuccessFactors,EMP000907,ACTIVE,2020-01-01,9999-12-31
EMP000908,SuccessFactors,EMP000908,ACTIVE,2020-01-01,9999-12-31
EMP000909,SuccessFactors,EMP000909,ACTIVE,2020-01-01,9999-12-31
EMP000910,SuccessFactors,EMP000910,ACTIVE,2020-01-01,9999-12-31
EMP000911,SuccessFactors,EMP000911,ACTIVE,2020-01-01,9999-12-31
EMP000912,SuccessFactors,EMP000912,ACTIVE,2020-01-01,9999-12-31
EMP000913,SuccessFactors,EMP000913,ACTIVE,2020-01-01,9999-12-31
EMP000914,SuccessFactors,EMP000914,ACTIVE,2020-01-01,9999-12-31
EMP000915,SuccessFactors,EMP000915,ACTIVE,2020-01-01,9999-12-31
EMP000916,SuccessFactors,EMP000916,ACTIVE,2020-01-01,9999-12-31
EMP000917,SuccessFactors,EMP000917,ACTIVE,2020-01-01,9999-12-31
EMP000918,SuccessFactors,EMP000918,ACTIVE,2020-01-01,9999-12-31
EMP000919,SuccessFactors,EMP000919,ACTIVE,2020-01-01,9999-12-31
EMP000920,SuccessFactors,EMP000920,ACTIVE,2020-01-01,9999-12-31
EMP000921,SuccessFactors,EMP000921,ACTIVE,2020-01-01,9999-12-31
EMP000922,SuccessFactors,EMP000922,ACTIVE,2020-01-01,9999-12-31
EMP000923,SuccessFactors,EMP000923,ACTIVE,2020-01-01,9999-12-31
EMP000924,SuccessFactors,EMP000924,ACTIVE,2020-01-01,9999-12-31
EMP000925,SuccessFactors,EMP000925,ACTIVE,2020-01-01,9999-12-31
EMP000926,SuccessFactors,EMP000926,ACTIVE,2020-01-01,9999-12-31
EMP000927,SuccessFactors,EMP000927,ACTIVE,2020-01-01,9999-12-31
EMP000928,SuccessFactors,EMP000928,ACTIVE,2020-01-01,9999-12-31
EMP000929,SuccessFactors,EMP000929,ACTIVE,2020-01-01,9999-12-31
EMP000930,SuccessFactors,EMP000930,ACTIVE,2020-01-01,9999-12-31
EMP000931,SuccessFactors,EMP000931,ACTIVE,2020-01-01,9999-12-31
EMP000932,SuccessFactors,EMP000932,ACTIVE,2020-01-01,9999-12-31
EMP000933,SuccessFactors,EMP000933,ACTIVE,2020-01-01,9999-12-31
EMP000934,SuccessFactors,EMP000934,ACTIVE,2020-01-01,9999-12-31
EMP000935,SuccessFactors,EMP000935,ACTIVE,2020-01-01,9999-12-31
EMP000936,SuccessFactors,EMP000936,ACTIVE,2020-01-01,9999-12-31
EMP000937,SuccessFactors,EMP000937,ACTIVE,2020-01-01,9999-12-31
EMP000938,SuccessFactors,EMP000938,ACTIVE,2020-01-01,9999-12-31
EMP000939,SuccessFactors,EMP000939,ACTIVE,2020-01-01,9999-12-31
EMP000940,SuccessFactors,EMP000940,ACTIVE,2020-01-01,9999-12-31
EMP000941,SuccessFactors,EMP000941,ACTIVE,2020-01-01,9999-12-31
EMP000942,SuccessFactors,EMP000942,ACTIVE,2020-01-01,9999-12-31
EMP000943,SuccessFactors,EMP000943,ACTIVE,2020-01-01,9999-12-31
EMP000944,SuccessFactors,EMP000944,ACTIVE,2020-01-01,9999-12-31
EMP000945,SuccessFactors,EMP000945,ACTIVE,2020-01-01,9999-12-31
EMP000946,SuccessFactors,EMP000946,ACTIVE,2020-01-01,9999-12-31
EMP000947,SuccessFactors,EMP000947,ACTIVE,2020-01-01,9999-12-31
EMP000948,SuccessFactors,EMP000948,ACTIVE,2020-01-01,9999-12-31
EMP000949,SuccessFactors,EMP000949,ACTIVE,2020-01-01,9999-12-31
EMP000950,SuccessFactors,EMP000950,ACTIVE,2020-01-01,9999-12-31
EMP000951,SuccessFactors,EMP000951,ACTIVE,2020-01-01,9999-12-31
EMP000952,SuccessFactors,EMP000952,ACTIVE,2020-01-01,9999-12-31
EMP000953,SuccessFactors,EMP000953,ACTIVE,2020-01-01,9999-12-31
EMP000954,SuccessFactors,EMP000954,ACTIVE,2020-01-01,9999-12-31
EMP000955,SuccessFactors,EMP000955,ACTIVE,2020-01-01,9999-12-31
EMP000956,SuccessFactors,EMP000956,ACTIVE,2020-01-01,9999-12-31
EMP000957,SuccessFactors,EMP000957,ACTIVE,2020-01-01,9999-12-31
EMP000958,SuccessFactors,EMP000958,ACTIVE,2020-01-01,9999-12-31
EMP000959,SuccessFactors,EMP000959,ACTIVE,2020-01-01,9999-12-31
EMP000960,SuccessFactors,EMP000960,ACTIVE,2020-01-01,9999-12-31
EMP000961,SuccessFactors,EMP000961,ACTIVE,2020-01-01,9999-12-31
EMP000962,SuccessFactors,EMP000962,ACTIVE,2020-01-01,9999-12-31
EMP000963,SuccessFactors,EMP000963,ACTIVE,2020-01-01,9999-12-31
EMP000964,SuccessFactors,EMP000964,ACTIVE,2020-01-01,9999-12-31
EMP000965,SuccessFactors,EMP000965,ACTIVE,2020-01-01,9999-12-31
EMP000966,SuccessFactors,EMP000966,ACTIVE,2020-01-01,9999-12-31
EMP000967,SuccessFactors,EMP000967,ACTIVE,2020-01-01,9999-12-31
EMP000968,SuccessFactors,EMP000968,ACTIVE,2020-01-01,9999-12-31
EMP000969,SuccessFactors,EMP000969,ACTIVE,2020-01-01,9999-12-31
EMP000970,SuccessFactors,EMP000970,ACTIVE,2020-01-01,9999-12-31
EMP000971,SuccessFactors,EMP000971,ACTIVE,2020-01-01,9999-12-31
EMP000972,SuccessFactors,EMP000972,ACTIVE,2020-01-01,9999-12-31
EMP000973,SuccessFactors,EMP000973,ACTIVE,2020-01-01,9999-12-31
EMP000974,SuccessFactors,EMP000974,ACTIVE,2020-01-01,9999-12-31
EMP000975,SuccessFactors,EMP000975,ACTIVE,2020-01-01,9999-12-31
EMP000976,SuccessFactors,EMP000976,ACTIVE,2020-01-01,9999-12-31
EMP000977,SuccessFactors,EMP000977,ACTIVE,2020-01-01,9999-12-31
EMP000978,SuccessFactors,EMP000978,ACTIVE,2020-01-01,9999-12-31
EMP000979,SuccessFactors,EMP000979,ACTIVE,2020-01-01,9999-12-31
EMP000980,SuccessFactors,EMP000980,ACTIVE,2020-01-01,9999-12-31
EMP000981,SuccessFactors,EMP000981,ACTIVE,2020-01-01,9999-12-31
EMP000982,SuccessFactors,EMP000982,ACTIVE,2020-01-01,9999-12-31
EMP000983,SuccessFactors,EMP000983,ACTIVE,2020-01-01,9999-12-31
EMP000984,SuccessFactors,EMP000984,ACTIVE,2020-01-01,9999-12-31
EMP000985,SuccessFactors,EMP000985,ACTIVE,2020-01-01,9999-12-31
EMP000986,SuccessFactors,EMP000986,ACTIVE,2020-01-01,9999-12-31
EMP000987,SuccessFactors,EMP000987,ACTIVE,2020-01-01,9999-12-31
EMP000988,SuccessFactors,EMP000988,ACTIVE,2020-01-01,9999-12-31
EMP000989,SuccessFactors,EMP000989,ACTIVE,2020-01-01,9999-12-31
EMP000990,SuccessFactors,EMP000990,ACTIVE,2020-01-01,9999-12-31
EMP000991,SuccessFactors,EMP000991,ACTIVE,2020-01-01,9999-12-31
EMP000992,SuccessFactors,EMP000992,ACTIVE,2020-01-01,9999-12-31
EMP000993,SuccessFactors,EMP000993,ACTIVE,2020-01-01,9999-12-31
EMP000994,SuccessFactors,EMP000994,ACTIVE,2020-01-01,9999-12-31
EMP000995,SuccessFactors,EMP000995,ACTIVE,2020-01-01,9999-12-31
EMP000996,SuccessFactors,EMP000996,ACTIVE,2020-01-01,9999-12-31
EMP000997,SuccessFactors,EMP000997,ACTIVE,2020-01-01,9999-12-31
EMP000998,SuccessFactors,EMP000998,ACTIVE,2020-01-01,9999-12-31
EMP000999,SuccessFactors,EMP000999,ACTIVE,2020-01-01,9999-12-31
EMP001000,SuccessFactors,EMP001000,ACTIVE,2020-01-01,9999-12-31
EMP000001,Jira,USR-13278,ACTIVE,2020-01-01,9999-12-31
EMP000002,Jira,USR-42098,ACTIVE,2020-01-01,9999-12-31
EMP000003,Jira,USR-23434,ACTIVE,2020-01-01,9999-12-31
EMP000004,Jira,USR-81482,ACTIVE,2020-01-01,9999-12-31
EMP000005,Jira,USR-65302,ACTIVE,2020-01-01,9999-12-31
EMP000007,Jira,USR-40495,ACTIVE,2020-01-01,9999-12-31
EMP000008,Jira,USR-13478,ACTIVE,2020-01-01,9999-12-31
EMP000009,Jira,USR-95181,ACTIVE,2020-01-01,9999-12-31
EMP000010,Jira,USR-64987,ACTIVE,2020-01-01,9999-12-31
EMP000011,Jira,USR-87236,ACTIVE,2020-01-01,9999-12-31
EMP000012,Jira,USR-10851,ACTIVE,2020-01-01,9999-12-31
EMP000013,Jira,USR-30926,ACTIVE,2020-01-01,9999-12-31
EMP000014,Jira,USR-54597,ACTIVE,2020-01-01,9999-12-31
EMP000015,Jira,USR-38221,ACTIVE,2020-01-01,9999-12-31
EMP000016,Jira,USR-54118,ACTIVE,2020-01-01,9999-12-31
EMP000017,Jira,USR-59797,ACTIVE,2020-01-01,9999-12-31
EMP000018,Jira,USR-55082,ACTIVE,2020-01-01,9999-12-31
EMP000019,Jira,USR-15695,ACTIVE,2020-01-01,9999-12-31
EMP000020,Jira,USR-80284,ACTIVE,2020-01-01,9999-12-31
EMP000021,Jira,USR-59615,ACTIVE,2020-01-01,9999-12-31
EMP000023,Jira,USR-91070,ACTIVE,2020-01-01,9999-12-31
EMP000024,Jira,USR-57400,ACTIVE,2020-01-01,9999-12-31
EMP000025,Jira,USR-19116,ACTIVE,2020-01-01,9999-12-31
EMP000027,Jira,USR-47930,ACTIVE,2020-01-01,9999-12-31
EMP000028,Jira,USR-40512,ACTIVE,2020-01-01,9999-12-31
EMP000029,Jira,USR-59823,ACTIVE,2020-01-01,9999-12-31
EMP000030,Jira,USR-93320,ACTIVE,2020-01-01,9999-12-31
EMP000031,Jira,USR-31319,ACTIVE,2020-01-01,9999-12-31
EMP000032,Jira,USR-37460,ACTIVE,2020-01-01,9999-12-31
EMP000033,Jira,USR-99593,ACTIVE,2020-01-01,9999-12-31
EMP000034,Jira,USR-89840,ACTIVE,2020-01-01,9999-12-31
EMP000035,Jira,USR-80010,ACTIVE,2020-01-01,9999-12-31
EMP000036,Jira,USR-31417,ACTIVE,2020-01-01,9999-12-31
EMP000037,Jira,USR-45382,ACTIVE,2020-01-01,9999-12-31
EMP000038,Jira,USR-93886,ACTIVE,2020-01-01,9999-12-31
EMP000039,Jira,USR-38785,ACTIVE,2020-01-01,9999-12-31
EMP000040,Jira,USR-17331,ACTIVE,2020-01-01,9999-12-31
EMP000041,Jira,USR-14207,ACTIVE,2020-01-01,9999-12-31
EMP000042,Jira,USR-62581,ACTIVE,2020-01-01,9999-12-31
EMP000043,Jira,USR-37653,ACTIVE,2020-01-01,9999-12-31
EMP000044,Jira,USR-84341,ACTIVE,2020-01-01,9999-12-31
EMP000045,Jira,USR-51245,ACTIVE,2020-01-01,9999-12-31
EMP000046,Jira,USR-75435,ACTIVE,2020-01-01,9999-12-31
EMP000047,Jira,USR-94259,ACTIVE,2020-01-01,9999-12-31
EMP000048,Jira,USR-44718,ACTIVE,2020-01-01,9999-12-31
EMP000049,Jira,USR-83579,ACTIVE,2020-01-01,9999-12-31
EMP000050,Jira,USR-86622,ACTIVE,2020-01-01,9999-12-31
EMP000051,Jira,USR-86484,ACTIVE,2020-01-01,9999-12-31
EMP000052,Jira,USR-38746,ACTIVE,2020-01-01,9999-12-31
EMP000053,Jira,USR-28131,ACTIVE,2020-01-01,9999-12-31
EMP000054,Jira,USR-21915,ACTIVE,2020-01-01,9999-12-31
EMP000055,Jira,USR-24371,ACTIVE,2020-01-01,9999-12-31
EMP000056,Jira,USR-30969,ACTIVE,2020-01-01,9999-12-31
EMP000057,Jira,USR-65333,ACTIVE,2020-01-01,9999-12-31
EMP000058,Jira,USR-60432,ACTIVE,2020-01-01,9999-12-31
EMP000059,Jira,USR-71348,ACTIVE,2020-01-01,9999-12-31
EMP000060,Jira,USR-82512,ACTIVE,2020-01-01,9999-12-31
EMP000061,Jira,USR-11504,ACTIVE,2020-01-01,9999-12-31
EMP000062,Jira,USR-25014,ACTIVE,2020-01-01,9999-12-31
EMP000063,Jira,USR-80381,ACTIVE,2020-01-01,9999-12-31
EMP000064,Jira,USR-94012,ACTIVE,2020-01-01,9999-12-31
EMP000065,Jira,USR-48469,ACTIVE,2020-01-01,9999-12-31
EMP000066,Jira,USR-69470,ACTIVE,2020-01-01,9999-12-31
EMP000068,Jira,USR-44522,ACTIVE,2020-01-01,9999-12-31
EMP000069,Jira,USR-33416,ACTIVE,2020-01-01,9999-12-31
EMP000070,Jira,USR-23947,ACTIVE,2020-01-01,9999-12-31
EMP000071,Jira,USR-49117,ACTIVE,2020-01-01,9999-12-31
EMP000073,Jira,USR-30032,ACTIVE,2020-01-01,9999-12-31
EMP000074,Jira,USR-31174,ACTIVE,2020-01-01,9999-12-31
EMP000075,Jira,USR-79514,ACTIVE,2020-01-01,9999-12-31
EMP000076,Jira,USR-88504,ACTIVE,2020-01-01,9999-12-31
EMP000077,Jira,USR-12552,ACTIVE,2020-01-01,9999-12-31
EMP000078,Jira,USR-57576,ACTIVE,2020-01-01,9999-12-31
EMP000079,Jira,USR-50306,ACTIVE,2020-01-01,9999-12-31
EMP000080,Jira,USR-41571,ACTIVE,2020-01-01,9999-12-31
EMP000081,Jira,USR-20322,ACTIVE,2020-01-01,9999-12-31
EMP000082,Jira,USR-73699,ACTIVE,2020-01-01,9999-12-31
EMP000084,Jira,USR-26828,ACTIVE,2020-01-01,9999-12-31
EMP000085,Jira,USR-82063,ACTIVE,2020-01-01,9999-12-31
EMP000086,Jira,USR-79163,ACTIVE,2020-01-01,9999-12-31
EMP000087,Jira,USR-65461,ACTIVE,2020-01-01,9999-12-31
EMP000088,Jira,USR-80686,ACTIVE,2020-01-01,9999-12-31
EMP000089,Jira,USR-36365,ACTIVE,2020-01-01,9999-12-31
EMP000090,Jira,USR-62296,ACTIVE,2020-01-01,9999-12-31
EMP000091,Jira,USR-95180,ACTIVE,2020-01-01,9999-12-31
EMP000092,Jira,USR-77839,ACTIVE,2020-01-01,9999-12-31
EMP000093,Jira,USR-42493,ACTIVE,2020-01-01,9999-12-31
EMP000094,Jira,USR-54313,ACTIVE,2020-01-01,9999-12-31
EMP000096,Jira,USR-87128,ACTIVE,2020-01-01,9999-12-31
EMP000097,Jira,USR-19305,ACTIVE,2020-01-01,9999-12-31
EMP000098,Jira,USR-17716,ACTIVE,2020-01-01,9999-12-31
EMP000099,Jira,USR-14117,ACTIVE,2020-01-01,9999-12-31
EMP000100,Jira,USR-19287,ACTIVE,2020-01-01,9999-12-31
EMP000101,Jira,USR-46500,ACTIVE,2020-01-01,9999-12-31
EMP000102,Jira,USR-38080,ACTIVE,2020-01-01,9999-12-31
EMP000104,Jira,USR-41850,ACTIVE,2020-01-01,9999-12-31
EMP000105,Jira,USR-63354,ACTIVE,2020-01-01,9999-12-31
EMP000106,Jira,USR-22704,ACTIVE,2020-01-01,9999-12-31
EMP000107,Jira,USR-56438,ACTIVE,2020-01-01,9999-12-31
EMP000108,Jira,USR-71213,ACTIVE,2020-01-01,9999-12-31
EMP000109,Jira,USR-17100,ACTIVE,2020-01-01,9999-12-31
EMP000110,Jira,USR-94696,ACTIVE,2020-01-01,9999-12-31
EMP000111,Jira,USR-62772,ACTIVE,2020-01-01,9999-12-31
EMP000112,Jira,USR-24322,ACTIVE,2020-01-01,9999-12-31
EMP000113,Jira,USR-34931,ACTIVE,2020-01-01,9999-12-31
EMP000114,Jira,USR-28373,ACTIVE,2020-01-01,9999-12-31
EMP000115,Jira,USR-46509,ACTIVE,2020-01-01,9999-12-31
EMP000116,Jira,USR-19880,ACTIVE,2020-01-01,9999-12-31
EMP000117,Jira,USR-82132,ACTIVE,2020-01-01,9999-12-31
EMP000118,Jira,USR-95477,ACTIVE,2020-01-01,9999-12-31
EMP000119,Jira,USR-11934,ACTIVE,2020-01-01,9999-12-31
EMP000120,Jira,USR-40982,ACTIVE,2020-01-01,9999-12-31
EMP000121,Jira,USR-73653,ACTIVE,2020-01-01,9999-12-31
EMP000122,Jira,USR-62565,ACTIVE,2020-01-01,9999-12-31
EMP000123,Jira,USR-31579,ACTIVE,2020-01-01,9999-12-31
EMP000124,Jira,USR-61173,ACTIVE,2020-01-01,9999-12-31
EMP000125,Jira,USR-69638,ACTIVE,2020-01-01,9999-12-31
EMP000126,Jira,USR-82845,ACTIVE,2020-01-01,9999-12-31
EMP000127,Jira,USR-73788,ACTIVE,2020-01-01,9999-12-31
EMP000128,Jira,USR-48890,ACTIVE,2020-01-01,9999-12-31
EMP000129,Jira,USR-17665,ACTIVE,2020-01-01,9999-12-31
EMP000130,Jira,USR-81066,ACTIVE,2020-01-01,9999-12-31
EMP000131,Jira,USR-51104,ACTIVE,2020-01-01,9999-12-31
EMP000132,Jira,USR-86569,ACTIVE,2020-01-01,9999-12-31
EMP000134,Jira,USR-76562,ACTIVE,2020-01-01,9999-12-31
EMP000135,Jira,USR-34356,ACTIVE,2020-01-01,9999-12-31
EMP000136,Jira,USR-18907,ACTIVE,2020-01-01,9999-12-31
EMP000137,Jira,USR-40828,ACTIVE,2020-01-01,9999-12-31
EMP000138,Jira,USR-84668,ACTIVE,2020-01-01,9999-12-31
EMP000139,Jira,USR-87924,ACTIVE,2020-01-01,9999-12-31
EMP000141,Jira,USR-96163,ACTIVE,2020-01-01,9999-12-31
EMP000143,Jira,USR-44179,ACTIVE,2020-01-01,9999-12-31
EMP000144,Jira,USR-51180,ACTIVE,2020-01-01,9999-12-31
EMP000145,Jira,USR-61876,ACTIVE,2020-01-01,9999-12-31
EMP000146,Jira,USR-94607,ACTIVE,2020-01-01,9999-12-31
EMP000147,Jira,USR-51441,ACTIVE,2020-01-01,9999-12-31
EMP000148,Jira,USR-19508,ACTIVE,2020-01-01,9999-12-31
EMP000150,Jira,USR-83792,ACTIVE,2020-01-01,9999-12-31
EMP000151,Jira,USR-19602,ACTIVE,2020-01-01,9999-12-31
EMP000152,Jira,USR-76307,ACTIVE,2020-01-01,9999-12-31
EMP000153,Jira,USR-55745,ACTIVE,2020-01-01,9999-12-31
EMP000154,Jira,USR-42018,ACTIVE,2020-01-01,9999-12-31
EMP000155,Jira,USR-30676,ACTIVE,2020-01-01,9999-12-31
EMP000156,Jira,USR-81200,ACTIVE,2020-01-01,9999-12-31
EMP000157,Jira,USR-90173,ACTIVE,2020-01-01,9999-12-31
EMP000158,Jira,USR-95717,ACTIVE,2020-01-01,9999-12-31
EMP000159,Jira,USR-97538,ACTIVE,2020-01-01,9999-12-31
EMP000161,Jira,USR-23577,ACTIVE,2020-01-01,9999-12-31
EMP000162,Jira,USR-27601,ACTIVE,2020-01-01,9999-12-31
EMP000163,Jira,USR-24029,ACTIVE,2020-01-01,9999-12-31
EMP000164,Jira,USR-30374,ACTIVE,2020-01-01,9999-12-31
EMP000165,Jira,USR-89276,ACTIVE,2020-01-01,9999-12-31
EMP000166,Jira,USR-54942,ACTIVE,2020-01-01,9999-12-31
EMP000167,Jira,USR-93130,ACTIVE,2020-01-01,9999-12-31
EMP000168,Jira,USR-76244,ACTIVE,2020-01-01,9999-12-31
EMP000169,Jira,USR-16658,ACTIVE,2020-01-01,9999-12-31
EMP000170,Jira,USR-65518,ACTIVE,2020-01-01,9999-12-31
EMP000171,Jira,USR-15778,ACTIVE,2020-01-01,9999-12-31
EMP000173,Jira,USR-93507,ACTIVE,2020-01-01,9999-12-31
EMP000174,Jira,USR-31178,ACTIVE,2020-01-01,9999-12-31
EMP000175,Jira,USR-82309,ACTIVE,2020-01-01,9999-12-31
EMP000176,Jira,USR-83519,ACTIVE,2020-01-01,9999-12-31
EMP000178,Jira,USR-29536,ACTIVE,2020-01-01,9999-12-31
EMP000179,Jira,USR-58393,ACTIVE,2020-01-01,9999-12-31
EMP000180,Jira,USR-29410,ACTIVE,2020-01-01,9999-12-31
EMP000181,Jira,USR-15482,ACTIVE,2020-01-01,9999-12-31
EMP000182,Jira,USR-15229,ACTIVE,2020-01-01,9999-12-31
EMP000183,Jira,USR-37535,ACTIVE,2020-01-01,9999-12-31
EMP000184,Jira,USR-97416,ACTIVE,2020-01-01,9999-12-31
EMP000185,Jira,USR-83385,ACTIVE,2020-01-01,9999-12-31
EMP000186,Jira,USR-63264,ACTIVE,2020-01-01,9999-12-31
EMP000187,Jira,USR-30257,ACTIVE,2020-01-01,9999-12-31
EMP000188,Jira,USR-41029,ACTIVE,2020-01-01,9999-12-31
EMP000189,Jira,USR-33206,ACTIVE,2020-01-01,9999-12-31
EMP000190,Jira,USR-13248,ACTIVE,2020-01-01,9999-12-31
EMP000191,Jira,USR-53540,ACTIVE,2020-01-01,9999-12-31
EMP000192,Jira,USR-63964,ACTIVE,2020-01-01,9999-12-31
EMP000193,Jira,USR-42527,ACTIVE,2020-01-01,9999-12-31
EMP000194,Jira,USR-24168,ACTIVE,2020-01-01,9999-12-31
EMP000195,Jira,USR-15075,ACTIVE,2020-01-01,9999-12-31
EMP000196,Jira,USR-39154,ACTIVE,2020-01-01,9999-12-31
EMP000197,Jira,USR-70332,ACTIVE,2020-01-01,9999-12-31
EMP000198,Jira,USR-39831,ACTIVE,2020-01-01,9999-12-31
EMP000199,Jira,USR-96511,ACTIVE,2020-01-01,9999-12-31
EMP000200,Jira,USR-53025,ACTIVE,2020-01-01,9999-12-31
EMP000202,Jira,USR-46585,ACTIVE,2020-01-01,9999-12-31
EMP000203,Jira,USR-76768,ACTIVE,2020-01-01,9999-12-31
EMP000204,Jira,USR-80282,ACTIVE,2020-01-01,9999-12-31
EMP000205,Jira,USR-13617,ACTIVE,2020-01-01,9999-12-31
EMP000206,Jira,USR-44237,ACTIVE,2020-01-01,9999-12-31
EMP000207,Jira,USR-44795,ACTIVE,2020-01-01,9999-12-31
EMP000209,Jira,USR-55309,ACTIVE,2020-01-01,9999-12-31
EMP000210,Jira,USR-51114,ACTIVE,2020-01-01,9999-12-31
EMP000211,Jira,USR-77033,ACTIVE,2020-01-01,9999-12-31
EMP000212,Jira,USR-85574,ACTIVE,2020-01-01,9999-12-31
EMP000213,Jira,USR-15817,ACTIVE,2020-01-01,9999-12-31
EMP000214,Jira,USR-10221,ACTIVE,2020-01-01,9999-12-31
EMP000215,Jira,USR-80575,ACTIVE,2020-01-01,9999-12-31
EMP000216,Jira,USR-97900,ACTIVE,2020-01-01,9999-12-31
EMP000217,Jira,USR-66531,ACTIVE,2020-01-01,9999-12-31
EMP000218,Jira,USR-97062,ACTIVE,2020-01-01,9999-12-31
EMP000219,Jira,USR-91678,ACTIVE,2020-01-01,9999-12-31
EMP000220,Jira,USR-26334,ACTIVE,2020-01-01,9999-12-31
EMP000221,Jira,USR-49363,ACTIVE,2020-01-01,9999-12-31
EMP000222,Jira,USR-97410,ACTIVE,2020-01-01,9999-12-31
EMP000223,Jira,USR-62743,ACTIVE,2020-01-01,9999-12-31
EMP000224,Jira,USR-82667,ACTIVE,2020-01-01,9999-12-31
EMP000225,Jira,USR-65108,ACTIVE,2020-01-01,9999-12-31
EMP000226,Jira,USR-59695,ACTIVE,2020-01-01,9999-12-31
EMP000203,Jira,USR-32810,ACTIVE,2020-01-01,9999-12-31
EMP000228,Jira,USR-49446,ACTIVE,2020-01-01,9999-12-31
EMP000229,Jira,USR-10053,ACTIVE,2020-01-01,9999-12-31
EMP000230,Jira,USR-37549,ACTIVE,2020-01-01,9999-12-31
EMP000231,Jira,USR-86019,ACTIVE,2020-01-01,9999-12-31
EMP000232,Jira,USR-52237,ACTIVE,2020-01-01,9999-12-31
EMP000233,Jira,USR-67954,ACTIVE,2020-01-01,9999-12-31
EMP000234,Jira,USR-77000,ACTIVE,2020-01-01,9999-12-31
EMP000235,Jira,USR-32241,ACTIVE,2020-01-01,9999-12-31
EMP000236,Jira,USR-47196,ACTIVE,2020-01-01,9999-12-31
EMP000237,Jira,USR-92960,ACTIVE,2020-01-01,9999-12-31
EMP000238,Jira,USR-22240,ACTIVE,2020-01-01,9999-12-31
EMP000239,Jira,USR-40784,ACTIVE,2020-01-01,9999-12-31
EMP000240,Jira,USR-39444,ACTIVE,2020-01-01,9999-12-31
EMP000241,Jira,USR-29313,ACTIVE,2020-01-01,9999-12-31
EMP000243,Jira,USR-72277,ACTIVE,2020-01-01,9999-12-31
EMP000244,Jira,USR-19545,ACTIVE,2020-01-01,9999-12-31
EMP000245,Jira,USR-92544,ACTIVE,2020-01-01,9999-12-31
EMP000246,Jira,USR-60328,ACTIVE,2020-01-01,9999-12-31
EMP000247,Jira,USR-41979,ACTIVE,2020-01-01,9999-12-31
EMP000248,Jira,USR-10726,ACTIVE,2020-01-01,9999-12-31
EMP000249,Jira,USR-23970,ACTIVE,2020-01-01,9999-12-31
EMP000250,Jira,USR-38683,ACTIVE,2020-01-01,9999-12-31
EMP000251,Jira,USR-77889,ACTIVE,2020-01-01,9999-12-31
EMP000253,Jira,USR-25906,ACTIVE,2020-01-01,9999-12-31
EMP000256,Jira,USR-68008,ACTIVE,2020-01-01,9999-12-31
EMP000257,Jira,USR-76162,ACTIVE,2020-01-01,9999-12-31
EMP000258,Jira,USR-81810,ACTIVE,2020-01-01,9999-12-31
EMP000259,Jira,USR-30861,ACTIVE,2020-01-01,9999-12-31
EMP000260,Jira,USR-72216,ACTIVE,2020-01-01,9999-12-31
EMP000261,Jira,USR-42406,ACTIVE,2020-01-01,9999-12-31
EMP000262,Jira,USR-46347,ACTIVE,2020-01-01,9999-12-31
EMP000263,Jira,USR-78327,ACTIVE,2020-01-01,9999-12-31
EMP000264,Jira,USR-41358,ACTIVE,2020-01-01,9999-12-31
EMP000265,Jira,USR-20155,ACTIVE,2020-01-01,9999-12-31
EMP000266,Jira,USR-40735,ACTIVE,2020-01-01,9999-12-31
EMP000267,Jira,USR-51904,ACTIVE,2020-01-01,9999-12-31
EMP000268,Jira,USR-20561,ACTIVE,2020-01-01,9999-12-31
EMP000269,Jira,USR-40311,ACTIVE,2020-01-01,9999-12-31
EMP000270,Jira,USR-30028,ACTIVE,2020-01-01,9999-12-31
EMP000271,Jira,USR-18418,ACTIVE,2020-01-01,9999-12-31
EMP000272,Jira,USR-53369,ACTIVE,2020-01-01,9999-12-31
EMP000273,Jira,USR-64496,ACTIVE,2020-01-01,9999-12-31
EMP000274,Jira,USR-65069,ACTIVE,2020-01-01,9999-12-31
EMP000275,Jira,USR-86556,ACTIVE,2020-01-01,9999-12-31
EMP000276,Jira,USR-12560,ACTIVE,2020-01-01,9999-12-31
EMP000277,Jira,USR-85456,ACTIVE,2020-01-01,9999-12-31
EMP000278,Jira,USR-10772,ACTIVE,2020-01-01,9999-12-31
EMP000279,Jira,USR-49139,ACTIVE,2020-01-01,9999-12-31
EMP000280,Jira,USR-64921,ACTIVE,2020-01-01,9999-12-31
EMP000281,Jira,USR-81582,ACTIVE,2020-01-01,9999-12-31
EMP000282,Jira,USR-38906,ACTIVE,2020-01-01,9999-12-31
EMP000284,Jira,USR-13804,ACTIVE,2020-01-01,9999-12-31
EMP000286,Jira,USR-62994,ACTIVE,2020-01-01,9999-12-31
EMP000287,Jira,USR-71261,ACTIVE,2020-01-01,9999-12-31
EMP000288,Jira,USR-91560,ACTIVE,2020-01-01,9999-12-31
EMP000289,Jira,USR-61645,ACTIVE,2020-01-01,9999-12-31
EMP000290,Jira,USR-96900,ACTIVE,2020-01-01,9999-12-31
EMP000292,Jira,USR-27786,ACTIVE,2020-01-01,9999-12-31
EMP000293,Jira,USR-33819,ACTIVE,2020-01-01,9999-12-31
EMP000294,Jira,USR-59689,ACTIVE,2020-01-01,9999-12-31
EMP000295,Jira,USR-69598,ACTIVE,2020-01-01,9999-12-31
EMP000296,Jira,USR-59692,ACTIVE,2020-01-01,9999-12-31
EMP000297,Jira,USR-65255,ACTIVE,2020-01-01,9999-12-31
EMP000298,Jira,USR-20735,ACTIVE,2020-01-01,9999-12-31
EMP000299,Jira,USR-80702,ACTIVE,2020-01-01,9999-12-31
EMP000300,Jira,USR-55870,ACTIVE,2020-01-01,9999-12-31
EMP000301,Jira,USR-18993,ACTIVE,2020-01-01,9999-12-31
EMP000302,Jira,USR-95426,ACTIVE,2020-01-01,9999-12-31
EMP000305,Jira,USR-12671,ACTIVE,2020-01-01,9999-12-31
EMP000306,Jira,USR-41266,ACTIVE,2020-01-01,9999-12-31
EMP000307,Jira,USR-97747,ACTIVE,2020-01-01,9999-12-31
EMP000308,Jira,USR-38569,ACTIVE,2020-01-01,9999-12-31
EMP000309,Jira,USR-43586,ACTIVE,2020-01-01,9999-12-31
EMP000310,Jira,USR-31992,ACTIVE,2020-01-01,9999-12-31
EMP000311,Jira,USR-25012,ACTIVE,2020-01-01,9999-12-31
EMP000312,Jira,USR-31465,ACTIVE,2020-01-01,9999-12-31
EMP000313,Jira,USR-24168,ACTIVE,2020-01-01,9999-12-31
EMP000314,Jira,USR-50888,ACTIVE,2020-01-01,9999-12-31
EMP000315,Jira,USR-59192,ACTIVE,2020-01-01,9999-12-31
EMP000316,Jira,USR-35995,ACTIVE,2020-01-01,9999-12-31
EMP000317,Jira,USR-92213,ACTIVE,2020-01-01,9999-12-31
EMP000318,Jira,USR-49529,ACTIVE,2020-01-01,9999-12-31
EMP000319,Jira,USR-88697,ACTIVE,2020-01-01,9999-12-31
EMP000320,Jira,USR-84177,ACTIVE,2020-01-01,9999-12-31
EMP000321,Jira,USR-55508,ACTIVE,2020-01-01,9999-12-31
EMP000322,Jira,USR-96706,ACTIVE,2020-01-01,9999-12-31
EMP000323,Jira,USR-76317,ACTIVE,2020-01-01,9999-12-31
EMP000324,Jira,USR-11658,ACTIVE,2020-01-01,9999-12-31
EMP000325,Jira,USR-74251,ACTIVE,2020-01-01,9999-12-31
EMP000326,Jira,USR-57472,ACTIVE,2020-01-01,9999-12-31
EMP000327,Jira,USR-70258,ACTIVE,2020-01-01,9999-12-31
EMP000328,Jira,USR-67080,ACTIVE,2020-01-01,9999-12-31
EMP000329,Jira,USR-78386,ACTIVE,2020-01-01,9999-12-31
EMP000330,Jira,USR-45400,ACTIVE,2020-01-01,9999-12-31
EMP000331,Jira,USR-80539,ACTIVE,2020-01-01,9999-12-31
EMP000332,Jira,USR-70931,ACTIVE,2020-01-01,9999-12-31
EMP000333,Jira,USR-87656,ACTIVE,2020-01-01,9999-12-31
EMP000334,Jira,USR-42177,ACTIVE,2020-01-01,9999-12-31
EMP000335,Jira,USR-21359,ACTIVE,2020-01-01,9999-12-31
EMP000336,Jira,USR-69087,ACTIVE,2020-01-01,9999-12-31
EMP000337,Jira,USR-70910,ACTIVE,2020-01-01,9999-12-31
EMP000339,Jira,USR-13761,ACTIVE,2020-01-01,9999-12-31
EMP000340,Jira,USR-52600,ACTIVE,2020-01-01,9999-12-31
EMP000341,Jira,USR-37802,ACTIVE,2020-01-01,9999-12-31
EMP000342,Jira,USR-43862,ACTIVE,2020-01-01,9999-12-31
EMP000343,Jira,USR-88139,ACTIVE,2020-01-01,9999-12-31
EMP000344,Jira,USR-46211,ACTIVE,2020-01-01,9999-12-31
EMP000345,Jira,USR-77715,ACTIVE,2020-01-01,9999-12-31
EMP000346,Jira,USR-21221,ACTIVE,2020-01-01,9999-12-31
EMP000347,Jira,USR-63271,ACTIVE,2020-01-01,9999-12-31
EMP000348,Jira,USR-41499,ACTIVE,2020-01-01,9999-12-31
EMP000349,Jira,USR-94659,ACTIVE,2020-01-01,9999-12-31
EMP000350,Jira,USR-68743,ACTIVE,2020-01-01,9999-12-31
EMP000351,Jira,USR-22196,ACTIVE,2020-01-01,9999-12-31
EMP000352,Jira,USR-63005,ACTIVE,2020-01-01,9999-12-31
EMP000353,Jira,USR-50135,ACTIVE,2020-01-01,9999-12-31
EMP000354,Jira,USR-58368,ACTIVE,2020-01-01,9999-12-31
EMP000355,Jira,USR-79588,ACTIVE,2020-01-01,9999-12-31
EMP000356,Jira,USR-82140,ACTIVE,2020-01-01,9999-12-31
EMP000357,Jira,USR-69473,ACTIVE,2020-01-01,9999-12-31
EMP000358,Jira,USR-42951,ACTIVE,2020-01-01,9999-12-31
EMP000359,Jira,USR-35242,ACTIVE,2020-01-01,9999-12-31
EMP000360,Jira,USR-80236,ACTIVE,2020-01-01,9999-12-31
EMP000362,Jira,USR-73464,ACTIVE,2020-01-01,9999-12-31
EMP000363,Jira,USR-87278,ACTIVE,2020-01-01,9999-12-31
EMP000364,Jira,USR-78765,ACTIVE,2020-01-01,9999-12-31
EMP000365,Jira,USR-23176,ACTIVE,2020-01-01,9999-12-31
EMP000366,Jira,USR-48829,ACTIVE,2020-01-01,9999-12-31
EMP000367,Jira,USR-33519,ACTIVE,2020-01-01,9999-12-31
EMP000368,Jira,USR-80010,ACTIVE,2020-01-01,9999-12-31
EMP000369,Jira,USR-15965,ACTIVE,2020-01-01,9999-12-31
EMP000370,Jira,USR-82529,ACTIVE,2020-01-01,9999-12-31
EMP000371,Jira,USR-26551,ACTIVE,2020-01-01,9999-12-31
EMP000372,Jira,USR-74340,ACTIVE,2020-01-01,9999-12-31
EMP000373,Jira,USR-11607,ACTIVE,2020-01-01,9999-12-31
EMP000374,Jira,USR-71524,ACTIVE,2020-01-01,9999-12-31
EMP000375,Jira,USR-54657,ACTIVE,2020-01-01,9999-12-31
EMP000376,Jira,USR-16734,ACTIVE,2020-01-01,9999-12-31
EMP000377,Jira,USR-72616,ACTIVE,2020-01-01,9999-12-31
EMP000378,Jira,USR-18564,ACTIVE,2020-01-01,9999-12-31
EMP000379,Jira,USR-19710,ACTIVE,2020-01-01,9999-12-31
EMP000380,Jira,USR-99974,ACTIVE,2020-01-01,9999-12-31
EMP000381,Jira,USR-29555,ACTIVE,2020-01-01,9999-12-31
EMP000382,Jira,USR-49824,ACTIVE,2020-01-01,9999-12-31
EMP000383,Jira,USR-42530,ACTIVE,2020-01-01,9999-12-31
EMP000384,Jira,USR-64548,ACTIVE,2020-01-01,9999-12-31
EMP000385,Jira,USR-91057,ACTIVE,2020-01-01,9999-12-31
EMP000386,Jira,USR-78494,ACTIVE,2020-01-01,9999-12-31
EMP000387,Jira,USR-68028,ACTIVE,2020-01-01,9999-12-31
EMP000389,Jira,USR-50026,ACTIVE,2020-01-01,9999-12-31
EMP000390,Jira,USR-17894,ACTIVE,2020-01-01,9999-12-31
EMP000391,Jira,USR-23006,ACTIVE,2020-01-01,9999-12-31
EMP000392,Jira,USR-37235,ACTIVE,2020-01-01,9999-12-31
EMP000393,Jira,USR-44687,ACTIVE,2020-01-01,9999-12-31
EMP000394,Jira,USR-30585,ACTIVE,2020-01-01,9999-12-31
EMP000395,Jira,USR-82350,ACTIVE,2020-01-01,9999-12-31
EMP000396,Jira,USR-10350,ACTIVE,2020-01-01,9999-12-31
EMP000397,Jira,USR-87832,ACTIVE,2020-01-01,9999-12-31
EMP000398,Jira,USR-14278,ACTIVE,2020-01-01,9999-12-31
EMP000399,Jira,USR-47056,ACTIVE,2020-01-01,9999-12-31
EMP000400,Jira,USR-69510,ACTIVE,2020-01-01,9999-12-31
EMP000401,Jira,USR-40595,ACTIVE,2020-01-01,9999-12-31
EMP000403,Jira,USR-35928,ACTIVE,2020-01-01,9999-12-31
EMP000404,Jira,USR-81376,ACTIVE,2020-01-01,9999-12-31
EMP000405,Jira,USR-29528,ACTIVE,2020-01-01,9999-12-31
EMP000406,Jira,USR-28643,ACTIVE,2020-01-01,9999-12-31
EMP000407,Jira,USR-31747,ACTIVE,2020-01-01,9999-12-31
EMP000408,Jira,USR-87993,ACTIVE,2020-01-01,9999-12-31
EMP000409,Jira,USR-84607,ACTIVE,2020-01-01,9999-12-31
EMP000410,Jira,USR-67560,ACTIVE,2020-01-01,9999-12-31
EMP000411,Jira,USR-49857,ACTIVE,2020-01-01,9999-12-31
EMP000412,Jira,USR-45683,ACTIVE,2020-01-01,9999-12-31
EMP000413,Jira,USR-74722,ACTIVE,2020-01-01,9999-12-31
EMP000414,Jira,USR-88385,ACTIVE,2020-01-01,9999-12-31
EMP000416,Jira,USR-52247,ACTIVE,2020-01-01,9999-12-31
EMP000417,Jira,USR-13390,ACTIVE,2020-01-01,9999-12-31
EMP000418,Jira,USR-98381,ACTIVE,2020-01-01,9999-12-31
EMP000419,Jira,USR-85392,ACTIVE,2020-01-01,9999-12-31
EMP000420,Jira,USR-12719,ACTIVE,2020-01-01,9999-12-31
EMP000421,Jira,USR-98117,ACTIVE,2020-01-01,9999-12-31
EMP000422,Jira,USR-85529,ACTIVE,2020-01-01,9999-12-31
EMP000424,Jira,USR-71669,ACTIVE,2020-01-01,9999-12-31
EMP000425,Jira,USR-67963,ACTIVE,2020-01-01,9999-12-31
EMP000426,Jira,USR-33788,ACTIVE,2020-01-01,9999-12-31
EMP000427,Jira,USR-67132,ACTIVE,2020-01-01,9999-12-31
EMP000428,Jira,USR-74451,ACTIVE,2020-01-01,9999-12-31
EMP000429,Jira,USR-71605,ACTIVE,2020-01-01,9999-12-31
EMP000430,Jira,USR-53687,ACTIVE,2020-01-01,9999-12-31
EMP000431,Jira,USR-23710,ACTIVE,2020-01-01,9999-12-31
EMP000432,Jira,USR-53228,ACTIVE,2020-01-01,9999-12-31
EMP000433,Jira,USR-74942,ACTIVE,2020-01-01,9999-12-31
EMP000434,Jira,USR-62488,ACTIVE,2020-01-01,9999-12-31
EMP000435,Jira,USR-82102,ACTIVE,2020-01-01,9999-12-31
EMP000437,Jira,USR-43082,ACTIVE,2020-01-01,9999-12-31
EMP000438,Jira,USR-62976,ACTIVE,2020-01-01,9999-12-31
EMP000439,Jira,USR-10150,ACTIVE,2020-01-01,9999-12-31
EMP000441,Jira,USR-17104,ACTIVE,2020-01-01,9999-12-31
EMP000442,Jira,USR-57419,ACTIVE,2020-01-01,9999-12-31
EMP000443,Jira,USR-75338,ACTIVE,2020-01-01,9999-12-31
EMP000444,Jira,USR-16764,ACTIVE,2020-01-01,9999-12-31
EMP000445,Jira,USR-81987,ACTIVE,2020-01-01,9999-12-31
EMP000446,Jira,USR-47752,ACTIVE,2020-01-01,9999-12-31
EMP000447,Jira,USR-73532,ACTIVE,2020-01-01,9999-12-31
EMP000448,Jira,USR-92578,ACTIVE,2020-01-01,9999-12-31
EMP000449,Jira,USR-41365,ACTIVE,2020-01-01,9999-12-31
EMP000450,Jira,USR-50730,ACTIVE,2020-01-01,9999-12-31
EMP000451,Jira,USR-82384,ACTIVE,2020-01-01,9999-12-31
EMP000452,Jira,USR-39451,ACTIVE,2020-01-01,9999-12-31
EMP000453,Jira,USR-24871,ACTIVE,2020-01-01,9999-12-31
EMP000454,Jira,USR-25396,ACTIVE,2020-01-01,9999-12-31
EMP000455,Jira,USR-30181,ACTIVE,2020-01-01,9999-12-31
EMP000456,Jira,USR-48254,ACTIVE,2020-01-01,9999-12-31
EMP000457,Jira,USR-45838,ACTIVE,2020-01-01,9999-12-31
EMP000458,Jira,USR-73242,ACTIVE,2020-01-01,9999-12-31
EMP000459,Jira,USR-41946,ACTIVE,2020-01-01,9999-12-31
EMP000460,Jira,USR-28958,ACTIVE,2020-01-01,9999-12-31
EMP000461,Jira,USR-88561,ACTIVE,2020-01-01,9999-12-31
EMP000462,Jira,USR-27892,ACTIVE,2020-01-01,9999-12-31
EMP000463,Jira,USR-46208,ACTIVE,2020-01-01,9999-12-31
EMP000464,Jira,USR-64387,ACTIVE,2020-01-01,9999-12-31
EMP000465,Jira,USR-76550,ACTIVE,2020-01-01,9999-12-31
EMP000466,Jira,USR-10336,ACTIVE,2020-01-01,9999-12-31
EMP000468,Jira,USR-86011,ACTIVE,2020-01-01,9999-12-31
EMP000470,Jira,USR-68529,ACTIVE,2020-01-01,9999-12-31
EMP000471,Jira,USR-55236,ACTIVE,2020-01-01,9999-12-31
EMP000472,Jira,USR-81228,ACTIVE,2020-01-01,9999-12-31
EMP000473,Jira,USR-52176,ACTIVE,2020-01-01,9999-12-31
EMP000474,Jira,USR-41300,ACTIVE,2020-01-01,9999-12-31
EMP000475,Jira,USR-40613,ACTIVE,2020-01-01,9999-12-31
EMP000476,Jira,USR-63841,ACTIVE,2020-01-01,9999-12-31
EMP000478,Jira,USR-59968,ACTIVE,2020-01-01,9999-12-31
EMP000479,Jira,USR-96991,ACTIVE,2020-01-01,9999-12-31
EMP000480,Jira,USR-95461,ACTIVE,2020-01-01,9999-12-31
EMP000481,Jira,USR-74923,ACTIVE,2020-01-01,9999-12-31
EMP000482,Jira,USR-26547,ACTIVE,2020-01-01,9999-12-31
EMP000483,Jira,USR-87356,ACTIVE,2020-01-01,9999-12-31
EMP000484,Jira,USR-23154,ACTIVE,2020-01-01,9999-12-31
EMP000485,Jira,USR-67711,ACTIVE,2020-01-01,9999-12-31
EMP000486,Jira,USR-69890,ACTIVE,2020-01-01,9999-12-31
EMP000488,Jira,USR-95823,ACTIVE,2020-01-01,9999-12-31
EMP000489,Jira,USR-19807,ACTIVE,2020-01-01,9999-12-31
EMP000490,Jira,USR-44737,ACTIVE,2020-01-01,9999-12-31
EMP000491,Jira,USR-62098,ACTIVE,2020-01-01,9999-12-31
EMP000492,Jira,USR-53065,ACTIVE,2020-01-01,9999-12-31
EMP000493,Jira,USR-79942,ACTIVE,2020-01-01,9999-12-31
EMP000494,Jira,USR-51505,ACTIVE,2020-01-01,9999-12-31
EMP000495,Jira,USR-73956,ACTIVE,2020-01-01,9999-12-31
EMP000496,Jira,USR-14705,ACTIVE,2020-01-01,9999-12-31
EMP000497,Jira,USR-40771,ACTIVE,2020-01-01,9999-12-31
EMP000498,Jira,USR-47667,ACTIVE,2020-01-01,9999-12-31
EMP000499,Jira,USR-21846,ACTIVE,2020-01-01,9999-12-31
EMP000500,Jira,USR-22903,ACTIVE,2020-01-01,9999-12-31
EMP000501,Jira,USR-23173,ACTIVE,2020-01-01,9999-12-31
EMP000502,Jira,USR-49251,ACTIVE,2020-01-01,9999-12-31
EMP000503,Jira,USR-16028,ACTIVE,2020-01-01,9999-12-31
EMP000504,Jira,USR-17355,ACTIVE,2020-01-01,9999-12-31
EMP000505,Jira,USR-59131,ACTIVE,2020-01-01,9999-12-31
EMP000506,Jira,USR-42007,ACTIVE,2020-01-01,9999-12-31
EMP000507,Jira,USR-84177,ACTIVE,2020-01-01,9999-12-31
EMP000508,Jira,USR-33600,ACTIVE,2020-01-01,9999-12-31
EMP000509,Jira,USR-20350,ACTIVE,2020-01-01,9999-12-31
EMP000510,Jira,USR-60140,ACTIVE,2020-01-01,9999-12-31
EMP000511,Jira,USR-41566,ACTIVE,2020-01-01,9999-12-31
EMP000512,Jira,USR-86435,ACTIVE,2020-01-01,9999-12-31
EMP000513,Jira,USR-70443,ACTIVE,2020-01-01,9999-12-31
EMP000514,Jira,USR-70236,ACTIVE,2020-01-01,9999-12-31
EMP000515,Jira,USR-11231,ACTIVE,2020-01-01,9999-12-31
EMP000516,Jira,USR-70981,ACTIVE,2020-01-01,9999-12-31
EMP000517,Jira,USR-98815,ACTIVE,2020-01-01,9999-12-31
EMP000518,Jira,USR-19681,ACTIVE,2020-01-01,9999-12-31
EMP000519,Jira,USR-55293,ACTIVE,2020-01-01,9999-12-31
EMP000521,Jira,USR-65615,ACTIVE,2020-01-01,9999-12-31
EMP000522,Jira,USR-69878,ACTIVE,2020-01-01,9999-12-31
EMP000523,Jira,USR-36111,ACTIVE,2020-01-01,9999-12-31
EMP000524,Jira,USR-73335,ACTIVE,2020-01-01,9999-12-31
EMP000525,Jira,USR-59986,ACTIVE,2020-01-01,9999-12-31
EMP000526,Jira,USR-85341,ACTIVE,2020-01-01,9999-12-31
EMP000527,Jira,USR-48696,ACTIVE,2020-01-01,9999-12-31
EMP000529,Jira,USR-61879,ACTIVE,2020-01-01,9999-12-31
EMP000530,Jira,USR-84177,ACTIVE,2020-01-01,9999-12-31
EMP000531,Jira,USR-16428,ACTIVE,2020-01-01,9999-12-31
EMP000532,Jira,USR-75107,ACTIVE,2020-01-01,9999-12-31
EMP000533,Jira,USR-47512,ACTIVE,2020-01-01,9999-12-31
EMP000534,Jira,USR-40162,ACTIVE,2020-01-01,9999-12-31
EMP000536,Jira,USR-34920,ACTIVE,2020-01-01,9999-12-31
EMP000537,Jira,USR-98835,ACTIVE,2020-01-01,9999-12-31
EMP000538,Jira,USR-96400,ACTIVE,2020-01-01,9999-12-31
EMP000540,Jira,USR-92242,ACTIVE,2020-01-01,9999-12-31
EMP000541,Jira,USR-50492,ACTIVE,2020-01-01,9999-12-31
EMP000542,Jira,USR-14373,ACTIVE,2020-01-01,9999-12-31
EMP000543,Jira,USR-27224,ACTIVE,2020-01-01,9999-12-31
EMP000544,Jira,USR-48680,ACTIVE,2020-01-01,9999-12-31
EMP000545,Jira,USR-64460,ACTIVE,2020-01-01,9999-12-31
EMP000546,Jira,USR-27322,ACTIVE,2020-01-01,9999-12-31
EMP000547,Jira,USR-57953,ACTIVE,2020-01-01,9999-12-31
EMP000548,Jira,USR-45720,ACTIVE,2020-01-01,9999-12-31
EMP000549,Jira,USR-43681,ACTIVE,2020-01-01,9999-12-31
EMP000551,Jira,USR-48684,ACTIVE,2020-01-01,9999-12-31
EMP000553,Jira,USR-71385,ACTIVE,2020-01-01,9999-12-31
EMP000554,Jira,USR-28449,ACTIVE,2020-01-01,9999-12-31
EMP000555,Jira,USR-39571,ACTIVE,2020-01-01,9999-12-31
EMP000556,Jira,USR-98395,ACTIVE,2020-01-01,9999-12-31
EMP000557,Jira,USR-83048,ACTIVE,2020-01-01,9999-12-31
EMP000558,Jira,USR-61717,ACTIVE,2020-01-01,9999-12-31
EMP000560,Jira,USR-69609,ACTIVE,2020-01-01,9999-12-31
EMP000561,Jira,USR-98125,ACTIVE,2020-01-01,9999-12-31
EMP000562,Jira,USR-59941,ACTIVE,2020-01-01,9999-12-31
EMP000563,Jira,USR-58689,ACTIVE,2020-01-01,9999-12-31
EMP000564,Jira,USR-40647,ACTIVE,2020-01-01,9999-12-31
EMP000565,Jira,USR-91205,ACTIVE,2020-01-01,9999-12-31
EMP000566,Jira,USR-83584,ACTIVE,2020-01-01,9999-12-31
EMP000567,Jira,USR-89964,ACTIVE,2020-01-01,9999-12-31
EMP000568,Jira,USR-18285,ACTIVE,2020-01-01,9999-12-31
EMP000569,Jira,USR-70852,ACTIVE,2020-01-01,9999-12-31
EMP000570,Jira,USR-49608,ACTIVE,2020-01-01,9999-12-31
EMP000571,Jira,USR-25292,ACTIVE,2020-01-01,9999-12-31
EMP000572,Jira,USR-14877,ACTIVE,2020-01-01,9999-12-31
EMP000573,Jira,USR-74569,ACTIVE,2020-01-01,9999-12-31
EMP000574,Jira,USR-40775,ACTIVE,2020-01-01,9999-12-31
EMP000575,Jira,USR-27781,ACTIVE,2020-01-01,9999-12-31
EMP000576,Jira,USR-58629,ACTIVE,2020-01-01,9999-12-31
EMP000577,Jira,USR-80804,ACTIVE,2020-01-01,9999-12-31
EMP000578,Jira,USR-30253,ACTIVE,2020-01-01,9999-12-31
EMP000579,Jira,USR-95841,ACTIVE,2020-01-01,9999-12-31
EMP000580,Jira,USR-74139,ACTIVE,2020-01-01,9999-12-31
EMP000581,Jira,USR-46666,ACTIVE,2020-01-01,9999-12-31
EMP000583,Jira,USR-68115,ACTIVE,2020-01-01,9999-12-31
EMP000584,Jira,USR-40947,ACTIVE,2020-01-01,9999-12-31
EMP000585,Jira,USR-23022,ACTIVE,2020-01-01,9999-12-31
EMP000586,Jira,USR-58147,ACTIVE,2020-01-01,9999-12-31
EMP000587,Jira,USR-94518,ACTIVE,2020-01-01,9999-12-31
EMP000588,Jira,USR-62184,ACTIVE,2020-01-01,9999-12-31
EMP000589,Jira,USR-26011,ACTIVE,2020-01-01,9999-12-31
EMP000590,Jira,USR-69600,ACTIVE,2020-01-01,9999-12-31
EMP000591,Jira,USR-37801,ACTIVE,2020-01-01,9999-12-31
EMP000592,Jira,USR-88269,ACTIVE,2020-01-01,9999-12-31
EMP000593,Jira,USR-16629,ACTIVE,2020-01-01,9999-12-31
EMP000594,Jira,USR-41925,ACTIVE,2020-01-01,9999-12-31
EMP000595,Jira,USR-84000,ACTIVE,2020-01-01,9999-12-31
EMP000596,Jira,USR-82641,ACTIVE,2020-01-01,9999-12-31
EMP000597,Jira,USR-38305,ACTIVE,2020-01-01,9999-12-31
EMP000598,Jira,USR-40539,ACTIVE,2020-01-01,9999-12-31
EMP000599,Jira,USR-29340,ACTIVE,2020-01-01,9999-12-31
EMP000600,Jira,USR-88116,ACTIVE,2020-01-01,9999-12-31
EMP000602,Jira,USR-28964,ACTIVE,2020-01-01,9999-12-31
EMP000603,Jira,USR-80807,ACTIVE,2020-01-01,9999-12-31
EMP000604,Jira,USR-32871,ACTIVE,2020-01-01,9999-12-31
EMP000606,Jira,USR-56955,ACTIVE,2020-01-01,9999-12-31
EMP000607,Jira,USR-41186,ACTIVE,2020-01-01,9999-12-31
EMP000608,Jira,USR-12068,ACTIVE,2020-01-01,9999-12-31
EMP000609,Jira,USR-16868,ACTIVE,2020-01-01,9999-12-31
EMP000610,Jira,USR-65176,ACTIVE,2020-01-01,9999-12-31
EMP000611,Jira,USR-18330,ACTIVE,2020-01-01,9999-12-31
EMP000612,Jira,USR-57453,ACTIVE,2020-01-01,9999-12-31
EMP000613,Jira,USR-24293,ACTIVE,2020-01-01,9999-12-31
EMP000614,Jira,USR-39038,ACTIVE,2020-01-01,9999-12-31
EMP000615,Jira,USR-15683,ACTIVE,2020-01-01,9999-12-31
EMP000616,Jira,USR-96363,ACTIVE,2020-01-01,9999-12-31
EMP000617,Jira,USR-70036,ACTIVE,2020-01-01,9999-12-31
EMP000618,Jira,USR-14082,ACTIVE,2020-01-01,9999-12-31
EMP000619,Jira,USR-72781,ACTIVE,2020-01-01,9999-12-31
EMP000621,Jira,USR-74260,ACTIVE,2020-01-01,9999-12-31
EMP000622,Jira,USR-68138,ACTIVE,2020-01-01,9999-12-31
EMP000623,Jira,USR-20589,ACTIVE,2020-01-01,9999-12-31
EMP000624,Jira,USR-29442,ACTIVE,2020-01-01,9999-12-31
EMP000625,Jira,USR-46046,ACTIVE,2020-01-01,9999-12-31
EMP000626,Jira,USR-86724,ACTIVE,2020-01-01,9999-12-31
EMP000627,Jira,USR-52622,ACTIVE,2020-01-01,9999-12-31
EMP000628,Jira,USR-88301,ACTIVE,2020-01-01,9999-12-31
EMP000629,Jira,USR-69469,ACTIVE,2020-01-01,9999-12-31
EMP000630,Jira,USR-66387,ACTIVE,2020-01-01,9999-12-31
EMP000631,Jira,USR-24996,ACTIVE,2020-01-01,9999-12-31
EMP000632,Jira,USR-95316,ACTIVE,2020-01-01,9999-12-31
EMP000633,Jira,USR-82264,ACTIVE,2020-01-01,9999-12-31
EMP000634,Jira,USR-38183,ACTIVE,2020-01-01,9999-12-31
EMP000635,Jira,USR-39949,ACTIVE,2020-01-01,9999-12-31
EMP000636,Jira,USR-69441,ACTIVE,2020-01-01,9999-12-31
EMP000637,Jira,USR-22463,ACTIVE,2020-01-01,9999-12-31
EMP000638,Jira,USR-50963,ACTIVE,2020-01-01,9999-12-31
EMP000639,Jira,USR-59060,ACTIVE,2020-01-01,9999-12-31
EMP000640,Jira,USR-72163,ACTIVE,2020-01-01,9999-12-31
EMP000641,Jira,USR-21188,ACTIVE,2020-01-01,9999-12-31
EMP000642,Jira,USR-22656,ACTIVE,2020-01-01,9999-12-31
EMP000643,Jira,USR-58843,ACTIVE,2020-01-01,9999-12-31
EMP000644,Jira,USR-82924,ACTIVE,2020-01-01,9999-12-31
EMP000645,Jira,USR-83608,ACTIVE,2020-01-01,9999-12-31
EMP000646,Jira,USR-97819,ACTIVE,2020-01-01,9999-12-31
EMP000647,Jira,USR-56346,ACTIVE,2020-01-01,9999-12-31
EMP000648,Jira,USR-65435,ACTIVE,2020-01-01,9999-12-31
EMP000649,Jira,USR-16743,ACTIVE,2020-01-01,9999-12-31
EMP000651,Jira,USR-23579,ACTIVE,2020-01-01,9999-12-31
EMP000652,Jira,USR-37884,ACTIVE,2020-01-01,9999-12-31
EMP000653,Jira,USR-73201,ACTIVE,2020-01-01,9999-12-31
EMP000654,Jira,USR-24184,ACTIVE,2020-01-01,9999-12-31
EMP000655,Jira,USR-82910,ACTIVE,2020-01-01,9999-12-31
EMP000656,Jira,USR-46512,ACTIVE,2020-01-01,9999-12-31
EMP000657,Jira,USR-66244,ACTIVE,2020-01-01,9999-12-31
EMP000658,Jira,USR-91490,ACTIVE,2020-01-01,9999-12-31
EMP000659,Jira,USR-94239,ACTIVE,2020-01-01,9999-12-31
EMP000660,Jira,USR-89822,ACTIVE,2020-01-01,9999-12-31
EMP000661,Jira,USR-45054,ACTIVE,2020-01-01,9999-12-31
EMP000663,Jira,USR-50499,ACTIVE,2020-01-01,9999-12-31
EMP000664,Jira,USR-56009,ACTIVE,2020-01-01,9999-12-31
EMP000666,Jira,USR-84228,ACTIVE,2020-01-01,9999-12-31
EMP000667,Jira,USR-19120,ACTIVE,2020-01-01,9999-12-31
EMP000668,Jira,USR-92991,ACTIVE,2020-01-01,9999-12-31
EMP000342,Jira,USR-22026,ACTIVE,2020-01-01,9999-12-31
EMP000670,Jira,USR-38197,ACTIVE,2020-01-01,9999-12-31
EMP000671,Jira,USR-69460,ACTIVE,2020-01-01,9999-12-31
EMP000672,Jira,USR-58503,ACTIVE,2020-01-01,9999-12-31
EMP000673,Jira,USR-52517,ACTIVE,2020-01-01,9999-12-31
EMP000674,Jira,USR-84395,ACTIVE,2020-01-01,9999-12-31
EMP000676,Jira,USR-90981,ACTIVE,2020-01-01,9999-12-31
EMP000678,Jira,USR-68079,ACTIVE,2020-01-01,9999-12-31
EMP000679,Jira,USR-73656,ACTIVE,2020-01-01,9999-12-31
EMP000680,Jira,USR-64287,ACTIVE,2020-01-01,9999-12-31
EMP000681,Jira,USR-77154,ACTIVE,2020-01-01,9999-12-31
EMP000683,Jira,USR-98895,ACTIVE,2020-01-01,9999-12-31
EMP000685,Jira,USR-50425,ACTIVE,2020-01-01,9999-12-31
EMP000687,Jira,USR-88554,ACTIVE,2020-01-01,9999-12-31
EMP000688,Jira,USR-36794,ACTIVE,2020-01-01,9999-12-31
EMP000689,Jira,USR-37686,ACTIVE,2020-01-01,9999-12-31
EMP000690,Jira,USR-43491,ACTIVE,2020-01-01,9999-12-31
EMP000691,Jira,USR-25726,ACTIVE,2020-01-01,9999-12-31
EMP000693,Jira,USR-33028,ACTIVE,2020-01-01,9999-12-31
EMP000694,Jira,USR-79806,ACTIVE,2020-01-01,9999-12-31
EMP000695,Jira,USR-75570,ACTIVE,2020-01-01,9999-12-31
EMP000696,Jira,USR-97562,ACTIVE,2020-01-01,9999-12-31
EMP000697,Jira,USR-19447,ACTIVE,2020-01-01,9999-12-31
EMP000699,Jira,USR-70260,ACTIVE,2020-01-01,9999-12-31
EMP000700,Jira,USR-51033,ACTIVE,2020-01-01,9999-12-31
EMP000701,Jira,USR-85156,ACTIVE,2020-01-01,9999-12-31
EMP000702,Jira,USR-93904,ACTIVE,2020-01-01,9999-12-31
EMP000703,Jira,USR-25096,ACTIVE,2020-01-01,9999-12-31
EMP000704,Jira,USR-52568,ACTIVE,2020-01-01,9999-12-31
EMP000705,Jira,USR-91018,ACTIVE,2020-01-01,9999-12-31
EMP000706,Jira,USR-57428,ACTIVE,2020-01-01,9999-12-31
EMP000707,Jira,USR-23875,ACTIVE,2020-01-01,9999-12-31
EMP000708,Jira,USR-87184,ACTIVE,2020-01-01,9999-12-31
EMP000709,Jira,USR-20308,ACTIVE,2020-01-01,9999-12-31
EMP000710,Jira,USR-50668,ACTIVE,2020-01-01,9999-12-31
EMP000711,Jira,USR-39041,ACTIVE,2020-01-01,9999-12-31
EMP000712,Jira,USR-32037,ACTIVE,2020-01-01,9999-12-31
EMP000713,Jira,USR-92998,ACTIVE,2020-01-01,9999-12-31
EMP000714,Jira,USR-76840,ACTIVE,2020-01-01,9999-12-31
EMP000715,Jira,USR-55793,ACTIVE,2020-01-01,9999-12-31
EMP000717,Jira,USR-40968,ACTIVE,2020-01-01,9999-12-31
EMP000718,Jira,USR-43550,ACTIVE,2020-01-01,9999-12-31
EMP000719,Jira,USR-88957,ACTIVE,2020-01-01,9999-12-31
EMP000720,Jira,USR-95918,ACTIVE,2020-01-01,9999-12-31
EMP000721,Jira,USR-92306,ACTIVE,2020-01-01,9999-12-31
EMP000722,Jira,USR-83889,ACTIVE,2020-01-01,9999-12-31
EMP000723,Jira,USR-68838,ACTIVE,2020-01-01,9999-12-31
EMP000724,Jira,USR-83989,ACTIVE,2020-01-01,9999-12-31
EMP000725,Jira,USR-91857,ACTIVE,2020-01-01,9999-12-31
EMP000726,Jira,USR-92210,ACTIVE,2020-01-01,9999-12-31
EMP000727,Jira,USR-67640,ACTIVE,2020-01-01,9999-12-31
EMP000728,Jira,USR-67961,ACTIVE,2020-01-01,9999-12-31
EMP000729,Jira,USR-46002,ACTIVE,2020-01-01,9999-12-31
EMP000730,Jira,USR-56129,ACTIVE,2020-01-01,9999-12-31
EMP000731,Jira,USR-50685,ACTIVE,2020-01-01,9999-12-31
EMP000732,Jira,USR-14929,ACTIVE,2020-01-01,9999-12-31
EMP000733,Jira,USR-47627,ACTIVE,2020-01-01,9999-12-31
EMP000734,Jira,USR-21835,ACTIVE,2020-01-01,9999-12-31
EMP000735,Jira,USR-76462,ACTIVE,2020-01-01,9999-12-31
EMP000736,Jira,USR-86064,ACTIVE,2020-01-01,9999-12-31
EMP000737,Jira,USR-15376,ACTIVE,2020-01-01,9999-12-31
EMP000738,Jira,USR-84928,ACTIVE,2020-01-01,9999-12-31
EMP000739,Jira,USR-52143,ACTIVE,2020-01-01,9999-12-31
EMP000740,Jira,USR-75715,ACTIVE,2020-01-01,9999-12-31
EMP000742,Jira,USR-55015,ACTIVE,2020-01-01,9999-12-31
EMP000743,Jira,USR-21053,ACTIVE,2020-01-01,9999-12-31
EMP000744,Jira,USR-32617,ACTIVE,2020-01-01,9999-12-31
EMP000746,Jira,USR-67595,ACTIVE,2020-01-01,9999-12-31
EMP000747,Jira,USR-89928,ACTIVE,2020-01-01,9999-12-31
EMP000748,Jira,USR-58870,ACTIVE,2020-01-01,9999-12-31
EMP000749,Jira,USR-60779,ACTIVE,2020-01-01,9999-12-31
EMP000750,Jira,USR-54350,ACTIVE,2020-01-01,9999-12-31
EMP000751,Jira,USR-16863,ACTIVE,2020-01-01,9999-12-31
EMP000752,Jira,USR-94843,ACTIVE,2020-01-01,9999-12-31
EMP000753,Jira,USR-53213,ACTIVE,2020-01-01,9999-12-31
EMP000754,Jira,USR-98916,ACTIVE,2020-01-01,9999-12-31
EMP000755,Jira,USR-43029,ACTIVE,2020-01-01,9999-12-31
EMP000756,Jira,USR-96057,ACTIVE,2020-01-01,9999-12-31
EMP000758,Jira,USR-53694,ACTIVE,2020-01-01,9999-12-31
EMP000759,Jira,USR-96980,ACTIVE,2020-01-01,9999-12-31
EMP000760,Jira,USR-55851,ACTIVE,2020-01-01,9999-12-31
EMP000761,Jira,USR-95990,ACTIVE,2020-01-01,9999-12-31
EMP000762,Jira,USR-61374,ACTIVE,2020-01-01,9999-12-31
EMP000763,Jira,USR-21104,ACTIVE,2020-01-01,9999-12-31
EMP000764,Jira,USR-59372,ACTIVE,2020-01-01,9999-12-31
EMP000765,Jira,USR-53054,ACTIVE,2020-01-01,9999-12-31
EMP000766,Jira,USR-97833,ACTIVE,2020-01-01,9999-12-31
EMP000767,Jira,USR-99838,ACTIVE,2020-01-01,9999-12-31
EMP000768,Jira,USR-22249,ACTIVE,2020-01-01,9999-12-31
EMP000770,Jira,USR-12389,ACTIVE,2020-01-01,9999-12-31
EMP000771,Jira,USR-33627,ACTIVE,2020-01-01,9999-12-31
EMP000772,Jira,USR-54791,ACTIVE,2020-01-01,9999-12-31
EMP000773,Jira,USR-73736,ACTIVE,2020-01-01,9999-12-31
EMP000774,Jira,USR-28030,ACTIVE,2020-01-01,9999-12-31
EMP000775,Jira,USR-48770,ACTIVE,2020-01-01,9999-12-31
EMP000776,Jira,USR-23256,ACTIVE,2020-01-01,9999-12-31
EMP000777,Jira,USR-80748,ACTIVE,2020-01-01,9999-12-31
EMP000778,Jira,USR-79013,ACTIVE,2020-01-01,9999-12-31
EMP000780,Jira,USR-91006,ACTIVE,2020-01-01,9999-12-31
EMP000781,Jira,USR-59377,ACTIVE,2020-01-01,9999-12-31
EMP000782,Jira,USR-33703,ACTIVE,2020-01-01,9999-12-31
EMP000783,Jira,USR-91885,ACTIVE,2020-01-01,9999-12-31
EMP000784,Jira,USR-31697,ACTIVE,2020-01-01,9999-12-31
EMP000785,Jira,USR-15726,ACTIVE,2020-01-01,9999-12-31
EMP000786,Jira,USR-98652,ACTIVE,2020-01-01,9999-12-31
EMP000787,Jira,USR-68222,ACTIVE,2020-01-01,9999-12-31
EMP000788,Jira,USR-68841,ACTIVE,2020-01-01,9999-12-31
EMP000789,Jira,USR-41348,ACTIVE,2020-01-01,9999-12-31
EMP000790,Jira,USR-71474,ACTIVE,2020-01-01,9999-12-31
EMP000791,Jira,USR-35430,ACTIVE,2020-01-01,9999-12-31
EMP000792,Jira,USR-84766,ACTIVE,2020-01-01,9999-12-31
EMP000793,Jira,USR-70513,ACTIVE,2020-01-01,9999-12-31
EMP000794,Jira,USR-60052,ACTIVE,2020-01-01,9999-12-31
EMP000795,Jira,USR-64874,ACTIVE,2020-01-01,9999-12-31
EMP000796,Jira,USR-36174,ACTIVE,2020-01-01,9999-12-31
EMP000797,Jira,USR-28140,ACTIVE,2020-01-01,9999-12-31
EMP000798,Jira,USR-16839,ACTIVE,2020-01-01,9999-12-31
EMP000799,Jira,USR-58655,ACTIVE,2020-01-01,9999-12-31
EMP000800,Jira,USR-23446,ACTIVE,2020-01-01,9999-12-31
EMP000801,Jira,USR-77621,ACTIVE,2020-01-01,9999-12-31
EMP000802,Jira,USR-47363,ACTIVE,2020-01-01,9999-12-31
EMP000803,Jira,USR-31012,ACTIVE,2020-01-01,9999-12-31
EMP000804,Jira,USR-77286,ACTIVE,2020-01-01,9999-12-31
EMP000805,Jira,USR-67340,ACTIVE,2020-01-01,9999-12-31
EMP000806,Jira,USR-39102,ACTIVE,2020-01-01,9999-12-31
EMP000807,Jira,USR-55820,ACTIVE,2020-01-01,9999-12-31
EMP000808,Jira,USR-64381,ACTIVE,2020-01-01,9999-12-31
EMP000809,Jira,USR-75799,ACTIVE,2020-01-01,9999-12-31
EMP000810,Jira,USR-60615,ACTIVE,2020-01-01,9999-12-31
EMP000811,Jira,USR-59140,ACTIVE,2020-01-01,9999-12-31
EMP000812,Jira,USR-51770,ACTIVE,2020-01-01,9999-12-31
EMP000813,Jira,USR-95191,ACTIVE,2020-01-01,9999-12-31
EMP000814,Jira,USR-29142,ACTIVE,2020-01-01,9999-12-31
EMP000815,Jira,USR-47601,ACTIVE,2020-01-01,9999-12-31
EMP000816,Jira,USR-71925,ACTIVE,2020-01-01,9999-12-31
EMP000817,Jira,USR-28191,ACTIVE,2020-01-01,9999-12-31
EMP000818,Jira,USR-71487,ACTIVE,2020-01-01,9999-12-31
EMP000819,Jira,USR-10688,ACTIVE,2020-01-01,9999-12-31
EMP000820,Jira,USR-12490,ACTIVE,2020-01-01,9999-12-31
EMP000821,Jira,USR-29597,ACTIVE,2020-01-01,9999-12-31
EMP000822,Jira,USR-89807,ACTIVE,2020-01-01,9999-12-31
EMP000823,Jira,USR-24573,ACTIVE,2020-01-01,9999-12-31
EMP000824,Jira,USR-41147,ACTIVE,2020-01-01,9999-12-31
EMP000825,Jira,USR-16258,ACTIVE,2020-01-01,9999-12-31
EMP000826,Jira,USR-93748,ACTIVE,2020-01-01,9999-12-31
EMP000827,Jira,USR-69914,ACTIVE,2020-01-01,9999-12-31
EMP000829,Jira,USR-12154,ACTIVE,2020-01-01,9999-12-31
EMP000830,Jira,USR-85372,ACTIVE,2020-01-01,9999-12-31
EMP000831,Jira,USR-28818,ACTIVE,2020-01-01,9999-12-31
EMP000832,Jira,USR-10205,ACTIVE,2020-01-01,9999-12-31
EMP000833,Jira,USR-41531,ACTIVE,2020-01-01,9999-12-31
EMP000834,Jira,USR-34551,ACTIVE,2020-01-01,9999-12-31
EMP000835,Jira,USR-21221,ACTIVE,2020-01-01,9999-12-31
EMP000836,Jira,USR-57265,ACTIVE,2020-01-01,9999-12-31
EMP000837,Jira,USR-78951,ACTIVE,2020-01-01,9999-12-31
EMP000838,Jira,USR-76535,ACTIVE,2020-01-01,9999-12-31
EMP000839,Jira,USR-61177,ACTIVE,2020-01-01,9999-12-31
EMP000840,Jira,USR-15706,ACTIVE,2020-01-01,9999-12-31
EMP000841,Jira,USR-58929,ACTIVE,2020-01-01,9999-12-31
EMP000842,Jira,USR-12128,ACTIVE,2020-01-01,9999-12-31
EMP000843,Jira,USR-18855,ACTIVE,2020-01-01,9999-12-31
EMP000844,Jira,USR-96127,ACTIVE,2020-01-01,9999-12-31
EMP000845,Jira,USR-86271,ACTIVE,2020-01-01,9999-12-31
EMP000846,Jira,USR-53583,ACTIVE,2020-01-01,9999-12-31
EMP000847,Jira,USR-56176,ACTIVE,2020-01-01,9999-12-31
EMP000848,Jira,USR-94252,ACTIVE,2020-01-01,9999-12-31
EMP000849,Jira,USR-99742,ACTIVE,2020-01-01,9999-12-31
EMP000850,Jira,USR-72722,ACTIVE,2020-01-01,9999-12-31
EMP000851,Jira,USR-27675,ACTIVE,2020-01-01,9999-12-31
EMP000852,Jira,USR-69988,ACTIVE,2020-01-01,9999-12-31
EMP000854,Jira,USR-36144,ACTIVE,2020-01-01,9999-12-31
EMP000855,Jira,USR-51365,ACTIVE,2020-01-01,9999-12-31
EMP000856,Jira,USR-77552,ACTIVE,2020-01-01,9999-12-31
EMP000857,Jira,USR-81176,ACTIVE,2020-01-01,9999-12-31
EMP000858,Jira,USR-14799,ACTIVE,2020-01-01,9999-12-31
EMP000860,Jira,USR-16265,ACTIVE,2020-01-01,9999-12-31
EMP000861,Jira,USR-53506,ACTIVE,2020-01-01,9999-12-31
EMP000862,Jira,USR-58237,ACTIVE,2020-01-01,9999-12-31
EMP000863,Jira,USR-62431,ACTIVE,2020-01-01,9999-12-31
EMP000864,Jira,USR-60678,ACTIVE,2020-01-01,9999-12-31
EMP000865,Jira,USR-34486,ACTIVE,2020-01-01,9999-12-31
EMP000866,Jira,USR-75211,ACTIVE,2020-01-01,9999-12-31
EMP000867,Jira,USR-78062,ACTIVE,2020-01-01,9999-12-31
EMP000868,Jira,USR-20828,ACTIVE,2020-01-01,9999-12-31
EMP000869,Jira,USR-20345,ACTIVE,2020-01-01,9999-12-31
EMP000870,Jira,USR-33652,ACTIVE,2020-01-01,9999-12-31
EMP000871,Jira,USR-52101,ACTIVE,2020-01-01,9999-12-31
EMP000872,Jira,USR-52981,ACTIVE,2020-01-01,9999-12-31
EMP000873,Jira,USR-50173,ACTIVE,2020-01-01,9999-12-31
EMP000874,Jira,USR-65851,ACTIVE,2020-01-01,9999-12-31
EMP000875,Jira,USR-68183,ACTIVE,2020-01-01,9999-12-31
EMP000876,Jira,USR-15551,ACTIVE,2020-01-01,9999-12-31
EMP000877,Jira,USR-56210,ACTIVE,2020-01-01,9999-12-31
EMP000878,Jira,USR-67008,ACTIVE,2020-01-01,9999-12-31
EMP000879,Jira,USR-17518,ACTIVE,2020-01-01,9999-12-31
EMP000880,Jira,USR-93560,ACTIVE,2020-01-01,9999-12-31
EMP000881,Jira,USR-77251,ACTIVE,2020-01-01,9999-12-31
EMP000882,Jira,USR-99051,ACTIVE,2020-01-01,9999-12-31
EMP000883,Jira,USR-14081,ACTIVE,2020-01-01,9999-12-31
EMP000884,Jira,USR-89635,ACTIVE,2020-01-01,9999-12-31
EMP000885,Jira,USR-67432,ACTIVE,2020-01-01,9999-12-31
EMP000887,Jira,USR-94562,ACTIVE,2020-01-01,9999-12-31
EMP000888,Jira,USR-60181,ACTIVE,2020-01-01,9999-12-31
EMP000889,Jira,USR-14244,ACTIVE,2020-01-01,9999-12-31
EMP000890,Jira,USR-99006,ACTIVE,2020-01-01,9999-12-31
EMP000891,Jira,USR-58623,ACTIVE,2020-01-01,9999-12-31
EMP000892,Jira,USR-20077,ACTIVE,2020-01-01,9999-12-31
EMP000893,Jira,USR-79397,ACTIVE,2020-01-01,9999-12-31
EMP000894,Jira,USR-51207,ACTIVE,2020-01-01,9999-12-31
EMP000895,Jira,USR-42717,ACTIVE,2020-01-01,9999-12-31
EMP000896,Jira,USR-13396,ACTIVE,2020-01-01,9999-12-31
EMP000897,Jira,USR-75410,ACTIVE,2020-01-01,9999-12-31
EMP000898,Jira,USR-83619,ACTIVE,2020-01-01,9999-12-31
EMP000899,Jira,USR-44116,ACTIVE,2020-01-01,9999-12-31
EMP000900,Jira,USR-38124,ACTIVE,2020-01-01,9999-12-31
EMP000901,Jira,USR-47431,ACTIVE,2020-01-01,9999-12-31
EMP000902,Jira,USR-74382,ACTIVE,2020-01-01,9999-12-31
EMP000903,Jira,USR-27790,ACTIVE,2020-01-01,9999-12-31
EMP000904,Jira,USR-69250,ACTIVE,2020-01-01,9999-12-31
EMP000905,Jira,USR-68341,ACTIVE,2020-01-01,9999-12-31
EMP000906,Jira,USR-99381,ACTIVE,2020-01-01,9999-12-31
EMP000907,Jira,USR-51889,ACTIVE,2020-01-01,9999-12-31
EMP000908,Jira,USR-18511,ACTIVE,2020-01-01,9999-12-31
EMP000909,Jira,USR-48058,ACTIVE,2020-01-01,9999-12-31
EMP000910,Jira,USR-30644,ACTIVE,2020-01-01,9999-12-31
EMP000911,Jira,USR-93584,ACTIVE,2020-01-01,9999-12-31
EMP000912,Jira,USR-57381,ACTIVE,2020-01-01,9999-12-31
EMP000913,Jira,USR-25907,ACTIVE,2020-01-01,9999-12-31
EMP000914,Jira,USR-28202,ACTIVE,2020-01-01,9999-12-31
EMP000915,Jira,USR-74752,ACTIVE,2020-01-01,9999-12-31
EMP000917,Jira,USR-58353,ACTIVE,2020-01-01,9999-12-31
EMP000918,Jira,USR-82305,ACTIVE,2020-01-01,9999-12-31
EMP000919,Jira,USR-21300,ACTIVE,2020-01-01,9999-12-31
EMP000920,Jira,USR-62187,ACTIVE,2020-01-01,9999-12-31
EMP000922,Jira,USR-63665,ACTIVE,2020-01-01,9999-12-31
EMP000923,Jira,USR-19666,ACTIVE,2020-01-01,9999-12-31
EMP000924,Jira,USR-51553,ACTIVE,2020-01-01,9999-12-31
EMP000925,Jira,USR-68979,ACTIVE,2020-01-01,9999-12-31
EMP000926,Jira,USR-77811,ACTIVE,2020-01-01,9999-12-31
EMP000927,Jira,USR-82260,ACTIVE,2020-01-01,9999-12-31
EMP000928,Jira,USR-33850,ACTIVE,2020-01-01,9999-12-31
EMP000929,Jira,USR-26912,ACTIVE,2020-01-01,9999-12-31
EMP000930,Jira,USR-17263,ACTIVE,2020-01-01,9999-12-31
EMP000931,Jira,USR-77908,ACTIVE,2020-01-01,9999-12-31
EMP000932,Jira,USR-31581,ACTIVE,2020-01-01,9999-12-31
EMP000933,Jira,USR-39552,ACTIVE,2020-01-01,9999-12-31
EMP000934,Jira,USR-78012,ACTIVE,2020-01-01,9999-12-31
EMP000936,Jira,USR-93238,ACTIVE,2020-01-01,9999-12-31
EMP000937,Jira,USR-45972,ACTIVE,2020-01-01,9999-12-31
EMP000938,Jira,USR-49691,ACTIVE,2020-01-01,9999-12-31
EMP000939,Jira,USR-22245,ACTIVE,2020-01-01,9999-12-31
EMP000940,Jira,USR-32103,ACTIVE,2020-01-01,9999-12-31
EMP000941,Jira,USR-86106,ACTIVE,2020-01-01,9999-12-31
EMP000942,Jira,USR-96341,ACTIVE,2020-01-01,9999-12-31
EMP000943,Jira,USR-89316,ACTIVE,2020-01-01,9999-12-31
EMP000944,Jira,USR-83874,ACTIVE,2020-01-01,9999-12-31
EMP000946,Jira,USR-20646,ACTIVE,2020-01-01,9999-12-31
EMP000948,Jira,USR-85598,ACTIVE,2020-01-01,9999-12-31
EMP000949,Jira,USR-37631,ACTIVE,2020-01-01,9999-12-31
EMP000950,Jira,USR-64602,ACTIVE,2020-01-01,9999-12-31
EMP000952,Jira,USR-92203,ACTIVE,2020-01-01,9999-12-31
EMP000953,Jira,USR-94136,ACTIVE,2020-01-01,9999-12-31
EMP000954,Jira,USR-73300,ACTIVE,2020-01-01,9999-12-31
EMP000956,Jira,USR-69446,ACTIVE,2020-01-01,9999-12-31
EMP000957,Jira,USR-17852,ACTIVE,2020-01-01,9999-12-31
EMP000958,Jira,USR-64476,ACTIVE,2020-01-01,9999-12-31
EMP000959,Jira,USR-36741,ACTIVE,2020-01-01,9999-12-31
EMP000960,Jira,USR-28830,ACTIVE,2020-01-01,9999-12-31
EMP000961,Jira,USR-51853,ACTIVE,2020-01-01,9999-12-31
EMP000962,Jira,USR-55268,ACTIVE,2020-01-01,9999-12-31
EMP000963,Jira,USR-27139,ACTIVE,2020-01-01,9999-12-31
EMP000964,Jira,USR-77499,ACTIVE,2020-01-01,9999-12-31
EMP000965,Jira,USR-51827,ACTIVE,2020-01-01,9999-12-31
EMP000966,Jira,USR-26059,ACTIVE,2020-01-01,9999-12-31
EMP000399,Jira,USR-42495,ACTIVE,2020-01-01,9999-12-31
EMP000968,Jira,USR-16632,ACTIVE,2020-01-01,9999-12-31
EMP000969,Jira,USR-60351,ACTIVE,2020-01-01,9999-12-31
EMP000970,Jira,USR-64805,ACTIVE,2020-01-01,9999-12-31
EMP000971,Jira,USR-30932,ACTIVE,2020-01-01,9999-12-31
EMP000972,Jira,USR-85718,ACTIVE,2020-01-01,9999-12-31
EMP000973,Jira,USR-34881,ACTIVE,2020-01-01,9999-12-31
EMP000974,Jira,USR-75308,ACTIVE,2020-01-01,9999-12-31
EMP000975,Jira,USR-71186,ACTIVE,2020-01-01,9999-12-31
EMP000976,Jira,USR-50441,ACTIVE,2020-01-01,9999-12-31
EMP000977,Jira,USR-21802,ACTIVE,2020-01-01,9999-12-31
EMP000978,Jira,USR-76249,ACTIVE,2020-01-01,9999-12-31
EMP000979,Jira,USR-41552,ACTIVE,2020-01-01,9999-12-31
EMP000980,Jira,USR-56254,ACTIVE,2020-01-01,9999-12-31
EMP000982,Jira,USR-88317,ACTIVE,2020-01-01,9999-12-31
EMP000983,Jira,USR-95755,ACTIVE,2020-01-01,9999-12-31
EMP000984,Jira,USR-47453,ACTIVE,2020-01-01,9999-12-31
EMP000985,Jira,USR-24089,ACTIVE,2020-01-01,9999-12-31
EMP000986,Jira,USR-44664,ACTIVE,2020-01-01,9999-12-31
EMP000987,Jira,USR-62855,ACTIVE,2020-01-01,9999-12-31
EMP000988,Jira,USR-62505,ACTIVE,2020-01-01,9999-12-31
EMP000989,Jira,USR-83638,ACTIVE,2020-01-01,9999-12-31
EMP000990,Jira,USR-82512,ACTIVE,2020-01-01,9999-12-31
EMP000991,Jira,USR-60639,ACTIVE,2020-01-01,9999-12-31
EMP000992,Jira,USR-82070,ACTIVE,2020-01-01,9999-12-31
EMP000993,Jira,USR-91689,ACTIVE,2020-01-01,9999-12-31
EMP000994,Jira,USR-25572,ACTIVE,2020-01-01,9999-12-31
EMP000995,Jira,USR-22672,ACTIVE,2020-01-01,9999-12-31
EMP000996,Jira,USR-54444,ACTIVE,2020-01-01,9999-12-31
EMP000997,Jira,USR-57920,ACTIVE,2020-01-01,9999-12-31
EMP000998,Jira,USR-36090,ACTIVE,2020-01-01,9999-12-31
EMP000999,Jira,USR-62610,ACTIVE,2020-01-01,9999-12-31
EMP001000,Jira,USR-15938,ACTIVE,2020-01-01,9999-12-31
EMP000769,Jira,USR-15100,ACTIVE,2020-01-01,9999-12-31
EMP000805,Jira,USR-49294,ACTIVE,2020-01-01,9999-12-31
EMP000818,Jira,USR-92478,ACTIVE,2020-01-01,9999-12-31
EMP000834,Jira,USR-72973,ACTIVE,2020-01-01,9999-12-31
EMP000001,Git,GH-1409,ACTIVE,2020-01-01,9999-12-31
EMP000002,Git,GH-5012,ACTIVE,2020-01-01,9999-12-31
EMP000003,Git,GH-2679,ACTIVE,2020-01-01,9999-12-31
EMP000004,Git,GH-9935,ACTIVE,2020-01-01,9999-12-31
EMP000006,Git,GH-1488,ACTIVE,2020-01-01,9999-12-31
EMP000008,Git,GH-1434,ACTIVE,2020-01-01,9999-12-31
EMP000009,Git,GH-9928,ACTIVE,2020-01-01,9999-12-31
EMP000010,Git,GH-8359,ACTIVE,2020-01-01,9999-12-31
EMP000011,Git,GH-1106,ACTIVE,2020-01-01,9999-12-31
EMP000012,Git,GH-3615,ACTIVE,2020-01-01,9999-12-31
EMP000013,Git,GH-6574,ACTIVE,2020-01-01,9999-12-31
EMP000014,Git,GH-4527,ACTIVE,2020-01-01,9999-12-31
EMP000015,Git,GH-6514,ACTIVE,2020-01-01,9999-12-31
EMP000016,Git,GH-7224,ACTIVE,2020-01-01,9999-12-31
EMP000018,Git,GH-5333,ACTIVE,2020-01-01,9999-12-31
EMP000019,Git,GH-8527,ACTIVE,2020-01-01,9999-12-31
EMP000020,Git,GH-7201,ACTIVE,2020-01-01,9999-12-31
EMP000022,Git,GH-6925,ACTIVE,2020-01-01,9999-12-31
EMP000023,Git,GH-2139,ACTIVE,2020-01-01,9999-12-31
EMP000025,Git,GH-5741,ACTIVE,2020-01-01,9999-12-31
EMP000026,Git,GH-4814,ACTIVE,2020-01-01,9999-12-31
EMP000027,Git,GH-7227,ACTIVE,2020-01-01,9999-12-31
EMP000028,Git,GH-6977,ACTIVE,2020-01-01,9999-12-31
EMP000029,Git,GH-6820,ACTIVE,2020-01-01,9999-12-31
EMP000030,Git,GH-5374,ACTIVE,2020-01-01,9999-12-31
EMP000031,Git,GH-2169,ACTIVE,2020-01-01,9999-12-31
EMP000032,Git,GH-3803,ACTIVE,2020-01-01,9999-12-31
EMP000033,Git,GH-5010,ACTIVE,2020-01-01,9999-12-31
EMP000034,Git,GH-7216,ACTIVE,2020-01-01,9999-12-31
EMP000035,Git,GH-4598,ACTIVE,2020-01-01,9999-12-31
EMP000036,Git,GH-1916,ACTIVE,2020-01-01,9999-12-31
EMP000037,Git,GH-1525,ACTIVE,2020-01-01,9999-12-31
EMP000038,Git,GH-7572,ACTIVE,2020-01-01,9999-12-31
EMP000039,Git,GH-4456,ACTIVE,2020-01-01,9999-12-31
EMP000040,Git,GH-6155,ACTIVE,2020-01-01,9999-12-31
EMP000041,Git,GH-9179,ACTIVE,2020-01-01,9999-12-31
EMP000042,Git,GH-8517,ACTIVE,2020-01-01,9999-12-31
EMP000043,Git,GH-3287,ACTIVE,2020-01-01,9999-12-31
EMP000044,Git,GH-9830,ACTIVE,2020-01-01,9999-12-31
EMP000045,Git,GH-8019,ACTIVE,2020-01-01,9999-12-31
EMP000046,Git,GH-7543,ACTIVE,2020-01-01,9999-12-31
EMP000047,Git,GH-3266,ACTIVE,2020-01-01,9999-12-31
EMP000048,Git,GH-2489,ACTIVE,2020-01-01,9999-12-31
EMP000049,Git,GH-2796,ACTIVE,2020-01-01,9999-12-31
EMP000050,Git,GH-3621,ACTIVE,2020-01-01,9999-12-31
EMP000051,Git,GH-7916,ACTIVE,2020-01-01,9999-12-31
EMP000052,Git,GH-7304,ACTIVE,2020-01-01,9999-12-31
EMP000053,Git,GH-8668,ACTIVE,2020-01-01,9999-12-31
EMP000054,Git,GH-1188,ACTIVE,2020-01-01,9999-12-31
EMP000055,Git,GH-2876,ACTIVE,2020-01-01,9999-12-31
EMP000056,Git,GH-9797,ACTIVE,2020-01-01,9999-12-31
EMP000057,Git,GH-6573,ACTIVE,2020-01-01,9999-12-31
EMP000058,Git,GH-8123,ACTIVE,2020-01-01,9999-12-31
EMP000059,Git,GH-1053,ACTIVE,2020-01-01,9999-12-31
EMP000060,Git,GH-5315,ACTIVE,2020-01-01,9999-12-31
EMP000062,Git,GH-2743,ACTIVE,2020-01-01,9999-12-31
EMP000063,Git,GH-5889,ACTIVE,2020-01-01,9999-12-31
EMP000064,Git,GH-9317,ACTIVE,2020-01-01,9999-12-31
EMP000065,Git,GH-3504,ACTIVE,2020-01-01,9999-12-31
EMP000066,Git,GH-3646,ACTIVE,2020-01-01,9999-12-31
EMP000067,Git,GH-9689,ACTIVE,2020-01-01,9999-12-31
EMP000068,Git,GH-6310,ACTIVE,2020-01-01,9999-12-31
EMP000069,Git,GH-2832,ACTIVE,2020-01-01,9999-12-31
EMP000071,Git,GH-4946,ACTIVE,2020-01-01,9999-12-31
EMP000072,Git,GH-2290,ACTIVE,2020-01-01,9999-12-31
EMP000074,Git,GH-2133,ACTIVE,2020-01-01,9999-12-31
EMP000076,Git,GH-3103,ACTIVE,2020-01-01,9999-12-31
EMP000077,Git,GH-3705,ACTIVE,2020-01-01,9999-12-31
EMP000078,Git,GH-7932,ACTIVE,2020-01-01,9999-12-31
EMP000079,Git,GH-9835,ACTIVE,2020-01-01,9999-12-31
EMP000080,Git,GH-4295,ACTIVE,2020-01-01,9999-12-31
EMP000081,Git,GH-7537,ACTIVE,2020-01-01,9999-12-31
EMP000082,Git,GH-7118,ACTIVE,2020-01-01,9999-12-31
EMP000083,Git,GH-9479,ACTIVE,2020-01-01,9999-12-31
EMP000084,Git,GH-5061,ACTIVE,2020-01-01,9999-12-31
EMP000085,Git,GH-6539,ACTIVE,2020-01-01,9999-12-31
EMP000087,Git,GH-4608,ACTIVE,2020-01-01,9999-12-31
EMP000089,Git,GH-1964,ACTIVE,2020-01-01,9999-12-31
EMP000091,Git,GH-2160,ACTIVE,2020-01-01,9999-12-31
EMP000092,Git,GH-5562,ACTIVE,2020-01-01,9999-12-31
EMP000093,Git,GH-4510,ACTIVE,2020-01-01,9999-12-31
EMP000094,Git,GH-8744,ACTIVE,2020-01-01,9999-12-31
EMP000095,Git,GH-8749,ACTIVE,2020-01-01,9999-12-31
EMP000096,Git,GH-4119,ACTIVE,2020-01-01,9999-12-31
EMP000098,Git,GH-6804,ACTIVE,2020-01-01,9999-12-31
EMP000099,Git,GH-8651,ACTIVE,2020-01-01,9999-12-31
EMP000100,Git,GH-1887,ACTIVE,2020-01-01,9999-12-31
EMP000101,Git,GH-2612,ACTIVE,2020-01-01,9999-12-31
EMP000103,Git,GH-2790,ACTIVE,2020-01-01,9999-12-31
EMP000104,Git,GH-4116,ACTIVE,2020-01-01,9999-12-31
EMP000106,Git,GH-5563,ACTIVE,2020-01-01,9999-12-31
EMP000107,Git,GH-2235,ACTIVE,2020-01-01,9999-12-31
EMP000108,Git,GH-2604,ACTIVE,2020-01-01,9999-12-31
EMP000110,Git,GH-1241,ACTIVE,2020-01-01,9999-12-31
EMP000111,Git,GH-4872,ACTIVE,2020-01-01,9999-12-31
EMP000112,Git,GH-8956,ACTIVE,2020-01-01,9999-12-31
EMP000113,Git,GH-7570,ACTIVE,2020-01-01,9999-12-31
EMP000114,Git,GH-3697,ACTIVE,2020-01-01,9999-12-31
EMP000115,Git,GH-7396,ACTIVE,2020-01-01,9999-12-31
EMP000116,Git,GH-8454,ACTIVE,2020-01-01,9999-12-31
EMP000117,Git,GH-8973,ACTIVE,2020-01-01,9999-12-31
EMP000118,Git,GH-5861,ACTIVE,2020-01-01,9999-12-31
EMP000119,Git,GH-1958,ACTIVE,2020-01-01,9999-12-31
EMP000120,Git,GH-9883,ACTIVE,2020-01-01,9999-12-31
EMP000122,Git,GH-1821,ACTIVE,2020-01-01,9999-12-31
EMP000123,Git,GH-9238,ACTIVE,2020-01-01,9999-12-31
EMP000124,Git,GH-9701,ACTIVE,2020-01-01,9999-12-31
EMP000125,Git,GH-9320,ACTIVE,2020-01-01,9999-12-31
EMP000127,Git,GH-2113,ACTIVE,2020-01-01,9999-12-31
EMP000129,Git,GH-5033,ACTIVE,2020-01-01,9999-12-31
EMP000130,Git,GH-1651,ACTIVE,2020-01-01,9999-12-31
EMP000131,Git,GH-7868,ACTIVE,2020-01-01,9999-12-31
EMP000132,Git,GH-9565,ACTIVE,2020-01-01,9999-12-31
EMP000133,Git,GH-5272,ACTIVE,2020-01-01,9999-12-31
EMP000134,Git,GH-6147,ACTIVE,2020-01-01,9999-12-31
EMP000135,Git,GH-7484,ACTIVE,2020-01-01,9999-12-31
EMP000136,Git,GH-5915,ACTIVE,2020-01-01,9999-12-31
EMP000137,Git,GH-2188,ACTIVE,2020-01-01,9999-12-31
EMP000139,Git,GH-2638,ACTIVE,2020-01-01,9999-12-31
EMP000141,Git,GH-5345,ACTIVE,2020-01-01,9999-12-31
EMP000143,Git,GH-5002,ACTIVE,2020-01-01,9999-12-31
EMP000144,Git,GH-3584,ACTIVE,2020-01-01,9999-12-31
EMP000145,Git,GH-9900,ACTIVE,2020-01-01,9999-12-31
EMP000146,Git,GH-9666,ACTIVE,2020-01-01,9999-12-31
EMP000148,Git,GH-5905,ACTIVE,2020-01-01,9999-12-31
EMP000149,Git,GH-2697,ACTIVE,2020-01-01,9999-12-31
EMP000150,Git,GH-3200,ACTIVE,2020-01-01,9999-12-31
EMP000151,Git,GH-2753,ACTIVE,2020-01-01,9999-12-31
EMP000152,Git,GH-3546,ACTIVE,2020-01-01,9999-12-31
EMP000153,Git,GH-4450,ACTIVE,2020-01-01,9999-12-31
EMP000154,Git,GH-4335,ACTIVE,2020-01-01,9999-12-31
EMP000155,Git,GH-5325,ACTIVE,2020-01-01,9999-12-31
EMP000156,Git,GH-5114,ACTIVE,2020-01-01,9999-12-31
EMP000157,Git,GH-1832,ACTIVE,2020-01-01,9999-12-31
EMP000159,Git,GH-5533,ACTIVE,2020-01-01,9999-12-31
EMP000161,Git,GH-3143,ACTIVE,2020-01-01,9999-12-31
EMP000162,Git,GH-5291,ACTIVE,2020-01-01,9999-12-31
EMP000163,Git,GH-8239,ACTIVE,2020-01-01,9999-12-31
EMP000164,Git,GH-8007,ACTIVE,2020-01-01,9999-12-31
EMP000165,Git,GH-2832,ACTIVE,2020-01-01,9999-12-31
EMP000167,Git,GH-3442,ACTIVE,2020-01-01,9999-12-31
EMP000169,Git,GH-3426,ACTIVE,2020-01-01,9999-12-31
EMP000170,Git,GH-1685,ACTIVE,2020-01-01,9999-12-31
EMP000171,Git,GH-1653,ACTIVE,2020-01-01,9999-12-31
EMP000172,Git,GH-4441,ACTIVE,2020-01-01,9999-12-31
EMP000173,Git,GH-2684,ACTIVE,2020-01-01,9999-12-31
EMP000174,Git,GH-7658,ACTIVE,2020-01-01,9999-12-31
EMP000175,Git,GH-3532,ACTIVE,2020-01-01,9999-12-31
EMP000177,Git,GH-3900,ACTIVE,2020-01-01,9999-12-31
EMP000178,Git,GH-1406,ACTIVE,2020-01-01,9999-12-31
EMP000179,Git,GH-6442,ACTIVE,2020-01-01,9999-12-31
EMP000180,Git,GH-7745,ACTIVE,2020-01-01,9999-12-31
EMP000181,Git,GH-5065,ACTIVE,2020-01-01,9999-12-31
EMP000182,Git,GH-2771,ACTIVE,2020-01-01,9999-12-31
EMP000183,Git,GH-1634,ACTIVE,2020-01-01,9999-12-31
EMP000185,Git,GH-8541,ACTIVE,2020-01-01,9999-12-31
EMP000186,Git,GH-4728,ACTIVE,2020-01-01,9999-12-31
EMP000187,Git,GH-4164,ACTIVE,2020-01-01,9999-12-31
EMP000188,Git,GH-5564,ACTIVE,2020-01-01,9999-12-31
EMP000189,Git,GH-5573,ACTIVE,2020-01-01,9999-12-31
EMP000190,Git,GH-9346,ACTIVE,2020-01-01,9999-12-31
EMP000191,Git,GH-9785,ACTIVE,2020-01-01,9999-12-31
EMP000192,Git,GH-1452,ACTIVE,2020-01-01,9999-12-31
EMP000193,Git,GH-5279,ACTIVE,2020-01-01,9999-12-31
EMP000194,Git,GH-5349,ACTIVE,2020-01-01,9999-12-31
EMP000196,Git,GH-6663,ACTIVE,2020-01-01,9999-12-31
EMP000197,Git,GH-6139,ACTIVE,2020-01-01,9999-12-31
EMP000198,Git,GH-9379,ACTIVE,2020-01-01,9999-12-31
EMP000199,Git,GH-4114,ACTIVE,2020-01-01,9999-12-31
EMP000200,Git,GH-8144,ACTIVE,2020-01-01,9999-12-31
EMP000202,Git,GH-9821,ACTIVE,2020-01-01,9999-12-31
EMP000203,Git,GH-4228,ACTIVE,2020-01-01,9999-12-31
EMP000204,Git,GH-2146,ACTIVE,2020-01-01,9999-12-31
EMP000206,Git,GH-3041,ACTIVE,2020-01-01,9999-12-31
EMP000207,Git,GH-5920,ACTIVE,2020-01-01,9999-12-31
EMP000208,Git,GH-7691,ACTIVE,2020-01-01,9999-12-31
EMP000209,Git,GH-5844,ACTIVE,2020-01-01,9999-12-31
EMP000210,Git,GH-4143,ACTIVE,2020-01-01,9999-12-31
EMP000211,Git,GH-7211,ACTIVE,2020-01-01,9999-12-31
EMP000212,Git,GH-3851,ACTIVE,2020-01-01,9999-12-31
EMP000213,Git,GH-5930,ACTIVE,2020-01-01,9999-12-31
EMP000215,Git,GH-4443,ACTIVE,2020-01-01,9999-12-31
EMP000216,Git,GH-6279,ACTIVE,2020-01-01,9999-12-31
EMP000217,Git,GH-8244,ACTIVE,2020-01-01,9999-12-31
EMP000218,Git,GH-9375,ACTIVE,2020-01-01,9999-12-31
EMP000219,Git,GH-3780,ACTIVE,2020-01-01,9999-12-31
EMP000220,Git,GH-5649,ACTIVE,2020-01-01,9999-12-31
EMP000221,Git,GH-6491,ACTIVE,2020-01-01,9999-12-31
EMP000223,Git,GH-4848,ACTIVE,2020-01-01,9999-12-31
EMP000224,Git,GH-4680,ACTIVE,2020-01-01,9999-12-31
EMP000225,Git,GH-3414,ACTIVE,2020-01-01,9999-12-31
EMP000203,Git,GH-8784,ACTIVE,2020-01-01,9999-12-31
EMP000228,Git,GH-2193,ACTIVE,2020-01-01,9999-12-31
EMP000229,Git,GH-4185,ACTIVE,2020-01-01,9999-12-31
EMP000231,Git,GH-4997,ACTIVE,2020-01-01,9999-12-31
EMP000232,Git,GH-1090,ACTIVE,2020-01-01,9999-12-31
EMP000233,Git,GH-2746,ACTIVE,2020-01-01,9999-12-31
EMP000234,Git,GH-4585,ACTIVE,2020-01-01,9999-12-31
EMP000235,Git,GH-9486,ACTIVE,2020-01-01,9999-12-31
EMP000236,Git,GH-5082,ACTIVE,2020-01-01,9999-12-31
EMP000237,Git,GH-2988,ACTIVE,2020-01-01,9999-12-31
EMP000238,Git,GH-8612,ACTIVE,2020-01-01,9999-12-31
EMP000239,Git,GH-6198,ACTIVE,2020-01-01,9999-12-31
EMP000240,Git,GH-8251,ACTIVE,2020-01-01,9999-12-31
EMP000241,Git,GH-9270,ACTIVE,2020-01-01,9999-12-31
EMP000242,Git,GH-9976,ACTIVE,2020-01-01,9999-12-31
EMP000243,Git,GH-3607,ACTIVE,2020-01-01,9999-12-31
EMP000244,Git,GH-8777,ACTIVE,2020-01-01,9999-12-31
EMP000245,Git,GH-5050,ACTIVE,2020-01-01,9999-12-31
EMP000246,Git,GH-5543,ACTIVE,2020-01-01,9999-12-31
EMP000247,Git,GH-9540,ACTIVE,2020-01-01,9999-12-31
EMP000249,Git,GH-2269,ACTIVE,2020-01-01,9999-12-31
EMP000250,Git,GH-4841,ACTIVE,2020-01-01,9999-12-31
EMP000251,Git,GH-6238,ACTIVE,2020-01-01,9999-12-31
EMP000252,Git,GH-2320,ACTIVE,2020-01-01,9999-12-31
EMP000253,Git,GH-4788,ACTIVE,2020-01-01,9999-12-31
EMP000254,Git,GH-3503,ACTIVE,2020-01-01,9999-12-31
EMP000255,Git,GH-2052,ACTIVE,2020-01-01,9999-12-31
EMP000256,Git,GH-6421,ACTIVE,2020-01-01,9999-12-31
EMP000257,Git,GH-7812,ACTIVE,2020-01-01,9999-12-31
EMP000259,Git,GH-7381,ACTIVE,2020-01-01,9999-12-31
EMP000260,Git,GH-1320,ACTIVE,2020-01-01,9999-12-31
EMP000261,Git,GH-7232,ACTIVE,2020-01-01,9999-12-31
EMP000262,Git,GH-6763,ACTIVE,2020-01-01,9999-12-31
EMP000263,Git,GH-7389,ACTIVE,2020-01-01,9999-12-31
EMP000264,Git,GH-7865,ACTIVE,2020-01-01,9999-12-31
EMP000265,Git,GH-9947,ACTIVE,2020-01-01,9999-12-31
EMP000266,Git,GH-4613,ACTIVE,2020-01-01,9999-12-31
EMP000267,Git,GH-5471,ACTIVE,2020-01-01,9999-12-31
EMP000268,Git,GH-1475,ACTIVE,2020-01-01,9999-12-31
EMP000269,Git,GH-7624,ACTIVE,2020-01-01,9999-12-31
EMP000270,Git,GH-8657,ACTIVE,2020-01-01,9999-12-31
EMP000271,Git,GH-9751,ACTIVE,2020-01-01,9999-12-31
EMP000273,Git,GH-1444,ACTIVE,2020-01-01,9999-12-31
EMP000275,Git,GH-8564,ACTIVE,2020-01-01,9999-12-31
EMP000276,Git,GH-5262,ACTIVE,2020-01-01,9999-12-31
EMP000277,Git,GH-4467,ACTIVE,2020-01-01,9999-12-31
EMP000278,Git,GH-6529,ACTIVE,2020-01-01,9999-12-31
EMP000279,Git,GH-7211,ACTIVE,2020-01-01,9999-12-31
EMP000280,Git,GH-7906,ACTIVE,2020-01-01,9999-12-31
EMP000281,Git,GH-2341,ACTIVE,2020-01-01,9999-12-31
EMP000282,Git,GH-9837,ACTIVE,2020-01-01,9999-12-31
EMP000284,Git,GH-4673,ACTIVE,2020-01-01,9999-12-31
EMP000286,Git,GH-5051,ACTIVE,2020-01-01,9999-12-31
EMP000287,Git,GH-1333,ACTIVE,2020-01-01,9999-12-31
EMP000288,Git,GH-4908,ACTIVE,2020-01-01,9999-12-31
EMP000289,Git,GH-2874,ACTIVE,2020-01-01,9999-12-31
EMP000290,Git,GH-4571,ACTIVE,2020-01-01,9999-12-31
EMP000291,Git,GH-5198,ACTIVE,2020-01-01,9999-12-31
EMP000292,Git,GH-3749,ACTIVE,2020-01-01,9999-12-31
EMP000293,Git,GH-2876,ACTIVE,2020-01-01,9999-12-31
EMP000294,Git,GH-3683,ACTIVE,2020-01-01,9999-12-31
EMP000295,Git,GH-2771,ACTIVE,2020-01-01,9999-12-31
EMP000296,Git,GH-6111,ACTIVE,2020-01-01,9999-12-31
EMP000297,Git,GH-7149,ACTIVE,2020-01-01,9999-12-31
EMP000298,Git,GH-4249,ACTIVE,2020-01-01,9999-12-31
EMP000300,Git,GH-4978,ACTIVE,2020-01-01,9999-12-31
EMP000302,Git,GH-2983,ACTIVE,2020-01-01,9999-12-31
EMP000303,Git,GH-1672,ACTIVE,2020-01-01,9999-12-31
EMP000304,Git,GH-8018,ACTIVE,2020-01-01,9999-12-31
EMP000306,Git,GH-6590,ACTIVE,2020-01-01,9999-12-31
EMP000308,Git,GH-9031,ACTIVE,2020-01-01,9999-12-31
EMP000309,Git,GH-6934,ACTIVE,2020-01-01,9999-12-31
EMP000310,Git,GH-8532,ACTIVE,2020-01-01,9999-12-31
EMP000311,Git,GH-8135,ACTIVE,2020-01-01,9999-12-31
EMP000312,Git,GH-9548,ACTIVE,2020-01-01,9999-12-31
EMP000313,Git,GH-5425,ACTIVE,2020-01-01,9999-12-31
EMP000314,Git,GH-9817,ACTIVE,2020-01-01,9999-12-31
EMP000315,Git,GH-8616,ACTIVE,2020-01-01,9999-12-31
EMP000316,Git,GH-5397,ACTIVE,2020-01-01,9999-12-31
EMP000317,Git,GH-5022,ACTIVE,2020-01-01,9999-12-31
EMP000318,Git,GH-2419,ACTIVE,2020-01-01,9999-12-31
EMP000319,Git,GH-8385,ACTIVE,2020-01-01,9999-12-31
EMP000321,Git,GH-7209,ACTIVE,2020-01-01,9999-12-31
EMP000322,Git,GH-9098,ACTIVE,2020-01-01,9999-12-31
EMP000323,Git,GH-3979,ACTIVE,2020-01-01,9999-12-31
EMP000324,Git,GH-6813,ACTIVE,2020-01-01,9999-12-31
EMP000325,Git,GH-6576,ACTIVE,2020-01-01,9999-12-31
EMP000327,Git,GH-9464,ACTIVE,2020-01-01,9999-12-31
EMP000328,Git,GH-2402,ACTIVE,2020-01-01,9999-12-31
EMP000329,Git,GH-7658,ACTIVE,2020-01-01,9999-12-31
EMP000330,Git,GH-4937,ACTIVE,2020-01-01,9999-12-31
EMP000331,Git,GH-9041,ACTIVE,2020-01-01,9999-12-31
EMP000332,Git,GH-1282,ACTIVE,2020-01-01,9999-12-31
EMP000334,Git,GH-4986,ACTIVE,2020-01-01,9999-12-31
EMP000335,Git,GH-7046,ACTIVE,2020-01-01,9999-12-31
EMP000336,Git,GH-9698,ACTIVE,2020-01-01,9999-12-31
EMP000338,Git,GH-8434,ACTIVE,2020-01-01,9999-12-31
EMP000339,Git,GH-5118,ACTIVE,2020-01-01,9999-12-31
EMP000340,Git,GH-4155,ACTIVE,2020-01-01,9999-12-31
EMP000341,Git,GH-9779,ACTIVE,2020-01-01,9999-12-31
EMP000342,Git,GH-4033,ACTIVE,2020-01-01,9999-12-31
EMP000343,Git,GH-8933,ACTIVE,2020-01-01,9999-12-31
EMP000344,Git,GH-9595,ACTIVE,2020-01-01,9999-12-31
EMP000345,Git,GH-2647,ACTIVE,2020-01-01,9999-12-31
EMP000346,Git,GH-5853,ACTIVE,2020-01-01,9999-12-31
EMP000347,Git,GH-3939,ACTIVE,2020-01-01,9999-12-31
EMP000348,Git,GH-9751,ACTIVE,2020-01-01,9999-12-31
EMP000349,Git,GH-1745,ACTIVE,2020-01-01,9999-12-31
EMP000350,Git,GH-5786,ACTIVE,2020-01-01,9999-12-31
EMP000351,Git,GH-3068,ACTIVE,2020-01-01,9999-12-31
EMP000352,Git,GH-9042,ACTIVE,2020-01-01,9999-12-31
EMP000353,Git,GH-1200,ACTIVE,2020-01-01,9999-12-31
EMP000354,Git,GH-8690,ACTIVE,2020-01-01,9999-12-31
EMP000355,Git,GH-6582,ACTIVE,2020-01-01,9999-12-31
EMP000356,Git,GH-1841,ACTIVE,2020-01-01,9999-12-31
EMP000357,Git,GH-8827,ACTIVE,2020-01-01,9999-12-31
EMP000358,Git,GH-2070,ACTIVE,2020-01-01,9999-12-31
EMP000359,Git,GH-2213,ACTIVE,2020-01-01,9999-12-31
EMP000360,Git,GH-1878,ACTIVE,2020-01-01,9999-12-31
EMP000361,Git,GH-5978,ACTIVE,2020-01-01,9999-12-31
EMP000363,Git,GH-7818,ACTIVE,2020-01-01,9999-12-31
EMP000365,Git,GH-7232,ACTIVE,2020-01-01,9999-12-31
EMP000366,Git,GH-8253,ACTIVE,2020-01-01,9999-12-31
EMP000367,Git,GH-8025,ACTIVE,2020-01-01,9999-12-31
EMP000368,Git,GH-1986,ACTIVE,2020-01-01,9999-12-31
EMP000369,Git,GH-2625,ACTIVE,2020-01-01,9999-12-31
EMP000370,Git,GH-4404,ACTIVE,2020-01-01,9999-12-31
EMP000371,Git,GH-5335,ACTIVE,2020-01-01,9999-12-31
EMP000372,Git,GH-3573,ACTIVE,2020-01-01,9999-12-31
EMP000373,Git,GH-2229,ACTIVE,2020-01-01,9999-12-31
EMP000374,Git,GH-7693,ACTIVE,2020-01-01,9999-12-31
EMP000375,Git,GH-8699,ACTIVE,2020-01-01,9999-12-31
EMP000376,Git,GH-4792,ACTIVE,2020-01-01,9999-12-31
EMP000377,Git,GH-5632,ACTIVE,2020-01-01,9999-12-31
EMP000378,Git,GH-8438,ACTIVE,2020-01-01,9999-12-31
EMP000380,Git,GH-5334,ACTIVE,2020-01-01,9999-12-31
EMP000381,Git,GH-4241,ACTIVE,2020-01-01,9999-12-31
EMP000382,Git,GH-9922,ACTIVE,2020-01-01,9999-12-31
EMP000383,Git,GH-3441,ACTIVE,2020-01-01,9999-12-31
EMP000384,Git,GH-3330,ACTIVE,2020-01-01,9999-12-31
EMP000386,Git,GH-6039,ACTIVE,2020-01-01,9999-12-31
EMP000387,Git,GH-5728,ACTIVE,2020-01-01,9999-12-31
EMP000388,Git,GH-8679,ACTIVE,2020-01-01,9999-12-31
EMP000390,Git,GH-9199,ACTIVE,2020-01-01,9999-12-31
EMP000394,Git,GH-6280,ACTIVE,2020-01-01,9999-12-31
EMP000395,Git,GH-1423,ACTIVE,2020-01-01,9999-12-31
EMP000397,Git,GH-1339,ACTIVE,2020-01-01,9999-12-31
EMP000398,Git,GH-5415,ACTIVE,2020-01-01,9999-12-31
EMP000399,Git,GH-3870,ACTIVE,2020-01-01,9999-12-31
EMP000400,Git,GH-8245,ACTIVE,2020-01-01,9999-12-31
EMP000401,Git,GH-3973,ACTIVE,2020-01-01,9999-12-31
EMP000402,Git,GH-8141,ACTIVE,2020-01-01,9999-12-31
EMP000403,Git,GH-9056,ACTIVE,2020-01-01,9999-12-31
EMP000404,Git,GH-8700,ACTIVE,2020-01-01,9999-12-31
EMP000405,Git,GH-6460,ACTIVE,2020-01-01,9999-12-31
EMP000406,Git,GH-2713,ACTIVE,2020-01-01,9999-12-31
EMP000407,Git,GH-6403,ACTIVE,2020-01-01,9999-12-31
EMP000408,Git,GH-9117,ACTIVE,2020-01-01,9999-12-31
EMP000409,Git,GH-7561,ACTIVE,2020-01-01,9999-12-31
EMP000410,Git,GH-1601,ACTIVE,2020-01-01,9999-12-31
EMP000411,Git,GH-6153,ACTIVE,2020-01-01,9999-12-31
EMP000412,Git,GH-2899,ACTIVE,2020-01-01,9999-12-31
EMP000414,Git,GH-1018,ACTIVE,2020-01-01,9999-12-31
EMP000416,Git,GH-1888,ACTIVE,2020-01-01,9999-12-31
EMP000417,Git,GH-6927,ACTIVE,2020-01-01,9999-12-31
EMP000418,Git,GH-9167,ACTIVE,2020-01-01,9999-12-31
EMP000419,Git,GH-1845,ACTIVE,2020-01-01,9999-12-31
EMP000420,Git,GH-9998,ACTIVE,2020-01-01,9999-12-31
EMP000421,Git,GH-5719,ACTIVE,2020-01-01,9999-12-31
EMP000422,Git,GH-8941,ACTIVE,2020-01-01,9999-12-31
EMP000423,Git,GH-4920,ACTIVE,2020-01-01,9999-12-31
EMP000424,Git,GH-6091,ACTIVE,2020-01-01,9999-12-31
EMP000425,Git,GH-7684,ACTIVE,2020-01-01,9999-12-31
EMP000427,Git,GH-2858,ACTIVE,2020-01-01,9999-12-31
EMP000428,Git,GH-2924,ACTIVE,2020-01-01,9999-12-31
EMP000429,Git,GH-3522,ACTIVE,2020-01-01,9999-12-31
EMP000430,Git,GH-5781,ACTIVE,2020-01-01,9999-12-31
EMP000431,Git,GH-5479,ACTIVE,2020-01-01,9999-12-31
EMP000432,Git,GH-8905,ACTIVE,2020-01-01,9999-12-31
EMP000433,Git,GH-4993,ACTIVE,2020-01-01,9999-12-31
EMP000434,Git,GH-3369,ACTIVE,2020-01-01,9999-12-31
EMP000435,Git,GH-9327,ACTIVE,2020-01-01,9999-12-31
EMP000437,Git,GH-5526,ACTIVE,2020-01-01,9999-12-31
EMP000438,Git,GH-7798,ACTIVE,2020-01-01,9999-12-31
EMP000439,Git,GH-9318,ACTIVE,2020-01-01,9999-12-31
EMP000440,Git,GH-1042,ACTIVE,2020-01-01,9999-12-31
EMP000441,Git,GH-5891,ACTIVE,2020-01-01,9999-12-31
EMP000442,Git,GH-9022,ACTIVE,2020-01-01,9999-12-31
EMP000443,Git,GH-8316,ACTIVE,2020-01-01,9999-12-31
EMP000444,Git,GH-6654,ACTIVE,2020-01-01,9999-12-31
EMP000445,Git,GH-9903,ACTIVE,2020-01-01,9999-12-31
EMP000446,Git,GH-6272,ACTIVE,2020-01-01,9999-12-31
EMP000447,Git,GH-4912,ACTIVE,2020-01-01,9999-12-31
EMP000448,Git,GH-4826,ACTIVE,2020-01-01,9999-12-31
EMP000449,Git,GH-7730,ACTIVE,2020-01-01,9999-12-31
EMP000451,Git,GH-7246,ACTIVE,2020-01-01,9999-12-31
EMP000452,Git,GH-3492,ACTIVE,2020-01-01,9999-12-31
EMP000453,Git,GH-1606,ACTIVE,2020-01-01,9999-12-31
EMP000454,Git,GH-6439,ACTIVE,2020-01-01,9999-12-31
EMP000455,Git,GH-8213,ACTIVE,2020-01-01,9999-12-31
EMP000457,Git,GH-1251,ACTIVE,2020-01-01,9999-12-31
EMP000458,Git,GH-7717,ACTIVE,2020-01-01,9999-12-31
EMP000459,Git,GH-3529,ACTIVE,2020-01-01,9999-12-31
EMP000461,Git,GH-5342,ACTIVE,2020-01-01,9999-12-31
EMP000462,Git,GH-7512,ACTIVE,2020-01-01,9999-12-31
EMP000463,Git,GH-6383,ACTIVE,2020-01-01,9999-12-31
EMP000464,Git,GH-9742,ACTIVE,2020-01-01,9999-12-31
EMP000465,Git,GH-6188,ACTIVE,2020-01-01,9999-12-31
EMP000466,Git,GH-8994,ACTIVE,2020-01-01,9999-12-31
EMP000467,Git,GH-1588,ACTIVE,2020-01-01,9999-12-31
EMP000468,Git,GH-4846,ACTIVE,2020-01-01,9999-12-31
EMP000469,Git,GH-5708,ACTIVE,2020-01-01,9999-12-31
EMP000470,Git,GH-2480,ACTIVE,2020-01-01,9999-12-31
EMP000471,Git,GH-2612,ACTIVE,2020-01-01,9999-12-31
EMP000472,Git,GH-2646,ACTIVE,2020-01-01,9999-12-31
EMP000473,Git,GH-5906,ACTIVE,2020-01-01,9999-12-31
EMP000474,Git,GH-1753,ACTIVE,2020-01-01,9999-12-31
EMP000475,Git,GH-1919,ACTIVE,2020-01-01,9999-12-31
EMP000476,Git,GH-7141,ACTIVE,2020-01-01,9999-12-31
EMP000477,Git,GH-5000,ACTIVE,2020-01-01,9999-12-31
EMP000478,Git,GH-3950,ACTIVE,2020-01-01,9999-12-31
EMP000479,Git,GH-2293,ACTIVE,2020-01-01,9999-12-31
EMP000480,Git,GH-7267,ACTIVE,2020-01-01,9999-12-31
EMP000481,Git,GH-4945,ACTIVE,2020-01-01,9999-12-31
EMP000483,Git,GH-5161,ACTIVE,2020-01-01,9999-12-31
EMP000484,Git,GH-1153,ACTIVE,2020-01-01,9999-12-31
EMP000485,Git,GH-8622,ACTIVE,2020-01-01,9999-12-31
EMP000486,Git,GH-9955,ACTIVE,2020-01-01,9999-12-31
EMP000487,Git,GH-8237,ACTIVE,2020-01-01,9999-12-31
EMP000488,Git,GH-5901,ACTIVE,2020-01-01,9999-12-31
EMP000489,Git,GH-7951,ACTIVE,2020-01-01,9999-12-31
EMP000490,Git,GH-8484,ACTIVE,2020-01-01,9999-12-31
EMP000491,Git,GH-4263,ACTIVE,2020-01-01,9999-12-31
EMP000492,Git,GH-8916,ACTIVE,2020-01-01,9999-12-31
EMP000493,Git,GH-7248,ACTIVE,2020-01-01,9999-12-31
EMP000494,Git,GH-5847,ACTIVE,2020-01-01,9999-12-31
EMP000495,Git,GH-5837,ACTIVE,2020-01-01,9999-12-31
EMP000497,Git,GH-7484,ACTIVE,2020-01-01,9999-12-31
EMP000498,Git,GH-1803,ACTIVE,2020-01-01,9999-12-31
EMP000499,Git,GH-9138,ACTIVE,2020-01-01,9999-12-31
EMP000500,Git,GH-5689,ACTIVE,2020-01-01,9999-12-31
EMP000501,Git,GH-4770,ACTIVE,2020-01-01,9999-12-31
EMP000502,Git,GH-6772,ACTIVE,2020-01-01,9999-12-31
EMP000504,Git,GH-3240,ACTIVE,2020-01-01,9999-12-31
EMP000505,Git,GH-1645,ACTIVE,2020-01-01,9999-12-31
EMP000506,Git,GH-8222,ACTIVE,2020-01-01,9999-12-31
EMP000510,Git,GH-7807,ACTIVE,2020-01-01,9999-12-31
EMP000511,Git,GH-3165,ACTIVE,2020-01-01,9999-12-31
EMP000512,Git,GH-6994,ACTIVE,2020-01-01,9999-12-31
EMP000513,Git,GH-5465,ACTIVE,2020-01-01,9999-12-31
EMP000514,Git,GH-5210,ACTIVE,2020-01-01,9999-12-31
EMP000515,Git,GH-8894,ACTIVE,2020-01-01,9999-12-31
EMP000516,Git,GH-5835,ACTIVE,2020-01-01,9999-12-31
EMP000517,Git,GH-6549,ACTIVE,2020-01-01,9999-12-31
EMP000518,Git,GH-8673,ACTIVE,2020-01-01,9999-12-31
EMP000519,Git,GH-3306,ACTIVE,2020-01-01,9999-12-31
EMP000521,Git,GH-7511,ACTIVE,2020-01-01,9999-12-31
EMP000522,Git,GH-6992,ACTIVE,2020-01-01,9999-12-31
EMP000524,Git,GH-5332,ACTIVE,2020-01-01,9999-12-31
EMP000525,Git,GH-8451,ACTIVE,2020-01-01,9999-12-31
EMP000526,Git,GH-5295,ACTIVE,2020-01-01,9999-12-31
EMP000527,Git,GH-7086,ACTIVE,2020-01-01,9999-12-31
EMP000528,Git,GH-4830,ACTIVE,2020-01-01,9999-12-31
EMP000529,Git,GH-6374,ACTIVE,2020-01-01,9999-12-31
EMP000530,Git,GH-4626,ACTIVE,2020-01-01,9999-12-31
EMP000531,Git,GH-8606,ACTIVE,2020-01-01,9999-12-31
EMP000532,Git,GH-5951,ACTIVE,2020-01-01,9999-12-31
EMP000533,Git,GH-2911,ACTIVE,2020-01-01,9999-12-31
EMP000534,Git,GH-1609,ACTIVE,2020-01-01,9999-12-31
EMP000535,Git,GH-9071,ACTIVE,2020-01-01,9999-12-31
EMP000536,Git,GH-4846,ACTIVE,2020-01-01,9999-12-31
EMP000537,Git,GH-3222,ACTIVE,2020-01-01,9999-12-31
EMP000538,Git,GH-7078,ACTIVE,2020-01-01,9999-12-31
EMP000539,Git,GH-9850,ACTIVE,2020-01-01,9999-12-31
EMP000540,Git,GH-3531,ACTIVE,2020-01-01,9999-12-31
EMP000541,Git,GH-2622,ACTIVE,2020-01-01,9999-12-31
EMP000542,Git,GH-7686,ACTIVE,2020-01-01,9999-12-31
EMP000543,Git,GH-5583,ACTIVE,2020-01-01,9999-12-31
EMP000545,Git,GH-8264,ACTIVE,2020-01-01,9999-12-31
EMP000546,Git,GH-4868,ACTIVE,2020-01-01,9999-12-31
EMP000547,Git,GH-2627,ACTIVE,2020-01-01,9999-12-31
EMP000548,Git,GH-7018,ACTIVE,2020-01-01,9999-12-31
EMP000549,Git,GH-6876,ACTIVE,2020-01-01,9999-12-31
EMP000551,Git,GH-3001,ACTIVE,2020-01-01,9999-12-31
EMP000552,Git,GH-8450,ACTIVE,2020-01-01,9999-12-31
EMP000556,Git,GH-3063,ACTIVE,2020-01-01,9999-12-31
EMP000557,Git,GH-4362,ACTIVE,2020-01-01,9999-12-31
EMP000559,Git,GH-4394,ACTIVE,2020-01-01,9999-12-31
EMP000560,Git,GH-4817,ACTIVE,2020-01-01,9999-12-31
EMP000561,Git,GH-3417,ACTIVE,2020-01-01,9999-12-31
EMP000562,Git,GH-1046,ACTIVE,2020-01-01,9999-12-31
EMP000563,Git,GH-3370,ACTIVE,2020-01-01,9999-12-31
EMP000564,Git,GH-9850,ACTIVE,2020-01-01,9999-12-31
EMP000566,Git,GH-1422,ACTIVE,2020-01-01,9999-12-31
EMP000568,Git,GH-4898,ACTIVE,2020-01-01,9999-12-31
EMP000569,Git,GH-1258,ACTIVE,2020-01-01,9999-12-31
EMP000570,Git,GH-1858,ACTIVE,2020-01-01,9999-12-31
EMP000571,Git,GH-7897,ACTIVE,2020-01-01,9999-12-31
EMP000572,Git,GH-2041,ACTIVE,2020-01-01,9999-12-31
EMP000573,Git,GH-6931,ACTIVE,2020-01-01,9999-12-31
EMP000574,Git,GH-2786,ACTIVE,2020-01-01,9999-12-31
EMP000575,Git,GH-4629,ACTIVE,2020-01-01,9999-12-31
EMP000576,Git,GH-1710,ACTIVE,2020-01-01,9999-12-31
EMP000577,Git,GH-9543,ACTIVE,2020-01-01,9999-12-31
EMP000580,Git,GH-7580,ACTIVE,2020-01-01,9999-12-31
EMP000581,Git,GH-2768,ACTIVE,2020-01-01,9999-12-31
EMP000582,Git,GH-8267,ACTIVE,2020-01-01,9999-12-31
EMP000585,Git,GH-2076,ACTIVE,2020-01-01,9999-12-31
EMP000586,Git,GH-9984,ACTIVE,2020-01-01,9999-12-31
EMP000587,Git,GH-7240,ACTIVE,2020-01-01,9999-12-31
EMP000589,Git,GH-9282,ACTIVE,2020-01-01,9999-12-31
EMP000590,Git,GH-2624,ACTIVE,2020-01-01,9999-12-31
EMP000591,Git,GH-2874,ACTIVE,2020-01-01,9999-12-31
EMP000592,Git,GH-4522,ACTIVE,2020-01-01,9999-12-31
EMP000593,Git,GH-4743,ACTIVE,2020-01-01,9999-12-31
EMP000594,Git,GH-8430,ACTIVE,2020-01-01,9999-12-31
EMP000595,Git,GH-2557,ACTIVE,2020-01-01,9999-12-31
EMP000597,Git,GH-7132,ACTIVE,2020-01-01,9999-12-31
EMP000598,Git,GH-8770,ACTIVE,2020-01-01,9999-12-31
EMP000600,Git,GH-2527,ACTIVE,2020-01-01,9999-12-31
EMP000601,Git,GH-7105,ACTIVE,2020-01-01,9999-12-31
EMP000602,Git,GH-1982,ACTIVE,2020-01-01,9999-12-31
EMP000603,Git,GH-6400,ACTIVE,2020-01-01,9999-12-31
EMP000604,Git,GH-7730,ACTIVE,2020-01-01,9999-12-31
EMP000605,Git,GH-7929,ACTIVE,2020-01-01,9999-12-31
EMP000606,Git,GH-1842,ACTIVE,2020-01-01,9999-12-31
EMP000607,Git,GH-6119,ACTIVE,2020-01-01,9999-12-31
EMP000608,Git,GH-9313,ACTIVE,2020-01-01,9999-12-31
EMP000609,Git,GH-8900,ACTIVE,2020-01-01,9999-12-31
EMP000610,Git,GH-2773,ACTIVE,2020-01-01,9999-12-31
EMP000611,Git,GH-7022,ACTIVE,2020-01-01,9999-12-31
EMP000612,Git,GH-5564,ACTIVE,2020-01-01,9999-12-31
EMP000613,Git,GH-8030,ACTIVE,2020-01-01,9999-12-31
EMP000614,Git,GH-1430,ACTIVE,2020-01-01,9999-12-31
EMP000615,Git,GH-5381,ACTIVE,2020-01-01,9999-12-31
EMP000617,Git,GH-6062,ACTIVE,2020-01-01,9999-12-31
EMP000618,Git,GH-6751,ACTIVE,2020-01-01,9999-12-31
EMP000620,Git,GH-7566,ACTIVE,2020-01-01,9999-12-31
EMP000622,Git,GH-1502,ACTIVE,2020-01-01,9999-12-31
EMP000624,Git,GH-7163,ACTIVE,2020-01-01,9999-12-31
EMP000625,Git,GH-6585,ACTIVE,2020-01-01,9999-12-31
EMP000626,Git,GH-6105,ACTIVE,2020-01-01,9999-12-31
EMP000627,Git,GH-2391,ACTIVE,2020-01-01,9999-12-31
EMP000628,Git,GH-3549,ACTIVE,2020-01-01,9999-12-31
EMP000629,Git,GH-1815,ACTIVE,2020-01-01,9999-12-31
EMP000630,Git,GH-5458,ACTIVE,2020-01-01,9999-12-31
EMP000631,Git,GH-7947,ACTIVE,2020-01-01,9999-12-31
EMP000632,Git,GH-8242,ACTIVE,2020-01-01,9999-12-31
EMP000633,Git,GH-4531,ACTIVE,2020-01-01,9999-12-31
EMP000634,Git,GH-2864,ACTIVE,2020-01-01,9999-12-31
EMP000635,Git,GH-2816,ACTIVE,2020-01-01,9999-12-31
EMP000636,Git,GH-8972,ACTIVE,2020-01-01,9999-12-31
EMP000637,Git,GH-6053,ACTIVE,2020-01-01,9999-12-31
EMP000639,Git,GH-1897,ACTIVE,2020-01-01,9999-12-31
EMP000641,Git,GH-4460,ACTIVE,2020-01-01,9999-12-31
EMP000642,Git,GH-5186,ACTIVE,2020-01-01,9999-12-31
EMP000643,Git,GH-2965,ACTIVE,2020-01-01,9999-12-31
EMP000645,Git,GH-3878,ACTIVE,2020-01-01,9999-12-31
EMP000646,Git,GH-9725,ACTIVE,2020-01-01,9999-12-31
EMP000647,Git,GH-9196,ACTIVE,2020-01-01,9999-12-31
EMP000648,Git,GH-6802,ACTIVE,2020-01-01,9999-12-31
EMP000650,Git,GH-1693,ACTIVE,2020-01-01,9999-12-31
EMP000651,Git,GH-8532,ACTIVE,2020-01-01,9999-12-31
EMP000652,Git,GH-6129,ACTIVE,2020-01-01,9999-12-31
EMP000653,Git,GH-7626,ACTIVE,2020-01-01,9999-12-31
EMP000654,Git,GH-7843,ACTIVE,2020-01-01,9999-12-31
EMP000657,Git,GH-8538,ACTIVE,2020-01-01,9999-12-31
EMP000658,Git,GH-6928,ACTIVE,2020-01-01,9999-12-31
EMP000660,Git,GH-4986,ACTIVE,2020-01-01,9999-12-31
EMP000661,Git,GH-7560,ACTIVE,2020-01-01,9999-12-31
EMP000662,Git,GH-7484,ACTIVE,2020-01-01,9999-12-31
EMP000663,Git,GH-6562,ACTIVE,2020-01-01,9999-12-31
EMP000664,Git,GH-3754,ACTIVE,2020-01-01,9999-12-31
EMP000666,Git,GH-9693,ACTIVE,2020-01-01,9999-12-31
EMP000668,Git,GH-3419,ACTIVE,2020-01-01,9999-12-31
EMP000342,Git,GH-3399,ACTIVE,2020-01-01,9999-12-31
EMP000670,Git,GH-3842,ACTIVE,2020-01-01,9999-12-31
EMP000671,Git,GH-2234,ACTIVE,2020-01-01,9999-12-31
EMP000672,Git,GH-9095,ACTIVE,2020-01-01,9999-12-31
EMP000673,Git,GH-8354,ACTIVE,2020-01-01,9999-12-31
EMP000674,Git,GH-6295,ACTIVE,2020-01-01,9999-12-31
EMP000675,Git,GH-6179,ACTIVE,2020-01-01,9999-12-31
EMP000676,Git,GH-2118,ACTIVE,2020-01-01,9999-12-31
EMP000677,Git,GH-5961,ACTIVE,2020-01-01,9999-12-31
EMP000678,Git,GH-1920,ACTIVE,2020-01-01,9999-12-31
EMP000679,Git,GH-2215,ACTIVE,2020-01-01,9999-12-31
EMP000680,Git,GH-8404,ACTIVE,2020-01-01,9999-12-31
EMP000682,Git,GH-5703,ACTIVE,2020-01-01,9999-12-31
EMP000684,Git,GH-2479,ACTIVE,2020-01-01,9999-12-31
EMP000685,Git,GH-9307,ACTIVE,2020-01-01,9999-12-31
EMP000686,Git,GH-1672,ACTIVE,2020-01-01,9999-12-31
EMP000687,Git,GH-4084,ACTIVE,2020-01-01,9999-12-31
EMP000689,Git,GH-2013,ACTIVE,2020-01-01,9999-12-31
EMP000690,Git,GH-6626,ACTIVE,2020-01-01,9999-12-31
EMP000691,Git,GH-2381,ACTIVE,2020-01-01,9999-12-31
EMP000692,Git,GH-3827,ACTIVE,2020-01-01,9999-12-31
EMP000694,Git,GH-8199,ACTIVE,2020-01-01,9999-12-31
EMP000695,Git,GH-3600,ACTIVE,2020-01-01,9999-12-31
EMP000697,Git,GH-6543,ACTIVE,2020-01-01,9999-12-31
EMP000698,Git,GH-1857,ACTIVE,2020-01-01,9999-12-31
EMP000699,Git,GH-6482,ACTIVE,2020-01-01,9999-12-31
EMP000702,Git,GH-5655,ACTIVE,2020-01-01,9999-12-31
EMP000703,Git,GH-3463,ACTIVE,2020-01-01,9999-12-31
EMP000704,Git,GH-3317,ACTIVE,2020-01-01,9999-12-31
EMP000705,Git,GH-6082,ACTIVE,2020-01-01,9999-12-31
EMP000706,Git,GH-7421,ACTIVE,2020-01-01,9999-12-31
EMP000707,Git,GH-2388,ACTIVE,2020-01-01,9999-12-31
EMP000708,Git,GH-7171,ACTIVE,2020-01-01,9999-12-31
EMP000709,Git,GH-6381,ACTIVE,2020-01-01,9999-12-31
EMP000710,Git,GH-9624,ACTIVE,2020-01-01,9999-12-31
EMP000712,Git,GH-9331,ACTIVE,2020-01-01,9999-12-31
EMP000713,Git,GH-6940,ACTIVE,2020-01-01,9999-12-31
EMP000714,Git,GH-4509,ACTIVE,2020-01-01,9999-12-31
EMP000715,Git,GH-8967,ACTIVE,2020-01-01,9999-12-31
EMP000716,Git,GH-3253,ACTIVE,2020-01-01,9999-12-31
EMP000717,Git,GH-5846,ACTIVE,2020-01-01,9999-12-31
EMP000718,Git,GH-2657,ACTIVE,2020-01-01,9999-12-31
EMP000719,Git,GH-9843,ACTIVE,2020-01-01,9999-12-31
EMP000720,Git,GH-9626,ACTIVE,2020-01-01,9999-12-31
EMP000722,Git,GH-3147,ACTIVE,2020-01-01,9999-12-31
EMP000724,Git,GH-3712,ACTIVE,2020-01-01,9999-12-31
EMP000725,Git,GH-1715,ACTIVE,2020-01-01,9999-12-31
EMP000726,Git,GH-4891,ACTIVE,2020-01-01,9999-12-31
EMP000727,Git,GH-5668,ACTIVE,2020-01-01,9999-12-31
EMP000728,Git,GH-8355,ACTIVE,2020-01-01,9999-12-31
EMP000729,Git,GH-4918,ACTIVE,2020-01-01,9999-12-31
EMP000730,Git,GH-8684,ACTIVE,2020-01-01,9999-12-31
EMP000731,Git,GH-4178,ACTIVE,2020-01-01,9999-12-31
EMP000732,Git,GH-8218,ACTIVE,2020-01-01,9999-12-31
EMP000733,Git,GH-5616,ACTIVE,2020-01-01,9999-12-31
EMP000734,Git,GH-9239,ACTIVE,2020-01-01,9999-12-31
EMP000735,Git,GH-3655,ACTIVE,2020-01-01,9999-12-31
EMP000736,Git,GH-3267,ACTIVE,2020-01-01,9999-12-31
EMP000737,Git,GH-1854,ACTIVE,2020-01-01,9999-12-31
EMP000738,Git,GH-7081,ACTIVE,2020-01-01,9999-12-31
EMP000739,Git,GH-2680,ACTIVE,2020-01-01,9999-12-31
EMP000740,Git,GH-9452,ACTIVE,2020-01-01,9999-12-31
EMP000741,Git,GH-5670,ACTIVE,2020-01-01,9999-12-31
EMP000743,Git,GH-8361,ACTIVE,2020-01-01,9999-12-31
EMP000744,Git,GH-3414,ACTIVE,2020-01-01,9999-12-31
EMP000745,Git,GH-2502,ACTIVE,2020-01-01,9999-12-31
EMP000746,Git,GH-4637,ACTIVE,2020-01-01,9999-12-31
EMP000747,Git,GH-6727,ACTIVE,2020-01-01,9999-12-31
EMP000748,Git,GH-7797,ACTIVE,2020-01-01,9999-12-31
EMP000750,Git,GH-4862,ACTIVE,2020-01-01,9999-12-31
EMP000751,Git,GH-2337,ACTIVE,2020-01-01,9999-12-31
EMP000752,Git,GH-1461,ACTIVE,2020-01-01,9999-12-31
EMP000753,Git,GH-2623,ACTIVE,2020-01-01,9999-12-31
EMP000754,Git,GH-6493,ACTIVE,2020-01-01,9999-12-31
EMP000755,Git,GH-3254,ACTIVE,2020-01-01,9999-12-31
EMP000757,Git,GH-8740,ACTIVE,2020-01-01,9999-12-31
EMP000759,Git,GH-8685,ACTIVE,2020-01-01,9999-12-31
EMP000760,Git,GH-1086,ACTIVE,2020-01-01,9999-12-31
EMP000761,Git,GH-1311,ACTIVE,2020-01-01,9999-12-31
EMP000762,Git,GH-3449,ACTIVE,2020-01-01,9999-12-31
EMP000763,Git,GH-9647,ACTIVE,2020-01-01,9999-12-31
EMP000764,Git,GH-5720,ACTIVE,2020-01-01,9999-12-31
EMP000765,Git,GH-2996,ACTIVE,2020-01-01,9999-12-31
EMP000767,Git,GH-8489,ACTIVE,2020-01-01,9999-12-31
EMP000769,Git,GH-9189,ACTIVE,2020-01-01,9999-12-31
EMP000770,Git,GH-1269,ACTIVE,2020-01-01,9999-12-31
EMP000771,Git,GH-4963,ACTIVE,2020-01-01,9999-12-31
EMP000772,Git,GH-5772,ACTIVE,2020-01-01,9999-12-31
EMP000773,Git,GH-6780,ACTIVE,2020-01-01,9999-12-31
EMP000774,Git,GH-7825,ACTIVE,2020-01-01,9999-12-31
EMP000776,Git,GH-6908,ACTIVE,2020-01-01,9999-12-31
EMP000778,Git,GH-9312,ACTIVE,2020-01-01,9999-12-31
EMP000779,Git,GH-9316,ACTIVE,2020-01-01,9999-12-31
EMP000781,Git,GH-1713,ACTIVE,2020-01-01,9999-12-31
EMP000782,Git,GH-7116,ACTIVE,2020-01-01,9999-12-31
EMP000783,Git,GH-1266,ACTIVE,2020-01-01,9999-12-31
EMP000784,Git,GH-2106,ACTIVE,2020-01-01,9999-12-31
EMP000785,Git,GH-2698,ACTIVE,2020-01-01,9999-12-31
EMP000786,Git,GH-6447,ACTIVE,2020-01-01,9999-12-31
EMP000787,Git,GH-6772,ACTIVE,2020-01-01,9999-12-31
EMP000788,Git,GH-3868,ACTIVE,2020-01-01,9999-12-31
EMP000789,Git,GH-8612,ACTIVE,2020-01-01,9999-12-31
EMP000790,Git,GH-8840,ACTIVE,2020-01-01,9999-12-31
EMP000791,Git,GH-3209,ACTIVE,2020-01-01,9999-12-31
EMP000793,Git,GH-8498,ACTIVE,2020-01-01,9999-12-31
EMP000795,Git,GH-4268,ACTIVE,2020-01-01,9999-12-31
EMP000796,Git,GH-6170,ACTIVE,2020-01-01,9999-12-31
EMP000797,Git,GH-9444,ACTIVE,2020-01-01,9999-12-31
EMP000798,Git,GH-9897,ACTIVE,2020-01-01,9999-12-31
EMP000799,Git,GH-1599,ACTIVE,2020-01-01,9999-12-31
EMP000800,Git,GH-4131,ACTIVE,2020-01-01,9999-12-31
EMP000801,Git,GH-1783,ACTIVE,2020-01-01,9999-12-31
EMP000802,Git,GH-6438,ACTIVE,2020-01-01,9999-12-31
EMP000803,Git,GH-7029,ACTIVE,2020-01-01,9999-12-31
EMP000804,Git,GH-7553,ACTIVE,2020-01-01,9999-12-31
EMP000805,Git,GH-7334,ACTIVE,2020-01-01,9999-12-31
EMP000806,Git,GH-4060,ACTIVE,2020-01-01,9999-12-31
EMP000807,Git,GH-9151,ACTIVE,2020-01-01,9999-12-31
EMP000808,Git,GH-9507,ACTIVE,2020-01-01,9999-12-31
EMP000809,Git,GH-2353,ACTIVE,2020-01-01,9999-12-31
EMP000810,Git,GH-2293,ACTIVE,2020-01-01,9999-12-31
EMP000811,Git,GH-3956,ACTIVE,2020-01-01,9999-12-31
EMP000812,Git,GH-6262,ACTIVE,2020-01-01,9999-12-31
EMP000814,Git,GH-6021,ACTIVE,2020-01-01,9999-12-31
EMP000815,Git,GH-7981,ACTIVE,2020-01-01,9999-12-31
EMP000816,Git,GH-8272,ACTIVE,2020-01-01,9999-12-31
EMP000817,Git,GH-1693,ACTIVE,2020-01-01,9999-12-31
EMP000818,Git,GH-6776,ACTIVE,2020-01-01,9999-12-31
EMP000819,Git,GH-8126,ACTIVE,2020-01-01,9999-12-31
EMP000820,Git,GH-1939,ACTIVE,2020-01-01,9999-12-31
EMP000822,Git,GH-6952,ACTIVE,2020-01-01,9999-12-31
EMP000823,Git,GH-3621,ACTIVE,2020-01-01,9999-12-31
EMP000824,Git,GH-3339,ACTIVE,2020-01-01,9999-12-31
EMP000828,Git,GH-7001,ACTIVE,2020-01-01,9999-12-31
EMP000829,Git,GH-1530,ACTIVE,2020-01-01,9999-12-31
EMP000830,Git,GH-8371,ACTIVE,2020-01-01,9999-12-31
EMP000831,Git,GH-7095,ACTIVE,2020-01-01,9999-12-31
EMP000832,Git,GH-2259,ACTIVE,2020-01-01,9999-12-31
EMP000833,Git,GH-9674,ACTIVE,2020-01-01,9999-12-31
EMP000835,Git,GH-5089,ACTIVE,2020-01-01,9999-12-31
EMP000836,Git,GH-1424,ACTIVE,2020-01-01,9999-12-31
EMP000837,Git,GH-9176,ACTIVE,2020-01-01,9999-12-31
EMP000838,Git,GH-2929,ACTIVE,2020-01-01,9999-12-31
EMP000839,Git,GH-5264,ACTIVE,2020-01-01,9999-12-31
EMP000840,Git,GH-4515,ACTIVE,2020-01-01,9999-12-31
EMP000841,Git,GH-5678,ACTIVE,2020-01-01,9999-12-31
EMP000842,Git,GH-9047,ACTIVE,2020-01-01,9999-12-31
EMP000843,Git,GH-3223,ACTIVE,2020-01-01,9999-12-31
EMP000844,Git,GH-8406,ACTIVE,2020-01-01,9999-12-31
EMP000845,Git,GH-8292,ACTIVE,2020-01-01,9999-12-31
EMP000846,Git,GH-6236,ACTIVE,2020-01-01,9999-12-31
EMP000847,Git,GH-2063,ACTIVE,2020-01-01,9999-12-31
EMP000849,Git,GH-3580,ACTIVE,2020-01-01,9999-12-31
EMP000850,Git,GH-3852,ACTIVE,2020-01-01,9999-12-31
EMP000851,Git,GH-9335,ACTIVE,2020-01-01,9999-12-31
EMP000852,Git,GH-4292,ACTIVE,2020-01-01,9999-12-31
EMP000853,Git,GH-4878,ACTIVE,2020-01-01,9999-12-31
EMP000854,Git,GH-1430,ACTIVE,2020-01-01,9999-12-31
EMP000855,Git,GH-7044,ACTIVE,2020-01-01,9999-12-31
EMP000856,Git,GH-3126,ACTIVE,2020-01-01,9999-12-31
EMP000857,Git,GH-2412,ACTIVE,2020-01-01,9999-12-31
EMP000859,Git,GH-8842,ACTIVE,2020-01-01,9999-12-31
EMP000860,Git,GH-7708,ACTIVE,2020-01-01,9999-12-31
EMP000861,Git,GH-2208,ACTIVE,2020-01-01,9999-12-31
EMP000862,Git,GH-6194,ACTIVE,2020-01-01,9999-12-31
EMP000863,Git,GH-8372,ACTIVE,2020-01-01,9999-12-31
EMP000864,Git,GH-9476,ACTIVE,2020-01-01,9999-12-31
EMP000865,Git,GH-3981,ACTIVE,2020-01-01,9999-12-31
EMP000866,Git,GH-3114,ACTIVE,2020-01-01,9999-12-31
EMP000867,Git,GH-1907,ACTIVE,2020-01-01,9999-12-31
EMP000868,Git,GH-9488,ACTIVE,2020-01-01,9999-12-31
EMP000869,Git,GH-3697,ACTIVE,2020-01-01,9999-12-31
EMP000870,Git,GH-4694,ACTIVE,2020-01-01,9999-12-31
EMP000871,Git,GH-9501,ACTIVE,2020-01-01,9999-12-31
EMP000872,Git,GH-2292,ACTIVE,2020-01-01,9999-12-31
EMP000873,Git,GH-5496,ACTIVE,2020-01-01,9999-12-31
EMP000874,Git,GH-5961,ACTIVE,2020-01-01,9999-12-31
EMP000875,Git,GH-2530,ACTIVE,2020-01-01,9999-12-31
EMP000876,Git,GH-3762,ACTIVE,2020-01-01,9999-12-31
EMP000877,Git,GH-3526,ACTIVE,2020-01-01,9999-12-31
EMP000878,Git,GH-6531,ACTIVE,2020-01-01,9999-12-31
EMP000879,Git,GH-1674,ACTIVE,2020-01-01,9999-12-31
EMP000880,Git,GH-1464,ACTIVE,2020-01-01,9999-12-31
EMP000882,Git,GH-5336,ACTIVE,2020-01-01,9999-12-31
EMP000883,Git,GH-7825,ACTIVE,2020-01-01,9999-12-31
EMP000884,Git,GH-1496,ACTIVE,2020-01-01,9999-12-31
EMP000885,Git,GH-9938,ACTIVE,2020-01-01,9999-12-31
EMP000886,Git,GH-5949,ACTIVE,2020-01-01,9999-12-31
EMP000887,Git,GH-7653,ACTIVE,2020-01-01,9999-12-31
EMP000888,Git,GH-2195,ACTIVE,2020-01-01,9999-12-31
EMP000889,Git,GH-3589,ACTIVE,2020-01-01,9999-12-31
EMP000891,Git,GH-6573,ACTIVE,2020-01-01,9999-12-31
EMP000892,Git,GH-6121,ACTIVE,2020-01-01,9999-12-31
EMP000893,Git,GH-6231,ACTIVE,2020-01-01,9999-12-31
EMP000894,Git,GH-6658,ACTIVE,2020-01-01,9999-12-31
EMP000895,Git,GH-3142,ACTIVE,2020-01-01,9999-12-31
EMP000896,Git,GH-9437,ACTIVE,2020-01-01,9999-12-31
EMP000897,Git,GH-6228,ACTIVE,2020-01-01,9999-12-31
EMP000898,Git,GH-3007,ACTIVE,2020-01-01,9999-12-31
EMP000899,Git,GH-5061,ACTIVE,2020-01-01,9999-12-31
EMP000900,Git,GH-1829,ACTIVE,2020-01-01,9999-12-31
EMP000901,Git,GH-7293,ACTIVE,2020-01-01,9999-12-31
EMP000902,Git,GH-7850,ACTIVE,2020-01-01,9999-12-31
EMP000903,Git,GH-3616,ACTIVE,2020-01-01,9999-12-31
EMP000906,Git,GH-9433,ACTIVE,2020-01-01,9999-12-31
EMP000907,Git,GH-6055,ACTIVE,2020-01-01,9999-12-31
EMP000908,Git,GH-2475,ACTIVE,2020-01-01,9999-12-31
EMP000909,Git,GH-9281,ACTIVE,2020-01-01,9999-12-31
EMP000910,Git,GH-4944,ACTIVE,2020-01-01,9999-12-31
EMP000911,Git,GH-6781,ACTIVE,2020-01-01,9999-12-31
EMP000913,Git,GH-8710,ACTIVE,2020-01-01,9999-12-31
EMP000914,Git,GH-1133,ACTIVE,2020-01-01,9999-12-31
EMP000915,Git,GH-8060,ACTIVE,2020-01-01,9999-12-31
EMP000916,Git,GH-5333,ACTIVE,2020-01-01,9999-12-31
EMP000917,Git,GH-7606,ACTIVE,2020-01-01,9999-12-31
EMP000918,Git,GH-7563,ACTIVE,2020-01-01,9999-12-31
EMP000920,Git,GH-6939,ACTIVE,2020-01-01,9999-12-31
EMP000921,Git,GH-2204,ACTIVE,2020-01-01,9999-12-31
EMP000922,Git,GH-8378,ACTIVE,2020-01-01,9999-12-31
EMP000923,Git,GH-5582,ACTIVE,2020-01-01,9999-12-31
EMP000924,Git,GH-2946,ACTIVE,2020-01-01,9999-12-31
EMP000925,Git,GH-2584,ACTIVE,2020-01-01,9999-12-31
EMP000926,Git,GH-6555,ACTIVE,2020-01-01,9999-12-31
EMP000927,Git,GH-6990,ACTIVE,2020-01-01,9999-12-31
EMP000928,Git,GH-4261,ACTIVE,2020-01-01,9999-12-31
EMP000929,Git,GH-7576,ACTIVE,2020-01-01,9999-12-31
EMP000932,Git,GH-8761,ACTIVE,2020-01-01,9999-12-31
EMP000933,Git,GH-3440,ACTIVE,2020-01-01,9999-12-31
EMP000934,Git,GH-9446,ACTIVE,2020-01-01,9999-12-31
EMP000935,Git,GH-6218,ACTIVE,2020-01-01,9999-12-31
EMP000936,Git,GH-5902,ACTIVE,2020-01-01,9999-12-31
EMP000937,Git,GH-9311,ACTIVE,2020-01-01,9999-12-31
EMP000938,Git,GH-9721,ACTIVE,2020-01-01,9999-12-31
EMP000939,Git,GH-5911,ACTIVE,2020-01-01,9999-12-31
EMP000940,Git,GH-1272,ACTIVE,2020-01-01,9999-12-31
EMP000941,Git,GH-2795,ACTIVE,2020-01-01,9999-12-31
EMP000942,Git,GH-6040,ACTIVE,2020-01-01,9999-12-31
EMP000943,Git,GH-1436,ACTIVE,2020-01-01,9999-12-31
EMP000944,Git,GH-5350,ACTIVE,2020-01-01,9999-12-31
EMP000130,Git,GH-4728,ACTIVE,2020-01-01,9999-12-31
EMP000946,Git,GH-8871,ACTIVE,2020-01-01,9999-12-31
EMP000948,Git,GH-4968,ACTIVE,2020-01-01,9999-12-31
EMP000950,Git,GH-2800,ACTIVE,2020-01-01,9999-12-31
EMP000951,Git,GH-8225,ACTIVE,2020-01-01,9999-12-31
EMP000952,Git,GH-3481,ACTIVE,2020-01-01,9999-12-31
EMP000953,Git,GH-4340,ACTIVE,2020-01-01,9999-12-31
EMP000954,Git,GH-8726,ACTIVE,2020-01-01,9999-12-31
EMP000955,Git,GH-2020,ACTIVE,2020-01-01,9999-12-31
EMP000956,Git,GH-9498,ACTIVE,2020-01-01,9999-12-31
EMP000957,Git,GH-6325,ACTIVE,2020-01-01,9999-12-31
EMP000958,Git,GH-8837,ACTIVE,2020-01-01,9999-12-31
EMP000959,Git,GH-6140,ACTIVE,2020-01-01,9999-12-31
EMP000960,Git,GH-8531,ACTIVE,2020-01-01,9999-12-31
EMP000961,Git,GH-6608,ACTIVE,2020-01-01,9999-12-31
EMP000962,Git,GH-5331,ACTIVE,2020-01-01,9999-12-31
EMP000963,Git,GH-4150,ACTIVE,2020-01-01,9999-12-31
EMP000964,Git,GH-5571,ACTIVE,2020-01-01,9999-12-31
EMP000965,Git,GH-4684,ACTIVE,2020-01-01,9999-12-31
EMP000966,Git,GH-5876,ACTIVE,2020-01-01,9999-12-31
EMP000399,Git,GH-4396,ACTIVE,2020-01-01,9999-12-31
EMP000968,Git,GH-9011,ACTIVE,2020-01-01,9999-12-31
EMP000969,Git,GH-6714,ACTIVE,2020-01-01,9999-12-31
EMP000970,Git,GH-5480,ACTIVE,2020-01-01,9999-12-31
EMP000971,Git,GH-9899,ACTIVE,2020-01-01,9999-12-31
EMP000972,Git,GH-7464,ACTIVE,2020-01-01,9999-12-31
EMP000973,Git,GH-3399,ACTIVE,2020-01-01,9999-12-31
EMP000974,Git,GH-5712,ACTIVE,2020-01-01,9999-12-31
EMP000975,Git,GH-2294,ACTIVE,2020-01-01,9999-12-31
EMP000976,Git,GH-8247,ACTIVE,2020-01-01,9999-12-31
EMP000977,Git,GH-8849,ACTIVE,2020-01-01,9999-12-31
EMP000978,Git,GH-9824,ACTIVE,2020-01-01,9999-12-31
EMP000979,Git,GH-5450,ACTIVE,2020-01-01,9999-12-31
EMP000980,Git,GH-4920,ACTIVE,2020-01-01,9999-12-31
EMP000981,Git,GH-9700,ACTIVE,2020-01-01,9999-12-31
EMP000982,Git,GH-4814,ACTIVE,2020-01-01,9999-12-31
EMP000984,Git,GH-8739,ACTIVE,2020-01-01,9999-12-31
EMP000985,Git,GH-3252,ACTIVE,2020-01-01,9999-12-31
EMP000987,Git,GH-3587,ACTIVE,2020-01-01,9999-12-31
EMP000988,Git,GH-8793,ACTIVE,2020-01-01,9999-12-31
EMP000989,Git,GH-4267,ACTIVE,2020-01-01,9999-12-31
EMP000990,Git,GH-5706,ACTIVE,2020-01-01,9999-12-31
EMP000991,Git,GH-1969,ACTIVE,2020-01-01,9999-12-31
EMP000992,Git,GH-2465,ACTIVE,2020-01-01,9999-12-31
EMP000994,Git,GH-1611,ACTIVE,2020-01-01,9999-12-31
EMP000995,Git,GH-3868,ACTIVE,2020-01-01,9999-12-31
EMP000996,Git,GH-3880,ACTIVE,2020-01-01,9999-12-31
EMP000997,Git,GH-1595,ACTIVE,2020-01-01,9999-12-31
EMP000998,Git,GH-7504,ACTIVE,2020-01-01,9999-12-31
EMP000999,Git,GH-4052,ACTIVE,2020-01-01,9999-12-31
EMP001000,Git,GH-5742,ACTIVE,2020-01-01,9999-12-31
